[2026-09-10T07:01:43.629+0000] {processor.py:161} INFO - Started process (PID=185) to work on /opt/airflow/dags/steam_analytics.py
[2026-09-10T07:01:43.630+0000] {processor.py:830} INFO - Processing file /opt/airflow/dags/steam_analytics.py for tasks to queue
[2026-09-10T07:01:43.632+0000] {logging_mixin.py:188} INFO - [2026-09-10T07:01:43.632+0000] {dagbag.py:545} INFO - Filling up the DagBag from /opt/airflow/dags/steam_analytics.py
[2026-09-10T07:01:44.002+0000] {processor.py:840} INFO - DAG(s) 'steam_analytics_daily' retrieved from /opt/airflow/dags/steam_analytics.py
[2026-09-10T07:01:44.218+0000] {logging_mixin.py:188} INFO - [2026-09-10T07:01:44.218+0000] {dag.py:3089} INFO - Sync 1 DAGs
[2026-09-10T07:01:44.253+0000] {logging_mixin.py:188} INFO - [2026-09-10T07:01:44.252+0000] {dag.py:3947} INFO - Setting next_dagrun for steam_analytics_daily to 2026-09-09 02:00:00+00:00, run_after=2026-09-10 02:00:00+00:00
[2026-09-10T07:01:44.286+0000] {processor.py:183} INFO - Processing /opt/airflow/dags/steam_analytics.py took 0.665 seconds
[2026-09-10T07:02:14.482+0000] {processor.py:161} INFO - Started process (PID=200) to work on /opt/airflow/dags/steam_analytics.py
[2026-09-10T07:02:14.483+0000] {processor.py:830} INFO - Processing file /opt/airflow/dags/steam_analytics.py for tasks to queue
[2026-09-10T07:02:14.485+0000] {logging_mixin.py:188} INFO - [2026-09-10T07:02:14.485+0000] {dagbag.py:545} INFO - Filling up the DagBag from /opt/airflow/dags/steam_analytics.py
[2026-09-10T07:02:14.695+0000] {processor.py:840} INFO - DAG(s) 'steam_analytics_daily' retrieved from /opt/airflow/dags/steam_analytics.py
[2026-09-10T07:02:14.732+0000] {logging_mixin.py:188} INFO - [2026-09-10T07:02:14.731+0000] {dag.py:3089} INFO - Sync 1 DAGs
[2026-09-10T07:02:14.760+0000] {logging_mixin.py:188} INFO - [2026-09-10T07:02:14.759+0000] {dag.py:3947} INFO - Setting next_dagrun for steam_analytics_daily to 2026-09-10 02:00:00+00:00, run_after=2026-09-11 02:00:00+00:00
[2026-09-10T07:02:14.783+0000] {processor.py:183} INFO - Processing /opt/airflow/dags/steam_analytics.py took 0.305 seconds
[2026-09-10T07:02:44.919+0000] {processor.py:161} INFO - Started process (PID=205) to work on /opt/airflow/dags/steam_analytics.py
[2026-09-10T07:02:44.920+0000] {processor.py:830} INFO - Processing file /opt/airflow/dags/steam_analytics.py for tasks to queue
[2026-09-10T07:02:44.921+0000] {logging_mixin.py:188} INFO - [2026-09-10T07:02:44.921+0000] {dagbag.py:545} INFO - Filling up the DagBag from /opt/airflow/dags/steam_analytics.py
[2026-09-10T07:02:45.089+0000] {processor.py:840} INFO - DAG(s) 'steam_analytics_daily' retrieved from /opt/airflow/dags/steam_analytics.py
[2026-09-10T07:02:45.113+0000] {logging_mixin.py:188} INFO - [2026-09-10T07:02:45.113+0000] {dag.py:3089} INFO - Sync 1 DAGs
[2026-09-10T07:02:45.132+0000] {logging_mixin.py:188} INFO - [2026-09-10T07:02:45.132+0000] {dag.py:3947} INFO - Setting next_dagrun for steam_analytics_daily to 2026-09-10 02:00:00+00:00, run_after=2026-09-11 02:00:00+00:00
[2026-09-10T07:02:45.146+0000] {processor.py:183} INFO - Processing /opt/airflow/dags/steam_analytics.py took 0.231 seconds
[2026-09-10T07:03:15.227+0000] {processor.py:161} INFO - Started process (PID=210) to work on /opt/airflow/dags/steam_analytics.py
[2026-09-10T07:03:15.228+0000] {processor.py:830} INFO - Processing file /opt/airflow/dags/steam_analytics.py for tasks to queue
[2026-09-10T07:03:15.229+0000] {logging_mixin.py:188} INFO - [2026-09-10T07:03:15.229+0000] {dagbag.py:545} INFO - Filling up the DagBag from /opt/airflow/dags/steam_analytics.py
[2026-09-10T07:03:15.355+0000] {processor.py:840} INFO - DAG(s) 'steam_analytics_daily' retrieved from /opt/airflow/dags/steam_analytics.py
[2026-09-10T07:03:15.379+0000] {logging_mixin.py:188} INFO - [2026-09-10T07:03:15.379+0000] {dag.py:3089} INFO - Sync 1 DAGs
[2026-09-10T07:03:15.397+0000] {logging_mixin.py:188} INFO - [2026-09-10T07:03:15.397+0000] {dag.py:3947} INFO - Setting next_dagrun for steam_analytics_daily to 2026-09-10 02:00:00+00:00, run_after=2026-09-11 02:00:00+00:00
[2026-09-10T07:03:15.412+0000] {processor.py:183} INFO - Processing /opt/airflow/dags/steam_analytics.py took 0.189 seconds
[2026-09-10T07:03:45.528+0000] {processor.py:161} INFO - Started process (PID=217) to work on /opt/airflow/dags/steam_analytics.py
[2026-09-10T07:03:45.528+0000] {processor.py:830} INFO - Processing file /opt/airflow/dags/steam_analytics.py for tasks to queue
[2026-09-10T07:03:45.530+0000] {logging_mixin.py:188} INFO - [2026-09-10T07:03:45.530+0000] {dagbag.py:545} INFO - Filling up the DagBag from /opt/airflow/dags/steam_analytics.py
[2026-09-10T07:03:45.671+0000] {processor.py:840} INFO - DAG(s) 'steam_analytics_daily' retrieved from /opt/airflow/dags/steam_analytics.py
[2026-09-10T07:03:45.697+0000] {logging_mixin.py:188} INFO - [2026-09-10T07:03:45.697+0000] {dag.py:3089} INFO - Sync 1 DAGs
[2026-09-10T07:03:45.720+0000] {logging_mixin.py:188} INFO - [2026-09-10T07:03:45.720+0000] {dag.py:3947} INFO - Setting next_dagrun for steam_analytics_daily to 2026-09-10 02:00:00+00:00, run_after=2026-09-11 02:00:00+00:00
[2026-09-10T07:03:45.737+0000] {processor.py:183} INFO - Processing /opt/airflow/dags/steam_analytics.py took 0.214 seconds
[2026-09-10T07:04:15.863+0000] {processor.py:161} INFO - Started process (PID=222) to work on /opt/airflow/dags/steam_analytics.py
[2026-09-10T07:04:15.864+0000] {processor.py:830} INFO - Processing file /opt/airflow/dags/steam_analytics.py for tasks to queue
[2026-09-10T07:04:15.865+0000] {logging_mixin.py:188} INFO - [2026-09-10T07:04:15.865+0000] {dagbag.py:545} INFO - Filling up the DagBag from /opt/airflow/dags/steam_analytics.py
[2026-09-10T07:04:15.998+0000] {processor.py:840} INFO - DAG(s) 'steam_analytics_daily' retrieved from /opt/airflow/dags/steam_analytics.py
[2026-09-10T07:04:16.024+0000] {logging_mixin.py:188} INFO - [2026-09-10T07:04:16.023+0000] {dag.py:3089} INFO - Sync 1 DAGs
[2026-09-10T07:04:16.042+0000] {logging_mixin.py:188} INFO - [2026-09-10T07:04:16.042+0000] {dag.py:3947} INFO - Setting next_dagrun for steam_analytics_daily to 2026-09-10 02:00:00+00:00, run_after=2026-09-11 02:00:00+00:00
[2026-09-10T07:04:16.057+0000] {processor.py:183} INFO - Processing /opt/airflow/dags/steam_analytics.py took 0.199 seconds
[2026-09-10T07:04:46.186+0000] {processor.py:161} INFO - Started process (PID=227) to work on /opt/airflow/dags/steam_analytics.py
[2026-09-10T07:04:46.187+0000] {processor.py:830} INFO - Processing file /opt/airflow/dags/steam_analytics.py for tasks to queue
[2026-09-10T07:04:46.188+0000] {logging_mixin.py:188} INFO - [2026-09-10T07:04:46.188+0000] {dagbag.py:545} INFO - Filling up the DagBag from /opt/airflow/dags/steam_analytics.py
[2026-09-10T07:04:46.326+0000] {processor.py:840} INFO - DAG(s) 'steam_analytics_daily' retrieved from /opt/airflow/dags/steam_analytics.py
[2026-09-10T07:04:46.348+0000] {logging_mixin.py:188} INFO - [2026-09-10T07:04:46.348+0000] {dag.py:3089} INFO - Sync 1 DAGs
[2026-09-10T07:04:46.366+0000] {logging_mixin.py:188} INFO - [2026-09-10T07:04:46.366+0000] {dag.py:3947} INFO - Setting next_dagrun for steam_analytics_daily to 2026-09-10 02:00:00+00:00, run_after=2026-09-11 02:00:00+00:00
[2026-09-10T07:04:46.382+0000] {processor.py:183} INFO - Processing /opt/airflow/dags/steam_analytics.py took 0.200 seconds
[2026-09-10T07:05:16.508+0000] {processor.py:161} INFO - Started process (PID=232) to work on /opt/airflow/dags/steam_analytics.py
[2026-09-10T07:05:16.509+0000] {processor.py:830} INFO - Processing file /opt/airflow/dags/steam_analytics.py for tasks to queue
[2026-09-10T07:05:16.510+0000] {logging_mixin.py:188} INFO - [2026-09-10T07:05:16.510+0000] {dagbag.py:545} INFO - Filling up the DagBag from /opt/airflow/dags/steam_analytics.py
[2026-09-10T07:05:16.646+0000] {processor.py:840} INFO - DAG(s) 'steam_analytics_daily' retrieved from /opt/airflow/dags/steam_analytics.py
[2026-09-10T07:05:16.670+0000] {logging_mixin.py:188} INFO - [2026-09-10T07:05:16.670+0000] {dag.py:3089} INFO - Sync 1 DAGs
[2026-09-10T07:05:16.691+0000] {logging_mixin.py:188} INFO - [2026-09-10T07:05:16.691+0000] {dag.py:3947} INFO - Setting next_dagrun for steam_analytics_daily to 2026-09-10 02:00:00+00:00, run_after=2026-09-11 02:00:00+00:00
[2026-09-10T07:05:16.705+0000] {processor.py:183} INFO - Processing /opt/airflow/dags/steam_analytics.py took 0.201 seconds
[2026-09-10T07:05:46.830+0000] {processor.py:161} INFO - Started process (PID=245) to work on /opt/airflow/dags/steam_analytics.py
[2026-09-10T07:05:46.831+0000] {processor.py:830} INFO - Processing file /opt/airflow/dags/steam_analytics.py for tasks to queue
[2026-09-10T07:05:46.833+0000] {logging_mixin.py:188} INFO - [2026-09-10T07:05:46.833+0000] {dagbag.py:545} INFO - Filling up the DagBag from /opt/airflow/dags/steam_analytics.py
[2026-09-10T07:05:47.000+0000] {processor.py:840} INFO - DAG(s) 'steam_analytics_daily' retrieved from /opt/airflow/dags/steam_analytics.py
[2026-09-10T07:05:47.032+0000] {logging_mixin.py:188} INFO - [2026-09-10T07:05:47.032+0000] {dag.py:3089} INFO - Sync 1 DAGs
[2026-09-10T07:05:47.056+0000] {logging_mixin.py:188} INFO - [2026-09-10T07:05:47.056+0000] {dag.py:3947} INFO - Setting next_dagrun for steam_analytics_daily to 2026-09-10 02:00:00+00:00, run_after=2026-09-11 02:00:00+00:00
[2026-09-10T07:05:47.079+0000] {processor.py:183} INFO - Processing /opt/airflow/dags/steam_analytics.py took 0.255 seconds
[2026-09-10T07:06:17.205+0000] {processor.py:161} INFO - Started process (PID=250) to work on /opt/airflow/dags/steam_analytics.py
[2026-09-10T07:06:17.206+0000] {processor.py:830} INFO - Processing file /opt/airflow/dags/steam_analytics.py for tasks to queue
[2026-09-10T07:06:17.207+0000] {logging_mixin.py:188} INFO - [2026-09-10T07:06:17.207+0000] {dagbag.py:545} INFO - Filling up the DagBag from /opt/airflow/dags/steam_analytics.py
[2026-09-10T07:06:17.342+0000] {processor.py:840} INFO - DAG(s) 'steam_analytics_daily' retrieved from /opt/airflow/dags/steam_analytics.py
[2026-09-10T07:06:17.369+0000] {logging_mixin.py:188} INFO - [2026-09-10T07:06:17.369+0000] {dag.py:3089} INFO - Sync 1 DAGs
[2026-09-10T07:06:17.389+0000] {logging_mixin.py:188} INFO - [2026-09-10T07:06:17.389+0000] {dag.py:3947} INFO - Setting next_dagrun for steam_analytics_daily to 2026-09-10 02:00:00+00:00, run_after=2026-09-11 02:00:00+00:00
[2026-09-10T07:06:17.407+0000] {processor.py:183} INFO - Processing /opt/airflow/dags/steam_analytics.py took 0.206 seconds
[2026-09-10T07:06:47.557+0000] {processor.py:161} INFO - Started process (PID=255) to work on /opt/airflow/dags/steam_analytics.py
[2026-09-10T07:06:47.558+0000] {processor.py:830} INFO - Processing file /opt/airflow/dags/steam_analytics.py for tasks to queue
[2026-09-10T07:06:47.560+0000] {logging_mixin.py:188} INFO - [2026-09-10T07:06:47.560+0000] {dagbag.py:545} INFO - Filling up the DagBag from /opt/airflow/dags/steam_analytics.py
[2026-09-10T07:06:47.753+0000] {processor.py:840} INFO - DAG(s) 'steam_analytics_daily' retrieved from /opt/airflow/dags/steam_analytics.py
[2026-09-10T07:06:47.792+0000] {logging_mixin.py:188} INFO - [2026-09-10T07:06:47.792+0000] {dag.py:3089} INFO - Sync 1 DAGs
[2026-09-10T07:06:47.818+0000] {logging_mixin.py:188} INFO - [2026-09-10T07:06:47.818+0000] {dag.py:3947} INFO - Setting next_dagrun for steam_analytics_daily to 2026-09-10 02:00:00+00:00, run_after=2026-09-11 02:00:00+00:00
[2026-09-10T07:06:47.837+0000] {processor.py:183} INFO - Processing /opt/airflow/dags/steam_analytics.py took 0.286 seconds
[2026-09-10T07:07:17.964+0000] {processor.py:161} INFO - Started process (PID=260) to work on /opt/airflow/dags/steam_analytics.py
[2026-09-10T07:07:17.964+0000] {processor.py:830} INFO - Processing file /opt/airflow/dags/steam_analytics.py for tasks to queue
[2026-09-10T07:07:17.966+0000] {logging_mixin.py:188} INFO - [2026-09-10T07:07:17.965+0000] {dagbag.py:545} INFO - Filling up the DagBag from /opt/airflow/dags/steam_analytics.py
[2026-09-10T07:07:18.121+0000] {processor.py:840} INFO - DAG(s) 'steam_analytics_daily' retrieved from /opt/airflow/dags/steam_analytics.py
[2026-09-10T07:07:18.154+0000] {logging_mixin.py:188} INFO - [2026-09-10T07:07:18.153+0000] {dag.py:3089} INFO - Sync 1 DAGs
[2026-09-10T07:07:18.174+0000] {logging_mixin.py:188} INFO - [2026-09-10T07:07:18.174+0000] {dag.py:3947} INFO - Setting next_dagrun for steam_analytics_daily to 2026-09-10 02:00:00+00:00, run_after=2026-09-11 02:00:00+00:00
[2026-09-10T07:07:18.192+0000] {processor.py:183} INFO - Processing /opt/airflow/dags/steam_analytics.py took 0.233 seconds
[2026-09-10T07:07:48.318+0000] {processor.py:161} INFO - Started process (PID=265) to work on /opt/airflow/dags/steam_analytics.py
[2026-09-10T07:07:48.319+0000] {processor.py:830} INFO - Processing file /opt/airflow/dags/steam_analytics.py for tasks to queue
[2026-09-10T07:07:48.320+0000] {logging_mixin.py:188} INFO - [2026-09-10T07:07:48.320+0000] {dagbag.py:545} INFO - Filling up the DagBag from /opt/airflow/dags/steam_analytics.py
[2026-09-10T07:07:48.455+0000] {processor.py:840} INFO - DAG(s) 'steam_analytics_daily' retrieved from /opt/airflow/dags/steam_analytics.py
[2026-09-10T07:07:48.480+0000] {logging_mixin.py:188} INFO - [2026-09-10T07:07:48.480+0000] {dag.py:3089} INFO - Sync 1 DAGs
[2026-09-10T07:07:48.498+0000] {logging_mixin.py:188} INFO - [2026-09-10T07:07:48.498+0000] {dag.py:3947} INFO - Setting next_dagrun for steam_analytics_daily to 2026-09-10 02:00:00+00:00, run_after=2026-09-11 02:00:00+00:00
[2026-09-10T07:07:48.512+0000] {processor.py:183} INFO - Processing /opt/airflow/dags/steam_analytics.py took 0.199 seconds
[2026-09-10T07:08:18.628+0000] {processor.py:161} INFO - Started process (PID=270) to work on /opt/airflow/dags/steam_analytics.py
[2026-09-10T07:08:18.629+0000] {processor.py:830} INFO - Processing file /opt/airflow/dags/steam_analytics.py for tasks to queue
[2026-09-10T07:08:18.630+0000] {logging_mixin.py:188} INFO - [2026-09-10T07:08:18.630+0000] {dagbag.py:545} INFO - Filling up the DagBag from /opt/airflow/dags/steam_analytics.py
[2026-09-10T07:08:18.760+0000] {processor.py:840} INFO - DAG(s) 'steam_analytics_daily' retrieved from /opt/airflow/dags/steam_analytics.py
[2026-09-10T07:08:18.786+0000] {logging_mixin.py:188} INFO - [2026-09-10T07:08:18.785+0000] {dag.py:3089} INFO - Sync 1 DAGs
[2026-09-10T07:08:18.805+0000] {logging_mixin.py:188} INFO - [2026-09-10T07:08:18.805+0000] {dag.py:3947} INFO - Setting next_dagrun for steam_analytics_daily to 2026-09-10 02:00:00+00:00, run_after=2026-09-11 02:00:00+00:00
[2026-09-10T07:08:18.821+0000] {processor.py:183} INFO - Processing /opt/airflow/dags/steam_analytics.py took 0.197 seconds
[2026-09-10T07:08:48.941+0000] {processor.py:161} INFO - Started process (PID=275) to work on /opt/airflow/dags/steam_analytics.py
[2026-09-10T07:08:48.942+0000] {processor.py:830} INFO - Processing file /opt/airflow/dags/steam_analytics.py for tasks to queue
[2026-09-10T07:08:48.944+0000] {logging_mixin.py:188} INFO - [2026-09-10T07:08:48.943+0000] {dagbag.py:545} INFO - Filling up the DagBag from /opt/airflow/dags/steam_analytics.py
[2026-09-10T07:08:49.088+0000] {processor.py:840} INFO - DAG(s) 'steam_analytics_daily' retrieved from /opt/airflow/dags/steam_analytics.py
[2026-09-10T07:08:49.114+0000] {logging_mixin.py:188} INFO - [2026-09-10T07:08:49.113+0000] {dag.py:3089} INFO - Sync 1 DAGs
[2026-09-10T07:08:49.134+0000] {logging_mixin.py:188} INFO - [2026-09-10T07:08:49.134+0000] {dag.py:3947} INFO - Setting next_dagrun for steam_analytics_daily to 2026-09-10 02:00:00+00:00, run_after=2026-09-11 02:00:00+00:00
[2026-09-10T07:08:49.152+0000] {processor.py:183} INFO - Processing /opt/airflow/dags/steam_analytics.py took 0.215 seconds
[2026-09-10T07:09:19.274+0000] {processor.py:161} INFO - Started process (PID=280) to work on /opt/airflow/dags/steam_analytics.py
[2026-09-10T07:09:19.275+0000] {processor.py:830} INFO - Processing file /opt/airflow/dags/steam_analytics.py for tasks to queue
[2026-09-10T07:09:19.276+0000] {logging_mixin.py:188} INFO - [2026-09-10T07:09:19.276+0000] {dagbag.py:545} INFO - Filling up the DagBag from /opt/airflow/dags/steam_analytics.py
[2026-09-10T07:09:19.402+0000] {processor.py:840} INFO - DAG(s) 'steam_analytics_daily' retrieved from /opt/airflow/dags/steam_analytics.py
[2026-09-10T07:09:19.426+0000] {logging_mixin.py:188} INFO - [2026-09-10T07:09:19.426+0000] {dag.py:3089} INFO - Sync 1 DAGs
[2026-09-10T07:09:19.445+0000] {logging_mixin.py:188} INFO - [2026-09-10T07:09:19.444+0000] {dag.py:3947} INFO - Setting next_dagrun for steam_analytics_daily to 2026-09-10 02:00:00+00:00, run_after=2026-09-11 02:00:00+00:00
[2026-09-10T07:09:19.460+0000] {processor.py:183} INFO - Processing /opt/airflow/dags/steam_analytics.py took 0.190 seconds
[2026-09-10T07:09:49.574+0000] {processor.py:161} INFO - Started process (PID=285) to work on /opt/airflow/dags/steam_analytics.py
[2026-09-10T07:09:49.575+0000] {processor.py:830} INFO - Processing file /opt/airflow/dags/steam_analytics.py for tasks to queue
[2026-09-10T07:09:49.576+0000] {logging_mixin.py:188} INFO - [2026-09-10T07:09:49.576+0000] {dagbag.py:545} INFO - Filling up the DagBag from /opt/airflow/dags/steam_analytics.py
[2026-09-10T07:09:49.708+0000] {processor.py:840} INFO - DAG(s) 'steam_analytics_daily' retrieved from /opt/airflow/dags/steam_analytics.py
[2026-09-10T07:09:49.734+0000] {logging_mixin.py:188} INFO - [2026-09-10T07:09:49.734+0000] {dag.py:3089} INFO - Sync 1 DAGs
[2026-09-10T07:09:49.758+0000] {logging_mixin.py:188} INFO - [2026-09-10T07:09:49.758+0000] {dag.py:3947} INFO - Setting next_dagrun for steam_analytics_daily to 2026-09-10 02:00:00+00:00, run_after=2026-09-11 02:00:00+00:00
[2026-09-10T07:09:49.790+0000] {processor.py:183} INFO - Processing /opt/airflow/dags/steam_analytics.py took 0.219 seconds
[2026-09-10T07:10:19.906+0000] {processor.py:161} INFO - Started process (PID=290) to work on /opt/airflow/dags/steam_analytics.py
[2026-09-10T07:10:19.907+0000] {processor.py:830} INFO - Processing file /opt/airflow/dags/steam_analytics.py for tasks to queue
[2026-09-10T07:10:19.908+0000] {logging_mixin.py:188} INFO - [2026-09-10T07:10:19.908+0000] {dagbag.py:545} INFO - Filling up the DagBag from /opt/airflow/dags/steam_analytics.py
[2026-09-10T07:10:20.037+0000] {processor.py:840} INFO - DAG(s) 'steam_analytics_daily' retrieved from /opt/airflow/dags/steam_analytics.py
[2026-09-10T07:10:20.061+0000] {logging_mixin.py:188} INFO - [2026-09-10T07:10:20.061+0000] {dag.py:3089} INFO - Sync 1 DAGs
[2026-09-10T07:10:20.080+0000] {logging_mixin.py:188} INFO - [2026-09-10T07:10:20.079+0000] {dag.py:3947} INFO - Setting next_dagrun for steam_analytics_daily to 2026-09-10 02:00:00+00:00, run_after=2026-09-11 02:00:00+00:00
[2026-09-10T07:10:20.095+0000] {processor.py:183} INFO - Processing /opt/airflow/dags/steam_analytics.py took 0.193 seconds
[2026-09-10T07:10:50.215+0000] {processor.py:161} INFO - Started process (PID=295) to work on /opt/airflow/dags/steam_analytics.py
[2026-09-10T07:10:50.216+0000] {processor.py:830} INFO - Processing file /opt/airflow/dags/steam_analytics.py for tasks to queue
[2026-09-10T07:10:50.217+0000] {logging_mixin.py:188} INFO - [2026-09-10T07:10:50.217+0000] {dagbag.py:545} INFO - Filling up the DagBag from /opt/airflow/dags/steam_analytics.py
[2026-09-10T07:10:50.352+0000] {processor.py:840} INFO - DAG(s) 'steam_analytics_daily' retrieved from /opt/airflow/dags/steam_analytics.py
[2026-09-10T07:10:50.375+0000] {logging_mixin.py:188} INFO - [2026-09-10T07:10:50.375+0000] {dag.py:3089} INFO - Sync 1 DAGs
[2026-09-10T07:10:50.395+0000] {logging_mixin.py:188} INFO - [2026-09-10T07:10:50.395+0000] {dag.py:3947} INFO - Setting next_dagrun for steam_analytics_daily to 2026-09-10 02:00:00+00:00, run_after=2026-09-11 02:00:00+00:00
[2026-09-10T07:10:50.412+0000] {processor.py:183} INFO - Processing /opt/airflow/dags/steam_analytics.py took 0.202 seconds
[2026-09-10T07:11:20.529+0000] {processor.py:161} INFO - Started process (PID=300) to work on /opt/airflow/dags/steam_analytics.py
[2026-09-10T07:11:20.530+0000] {processor.py:830} INFO - Processing file /opt/airflow/dags/steam_analytics.py for tasks to queue
[2026-09-10T07:11:20.531+0000] {logging_mixin.py:188} INFO - [2026-09-10T07:11:20.531+0000] {dagbag.py:545} INFO - Filling up the DagBag from /opt/airflow/dags/steam_analytics.py
[2026-09-10T07:11:20.653+0000] {processor.py:840} INFO - DAG(s) 'steam_analytics_daily' retrieved from /opt/airflow/dags/steam_analytics.py
[2026-09-10T07:11:20.676+0000] {logging_mixin.py:188} INFO - [2026-09-10T07:11:20.676+0000] {dag.py:3089} INFO - Sync 1 DAGs
[2026-09-10T07:11:20.694+0000] {logging_mixin.py:188} INFO - [2026-09-10T07:11:20.694+0000] {dag.py:3947} INFO - Setting next_dagrun for steam_analytics_daily to 2026-09-10 02:00:00+00:00, run_after=2026-09-11 02:00:00+00:00
[2026-09-10T07:11:20.710+0000] {processor.py:183} INFO - Processing /opt/airflow/dags/steam_analytics.py took 0.185 seconds
[2026-09-10T07:11:50.827+0000] {processor.py:161} INFO - Started process (PID=305) to work on /opt/airflow/dags/steam_analytics.py
[2026-09-10T07:11:50.828+0000] {processor.py:830} INFO - Processing file /opt/airflow/dags/steam_analytics.py for tasks to queue
[2026-09-10T07:11:50.829+0000] {logging_mixin.py:188} INFO - [2026-09-10T07:11:50.829+0000] {dagbag.py:545} INFO - Filling up the DagBag from /opt/airflow/dags/steam_analytics.py
[2026-09-10T07:11:50.956+0000] {processor.py:840} INFO - DAG(s) 'steam_analytics_daily' retrieved from /opt/airflow/dags/steam_analytics.py
[2026-09-10T07:11:50.979+0000] {logging_mixin.py:188} INFO - [2026-09-10T07:11:50.979+0000] {dag.py:3089} INFO - Sync 1 DAGs
[2026-09-10T07:11:50.998+0000] {logging_mixin.py:188} INFO - [2026-09-10T07:11:50.998+0000] {dag.py:3947} INFO - Setting next_dagrun for steam_analytics_daily to 2026-09-10 02:00:00+00:00, run_after=2026-09-11 02:00:00+00:00
[2026-09-10T07:11:51.014+0000] {processor.py:183} INFO - Processing /opt/airflow/dags/steam_analytics.py took 0.190 seconds
[2026-09-10T07:12:21.129+0000] {processor.py:161} INFO - Started process (PID=310) to work on /opt/airflow/dags/steam_analytics.py
[2026-09-10T07:12:21.129+0000] {processor.py:830} INFO - Processing file /opt/airflow/dags/steam_analytics.py for tasks to queue
[2026-09-10T07:12:21.131+0000] {logging_mixin.py:188} INFO - [2026-09-10T07:12:21.130+0000] {dagbag.py:545} INFO - Filling up the DagBag from /opt/airflow/dags/steam_analytics.py
[2026-09-10T07:12:21.252+0000] {processor.py:840} INFO - DAG(s) 'steam_analytics_daily' retrieved from /opt/airflow/dags/steam_analytics.py
[2026-09-10T07:12:21.276+0000] {logging_mixin.py:188} INFO - [2026-09-10T07:12:21.275+0000] {dag.py:3089} INFO - Sync 1 DAGs
[2026-09-10T07:12:21.293+0000] {logging_mixin.py:188} INFO - [2026-09-10T07:12:21.293+0000] {dag.py:3947} INFO - Setting next_dagrun for steam_analytics_daily to 2026-09-10 02:00:00+00:00, run_after=2026-09-11 02:00:00+00:00
[2026-09-10T07:12:21.309+0000] {processor.py:183} INFO - Processing /opt/airflow/dags/steam_analytics.py took 0.185 seconds
[2026-09-10T07:12:51.424+0000] {processor.py:161} INFO - Started process (PID=315) to work on /opt/airflow/dags/steam_analytics.py
[2026-09-10T07:12:51.425+0000] {processor.py:830} INFO - Processing file /opt/airflow/dags/steam_analytics.py for tasks to queue
[2026-09-10T07:12:51.426+0000] {logging_mixin.py:188} INFO - [2026-09-10T07:12:51.426+0000] {dagbag.py:545} INFO - Filling up the DagBag from /opt/airflow/dags/steam_analytics.py
[2026-09-10T07:12:51.547+0000] {processor.py:840} INFO - DAG(s) 'steam_analytics_daily' retrieved from /opt/airflow/dags/steam_analytics.py
[2026-09-10T07:12:51.571+0000] {logging_mixin.py:188} INFO - [2026-09-10T07:12:51.570+0000] {dag.py:3089} INFO - Sync 1 DAGs
[2026-09-10T07:12:51.588+0000] {logging_mixin.py:188} INFO - [2026-09-10T07:12:51.588+0000] {dag.py:3947} INFO - Setting next_dagrun for steam_analytics_daily to 2026-09-10 02:00:00+00:00, run_after=2026-09-11 02:00:00+00:00
[2026-09-10T07:12:51.603+0000] {processor.py:183} INFO - Processing /opt/airflow/dags/steam_analytics.py took 0.183 seconds
[2026-09-10T07:13:21.737+0000] {processor.py:161} INFO - Started process (PID=320) to work on /opt/airflow/dags/steam_analytics.py
[2026-09-10T07:13:21.738+0000] {processor.py:830} INFO - Processing file /opt/airflow/dags/steam_analytics.py for tasks to queue
[2026-09-10T07:13:21.739+0000] {logging_mixin.py:188} INFO - [2026-09-10T07:13:21.739+0000] {dagbag.py:545} INFO - Filling up the DagBag from /opt/airflow/dags/steam_analytics.py
[2026-09-10T07:13:21.906+0000] {processor.py:840} INFO - DAG(s) 'steam_analytics_daily' retrieved from /opt/airflow/dags/steam_analytics.py
[2026-09-10T07:13:21.940+0000] {logging_mixin.py:188} INFO - [2026-09-10T07:13:21.940+0000] {dag.py:3089} INFO - Sync 1 DAGs
[2026-09-10T07:13:21.961+0000] {logging_mixin.py:188} INFO - [2026-09-10T07:13:21.961+0000] {dag.py:3947} INFO - Setting next_dagrun for steam_analytics_daily to 2026-09-10 02:00:00+00:00, run_after=2026-09-11 02:00:00+00:00
[2026-09-10T07:13:21.978+0000] {processor.py:183} INFO - Processing /opt/airflow/dags/steam_analytics.py took 0.246 seconds
[2026-09-10T07:13:52.125+0000] {processor.py:161} INFO - Started process (PID=325) to work on /opt/airflow/dags/steam_analytics.py
[2026-09-10T07:13:52.127+0000] {processor.py:830} INFO - Processing file /opt/airflow/dags/steam_analytics.py for tasks to queue
[2026-09-10T07:13:52.129+0000] {logging_mixin.py:188} INFO - [2026-09-10T07:13:52.128+0000] {dagbag.py:545} INFO - Filling up the DagBag from /opt/airflow/dags/steam_analytics.py
[2026-09-10T07:13:52.306+0000] {processor.py:840} INFO - DAG(s) 'steam_analytics_daily' retrieved from /opt/airflow/dags/steam_analytics.py
[2026-09-10T07:13:52.333+0000] {logging_mixin.py:188} INFO - [2026-09-10T07:13:52.332+0000] {dag.py:3089} INFO - Sync 1 DAGs
[2026-09-10T07:13:52.354+0000] {logging_mixin.py:188} INFO - [2026-09-10T07:13:52.353+0000] {dag.py:3947} INFO - Setting next_dagrun for steam_analytics_daily to 2026-09-10 02:00:00+00:00, run_after=2026-09-11 02:00:00+00:00
[2026-09-10T07:13:52.371+0000] {processor.py:183} INFO - Processing /opt/airflow/dags/steam_analytics.py took 0.253 seconds
[2026-09-10T07:14:22.492+0000] {processor.py:161} INFO - Started process (PID=330) to work on /opt/airflow/dags/steam_analytics.py
[2026-09-10T07:14:22.493+0000] {processor.py:830} INFO - Processing file /opt/airflow/dags/steam_analytics.py for tasks to queue
[2026-09-10T07:14:22.494+0000] {logging_mixin.py:188} INFO - [2026-09-10T07:14:22.494+0000] {dagbag.py:545} INFO - Filling up the DagBag from /opt/airflow/dags/steam_analytics.py
[2026-09-10T07:14:22.620+0000] {processor.py:840} INFO - DAG(s) 'steam_analytics_daily' retrieved from /opt/airflow/dags/steam_analytics.py
[2026-09-10T07:14:22.644+0000] {logging_mixin.py:188} INFO - [2026-09-10T07:14:22.644+0000] {dag.py:3089} INFO - Sync 1 DAGs
[2026-09-10T07:14:22.663+0000] {logging_mixin.py:188} INFO - [2026-09-10T07:14:22.663+0000] {dag.py:3947} INFO - Setting next_dagrun for steam_analytics_daily to 2026-09-10 02:00:00+00:00, run_after=2026-09-11 02:00:00+00:00
[2026-09-10T07:14:22.678+0000] {processor.py:183} INFO - Processing /opt/airflow/dags/steam_analytics.py took 0.190 seconds
[2026-09-10T07:14:52.804+0000] {processor.py:161} INFO - Started process (PID=335) to work on /opt/airflow/dags/steam_analytics.py
[2026-09-10T07:14:52.804+0000] {processor.py:830} INFO - Processing file /opt/airflow/dags/steam_analytics.py for tasks to queue
[2026-09-10T07:14:52.806+0000] {logging_mixin.py:188} INFO - [2026-09-10T07:14:52.805+0000] {dagbag.py:545} INFO - Filling up the DagBag from /opt/airflow/dags/steam_analytics.py
[2026-09-10T07:14:52.935+0000] {processor.py:840} INFO - DAG(s) 'steam_analytics_daily' retrieved from /opt/airflow/dags/steam_analytics.py
[2026-09-10T07:14:52.959+0000] {logging_mixin.py:188} INFO - [2026-09-10T07:14:52.959+0000] {dag.py:3089} INFO - Sync 1 DAGs
[2026-09-10T07:14:52.978+0000] {logging_mixin.py:188} INFO - [2026-09-10T07:14:52.978+0000] {dag.py:3947} INFO - Setting next_dagrun for steam_analytics_daily to 2026-09-10 02:00:00+00:00, run_after=2026-09-11 02:00:00+00:00
[2026-09-10T07:14:52.993+0000] {processor.py:183} INFO - Processing /opt/airflow/dags/steam_analytics.py took 0.193 seconds
[2026-09-10T07:15:23.114+0000] {processor.py:161} INFO - Started process (PID=340) to work on /opt/airflow/dags/steam_analytics.py
[2026-09-10T07:15:23.114+0000] {processor.py:830} INFO - Processing file /opt/airflow/dags/steam_analytics.py for tasks to queue
[2026-09-10T07:15:23.116+0000] {logging_mixin.py:188} INFO - [2026-09-10T07:15:23.116+0000] {dagbag.py:545} INFO - Filling up the DagBag from /opt/airflow/dags/steam_analytics.py
[2026-09-10T07:15:23.241+0000] {processor.py:840} INFO - DAG(s) 'steam_analytics_daily' retrieved from /opt/airflow/dags/steam_analytics.py
[2026-09-10T07:15:23.265+0000] {logging_mixin.py:188} INFO - [2026-09-10T07:15:23.264+0000] {dag.py:3089} INFO - Sync 1 DAGs
[2026-09-10T07:15:23.283+0000] {logging_mixin.py:188} INFO - [2026-09-10T07:15:23.283+0000] {dag.py:3947} INFO - Setting next_dagrun for steam_analytics_daily to 2026-09-10 02:00:00+00:00, run_after=2026-09-11 02:00:00+00:00
[2026-09-10T07:15:23.300+0000] {processor.py:183} INFO - Processing /opt/airflow/dags/steam_analytics.py took 0.190 seconds
[2026-09-10T07:15:53.432+0000] {processor.py:161} INFO - Started process (PID=345) to work on /opt/airflow/dags/steam_analytics.py
[2026-09-10T07:15:53.433+0000] {processor.py:830} INFO - Processing file /opt/airflow/dags/steam_analytics.py for tasks to queue
[2026-09-10T07:15:53.435+0000] {logging_mixin.py:188} INFO - [2026-09-10T07:15:53.434+0000] {dagbag.py:545} INFO - Filling up the DagBag from /opt/airflow/dags/steam_analytics.py
[2026-09-10T07:15:53.582+0000] {processor.py:840} INFO - DAG(s) 'steam_analytics_daily' retrieved from /opt/airflow/dags/steam_analytics.py
[2026-09-10T07:15:53.612+0000] {logging_mixin.py:188} INFO - [2026-09-10T07:15:53.611+0000] {dag.py:3089} INFO - Sync 1 DAGs
[2026-09-10T07:15:53.634+0000] {logging_mixin.py:188} INFO - [2026-09-10T07:15:53.634+0000] {dag.py:3947} INFO - Setting next_dagrun for steam_analytics_daily to 2026-09-10 02:00:00+00:00, run_after=2026-09-11 02:00:00+00:00
[2026-09-10T07:15:53.653+0000] {processor.py:183} INFO - Processing /opt/airflow/dags/steam_analytics.py took 0.226 seconds
[2026-09-10T07:16:23.778+0000] {processor.py:161} INFO - Started process (PID=350) to work on /opt/airflow/dags/steam_analytics.py
[2026-09-10T07:16:23.778+0000] {processor.py:830} INFO - Processing file /opt/airflow/dags/steam_analytics.py for tasks to queue
[2026-09-10T07:16:23.780+0000] {logging_mixin.py:188} INFO - [2026-09-10T07:16:23.780+0000] {dagbag.py:545} INFO - Filling up the DagBag from /opt/airflow/dags/steam_analytics.py
[2026-09-10T07:16:23.933+0000] {processor.py:840} INFO - DAG(s) 'steam_analytics_daily' retrieved from /opt/airflow/dags/steam_analytics.py
[2026-09-10T07:16:23.961+0000] {logging_mixin.py:188} INFO - [2026-09-10T07:16:23.961+0000] {dag.py:3089} INFO - Sync 1 DAGs
[2026-09-10T07:16:23.992+0000] {logging_mixin.py:188} INFO - [2026-09-10T07:16:23.992+0000] {dag.py:3947} INFO - Setting next_dagrun for steam_analytics_daily to 2026-09-10 02:00:00+00:00, run_after=2026-09-11 02:00:00+00:00
[2026-09-10T07:16:24.012+0000] {processor.py:183} INFO - Processing /opt/airflow/dags/steam_analytics.py took 0.239 seconds
[2026-09-10T07:16:54.145+0000] {processor.py:161} INFO - Started process (PID=355) to work on /opt/airflow/dags/steam_analytics.py
[2026-09-10T07:16:54.146+0000] {processor.py:830} INFO - Processing file /opt/airflow/dags/steam_analytics.py for tasks to queue
[2026-09-10T07:16:54.147+0000] {logging_mixin.py:188} INFO - [2026-09-10T07:16:54.147+0000] {dagbag.py:545} INFO - Filling up the DagBag from /opt/airflow/dags/steam_analytics.py
[2026-09-10T07:16:54.307+0000] {processor.py:840} INFO - DAG(s) 'steam_analytics_daily' retrieved from /opt/airflow/dags/steam_analytics.py
[2026-09-10T07:16:54.335+0000] {logging_mixin.py:188} INFO - [2026-09-10T07:16:54.335+0000] {dag.py:3089} INFO - Sync 1 DAGs
[2026-09-10T07:16:54.356+0000] {logging_mixin.py:188} INFO - [2026-09-10T07:16:54.356+0000] {dag.py:3947} INFO - Setting next_dagrun for steam_analytics_daily to 2026-09-10 02:00:00+00:00, run_after=2026-09-11 02:00:00+00:00
[2026-09-10T07:16:54.375+0000] {processor.py:183} INFO - Processing /opt/airflow/dags/steam_analytics.py took 0.235 seconds
[2026-09-10T07:17:24.509+0000] {processor.py:161} INFO - Started process (PID=360) to work on /opt/airflow/dags/steam_analytics.py
[2026-09-10T07:17:24.510+0000] {processor.py:830} INFO - Processing file /opt/airflow/dags/steam_analytics.py for tasks to queue
[2026-09-10T07:17:24.511+0000] {logging_mixin.py:188} INFO - [2026-09-10T07:17:24.511+0000] {dagbag.py:545} INFO - Filling up the DagBag from /opt/airflow/dags/steam_analytics.py
[2026-09-10T07:17:24.655+0000] {processor.py:840} INFO - DAG(s) 'steam_analytics_daily' retrieved from /opt/airflow/dags/steam_analytics.py
[2026-09-10T07:17:24.681+0000] {logging_mixin.py:188} INFO - [2026-09-10T07:17:24.680+0000] {dag.py:3089} INFO - Sync 1 DAGs
[2026-09-10T07:17:24.699+0000] {logging_mixin.py:188} INFO - [2026-09-10T07:17:24.699+0000] {dag.py:3947} INFO - Setting next_dagrun for steam_analytics_daily to 2026-09-10 02:00:00+00:00, run_after=2026-09-11 02:00:00+00:00
[2026-09-10T07:17:24.716+0000] {processor.py:183} INFO - Processing /opt/airflow/dags/steam_analytics.py took 0.213 seconds
[2026-09-10T07:17:54.846+0000] {processor.py:161} INFO - Started process (PID=365) to work on /opt/airflow/dags/steam_analytics.py
[2026-09-10T07:17:54.846+0000] {processor.py:830} INFO - Processing file /opt/airflow/dags/steam_analytics.py for tasks to queue
[2026-09-10T07:17:54.848+0000] {logging_mixin.py:188} INFO - [2026-09-10T07:17:54.848+0000] {dagbag.py:545} INFO - Filling up the DagBag from /opt/airflow/dags/steam_analytics.py
[2026-09-10T07:17:54.996+0000] {processor.py:840} INFO - DAG(s) 'steam_analytics_daily' retrieved from /opt/airflow/dags/steam_analytics.py
[2026-09-10T07:17:55.024+0000] {logging_mixin.py:188} INFO - [2026-09-10T07:17:55.024+0000] {dag.py:3089} INFO - Sync 1 DAGs
[2026-09-10T07:17:55.048+0000] {logging_mixin.py:188} INFO - [2026-09-10T07:17:55.047+0000] {dag.py:3947} INFO - Setting next_dagrun for steam_analytics_daily to 2026-09-10 02:00:00+00:00, run_after=2026-09-11 02:00:00+00:00
[2026-09-10T07:17:55.066+0000] {processor.py:183} INFO - Processing /opt/airflow/dags/steam_analytics.py took 0.225 seconds
[2026-09-10T07:18:25.193+0000] {processor.py:161} INFO - Started process (PID=370) to work on /opt/airflow/dags/steam_analytics.py
[2026-09-10T07:18:25.194+0000] {processor.py:830} INFO - Processing file /opt/airflow/dags/steam_analytics.py for tasks to queue
[2026-09-10T07:18:25.196+0000] {logging_mixin.py:188} INFO - [2026-09-10T07:18:25.196+0000] {dagbag.py:545} INFO - Filling up the DagBag from /opt/airflow/dags/steam_analytics.py
[2026-09-10T07:18:25.329+0000] {processor.py:840} INFO - DAG(s) 'steam_analytics_daily' retrieved from /opt/airflow/dags/steam_analytics.py
[2026-09-10T07:18:25.354+0000] {logging_mixin.py:188} INFO - [2026-09-10T07:18:25.353+0000] {dag.py:3089} INFO - Sync 1 DAGs
[2026-09-10T07:18:25.374+0000] {logging_mixin.py:188} INFO - [2026-09-10T07:18:25.374+0000] {dag.py:3947} INFO - Setting next_dagrun for steam_analytics_daily to 2026-09-10 02:00:00+00:00, run_after=2026-09-11 02:00:00+00:00
[2026-09-10T07:18:25.390+0000] {processor.py:183} INFO - Processing /opt/airflow/dags/steam_analytics.py took 0.201 seconds
[2026-09-10T07:18:55.516+0000] {processor.py:161} INFO - Started process (PID=375) to work on /opt/airflow/dags/steam_analytics.py
[2026-09-10T07:18:55.517+0000] {processor.py:830} INFO - Processing file /opt/airflow/dags/steam_analytics.py for tasks to queue
[2026-09-10T07:18:55.518+0000] {logging_mixin.py:188} INFO - [2026-09-10T07:18:55.518+0000] {dagbag.py:545} INFO - Filling up the DagBag from /opt/airflow/dags/steam_analytics.py
[2026-09-10T07:18:55.666+0000] {processor.py:840} INFO - DAG(s) 'steam_analytics_daily' retrieved from /opt/airflow/dags/steam_analytics.py
[2026-09-10T07:18:55.699+0000] {logging_mixin.py:188} INFO - [2026-09-10T07:18:55.699+0000] {dag.py:3089} INFO - Sync 1 DAGs
[2026-09-10T07:18:55.721+0000] {logging_mixin.py:188} INFO - [2026-09-10T07:18:55.721+0000] {dag.py:3947} INFO - Setting next_dagrun for steam_analytics_daily to 2026-09-10 02:00:00+00:00, run_after=2026-09-11 02:00:00+00:00
[2026-09-10T07:18:55.739+0000] {processor.py:183} INFO - Processing /opt/airflow/dags/steam_analytics.py took 0.227 seconds
[2026-09-10T07:19:25.861+0000] {processor.py:161} INFO - Started process (PID=380) to work on /opt/airflow/dags/steam_analytics.py
[2026-09-10T07:19:25.862+0000] {processor.py:830} INFO - Processing file /opt/airflow/dags/steam_analytics.py for tasks to queue
[2026-09-10T07:19:25.863+0000] {logging_mixin.py:188} INFO - [2026-09-10T07:19:25.863+0000] {dagbag.py:545} INFO - Filling up the DagBag from /opt/airflow/dags/steam_analytics.py
[2026-09-10T07:19:25.991+0000] {processor.py:840} INFO - DAG(s) 'steam_analytics_daily' retrieved from /opt/airflow/dags/steam_analytics.py
[2026-09-10T07:19:26.015+0000] {logging_mixin.py:188} INFO - [2026-09-10T07:19:26.015+0000] {dag.py:3089} INFO - Sync 1 DAGs
[2026-09-10T07:19:26.034+0000] {logging_mixin.py:188} INFO - [2026-09-10T07:19:26.034+0000] {dag.py:3947} INFO - Setting next_dagrun for steam_analytics_daily to 2026-09-10 02:00:00+00:00, run_after=2026-09-11 02:00:00+00:00
[2026-09-10T07:19:26.048+0000] {processor.py:183} INFO - Processing /opt/airflow/dags/steam_analytics.py took 0.191 seconds
[2026-09-10T07:19:56.164+0000] {processor.py:161} INFO - Started process (PID=385) to work on /opt/airflow/dags/steam_analytics.py
[2026-09-10T07:19:56.165+0000] {processor.py:830} INFO - Processing file /opt/airflow/dags/steam_analytics.py for tasks to queue
[2026-09-10T07:19:56.166+0000] {logging_mixin.py:188} INFO - [2026-09-10T07:19:56.166+0000] {dagbag.py:545} INFO - Filling up the DagBag from /opt/airflow/dags/steam_analytics.py
[2026-09-10T07:19:56.292+0000] {processor.py:840} INFO - DAG(s) 'steam_analytics_daily' retrieved from /opt/airflow/dags/steam_analytics.py
[2026-09-10T07:19:56.316+0000] {logging_mixin.py:188} INFO - [2026-09-10T07:19:56.316+0000] {dag.py:3089} INFO - Sync 1 DAGs
[2026-09-10T07:19:56.335+0000] {logging_mixin.py:188} INFO - [2026-09-10T07:19:56.334+0000] {dag.py:3947} INFO - Setting next_dagrun for steam_analytics_daily to 2026-09-10 02:00:00+00:00, run_after=2026-09-11 02:00:00+00:00
[2026-09-10T07:19:56.351+0000] {processor.py:183} INFO - Processing /opt/airflow/dags/steam_analytics.py took 0.191 seconds
[2026-09-10T07:20:26.477+0000] {processor.py:161} INFO - Started process (PID=390) to work on /opt/airflow/dags/steam_analytics.py
[2026-09-10T07:20:26.477+0000] {processor.py:830} INFO - Processing file /opt/airflow/dags/steam_analytics.py for tasks to queue
[2026-09-10T07:20:26.479+0000] {logging_mixin.py:188} INFO - [2026-09-10T07:20:26.478+0000] {dagbag.py:545} INFO - Filling up the DagBag from /opt/airflow/dags/steam_analytics.py
[2026-09-10T07:20:26.603+0000] {processor.py:840} INFO - DAG(s) 'steam_analytics_daily' retrieved from /opt/airflow/dags/steam_analytics.py
[2026-09-10T07:20:26.627+0000] {logging_mixin.py:188} INFO - [2026-09-10T07:20:26.627+0000] {dag.py:3089} INFO - Sync 1 DAGs
[2026-09-10T07:20:26.648+0000] {logging_mixin.py:188} INFO - [2026-09-10T07:20:26.648+0000] {dag.py:3947} INFO - Setting next_dagrun for steam_analytics_daily to 2026-09-10 02:00:00+00:00, run_after=2026-09-11 02:00:00+00:00
[2026-09-10T07:20:26.662+0000] {processor.py:183} INFO - Processing /opt/airflow/dags/steam_analytics.py took 0.189 seconds
[2026-09-10T07:20:56.774+0000] {processor.py:161} INFO - Started process (PID=395) to work on /opt/airflow/dags/steam_analytics.py
[2026-09-10T07:20:56.775+0000] {processor.py:830} INFO - Processing file /opt/airflow/dags/steam_analytics.py for tasks to queue
[2026-09-10T07:20:56.776+0000] {logging_mixin.py:188} INFO - [2026-09-10T07:20:56.776+0000] {dagbag.py:545} INFO - Filling up the DagBag from /opt/airflow/dags/steam_analytics.py
[2026-09-10T07:20:56.907+0000] {processor.py:840} INFO - DAG(s) 'steam_analytics_daily' retrieved from /opt/airflow/dags/steam_analytics.py
[2026-09-10T07:20:56.932+0000] {logging_mixin.py:188} INFO - [2026-09-10T07:20:56.932+0000] {dag.py:3089} INFO - Sync 1 DAGs
[2026-09-10T07:20:56.951+0000] {logging_mixin.py:188} INFO - [2026-09-10T07:20:56.951+0000] {dag.py:3947} INFO - Setting next_dagrun for steam_analytics_daily to 2026-09-10 02:00:00+00:00, run_after=2026-09-11 02:00:00+00:00
[2026-09-10T07:20:56.966+0000] {processor.py:183} INFO - Processing /opt/airflow/dags/steam_analytics.py took 0.196 seconds
[2026-09-10T07:21:27.091+0000] {processor.py:161} INFO - Started process (PID=400) to work on /opt/airflow/dags/steam_analytics.py
[2026-09-10T07:21:27.092+0000] {processor.py:830} INFO - Processing file /opt/airflow/dags/steam_analytics.py for tasks to queue
[2026-09-10T07:21:27.093+0000] {logging_mixin.py:188} INFO - [2026-09-10T07:21:27.093+0000] {dagbag.py:545} INFO - Filling up the DagBag from /opt/airflow/dags/steam_analytics.py
[2026-09-10T07:21:27.237+0000] {processor.py:840} INFO - DAG(s) 'steam_analytics_daily' retrieved from /opt/airflow/dags/steam_analytics.py
[2026-09-10T07:21:27.261+0000] {logging_mixin.py:188} INFO - [2026-09-10T07:21:27.261+0000] {dag.py:3089} INFO - Sync 1 DAGs
[2026-09-10T07:21:27.279+0000] {logging_mixin.py:188} INFO - [2026-09-10T07:21:27.279+0000] {dag.py:3947} INFO - Setting next_dagrun for steam_analytics_daily to 2026-09-10 02:00:00+00:00, run_after=2026-09-11 02:00:00+00:00
[2026-09-10T07:21:27.293+0000] {processor.py:183} INFO - Processing /opt/airflow/dags/steam_analytics.py took 0.209 seconds
[2026-09-10T07:21:57.415+0000] {processor.py:161} INFO - Started process (PID=405) to work on /opt/airflow/dags/steam_analytics.py
[2026-09-10T07:21:57.416+0000] {processor.py:830} INFO - Processing file /opt/airflow/dags/steam_analytics.py for tasks to queue
[2026-09-10T07:21:57.418+0000] {logging_mixin.py:188} INFO - [2026-09-10T07:21:57.417+0000] {dagbag.py:545} INFO - Filling up the DagBag from /opt/airflow/dags/steam_analytics.py
[2026-09-10T07:21:57.553+0000] {processor.py:840} INFO - DAG(s) 'steam_analytics_daily' retrieved from /opt/airflow/dags/steam_analytics.py
[2026-09-10T07:21:57.577+0000] {logging_mixin.py:188} INFO - [2026-09-10T07:21:57.577+0000] {dag.py:3089} INFO - Sync 1 DAGs
[2026-09-10T07:21:57.595+0000] {logging_mixin.py:188} INFO - [2026-09-10T07:21:57.595+0000] {dag.py:3947} INFO - Setting next_dagrun for steam_analytics_daily to 2026-09-10 02:00:00+00:00, run_after=2026-09-11 02:00:00+00:00
[2026-09-10T07:21:57.610+0000] {processor.py:183} INFO - Processing /opt/airflow/dags/steam_analytics.py took 0.201 seconds
[2026-09-10T07:22:27.727+0000] {processor.py:161} INFO - Started process (PID=410) to work on /opt/airflow/dags/steam_analytics.py
[2026-09-10T07:22:27.728+0000] {processor.py:830} INFO - Processing file /opt/airflow/dags/steam_analytics.py for tasks to queue
[2026-09-10T07:22:27.729+0000] {logging_mixin.py:188} INFO - [2026-09-10T07:22:27.729+0000] {dagbag.py:545} INFO - Filling up the DagBag from /opt/airflow/dags/steam_analytics.py
[2026-09-10T07:22:27.858+0000] {processor.py:840} INFO - DAG(s) 'steam_analytics_daily' retrieved from /opt/airflow/dags/steam_analytics.py
[2026-09-10T07:22:27.882+0000] {logging_mixin.py:188} INFO - [2026-09-10T07:22:27.881+0000] {dag.py:3089} INFO - Sync 1 DAGs
[2026-09-10T07:22:27.900+0000] {logging_mixin.py:188} INFO - [2026-09-10T07:22:27.900+0000] {dag.py:3947} INFO - Setting next_dagrun for steam_analytics_daily to 2026-09-10 02:00:00+00:00, run_after=2026-09-11 02:00:00+00:00
[2026-09-10T07:22:27.914+0000] {processor.py:183} INFO - Processing /opt/airflow/dags/steam_analytics.py took 0.191 seconds
[2026-09-10T07:22:58.031+0000] {processor.py:161} INFO - Started process (PID=415) to work on /opt/airflow/dags/steam_analytics.py
[2026-09-10T07:22:58.032+0000] {processor.py:830} INFO - Processing file /opt/airflow/dags/steam_analytics.py for tasks to queue
[2026-09-10T07:22:58.034+0000] {logging_mixin.py:188} INFO - [2026-09-10T07:22:58.033+0000] {dagbag.py:545} INFO - Filling up the DagBag from /opt/airflow/dags/steam_analytics.py
[2026-09-10T07:22:58.161+0000] {processor.py:840} INFO - DAG(s) 'steam_analytics_daily' retrieved from /opt/airflow/dags/steam_analytics.py
[2026-09-10T07:22:58.185+0000] {logging_mixin.py:188} INFO - [2026-09-10T07:22:58.184+0000] {dag.py:3089} INFO - Sync 1 DAGs
[2026-09-10T07:22:58.203+0000] {logging_mixin.py:188} INFO - [2026-09-10T07:22:58.203+0000] {dag.py:3947} INFO - Setting next_dagrun for steam_analytics_daily to 2026-09-10 02:00:00+00:00, run_after=2026-09-11 02:00:00+00:00
[2026-09-10T07:22:58.218+0000] {processor.py:183} INFO - Processing /opt/airflow/dags/steam_analytics.py took 0.191 seconds
[2026-09-10T07:23:28.334+0000] {processor.py:161} INFO - Started process (PID=420) to work on /opt/airflow/dags/steam_analytics.py
[2026-09-10T07:23:28.334+0000] {processor.py:830} INFO - Processing file /opt/airflow/dags/steam_analytics.py for tasks to queue
[2026-09-10T07:23:28.336+0000] {logging_mixin.py:188} INFO - [2026-09-10T07:23:28.336+0000] {dagbag.py:545} INFO - Filling up the DagBag from /opt/airflow/dags/steam_analytics.py
[2026-09-10T07:23:28.483+0000] {processor.py:840} INFO - DAG(s) 'steam_analytics_daily' retrieved from /opt/airflow/dags/steam_analytics.py
[2026-09-10T07:23:28.512+0000] {logging_mixin.py:188} INFO - [2026-09-10T07:23:28.512+0000] {dag.py:3089} INFO - Sync 1 DAGs
[2026-09-10T07:23:28.537+0000] {logging_mixin.py:188} INFO - [2026-09-10T07:23:28.537+0000] {dag.py:3947} INFO - Setting next_dagrun for steam_analytics_daily to 2026-09-10 02:00:00+00:00, run_after=2026-09-11 02:00:00+00:00
[2026-09-10T07:23:28.555+0000] {processor.py:183} INFO - Processing /opt/airflow/dags/steam_analytics.py took 0.226 seconds
[2026-09-10T07:23:58.677+0000] {processor.py:161} INFO - Started process (PID=425) to work on /opt/airflow/dags/steam_analytics.py
[2026-09-10T07:23:58.678+0000] {processor.py:830} INFO - Processing file /opt/airflow/dags/steam_analytics.py for tasks to queue
[2026-09-10T07:23:58.679+0000] {logging_mixin.py:188} INFO - [2026-09-10T07:23:58.679+0000] {dagbag.py:545} INFO - Filling up the DagBag from /opt/airflow/dags/steam_analytics.py
[2026-09-10T07:23:58.841+0000] {processor.py:840} INFO - DAG(s) 'steam_analytics_daily' retrieved from /opt/airflow/dags/steam_analytics.py
[2026-09-10T07:23:58.869+0000] {logging_mixin.py:188} INFO - [2026-09-10T07:23:58.869+0000] {dag.py:3089} INFO - Sync 1 DAGs
[2026-09-10T07:23:58.892+0000] {logging_mixin.py:188} INFO - [2026-09-10T07:23:58.891+0000] {dag.py:3947} INFO - Setting next_dagrun for steam_analytics_daily to 2026-09-10 02:00:00+00:00, run_after=2026-09-11 02:00:00+00:00
[2026-09-10T07:23:58.910+0000] {processor.py:183} INFO - Processing /opt/airflow/dags/steam_analytics.py took 0.238 seconds
[2026-09-10T07:24:29.030+0000] {processor.py:161} INFO - Started process (PID=430) to work on /opt/airflow/dags/steam_analytics.py
[2026-09-10T07:24:29.031+0000] {processor.py:830} INFO - Processing file /opt/airflow/dags/steam_analytics.py for tasks to queue
[2026-09-10T07:24:29.032+0000] {logging_mixin.py:188} INFO - [2026-09-10T07:24:29.032+0000] {dagbag.py:545} INFO - Filling up the DagBag from /opt/airflow/dags/steam_analytics.py
[2026-09-10T07:24:29.193+0000] {processor.py:840} INFO - DAG(s) 'steam_analytics_daily' retrieved from /opt/airflow/dags/steam_analytics.py
[2026-09-10T07:24:29.222+0000] {logging_mixin.py:188} INFO - [2026-09-10T07:24:29.222+0000] {dag.py:3089} INFO - Sync 1 DAGs
[2026-09-10T07:24:29.244+0000] {logging_mixin.py:188} INFO - [2026-09-10T07:24:29.244+0000] {dag.py:3947} INFO - Setting next_dagrun for steam_analytics_daily to 2026-09-10 02:00:00+00:00, run_after=2026-09-11 02:00:00+00:00
[2026-09-10T07:24:29.261+0000] {processor.py:183} INFO - Processing /opt/airflow/dags/steam_analytics.py took 0.235 seconds
[2026-09-10T07:24:59.392+0000] {processor.py:161} INFO - Started process (PID=435) to work on /opt/airflow/dags/steam_analytics.py
[2026-09-10T07:24:59.392+0000] {processor.py:830} INFO - Processing file /opt/airflow/dags/steam_analytics.py for tasks to queue
[2026-09-10T07:24:59.394+0000] {logging_mixin.py:188} INFO - [2026-09-10T07:24:59.393+0000] {dagbag.py:545} INFO - Filling up the DagBag from /opt/airflow/dags/steam_analytics.py
[2026-09-10T07:24:59.557+0000] {processor.py:840} INFO - DAG(s) 'steam_analytics_daily' retrieved from /opt/airflow/dags/steam_analytics.py
[2026-09-10T07:24:59.584+0000] {logging_mixin.py:188} INFO - [2026-09-10T07:24:59.583+0000] {dag.py:3089} INFO - Sync 1 DAGs
[2026-09-10T07:24:59.605+0000] {logging_mixin.py:188} INFO - [2026-09-10T07:24:59.604+0000] {dag.py:3947} INFO - Setting next_dagrun for steam_analytics_daily to 2026-09-10 02:00:00+00:00, run_after=2026-09-11 02:00:00+00:00
[2026-09-10T07:24:59.620+0000] {processor.py:183} INFO - Processing /opt/airflow/dags/steam_analytics.py took 0.233 seconds
[2026-09-10T07:25:29.739+0000] {processor.py:161} INFO - Started process (PID=440) to work on /opt/airflow/dags/steam_analytics.py
[2026-09-10T07:25:29.740+0000] {processor.py:830} INFO - Processing file /opt/airflow/dags/steam_analytics.py for tasks to queue
[2026-09-10T07:25:29.741+0000] {logging_mixin.py:188} INFO - [2026-09-10T07:25:29.741+0000] {dagbag.py:545} INFO - Filling up the DagBag from /opt/airflow/dags/steam_analytics.py
[2026-09-10T07:25:29.881+0000] {processor.py:840} INFO - DAG(s) 'steam_analytics_daily' retrieved from /opt/airflow/dags/steam_analytics.py
[2026-09-10T07:25:29.909+0000] {logging_mixin.py:188} INFO - [2026-09-10T07:25:29.909+0000] {dag.py:3089} INFO - Sync 1 DAGs
[2026-09-10T07:25:29.926+0000] {logging_mixin.py:188} INFO - [2026-09-10T07:25:29.926+0000] {dag.py:3947} INFO - Setting next_dagrun for steam_analytics_daily to 2026-09-10 02:00:00+00:00, run_after=2026-09-11 02:00:00+00:00
[2026-09-10T07:25:29.941+0000] {processor.py:183} INFO - Processing /opt/airflow/dags/steam_analytics.py took 0.205 seconds
[2026-09-10T07:26:00.061+0000] {processor.py:161} INFO - Started process (PID=445) to work on /opt/airflow/dags/steam_analytics.py
[2026-09-10T07:26:00.062+0000] {processor.py:830} INFO - Processing file /opt/airflow/dags/steam_analytics.py for tasks to queue
[2026-09-10T07:26:00.063+0000] {logging_mixin.py:188} INFO - [2026-09-10T07:26:00.063+0000] {dagbag.py:545} INFO - Filling up the DagBag from /opt/airflow/dags/steam_analytics.py
[2026-09-10T07:26:00.205+0000] {processor.py:840} INFO - DAG(s) 'steam_analytics_daily' retrieved from /opt/airflow/dags/steam_analytics.py
[2026-09-10T07:26:00.233+0000] {logging_mixin.py:188} INFO - [2026-09-10T07:26:00.233+0000] {dag.py:3089} INFO - Sync 1 DAGs
[2026-09-10T07:26:00.258+0000] {logging_mixin.py:188} INFO - [2026-09-10T07:26:00.258+0000] {dag.py:3947} INFO - Setting next_dagrun for steam_analytics_daily to 2026-09-10 02:00:00+00:00, run_after=2026-09-11 02:00:00+00:00
[2026-09-10T07:26:00.275+0000] {processor.py:183} INFO - Processing /opt/airflow/dags/steam_analytics.py took 0.219 seconds
[2026-09-10T07:26:30.392+0000] {processor.py:161} INFO - Started process (PID=450) to work on /opt/airflow/dags/steam_analytics.py
[2026-09-10T07:26:30.392+0000] {processor.py:830} INFO - Processing file /opt/airflow/dags/steam_analytics.py for tasks to queue
[2026-09-10T07:26:30.394+0000] {logging_mixin.py:188} INFO - [2026-09-10T07:26:30.394+0000] {dagbag.py:545} INFO - Filling up the DagBag from /opt/airflow/dags/steam_analytics.py
[2026-09-10T07:26:30.533+0000] {processor.py:840} INFO - DAG(s) 'steam_analytics_daily' retrieved from /opt/airflow/dags/steam_analytics.py
[2026-09-10T07:26:30.564+0000] {logging_mixin.py:188} INFO - [2026-09-10T07:26:30.564+0000] {dag.py:3089} INFO - Sync 1 DAGs
[2026-09-10T07:26:30.584+0000] {logging_mixin.py:188} INFO - [2026-09-10T07:26:30.584+0000] {dag.py:3947} INFO - Setting next_dagrun for steam_analytics_daily to 2026-09-10 02:00:00+00:00, run_after=2026-09-11 02:00:00+00:00
[2026-09-10T07:26:30.602+0000] {processor.py:183} INFO - Processing /opt/airflow/dags/steam_analytics.py took 0.214 seconds
[2026-09-10T07:27:00.730+0000] {processor.py:161} INFO - Started process (PID=455) to work on /opt/airflow/dags/steam_analytics.py
[2026-09-10T07:27:00.731+0000] {processor.py:830} INFO - Processing file /opt/airflow/dags/steam_analytics.py for tasks to queue
[2026-09-10T07:27:00.732+0000] {logging_mixin.py:188} INFO - [2026-09-10T07:27:00.732+0000] {dagbag.py:545} INFO - Filling up the DagBag from /opt/airflow/dags/steam_analytics.py
[2026-09-10T07:27:00.863+0000] {processor.py:840} INFO - DAG(s) 'steam_analytics_daily' retrieved from /opt/airflow/dags/steam_analytics.py
[2026-09-10T07:27:00.887+0000] {logging_mixin.py:188} INFO - [2026-09-10T07:27:00.886+0000] {dag.py:3089} INFO - Sync 1 DAGs
[2026-09-10T07:27:00.908+0000] {logging_mixin.py:188} INFO - [2026-09-10T07:27:00.908+0000] {dag.py:3947} INFO - Setting next_dagrun for steam_analytics_daily to 2026-09-10 02:00:00+00:00, run_after=2026-09-11 02:00:00+00:00
[2026-09-10T07:27:00.927+0000] {processor.py:183} INFO - Processing /opt/airflow/dags/steam_analytics.py took 0.202 seconds
[2026-09-10T07:27:31.047+0000] {processor.py:161} INFO - Started process (PID=460) to work on /opt/airflow/dags/steam_analytics.py
[2026-09-10T07:27:31.048+0000] {processor.py:830} INFO - Processing file /opt/airflow/dags/steam_analytics.py for tasks to queue
[2026-09-10T07:27:31.050+0000] {logging_mixin.py:188} INFO - [2026-09-10T07:27:31.049+0000] {dagbag.py:545} INFO - Filling up the DagBag from /opt/airflow/dags/steam_analytics.py
[2026-09-10T07:27:31.183+0000] {processor.py:840} INFO - DAG(s) 'steam_analytics_daily' retrieved from /opt/airflow/dags/steam_analytics.py
[2026-09-10T07:27:31.210+0000] {logging_mixin.py:188} INFO - [2026-09-10T07:27:31.210+0000] {dag.py:3089} INFO - Sync 1 DAGs
[2026-09-10T07:27:31.229+0000] {logging_mixin.py:188} INFO - [2026-09-10T07:27:31.229+0000] {dag.py:3947} INFO - Setting next_dagrun for steam_analytics_daily to 2026-09-10 02:00:00+00:00, run_after=2026-09-11 02:00:00+00:00
[2026-09-10T07:27:31.244+0000] {processor.py:183} INFO - Processing /opt/airflow/dags/steam_analytics.py took 0.203 seconds
[2026-09-10T07:28:01.361+0000] {processor.py:161} INFO - Started process (PID=465) to work on /opt/airflow/dags/steam_analytics.py
[2026-09-10T07:28:01.362+0000] {processor.py:830} INFO - Processing file /opt/airflow/dags/steam_analytics.py for tasks to queue
[2026-09-10T07:28:01.365+0000] {logging_mixin.py:188} INFO - [2026-09-10T07:28:01.364+0000] {dagbag.py:545} INFO - Filling up the DagBag from /opt/airflow/dags/steam_analytics.py
[2026-09-10T07:28:01.510+0000] {processor.py:840} INFO - DAG(s) 'steam_analytics_daily' retrieved from /opt/airflow/dags/steam_analytics.py
[2026-09-10T07:28:01.541+0000] {logging_mixin.py:188} INFO - [2026-09-10T07:28:01.541+0000] {dag.py:3089} INFO - Sync 1 DAGs
[2026-09-10T07:28:01.566+0000] {logging_mixin.py:188} INFO - [2026-09-10T07:28:01.565+0000] {dag.py:3947} INFO - Setting next_dagrun for steam_analytics_daily to 2026-09-10 02:00:00+00:00, run_after=2026-09-11 02:00:00+00:00
[2026-09-10T07:28:01.581+0000] {processor.py:183} INFO - Processing /opt/airflow/dags/steam_analytics.py took 0.226 seconds
[2026-09-10T07:28:31.711+0000] {processor.py:161} INFO - Started process (PID=470) to work on /opt/airflow/dags/steam_analytics.py
[2026-09-10T07:28:31.711+0000] {processor.py:830} INFO - Processing file /opt/airflow/dags/steam_analytics.py for tasks to queue
[2026-09-10T07:28:31.712+0000] {logging_mixin.py:188} INFO - [2026-09-10T07:28:31.712+0000] {dagbag.py:545} INFO - Filling up the DagBag from /opt/airflow/dags/steam_analytics.py
[2026-09-10T07:28:31.847+0000] {processor.py:840} INFO - DAG(s) 'steam_analytics_daily' retrieved from /opt/airflow/dags/steam_analytics.py
[2026-09-10T07:28:31.883+0000] {logging_mixin.py:188} INFO - [2026-09-10T07:28:31.883+0000] {dag.py:3089} INFO - Sync 1 DAGs
[2026-09-10T07:28:31.906+0000] {logging_mixin.py:188} INFO - [2026-09-10T07:28:31.906+0000] {dag.py:3947} INFO - Setting next_dagrun for steam_analytics_daily to 2026-09-10 02:00:00+00:00, run_after=2026-09-11 02:00:00+00:00
[2026-09-10T07:28:31.922+0000] {processor.py:183} INFO - Processing /opt/airflow/dags/steam_analytics.py took 0.220 seconds
[2026-09-10T07:29:02.040+0000] {processor.py:161} INFO - Started process (PID=475) to work on /opt/airflow/dags/steam_analytics.py
[2026-09-10T07:29:02.041+0000] {processor.py:830} INFO - Processing file /opt/airflow/dags/steam_analytics.py for tasks to queue
[2026-09-10T07:29:02.042+0000] {logging_mixin.py:188} INFO - [2026-09-10T07:29:02.042+0000] {dagbag.py:545} INFO - Filling up the DagBag from /opt/airflow/dags/steam_analytics.py
[2026-09-10T07:29:02.172+0000] {processor.py:840} INFO - DAG(s) 'steam_analytics_daily' retrieved from /opt/airflow/dags/steam_analytics.py
[2026-09-10T07:29:02.201+0000] {logging_mixin.py:188} INFO - [2026-09-10T07:29:02.200+0000] {dag.py:3089} INFO - Sync 1 DAGs
[2026-09-10T07:29:02.221+0000] {logging_mixin.py:188} INFO - [2026-09-10T07:29:02.221+0000] {dag.py:3947} INFO - Setting next_dagrun for steam_analytics_daily to 2026-09-10 02:00:00+00:00, run_after=2026-09-11 02:00:00+00:00
[2026-09-10T07:29:02.236+0000] {processor.py:183} INFO - Processing /opt/airflow/dags/steam_analytics.py took 0.202 seconds
[2026-09-10T07:29:32.346+0000] {processor.py:161} INFO - Started process (PID=480) to work on /opt/airflow/dags/steam_analytics.py
[2026-09-10T07:29:32.347+0000] {processor.py:830} INFO - Processing file /opt/airflow/dags/steam_analytics.py for tasks to queue
[2026-09-10T07:29:32.348+0000] {logging_mixin.py:188} INFO - [2026-09-10T07:29:32.348+0000] {dagbag.py:545} INFO - Filling up the DagBag from /opt/airflow/dags/steam_analytics.py
[2026-09-10T07:29:32.479+0000] {processor.py:840} INFO - DAG(s) 'steam_analytics_daily' retrieved from /opt/airflow/dags/steam_analytics.py
[2026-09-10T07:29:32.504+0000] {logging_mixin.py:188} INFO - [2026-09-10T07:29:32.504+0000] {dag.py:3089} INFO - Sync 1 DAGs
[2026-09-10T07:29:32.526+0000] {logging_mixin.py:188} INFO - [2026-09-10T07:29:32.526+0000] {dag.py:3947} INFO - Setting next_dagrun for steam_analytics_daily to 2026-09-10 02:00:00+00:00, run_after=2026-09-11 02:00:00+00:00
[2026-09-10T07:29:32.543+0000] {processor.py:183} INFO - Processing /opt/airflow/dags/steam_analytics.py took 0.200 seconds
[2026-09-10T07:30:02.656+0000] {processor.py:161} INFO - Started process (PID=485) to work on /opt/airflow/dags/steam_analytics.py
[2026-09-10T07:30:02.657+0000] {processor.py:830} INFO - Processing file /opt/airflow/dags/steam_analytics.py for tasks to queue
[2026-09-10T07:30:02.658+0000] {logging_mixin.py:188} INFO - [2026-09-10T07:30:02.658+0000] {dagbag.py:545} INFO - Filling up the DagBag from /opt/airflow/dags/steam_analytics.py
[2026-09-10T07:30:02.782+0000] {processor.py:840} INFO - DAG(s) 'steam_analytics_daily' retrieved from /opt/airflow/dags/steam_analytics.py
[2026-09-10T07:30:02.807+0000] {logging_mixin.py:188} INFO - [2026-09-10T07:30:02.806+0000] {dag.py:3089} INFO - Sync 1 DAGs
[2026-09-10T07:30:02.826+0000] {logging_mixin.py:188} INFO - [2026-09-10T07:30:02.825+0000] {dag.py:3947} INFO - Setting next_dagrun for steam_analytics_daily to 2026-09-10 02:00:00+00:00, run_after=2026-09-11 02:00:00+00:00
[2026-09-10T07:30:02.840+0000] {processor.py:183} INFO - Processing /opt/airflow/dags/steam_analytics.py took 0.190 seconds
[2026-09-10T07:30:32.953+0000] {processor.py:161} INFO - Started process (PID=490) to work on /opt/airflow/dags/steam_analytics.py
[2026-09-10T07:30:32.953+0000] {processor.py:830} INFO - Processing file /opt/airflow/dags/steam_analytics.py for tasks to queue
[2026-09-10T07:30:32.954+0000] {logging_mixin.py:188} INFO - [2026-09-10T07:30:32.954+0000] {dagbag.py:545} INFO - Filling up the DagBag from /opt/airflow/dags/steam_analytics.py
[2026-09-10T07:30:33.078+0000] {processor.py:840} INFO - DAG(s) 'steam_analytics_daily' retrieved from /opt/airflow/dags/steam_analytics.py
[2026-09-10T07:30:33.103+0000] {logging_mixin.py:188} INFO - [2026-09-10T07:30:33.103+0000] {dag.py:3089} INFO - Sync 1 DAGs
[2026-09-10T07:30:33.121+0000] {logging_mixin.py:188} INFO - [2026-09-10T07:30:33.120+0000] {dag.py:3947} INFO - Setting next_dagrun for steam_analytics_daily to 2026-09-10 02:00:00+00:00, run_after=2026-09-11 02:00:00+00:00
[2026-09-10T07:30:33.136+0000] {processor.py:183} INFO - Processing /opt/airflow/dags/steam_analytics.py took 0.187 seconds
[2026-09-10T07:31:03.249+0000] {processor.py:161} INFO - Started process (PID=495) to work on /opt/airflow/dags/steam_analytics.py
[2026-09-10T07:31:03.249+0000] {processor.py:830} INFO - Processing file /opt/airflow/dags/steam_analytics.py for tasks to queue
[2026-09-10T07:31:03.250+0000] {logging_mixin.py:188} INFO - [2026-09-10T07:31:03.250+0000] {dagbag.py:545} INFO - Filling up the DagBag from /opt/airflow/dags/steam_analytics.py
[2026-09-10T07:31:03.373+0000] {processor.py:840} INFO - DAG(s) 'steam_analytics_daily' retrieved from /opt/airflow/dags/steam_analytics.py
[2026-09-10T07:31:03.396+0000] {logging_mixin.py:188} INFO - [2026-09-10T07:31:03.396+0000] {dag.py:3089} INFO - Sync 1 DAGs
[2026-09-10T07:31:03.415+0000] {logging_mixin.py:188} INFO - [2026-09-10T07:31:03.415+0000] {dag.py:3947} INFO - Setting next_dagrun for steam_analytics_daily to 2026-09-10 02:00:00+00:00, run_after=2026-09-11 02:00:00+00:00
[2026-09-10T07:31:03.429+0000] {processor.py:183} INFO - Processing /opt/airflow/dags/steam_analytics.py took 0.185 seconds
[2026-09-10T07:31:33.539+0000] {processor.py:161} INFO - Started process (PID=500) to work on /opt/airflow/dags/steam_analytics.py
[2026-09-10T07:31:33.539+0000] {processor.py:830} INFO - Processing file /opt/airflow/dags/steam_analytics.py for tasks to queue
[2026-09-10T07:31:33.541+0000] {logging_mixin.py:188} INFO - [2026-09-10T07:31:33.541+0000] {dagbag.py:545} INFO - Filling up the DagBag from /opt/airflow/dags/steam_analytics.py
[2026-09-10T07:31:33.663+0000] {processor.py:840} INFO - DAG(s) 'steam_analytics_daily' retrieved from /opt/airflow/dags/steam_analytics.py
[2026-09-10T07:31:33.688+0000] {logging_mixin.py:188} INFO - [2026-09-10T07:31:33.687+0000] {dag.py:3089} INFO - Sync 1 DAGs
[2026-09-10T07:31:33.709+0000] {logging_mixin.py:188} INFO - [2026-09-10T07:31:33.709+0000] {dag.py:3947} INFO - Setting next_dagrun for steam_analytics_daily to 2026-09-10 02:00:00+00:00, run_after=2026-09-11 02:00:00+00:00
[2026-09-10T07:31:33.723+0000] {processor.py:183} INFO - Processing /opt/airflow/dags/steam_analytics.py took 0.189 seconds
[2026-09-10T07:32:03.836+0000] {processor.py:161} INFO - Started process (PID=505) to work on /opt/airflow/dags/steam_analytics.py
[2026-09-10T07:32:03.837+0000] {processor.py:830} INFO - Processing file /opt/airflow/dags/steam_analytics.py for tasks to queue
[2026-09-10T07:32:03.838+0000] {logging_mixin.py:188} INFO - [2026-09-10T07:32:03.838+0000] {dagbag.py:545} INFO - Filling up the DagBag from /opt/airflow/dags/steam_analytics.py
[2026-09-10T07:32:03.965+0000] {processor.py:840} INFO - DAG(s) 'steam_analytics_daily' retrieved from /opt/airflow/dags/steam_analytics.py
[2026-09-10T07:32:03.989+0000] {logging_mixin.py:188} INFO - [2026-09-10T07:32:03.989+0000] {dag.py:3089} INFO - Sync 1 DAGs
[2026-09-10T07:32:04.008+0000] {logging_mixin.py:188} INFO - [2026-09-10T07:32:04.008+0000] {dag.py:3947} INFO - Setting next_dagrun for steam_analytics_daily to 2026-09-10 02:00:00+00:00, run_after=2026-09-11 02:00:00+00:00
[2026-09-10T07:32:04.022+0000] {processor.py:183} INFO - Processing /opt/airflow/dags/steam_analytics.py took 0.190 seconds
[2026-09-10T07:32:34.140+0000] {processor.py:161} INFO - Started process (PID=510) to work on /opt/airflow/dags/steam_analytics.py
[2026-09-10T07:32:34.141+0000] {processor.py:830} INFO - Processing file /opt/airflow/dags/steam_analytics.py for tasks to queue
[2026-09-10T07:32:34.142+0000] {logging_mixin.py:188} INFO - [2026-09-10T07:32:34.142+0000] {dagbag.py:545} INFO - Filling up the DagBag from /opt/airflow/dags/steam_analytics.py
[2026-09-10T07:32:34.268+0000] {processor.py:840} INFO - DAG(s) 'steam_analytics_daily' retrieved from /opt/airflow/dags/steam_analytics.py
[2026-09-10T07:32:34.291+0000] {logging_mixin.py:188} INFO - [2026-09-10T07:32:34.291+0000] {dag.py:3089} INFO - Sync 1 DAGs
[2026-09-10T07:32:34.310+0000] {logging_mixin.py:188} INFO - [2026-09-10T07:32:34.310+0000] {dag.py:3947} INFO - Setting next_dagrun for steam_analytics_daily to 2026-09-10 02:00:00+00:00, run_after=2026-09-11 02:00:00+00:00
[2026-09-10T07:32:34.325+0000] {processor.py:183} INFO - Processing /opt/airflow/dags/steam_analytics.py took 0.189 seconds
[2026-09-10T07:33:04.440+0000] {processor.py:161} INFO - Started process (PID=515) to work on /opt/airflow/dags/steam_analytics.py
[2026-09-10T07:33:04.441+0000] {processor.py:830} INFO - Processing file /opt/airflow/dags/steam_analytics.py for tasks to queue
[2026-09-10T07:33:04.442+0000] {logging_mixin.py:188} INFO - [2026-09-10T07:33:04.442+0000] {dagbag.py:545} INFO - Filling up the DagBag from /opt/airflow/dags/steam_analytics.py
[2026-09-10T07:33:04.566+0000] {processor.py:840} INFO - DAG(s) 'steam_analytics_daily' retrieved from /opt/airflow/dags/steam_analytics.py
[2026-09-10T07:33:04.589+0000] {logging_mixin.py:188} INFO - [2026-09-10T07:33:04.589+0000] {dag.py:3089} INFO - Sync 1 DAGs
[2026-09-10T07:33:04.608+0000] {logging_mixin.py:188} INFO - [2026-09-10T07:33:04.608+0000] {dag.py:3947} INFO - Setting next_dagrun for steam_analytics_daily to 2026-09-10 02:00:00+00:00, run_after=2026-09-11 02:00:00+00:00
[2026-09-10T07:33:04.625+0000] {processor.py:183} INFO - Processing /opt/airflow/dags/steam_analytics.py took 0.188 seconds
[2026-09-10T07:33:34.738+0000] {processor.py:161} INFO - Started process (PID=520) to work on /opt/airflow/dags/steam_analytics.py
[2026-09-10T07:33:34.739+0000] {processor.py:830} INFO - Processing file /opt/airflow/dags/steam_analytics.py for tasks to queue
[2026-09-10T07:33:34.740+0000] {logging_mixin.py:188} INFO - [2026-09-10T07:33:34.740+0000] {dagbag.py:545} INFO - Filling up the DagBag from /opt/airflow/dags/steam_analytics.py
[2026-09-10T07:33:34.865+0000] {processor.py:840} INFO - DAG(s) 'steam_analytics_daily' retrieved from /opt/airflow/dags/steam_analytics.py
[2026-09-10T07:33:34.888+0000] {logging_mixin.py:188} INFO - [2026-09-10T07:33:34.888+0000] {dag.py:3089} INFO - Sync 1 DAGs
[2026-09-10T07:33:34.907+0000] {logging_mixin.py:188} INFO - [2026-09-10T07:33:34.906+0000] {dag.py:3947} INFO - Setting next_dagrun for steam_analytics_daily to 2026-09-10 02:00:00+00:00, run_after=2026-09-11 02:00:00+00:00
[2026-09-10T07:33:34.922+0000] {processor.py:183} INFO - Processing /opt/airflow/dags/steam_analytics.py took 0.188 seconds
[2026-09-10T07:34:05.037+0000] {processor.py:161} INFO - Started process (PID=525) to work on /opt/airflow/dags/steam_analytics.py
[2026-09-10T07:34:05.037+0000] {processor.py:830} INFO - Processing file /opt/airflow/dags/steam_analytics.py for tasks to queue
[2026-09-10T07:34:05.039+0000] {logging_mixin.py:188} INFO - [2026-09-10T07:34:05.038+0000] {dagbag.py:545} INFO - Filling up the DagBag from /opt/airflow/dags/steam_analytics.py
[2026-09-10T07:34:05.164+0000] {processor.py:840} INFO - DAG(s) 'steam_analytics_daily' retrieved from /opt/airflow/dags/steam_analytics.py
[2026-09-10T07:34:05.188+0000] {logging_mixin.py:188} INFO - [2026-09-10T07:34:05.188+0000] {dag.py:3089} INFO - Sync 1 DAGs
[2026-09-10T07:34:05.206+0000] {logging_mixin.py:188} INFO - [2026-09-10T07:34:05.205+0000] {dag.py:3947} INFO - Setting next_dagrun for steam_analytics_daily to 2026-09-10 02:00:00+00:00, run_after=2026-09-11 02:00:00+00:00
[2026-09-10T07:34:05.220+0000] {processor.py:183} INFO - Processing /opt/airflow/dags/steam_analytics.py took 0.188 seconds
[2026-09-10T07:34:35.327+0000] {processor.py:161} INFO - Started process (PID=530) to work on /opt/airflow/dags/steam_analytics.py
[2026-09-10T07:34:35.328+0000] {processor.py:830} INFO - Processing file /opt/airflow/dags/steam_analytics.py for tasks to queue
[2026-09-10T07:34:35.329+0000] {logging_mixin.py:188} INFO - [2026-09-10T07:34:35.329+0000] {dagbag.py:545} INFO - Filling up the DagBag from /opt/airflow/dags/steam_analytics.py
[2026-09-10T07:34:35.455+0000] {processor.py:840} INFO - DAG(s) 'steam_analytics_daily' retrieved from /opt/airflow/dags/steam_analytics.py
[2026-09-10T07:34:35.479+0000] {logging_mixin.py:188} INFO - [2026-09-10T07:34:35.479+0000] {dag.py:3089} INFO - Sync 1 DAGs
[2026-09-10T07:34:35.497+0000] {logging_mixin.py:188} INFO - [2026-09-10T07:34:35.497+0000] {dag.py:3947} INFO - Setting next_dagrun for steam_analytics_daily to 2026-09-10 02:00:00+00:00, run_after=2026-09-11 02:00:00+00:00
[2026-09-10T07:34:35.512+0000] {processor.py:183} INFO - Processing /opt/airflow/dags/steam_analytics.py took 0.189 seconds
[2026-09-10T07:35:05.622+0000] {processor.py:161} INFO - Started process (PID=535) to work on /opt/airflow/dags/steam_analytics.py
[2026-09-10T07:35:05.623+0000] {processor.py:830} INFO - Processing file /opt/airflow/dags/steam_analytics.py for tasks to queue
[2026-09-10T07:35:05.624+0000] {logging_mixin.py:188} INFO - [2026-09-10T07:35:05.624+0000] {dagbag.py:545} INFO - Filling up the DagBag from /opt/airflow/dags/steam_analytics.py
[2026-09-10T07:35:05.750+0000] {processor.py:840} INFO - DAG(s) 'steam_analytics_daily' retrieved from /opt/airflow/dags/steam_analytics.py
[2026-09-10T07:35:05.774+0000] {logging_mixin.py:188} INFO - [2026-09-10T07:35:05.773+0000] {dag.py:3089} INFO - Sync 1 DAGs
[2026-09-10T07:35:05.792+0000] {logging_mixin.py:188} INFO - [2026-09-10T07:35:05.792+0000] {dag.py:3947} INFO - Setting next_dagrun for steam_analytics_daily to 2026-09-10 02:00:00+00:00, run_after=2026-09-11 02:00:00+00:00
[2026-09-10T07:35:05.808+0000] {processor.py:183} INFO - Processing /opt/airflow/dags/steam_analytics.py took 0.190 seconds
[2026-09-10T07:35:35.920+0000] {processor.py:161} INFO - Started process (PID=540) to work on /opt/airflow/dags/steam_analytics.py
[2026-09-10T07:35:35.920+0000] {processor.py:830} INFO - Processing file /opt/airflow/dags/steam_analytics.py for tasks to queue
[2026-09-10T07:35:35.922+0000] {logging_mixin.py:188} INFO - [2026-09-10T07:35:35.921+0000] {dagbag.py:545} INFO - Filling up the DagBag from /opt/airflow/dags/steam_analytics.py
[2026-09-10T07:35:36.045+0000] {processor.py:840} INFO - DAG(s) 'steam_analytics_daily' retrieved from /opt/airflow/dags/steam_analytics.py
[2026-09-10T07:35:36.067+0000] {logging_mixin.py:188} INFO - [2026-09-10T07:35:36.067+0000] {dag.py:3089} INFO - Sync 1 DAGs
[2026-09-10T07:35:36.085+0000] {logging_mixin.py:188} INFO - [2026-09-10T07:35:36.085+0000] {dag.py:3947} INFO - Setting next_dagrun for steam_analytics_daily to 2026-09-10 02:00:00+00:00, run_after=2026-09-11 02:00:00+00:00
[2026-09-10T07:35:36.099+0000] {processor.py:183} INFO - Processing /opt/airflow/dags/steam_analytics.py took 0.184 seconds
[2026-09-10T07:36:06.210+0000] {processor.py:161} INFO - Started process (PID=545) to work on /opt/airflow/dags/steam_analytics.py
[2026-09-10T07:36:06.210+0000] {processor.py:830} INFO - Processing file /opt/airflow/dags/steam_analytics.py for tasks to queue
[2026-09-10T07:36:06.212+0000] {logging_mixin.py:188} INFO - [2026-09-10T07:36:06.212+0000] {dagbag.py:545} INFO - Filling up the DagBag from /opt/airflow/dags/steam_analytics.py
[2026-09-10T07:36:06.340+0000] {processor.py:840} INFO - DAG(s) 'steam_analytics_daily' retrieved from /opt/airflow/dags/steam_analytics.py
[2026-09-10T07:36:06.364+0000] {logging_mixin.py:188} INFO - [2026-09-10T07:36:06.364+0000] {dag.py:3089} INFO - Sync 1 DAGs
[2026-09-10T07:36:06.384+0000] {logging_mixin.py:188} INFO - [2026-09-10T07:36:06.383+0000] {dag.py:3947} INFO - Setting next_dagrun for steam_analytics_daily to 2026-09-10 02:00:00+00:00, run_after=2026-09-11 02:00:00+00:00
[2026-09-10T07:36:06.398+0000] {processor.py:183} INFO - Processing /opt/airflow/dags/steam_analytics.py took 0.193 seconds
[2026-09-10T07:36:36.510+0000] {processor.py:161} INFO - Started process (PID=550) to work on /opt/airflow/dags/steam_analytics.py
[2026-09-10T07:36:36.511+0000] {processor.py:830} INFO - Processing file /opt/airflow/dags/steam_analytics.py for tasks to queue
[2026-09-10T07:36:36.512+0000] {logging_mixin.py:188} INFO - [2026-09-10T07:36:36.512+0000] {dagbag.py:545} INFO - Filling up the DagBag from /opt/airflow/dags/steam_analytics.py
[2026-09-10T07:36:36.637+0000] {processor.py:840} INFO - DAG(s) 'steam_analytics_daily' retrieved from /opt/airflow/dags/steam_analytics.py
[2026-09-10T07:36:36.661+0000] {logging_mixin.py:188} INFO - [2026-09-10T07:36:36.661+0000] {dag.py:3089} INFO - Sync 1 DAGs
[2026-09-10T07:36:36.679+0000] {logging_mixin.py:188} INFO - [2026-09-10T07:36:36.679+0000] {dag.py:3947} INFO - Setting next_dagrun for steam_analytics_daily to 2026-09-10 02:00:00+00:00, run_after=2026-09-11 02:00:00+00:00
[2026-09-10T07:36:36.694+0000] {processor.py:183} INFO - Processing /opt/airflow/dags/steam_analytics.py took 0.187 seconds
[2026-09-10T07:37:06.832+0000] {processor.py:161} INFO - Started process (PID=555) to work on /opt/airflow/dags/steam_analytics.py
[2026-09-10T07:37:06.833+0000] {processor.py:830} INFO - Processing file /opt/airflow/dags/steam_analytics.py for tasks to queue
[2026-09-10T07:37:06.835+0000] {logging_mixin.py:188} INFO - [2026-09-10T07:37:06.834+0000] {dagbag.py:545} INFO - Filling up the DagBag from /opt/airflow/dags/steam_analytics.py
[2026-09-10T07:37:06.986+0000] {processor.py:840} INFO - DAG(s) 'steam_analytics_daily' retrieved from /opt/airflow/dags/steam_analytics.py
[2026-09-10T07:37:07.013+0000] {logging_mixin.py:188} INFO - [2026-09-10T07:37:07.013+0000] {dag.py:3089} INFO - Sync 1 DAGs
[2026-09-10T07:37:07.034+0000] {logging_mixin.py:188} INFO - [2026-09-10T07:37:07.034+0000] {dag.py:3947} INFO - Setting next_dagrun for steam_analytics_daily to 2026-09-10 02:00:00+00:00, run_after=2026-09-11 02:00:00+00:00
[2026-09-10T07:37:07.051+0000] {processor.py:183} INFO - Processing /opt/airflow/dags/steam_analytics.py took 0.224 seconds
[2026-09-10T07:37:37.173+0000] {processor.py:161} INFO - Started process (PID=560) to work on /opt/airflow/dags/steam_analytics.py
[2026-09-10T07:37:37.174+0000] {processor.py:830} INFO - Processing file /opt/airflow/dags/steam_analytics.py for tasks to queue
[2026-09-10T07:37:37.175+0000] {logging_mixin.py:188} INFO - [2026-09-10T07:37:37.175+0000] {dagbag.py:545} INFO - Filling up the DagBag from /opt/airflow/dags/steam_analytics.py
[2026-09-10T07:37:37.305+0000] {processor.py:840} INFO - DAG(s) 'steam_analytics_daily' retrieved from /opt/airflow/dags/steam_analytics.py
[2026-09-10T07:37:37.330+0000] {logging_mixin.py:188} INFO - [2026-09-10T07:37:37.329+0000] {dag.py:3089} INFO - Sync 1 DAGs
[2026-09-10T07:37:37.352+0000] {logging_mixin.py:188} INFO - [2026-09-10T07:37:37.352+0000] {dag.py:3947} INFO - Setting next_dagrun for steam_analytics_daily to 2026-09-10 02:00:00+00:00, run_after=2026-09-11 02:00:00+00:00
[2026-09-10T07:37:37.371+0000] {processor.py:183} INFO - Processing /opt/airflow/dags/steam_analytics.py took 0.202 seconds
[2026-09-10T07:38:07.498+0000] {processor.py:161} INFO - Started process (PID=565) to work on /opt/airflow/dags/steam_analytics.py
[2026-09-10T07:38:07.499+0000] {processor.py:830} INFO - Processing file /opt/airflow/dags/steam_analytics.py for tasks to queue
[2026-09-10T07:38:07.500+0000] {logging_mixin.py:188} INFO - [2026-09-10T07:38:07.500+0000] {dagbag.py:545} INFO - Filling up the DagBag from /opt/airflow/dags/steam_analytics.py
[2026-09-10T07:38:07.652+0000] {processor.py:840} INFO - DAG(s) 'steam_analytics_daily' retrieved from /opt/airflow/dags/steam_analytics.py
[2026-09-10T07:38:07.677+0000] {logging_mixin.py:188} INFO - [2026-09-10T07:38:07.677+0000] {dag.py:3089} INFO - Sync 1 DAGs
[2026-09-10T07:38:07.700+0000] {logging_mixin.py:188} INFO - [2026-09-10T07:38:07.700+0000] {dag.py:3947} INFO - Setting next_dagrun for steam_analytics_daily to 2026-09-10 02:00:00+00:00, run_after=2026-09-11 02:00:00+00:00
[2026-09-10T07:38:07.718+0000] {processor.py:183} INFO - Processing /opt/airflow/dags/steam_analytics.py took 0.225 seconds
[2026-09-10T07:38:37.834+0000] {processor.py:161} INFO - Started process (PID=570) to work on /opt/airflow/dags/steam_analytics.py
[2026-09-10T07:38:37.835+0000] {processor.py:830} INFO - Processing file /opt/airflow/dags/steam_analytics.py for tasks to queue
[2026-09-10T07:38:37.836+0000] {logging_mixin.py:188} INFO - [2026-09-10T07:38:37.836+0000] {dagbag.py:545} INFO - Filling up the DagBag from /opt/airflow/dags/steam_analytics.py
[2026-09-10T07:38:37.959+0000] {processor.py:840} INFO - DAG(s) 'steam_analytics_daily' retrieved from /opt/airflow/dags/steam_analytics.py
[2026-09-10T07:38:37.983+0000] {logging_mixin.py:188} INFO - [2026-09-10T07:38:37.983+0000] {dag.py:3089} INFO - Sync 1 DAGs
[2026-09-10T07:38:38.000+0000] {logging_mixin.py:188} INFO - [2026-09-10T07:38:38.000+0000] {dag.py:3947} INFO - Setting next_dagrun for steam_analytics_daily to 2026-09-10 02:00:00+00:00, run_after=2026-09-11 02:00:00+00:00
[2026-09-10T07:38:38.015+0000] {processor.py:183} INFO - Processing /opt/airflow/dags/steam_analytics.py took 0.185 seconds
[2026-09-10T07:39:08.139+0000] {processor.py:161} INFO - Started process (PID=575) to work on /opt/airflow/dags/steam_analytics.py
[2026-09-10T07:39:08.139+0000] {processor.py:830} INFO - Processing file /opt/airflow/dags/steam_analytics.py for tasks to queue
[2026-09-10T07:39:08.141+0000] {logging_mixin.py:188} INFO - [2026-09-10T07:39:08.140+0000] {dagbag.py:545} INFO - Filling up the DagBag from /opt/airflow/dags/steam_analytics.py
[2026-09-10T07:39:08.265+0000] {processor.py:840} INFO - DAG(s) 'steam_analytics_daily' retrieved from /opt/airflow/dags/steam_analytics.py
[2026-09-10T07:39:08.288+0000] {logging_mixin.py:188} INFO - [2026-09-10T07:39:08.288+0000] {dag.py:3089} INFO - Sync 1 DAGs
[2026-09-10T07:39:08.306+0000] {logging_mixin.py:188} INFO - [2026-09-10T07:39:08.306+0000] {dag.py:3947} INFO - Setting next_dagrun for steam_analytics_daily to 2026-09-10 02:00:00+00:00, run_after=2026-09-11 02:00:00+00:00
[2026-09-10T07:39:08.320+0000] {processor.py:183} INFO - Processing /opt/airflow/dags/steam_analytics.py took 0.186 seconds
[2026-09-10T07:39:38.434+0000] {processor.py:161} INFO - Started process (PID=580) to work on /opt/airflow/dags/steam_analytics.py
[2026-09-10T07:39:38.434+0000] {processor.py:830} INFO - Processing file /opt/airflow/dags/steam_analytics.py for tasks to queue
[2026-09-10T07:39:38.436+0000] {logging_mixin.py:188} INFO - [2026-09-10T07:39:38.435+0000] {dagbag.py:545} INFO - Filling up the DagBag from /opt/airflow/dags/steam_analytics.py
[2026-09-10T07:39:38.564+0000] {processor.py:840} INFO - DAG(s) 'steam_analytics_daily' retrieved from /opt/airflow/dags/steam_analytics.py
[2026-09-10T07:39:38.587+0000] {logging_mixin.py:188} INFO - [2026-09-10T07:39:38.587+0000] {dag.py:3089} INFO - Sync 1 DAGs
[2026-09-10T07:39:38.604+0000] {logging_mixin.py:188} INFO - [2026-09-10T07:39:38.604+0000] {dag.py:3947} INFO - Setting next_dagrun for steam_analytics_daily to 2026-09-10 02:00:00+00:00, run_after=2026-09-11 02:00:00+00:00
[2026-09-10T07:39:38.619+0000] {processor.py:183} INFO - Processing /opt/airflow/dags/steam_analytics.py took 0.190 seconds
[2026-09-10T07:40:08.729+0000] {processor.py:161} INFO - Started process (PID=585) to work on /opt/airflow/dags/steam_analytics.py
[2026-09-10T07:40:08.730+0000] {processor.py:830} INFO - Processing file /opt/airflow/dags/steam_analytics.py for tasks to queue
[2026-09-10T07:40:08.731+0000] {logging_mixin.py:188} INFO - [2026-09-10T07:40:08.731+0000] {dagbag.py:545} INFO - Filling up the DagBag from /opt/airflow/dags/steam_analytics.py
[2026-09-10T07:40:08.860+0000] {processor.py:840} INFO - DAG(s) 'steam_analytics_daily' retrieved from /opt/airflow/dags/steam_analytics.py
[2026-09-10T07:40:08.885+0000] {logging_mixin.py:188} INFO - [2026-09-10T07:40:08.885+0000] {dag.py:3089} INFO - Sync 1 DAGs
[2026-09-10T07:40:08.906+0000] {logging_mixin.py:188} INFO - [2026-09-10T07:40:08.906+0000] {dag.py:3947} INFO - Setting next_dagrun for steam_analytics_daily to 2026-09-10 02:00:00+00:00, run_after=2026-09-11 02:00:00+00:00
[2026-09-10T07:40:08.921+0000] {processor.py:183} INFO - Processing /opt/airflow/dags/steam_analytics.py took 0.195 seconds
[2026-09-10T07:40:39.043+0000] {processor.py:161} INFO - Started process (PID=590) to work on /opt/airflow/dags/steam_analytics.py
[2026-09-10T07:40:39.044+0000] {processor.py:830} INFO - Processing file /opt/airflow/dags/steam_analytics.py for tasks to queue
[2026-09-10T07:40:39.045+0000] {logging_mixin.py:188} INFO - [2026-09-10T07:40:39.045+0000] {dagbag.py:545} INFO - Filling up the DagBag from /opt/airflow/dags/steam_analytics.py
[2026-09-10T07:40:39.185+0000] {processor.py:840} INFO - DAG(s) 'steam_analytics_daily' retrieved from /opt/airflow/dags/steam_analytics.py
[2026-09-10T07:40:39.211+0000] {logging_mixin.py:188} INFO - [2026-09-10T07:40:39.211+0000] {dag.py:3089} INFO - Sync 1 DAGs
[2026-09-10T07:40:39.229+0000] {logging_mixin.py:188} INFO - [2026-09-10T07:40:39.229+0000] {dag.py:3947} INFO - Setting next_dagrun for steam_analytics_daily to 2026-09-10 02:00:00+00:00, run_after=2026-09-11 02:00:00+00:00
[2026-09-10T07:40:39.243+0000] {processor.py:183} INFO - Processing /opt/airflow/dags/steam_analytics.py took 0.211 seconds
[2026-09-10T07:41:09.369+0000] {processor.py:161} INFO - Started process (PID=595) to work on /opt/airflow/dags/steam_analytics.py
[2026-09-10T07:41:09.370+0000] {processor.py:830} INFO - Processing file /opt/airflow/dags/steam_analytics.py for tasks to queue
[2026-09-10T07:41:09.372+0000] {logging_mixin.py:188} INFO - [2026-09-10T07:41:09.371+0000] {dagbag.py:545} INFO - Filling up the DagBag from /opt/airflow/dags/steam_analytics.py
[2026-09-10T07:41:09.509+0000] {processor.py:840} INFO - DAG(s) 'steam_analytics_daily' retrieved from /opt/airflow/dags/steam_analytics.py
[2026-09-10T07:41:09.540+0000] {logging_mixin.py:188} INFO - [2026-09-10T07:41:09.540+0000] {dag.py:3089} INFO - Sync 1 DAGs
[2026-09-10T07:41:09.560+0000] {logging_mixin.py:188} INFO - [2026-09-10T07:41:09.559+0000] {dag.py:3947} INFO - Setting next_dagrun for steam_analytics_daily to 2026-09-10 02:00:00+00:00, run_after=2026-09-11 02:00:00+00:00
[2026-09-10T07:41:09.574+0000] {processor.py:183} INFO - Processing /opt/airflow/dags/steam_analytics.py took 0.209 seconds
[2026-09-10T07:41:39.685+0000] {processor.py:161} INFO - Started process (PID=600) to work on /opt/airflow/dags/steam_analytics.py
[2026-09-10T07:41:39.685+0000] {processor.py:830} INFO - Processing file /opt/airflow/dags/steam_analytics.py for tasks to queue
[2026-09-10T07:41:39.687+0000] {logging_mixin.py:188} INFO - [2026-09-10T07:41:39.686+0000] {dagbag.py:545} INFO - Filling up the DagBag from /opt/airflow/dags/steam_analytics.py
[2026-09-10T07:41:39.813+0000] {processor.py:840} INFO - DAG(s) 'steam_analytics_daily' retrieved from /opt/airflow/dags/steam_analytics.py
[2026-09-10T07:41:39.841+0000] {logging_mixin.py:188} INFO - [2026-09-10T07:41:39.840+0000] {dag.py:3089} INFO - Sync 1 DAGs
[2026-09-10T07:41:39.860+0000] {logging_mixin.py:188} INFO - [2026-09-10T07:41:39.860+0000] {dag.py:3947} INFO - Setting next_dagrun for steam_analytics_daily to 2026-09-10 02:00:00+00:00, run_after=2026-09-11 02:00:00+00:00
[2026-09-10T07:41:39.877+0000] {processor.py:183} INFO - Processing /opt/airflow/dags/steam_analytics.py took 0.196 seconds
[2026-09-10T07:42:10.008+0000] {processor.py:161} INFO - Started process (PID=605) to work on /opt/airflow/dags/steam_analytics.py
[2026-09-10T07:42:10.009+0000] {processor.py:830} INFO - Processing file /opt/airflow/dags/steam_analytics.py for tasks to queue
[2026-09-10T07:42:10.010+0000] {logging_mixin.py:188} INFO - [2026-09-10T07:42:10.010+0000] {dagbag.py:545} INFO - Filling up the DagBag from /opt/airflow/dags/steam_analytics.py
[2026-09-10T07:42:10.136+0000] {processor.py:840} INFO - DAG(s) 'steam_analytics_daily' retrieved from /opt/airflow/dags/steam_analytics.py
[2026-09-10T07:42:10.160+0000] {logging_mixin.py:188} INFO - [2026-09-10T07:42:10.160+0000] {dag.py:3089} INFO - Sync 1 DAGs
[2026-09-10T07:42:10.180+0000] {logging_mixin.py:188} INFO - [2026-09-10T07:42:10.180+0000] {dag.py:3947} INFO - Setting next_dagrun for steam_analytics_daily to 2026-09-10 02:00:00+00:00, run_after=2026-09-11 02:00:00+00:00
[2026-09-10T07:42:10.197+0000] {processor.py:183} INFO - Processing /opt/airflow/dags/steam_analytics.py took 0.193 seconds
[2026-09-10T07:42:40.309+0000] {processor.py:161} INFO - Started process (PID=610) to work on /opt/airflow/dags/steam_analytics.py
[2026-09-10T07:42:40.309+0000] {processor.py:830} INFO - Processing file /opt/airflow/dags/steam_analytics.py for tasks to queue
[2026-09-10T07:42:40.311+0000] {logging_mixin.py:188} INFO - [2026-09-10T07:42:40.310+0000] {dagbag.py:545} INFO - Filling up the DagBag from /opt/airflow/dags/steam_analytics.py
[2026-09-10T07:42:40.435+0000] {processor.py:840} INFO - DAG(s) 'steam_analytics_daily' retrieved from /opt/airflow/dags/steam_analytics.py
[2026-09-10T07:42:40.459+0000] {logging_mixin.py:188} INFO - [2026-09-10T07:42:40.458+0000] {dag.py:3089} INFO - Sync 1 DAGs
[2026-09-10T07:42:40.476+0000] {logging_mixin.py:188} INFO - [2026-09-10T07:42:40.476+0000] {dag.py:3947} INFO - Setting next_dagrun for steam_analytics_daily to 2026-09-10 02:00:00+00:00, run_after=2026-09-11 02:00:00+00:00
[2026-09-10T07:42:40.490+0000] {processor.py:183} INFO - Processing /opt/airflow/dags/steam_analytics.py took 0.186 seconds
[2026-09-10T07:43:10.604+0000] {processor.py:161} INFO - Started process (PID=615) to work on /opt/airflow/dags/steam_analytics.py
[2026-09-10T07:43:10.605+0000] {processor.py:830} INFO - Processing file /opt/airflow/dags/steam_analytics.py for tasks to queue
[2026-09-10T07:43:10.606+0000] {logging_mixin.py:188} INFO - [2026-09-10T07:43:10.606+0000] {dagbag.py:545} INFO - Filling up the DagBag from /opt/airflow/dags/steam_analytics.py
[2026-09-10T07:43:10.732+0000] {processor.py:840} INFO - DAG(s) 'steam_analytics_daily' retrieved from /opt/airflow/dags/steam_analytics.py
[2026-09-10T07:43:10.755+0000] {logging_mixin.py:188} INFO - [2026-09-10T07:43:10.755+0000] {dag.py:3089} INFO - Sync 1 DAGs
[2026-09-10T07:43:10.774+0000] {logging_mixin.py:188} INFO - [2026-09-10T07:43:10.773+0000] {dag.py:3947} INFO - Setting next_dagrun for steam_analytics_daily to 2026-09-10 02:00:00+00:00, run_after=2026-09-11 02:00:00+00:00
[2026-09-10T07:43:10.788+0000] {processor.py:183} INFO - Processing /opt/airflow/dags/steam_analytics.py took 0.187 seconds
[2026-09-10T07:43:40.900+0000] {processor.py:161} INFO - Started process (PID=620) to work on /opt/airflow/dags/steam_analytics.py
[2026-09-10T07:43:40.900+0000] {processor.py:830} INFO - Processing file /opt/airflow/dags/steam_analytics.py for tasks to queue
[2026-09-10T07:43:40.902+0000] {logging_mixin.py:188} INFO - [2026-09-10T07:43:40.902+0000] {dagbag.py:545} INFO - Filling up the DagBag from /opt/airflow/dags/steam_analytics.py
[2026-09-10T07:43:41.026+0000] {processor.py:840} INFO - DAG(s) 'steam_analytics_daily' retrieved from /opt/airflow/dags/steam_analytics.py
[2026-09-10T07:43:41.049+0000] {logging_mixin.py:188} INFO - [2026-09-10T07:43:41.049+0000] {dag.py:3089} INFO - Sync 1 DAGs
[2026-09-10T07:43:41.067+0000] {logging_mixin.py:188} INFO - [2026-09-10T07:43:41.067+0000] {dag.py:3947} INFO - Setting next_dagrun for steam_analytics_daily to 2026-09-10 02:00:00+00:00, run_after=2026-09-11 02:00:00+00:00
[2026-09-10T07:43:41.083+0000] {processor.py:183} INFO - Processing /opt/airflow/dags/steam_analytics.py took 0.188 seconds
[2026-09-10T07:44:11.201+0000] {processor.py:161} INFO - Started process (PID=625) to work on /opt/airflow/dags/steam_analytics.py
[2026-09-10T07:44:11.202+0000] {processor.py:830} INFO - Processing file /opt/airflow/dags/steam_analytics.py for tasks to queue
[2026-09-10T07:44:11.203+0000] {logging_mixin.py:188} INFO - [2026-09-10T07:44:11.203+0000] {dagbag.py:545} INFO - Filling up the DagBag from /opt/airflow/dags/steam_analytics.py
[2026-09-10T07:44:11.331+0000] {processor.py:840} INFO - DAG(s) 'steam_analytics_daily' retrieved from /opt/airflow/dags/steam_analytics.py
[2026-09-10T07:44:11.357+0000] {logging_mixin.py:188} INFO - [2026-09-10T07:44:11.357+0000] {dag.py:3089} INFO - Sync 1 DAGs
[2026-09-10T07:44:11.376+0000] {logging_mixin.py:188} INFO - [2026-09-10T07:44:11.376+0000] {dag.py:3947} INFO - Setting next_dagrun for steam_analytics_daily to 2026-09-10 02:00:00+00:00, run_after=2026-09-11 02:00:00+00:00
[2026-09-10T07:44:11.399+0000] {processor.py:183} INFO - Processing /opt/airflow/dags/steam_analytics.py took 0.202 seconds
[2026-09-10T07:44:41.516+0000] {processor.py:161} INFO - Started process (PID=630) to work on /opt/airflow/dags/steam_analytics.py
[2026-09-10T07:44:41.517+0000] {processor.py:830} INFO - Processing file /opt/airflow/dags/steam_analytics.py for tasks to queue
[2026-09-10T07:44:41.519+0000] {logging_mixin.py:188} INFO - [2026-09-10T07:44:41.518+0000] {dagbag.py:545} INFO - Filling up the DagBag from /opt/airflow/dags/steam_analytics.py
[2026-09-10T07:44:41.648+0000] {processor.py:840} INFO - DAG(s) 'steam_analytics_daily' retrieved from /opt/airflow/dags/steam_analytics.py
[2026-09-10T07:44:41.673+0000] {logging_mixin.py:188} INFO - [2026-09-10T07:44:41.672+0000] {dag.py:3089} INFO - Sync 1 DAGs
[2026-09-10T07:44:41.691+0000] {logging_mixin.py:188} INFO - [2026-09-10T07:44:41.691+0000] {dag.py:3947} INFO - Setting next_dagrun for steam_analytics_daily to 2026-09-10 02:00:00+00:00, run_after=2026-09-11 02:00:00+00:00
[2026-09-10T07:44:41.705+0000] {processor.py:183} INFO - Processing /opt/airflow/dags/steam_analytics.py took 0.194 seconds
[2026-09-10T07:45:11.821+0000] {processor.py:161} INFO - Started process (PID=635) to work on /opt/airflow/dags/steam_analytics.py
[2026-09-10T07:45:11.821+0000] {processor.py:830} INFO - Processing file /opt/airflow/dags/steam_analytics.py for tasks to queue
[2026-09-10T07:45:11.823+0000] {logging_mixin.py:188} INFO - [2026-09-10T07:45:11.822+0000] {dagbag.py:545} INFO - Filling up the DagBag from /opt/airflow/dags/steam_analytics.py
[2026-09-10T07:45:11.948+0000] {processor.py:840} INFO - DAG(s) 'steam_analytics_daily' retrieved from /opt/airflow/dags/steam_analytics.py
[2026-09-10T07:45:11.974+0000] {logging_mixin.py:188} INFO - [2026-09-10T07:45:11.974+0000] {dag.py:3089} INFO - Sync 1 DAGs
[2026-09-10T07:45:11.992+0000] {logging_mixin.py:188} INFO - [2026-09-10T07:45:11.991+0000] {dag.py:3947} INFO - Setting next_dagrun for steam_analytics_daily to 2026-09-10 02:00:00+00:00, run_after=2026-09-11 02:00:00+00:00
[2026-09-10T07:45:12.006+0000] {processor.py:183} INFO - Processing /opt/airflow/dags/steam_analytics.py took 0.189 seconds
[2026-09-10T07:45:42.119+0000] {processor.py:161} INFO - Started process (PID=640) to work on /opt/airflow/dags/steam_analytics.py
[2026-09-10T07:45:42.120+0000] {processor.py:830} INFO - Processing file /opt/airflow/dags/steam_analytics.py for tasks to queue
[2026-09-10T07:45:42.122+0000] {logging_mixin.py:188} INFO - [2026-09-10T07:45:42.121+0000] {dagbag.py:545} INFO - Filling up the DagBag from /opt/airflow/dags/steam_analytics.py
[2026-09-10T07:45:42.246+0000] {processor.py:840} INFO - DAG(s) 'steam_analytics_daily' retrieved from /opt/airflow/dags/steam_analytics.py
[2026-09-10T07:45:42.269+0000] {logging_mixin.py:188} INFO - [2026-09-10T07:45:42.269+0000] {dag.py:3089} INFO - Sync 1 DAGs
[2026-09-10T07:45:42.288+0000] {logging_mixin.py:188} INFO - [2026-09-10T07:45:42.288+0000] {dag.py:3947} INFO - Setting next_dagrun for steam_analytics_daily to 2026-09-10 02:00:00+00:00, run_after=2026-09-11 02:00:00+00:00
[2026-09-10T07:45:42.304+0000] {processor.py:183} INFO - Processing /opt/airflow/dags/steam_analytics.py took 0.189 seconds
[2026-09-10T07:46:12.418+0000] {processor.py:161} INFO - Started process (PID=645) to work on /opt/airflow/dags/steam_analytics.py
[2026-09-10T07:46:12.419+0000] {processor.py:830} INFO - Processing file /opt/airflow/dags/steam_analytics.py for tasks to queue
[2026-09-10T07:46:12.420+0000] {logging_mixin.py:188} INFO - [2026-09-10T07:46:12.420+0000] {dagbag.py:545} INFO - Filling up the DagBag from /opt/airflow/dags/steam_analytics.py
[2026-09-10T07:46:12.546+0000] {processor.py:840} INFO - DAG(s) 'steam_analytics_daily' retrieved from /opt/airflow/dags/steam_analytics.py
[2026-09-10T07:46:12.570+0000] {logging_mixin.py:188} INFO - [2026-09-10T07:46:12.570+0000] {dag.py:3089} INFO - Sync 1 DAGs
[2026-09-10T07:46:12.589+0000] {logging_mixin.py:188} INFO - [2026-09-10T07:46:12.588+0000] {dag.py:3947} INFO - Setting next_dagrun for steam_analytics_daily to 2026-09-10 02:00:00+00:00, run_after=2026-09-11 02:00:00+00:00
[2026-09-10T07:46:12.604+0000] {processor.py:183} INFO - Processing /opt/airflow/dags/steam_analytics.py took 0.189 seconds
[2026-09-10T07:46:42.715+0000] {processor.py:161} INFO - Started process (PID=650) to work on /opt/airflow/dags/steam_analytics.py
[2026-09-10T07:46:42.715+0000] {processor.py:830} INFO - Processing file /opt/airflow/dags/steam_analytics.py for tasks to queue
[2026-09-10T07:46:42.717+0000] {logging_mixin.py:188} INFO - [2026-09-10T07:46:42.717+0000] {dagbag.py:545} INFO - Filling up the DagBag from /opt/airflow/dags/steam_analytics.py
[2026-09-10T07:46:42.838+0000] {processor.py:840} INFO - DAG(s) 'steam_analytics_daily' retrieved from /opt/airflow/dags/steam_analytics.py
[2026-09-10T07:46:42.862+0000] {logging_mixin.py:188} INFO - [2026-09-10T07:46:42.862+0000] {dag.py:3089} INFO - Sync 1 DAGs
[2026-09-10T07:46:42.880+0000] {logging_mixin.py:188} INFO - [2026-09-10T07:46:42.880+0000] {dag.py:3947} INFO - Setting next_dagrun for steam_analytics_daily to 2026-09-10 02:00:00+00:00, run_after=2026-09-11 02:00:00+00:00
[2026-09-10T07:46:42.894+0000] {processor.py:183} INFO - Processing /opt/airflow/dags/steam_analytics.py took 0.184 seconds
[2026-09-10T07:47:13.022+0000] {processor.py:161} INFO - Started process (PID=655) to work on /opt/airflow/dags/steam_analytics.py
[2026-09-10T07:47:13.022+0000] {processor.py:830} INFO - Processing file /opt/airflow/dags/steam_analytics.py for tasks to queue
[2026-09-10T07:47:13.024+0000] {logging_mixin.py:188} INFO - [2026-09-10T07:47:13.023+0000] {dagbag.py:545} INFO - Filling up the DagBag from /opt/airflow/dags/steam_analytics.py
[2026-09-10T07:47:13.149+0000] {processor.py:840} INFO - DAG(s) 'steam_analytics_daily' retrieved from /opt/airflow/dags/steam_analytics.py
[2026-09-10T07:47:13.174+0000] {logging_mixin.py:188} INFO - [2026-09-10T07:47:13.174+0000] {dag.py:3089} INFO - Sync 1 DAGs
[2026-09-10T07:47:13.193+0000] {logging_mixin.py:188} INFO - [2026-09-10T07:47:13.193+0000] {dag.py:3947} INFO - Setting next_dagrun for steam_analytics_daily to 2026-09-10 02:00:00+00:00, run_after=2026-09-11 02:00:00+00:00
[2026-09-10T07:47:13.207+0000] {processor.py:183} INFO - Processing /opt/airflow/dags/steam_analytics.py took 0.190 seconds
[2026-09-10T07:47:43.315+0000] {processor.py:161} INFO - Started process (PID=660) to work on /opt/airflow/dags/steam_analytics.py
[2026-09-10T07:47:43.316+0000] {processor.py:830} INFO - Processing file /opt/airflow/dags/steam_analytics.py for tasks to queue
[2026-09-10T07:47:43.317+0000] {logging_mixin.py:188} INFO - [2026-09-10T07:47:43.317+0000] {dagbag.py:545} INFO - Filling up the DagBag from /opt/airflow/dags/steam_analytics.py
[2026-09-10T07:47:43.441+0000] {processor.py:840} INFO - DAG(s) 'steam_analytics_daily' retrieved from /opt/airflow/dags/steam_analytics.py
[2026-09-10T07:47:43.464+0000] {logging_mixin.py:188} INFO - [2026-09-10T07:47:43.463+0000] {dag.py:3089} INFO - Sync 1 DAGs
[2026-09-10T07:47:43.482+0000] {logging_mixin.py:188} INFO - [2026-09-10T07:47:43.481+0000] {dag.py:3947} INFO - Setting next_dagrun for steam_analytics_daily to 2026-09-10 02:00:00+00:00, run_after=2026-09-11 02:00:00+00:00
[2026-09-10T07:47:43.495+0000] {processor.py:183} INFO - Processing /opt/airflow/dags/steam_analytics.py took 0.184 seconds
[2026-09-10T07:48:13.611+0000] {processor.py:161} INFO - Started process (PID=665) to work on /opt/airflow/dags/steam_analytics.py
[2026-09-10T07:48:13.611+0000] {processor.py:830} INFO - Processing file /opt/airflow/dags/steam_analytics.py for tasks to queue
[2026-09-10T07:48:13.613+0000] {logging_mixin.py:188} INFO - [2026-09-10T07:48:13.612+0000] {dagbag.py:545} INFO - Filling up the DagBag from /opt/airflow/dags/steam_analytics.py
[2026-09-10T07:48:13.741+0000] {processor.py:840} INFO - DAG(s) 'steam_analytics_daily' retrieved from /opt/airflow/dags/steam_analytics.py
[2026-09-10T07:48:13.767+0000] {logging_mixin.py:188} INFO - [2026-09-10T07:48:13.767+0000] {dag.py:3089} INFO - Sync 1 DAGs
[2026-09-10T07:48:13.789+0000] {logging_mixin.py:188} INFO - [2026-09-10T07:48:13.789+0000] {dag.py:3947} INFO - Setting next_dagrun for steam_analytics_daily to 2026-09-10 02:00:00+00:00, run_after=2026-09-11 02:00:00+00:00
[2026-09-10T07:48:13.805+0000] {processor.py:183} INFO - Processing /opt/airflow/dags/steam_analytics.py took 0.199 seconds
[2026-09-10T07:48:43.918+0000] {processor.py:161} INFO - Started process (PID=670) to work on /opt/airflow/dags/steam_analytics.py
[2026-09-10T07:48:43.919+0000] {processor.py:830} INFO - Processing file /opt/airflow/dags/steam_analytics.py for tasks to queue
[2026-09-10T07:48:43.920+0000] {logging_mixin.py:188} INFO - [2026-09-10T07:48:43.920+0000] {dagbag.py:545} INFO - Filling up the DagBag from /opt/airflow/dags/steam_analytics.py
[2026-09-10T07:48:44.047+0000] {processor.py:840} INFO - DAG(s) 'steam_analytics_daily' retrieved from /opt/airflow/dags/steam_analytics.py
[2026-09-10T07:48:44.070+0000] {logging_mixin.py:188} INFO - [2026-09-10T07:48:44.070+0000] {dag.py:3089} INFO - Sync 1 DAGs
[2026-09-10T07:48:44.088+0000] {logging_mixin.py:188} INFO - [2026-09-10T07:48:44.088+0000] {dag.py:3947} INFO - Setting next_dagrun for steam_analytics_daily to 2026-09-10 02:00:00+00:00, run_after=2026-09-11 02:00:00+00:00
[2026-09-10T07:48:44.102+0000] {processor.py:183} INFO - Processing /opt/airflow/dags/steam_analytics.py took 0.188 seconds
[2026-09-10T07:49:14.217+0000] {processor.py:161} INFO - Started process (PID=675) to work on /opt/airflow/dags/steam_analytics.py
[2026-09-10T07:49:14.218+0000] {processor.py:830} INFO - Processing file /opt/airflow/dags/steam_analytics.py for tasks to queue
[2026-09-10T07:49:14.219+0000] {logging_mixin.py:188} INFO - [2026-09-10T07:49:14.219+0000] {dagbag.py:545} INFO - Filling up the DagBag from /opt/airflow/dags/steam_analytics.py
[2026-09-10T07:49:14.346+0000] {processor.py:840} INFO - DAG(s) 'steam_analytics_daily' retrieved from /opt/airflow/dags/steam_analytics.py
[2026-09-10T07:49:14.372+0000] {logging_mixin.py:188} INFO - [2026-09-10T07:49:14.371+0000] {dag.py:3089} INFO - Sync 1 DAGs
[2026-09-10T07:49:14.391+0000] {logging_mixin.py:188} INFO - [2026-09-10T07:49:14.391+0000] {dag.py:3947} INFO - Setting next_dagrun for steam_analytics_daily to 2026-09-10 02:00:00+00:00, run_after=2026-09-11 02:00:00+00:00
[2026-09-10T07:49:14.405+0000] {processor.py:183} INFO - Processing /opt/airflow/dags/steam_analytics.py took 0.192 seconds
[2026-09-10T07:49:44.518+0000] {processor.py:161} INFO - Started process (PID=680) to work on /opt/airflow/dags/steam_analytics.py
[2026-09-10T07:49:44.519+0000] {processor.py:830} INFO - Processing file /opt/airflow/dags/steam_analytics.py for tasks to queue
[2026-09-10T07:49:44.520+0000] {logging_mixin.py:188} INFO - [2026-09-10T07:49:44.520+0000] {dagbag.py:545} INFO - Filling up the DagBag from /opt/airflow/dags/steam_analytics.py
[2026-09-10T07:49:44.644+0000] {processor.py:840} INFO - DAG(s) 'steam_analytics_daily' retrieved from /opt/airflow/dags/steam_analytics.py
[2026-09-10T07:49:44.666+0000] {logging_mixin.py:188} INFO - [2026-09-10T07:49:44.666+0000] {dag.py:3089} INFO - Sync 1 DAGs
[2026-09-10T07:49:44.686+0000] {logging_mixin.py:188} INFO - [2026-09-10T07:49:44.685+0000] {dag.py:3947} INFO - Setting next_dagrun for steam_analytics_daily to 2026-09-10 02:00:00+00:00, run_after=2026-09-11 02:00:00+00:00
[2026-09-10T07:49:44.700+0000] {processor.py:183} INFO - Processing /opt/airflow/dags/steam_analytics.py took 0.186 seconds
[2026-09-10T07:50:14.816+0000] {processor.py:161} INFO - Started process (PID=685) to work on /opt/airflow/dags/steam_analytics.py
[2026-09-10T07:50:14.816+0000] {processor.py:830} INFO - Processing file /opt/airflow/dags/steam_analytics.py for tasks to queue
[2026-09-10T07:50:14.818+0000] {logging_mixin.py:188} INFO - [2026-09-10T07:50:14.817+0000] {dagbag.py:545} INFO - Filling up the DagBag from /opt/airflow/dags/steam_analytics.py
[2026-09-10T07:50:14.949+0000] {processor.py:840} INFO - DAG(s) 'steam_analytics_daily' retrieved from /opt/airflow/dags/steam_analytics.py
[2026-09-10T07:50:14.971+0000] {logging_mixin.py:188} INFO - [2026-09-10T07:50:14.971+0000] {dag.py:3089} INFO - Sync 1 DAGs
[2026-09-10T07:50:14.989+0000] {logging_mixin.py:188} INFO - [2026-09-10T07:50:14.988+0000] {dag.py:3947} INFO - Setting next_dagrun for steam_analytics_daily to 2026-09-10 02:00:00+00:00, run_after=2026-09-11 02:00:00+00:00
[2026-09-10T07:50:15.004+0000] {processor.py:183} INFO - Processing /opt/airflow/dags/steam_analytics.py took 0.192 seconds
[2026-09-10T07:50:45.119+0000] {processor.py:161} INFO - Started process (PID=690) to work on /opt/airflow/dags/steam_analytics.py
[2026-09-10T07:50:45.120+0000] {processor.py:830} INFO - Processing file /opt/airflow/dags/steam_analytics.py for tasks to queue
[2026-09-10T07:50:45.122+0000] {logging_mixin.py:188} INFO - [2026-09-10T07:50:45.121+0000] {dagbag.py:545} INFO - Filling up the DagBag from /opt/airflow/dags/steam_analytics.py
[2026-09-10T07:50:45.259+0000] {processor.py:840} INFO - DAG(s) 'steam_analytics_daily' retrieved from /opt/airflow/dags/steam_analytics.py
[2026-09-10T07:50:45.287+0000] {logging_mixin.py:188} INFO - [2026-09-10T07:50:45.287+0000] {dag.py:3089} INFO - Sync 1 DAGs
[2026-09-10T07:50:45.310+0000] {logging_mixin.py:188} INFO - [2026-09-10T07:50:45.310+0000] {dag.py:3947} INFO - Setting next_dagrun for steam_analytics_daily to 2026-09-10 02:00:00+00:00, run_after=2026-09-11 02:00:00+00:00
[2026-09-10T07:50:45.326+0000] {processor.py:183} INFO - Processing /opt/airflow/dags/steam_analytics.py took 0.210 seconds
[2026-09-10T07:51:15.439+0000] {processor.py:161} INFO - Started process (PID=695) to work on /opt/airflow/dags/steam_analytics.py
[2026-09-10T07:51:15.440+0000] {processor.py:830} INFO - Processing file /opt/airflow/dags/steam_analytics.py for tasks to queue
[2026-09-10T07:51:15.442+0000] {logging_mixin.py:188} INFO - [2026-09-10T07:51:15.441+0000] {dagbag.py:545} INFO - Filling up the DagBag from /opt/airflow/dags/steam_analytics.py
[2026-09-10T07:51:15.573+0000] {processor.py:840} INFO - DAG(s) 'steam_analytics_daily' retrieved from /opt/airflow/dags/steam_analytics.py
[2026-09-10T07:51:15.598+0000] {logging_mixin.py:188} INFO - [2026-09-10T07:51:15.598+0000] {dag.py:3089} INFO - Sync 1 DAGs
[2026-09-10T07:51:15.617+0000] {logging_mixin.py:188} INFO - [2026-09-10T07:51:15.617+0000] {dag.py:3947} INFO - Setting next_dagrun for steam_analytics_daily to 2026-09-10 02:00:00+00:00, run_after=2026-09-11 02:00:00+00:00
[2026-09-10T07:51:15.632+0000] {processor.py:183} INFO - Processing /opt/airflow/dags/steam_analytics.py took 0.197 seconds
[2026-09-10T07:51:45.746+0000] {processor.py:161} INFO - Started process (PID=700) to work on /opt/airflow/dags/steam_analytics.py
[2026-09-10T07:51:45.747+0000] {processor.py:830} INFO - Processing file /opt/airflow/dags/steam_analytics.py for tasks to queue
[2026-09-10T07:51:45.748+0000] {logging_mixin.py:188} INFO - [2026-09-10T07:51:45.748+0000] {dagbag.py:545} INFO - Filling up the DagBag from /opt/airflow/dags/steam_analytics.py
[2026-09-10T07:51:45.873+0000] {processor.py:840} INFO - DAG(s) 'steam_analytics_daily' retrieved from /opt/airflow/dags/steam_analytics.py
[2026-09-10T07:51:45.896+0000] {logging_mixin.py:188} INFO - [2026-09-10T07:51:45.896+0000] {dag.py:3089} INFO - Sync 1 DAGs
[2026-09-10T07:51:45.913+0000] {logging_mixin.py:188} INFO - [2026-09-10T07:51:45.913+0000] {dag.py:3947} INFO - Setting next_dagrun for steam_analytics_daily to 2026-09-10 02:00:00+00:00, run_after=2026-09-11 02:00:00+00:00
[2026-09-10T07:51:45.927+0000] {processor.py:183} INFO - Processing /opt/airflow/dags/steam_analytics.py took 0.184 seconds
[2026-09-10T07:52:16.044+0000] {processor.py:161} INFO - Started process (PID=705) to work on /opt/airflow/dags/steam_analytics.py
[2026-09-10T07:52:16.045+0000] {processor.py:830} INFO - Processing file /opt/airflow/dags/steam_analytics.py for tasks to queue
[2026-09-10T07:52:16.046+0000] {logging_mixin.py:188} INFO - [2026-09-10T07:52:16.046+0000] {dagbag.py:545} INFO - Filling up the DagBag from /opt/airflow/dags/steam_analytics.py
[2026-09-10T07:52:16.173+0000] {processor.py:840} INFO - DAG(s) 'steam_analytics_daily' retrieved from /opt/airflow/dags/steam_analytics.py
[2026-09-10T07:52:16.197+0000] {logging_mixin.py:188} INFO - [2026-09-10T07:52:16.197+0000] {dag.py:3089} INFO - Sync 1 DAGs
[2026-09-10T07:52:16.215+0000] {logging_mixin.py:188} INFO - [2026-09-10T07:52:16.215+0000] {dag.py:3947} INFO - Setting next_dagrun for steam_analytics_daily to 2026-09-10 02:00:00+00:00, run_after=2026-09-11 02:00:00+00:00
[2026-09-10T07:52:16.230+0000] {processor.py:183} INFO - Processing /opt/airflow/dags/steam_analytics.py took 0.191 seconds
[2026-09-10T07:52:46.344+0000] {processor.py:161} INFO - Started process (PID=710) to work on /opt/airflow/dags/steam_analytics.py
[2026-09-10T07:52:46.345+0000] {processor.py:830} INFO - Processing file /opt/airflow/dags/steam_analytics.py for tasks to queue
[2026-09-10T07:52:46.347+0000] {logging_mixin.py:188} INFO - [2026-09-10T07:52:46.346+0000] {dagbag.py:545} INFO - Filling up the DagBag from /opt/airflow/dags/steam_analytics.py
[2026-09-10T07:52:46.472+0000] {processor.py:840} INFO - DAG(s) 'steam_analytics_daily' retrieved from /opt/airflow/dags/steam_analytics.py
[2026-09-10T07:52:46.498+0000] {logging_mixin.py:188} INFO - [2026-09-10T07:52:46.497+0000] {dag.py:3089} INFO - Sync 1 DAGs
[2026-09-10T07:52:46.521+0000] {logging_mixin.py:188} INFO - [2026-09-10T07:52:46.521+0000] {dag.py:3947} INFO - Setting next_dagrun for steam_analytics_daily to 2026-09-10 02:00:00+00:00, run_after=2026-09-11 02:00:00+00:00
[2026-09-10T07:52:46.539+0000] {processor.py:183} INFO - Processing /opt/airflow/dags/steam_analytics.py took 0.199 seconds
[2026-09-10T07:53:16.654+0000] {processor.py:161} INFO - Started process (PID=715) to work on /opt/airflow/dags/steam_analytics.py
[2026-09-10T07:53:16.654+0000] {processor.py:830} INFO - Processing file /opt/airflow/dags/steam_analytics.py for tasks to queue
[2026-09-10T07:53:16.656+0000] {logging_mixin.py:188} INFO - [2026-09-10T07:53:16.655+0000] {dagbag.py:545} INFO - Filling up the DagBag from /opt/airflow/dags/steam_analytics.py
[2026-09-10T07:53:16.780+0000] {processor.py:840} INFO - DAG(s) 'steam_analytics_daily' retrieved from /opt/airflow/dags/steam_analytics.py
[2026-09-10T07:53:16.804+0000] {logging_mixin.py:188} INFO - [2026-09-10T07:53:16.804+0000] {dag.py:3089} INFO - Sync 1 DAGs
[2026-09-10T07:53:16.822+0000] {logging_mixin.py:188} INFO - [2026-09-10T07:53:16.822+0000] {dag.py:3947} INFO - Setting next_dagrun for steam_analytics_daily to 2026-09-10 02:00:00+00:00, run_after=2026-09-11 02:00:00+00:00
[2026-09-10T07:53:16.837+0000] {processor.py:183} INFO - Processing /opt/airflow/dags/steam_analytics.py took 0.188 seconds
[2026-09-10T07:53:46.954+0000] {processor.py:161} INFO - Started process (PID=720) to work on /opt/airflow/dags/steam_analytics.py
[2026-09-10T07:53:46.955+0000] {processor.py:830} INFO - Processing file /opt/airflow/dags/steam_analytics.py for tasks to queue
[2026-09-10T07:53:46.956+0000] {logging_mixin.py:188} INFO - [2026-09-10T07:53:46.956+0000] {dagbag.py:545} INFO - Filling up the DagBag from /opt/airflow/dags/steam_analytics.py
[2026-09-10T07:53:47.092+0000] {processor.py:840} INFO - DAG(s) 'steam_analytics_daily' retrieved from /opt/airflow/dags/steam_analytics.py
[2026-09-10T07:53:47.118+0000] {logging_mixin.py:188} INFO - [2026-09-10T07:53:47.118+0000] {dag.py:3089} INFO - Sync 1 DAGs
[2026-09-10T07:53:47.137+0000] {logging_mixin.py:188} INFO - [2026-09-10T07:53:47.137+0000] {dag.py:3947} INFO - Setting next_dagrun for steam_analytics_daily to 2026-09-10 02:00:00+00:00, run_after=2026-09-11 02:00:00+00:00
[2026-09-10T07:53:47.154+0000] {processor.py:183} INFO - Processing /opt/airflow/dags/steam_analytics.py took 0.204 seconds
[2026-09-10T07:54:17.270+0000] {processor.py:161} INFO - Started process (PID=725) to work on /opt/airflow/dags/steam_analytics.py
[2026-09-10T07:54:17.271+0000] {processor.py:830} INFO - Processing file /opt/airflow/dags/steam_analytics.py for tasks to queue
[2026-09-10T07:54:17.272+0000] {logging_mixin.py:188} INFO - [2026-09-10T07:54:17.272+0000] {dagbag.py:545} INFO - Filling up the DagBag from /opt/airflow/dags/steam_analytics.py
[2026-09-10T07:54:17.397+0000] {processor.py:840} INFO - DAG(s) 'steam_analytics_daily' retrieved from /opt/airflow/dags/steam_analytics.py
[2026-09-10T07:54:17.442+0000] {logging_mixin.py:188} INFO - [2026-09-10T07:54:17.442+0000] {dag.py:3089} INFO - Sync 1 DAGs
[2026-09-10T07:54:17.465+0000] {logging_mixin.py:188} INFO - [2026-09-10T07:54:17.465+0000] {dag.py:3947} INFO - Setting next_dagrun for steam_analytics_daily to 2026-09-10 02:00:00+00:00, run_after=2026-09-11 02:00:00+00:00
[2026-09-10T07:54:17.483+0000] {processor.py:183} INFO - Processing /opt/airflow/dags/steam_analytics.py took 0.217 seconds
[2026-09-10T07:54:47.599+0000] {processor.py:161} INFO - Started process (PID=730) to work on /opt/airflow/dags/steam_analytics.py
[2026-09-10T07:54:47.600+0000] {processor.py:830} INFO - Processing file /opt/airflow/dags/steam_analytics.py for tasks to queue
[2026-09-10T07:54:47.601+0000] {logging_mixin.py:188} INFO - [2026-09-10T07:54:47.601+0000] {dagbag.py:545} INFO - Filling up the DagBag from /opt/airflow/dags/steam_analytics.py
[2026-09-10T07:54:47.731+0000] {processor.py:840} INFO - DAG(s) 'steam_analytics_daily' retrieved from /opt/airflow/dags/steam_analytics.py
[2026-09-10T07:54:47.758+0000] {logging_mixin.py:188} INFO - [2026-09-10T07:54:47.758+0000] {dag.py:3089} INFO - Sync 1 DAGs
[2026-09-10T07:54:47.776+0000] {logging_mixin.py:188} INFO - [2026-09-10T07:54:47.776+0000] {dag.py:3947} INFO - Setting next_dagrun for steam_analytics_daily to 2026-09-10 02:00:00+00:00, run_after=2026-09-11 02:00:00+00:00
[2026-09-10T07:54:47.793+0000] {processor.py:183} INFO - Processing /opt/airflow/dags/steam_analytics.py took 0.197 seconds
[2026-09-10T07:55:17.909+0000] {processor.py:161} INFO - Started process (PID=735) to work on /opt/airflow/dags/steam_analytics.py
[2026-09-10T07:55:17.910+0000] {processor.py:830} INFO - Processing file /opt/airflow/dags/steam_analytics.py for tasks to queue
[2026-09-10T07:55:17.911+0000] {logging_mixin.py:188} INFO - [2026-09-10T07:55:17.911+0000] {dagbag.py:545} INFO - Filling up the DagBag from /opt/airflow/dags/steam_analytics.py
[2026-09-10T07:55:18.044+0000] {processor.py:840} INFO - DAG(s) 'steam_analytics_daily' retrieved from /opt/airflow/dags/steam_analytics.py
[2026-09-10T07:55:18.074+0000] {logging_mixin.py:188} INFO - [2026-09-10T07:55:18.074+0000] {dag.py:3089} INFO - Sync 1 DAGs
[2026-09-10T07:55:18.097+0000] {logging_mixin.py:188} INFO - [2026-09-10T07:55:18.097+0000] {dag.py:3947} INFO - Setting next_dagrun for steam_analytics_daily to 2026-09-10 02:00:00+00:00, run_after=2026-09-11 02:00:00+00:00
[2026-09-10T07:55:18.114+0000] {processor.py:183} INFO - Processing /opt/airflow/dags/steam_analytics.py took 0.209 seconds
[2026-09-10T07:55:48.229+0000] {processor.py:161} INFO - Started process (PID=740) to work on /opt/airflow/dags/steam_analytics.py
[2026-09-10T07:55:48.230+0000] {processor.py:830} INFO - Processing file /opt/airflow/dags/steam_analytics.py for tasks to queue
[2026-09-10T07:55:48.231+0000] {logging_mixin.py:188} INFO - [2026-09-10T07:55:48.231+0000] {dagbag.py:545} INFO - Filling up the DagBag from /opt/airflow/dags/steam_analytics.py
[2026-09-10T07:55:48.361+0000] {processor.py:840} INFO - DAG(s) 'steam_analytics_daily' retrieved from /opt/airflow/dags/steam_analytics.py
[2026-09-10T07:55:48.390+0000] {logging_mixin.py:188} INFO - [2026-09-10T07:55:48.390+0000] {dag.py:3089} INFO - Sync 1 DAGs
[2026-09-10T07:55:48.412+0000] {logging_mixin.py:188} INFO - [2026-09-10T07:55:48.412+0000] {dag.py:3947} INFO - Setting next_dagrun for steam_analytics_daily to 2026-09-10 02:00:00+00:00, run_after=2026-09-11 02:00:00+00:00
[2026-09-10T07:55:48.431+0000] {processor.py:183} INFO - Processing /opt/airflow/dags/steam_analytics.py took 0.206 seconds
[2026-09-10T07:56:18.546+0000] {processor.py:161} INFO - Started process (PID=745) to work on /opt/airflow/dags/steam_analytics.py
[2026-09-10T07:56:18.547+0000] {processor.py:830} INFO - Processing file /opt/airflow/dags/steam_analytics.py for tasks to queue
[2026-09-10T07:56:18.548+0000] {logging_mixin.py:188} INFO - [2026-09-10T07:56:18.548+0000] {dagbag.py:545} INFO - Filling up the DagBag from /opt/airflow/dags/steam_analytics.py
[2026-09-10T07:56:18.680+0000] {processor.py:840} INFO - DAG(s) 'steam_analytics_daily' retrieved from /opt/airflow/dags/steam_analytics.py
[2026-09-10T07:56:18.704+0000] {logging_mixin.py:188} INFO - [2026-09-10T07:56:18.704+0000] {dag.py:3089} INFO - Sync 1 DAGs
[2026-09-10T07:56:18.723+0000] {logging_mixin.py:188} INFO - [2026-09-10T07:56:18.722+0000] {dag.py:3947} INFO - Setting next_dagrun for steam_analytics_daily to 2026-09-10 02:00:00+00:00, run_after=2026-09-11 02:00:00+00:00
[2026-09-10T07:56:18.737+0000] {processor.py:183} INFO - Processing /opt/airflow/dags/steam_analytics.py took 0.195 seconds
[2026-09-10T07:56:48.850+0000] {processor.py:161} INFO - Started process (PID=750) to work on /opt/airflow/dags/steam_analytics.py
[2026-09-10T07:56:48.851+0000] {processor.py:830} INFO - Processing file /opt/airflow/dags/steam_analytics.py for tasks to queue
[2026-09-10T07:56:48.852+0000] {logging_mixin.py:188} INFO - [2026-09-10T07:56:48.852+0000] {dagbag.py:545} INFO - Filling up the DagBag from /opt/airflow/dags/steam_analytics.py
[2026-09-10T07:56:48.976+0000] {processor.py:840} INFO - DAG(s) 'steam_analytics_daily' retrieved from /opt/airflow/dags/steam_analytics.py
[2026-09-10T07:56:49.001+0000] {logging_mixin.py:188} INFO - [2026-09-10T07:56:49.000+0000] {dag.py:3089} INFO - Sync 1 DAGs
[2026-09-10T07:56:49.020+0000] {logging_mixin.py:188} INFO - [2026-09-10T07:56:49.020+0000] {dag.py:3947} INFO - Setting next_dagrun for steam_analytics_daily to 2026-09-10 02:00:00+00:00, run_after=2026-09-11 02:00:00+00:00
[2026-09-10T07:56:49.036+0000] {processor.py:183} INFO - Processing /opt/airflow/dags/steam_analytics.py took 0.190 seconds
[2026-09-10T07:57:19.149+0000] {processor.py:161} INFO - Started process (PID=755) to work on /opt/airflow/dags/steam_analytics.py
[2026-09-10T07:57:19.149+0000] {processor.py:830} INFO - Processing file /opt/airflow/dags/steam_analytics.py for tasks to queue
[2026-09-10T07:57:19.150+0000] {logging_mixin.py:188} INFO - [2026-09-10T07:57:19.150+0000] {dagbag.py:545} INFO - Filling up the DagBag from /opt/airflow/dags/steam_analytics.py
[2026-09-10T07:57:19.274+0000] {processor.py:840} INFO - DAG(s) 'steam_analytics_daily' retrieved from /opt/airflow/dags/steam_analytics.py
[2026-09-10T07:57:19.297+0000] {logging_mixin.py:188} INFO - [2026-09-10T07:57:19.297+0000] {dag.py:3089} INFO - Sync 1 DAGs
[2026-09-10T07:57:19.315+0000] {logging_mixin.py:188} INFO - [2026-09-10T07:57:19.315+0000] {dag.py:3947} INFO - Setting next_dagrun for steam_analytics_daily to 2026-09-10 02:00:00+00:00, run_after=2026-09-11 02:00:00+00:00
[2026-09-10T07:57:19.330+0000] {processor.py:183} INFO - Processing /opt/airflow/dags/steam_analytics.py took 0.185 seconds
[2026-09-10T07:57:49.437+0000] {processor.py:161} INFO - Started process (PID=760) to work on /opt/airflow/dags/steam_analytics.py
[2026-09-10T07:57:49.438+0000] {processor.py:830} INFO - Processing file /opt/airflow/dags/steam_analytics.py for tasks to queue
[2026-09-10T07:57:49.439+0000] {logging_mixin.py:188} INFO - [2026-09-10T07:57:49.439+0000] {dagbag.py:545} INFO - Filling up the DagBag from /opt/airflow/dags/steam_analytics.py
[2026-09-10T07:57:49.567+0000] {processor.py:840} INFO - DAG(s) 'steam_analytics_daily' retrieved from /opt/airflow/dags/steam_analytics.py
[2026-09-10T07:57:49.593+0000] {logging_mixin.py:188} INFO - [2026-09-10T07:57:49.593+0000] {dag.py:3089} INFO - Sync 1 DAGs
[2026-09-10T07:57:49.613+0000] {logging_mixin.py:188} INFO - [2026-09-10T07:57:49.613+0000] {dag.py:3947} INFO - Setting next_dagrun for steam_analytics_daily to 2026-09-10 02:00:00+00:00, run_after=2026-09-11 02:00:00+00:00
[2026-09-10T07:57:49.628+0000] {processor.py:183} INFO - Processing /opt/airflow/dags/steam_analytics.py took 0.194 seconds
[2026-09-10T07:58:19.740+0000] {processor.py:161} INFO - Started process (PID=765) to work on /opt/airflow/dags/steam_analytics.py
[2026-09-10T07:58:19.741+0000] {processor.py:830} INFO - Processing file /opt/airflow/dags/steam_analytics.py for tasks to queue
[2026-09-10T07:58:19.742+0000] {logging_mixin.py:188} INFO - [2026-09-10T07:58:19.742+0000] {dagbag.py:545} INFO - Filling up the DagBag from /opt/airflow/dags/steam_analytics.py
[2026-09-10T07:58:19.870+0000] {processor.py:840} INFO - DAG(s) 'steam_analytics_daily' retrieved from /opt/airflow/dags/steam_analytics.py
[2026-09-10T07:58:19.895+0000] {logging_mixin.py:188} INFO - [2026-09-10T07:58:19.895+0000] {dag.py:3089} INFO - Sync 1 DAGs
[2026-09-10T07:58:19.914+0000] {logging_mixin.py:188} INFO - [2026-09-10T07:58:19.914+0000] {dag.py:3947} INFO - Setting next_dagrun for steam_analytics_daily to 2026-09-10 02:00:00+00:00, run_after=2026-09-11 02:00:00+00:00
[2026-09-10T07:58:19.929+0000] {processor.py:183} INFO - Processing /opt/airflow/dags/steam_analytics.py took 0.193 seconds
[2026-09-10T07:58:50.043+0000] {processor.py:161} INFO - Started process (PID=770) to work on /opt/airflow/dags/steam_analytics.py
[2026-09-10T07:58:50.044+0000] {processor.py:830} INFO - Processing file /opt/airflow/dags/steam_analytics.py for tasks to queue
[2026-09-10T07:58:50.045+0000] {logging_mixin.py:188} INFO - [2026-09-10T07:58:50.045+0000] {dagbag.py:545} INFO - Filling up the DagBag from /opt/airflow/dags/steam_analytics.py
[2026-09-10T07:58:50.204+0000] {processor.py:840} INFO - DAG(s) 'steam_analytics_daily' retrieved from /opt/airflow/dags/steam_analytics.py
[2026-09-10T07:58:50.229+0000] {logging_mixin.py:188} INFO - [2026-09-10T07:58:50.228+0000] {dag.py:3089} INFO - Sync 1 DAGs
[2026-09-10T07:58:50.248+0000] {logging_mixin.py:188} INFO - [2026-09-10T07:58:50.248+0000] {dag.py:3947} INFO - Setting next_dagrun for steam_analytics_daily to 2026-09-10 02:00:00+00:00, run_after=2026-09-11 02:00:00+00:00
[2026-09-10T07:58:50.264+0000] {processor.py:183} INFO - Processing /opt/airflow/dags/steam_analytics.py took 0.226 seconds
[2026-09-10T07:59:20.374+0000] {processor.py:161} INFO - Started process (PID=775) to work on /opt/airflow/dags/steam_analytics.py
[2026-09-10T07:59:20.375+0000] {processor.py:830} INFO - Processing file /opt/airflow/dags/steam_analytics.py for tasks to queue
[2026-09-10T07:59:20.376+0000] {logging_mixin.py:188} INFO - [2026-09-10T07:59:20.376+0000] {dagbag.py:545} INFO - Filling up the DagBag from /opt/airflow/dags/steam_analytics.py
[2026-09-10T07:59:20.502+0000] {processor.py:840} INFO - DAG(s) 'steam_analytics_daily' retrieved from /opt/airflow/dags/steam_analytics.py
[2026-09-10T07:59:20.527+0000] {logging_mixin.py:188} INFO - [2026-09-10T07:59:20.527+0000] {dag.py:3089} INFO - Sync 1 DAGs
[2026-09-10T07:59:20.546+0000] {logging_mixin.py:188} INFO - [2026-09-10T07:59:20.546+0000] {dag.py:3947} INFO - Setting next_dagrun for steam_analytics_daily to 2026-09-10 02:00:00+00:00, run_after=2026-09-11 02:00:00+00:00
[2026-09-10T07:59:20.560+0000] {processor.py:183} INFO - Processing /opt/airflow/dags/steam_analytics.py took 0.190 seconds
[2026-09-10T07:59:50.678+0000] {processor.py:161} INFO - Started process (PID=780) to work on /opt/airflow/dags/steam_analytics.py
[2026-09-10T07:59:50.679+0000] {processor.py:830} INFO - Processing file /opt/airflow/dags/steam_analytics.py for tasks to queue
[2026-09-10T07:59:50.680+0000] {logging_mixin.py:188} INFO - [2026-09-10T07:59:50.680+0000] {dagbag.py:545} INFO - Filling up the DagBag from /opt/airflow/dags/steam_analytics.py
[2026-09-10T07:59:50.806+0000] {processor.py:840} INFO - DAG(s) 'steam_analytics_daily' retrieved from /opt/airflow/dags/steam_analytics.py
[2026-09-10T07:59:50.830+0000] {logging_mixin.py:188} INFO - [2026-09-10T07:59:50.830+0000] {dag.py:3089} INFO - Sync 1 DAGs
[2026-09-10T07:59:50.849+0000] {logging_mixin.py:188} INFO - [2026-09-10T07:59:50.849+0000] {dag.py:3947} INFO - Setting next_dagrun for steam_analytics_daily to 2026-09-10 02:00:00+00:00, run_after=2026-09-11 02:00:00+00:00
[2026-09-10T07:59:50.863+0000] {processor.py:183} INFO - Processing /opt/airflow/dags/steam_analytics.py took 0.189 seconds
[2026-09-10T08:00:20.978+0000] {processor.py:161} INFO - Started process (PID=785) to work on /opt/airflow/dags/steam_analytics.py
[2026-09-10T08:00:20.979+0000] {processor.py:830} INFO - Processing file /opt/airflow/dags/steam_analytics.py for tasks to queue
[2026-09-10T08:00:20.980+0000] {logging_mixin.py:188} INFO - [2026-09-10T08:00:20.980+0000] {dagbag.py:545} INFO - Filling up the DagBag from /opt/airflow/dags/steam_analytics.py
[2026-09-10T08:00:21.106+0000] {processor.py:840} INFO - DAG(s) 'steam_analytics_daily' retrieved from /opt/airflow/dags/steam_analytics.py
[2026-09-10T08:00:21.131+0000] {logging_mixin.py:188} INFO - [2026-09-10T08:00:21.131+0000] {dag.py:3089} INFO - Sync 1 DAGs
[2026-09-10T08:00:21.152+0000] {logging_mixin.py:188} INFO - [2026-09-10T08:00:21.152+0000] {dag.py:3947} INFO - Setting next_dagrun for steam_analytics_daily to 2026-09-10 02:00:00+00:00, run_after=2026-09-11 02:00:00+00:00
[2026-09-10T08:00:21.167+0000] {processor.py:183} INFO - Processing /opt/airflow/dags/steam_analytics.py took 0.193 seconds
[2026-09-10T08:00:51.283+0000] {processor.py:161} INFO - Started process (PID=790) to work on /opt/airflow/dags/steam_analytics.py
[2026-09-10T08:00:51.284+0000] {processor.py:830} INFO - Processing file /opt/airflow/dags/steam_analytics.py for tasks to queue
[2026-09-10T08:00:51.285+0000] {logging_mixin.py:188} INFO - [2026-09-10T08:00:51.285+0000] {dagbag.py:545} INFO - Filling up the DagBag from /opt/airflow/dags/steam_analytics.py
[2026-09-10T08:00:51.410+0000] {processor.py:840} INFO - DAG(s) 'steam_analytics_daily' retrieved from /opt/airflow/dags/steam_analytics.py
[2026-09-10T08:00:51.433+0000] {logging_mixin.py:188} INFO - [2026-09-10T08:00:51.433+0000] {dag.py:3089} INFO - Sync 1 DAGs
[2026-09-10T08:00:51.452+0000] {logging_mixin.py:188} INFO - [2026-09-10T08:00:51.452+0000] {dag.py:3947} INFO - Setting next_dagrun for steam_analytics_daily to 2026-09-10 02:00:00+00:00, run_after=2026-09-11 02:00:00+00:00
[2026-09-10T08:00:51.467+0000] {processor.py:183} INFO - Processing /opt/airflow/dags/steam_analytics.py took 0.188 seconds
[2026-09-10T08:01:21.581+0000] {processor.py:161} INFO - Started process (PID=795) to work on /opt/airflow/dags/steam_analytics.py
[2026-09-10T08:01:21.581+0000] {processor.py:830} INFO - Processing file /opt/airflow/dags/steam_analytics.py for tasks to queue
[2026-09-10T08:01:21.582+0000] {logging_mixin.py:188} INFO - [2026-09-10T08:01:21.582+0000] {dagbag.py:545} INFO - Filling up the DagBag from /opt/airflow/dags/steam_analytics.py
[2026-09-10T08:01:21.709+0000] {processor.py:840} INFO - DAG(s) 'steam_analytics_daily' retrieved from /opt/airflow/dags/steam_analytics.py
[2026-09-10T08:01:21.732+0000] {logging_mixin.py:188} INFO - [2026-09-10T08:01:21.732+0000] {dag.py:3089} INFO - Sync 1 DAGs
[2026-09-10T08:01:21.752+0000] {logging_mixin.py:188} INFO - [2026-09-10T08:01:21.752+0000] {dag.py:3947} INFO - Setting next_dagrun for steam_analytics_daily to 2026-09-10 02:00:00+00:00, run_after=2026-09-11 02:00:00+00:00
[2026-09-10T08:01:21.767+0000] {processor.py:183} INFO - Processing /opt/airflow/dags/steam_analytics.py took 0.190 seconds
[2026-09-10T08:01:51.884+0000] {processor.py:161} INFO - Started process (PID=800) to work on /opt/airflow/dags/steam_analytics.py
[2026-09-10T08:01:51.885+0000] {processor.py:830} INFO - Processing file /opt/airflow/dags/steam_analytics.py for tasks to queue
[2026-09-10T08:01:51.886+0000] {logging_mixin.py:188} INFO - [2026-09-10T08:01:51.886+0000] {dagbag.py:545} INFO - Filling up the DagBag from /opt/airflow/dags/steam_analytics.py
[2026-09-10T08:01:52.016+0000] {processor.py:840} INFO - DAG(s) 'steam_analytics_daily' retrieved from /opt/airflow/dags/steam_analytics.py
[2026-09-10T08:01:52.041+0000] {logging_mixin.py:188} INFO - [2026-09-10T08:01:52.041+0000] {dag.py:3089} INFO - Sync 1 DAGs
[2026-09-10T08:01:52.062+0000] {logging_mixin.py:188} INFO - [2026-09-10T08:01:52.062+0000] {dag.py:3947} INFO - Setting next_dagrun for steam_analytics_daily to 2026-09-10 02:00:00+00:00, run_after=2026-09-11 02:00:00+00:00
[2026-09-10T08:01:52.079+0000] {processor.py:183} INFO - Processing /opt/airflow/dags/steam_analytics.py took 0.200 seconds
[2026-09-10T08:02:22.196+0000] {processor.py:161} INFO - Started process (PID=805) to work on /opt/airflow/dags/steam_analytics.py
[2026-09-10T08:02:22.197+0000] {processor.py:830} INFO - Processing file /opt/airflow/dags/steam_analytics.py for tasks to queue
[2026-09-10T08:02:22.198+0000] {logging_mixin.py:188} INFO - [2026-09-10T08:02:22.198+0000] {dagbag.py:545} INFO - Filling up the DagBag from /opt/airflow/dags/steam_analytics.py
[2026-09-10T08:02:22.346+0000] {processor.py:840} INFO - DAG(s) 'steam_analytics_daily' retrieved from /opt/airflow/dags/steam_analytics.py
[2026-09-10T08:02:22.374+0000] {logging_mixin.py:188} INFO - [2026-09-10T08:02:22.374+0000] {dag.py:3089} INFO - Sync 1 DAGs
[2026-09-10T08:02:22.395+0000] {logging_mixin.py:188} INFO - [2026-09-10T08:02:22.395+0000] {dag.py:3947} INFO - Setting next_dagrun for steam_analytics_daily to 2026-09-10 02:00:00+00:00, run_after=2026-09-11 02:00:00+00:00
[2026-09-10T08:02:22.413+0000] {processor.py:183} INFO - Processing /opt/airflow/dags/steam_analytics.py took 0.221 seconds
[2026-09-10T08:02:52.529+0000] {processor.py:161} INFO - Started process (PID=810) to work on /opt/airflow/dags/steam_analytics.py
[2026-09-10T08:02:52.530+0000] {processor.py:830} INFO - Processing file /opt/airflow/dags/steam_analytics.py for tasks to queue
[2026-09-10T08:02:52.531+0000] {logging_mixin.py:188} INFO - [2026-09-10T08:02:52.531+0000] {dagbag.py:545} INFO - Filling up the DagBag from /opt/airflow/dags/steam_analytics.py
[2026-09-10T08:02:52.667+0000] {processor.py:840} INFO - DAG(s) 'steam_analytics_daily' retrieved from /opt/airflow/dags/steam_analytics.py
[2026-09-10T08:02:52.691+0000] {logging_mixin.py:188} INFO - [2026-09-10T08:02:52.691+0000] {dag.py:3089} INFO - Sync 1 DAGs
[2026-09-10T08:02:52.711+0000] {logging_mixin.py:188} INFO - [2026-09-10T08:02:52.710+0000] {dag.py:3947} INFO - Setting next_dagrun for steam_analytics_daily to 2026-09-10 02:00:00+00:00, run_after=2026-09-11 02:00:00+00:00
[2026-09-10T08:02:52.725+0000] {processor.py:183} INFO - Processing /opt/airflow/dags/steam_analytics.py took 0.200 seconds
[2026-09-10T08:03:22.839+0000] {processor.py:161} INFO - Started process (PID=815) to work on /opt/airflow/dags/steam_analytics.py
[2026-09-10T08:03:22.840+0000] {processor.py:830} INFO - Processing file /opt/airflow/dags/steam_analytics.py for tasks to queue
[2026-09-10T08:03:22.841+0000] {logging_mixin.py:188} INFO - [2026-09-10T08:03:22.841+0000] {dagbag.py:545} INFO - Filling up the DagBag from /opt/airflow/dags/steam_analytics.py
[2026-09-10T08:03:22.967+0000] {processor.py:840} INFO - DAG(s) 'steam_analytics_daily' retrieved from /opt/airflow/dags/steam_analytics.py
[2026-09-10T08:03:22.990+0000] {logging_mixin.py:188} INFO - [2026-09-10T08:03:22.990+0000] {dag.py:3089} INFO - Sync 1 DAGs
[2026-09-10T08:03:23.008+0000] {logging_mixin.py:188} INFO - [2026-09-10T08:03:23.008+0000] {dag.py:3947} INFO - Setting next_dagrun for steam_analytics_daily to 2026-09-10 02:00:00+00:00, run_after=2026-09-11 02:00:00+00:00
[2026-09-10T08:03:23.024+0000] {processor.py:183} INFO - Processing /opt/airflow/dags/steam_analytics.py took 0.189 seconds
[2026-09-10T08:03:53.138+0000] {processor.py:161} INFO - Started process (PID=820) to work on /opt/airflow/dags/steam_analytics.py
[2026-09-10T08:03:53.139+0000] {processor.py:830} INFO - Processing file /opt/airflow/dags/steam_analytics.py for tasks to queue
[2026-09-10T08:03:53.140+0000] {logging_mixin.py:188} INFO - [2026-09-10T08:03:53.140+0000] {dagbag.py:545} INFO - Filling up the DagBag from /opt/airflow/dags/steam_analytics.py
[2026-09-10T08:03:53.271+0000] {processor.py:840} INFO - DAG(s) 'steam_analytics_daily' retrieved from /opt/airflow/dags/steam_analytics.py
[2026-09-10T08:03:53.294+0000] {logging_mixin.py:188} INFO - [2026-09-10T08:03:53.294+0000] {dag.py:3089} INFO - Sync 1 DAGs
[2026-09-10T08:03:53.312+0000] {logging_mixin.py:188} INFO - [2026-09-10T08:03:53.312+0000] {dag.py:3947} INFO - Setting next_dagrun for steam_analytics_daily to 2026-09-10 02:00:00+00:00, run_after=2026-09-11 02:00:00+00:00
[2026-09-10T08:03:53.326+0000] {processor.py:183} INFO - Processing /opt/airflow/dags/steam_analytics.py took 0.192 seconds
[2026-09-10T08:04:23.439+0000] {processor.py:161} INFO - Started process (PID=825) to work on /opt/airflow/dags/steam_analytics.py
[2026-09-10T08:04:23.439+0000] {processor.py:830} INFO - Processing file /opt/airflow/dags/steam_analytics.py for tasks to queue
[2026-09-10T08:04:23.441+0000] {logging_mixin.py:188} INFO - [2026-09-10T08:04:23.441+0000] {dagbag.py:545} INFO - Filling up the DagBag from /opt/airflow/dags/steam_analytics.py
[2026-09-10T08:04:23.568+0000] {processor.py:840} INFO - DAG(s) 'steam_analytics_daily' retrieved from /opt/airflow/dags/steam_analytics.py
[2026-09-10T08:04:23.593+0000] {logging_mixin.py:188} INFO - [2026-09-10T08:04:23.593+0000] {dag.py:3089} INFO - Sync 1 DAGs
[2026-09-10T08:04:23.612+0000] {logging_mixin.py:188} INFO - [2026-09-10T08:04:23.612+0000] {dag.py:3947} INFO - Setting next_dagrun for steam_analytics_daily to 2026-09-10 02:00:00+00:00, run_after=2026-09-11 02:00:00+00:00
[2026-09-10T08:04:23.626+0000] {processor.py:183} INFO - Processing /opt/airflow/dags/steam_analytics.py took 0.192 seconds
[2026-09-10T08:04:53.742+0000] {processor.py:161} INFO - Started process (PID=830) to work on /opt/airflow/dags/steam_analytics.py
[2026-09-10T08:04:53.743+0000] {processor.py:830} INFO - Processing file /opt/airflow/dags/steam_analytics.py for tasks to queue
[2026-09-10T08:04:53.744+0000] {logging_mixin.py:188} INFO - [2026-09-10T08:04:53.744+0000] {dagbag.py:545} INFO - Filling up the DagBag from /opt/airflow/dags/steam_analytics.py
[2026-09-10T08:04:53.868+0000] {processor.py:840} INFO - DAG(s) 'steam_analytics_daily' retrieved from /opt/airflow/dags/steam_analytics.py
[2026-09-10T08:04:53.892+0000] {logging_mixin.py:188} INFO - [2026-09-10T08:04:53.892+0000] {dag.py:3089} INFO - Sync 1 DAGs
[2026-09-10T08:04:53.910+0000] {logging_mixin.py:188} INFO - [2026-09-10T08:04:53.910+0000] {dag.py:3947} INFO - Setting next_dagrun for steam_analytics_daily to 2026-09-10 02:00:00+00:00, run_after=2026-09-11 02:00:00+00:00
[2026-09-10T08:04:53.925+0000] {processor.py:183} INFO - Processing /opt/airflow/dags/steam_analytics.py took 0.187 seconds
[2026-09-10T08:05:24.037+0000] {processor.py:161} INFO - Started process (PID=835) to work on /opt/airflow/dags/steam_analytics.py
[2026-09-10T08:05:24.038+0000] {processor.py:830} INFO - Processing file /opt/airflow/dags/steam_analytics.py for tasks to queue
[2026-09-10T08:05:24.039+0000] {logging_mixin.py:188} INFO - [2026-09-10T08:05:24.039+0000] {dagbag.py:545} INFO - Filling up the DagBag from /opt/airflow/dags/steam_analytics.py
[2026-09-10T08:05:24.162+0000] {processor.py:840} INFO - DAG(s) 'steam_analytics_daily' retrieved from /opt/airflow/dags/steam_analytics.py
[2026-09-10T08:05:24.186+0000] {logging_mixin.py:188} INFO - [2026-09-10T08:05:24.186+0000] {dag.py:3089} INFO - Sync 1 DAGs
[2026-09-10T08:05:24.204+0000] {logging_mixin.py:188} INFO - [2026-09-10T08:05:24.204+0000] {dag.py:3947} INFO - Setting next_dagrun for steam_analytics_daily to 2026-09-10 02:00:00+00:00, run_after=2026-09-11 02:00:00+00:00
[2026-09-10T08:05:24.219+0000] {processor.py:183} INFO - Processing /opt/airflow/dags/steam_analytics.py took 0.186 seconds
[2026-09-10T08:05:54.330+0000] {processor.py:161} INFO - Started process (PID=840) to work on /opt/airflow/dags/steam_analytics.py
[2026-09-10T08:05:54.331+0000] {processor.py:830} INFO - Processing file /opt/airflow/dags/steam_analytics.py for tasks to queue
[2026-09-10T08:05:54.332+0000] {logging_mixin.py:188} INFO - [2026-09-10T08:05:54.332+0000] {dagbag.py:545} INFO - Filling up the DagBag from /opt/airflow/dags/steam_analytics.py
[2026-09-10T08:05:54.454+0000] {processor.py:840} INFO - DAG(s) 'steam_analytics_daily' retrieved from /opt/airflow/dags/steam_analytics.py
[2026-09-10T08:05:54.478+0000] {logging_mixin.py:188} INFO - [2026-09-10T08:05:54.477+0000] {dag.py:3089} INFO - Sync 1 DAGs
[2026-09-10T08:05:54.496+0000] {logging_mixin.py:188} INFO - [2026-09-10T08:05:54.496+0000] {dag.py:3947} INFO - Setting next_dagrun for steam_analytics_daily to 2026-09-10 02:00:00+00:00, run_after=2026-09-11 02:00:00+00:00
[2026-09-10T08:05:54.510+0000] {processor.py:183} INFO - Processing /opt/airflow/dags/steam_analytics.py took 0.183 seconds
[2026-09-10T08:06:24.625+0000] {processor.py:161} INFO - Started process (PID=845) to work on /opt/airflow/dags/steam_analytics.py
[2026-09-10T08:06:24.626+0000] {processor.py:830} INFO - Processing file /opt/airflow/dags/steam_analytics.py for tasks to queue
[2026-09-10T08:06:24.627+0000] {logging_mixin.py:188} INFO - [2026-09-10T08:06:24.627+0000] {dagbag.py:545} INFO - Filling up the DagBag from /opt/airflow/dags/steam_analytics.py
[2026-09-10T08:06:24.758+0000] {processor.py:840} INFO - DAG(s) 'steam_analytics_daily' retrieved from /opt/airflow/dags/steam_analytics.py
[2026-09-10T08:06:24.782+0000] {logging_mixin.py:188} INFO - [2026-09-10T08:06:24.782+0000] {dag.py:3089} INFO - Sync 1 DAGs
[2026-09-10T08:06:24.800+0000] {logging_mixin.py:188} INFO - [2026-09-10T08:06:24.800+0000] {dag.py:3947} INFO - Setting next_dagrun for steam_analytics_daily to 2026-09-10 02:00:00+00:00, run_after=2026-09-11 02:00:00+00:00
[2026-09-10T08:06:24.816+0000] {processor.py:183} INFO - Processing /opt/airflow/dags/steam_analytics.py took 0.195 seconds
[2026-09-10T08:06:54.928+0000] {processor.py:161} INFO - Started process (PID=850) to work on /opt/airflow/dags/steam_analytics.py
[2026-09-10T08:06:54.929+0000] {processor.py:830} INFO - Processing file /opt/airflow/dags/steam_analytics.py for tasks to queue
[2026-09-10T08:06:54.930+0000] {logging_mixin.py:188} INFO - [2026-09-10T08:06:54.930+0000] {dagbag.py:545} INFO - Filling up the DagBag from /opt/airflow/dags/steam_analytics.py
[2026-09-10T08:06:55.055+0000] {processor.py:840} INFO - DAG(s) 'steam_analytics_daily' retrieved from /opt/airflow/dags/steam_analytics.py
[2026-09-10T08:06:55.079+0000] {logging_mixin.py:188} INFO - [2026-09-10T08:06:55.079+0000] {dag.py:3089} INFO - Sync 1 DAGs
[2026-09-10T08:06:55.098+0000] {logging_mixin.py:188} INFO - [2026-09-10T08:06:55.097+0000] {dag.py:3947} INFO - Setting next_dagrun for steam_analytics_daily to 2026-09-10 02:00:00+00:00, run_after=2026-09-11 02:00:00+00:00
[2026-09-10T08:06:55.112+0000] {processor.py:183} INFO - Processing /opt/airflow/dags/steam_analytics.py took 0.187 seconds
[2026-09-10T08:07:25.311+0000] {processor.py:161} INFO - Started process (PID=855) to work on /opt/airflow/dags/steam_analytics.py
[2026-09-10T08:07:25.312+0000] {processor.py:830} INFO - Processing file /opt/airflow/dags/steam_analytics.py for tasks to queue
[2026-09-10T08:07:25.313+0000] {logging_mixin.py:188} INFO - [2026-09-10T08:07:25.313+0000] {dagbag.py:545} INFO - Filling up the DagBag from /opt/airflow/dags/steam_analytics.py
[2026-09-10T08:07:25.437+0000] {processor.py:840} INFO - DAG(s) 'steam_analytics_daily' retrieved from /opt/airflow/dags/steam_analytics.py
[2026-09-10T08:07:25.459+0000] {logging_mixin.py:188} INFO - [2026-09-10T08:07:25.459+0000] {dag.py:3089} INFO - Sync 1 DAGs
[2026-09-10T08:07:25.477+0000] {logging_mixin.py:188} INFO - [2026-09-10T08:07:25.477+0000] {dag.py:3947} INFO - Setting next_dagrun for steam_analytics_daily to 2026-09-10 02:00:00+00:00, run_after=2026-09-11 02:00:00+00:00
[2026-09-10T08:07:25.491+0000] {processor.py:183} INFO - Processing /opt/airflow/dags/steam_analytics.py took 0.185 seconds
[2026-09-10T08:07:55.608+0000] {processor.py:161} INFO - Started process (PID=860) to work on /opt/airflow/dags/steam_analytics.py
[2026-09-10T08:07:55.609+0000] {processor.py:830} INFO - Processing file /opt/airflow/dags/steam_analytics.py for tasks to queue
[2026-09-10T08:07:55.611+0000] {logging_mixin.py:188} INFO - [2026-09-10T08:07:55.610+0000] {dagbag.py:545} INFO - Filling up the DagBag from /opt/airflow/dags/steam_analytics.py
[2026-09-10T08:07:55.739+0000] {processor.py:840} INFO - DAG(s) 'steam_analytics_daily' retrieved from /opt/airflow/dags/steam_analytics.py
[2026-09-10T08:07:55.761+0000] {logging_mixin.py:188} INFO - [2026-09-10T08:07:55.761+0000] {dag.py:3089} INFO - Sync 1 DAGs
[2026-09-10T08:07:55.780+0000] {logging_mixin.py:188} INFO - [2026-09-10T08:07:55.780+0000] {dag.py:3947} INFO - Setting next_dagrun for steam_analytics_daily to 2026-09-10 02:00:00+00:00, run_after=2026-09-11 02:00:00+00:00
[2026-09-10T08:07:55.794+0000] {processor.py:183} INFO - Processing /opt/airflow/dags/steam_analytics.py took 0.190 seconds
[2026-09-10T08:08:25.906+0000] {processor.py:161} INFO - Started process (PID=865) to work on /opt/airflow/dags/steam_analytics.py
[2026-09-10T08:08:25.907+0000] {processor.py:830} INFO - Processing file /opt/airflow/dags/steam_analytics.py for tasks to queue
[2026-09-10T08:08:25.908+0000] {logging_mixin.py:188} INFO - [2026-09-10T08:08:25.908+0000] {dagbag.py:545} INFO - Filling up the DagBag from /opt/airflow/dags/steam_analytics.py
[2026-09-10T08:08:26.034+0000] {processor.py:840} INFO - DAG(s) 'steam_analytics_daily' retrieved from /opt/airflow/dags/steam_analytics.py
[2026-09-10T08:08:26.057+0000] {logging_mixin.py:188} INFO - [2026-09-10T08:08:26.057+0000] {dag.py:3089} INFO - Sync 1 DAGs
[2026-09-10T08:08:26.075+0000] {logging_mixin.py:188} INFO - [2026-09-10T08:08:26.075+0000] {dag.py:3947} INFO - Setting next_dagrun for steam_analytics_daily to 2026-09-10 02:00:00+00:00, run_after=2026-09-11 02:00:00+00:00
[2026-09-10T08:08:26.090+0000] {processor.py:183} INFO - Processing /opt/airflow/dags/steam_analytics.py took 0.187 seconds
[2026-09-10T08:08:56.206+0000] {processor.py:161} INFO - Started process (PID=870) to work on /opt/airflow/dags/steam_analytics.py
[2026-09-10T08:08:56.207+0000] {processor.py:830} INFO - Processing file /opt/airflow/dags/steam_analytics.py for tasks to queue
[2026-09-10T08:08:56.208+0000] {logging_mixin.py:188} INFO - [2026-09-10T08:08:56.208+0000] {dagbag.py:545} INFO - Filling up the DagBag from /opt/airflow/dags/steam_analytics.py
[2026-09-10T08:08:56.332+0000] {processor.py:840} INFO - DAG(s) 'steam_analytics_daily' retrieved from /opt/airflow/dags/steam_analytics.py
[2026-09-10T08:08:56.356+0000] {logging_mixin.py:188} INFO - [2026-09-10T08:08:56.356+0000] {dag.py:3089} INFO - Sync 1 DAGs
[2026-09-10T08:08:56.374+0000] {logging_mixin.py:188} INFO - [2026-09-10T08:08:56.373+0000] {dag.py:3947} INFO - Setting next_dagrun for steam_analytics_daily to 2026-09-10 02:00:00+00:00, run_after=2026-09-11 02:00:00+00:00
[2026-09-10T08:08:56.388+0000] {processor.py:183} INFO - Processing /opt/airflow/dags/steam_analytics.py took 0.186 seconds
[2026-09-10T08:09:26.498+0000] {processor.py:161} INFO - Started process (PID=875) to work on /opt/airflow/dags/steam_analytics.py
[2026-09-10T08:09:26.499+0000] {processor.py:830} INFO - Processing file /opt/airflow/dags/steam_analytics.py for tasks to queue
[2026-09-10T08:09:26.500+0000] {logging_mixin.py:188} INFO - [2026-09-10T08:09:26.500+0000] {dagbag.py:545} INFO - Filling up the DagBag from /opt/airflow/dags/steam_analytics.py
[2026-09-10T08:09:26.626+0000] {processor.py:840} INFO - DAG(s) 'steam_analytics_daily' retrieved from /opt/airflow/dags/steam_analytics.py
[2026-09-10T08:09:26.651+0000] {logging_mixin.py:188} INFO - [2026-09-10T08:09:26.651+0000] {dag.py:3089} INFO - Sync 1 DAGs
[2026-09-10T08:09:26.671+0000] {logging_mixin.py:188} INFO - [2026-09-10T08:09:26.671+0000] {dag.py:3947} INFO - Setting next_dagrun for steam_analytics_daily to 2026-09-10 02:00:00+00:00, run_after=2026-09-11 02:00:00+00:00
[2026-09-10T08:09:26.688+0000] {processor.py:183} INFO - Processing /opt/airflow/dags/steam_analytics.py took 0.194 seconds
[2026-09-10T08:09:56.802+0000] {processor.py:161} INFO - Started process (PID=880) to work on /opt/airflow/dags/steam_analytics.py
[2026-09-10T08:09:56.803+0000] {processor.py:830} INFO - Processing file /opt/airflow/dags/steam_analytics.py for tasks to queue
[2026-09-10T08:09:56.804+0000] {logging_mixin.py:188} INFO - [2026-09-10T08:09:56.804+0000] {dagbag.py:545} INFO - Filling up the DagBag from /opt/airflow/dags/steam_analytics.py
[2026-09-10T08:09:56.929+0000] {processor.py:840} INFO - DAG(s) 'steam_analytics_daily' retrieved from /opt/airflow/dags/steam_analytics.py
[2026-09-10T08:09:56.953+0000] {logging_mixin.py:188} INFO - [2026-09-10T08:09:56.952+0000] {dag.py:3089} INFO - Sync 1 DAGs
[2026-09-10T08:09:56.971+0000] {logging_mixin.py:188} INFO - [2026-09-10T08:09:56.970+0000] {dag.py:3947} INFO - Setting next_dagrun for steam_analytics_daily to 2026-09-10 02:00:00+00:00, run_after=2026-09-11 02:00:00+00:00
[2026-09-10T08:09:56.986+0000] {processor.py:183} INFO - Processing /opt/airflow/dags/steam_analytics.py took 0.188 seconds
[2026-09-10T08:10:27.100+0000] {processor.py:161} INFO - Started process (PID=885) to work on /opt/airflow/dags/steam_analytics.py
[2026-09-10T08:10:27.100+0000] {processor.py:830} INFO - Processing file /opt/airflow/dags/steam_analytics.py for tasks to queue
[2026-09-10T08:10:27.102+0000] {logging_mixin.py:188} INFO - [2026-09-10T08:10:27.101+0000] {dagbag.py:545} INFO - Filling up the DagBag from /opt/airflow/dags/steam_analytics.py
[2026-09-10T08:10:27.226+0000] {processor.py:840} INFO - DAG(s) 'steam_analytics_daily' retrieved from /opt/airflow/dags/steam_analytics.py
[2026-09-10T08:10:27.249+0000] {logging_mixin.py:188} INFO - [2026-09-10T08:10:27.249+0000] {dag.py:3089} INFO - Sync 1 DAGs
[2026-09-10T08:10:27.268+0000] {logging_mixin.py:188} INFO - [2026-09-10T08:10:27.268+0000] {dag.py:3947} INFO - Setting next_dagrun for steam_analytics_daily to 2026-09-10 02:00:00+00:00, run_after=2026-09-11 02:00:00+00:00
[2026-09-10T08:10:27.283+0000] {processor.py:183} INFO - Processing /opt/airflow/dags/steam_analytics.py took 0.188 seconds
[2026-09-10T08:10:57.408+0000] {processor.py:161} INFO - Started process (PID=890) to work on /opt/airflow/dags/steam_analytics.py
[2026-09-10T08:10:57.409+0000] {processor.py:830} INFO - Processing file /opt/airflow/dags/steam_analytics.py for tasks to queue
[2026-09-10T08:10:57.410+0000] {logging_mixin.py:188} INFO - [2026-09-10T08:10:57.410+0000] {dagbag.py:545} INFO - Filling up the DagBag from /opt/airflow/dags/steam_analytics.py
[2026-09-10T08:10:57.536+0000] {processor.py:840} INFO - DAG(s) 'steam_analytics_daily' retrieved from /opt/airflow/dags/steam_analytics.py
[2026-09-10T08:10:57.560+0000] {logging_mixin.py:188} INFO - [2026-09-10T08:10:57.560+0000] {dag.py:3089} INFO - Sync 1 DAGs
[2026-09-10T08:10:57.578+0000] {logging_mixin.py:188} INFO - [2026-09-10T08:10:57.578+0000] {dag.py:3947} INFO - Setting next_dagrun for steam_analytics_daily to 2026-09-10 02:00:00+00:00, run_after=2026-09-11 02:00:00+00:00
[2026-09-10T08:10:57.595+0000] {processor.py:183} INFO - Processing /opt/airflow/dags/steam_analytics.py took 0.191 seconds
[2026-09-10T08:11:27.712+0000] {processor.py:161} INFO - Started process (PID=895) to work on /opt/airflow/dags/steam_analytics.py
[2026-09-10T08:11:27.712+0000] {processor.py:830} INFO - Processing file /opt/airflow/dags/steam_analytics.py for tasks to queue
[2026-09-10T08:11:27.714+0000] {logging_mixin.py:188} INFO - [2026-09-10T08:11:27.714+0000] {dagbag.py:545} INFO - Filling up the DagBag from /opt/airflow/dags/steam_analytics.py
[2026-09-10T08:11:27.840+0000] {processor.py:840} INFO - DAG(s) 'steam_analytics_daily' retrieved from /opt/airflow/dags/steam_analytics.py
[2026-09-10T08:11:27.863+0000] {logging_mixin.py:188} INFO - [2026-09-10T08:11:27.863+0000] {dag.py:3089} INFO - Sync 1 DAGs
[2026-09-10T08:11:27.881+0000] {logging_mixin.py:188} INFO - [2026-09-10T08:11:27.880+0000] {dag.py:3947} INFO - Setting next_dagrun for steam_analytics_daily to 2026-09-10 02:00:00+00:00, run_after=2026-09-11 02:00:00+00:00
[2026-09-10T08:11:27.894+0000] {processor.py:183} INFO - Processing /opt/airflow/dags/steam_analytics.py took 0.188 seconds
[2026-09-10T08:11:58.009+0000] {processor.py:161} INFO - Started process (PID=900) to work on /opt/airflow/dags/steam_analytics.py
[2026-09-10T08:11:58.009+0000] {processor.py:830} INFO - Processing file /opt/airflow/dags/steam_analytics.py for tasks to queue
[2026-09-10T08:11:58.011+0000] {logging_mixin.py:188} INFO - [2026-09-10T08:11:58.011+0000] {dagbag.py:545} INFO - Filling up the DagBag from /opt/airflow/dags/steam_analytics.py
[2026-09-10T08:11:58.138+0000] {processor.py:840} INFO - DAG(s) 'steam_analytics_daily' retrieved from /opt/airflow/dags/steam_analytics.py
[2026-09-10T08:11:58.162+0000] {logging_mixin.py:188} INFO - [2026-09-10T08:11:58.162+0000] {dag.py:3089} INFO - Sync 1 DAGs
[2026-09-10T08:11:58.180+0000] {logging_mixin.py:188} INFO - [2026-09-10T08:11:58.180+0000] {dag.py:3947} INFO - Setting next_dagrun for steam_analytics_daily to 2026-09-10 02:00:00+00:00, run_after=2026-09-11 02:00:00+00:00
[2026-09-10T08:11:58.196+0000] {processor.py:183} INFO - Processing /opt/airflow/dags/steam_analytics.py took 0.192 seconds
[2026-09-10T08:12:28.308+0000] {processor.py:161} INFO - Started process (PID=905) to work on /opt/airflow/dags/steam_analytics.py
[2026-09-10T08:12:28.308+0000] {processor.py:830} INFO - Processing file /opt/airflow/dags/steam_analytics.py for tasks to queue
[2026-09-10T08:12:28.310+0000] {logging_mixin.py:188} INFO - [2026-09-10T08:12:28.309+0000] {dagbag.py:545} INFO - Filling up the DagBag from /opt/airflow/dags/steam_analytics.py
[2026-09-10T08:12:28.434+0000] {processor.py:840} INFO - DAG(s) 'steam_analytics_daily' retrieved from /opt/airflow/dags/steam_analytics.py
[2026-09-10T08:12:28.458+0000] {logging_mixin.py:188} INFO - [2026-09-10T08:12:28.457+0000] {dag.py:3089} INFO - Sync 1 DAGs
[2026-09-10T08:12:28.476+0000] {logging_mixin.py:188} INFO - [2026-09-10T08:12:28.476+0000] {dag.py:3947} INFO - Setting next_dagrun for steam_analytics_daily to 2026-09-10 02:00:00+00:00, run_after=2026-09-11 02:00:00+00:00
[2026-09-10T08:12:28.491+0000] {processor.py:183} INFO - Processing /opt/airflow/dags/steam_analytics.py took 0.187 seconds
[2026-09-10T08:12:58.607+0000] {processor.py:161} INFO - Started process (PID=910) to work on /opt/airflow/dags/steam_analytics.py
[2026-09-10T08:12:58.608+0000] {processor.py:830} INFO - Processing file /opt/airflow/dags/steam_analytics.py for tasks to queue
[2026-09-10T08:12:58.609+0000] {logging_mixin.py:188} INFO - [2026-09-10T08:12:58.609+0000] {dagbag.py:545} INFO - Filling up the DagBag from /opt/airflow/dags/steam_analytics.py
[2026-09-10T08:12:58.737+0000] {processor.py:840} INFO - DAG(s) 'steam_analytics_daily' retrieved from /opt/airflow/dags/steam_analytics.py
[2026-09-10T08:12:58.761+0000] {logging_mixin.py:188} INFO - [2026-09-10T08:12:58.761+0000] {dag.py:3089} INFO - Sync 1 DAGs
[2026-09-10T08:12:58.781+0000] {logging_mixin.py:188} INFO - [2026-09-10T08:12:58.780+0000] {dag.py:3947} INFO - Setting next_dagrun for steam_analytics_daily to 2026-09-10 02:00:00+00:00, run_after=2026-09-11 02:00:00+00:00
[2026-09-10T08:12:58.796+0000] {processor.py:183} INFO - Processing /opt/airflow/dags/steam_analytics.py took 0.193 seconds
[2026-09-10T08:13:28.912+0000] {processor.py:161} INFO - Started process (PID=915) to work on /opt/airflow/dags/steam_analytics.py
[2026-09-10T08:13:28.913+0000] {processor.py:830} INFO - Processing file /opt/airflow/dags/steam_analytics.py for tasks to queue
[2026-09-10T08:13:28.914+0000] {logging_mixin.py:188} INFO - [2026-09-10T08:13:28.914+0000] {dagbag.py:545} INFO - Filling up the DagBag from /opt/airflow/dags/steam_analytics.py
[2026-09-10T08:13:29.040+0000] {processor.py:840} INFO - DAG(s) 'steam_analytics_daily' retrieved from /opt/airflow/dags/steam_analytics.py
[2026-09-10T08:13:29.064+0000] {logging_mixin.py:188} INFO - [2026-09-10T08:13:29.063+0000] {dag.py:3089} INFO - Sync 1 DAGs
[2026-09-10T08:13:29.082+0000] {logging_mixin.py:188} INFO - [2026-09-10T08:13:29.082+0000] {dag.py:3947} INFO - Setting next_dagrun for steam_analytics_daily to 2026-09-10 02:00:00+00:00, run_after=2026-09-11 02:00:00+00:00
[2026-09-10T08:13:29.097+0000] {processor.py:183} INFO - Processing /opt/airflow/dags/steam_analytics.py took 0.189 seconds
[2026-09-10T08:13:59.212+0000] {processor.py:161} INFO - Started process (PID=920) to work on /opt/airflow/dags/steam_analytics.py
[2026-09-10T08:13:59.213+0000] {processor.py:830} INFO - Processing file /opt/airflow/dags/steam_analytics.py for tasks to queue
[2026-09-10T08:13:59.214+0000] {logging_mixin.py:188} INFO - [2026-09-10T08:13:59.214+0000] {dagbag.py:545} INFO - Filling up the DagBag from /opt/airflow/dags/steam_analytics.py
[2026-09-10T08:13:59.345+0000] {processor.py:840} INFO - DAG(s) 'steam_analytics_daily' retrieved from /opt/airflow/dags/steam_analytics.py
[2026-09-10T08:13:59.369+0000] {logging_mixin.py:188} INFO - [2026-09-10T08:13:59.368+0000] {dag.py:3089} INFO - Sync 1 DAGs
[2026-09-10T08:13:59.387+0000] {logging_mixin.py:188} INFO - [2026-09-10T08:13:59.386+0000] {dag.py:3947} INFO - Setting next_dagrun for steam_analytics_daily to 2026-09-10 02:00:00+00:00, run_after=2026-09-11 02:00:00+00:00
[2026-09-10T08:13:59.676+0000] {processor.py:183} INFO - Processing /opt/airflow/dags/steam_analytics.py took 0.468 seconds
[2026-09-10T08:14:29.821+0000] {processor.py:161} INFO - Started process (PID=925) to work on /opt/airflow/dags/steam_analytics.py
[2026-09-10T08:14:29.821+0000] {processor.py:830} INFO - Processing file /opt/airflow/dags/steam_analytics.py for tasks to queue
[2026-09-10T08:14:29.823+0000] {logging_mixin.py:188} INFO - [2026-09-10T08:14:29.823+0000] {dagbag.py:545} INFO - Filling up the DagBag from /opt/airflow/dags/steam_analytics.py
[2026-09-10T08:14:29.949+0000] {processor.py:840} INFO - DAG(s) 'steam_analytics_daily' retrieved from /opt/airflow/dags/steam_analytics.py
[2026-09-10T08:14:29.973+0000] {logging_mixin.py:188} INFO - [2026-09-10T08:14:29.973+0000] {dag.py:3089} INFO - Sync 1 DAGs
[2026-09-10T08:14:29.993+0000] {logging_mixin.py:188} INFO - [2026-09-10T08:14:29.993+0000] {dag.py:3947} INFO - Setting next_dagrun for steam_analytics_daily to 2026-09-10 02:00:00+00:00, run_after=2026-09-11 02:00:00+00:00
[2026-09-10T08:14:30.008+0000] {processor.py:183} INFO - Processing /opt/airflow/dags/steam_analytics.py took 0.191 seconds
[2026-09-10T08:15:00.123+0000] {processor.py:161} INFO - Started process (PID=930) to work on /opt/airflow/dags/steam_analytics.py
[2026-09-10T08:15:00.124+0000] {processor.py:830} INFO - Processing file /opt/airflow/dags/steam_analytics.py for tasks to queue
[2026-09-10T08:15:00.125+0000] {logging_mixin.py:188} INFO - [2026-09-10T08:15:00.125+0000] {dagbag.py:545} INFO - Filling up the DagBag from /opt/airflow/dags/steam_analytics.py
[2026-09-10T08:15:00.253+0000] {processor.py:840} INFO - DAG(s) 'steam_analytics_daily' retrieved from /opt/airflow/dags/steam_analytics.py
[2026-09-10T08:15:00.278+0000] {logging_mixin.py:188} INFO - [2026-09-10T08:15:00.278+0000] {dag.py:3089} INFO - Sync 1 DAGs
[2026-09-10T08:15:00.296+0000] {logging_mixin.py:188} INFO - [2026-09-10T08:15:00.296+0000] {dag.py:3947} INFO - Setting next_dagrun for steam_analytics_daily to 2026-09-10 02:00:00+00:00, run_after=2026-09-11 02:00:00+00:00
[2026-09-10T08:15:00.310+0000] {processor.py:183} INFO - Processing /opt/airflow/dags/steam_analytics.py took 0.191 seconds
[2026-09-10T08:15:30.425+0000] {processor.py:161} INFO - Started process (PID=935) to work on /opt/airflow/dags/steam_analytics.py
[2026-09-10T08:15:30.426+0000] {processor.py:830} INFO - Processing file /opt/airflow/dags/steam_analytics.py for tasks to queue
[2026-09-10T08:15:30.427+0000] {logging_mixin.py:188} INFO - [2026-09-10T08:15:30.427+0000] {dagbag.py:545} INFO - Filling up the DagBag from /opt/airflow/dags/steam_analytics.py
[2026-09-10T08:15:30.557+0000] {processor.py:840} INFO - DAG(s) 'steam_analytics_daily' retrieved from /opt/airflow/dags/steam_analytics.py
[2026-09-10T08:15:30.583+0000] {logging_mixin.py:188} INFO - [2026-09-10T08:15:30.583+0000] {dag.py:3089} INFO - Sync 1 DAGs
[2026-09-10T08:15:30.601+0000] {logging_mixin.py:188} INFO - [2026-09-10T08:15:30.601+0000] {dag.py:3947} INFO - Setting next_dagrun for steam_analytics_daily to 2026-09-10 02:00:00+00:00, run_after=2026-09-11 02:00:00+00:00
[2026-09-10T08:15:30.616+0000] {processor.py:183} INFO - Processing /opt/airflow/dags/steam_analytics.py took 0.196 seconds
[2026-09-10T08:16:00.729+0000] {processor.py:161} INFO - Started process (PID=940) to work on /opt/airflow/dags/steam_analytics.py
[2026-09-10T08:16:00.730+0000] {processor.py:830} INFO - Processing file /opt/airflow/dags/steam_analytics.py for tasks to queue
[2026-09-10T08:16:00.731+0000] {logging_mixin.py:188} INFO - [2026-09-10T08:16:00.731+0000] {dagbag.py:545} INFO - Filling up the DagBag from /opt/airflow/dags/steam_analytics.py
[2026-09-10T08:16:00.877+0000] {processor.py:840} INFO - DAG(s) 'steam_analytics_daily' retrieved from /opt/airflow/dags/steam_analytics.py
[2026-09-10T08:16:00.909+0000] {logging_mixin.py:188} INFO - [2026-09-10T08:16:00.908+0000] {dag.py:3089} INFO - Sync 1 DAGs
[2026-09-10T08:16:00.940+0000] {logging_mixin.py:188} INFO - [2026-09-10T08:16:00.940+0000] {dag.py:3947} INFO - Setting next_dagrun for steam_analytics_daily to 2026-09-10 02:00:00+00:00, run_after=2026-09-11 02:00:00+00:00
[2026-09-10T08:16:00.960+0000] {processor.py:183} INFO - Processing /opt/airflow/dags/steam_analytics.py took 0.235 seconds
[2026-09-10T08:16:31.076+0000] {processor.py:161} INFO - Started process (PID=945) to work on /opt/airflow/dags/steam_analytics.py
[2026-09-10T08:16:31.077+0000] {processor.py:830} INFO - Processing file /opt/airflow/dags/steam_analytics.py for tasks to queue
[2026-09-10T08:16:31.078+0000] {logging_mixin.py:188} INFO - [2026-09-10T08:16:31.078+0000] {dagbag.py:545} INFO - Filling up the DagBag from /opt/airflow/dags/steam_analytics.py
[2026-09-10T08:16:31.204+0000] {processor.py:840} INFO - DAG(s) 'steam_analytics_daily' retrieved from /opt/airflow/dags/steam_analytics.py
[2026-09-10T08:16:31.227+0000] {logging_mixin.py:188} INFO - [2026-09-10T08:16:31.227+0000] {dag.py:3089} INFO - Sync 1 DAGs
[2026-09-10T08:16:31.248+0000] {logging_mixin.py:188} INFO - [2026-09-10T08:16:31.248+0000] {dag.py:3947} INFO - Setting next_dagrun for steam_analytics_daily to 2026-09-10 02:00:00+00:00, run_after=2026-09-11 02:00:00+00:00
[2026-09-10T08:16:31.395+0000] {processor.py:183} INFO - Processing /opt/airflow/dags/steam_analytics.py took 0.323 seconds
[2026-09-10T08:17:01.528+0000] {processor.py:161} INFO - Started process (PID=950) to work on /opt/airflow/dags/steam_analytics.py
[2026-09-10T08:17:01.529+0000] {processor.py:830} INFO - Processing file /opt/airflow/dags/steam_analytics.py for tasks to queue
[2026-09-10T08:17:01.531+0000] {logging_mixin.py:188} INFO - [2026-09-10T08:17:01.531+0000] {dagbag.py:545} INFO - Filling up the DagBag from /opt/airflow/dags/steam_analytics.py
[2026-09-10T08:17:01.665+0000] {processor.py:840} INFO - DAG(s) 'steam_analytics_daily' retrieved from /opt/airflow/dags/steam_analytics.py
[2026-09-10T08:17:01.693+0000] {logging_mixin.py:188} INFO - [2026-09-10T08:17:01.693+0000] {dag.py:3089} INFO - Sync 1 DAGs
[2026-09-10T08:17:01.717+0000] {logging_mixin.py:188} INFO - [2026-09-10T08:17:01.716+0000] {dag.py:3947} INFO - Setting next_dagrun for steam_analytics_daily to 2026-09-10 02:00:00+00:00, run_after=2026-09-11 02:00:00+00:00
[2026-09-10T08:17:01.733+0000] {processor.py:183} INFO - Processing /opt/airflow/dags/steam_analytics.py took 0.214 seconds
[2026-09-10T08:17:31.847+0000] {processor.py:161} INFO - Started process (PID=955) to work on /opt/airflow/dags/steam_analytics.py
[2026-09-10T08:17:31.848+0000] {processor.py:830} INFO - Processing file /opt/airflow/dags/steam_analytics.py for tasks to queue
[2026-09-10T08:17:31.849+0000] {logging_mixin.py:188} INFO - [2026-09-10T08:17:31.849+0000] {dagbag.py:545} INFO - Filling up the DagBag from /opt/airflow/dags/steam_analytics.py
[2026-09-10T08:17:31.973+0000] {processor.py:840} INFO - DAG(s) 'steam_analytics_daily' retrieved from /opt/airflow/dags/steam_analytics.py
[2026-09-10T08:17:31.997+0000] {logging_mixin.py:188} INFO - [2026-09-10T08:17:31.997+0000] {dag.py:3089} INFO - Sync 1 DAGs
[2026-09-10T08:17:32.018+0000] {logging_mixin.py:188} INFO - [2026-09-10T08:17:32.018+0000] {dag.py:3947} INFO - Setting next_dagrun for steam_analytics_daily to 2026-09-10 02:00:00+00:00, run_after=2026-09-11 02:00:00+00:00
[2026-09-10T08:17:32.033+0000] {processor.py:183} INFO - Processing /opt/airflow/dags/steam_analytics.py took 0.190 seconds
[2026-09-10T08:18:02.145+0000] {processor.py:161} INFO - Started process (PID=960) to work on /opt/airflow/dags/steam_analytics.py
[2026-09-10T08:18:02.145+0000] {processor.py:830} INFO - Processing file /opt/airflow/dags/steam_analytics.py for tasks to queue
[2026-09-10T08:18:02.147+0000] {logging_mixin.py:188} INFO - [2026-09-10T08:18:02.146+0000] {dagbag.py:545} INFO - Filling up the DagBag from /opt/airflow/dags/steam_analytics.py
[2026-09-10T08:18:02.271+0000] {processor.py:840} INFO - DAG(s) 'steam_analytics_daily' retrieved from /opt/airflow/dags/steam_analytics.py
[2026-09-10T08:18:02.296+0000] {logging_mixin.py:188} INFO - [2026-09-10T08:18:02.296+0000] {dag.py:3089} INFO - Sync 1 DAGs
[2026-09-10T08:18:02.315+0000] {logging_mixin.py:188} INFO - [2026-09-10T08:18:02.314+0000] {dag.py:3947} INFO - Setting next_dagrun for steam_analytics_daily to 2026-09-10 02:00:00+00:00, run_after=2026-09-11 02:00:00+00:00
[2026-09-10T08:18:02.329+0000] {processor.py:183} INFO - Processing /opt/airflow/dags/steam_analytics.py took 0.189 seconds
[2026-09-10T08:18:32.439+0000] {processor.py:161} INFO - Started process (PID=965) to work on /opt/airflow/dags/steam_analytics.py
[2026-09-10T08:18:32.440+0000] {processor.py:830} INFO - Processing file /opt/airflow/dags/steam_analytics.py for tasks to queue
[2026-09-10T08:18:32.441+0000] {logging_mixin.py:188} INFO - [2026-09-10T08:18:32.441+0000] {dagbag.py:545} INFO - Filling up the DagBag from /opt/airflow/dags/steam_analytics.py
[2026-09-10T08:18:32.563+0000] {processor.py:840} INFO - DAG(s) 'steam_analytics_daily' retrieved from /opt/airflow/dags/steam_analytics.py
[2026-09-10T08:18:32.586+0000] {logging_mixin.py:188} INFO - [2026-09-10T08:18:32.585+0000] {dag.py:3089} INFO - Sync 1 DAGs
[2026-09-10T08:18:32.603+0000] {logging_mixin.py:188} INFO - [2026-09-10T08:18:32.603+0000] {dag.py:3947} INFO - Setting next_dagrun for steam_analytics_daily to 2026-09-10 02:00:00+00:00, run_after=2026-09-11 02:00:00+00:00
[2026-09-10T08:18:32.737+0000] {processor.py:183} INFO - Processing /opt/airflow/dags/steam_analytics.py took 0.302 seconds
[2026-09-10T08:19:02.869+0000] {processor.py:161} INFO - Started process (PID=970) to work on /opt/airflow/dags/steam_analytics.py
[2026-09-10T08:19:02.870+0000] {processor.py:830} INFO - Processing file /opt/airflow/dags/steam_analytics.py for tasks to queue
[2026-09-10T08:19:02.872+0000] {logging_mixin.py:188} INFO - [2026-09-10T08:19:02.871+0000] {dagbag.py:545} INFO - Filling up the DagBag from /opt/airflow/dags/steam_analytics.py
[2026-09-10T08:19:03.016+0000] {processor.py:840} INFO - DAG(s) 'steam_analytics_daily' retrieved from /opt/airflow/dags/steam_analytics.py
[2026-09-10T08:19:03.047+0000] {logging_mixin.py:188} INFO - [2026-09-10T08:19:03.047+0000] {dag.py:3089} INFO - Sync 1 DAGs
[2026-09-10T08:19:03.203+0000] {logging_mixin.py:188} INFO - [2026-09-10T08:19:03.203+0000] {dag.py:3947} INFO - Setting next_dagrun for steam_analytics_daily to 2026-09-10 02:00:00+00:00, run_after=2026-09-11 02:00:00+00:00
[2026-09-10T08:19:03.217+0000] {processor.py:183} INFO - Processing /opt/airflow/dags/steam_analytics.py took 0.353 seconds
[2026-09-10T08:19:33.351+0000] {processor.py:161} INFO - Started process (PID=975) to work on /opt/airflow/dags/steam_analytics.py
[2026-09-10T08:19:33.352+0000] {processor.py:830} INFO - Processing file /opt/airflow/dags/steam_analytics.py for tasks to queue
[2026-09-10T08:19:33.354+0000] {logging_mixin.py:188} INFO - [2026-09-10T08:19:33.353+0000] {dagbag.py:545} INFO - Filling up the DagBag from /opt/airflow/dags/steam_analytics.py
[2026-09-10T08:19:33.482+0000] {processor.py:840} INFO - DAG(s) 'steam_analytics_daily' retrieved from /opt/airflow/dags/steam_analytics.py
[2026-09-10T08:19:33.511+0000] {logging_mixin.py:188} INFO - [2026-09-10T08:19:33.511+0000] {dag.py:3089} INFO - Sync 1 DAGs
[2026-09-10T08:19:33.532+0000] {logging_mixin.py:188} INFO - [2026-09-10T08:19:33.531+0000] {dag.py:3947} INFO - Setting next_dagrun for steam_analytics_daily to 2026-09-10 02:00:00+00:00, run_after=2026-09-11 02:00:00+00:00
[2026-09-10T08:19:33.548+0000] {processor.py:183} INFO - Processing /opt/airflow/dags/steam_analytics.py took 0.201 seconds
[2026-09-10T08:20:03.658+0000] {processor.py:161} INFO - Started process (PID=980) to work on /opt/airflow/dags/steam_analytics.py
[2026-09-10T08:20:03.658+0000] {processor.py:830} INFO - Processing file /opt/airflow/dags/steam_analytics.py for tasks to queue
[2026-09-10T08:20:03.660+0000] {logging_mixin.py:188} INFO - [2026-09-10T08:20:03.659+0000] {dagbag.py:545} INFO - Filling up the DagBag from /opt/airflow/dags/steam_analytics.py
[2026-09-10T08:20:03.784+0000] {processor.py:840} INFO - DAG(s) 'steam_analytics_daily' retrieved from /opt/airflow/dags/steam_analytics.py
[2026-09-10T08:20:03.810+0000] {logging_mixin.py:188} INFO - [2026-09-10T08:20:03.810+0000] {dag.py:3089} INFO - Sync 1 DAGs
[2026-09-10T08:20:03.831+0000] {logging_mixin.py:188} INFO - [2026-09-10T08:20:03.831+0000] {dag.py:3947} INFO - Setting next_dagrun for steam_analytics_daily to 2026-09-10 02:00:00+00:00, run_after=2026-09-11 02:00:00+00:00
[2026-09-10T08:20:03.848+0000] {processor.py:183} INFO - Processing /opt/airflow/dags/steam_analytics.py took 0.195 seconds
[2026-09-10T08:20:33.960+0000] {processor.py:161} INFO - Started process (PID=985) to work on /opt/airflow/dags/steam_analytics.py
[2026-09-10T08:20:33.961+0000] {processor.py:830} INFO - Processing file /opt/airflow/dags/steam_analytics.py for tasks to queue
[2026-09-10T08:20:33.962+0000] {logging_mixin.py:188} INFO - [2026-09-10T08:20:33.962+0000] {dagbag.py:545} INFO - Filling up the DagBag from /opt/airflow/dags/steam_analytics.py
[2026-09-10T08:20:34.089+0000] {processor.py:840} INFO - DAG(s) 'steam_analytics_daily' retrieved from /opt/airflow/dags/steam_analytics.py
[2026-09-10T08:20:34.114+0000] {logging_mixin.py:188} INFO - [2026-09-10T08:20:34.114+0000] {dag.py:3089} INFO - Sync 1 DAGs
[2026-09-10T08:20:34.132+0000] {logging_mixin.py:188} INFO - [2026-09-10T08:20:34.131+0000] {dag.py:3947} INFO - Setting next_dagrun for steam_analytics_daily to 2026-09-10 02:00:00+00:00, run_after=2026-09-11 02:00:00+00:00
[2026-09-10T08:20:34.258+0000] {processor.py:183} INFO - Processing /opt/airflow/dags/steam_analytics.py took 0.302 seconds
[2026-09-10T08:21:04.381+0000] {processor.py:161} INFO - Started process (PID=990) to work on /opt/airflow/dags/steam_analytics.py
[2026-09-10T08:21:04.381+0000] {processor.py:830} INFO - Processing file /opt/airflow/dags/steam_analytics.py for tasks to queue
[2026-09-10T08:21:04.383+0000] {logging_mixin.py:188} INFO - [2026-09-10T08:21:04.383+0000] {dagbag.py:545} INFO - Filling up the DagBag from /opt/airflow/dags/steam_analytics.py
[2026-09-10T08:21:04.514+0000] {processor.py:840} INFO - DAG(s) 'steam_analytics_daily' retrieved from /opt/airflow/dags/steam_analytics.py
[2026-09-10T08:21:04.542+0000] {logging_mixin.py:188} INFO - [2026-09-10T08:21:04.542+0000] {dag.py:3089} INFO - Sync 1 DAGs
[2026-09-10T08:21:04.684+0000] {logging_mixin.py:188} INFO - [2026-09-10T08:21:04.683+0000] {dag.py:3947} INFO - Setting next_dagrun for steam_analytics_daily to 2026-09-10 02:00:00+00:00, run_after=2026-09-11 02:00:00+00:00
[2026-09-10T08:21:04.698+0000] {processor.py:183} INFO - Processing /opt/airflow/dags/steam_analytics.py took 0.322 seconds
[2026-09-10T08:21:34.830+0000] {processor.py:161} INFO - Started process (PID=995) to work on /opt/airflow/dags/steam_analytics.py
[2026-09-10T08:21:34.831+0000] {processor.py:830} INFO - Processing file /opt/airflow/dags/steam_analytics.py for tasks to queue
[2026-09-10T08:21:34.833+0000] {logging_mixin.py:188} INFO - [2026-09-10T08:21:34.832+0000] {dagbag.py:545} INFO - Filling up the DagBag from /opt/airflow/dags/steam_analytics.py
[2026-09-10T08:21:34.960+0000] {processor.py:840} INFO - DAG(s) 'steam_analytics_daily' retrieved from /opt/airflow/dags/steam_analytics.py
[2026-09-10T08:21:34.987+0000] {logging_mixin.py:188} INFO - [2026-09-10T08:21:34.987+0000] {dag.py:3089} INFO - Sync 1 DAGs
[2026-09-10T08:21:35.007+0000] {logging_mixin.py:188} INFO - [2026-09-10T08:21:35.007+0000] {dag.py:3947} INFO - Setting next_dagrun for steam_analytics_daily to 2026-09-10 02:00:00+00:00, run_after=2026-09-11 02:00:00+00:00
[2026-09-10T08:21:35.023+0000] {processor.py:183} INFO - Processing /opt/airflow/dags/steam_analytics.py took 0.197 seconds
[2026-09-10T08:22:05.140+0000] {processor.py:161} INFO - Started process (PID=1000) to work on /opt/airflow/dags/steam_analytics.py
[2026-09-10T08:22:05.141+0000] {processor.py:830} INFO - Processing file /opt/airflow/dags/steam_analytics.py for tasks to queue
[2026-09-10T08:22:05.142+0000] {logging_mixin.py:188} INFO - [2026-09-10T08:22:05.142+0000] {dagbag.py:545} INFO - Filling up the DagBag from /opt/airflow/dags/steam_analytics.py
[2026-09-10T08:22:05.269+0000] {processor.py:840} INFO - DAG(s) 'steam_analytics_daily' retrieved from /opt/airflow/dags/steam_analytics.py
[2026-09-10T08:22:05.295+0000] {logging_mixin.py:188} INFO - [2026-09-10T08:22:05.295+0000] {dag.py:3089} INFO - Sync 1 DAGs
[2026-09-10T08:22:05.316+0000] {logging_mixin.py:188} INFO - [2026-09-10T08:22:05.316+0000] {dag.py:3947} INFO - Setting next_dagrun for steam_analytics_daily to 2026-09-10 02:00:00+00:00, run_after=2026-09-11 02:00:00+00:00
[2026-09-10T08:22:05.334+0000] {processor.py:183} INFO - Processing /opt/airflow/dags/steam_analytics.py took 0.199 seconds
[2026-09-10T08:22:35.446+0000] {processor.py:161} INFO - Started process (PID=1005) to work on /opt/airflow/dags/steam_analytics.py
[2026-09-10T08:22:35.447+0000] {processor.py:830} INFO - Processing file /opt/airflow/dags/steam_analytics.py for tasks to queue
[2026-09-10T08:22:35.448+0000] {logging_mixin.py:188} INFO - [2026-09-10T08:22:35.448+0000] {dagbag.py:545} INFO - Filling up the DagBag from /opt/airflow/dags/steam_analytics.py
[2026-09-10T08:22:35.574+0000] {processor.py:840} INFO - DAG(s) 'steam_analytics_daily' retrieved from /opt/airflow/dags/steam_analytics.py
[2026-09-10T08:22:35.599+0000] {logging_mixin.py:188} INFO - [2026-09-10T08:22:35.599+0000] {dag.py:3089} INFO - Sync 1 DAGs
[2026-09-10T08:22:35.618+0000] {logging_mixin.py:188} INFO - [2026-09-10T08:22:35.618+0000] {dag.py:3947} INFO - Setting next_dagrun for steam_analytics_daily to 2026-09-10 02:00:00+00:00, run_after=2026-09-11 02:00:00+00:00
[2026-09-10T08:22:35.635+0000] {processor.py:183} INFO - Processing /opt/airflow/dags/steam_analytics.py took 0.193 seconds
[2026-09-10T08:23:05.747+0000] {processor.py:161} INFO - Started process (PID=1010) to work on /opt/airflow/dags/steam_analytics.py
[2026-09-10T08:23:05.748+0000] {processor.py:830} INFO - Processing file /opt/airflow/dags/steam_analytics.py for tasks to queue
[2026-09-10T08:23:05.750+0000] {logging_mixin.py:188} INFO - [2026-09-10T08:23:05.749+0000] {dagbag.py:545} INFO - Filling up the DagBag from /opt/airflow/dags/steam_analytics.py
[2026-09-10T08:23:05.879+0000] {processor.py:840} INFO - DAG(s) 'steam_analytics_daily' retrieved from /opt/airflow/dags/steam_analytics.py
[2026-09-10T08:23:05.904+0000] {logging_mixin.py:188} INFO - [2026-09-10T08:23:05.904+0000] {dag.py:3089} INFO - Sync 1 DAGs
[2026-09-10T08:23:05.924+0000] {logging_mixin.py:188} INFO - [2026-09-10T08:23:05.924+0000] {dag.py:3947} INFO - Setting next_dagrun for steam_analytics_daily to 2026-09-10 02:00:00+00:00, run_after=2026-09-11 02:00:00+00:00
[2026-09-10T08:23:06.059+0000] {processor.py:183} INFO - Processing /opt/airflow/dags/steam_analytics.py took 0.316 seconds
[2026-09-10T08:23:36.179+0000] {processor.py:161} INFO - Started process (PID=1015) to work on /opt/airflow/dags/steam_analytics.py
[2026-09-10T08:23:36.179+0000] {processor.py:830} INFO - Processing file /opt/airflow/dags/steam_analytics.py for tasks to queue
[2026-09-10T08:23:36.181+0000] {logging_mixin.py:188} INFO - [2026-09-10T08:23:36.180+0000] {dagbag.py:545} INFO - Filling up the DagBag from /opt/airflow/dags/steam_analytics.py
[2026-09-10T08:23:36.308+0000] {processor.py:840} INFO - DAG(s) 'steam_analytics_daily' retrieved from /opt/airflow/dags/steam_analytics.py
[2026-09-10T08:23:36.333+0000] {logging_mixin.py:188} INFO - [2026-09-10T08:23:36.333+0000] {dag.py:3089} INFO - Sync 1 DAGs
[2026-09-10T08:23:36.459+0000] {logging_mixin.py:188} INFO - [2026-09-10T08:23:36.458+0000] {dag.py:3947} INFO - Setting next_dagrun for steam_analytics_daily to 2026-09-10 02:00:00+00:00, run_after=2026-09-11 02:00:00+00:00
[2026-09-10T08:23:36.473+0000] {processor.py:183} INFO - Processing /opt/airflow/dags/steam_analytics.py took 0.298 seconds
[2026-09-10T08:24:06.601+0000] {processor.py:161} INFO - Started process (PID=1020) to work on /opt/airflow/dags/steam_analytics.py
[2026-09-10T08:24:06.601+0000] {processor.py:830} INFO - Processing file /opt/airflow/dags/steam_analytics.py for tasks to queue
[2026-09-10T08:24:06.602+0000] {logging_mixin.py:188} INFO - [2026-09-10T08:24:06.602+0000] {dagbag.py:545} INFO - Filling up the DagBag from /opt/airflow/dags/steam_analytics.py
[2026-09-10T08:24:06.729+0000] {processor.py:840} INFO - DAG(s) 'steam_analytics_daily' retrieved from /opt/airflow/dags/steam_analytics.py
[2026-09-10T08:24:06.756+0000] {logging_mixin.py:188} INFO - [2026-09-10T08:24:06.755+0000] {dag.py:3089} INFO - Sync 1 DAGs
[2026-09-10T08:24:06.776+0000] {logging_mixin.py:188} INFO - [2026-09-10T08:24:06.776+0000] {dag.py:3947} INFO - Setting next_dagrun for steam_analytics_daily to 2026-09-10 02:00:00+00:00, run_after=2026-09-11 02:00:00+00:00
[2026-09-10T08:24:06.791+0000] {processor.py:183} INFO - Processing /opt/airflow/dags/steam_analytics.py took 0.195 seconds
[2026-09-10T08:24:36.905+0000] {processor.py:161} INFO - Started process (PID=1025) to work on /opt/airflow/dags/steam_analytics.py
[2026-09-10T08:24:36.906+0000] {processor.py:830} INFO - Processing file /opt/airflow/dags/steam_analytics.py for tasks to queue
[2026-09-10T08:24:36.907+0000] {logging_mixin.py:188} INFO - [2026-09-10T08:24:36.907+0000] {dagbag.py:545} INFO - Filling up the DagBag from /opt/airflow/dags/steam_analytics.py
[2026-09-10T08:24:37.036+0000] {processor.py:840} INFO - DAG(s) 'steam_analytics_daily' retrieved from /opt/airflow/dags/steam_analytics.py
[2026-09-10T08:24:37.060+0000] {logging_mixin.py:188} INFO - [2026-09-10T08:24:37.060+0000] {dag.py:3089} INFO - Sync 1 DAGs
[2026-09-10T08:24:37.079+0000] {logging_mixin.py:188} INFO - [2026-09-10T08:24:37.079+0000] {dag.py:3947} INFO - Setting next_dagrun for steam_analytics_daily to 2026-09-10 02:00:00+00:00, run_after=2026-09-11 02:00:00+00:00
[2026-09-10T08:24:37.095+0000] {processor.py:183} INFO - Processing /opt/airflow/dags/steam_analytics.py took 0.195 seconds
[2026-09-10T08:25:07.207+0000] {processor.py:161} INFO - Started process (PID=1030) to work on /opt/airflow/dags/steam_analytics.py
[2026-09-10T08:25:07.208+0000] {processor.py:830} INFO - Processing file /opt/airflow/dags/steam_analytics.py for tasks to queue
[2026-09-10T08:25:07.209+0000] {logging_mixin.py:188} INFO - [2026-09-10T08:25:07.209+0000] {dagbag.py:545} INFO - Filling up the DagBag from /opt/airflow/dags/steam_analytics.py
[2026-09-10T08:25:07.335+0000] {processor.py:840} INFO - DAG(s) 'steam_analytics_daily' retrieved from /opt/airflow/dags/steam_analytics.py
[2026-09-10T08:25:07.360+0000] {logging_mixin.py:188} INFO - [2026-09-10T08:25:07.359+0000] {dag.py:3089} INFO - Sync 1 DAGs
[2026-09-10T08:25:07.378+0000] {logging_mixin.py:188} INFO - [2026-09-10T08:25:07.378+0000] {dag.py:3947} INFO - Setting next_dagrun for steam_analytics_daily to 2026-09-10 02:00:00+00:00, run_after=2026-09-11 02:00:00+00:00
[2026-09-10T08:25:07.498+0000] {processor.py:183} INFO - Processing /opt/airflow/dags/steam_analytics.py took 0.295 seconds
[2026-09-10T08:25:37.619+0000] {processor.py:161} INFO - Started process (PID=1035) to work on /opt/airflow/dags/steam_analytics.py
[2026-09-10T08:25:37.619+0000] {processor.py:830} INFO - Processing file /opt/airflow/dags/steam_analytics.py for tasks to queue
[2026-09-10T08:25:37.621+0000] {logging_mixin.py:188} INFO - [2026-09-10T08:25:37.621+0000] {dagbag.py:545} INFO - Filling up the DagBag from /opt/airflow/dags/steam_analytics.py
[2026-09-10T08:25:37.749+0000] {processor.py:840} INFO - DAG(s) 'steam_analytics_daily' retrieved from /opt/airflow/dags/steam_analytics.py
[2026-09-10T08:25:37.774+0000] {logging_mixin.py:188} INFO - [2026-09-10T08:25:37.774+0000] {dag.py:3089} INFO - Sync 1 DAGs
[2026-09-10T08:25:37.892+0000] {logging_mixin.py:188} INFO - [2026-09-10T08:25:37.891+0000] {dag.py:3947} INFO - Setting next_dagrun for steam_analytics_daily to 2026-09-10 02:00:00+00:00, run_after=2026-09-11 02:00:00+00:00
[2026-09-10T08:25:37.906+0000] {processor.py:183} INFO - Processing /opt/airflow/dags/steam_analytics.py took 0.291 seconds
[2026-09-10T08:26:08.029+0000] {processor.py:161} INFO - Started process (PID=1040) to work on /opt/airflow/dags/steam_analytics.py
[2026-09-10T08:26:08.029+0000] {processor.py:830} INFO - Processing file /opt/airflow/dags/steam_analytics.py for tasks to queue
[2026-09-10T08:26:08.031+0000] {logging_mixin.py:188} INFO - [2026-09-10T08:26:08.031+0000] {dagbag.py:545} INFO - Filling up the DagBag from /opt/airflow/dags/steam_analytics.py
[2026-09-10T08:26:08.158+0000] {processor.py:840} INFO - DAG(s) 'steam_analytics_daily' retrieved from /opt/airflow/dags/steam_analytics.py
[2026-09-10T08:26:08.184+0000] {logging_mixin.py:188} INFO - [2026-09-10T08:26:08.183+0000] {dag.py:3089} INFO - Sync 1 DAGs
[2026-09-10T08:26:08.204+0000] {logging_mixin.py:188} INFO - [2026-09-10T08:26:08.203+0000] {dag.py:3947} INFO - Setting next_dagrun for steam_analytics_daily to 2026-09-10 02:00:00+00:00, run_after=2026-09-11 02:00:00+00:00
[2026-09-10T08:26:08.218+0000] {processor.py:183} INFO - Processing /opt/airflow/dags/steam_analytics.py took 0.194 seconds
[2026-09-10T08:26:38.337+0000] {processor.py:161} INFO - Started process (PID=1045) to work on /opt/airflow/dags/steam_analytics.py
[2026-09-10T08:26:38.338+0000] {processor.py:830} INFO - Processing file /opt/airflow/dags/steam_analytics.py for tasks to queue
[2026-09-10T08:26:38.339+0000] {logging_mixin.py:188} INFO - [2026-09-10T08:26:38.339+0000] {dagbag.py:545} INFO - Filling up the DagBag from /opt/airflow/dags/steam_analytics.py
[2026-09-10T08:26:38.461+0000] {processor.py:840} INFO - DAG(s) 'steam_analytics_daily' retrieved from /opt/airflow/dags/steam_analytics.py
[2026-09-10T08:26:38.486+0000] {logging_mixin.py:188} INFO - [2026-09-10T08:26:38.486+0000] {dag.py:3089} INFO - Sync 1 DAGs
[2026-09-10T08:26:38.506+0000] {logging_mixin.py:188} INFO - [2026-09-10T08:26:38.506+0000] {dag.py:3947} INFO - Setting next_dagrun for steam_analytics_daily to 2026-09-10 02:00:00+00:00, run_after=2026-09-11 02:00:00+00:00
[2026-09-10T08:26:38.520+0000] {processor.py:183} INFO - Processing /opt/airflow/dags/steam_analytics.py took 0.188 seconds
[2026-09-10T08:27:08.632+0000] {processor.py:161} INFO - Started process (PID=1050) to work on /opt/airflow/dags/steam_analytics.py
[2026-09-10T08:27:08.633+0000] {processor.py:830} INFO - Processing file /opt/airflow/dags/steam_analytics.py for tasks to queue
[2026-09-10T08:27:08.634+0000] {logging_mixin.py:188} INFO - [2026-09-10T08:27:08.634+0000] {dagbag.py:545} INFO - Filling up the DagBag from /opt/airflow/dags/steam_analytics.py
[2026-09-10T08:27:08.761+0000] {processor.py:840} INFO - DAG(s) 'steam_analytics_daily' retrieved from /opt/airflow/dags/steam_analytics.py
[2026-09-10T08:27:08.786+0000] {logging_mixin.py:188} INFO - [2026-09-10T08:27:08.785+0000] {dag.py:3089} INFO - Sync 1 DAGs
[2026-09-10T08:27:08.804+0000] {logging_mixin.py:188} INFO - [2026-09-10T08:27:08.804+0000] {dag.py:3947} INFO - Setting next_dagrun for steam_analytics_daily to 2026-09-10 02:00:00+00:00, run_after=2026-09-11 02:00:00+00:00
[2026-09-10T08:27:08.923+0000] {processor.py:183} INFO - Processing /opt/airflow/dags/steam_analytics.py took 0.295 seconds
[2026-09-10T08:27:39.046+0000] {processor.py:161} INFO - Started process (PID=1055) to work on /opt/airflow/dags/steam_analytics.py
[2026-09-10T08:27:39.047+0000] {processor.py:830} INFO - Processing file /opt/airflow/dags/steam_analytics.py for tasks to queue
[2026-09-10T08:27:39.048+0000] {logging_mixin.py:188} INFO - [2026-09-10T08:27:39.048+0000] {dagbag.py:545} INFO - Filling up the DagBag from /opt/airflow/dags/steam_analytics.py
[2026-09-10T08:27:39.176+0000] {processor.py:840} INFO - DAG(s) 'steam_analytics_daily' retrieved from /opt/airflow/dags/steam_analytics.py
[2026-09-10T08:27:39.201+0000] {logging_mixin.py:188} INFO - [2026-09-10T08:27:39.201+0000] {dag.py:3089} INFO - Sync 1 DAGs
[2026-09-10T08:27:39.337+0000] {logging_mixin.py:188} INFO - [2026-09-10T08:27:39.337+0000] {dag.py:3947} INFO - Setting next_dagrun for steam_analytics_daily to 2026-09-10 02:00:00+00:00, run_after=2026-09-11 02:00:00+00:00
[2026-09-10T08:27:39.351+0000] {processor.py:183} INFO - Processing /opt/airflow/dags/steam_analytics.py took 0.309 seconds
[2026-09-10T08:28:09.474+0000] {processor.py:161} INFO - Started process (PID=1060) to work on /opt/airflow/dags/steam_analytics.py
[2026-09-10T08:28:09.475+0000] {processor.py:830} INFO - Processing file /opt/airflow/dags/steam_analytics.py for tasks to queue
[2026-09-10T08:28:09.476+0000] {logging_mixin.py:188} INFO - [2026-09-10T08:28:09.476+0000] {dagbag.py:545} INFO - Filling up the DagBag from /opt/airflow/dags/steam_analytics.py
[2026-09-10T08:28:09.601+0000] {processor.py:840} INFO - DAG(s) 'steam_analytics_daily' retrieved from /opt/airflow/dags/steam_analytics.py
[2026-09-10T08:28:09.625+0000] {logging_mixin.py:188} INFO - [2026-09-10T08:28:09.624+0000] {dag.py:3089} INFO - Sync 1 DAGs
[2026-09-10T08:28:09.737+0000] {logging_mixin.py:188} INFO - [2026-09-10T08:28:09.737+0000] {dag.py:3947} INFO - Setting next_dagrun for steam_analytics_daily to 2026-09-10 02:00:00+00:00, run_after=2026-09-11 02:00:00+00:00
[2026-09-10T08:28:09.751+0000] {processor.py:183} INFO - Processing /opt/airflow/dags/steam_analytics.py took 0.280 seconds
[2026-09-10T08:28:39.871+0000] {processor.py:161} INFO - Started process (PID=1065) to work on /opt/airflow/dags/steam_analytics.py
[2026-09-10T08:28:39.872+0000] {processor.py:830} INFO - Processing file /opt/airflow/dags/steam_analytics.py for tasks to queue
[2026-09-10T08:28:39.873+0000] {logging_mixin.py:188} INFO - [2026-09-10T08:28:39.873+0000] {dagbag.py:545} INFO - Filling up the DagBag from /opt/airflow/dags/steam_analytics.py
[2026-09-10T08:28:39.998+0000] {processor.py:840} INFO - DAG(s) 'steam_analytics_daily' retrieved from /opt/airflow/dags/steam_analytics.py
[2026-09-10T08:28:40.024+0000] {logging_mixin.py:188} INFO - [2026-09-10T08:28:40.024+0000] {dag.py:3089} INFO - Sync 1 DAGs
[2026-09-10T08:28:40.043+0000] {logging_mixin.py:188} INFO - [2026-09-10T08:28:40.043+0000] {dag.py:3947} INFO - Setting next_dagrun for steam_analytics_daily to 2026-09-10 02:00:00+00:00, run_after=2026-09-11 02:00:00+00:00
[2026-09-10T08:28:40.057+0000] {processor.py:183} INFO - Processing /opt/airflow/dags/steam_analytics.py took 0.190 seconds
[2026-09-10T08:29:10.174+0000] {processor.py:161} INFO - Started process (PID=1070) to work on /opt/airflow/dags/steam_analytics.py
[2026-09-10T08:29:10.175+0000] {processor.py:830} INFO - Processing file /opt/airflow/dags/steam_analytics.py for tasks to queue
[2026-09-10T08:29:10.176+0000] {logging_mixin.py:188} INFO - [2026-09-10T08:29:10.176+0000] {dagbag.py:545} INFO - Filling up the DagBag from /opt/airflow/dags/steam_analytics.py
[2026-09-10T08:29:10.307+0000] {processor.py:840} INFO - DAG(s) 'steam_analytics_daily' retrieved from /opt/airflow/dags/steam_analytics.py
[2026-09-10T08:29:10.331+0000] {logging_mixin.py:188} INFO - [2026-09-10T08:29:10.331+0000] {dag.py:3089} INFO - Sync 1 DAGs
[2026-09-10T08:29:10.350+0000] {logging_mixin.py:188} INFO - [2026-09-10T08:29:10.350+0000] {dag.py:3947} INFO - Setting next_dagrun for steam_analytics_daily to 2026-09-10 02:00:00+00:00, run_after=2026-09-11 02:00:00+00:00
[2026-09-10T08:29:10.366+0000] {processor.py:183} INFO - Processing /opt/airflow/dags/steam_analytics.py took 0.196 seconds
[2026-09-10T08:29:40.481+0000] {processor.py:161} INFO - Started process (PID=1075) to work on /opt/airflow/dags/steam_analytics.py
[2026-09-10T08:29:40.482+0000] {processor.py:830} INFO - Processing file /opt/airflow/dags/steam_analytics.py for tasks to queue
[2026-09-10T08:29:40.483+0000] {logging_mixin.py:188} INFO - [2026-09-10T08:29:40.483+0000] {dagbag.py:545} INFO - Filling up the DagBag from /opt/airflow/dags/steam_analytics.py
[2026-09-10T08:29:40.612+0000] {processor.py:840} INFO - DAG(s) 'steam_analytics_daily' retrieved from /opt/airflow/dags/steam_analytics.py
[2026-09-10T08:29:40.637+0000] {logging_mixin.py:188} INFO - [2026-09-10T08:29:40.637+0000] {dag.py:3089} INFO - Sync 1 DAGs
[2026-09-10T08:29:40.657+0000] {logging_mixin.py:188} INFO - [2026-09-10T08:29:40.657+0000] {dag.py:3947} INFO - Setting next_dagrun for steam_analytics_daily to 2026-09-10 02:00:00+00:00, run_after=2026-09-11 02:00:00+00:00
[2026-09-10T08:29:40.778+0000] {processor.py:183} INFO - Processing /opt/airflow/dags/steam_analytics.py took 0.301 seconds
[2026-09-10T08:30:10.902+0000] {processor.py:161} INFO - Started process (PID=1080) to work on /opt/airflow/dags/steam_analytics.py
[2026-09-10T08:30:10.903+0000] {processor.py:830} INFO - Processing file /opt/airflow/dags/steam_analytics.py for tasks to queue
[2026-09-10T08:30:10.905+0000] {logging_mixin.py:188} INFO - [2026-09-10T08:30:10.904+0000] {dagbag.py:545} INFO - Filling up the DagBag from /opt/airflow/dags/steam_analytics.py
[2026-09-10T08:30:11.039+0000] {processor.py:840} INFO - DAG(s) 'steam_analytics_daily' retrieved from /opt/airflow/dags/steam_analytics.py
[2026-09-10T08:30:11.064+0000] {logging_mixin.py:188} INFO - [2026-09-10T08:30:11.064+0000] {dag.py:3089} INFO - Sync 1 DAGs
[2026-09-10T08:30:11.199+0000] {logging_mixin.py:188} INFO - [2026-09-10T08:30:11.199+0000] {dag.py:3947} INFO - Setting next_dagrun for steam_analytics_daily to 2026-09-10 02:00:00+00:00, run_after=2026-09-11 02:00:00+00:00
[2026-09-10T08:30:11.213+0000] {processor.py:183} INFO - Processing /opt/airflow/dags/steam_analytics.py took 0.315 seconds
[2026-09-10T08:30:41.337+0000] {processor.py:161} INFO - Started process (PID=1085) to work on /opt/airflow/dags/steam_analytics.py
[2026-09-10T08:30:41.338+0000] {processor.py:830} INFO - Processing file /opt/airflow/dags/steam_analytics.py for tasks to queue
[2026-09-10T08:30:41.339+0000] {logging_mixin.py:188} INFO - [2026-09-10T08:30:41.339+0000] {dagbag.py:545} INFO - Filling up the DagBag from /opt/airflow/dags/steam_analytics.py
[2026-09-10T08:30:41.463+0000] {processor.py:840} INFO - DAG(s) 'steam_analytics_daily' retrieved from /opt/airflow/dags/steam_analytics.py
[2026-09-10T08:30:41.598+0000] {logging_mixin.py:188} INFO - [2026-09-10T08:30:41.597+0000] {dag.py:3089} INFO - Sync 1 DAGs
[2026-09-10T08:30:41.619+0000] {logging_mixin.py:188} INFO - [2026-09-10T08:30:41.618+0000] {dag.py:3947} INFO - Setting next_dagrun for steam_analytics_daily to 2026-09-10 02:00:00+00:00, run_after=2026-09-11 02:00:00+00:00
[2026-09-10T08:30:41.637+0000] {processor.py:183} INFO - Processing /opt/airflow/dags/steam_analytics.py took 0.304 seconds
[2026-09-10T08:31:11.763+0000] {processor.py:161} INFO - Started process (PID=1090) to work on /opt/airflow/dags/steam_analytics.py
[2026-09-10T08:31:11.764+0000] {processor.py:830} INFO - Processing file /opt/airflow/dags/steam_analytics.py for tasks to queue
[2026-09-10T08:31:11.765+0000] {logging_mixin.py:188} INFO - [2026-09-10T08:31:11.765+0000] {dagbag.py:545} INFO - Filling up the DagBag from /opt/airflow/dags/steam_analytics.py
[2026-09-10T08:31:11.906+0000] {processor.py:840} INFO - DAG(s) 'steam_analytics_daily' retrieved from /opt/airflow/dags/steam_analytics.py
[2026-09-10T08:31:11.930+0000] {logging_mixin.py:188} INFO - [2026-09-10T08:31:11.930+0000] {dag.py:3089} INFO - Sync 1 DAGs
[2026-09-10T08:31:11.948+0000] {logging_mixin.py:188} INFO - [2026-09-10T08:31:11.948+0000] {dag.py:3947} INFO - Setting next_dagrun for steam_analytics_daily to 2026-09-10 02:00:00+00:00, run_after=2026-09-11 02:00:00+00:00
[2026-09-10T08:31:11.962+0000] {processor.py:183} INFO - Processing /opt/airflow/dags/steam_analytics.py took 0.203 seconds
[2026-09-10T08:31:42.080+0000] {processor.py:161} INFO - Started process (PID=1095) to work on /opt/airflow/dags/steam_analytics.py
[2026-09-10T08:31:42.080+0000] {processor.py:830} INFO - Processing file /opt/airflow/dags/steam_analytics.py for tasks to queue
[2026-09-10T08:31:42.082+0000] {logging_mixin.py:188} INFO - [2026-09-10T08:31:42.081+0000] {dagbag.py:545} INFO - Filling up the DagBag from /opt/airflow/dags/steam_analytics.py
[2026-09-10T08:31:42.205+0000] {processor.py:840} INFO - DAG(s) 'steam_analytics_daily' retrieved from /opt/airflow/dags/steam_analytics.py
[2026-09-10T08:31:42.228+0000] {logging_mixin.py:188} INFO - [2026-09-10T08:31:42.228+0000] {dag.py:3089} INFO - Sync 1 DAGs
[2026-09-10T08:31:42.245+0000] {logging_mixin.py:188} INFO - [2026-09-10T08:31:42.245+0000] {dag.py:3947} INFO - Setting next_dagrun for steam_analytics_daily to 2026-09-10 02:00:00+00:00, run_after=2026-09-11 02:00:00+00:00
[2026-09-10T08:31:42.352+0000] {processor.py:183} INFO - Processing /opt/airflow/dags/steam_analytics.py took 0.277 seconds
[2026-09-10T08:32:12.489+0000] {processor.py:161} INFO - Started process (PID=1100) to work on /opt/airflow/dags/steam_analytics.py
[2026-09-10T08:32:12.490+0000] {processor.py:830} INFO - Processing file /opt/airflow/dags/steam_analytics.py for tasks to queue
[2026-09-10T08:32:12.491+0000] {logging_mixin.py:188} INFO - [2026-09-10T08:32:12.491+0000] {dagbag.py:545} INFO - Filling up the DagBag from /opt/airflow/dags/steam_analytics.py
[2026-09-10T08:32:12.621+0000] {processor.py:840} INFO - DAG(s) 'steam_analytics_daily' retrieved from /opt/airflow/dags/steam_analytics.py
[2026-09-10T08:32:12.649+0000] {logging_mixin.py:188} INFO - [2026-09-10T08:32:12.649+0000] {dag.py:3089} INFO - Sync 1 DAGs
[2026-09-10T08:32:12.769+0000] {logging_mixin.py:188} INFO - [2026-09-10T08:32:12.769+0000] {dag.py:3947} INFO - Setting next_dagrun for steam_analytics_daily to 2026-09-10 02:00:00+00:00, run_after=2026-09-11 02:00:00+00:00
[2026-09-10T08:32:12.783+0000] {processor.py:183} INFO - Processing /opt/airflow/dags/steam_analytics.py took 0.298 seconds
[2026-09-10T08:32:42.906+0000] {processor.py:161} INFO - Started process (PID=1105) to work on /opt/airflow/dags/steam_analytics.py
[2026-09-10T08:32:42.907+0000] {processor.py:830} INFO - Processing file /opt/airflow/dags/steam_analytics.py for tasks to queue
[2026-09-10T08:32:42.908+0000] {logging_mixin.py:188} INFO - [2026-09-10T08:32:42.908+0000] {dagbag.py:545} INFO - Filling up the DagBag from /opt/airflow/dags/steam_analytics.py
[2026-09-10T08:32:43.032+0000] {processor.py:840} INFO - DAG(s) 'steam_analytics_daily' retrieved from /opt/airflow/dags/steam_analytics.py
[2026-09-10T08:32:43.146+0000] {logging_mixin.py:188} INFO - [2026-09-10T08:32:43.146+0000] {dag.py:3089} INFO - Sync 1 DAGs
[2026-09-10T08:32:43.163+0000] {logging_mixin.py:188} INFO - [2026-09-10T08:32:43.163+0000] {dag.py:3947} INFO - Setting next_dagrun for steam_analytics_daily to 2026-09-10 02:00:00+00:00, run_after=2026-09-11 02:00:00+00:00
[2026-09-10T08:32:43.177+0000] {processor.py:183} INFO - Processing /opt/airflow/dags/steam_analytics.py took 0.275 seconds
[2026-09-10T08:33:13.298+0000] {processor.py:161} INFO - Started process (PID=1110) to work on /opt/airflow/dags/steam_analytics.py
[2026-09-10T08:33:13.298+0000] {processor.py:830} INFO - Processing file /opt/airflow/dags/steam_analytics.py for tasks to queue
[2026-09-10T08:33:13.300+0000] {logging_mixin.py:188} INFO - [2026-09-10T08:33:13.299+0000] {dagbag.py:545} INFO - Filling up the DagBag from /opt/airflow/dags/steam_analytics.py
[2026-09-10T08:33:13.424+0000] {processor.py:840} INFO - DAG(s) 'steam_analytics_daily' retrieved from /opt/airflow/dags/steam_analytics.py
[2026-09-10T08:33:13.447+0000] {logging_mixin.py:188} INFO - [2026-09-10T08:33:13.447+0000] {dag.py:3089} INFO - Sync 1 DAGs
[2026-09-10T08:33:13.464+0000] {logging_mixin.py:188} INFO - [2026-09-10T08:33:13.464+0000] {dag.py:3947} INFO - Setting next_dagrun for steam_analytics_daily to 2026-09-10 02:00:00+00:00, run_after=2026-09-11 02:00:00+00:00
[2026-09-10T08:33:13.479+0000] {processor.py:183} INFO - Processing /opt/airflow/dags/steam_analytics.py took 0.185 seconds
[2026-09-10T08:33:43.589+0000] {processor.py:161} INFO - Started process (PID=1115) to work on /opt/airflow/dags/steam_analytics.py
[2026-09-10T08:33:43.590+0000] {processor.py:830} INFO - Processing file /opt/airflow/dags/steam_analytics.py for tasks to queue
[2026-09-10T08:33:43.591+0000] {logging_mixin.py:188} INFO - [2026-09-10T08:33:43.591+0000] {dagbag.py:545} INFO - Filling up the DagBag from /opt/airflow/dags/steam_analytics.py
[2026-09-10T08:33:43.728+0000] {processor.py:840} INFO - DAG(s) 'steam_analytics_daily' retrieved from /opt/airflow/dags/steam_analytics.py
[2026-09-10T08:33:43.761+0000] {logging_mixin.py:188} INFO - [2026-09-10T08:33:43.761+0000] {dag.py:3089} INFO - Sync 1 DAGs
[2026-09-10T08:33:43.785+0000] {logging_mixin.py:188} INFO - [2026-09-10T08:33:43.784+0000] {dag.py:3947} INFO - Setting next_dagrun for steam_analytics_daily to 2026-09-10 02:00:00+00:00, run_after=2026-09-11 02:00:00+00:00
[2026-09-10T08:33:43.926+0000] {processor.py:183} INFO - Processing /opt/airflow/dags/steam_analytics.py took 0.341 seconds
[2026-09-10T08:34:14.060+0000] {processor.py:161} INFO - Started process (PID=1120) to work on /opt/airflow/dags/steam_analytics.py
[2026-09-10T08:34:14.061+0000] {processor.py:830} INFO - Processing file /opt/airflow/dags/steam_analytics.py for tasks to queue
[2026-09-10T08:34:14.062+0000] {logging_mixin.py:188} INFO - [2026-09-10T08:34:14.062+0000] {dagbag.py:545} INFO - Filling up the DagBag from /opt/airflow/dags/steam_analytics.py
[2026-09-10T08:34:14.193+0000] {processor.py:840} INFO - DAG(s) 'steam_analytics_daily' retrieved from /opt/airflow/dags/steam_analytics.py
[2026-09-10T08:34:14.217+0000] {logging_mixin.py:188} INFO - [2026-09-10T08:34:14.217+0000] {dag.py:3089} INFO - Sync 1 DAGs
[2026-09-10T08:34:14.335+0000] {logging_mixin.py:188} INFO - [2026-09-10T08:34:14.334+0000] {dag.py:3947} INFO - Setting next_dagrun for steam_analytics_daily to 2026-09-10 02:00:00+00:00, run_after=2026-09-11 02:00:00+00:00
[2026-09-10T08:34:14.348+0000] {processor.py:183} INFO - Processing /opt/airflow/dags/steam_analytics.py took 0.293 seconds
[2026-09-10T08:34:44.469+0000] {processor.py:161} INFO - Started process (PID=1125) to work on /opt/airflow/dags/steam_analytics.py
[2026-09-10T08:34:44.470+0000] {processor.py:830} INFO - Processing file /opt/airflow/dags/steam_analytics.py for tasks to queue
[2026-09-10T08:34:44.471+0000] {logging_mixin.py:188} INFO - [2026-09-10T08:34:44.471+0000] {dagbag.py:545} INFO - Filling up the DagBag from /opt/airflow/dags/steam_analytics.py
[2026-09-10T08:34:44.600+0000] {processor.py:840} INFO - DAG(s) 'steam_analytics_daily' retrieved from /opt/airflow/dags/steam_analytics.py
[2026-09-10T08:34:44.626+0000] {logging_mixin.py:188} INFO - [2026-09-10T08:34:44.626+0000] {dag.py:3089} INFO - Sync 1 DAGs
[2026-09-10T08:34:44.747+0000] {logging_mixin.py:188} INFO - [2026-09-10T08:34:44.747+0000] {dag.py:3947} INFO - Setting next_dagrun for steam_analytics_daily to 2026-09-10 02:00:00+00:00, run_after=2026-09-11 02:00:00+00:00
[2026-09-10T08:34:44.761+0000] {processor.py:183} INFO - Processing /opt/airflow/dags/steam_analytics.py took 0.296 seconds
[2026-09-10T08:35:14.884+0000] {processor.py:161} INFO - Started process (PID=1130) to work on /opt/airflow/dags/steam_analytics.py
[2026-09-10T08:35:14.885+0000] {processor.py:830} INFO - Processing file /opt/airflow/dags/steam_analytics.py for tasks to queue
[2026-09-10T08:35:14.887+0000] {logging_mixin.py:188} INFO - [2026-09-10T08:35:14.886+0000] {dagbag.py:545} INFO - Filling up the DagBag from /opt/airflow/dags/steam_analytics.py
[2026-09-10T08:35:15.016+0000] {processor.py:840} INFO - DAG(s) 'steam_analytics_daily' retrieved from /opt/airflow/dags/steam_analytics.py
[2026-09-10T08:35:15.142+0000] {logging_mixin.py:188} INFO - [2026-09-10T08:35:15.142+0000] {dag.py:3089} INFO - Sync 1 DAGs
[2026-09-10T08:35:15.159+0000] {logging_mixin.py:188} INFO - [2026-09-10T08:35:15.158+0000] {dag.py:3947} INFO - Setting next_dagrun for steam_analytics_daily to 2026-09-10 02:00:00+00:00, run_after=2026-09-11 02:00:00+00:00
[2026-09-10T08:35:15.172+0000] {processor.py:183} INFO - Processing /opt/airflow/dags/steam_analytics.py took 0.292 seconds
[2026-09-10T08:35:45.294+0000] {processor.py:161} INFO - Started process (PID=1135) to work on /opt/airflow/dags/steam_analytics.py
[2026-09-10T08:35:45.295+0000] {processor.py:830} INFO - Processing file /opt/airflow/dags/steam_analytics.py for tasks to queue
[2026-09-10T08:35:45.296+0000] {logging_mixin.py:188} INFO - [2026-09-10T08:35:45.296+0000] {dagbag.py:545} INFO - Filling up the DagBag from /opt/airflow/dags/steam_analytics.py
[2026-09-10T08:35:45.530+0000] {processor.py:840} INFO - DAG(s) 'steam_analytics_daily' retrieved from /opt/airflow/dags/steam_analytics.py
[2026-09-10T08:35:45.551+0000] {logging_mixin.py:188} INFO - [2026-09-10T08:35:45.551+0000] {dag.py:3089} INFO - Sync 1 DAGs
[2026-09-10T08:35:45.569+0000] {logging_mixin.py:188} INFO - [2026-09-10T08:35:45.568+0000] {dag.py:3947} INFO - Setting next_dagrun for steam_analytics_daily to 2026-09-10 02:00:00+00:00, run_after=2026-09-11 02:00:00+00:00
[2026-09-10T08:35:45.582+0000] {processor.py:183} INFO - Processing /opt/airflow/dags/steam_analytics.py took 0.293 seconds
[2026-09-10T08:36:15.713+0000] {processor.py:161} INFO - Started process (PID=1140) to work on /opt/airflow/dags/steam_analytics.py
[2026-09-10T08:36:15.714+0000] {processor.py:830} INFO - Processing file /opt/airflow/dags/steam_analytics.py for tasks to queue
[2026-09-10T08:36:15.716+0000] {logging_mixin.py:188} INFO - [2026-09-10T08:36:15.715+0000] {dagbag.py:545} INFO - Filling up the DagBag from /opt/airflow/dags/steam_analytics.py
[2026-09-10T08:36:15.863+0000] {processor.py:840} INFO - DAG(s) 'steam_analytics_daily' retrieved from /opt/airflow/dags/steam_analytics.py
[2026-09-10T08:36:15.891+0000] {logging_mixin.py:188} INFO - [2026-09-10T08:36:15.891+0000] {dag.py:3089} INFO - Sync 1 DAGs
[2026-09-10T08:36:15.912+0000] {logging_mixin.py:188} INFO - [2026-09-10T08:36:15.912+0000] {dag.py:3947} INFO - Setting next_dagrun for steam_analytics_daily to 2026-09-10 02:00:00+00:00, run_after=2026-09-11 02:00:00+00:00
[2026-09-10T08:36:16.053+0000] {processor.py:183} INFO - Processing /opt/airflow/dags/steam_analytics.py took 0.345 seconds
[2026-09-10T19:40:15.790+0000] {processor.py:161} INFO - Started process (PID=185) to work on /opt/airflow/dags/steam_analytics.py
[2026-09-10T19:40:15.792+0000] {processor.py:830} INFO - Processing file /opt/airflow/dags/steam_analytics.py for tasks to queue
[2026-09-10T19:40:15.794+0000] {logging_mixin.py:188} INFO - [2026-09-10T19:40:15.793+0000] {dagbag.py:545} INFO - Filling up the DagBag from /opt/airflow/dags/steam_analytics.py
[2026-09-10T19:40:16.068+0000] {processor.py:840} INFO - DAG(s) 'steam_analytics_daily' retrieved from /opt/airflow/dags/steam_analytics.py
[2026-09-10T19:40:16.265+0000] {logging_mixin.py:188} INFO - [2026-09-10T19:40:16.265+0000] {dag.py:3089} INFO - Sync 1 DAGs
[2026-09-10T19:40:16.293+0000] {logging_mixin.py:188} INFO - [2026-09-10T19:40:16.293+0000] {dag.py:3947} INFO - Setting next_dagrun for steam_analytics_daily to 2026-09-10 02:00:00+00:00, run_after=2026-09-11 02:00:00+00:00
[2026-09-10T19:40:16.320+0000] {processor.py:183} INFO - Processing /opt/airflow/dags/steam_analytics.py took 0.534 seconds
[2026-09-10T19:40:46.473+0000] {processor.py:161} INFO - Started process (PID=190) to work on /opt/airflow/dags/steam_analytics.py
[2026-09-10T19:40:46.474+0000] {processor.py:830} INFO - Processing file /opt/airflow/dags/steam_analytics.py for tasks to queue
[2026-09-10T19:40:46.475+0000] {logging_mixin.py:188} INFO - [2026-09-10T19:40:46.475+0000] {dagbag.py:545} INFO - Filling up the DagBag from /opt/airflow/dags/steam_analytics.py
[2026-09-10T19:40:46.607+0000] {processor.py:840} INFO - DAG(s) 'steam_analytics_daily' retrieved from /opt/airflow/dags/steam_analytics.py
[2026-09-10T19:40:46.631+0000] {logging_mixin.py:188} INFO - [2026-09-10T19:40:46.631+0000] {dag.py:3089} INFO - Sync 1 DAGs
[2026-09-10T19:40:46.650+0000] {logging_mixin.py:188} INFO - [2026-09-10T19:40:46.649+0000] {dag.py:3947} INFO - Setting next_dagrun for steam_analytics_daily to 2026-09-10 02:00:00+00:00, run_after=2026-09-11 02:00:00+00:00
[2026-09-10T19:40:46.679+0000] {processor.py:183} INFO - Processing /opt/airflow/dags/steam_analytics.py took 0.211 seconds
[2026-09-10T19:41:16.803+0000] {processor.py:161} INFO - Started process (PID=195) to work on /opt/airflow/dags/steam_analytics.py
[2026-09-10T19:41:16.804+0000] {processor.py:830} INFO - Processing file /opt/airflow/dags/steam_analytics.py for tasks to queue
[2026-09-10T19:41:16.805+0000] {logging_mixin.py:188} INFO - [2026-09-10T19:41:16.805+0000] {dagbag.py:545} INFO - Filling up the DagBag from /opt/airflow/dags/steam_analytics.py
[2026-09-10T19:41:16.945+0000] {processor.py:840} INFO - DAG(s) 'steam_analytics_daily' retrieved from /opt/airflow/dags/steam_analytics.py
[2026-09-10T19:41:16.971+0000] {logging_mixin.py:188} INFO - [2026-09-10T19:41:16.971+0000] {dag.py:3089} INFO - Sync 1 DAGs
[2026-09-10T19:41:16.991+0000] {logging_mixin.py:188} INFO - [2026-09-10T19:41:16.990+0000] {dag.py:3947} INFO - Setting next_dagrun for steam_analytics_daily to 2026-09-10 02:00:00+00:00, run_after=2026-09-11 02:00:00+00:00
[2026-09-10T19:41:17.007+0000] {processor.py:183} INFO - Processing /opt/airflow/dags/steam_analytics.py took 0.210 seconds
[2026-09-10T19:41:47.130+0000] {processor.py:161} INFO - Started process (PID=200) to work on /opt/airflow/dags/steam_analytics.py
[2026-09-10T19:41:47.131+0000] {processor.py:830} INFO - Processing file /opt/airflow/dags/steam_analytics.py for tasks to queue
[2026-09-10T19:41:47.132+0000] {logging_mixin.py:188} INFO - [2026-09-10T19:41:47.132+0000] {dagbag.py:545} INFO - Filling up the DagBag from /opt/airflow/dags/steam_analytics.py
[2026-09-10T19:41:47.267+0000] {processor.py:840} INFO - DAG(s) 'steam_analytics_daily' retrieved from /opt/airflow/dags/steam_analytics.py
[2026-09-10T19:41:47.292+0000] {logging_mixin.py:188} INFO - [2026-09-10T19:41:47.292+0000] {dag.py:3089} INFO - Sync 1 DAGs
[2026-09-10T19:41:47.311+0000] {logging_mixin.py:188} INFO - [2026-09-10T19:41:47.311+0000] {dag.py:3947} INFO - Setting next_dagrun for steam_analytics_daily to 2026-09-10 02:00:00+00:00, run_after=2026-09-11 02:00:00+00:00
[2026-09-10T19:41:47.331+0000] {processor.py:183} INFO - Processing /opt/airflow/dags/steam_analytics.py took 0.205 seconds
[2026-09-10T19:42:17.449+0000] {processor.py:161} INFO - Started process (PID=205) to work on /opt/airflow/dags/steam_analytics.py
[2026-09-10T19:42:17.450+0000] {processor.py:830} INFO - Processing file /opt/airflow/dags/steam_analytics.py for tasks to queue
[2026-09-10T19:42:17.452+0000] {logging_mixin.py:188} INFO - [2026-09-10T19:42:17.451+0000] {dagbag.py:545} INFO - Filling up the DagBag from /opt/airflow/dags/steam_analytics.py
[2026-09-10T19:42:17.601+0000] {processor.py:840} INFO - DAG(s) 'steam_analytics_daily' retrieved from /opt/airflow/dags/steam_analytics.py
[2026-09-10T19:42:17.648+0000] {logging_mixin.py:188} INFO - [2026-09-10T19:42:17.648+0000] {dag.py:3089} INFO - Sync 1 DAGs
[2026-09-10T19:42:17.676+0000] {logging_mixin.py:188} INFO - [2026-09-10T19:42:17.676+0000] {dag.py:3947} INFO - Setting next_dagrun for steam_analytics_daily to 2026-09-10 02:00:00+00:00, run_after=2026-09-11 02:00:00+00:00
[2026-09-10T19:42:17.701+0000] {processor.py:183} INFO - Processing /opt/airflow/dags/steam_analytics.py took 0.256 seconds
[2026-09-10T19:42:47.824+0000] {processor.py:161} INFO - Started process (PID=210) to work on /opt/airflow/dags/steam_analytics.py
[2026-09-10T19:42:47.825+0000] {processor.py:830} INFO - Processing file /opt/airflow/dags/steam_analytics.py for tasks to queue
[2026-09-10T19:42:47.826+0000] {logging_mixin.py:188} INFO - [2026-09-10T19:42:47.826+0000] {dagbag.py:545} INFO - Filling up the DagBag from /opt/airflow/dags/steam_analytics.py
[2026-09-10T19:42:47.953+0000] {processor.py:840} INFO - DAG(s) 'steam_analytics_daily' retrieved from /opt/airflow/dags/steam_analytics.py
[2026-09-10T19:42:47.976+0000] {logging_mixin.py:188} INFO - [2026-09-10T19:42:47.976+0000] {dag.py:3089} INFO - Sync 1 DAGs
[2026-09-10T19:42:47.995+0000] {logging_mixin.py:188} INFO - [2026-09-10T19:42:47.995+0000] {dag.py:3947} INFO - Setting next_dagrun for steam_analytics_daily to 2026-09-10 02:00:00+00:00, run_after=2026-09-11 02:00:00+00:00
[2026-09-10T19:42:48.010+0000] {processor.py:183} INFO - Processing /opt/airflow/dags/steam_analytics.py took 0.190 seconds
[2026-09-10T19:43:18.138+0000] {processor.py:161} INFO - Started process (PID=215) to work on /opt/airflow/dags/steam_analytics.py
[2026-09-10T19:43:18.139+0000] {processor.py:830} INFO - Processing file /opt/airflow/dags/steam_analytics.py for tasks to queue
[2026-09-10T19:43:18.140+0000] {logging_mixin.py:188} INFO - [2026-09-10T19:43:18.140+0000] {dagbag.py:545} INFO - Filling up the DagBag from /opt/airflow/dags/steam_analytics.py
[2026-09-10T19:43:18.283+0000] {processor.py:840} INFO - DAG(s) 'steam_analytics_daily' retrieved from /opt/airflow/dags/steam_analytics.py
[2026-09-10T19:43:18.307+0000] {logging_mixin.py:188} INFO - [2026-09-10T19:43:18.307+0000] {dag.py:3089} INFO - Sync 1 DAGs
[2026-09-10T19:43:18.326+0000] {logging_mixin.py:188} INFO - [2026-09-10T19:43:18.326+0000] {dag.py:3947} INFO - Setting next_dagrun for steam_analytics_daily to 2026-09-10 02:00:00+00:00, run_after=2026-09-11 02:00:00+00:00
[2026-09-10T19:43:18.341+0000] {processor.py:183} INFO - Processing /opt/airflow/dags/steam_analytics.py took 0.207 seconds
[2026-09-10T19:43:48.457+0000] {processor.py:161} INFO - Started process (PID=220) to work on /opt/airflow/dags/steam_analytics.py
[2026-09-10T19:43:48.458+0000] {processor.py:830} INFO - Processing file /opt/airflow/dags/steam_analytics.py for tasks to queue
[2026-09-10T19:43:48.460+0000] {logging_mixin.py:188} INFO - [2026-09-10T19:43:48.460+0000] {dagbag.py:545} INFO - Filling up the DagBag from /opt/airflow/dags/steam_analytics.py
[2026-09-10T19:43:48.599+0000] {processor.py:840} INFO - DAG(s) 'steam_analytics_daily' retrieved from /opt/airflow/dags/steam_analytics.py
[2026-09-10T19:43:48.627+0000] {logging_mixin.py:188} INFO - [2026-09-10T19:43:48.627+0000] {dag.py:3089} INFO - Sync 1 DAGs
[2026-09-10T19:43:48.649+0000] {logging_mixin.py:188} INFO - [2026-09-10T19:43:48.648+0000] {dag.py:3947} INFO - Setting next_dagrun for steam_analytics_daily to 2026-09-10 02:00:00+00:00, run_after=2026-09-11 02:00:00+00:00
[2026-09-10T19:43:48.664+0000] {processor.py:183} INFO - Processing /opt/airflow/dags/steam_analytics.py took 0.212 seconds
[2026-09-10T19:44:18.779+0000] {processor.py:161} INFO - Started process (PID=225) to work on /opt/airflow/dags/steam_analytics.py
[2026-09-10T19:44:18.780+0000] {processor.py:830} INFO - Processing file /opt/airflow/dags/steam_analytics.py for tasks to queue
[2026-09-10T19:44:18.781+0000] {logging_mixin.py:188} INFO - [2026-09-10T19:44:18.781+0000] {dagbag.py:545} INFO - Filling up the DagBag from /opt/airflow/dags/steam_analytics.py
[2026-09-10T19:44:18.912+0000] {processor.py:840} INFO - DAG(s) 'steam_analytics_daily' retrieved from /opt/airflow/dags/steam_analytics.py
[2026-09-10T19:44:18.937+0000] {logging_mixin.py:188} INFO - [2026-09-10T19:44:18.937+0000] {dag.py:3089} INFO - Sync 1 DAGs
[2026-09-10T19:44:18.956+0000] {logging_mixin.py:188} INFO - [2026-09-10T19:44:18.955+0000] {dag.py:3947} INFO - Setting next_dagrun for steam_analytics_daily to 2026-09-10 02:00:00+00:00, run_after=2026-09-11 02:00:00+00:00
[2026-09-10T19:44:18.970+0000] {processor.py:183} INFO - Processing /opt/airflow/dags/steam_analytics.py took 0.196 seconds
[2026-09-10T19:44:49.085+0000] {processor.py:161} INFO - Started process (PID=230) to work on /opt/airflow/dags/steam_analytics.py
[2026-09-10T19:44:49.085+0000] {processor.py:830} INFO - Processing file /opt/airflow/dags/steam_analytics.py for tasks to queue
[2026-09-10T19:44:49.087+0000] {logging_mixin.py:188} INFO - [2026-09-10T19:44:49.086+0000] {dagbag.py:545} INFO - Filling up the DagBag from /opt/airflow/dags/steam_analytics.py
[2026-09-10T19:44:49.213+0000] {processor.py:840} INFO - DAG(s) 'steam_analytics_daily' retrieved from /opt/airflow/dags/steam_analytics.py
[2026-09-10T19:44:49.238+0000] {logging_mixin.py:188} INFO - [2026-09-10T19:44:49.238+0000] {dag.py:3089} INFO - Sync 1 DAGs
[2026-09-10T19:44:49.256+0000] {logging_mixin.py:188} INFO - [2026-09-10T19:44:49.256+0000] {dag.py:3947} INFO - Setting next_dagrun for steam_analytics_daily to 2026-09-10 02:00:00+00:00, run_after=2026-09-11 02:00:00+00:00
[2026-09-10T19:44:49.271+0000] {processor.py:183} INFO - Processing /opt/airflow/dags/steam_analytics.py took 0.190 seconds
[2026-09-10T19:45:19.387+0000] {processor.py:161} INFO - Started process (PID=235) to work on /opt/airflow/dags/steam_analytics.py
[2026-09-10T19:45:19.388+0000] {processor.py:830} INFO - Processing file /opt/airflow/dags/steam_analytics.py for tasks to queue
[2026-09-10T19:45:19.389+0000] {logging_mixin.py:188} INFO - [2026-09-10T19:45:19.389+0000] {dagbag.py:545} INFO - Filling up the DagBag from /opt/airflow/dags/steam_analytics.py
[2026-09-10T19:45:19.518+0000] {processor.py:840} INFO - DAG(s) 'steam_analytics_daily' retrieved from /opt/airflow/dags/steam_analytics.py
[2026-09-10T19:45:19.542+0000] {logging_mixin.py:188} INFO - [2026-09-10T19:45:19.542+0000] {dag.py:3089} INFO - Sync 1 DAGs
[2026-09-10T19:45:19.560+0000] {logging_mixin.py:188} INFO - [2026-09-10T19:45:19.560+0000] {dag.py:3947} INFO - Setting next_dagrun for steam_analytics_daily to 2026-09-10 02:00:00+00:00, run_after=2026-09-11 02:00:00+00:00
[2026-09-10T19:45:19.577+0000] {processor.py:183} INFO - Processing /opt/airflow/dags/steam_analytics.py took 0.194 seconds
[2026-09-10T19:45:49.692+0000] {processor.py:161} INFO - Started process (PID=240) to work on /opt/airflow/dags/steam_analytics.py
[2026-09-10T19:45:49.692+0000] {processor.py:830} INFO - Processing file /opt/airflow/dags/steam_analytics.py for tasks to queue
[2026-09-10T19:45:49.694+0000] {logging_mixin.py:188} INFO - [2026-09-10T19:45:49.693+0000] {dagbag.py:545} INFO - Filling up the DagBag from /opt/airflow/dags/steam_analytics.py
[2026-09-10T19:45:49.825+0000] {processor.py:840} INFO - DAG(s) 'steam_analytics_daily' retrieved from /opt/airflow/dags/steam_analytics.py
[2026-09-10T19:45:49.849+0000] {logging_mixin.py:188} INFO - [2026-09-10T19:45:49.849+0000] {dag.py:3089} INFO - Sync 1 DAGs
[2026-09-10T19:45:49.867+0000] {logging_mixin.py:188} INFO - [2026-09-10T19:45:49.867+0000] {dag.py:3947} INFO - Setting next_dagrun for steam_analytics_daily to 2026-09-10 02:00:00+00:00, run_after=2026-09-11 02:00:00+00:00
[2026-09-10T19:45:49.882+0000] {processor.py:183} INFO - Processing /opt/airflow/dags/steam_analytics.py took 0.194 seconds
[2026-09-10T19:46:19.994+0000] {processor.py:161} INFO - Started process (PID=245) to work on /opt/airflow/dags/steam_analytics.py
[2026-09-10T19:46:19.994+0000] {processor.py:830} INFO - Processing file /opt/airflow/dags/steam_analytics.py for tasks to queue
[2026-09-10T19:46:19.996+0000] {logging_mixin.py:188} INFO - [2026-09-10T19:46:19.996+0000] {dagbag.py:545} INFO - Filling up the DagBag from /opt/airflow/dags/steam_analytics.py
[2026-09-10T19:46:20.124+0000] {processor.py:840} INFO - DAG(s) 'steam_analytics_daily' retrieved from /opt/airflow/dags/steam_analytics.py
[2026-09-10T19:46:20.149+0000] {logging_mixin.py:188} INFO - [2026-09-10T19:46:20.148+0000] {dag.py:3089} INFO - Sync 1 DAGs
[2026-09-10T19:46:20.167+0000] {logging_mixin.py:188} INFO - [2026-09-10T19:46:20.167+0000] {dag.py:3947} INFO - Setting next_dagrun for steam_analytics_daily to 2026-09-10 02:00:00+00:00, run_after=2026-09-11 02:00:00+00:00
[2026-09-10T19:46:20.183+0000] {processor.py:183} INFO - Processing /opt/airflow/dags/steam_analytics.py took 0.194 seconds
[2026-09-10T19:46:50.312+0000] {processor.py:161} INFO - Started process (PID=250) to work on /opt/airflow/dags/steam_analytics.py
[2026-09-10T19:46:50.313+0000] {processor.py:830} INFO - Processing file /opt/airflow/dags/steam_analytics.py for tasks to queue
[2026-09-10T19:46:50.315+0000] {logging_mixin.py:188} INFO - [2026-09-10T19:46:50.315+0000] {dagbag.py:545} INFO - Filling up the DagBag from /opt/airflow/dags/steam_analytics.py
[2026-09-10T19:46:50.452+0000] {processor.py:840} INFO - DAG(s) 'steam_analytics_daily' retrieved from /opt/airflow/dags/steam_analytics.py
[2026-09-10T19:46:50.480+0000] {logging_mixin.py:188} INFO - [2026-09-10T19:46:50.480+0000] {dag.py:3089} INFO - Sync 1 DAGs
[2026-09-10T19:46:50.499+0000] {logging_mixin.py:188} INFO - [2026-09-10T19:46:50.499+0000] {dag.py:3947} INFO - Setting next_dagrun for steam_analytics_daily to 2026-09-10 02:00:00+00:00, run_after=2026-09-11 02:00:00+00:00
[2026-09-10T19:46:50.514+0000] {processor.py:183} INFO - Processing /opt/airflow/dags/steam_analytics.py took 0.208 seconds
[2026-09-10T19:47:20.628+0000] {processor.py:161} INFO - Started process (PID=265) to work on /opt/airflow/dags/steam_analytics.py
[2026-09-10T19:47:20.629+0000] {processor.py:830} INFO - Processing file /opt/airflow/dags/steam_analytics.py for tasks to queue
[2026-09-10T19:47:20.630+0000] {logging_mixin.py:188} INFO - [2026-09-10T19:47:20.630+0000] {dagbag.py:545} INFO - Filling up the DagBag from /opt/airflow/dags/steam_analytics.py
[2026-09-10T19:47:20.755+0000] {processor.py:840} INFO - DAG(s) 'steam_analytics_daily' retrieved from /opt/airflow/dags/steam_analytics.py
[2026-09-10T19:47:20.779+0000] {logging_mixin.py:188} INFO - [2026-09-10T19:47:20.779+0000] {dag.py:3089} INFO - Sync 1 DAGs
[2026-09-10T19:47:20.798+0000] {logging_mixin.py:188} INFO - [2026-09-10T19:47:20.797+0000] {dag.py:3947} INFO - Setting next_dagrun for steam_analytics_daily to 2026-09-10 02:00:00+00:00, run_after=2026-09-11 02:00:00+00:00
[2026-09-10T19:47:20.814+0000] {processor.py:183} INFO - Processing /opt/airflow/dags/steam_analytics.py took 0.190 seconds
[2026-09-10T19:47:50.934+0000] {processor.py:161} INFO - Started process (PID=280) to work on /opt/airflow/dags/steam_analytics.py
[2026-09-10T19:47:50.934+0000] {processor.py:830} INFO - Processing file /opt/airflow/dags/steam_analytics.py for tasks to queue
[2026-09-10T19:47:50.936+0000] {logging_mixin.py:188} INFO - [2026-09-10T19:47:50.935+0000] {dagbag.py:545} INFO - Filling up the DagBag from /opt/airflow/dags/steam_analytics.py
[2026-09-10T19:47:51.075+0000] {processor.py:840} INFO - DAG(s) 'steam_analytics_daily' retrieved from /opt/airflow/dags/steam_analytics.py
[2026-09-10T19:47:51.102+0000] {logging_mixin.py:188} INFO - [2026-09-10T19:47:51.102+0000] {dag.py:3089} INFO - Sync 1 DAGs
[2026-09-10T19:47:51.122+0000] {logging_mixin.py:188} INFO - [2026-09-10T19:47:51.122+0000] {dag.py:3947} INFO - Setting next_dagrun for steam_analytics_daily to 2026-09-10 02:00:00+00:00, run_after=2026-09-11 02:00:00+00:00
[2026-09-10T19:47:51.139+0000] {processor.py:183} INFO - Processing /opt/airflow/dags/steam_analytics.py took 0.209 seconds
[2026-09-10T19:48:21.261+0000] {processor.py:161} INFO - Started process (PID=285) to work on /opt/airflow/dags/steam_analytics.py
[2026-09-10T19:48:21.262+0000] {processor.py:830} INFO - Processing file /opt/airflow/dags/steam_analytics.py for tasks to queue
[2026-09-10T19:48:21.263+0000] {logging_mixin.py:188} INFO - [2026-09-10T19:48:21.263+0000] {dagbag.py:545} INFO - Filling up the DagBag from /opt/airflow/dags/steam_analytics.py
[2026-09-10T19:48:21.410+0000] {processor.py:840} INFO - DAG(s) 'steam_analytics_daily' retrieved from /opt/airflow/dags/steam_analytics.py
[2026-09-10T19:48:21.438+0000] {logging_mixin.py:188} INFO - [2026-09-10T19:48:21.438+0000] {dag.py:3089} INFO - Sync 1 DAGs
[2026-09-10T19:48:21.460+0000] {logging_mixin.py:188} INFO - [2026-09-10T19:48:21.460+0000] {dag.py:3947} INFO - Setting next_dagrun for steam_analytics_daily to 2026-09-10 02:00:00+00:00, run_after=2026-09-11 02:00:00+00:00
[2026-09-10T19:48:21.477+0000] {processor.py:183} INFO - Processing /opt/airflow/dags/steam_analytics.py took 0.221 seconds
[2026-09-10T19:48:51.591+0000] {processor.py:161} INFO - Started process (PID=290) to work on /opt/airflow/dags/steam_analytics.py
[2026-09-10T19:48:51.592+0000] {processor.py:830} INFO - Processing file /opt/airflow/dags/steam_analytics.py for tasks to queue
[2026-09-10T19:48:51.594+0000] {logging_mixin.py:188} INFO - [2026-09-10T19:48:51.594+0000] {dagbag.py:545} INFO - Filling up the DagBag from /opt/airflow/dags/steam_analytics.py
[2026-09-10T19:48:51.724+0000] {processor.py:840} INFO - DAG(s) 'steam_analytics_daily' retrieved from /opt/airflow/dags/steam_analytics.py
[2026-09-10T19:48:51.750+0000] {logging_mixin.py:188} INFO - [2026-09-10T19:48:51.750+0000] {dag.py:3089} INFO - Sync 1 DAGs
[2026-09-10T19:48:51.769+0000] {logging_mixin.py:188} INFO - [2026-09-10T19:48:51.769+0000] {dag.py:3947} INFO - Setting next_dagrun for steam_analytics_daily to 2026-09-10 02:00:00+00:00, run_after=2026-09-11 02:00:00+00:00
[2026-09-10T19:48:51.785+0000] {processor.py:183} INFO - Processing /opt/airflow/dags/steam_analytics.py took 0.198 seconds
[2026-09-10T19:49:21.898+0000] {processor.py:161} INFO - Started process (PID=295) to work on /opt/airflow/dags/steam_analytics.py
[2026-09-10T19:49:21.899+0000] {processor.py:830} INFO - Processing file /opt/airflow/dags/steam_analytics.py for tasks to queue
[2026-09-10T19:49:21.900+0000] {logging_mixin.py:188} INFO - [2026-09-10T19:49:21.900+0000] {dagbag.py:545} INFO - Filling up the DagBag from /opt/airflow/dags/steam_analytics.py
[2026-09-10T19:49:22.032+0000] {processor.py:840} INFO - DAG(s) 'steam_analytics_daily' retrieved from /opt/airflow/dags/steam_analytics.py
[2026-09-10T19:49:22.056+0000] {logging_mixin.py:188} INFO - [2026-09-10T19:49:22.056+0000] {dag.py:3089} INFO - Sync 1 DAGs
[2026-09-10T19:49:22.074+0000] {logging_mixin.py:188} INFO - [2026-09-10T19:49:22.074+0000] {dag.py:3947} INFO - Setting next_dagrun for steam_analytics_daily to 2026-09-10 02:00:00+00:00, run_after=2026-09-11 02:00:00+00:00
[2026-09-10T19:49:22.089+0000] {processor.py:183} INFO - Processing /opt/airflow/dags/steam_analytics.py took 0.195 seconds
[2026-09-10T19:49:52.202+0000] {processor.py:161} INFO - Started process (PID=300) to work on /opt/airflow/dags/steam_analytics.py
[2026-09-10T19:49:52.203+0000] {processor.py:830} INFO - Processing file /opt/airflow/dags/steam_analytics.py for tasks to queue
[2026-09-10T19:49:52.204+0000] {logging_mixin.py:188} INFO - [2026-09-10T19:49:52.204+0000] {dagbag.py:545} INFO - Filling up the DagBag from /opt/airflow/dags/steam_analytics.py
[2026-09-10T19:49:52.340+0000] {processor.py:840} INFO - DAG(s) 'steam_analytics_daily' retrieved from /opt/airflow/dags/steam_analytics.py
[2026-09-10T19:49:52.367+0000] {logging_mixin.py:188} INFO - [2026-09-10T19:49:52.367+0000] {dag.py:3089} INFO - Sync 1 DAGs
[2026-09-10T19:49:52.388+0000] {logging_mixin.py:188} INFO - [2026-09-10T19:49:52.388+0000] {dag.py:3947} INFO - Setting next_dagrun for steam_analytics_daily to 2026-09-10 02:00:00+00:00, run_after=2026-09-11 02:00:00+00:00
[2026-09-10T19:49:52.408+0000] {processor.py:183} INFO - Processing /opt/airflow/dags/steam_analytics.py took 0.210 seconds
[2026-09-10T19:50:22.527+0000] {processor.py:161} INFO - Started process (PID=305) to work on /opt/airflow/dags/steam_analytics.py
[2026-09-10T19:50:22.528+0000] {processor.py:830} INFO - Processing file /opt/airflow/dags/steam_analytics.py for tasks to queue
[2026-09-10T19:50:22.529+0000] {logging_mixin.py:188} INFO - [2026-09-10T19:50:22.529+0000] {dagbag.py:545} INFO - Filling up the DagBag from /opt/airflow/dags/steam_analytics.py
[2026-09-10T19:50:22.657+0000] {processor.py:840} INFO - DAG(s) 'steam_analytics_daily' retrieved from /opt/airflow/dags/steam_analytics.py
[2026-09-10T19:50:22.681+0000] {logging_mixin.py:188} INFO - [2026-09-10T19:50:22.681+0000] {dag.py:3089} INFO - Sync 1 DAGs
[2026-09-10T19:50:22.701+0000] {logging_mixin.py:188} INFO - [2026-09-10T19:50:22.701+0000] {dag.py:3947} INFO - Setting next_dagrun for steam_analytics_daily to 2026-09-10 02:00:00+00:00, run_after=2026-09-11 02:00:00+00:00
[2026-09-10T19:50:22.717+0000] {processor.py:183} INFO - Processing /opt/airflow/dags/steam_analytics.py took 0.194 seconds
[2026-09-10T19:50:52.844+0000] {processor.py:161} INFO - Started process (PID=310) to work on /opt/airflow/dags/steam_analytics.py
[2026-09-10T19:50:52.845+0000] {processor.py:830} INFO - Processing file /opt/airflow/dags/steam_analytics.py for tasks to queue
[2026-09-10T19:50:52.848+0000] {logging_mixin.py:188} INFO - [2026-09-10T19:50:52.847+0000] {dagbag.py:545} INFO - Filling up the DagBag from /opt/airflow/dags/steam_analytics.py
[2026-09-10T19:50:53.062+0000] {processor.py:840} INFO - DAG(s) 'steam_analytics_daily' retrieved from /opt/airflow/dags/steam_analytics.py
[2026-09-10T19:50:53.115+0000] {logging_mixin.py:188} INFO - [2026-09-10T19:50:53.115+0000] {dag.py:3089} INFO - Sync 1 DAGs
[2026-09-10T19:50:53.161+0000] {logging_mixin.py:188} INFO - [2026-09-10T19:50:53.161+0000] {dag.py:3947} INFO - Setting next_dagrun for steam_analytics_daily to 2026-09-10 02:00:00+00:00, run_after=2026-09-11 02:00:00+00:00
[2026-09-10T19:50:53.208+0000] {processor.py:183} INFO - Processing /opt/airflow/dags/steam_analytics.py took 0.371 seconds
[2026-09-10T19:51:23.429+0000] {processor.py:161} INFO - Started process (PID=315) to work on /opt/airflow/dags/steam_analytics.py
[2026-09-10T19:51:23.430+0000] {processor.py:830} INFO - Processing file /opt/airflow/dags/steam_analytics.py for tasks to queue
[2026-09-10T19:51:23.432+0000] {logging_mixin.py:188} INFO - [2026-09-10T19:51:23.432+0000] {dagbag.py:545} INFO - Filling up the DagBag from /opt/airflow/dags/steam_analytics.py
[2026-09-10T19:51:23.615+0000] {processor.py:840} INFO - DAG(s) 'steam_analytics_daily' retrieved from /opt/airflow/dags/steam_analytics.py
[2026-09-10T19:51:23.646+0000] {logging_mixin.py:188} INFO - [2026-09-10T19:51:23.645+0000] {dag.py:3089} INFO - Sync 1 DAGs
[2026-09-10T19:51:23.672+0000] {logging_mixin.py:188} INFO - [2026-09-10T19:51:23.672+0000] {dag.py:3947} INFO - Setting next_dagrun for steam_analytics_daily to 2026-09-10 02:00:00+00:00, run_after=2026-09-11 02:00:00+00:00
[2026-09-10T19:51:23.695+0000] {processor.py:183} INFO - Processing /opt/airflow/dags/steam_analytics.py took 0.271 seconds
[2026-09-10T19:51:53.832+0000] {processor.py:161} INFO - Started process (PID=320) to work on /opt/airflow/dags/steam_analytics.py
[2026-09-10T19:51:53.833+0000] {processor.py:830} INFO - Processing file /opt/airflow/dags/steam_analytics.py for tasks to queue
[2026-09-10T19:51:53.834+0000] {logging_mixin.py:188} INFO - [2026-09-10T19:51:53.834+0000] {dagbag.py:545} INFO - Filling up the DagBag from /opt/airflow/dags/steam_analytics.py
[2026-09-10T19:51:53.996+0000] {processor.py:840} INFO - DAG(s) 'steam_analytics_daily' retrieved from /opt/airflow/dags/steam_analytics.py
[2026-09-10T19:51:54.025+0000] {logging_mixin.py:188} INFO - [2026-09-10T19:51:54.024+0000] {dag.py:3089} INFO - Sync 1 DAGs
[2026-09-10T19:51:54.045+0000] {logging_mixin.py:188} INFO - [2026-09-10T19:51:54.045+0000] {dag.py:3947} INFO - Setting next_dagrun for steam_analytics_daily to 2026-09-10 02:00:00+00:00, run_after=2026-09-11 02:00:00+00:00
[2026-09-10T19:51:54.063+0000] {processor.py:183} INFO - Processing /opt/airflow/dags/steam_analytics.py took 0.235 seconds
[2026-09-10T19:52:24.194+0000] {processor.py:161} INFO - Started process (PID=325) to work on /opt/airflow/dags/steam_analytics.py
[2026-09-10T19:52:24.194+0000] {processor.py:830} INFO - Processing file /opt/airflow/dags/steam_analytics.py for tasks to queue
[2026-09-10T19:52:24.196+0000] {logging_mixin.py:188} INFO - [2026-09-10T19:52:24.196+0000] {dagbag.py:545} INFO - Filling up the DagBag from /opt/airflow/dags/steam_analytics.py
[2026-09-10T19:52:24.342+0000] {processor.py:840} INFO - DAG(s) 'steam_analytics_daily' retrieved from /opt/airflow/dags/steam_analytics.py
[2026-09-10T19:52:24.367+0000] {logging_mixin.py:188} INFO - [2026-09-10T19:52:24.367+0000] {dag.py:3089} INFO - Sync 1 DAGs
[2026-09-10T19:52:24.387+0000] {logging_mixin.py:188} INFO - [2026-09-10T19:52:24.387+0000] {dag.py:3947} INFO - Setting next_dagrun for steam_analytics_daily to 2026-09-10 02:00:00+00:00, run_after=2026-09-11 02:00:00+00:00
[2026-09-10T19:52:24.402+0000] {processor.py:183} INFO - Processing /opt/airflow/dags/steam_analytics.py took 0.213 seconds
[2026-09-10T19:52:54.526+0000] {processor.py:161} INFO - Started process (PID=330) to work on /opt/airflow/dags/steam_analytics.py
[2026-09-10T19:52:54.527+0000] {processor.py:830} INFO - Processing file /opt/airflow/dags/steam_analytics.py for tasks to queue
[2026-09-10T19:52:54.528+0000] {logging_mixin.py:188} INFO - [2026-09-10T19:52:54.528+0000] {dagbag.py:545} INFO - Filling up the DagBag from /opt/airflow/dags/steam_analytics.py
[2026-09-10T19:52:54.669+0000] {processor.py:840} INFO - DAG(s) 'steam_analytics_daily' retrieved from /opt/airflow/dags/steam_analytics.py
[2026-09-10T19:52:54.697+0000] {logging_mixin.py:188} INFO - [2026-09-10T19:52:54.697+0000] {dag.py:3089} INFO - Sync 1 DAGs
[2026-09-10T19:52:54.719+0000] {logging_mixin.py:188} INFO - [2026-09-10T19:52:54.719+0000] {dag.py:3947} INFO - Setting next_dagrun for steam_analytics_daily to 2026-09-10 02:00:00+00:00, run_after=2026-09-11 02:00:00+00:00
[2026-09-10T19:52:54.738+0000] {processor.py:183} INFO - Processing /opt/airflow/dags/steam_analytics.py took 0.216 seconds
[2026-09-10T19:53:24.868+0000] {processor.py:161} INFO - Started process (PID=335) to work on /opt/airflow/dags/steam_analytics.py
[2026-09-10T19:53:24.868+0000] {processor.py:830} INFO - Processing file /opt/airflow/dags/steam_analytics.py for tasks to queue
[2026-09-10T19:53:24.870+0000] {logging_mixin.py:188} INFO - [2026-09-10T19:53:24.869+0000] {dagbag.py:545} INFO - Filling up the DagBag from /opt/airflow/dags/steam_analytics.py
[2026-09-10T19:53:25.009+0000] {processor.py:840} INFO - DAG(s) 'steam_analytics_daily' retrieved from /opt/airflow/dags/steam_analytics.py
[2026-09-10T19:53:25.035+0000] {logging_mixin.py:188} INFO - [2026-09-10T19:53:25.035+0000] {dag.py:3089} INFO - Sync 1 DAGs
[2026-09-10T19:53:25.056+0000] {logging_mixin.py:188} INFO - [2026-09-10T19:53:25.056+0000] {dag.py:3947} INFO - Setting next_dagrun for steam_analytics_daily to 2026-09-10 02:00:00+00:00, run_after=2026-09-11 02:00:00+00:00
[2026-09-10T19:53:25.072+0000] {processor.py:183} INFO - Processing /opt/airflow/dags/steam_analytics.py took 0.209 seconds
[2026-09-10T19:53:55.194+0000] {processor.py:161} INFO - Started process (PID=340) to work on /opt/airflow/dags/steam_analytics.py
[2026-09-10T19:53:55.195+0000] {processor.py:830} INFO - Processing file /opt/airflow/dags/steam_analytics.py for tasks to queue
[2026-09-10T19:53:55.196+0000] {logging_mixin.py:188} INFO - [2026-09-10T19:53:55.196+0000] {dagbag.py:545} INFO - Filling up the DagBag from /opt/airflow/dags/steam_analytics.py
[2026-09-10T19:53:55.327+0000] {processor.py:840} INFO - DAG(s) 'steam_analytics_daily' retrieved from /opt/airflow/dags/steam_analytics.py
[2026-09-10T19:53:55.352+0000] {logging_mixin.py:188} INFO - [2026-09-10T19:53:55.352+0000] {dag.py:3089} INFO - Sync 1 DAGs
[2026-09-10T19:53:55.370+0000] {logging_mixin.py:188} INFO - [2026-09-10T19:53:55.370+0000] {dag.py:3947} INFO - Setting next_dagrun for steam_analytics_daily to 2026-09-10 02:00:00+00:00, run_after=2026-09-11 02:00:00+00:00
[2026-09-10T19:53:55.387+0000] {processor.py:183} INFO - Processing /opt/airflow/dags/steam_analytics.py took 0.197 seconds
[2026-09-10T19:54:25.505+0000] {processor.py:161} INFO - Started process (PID=345) to work on /opt/airflow/dags/steam_analytics.py
[2026-09-10T19:54:25.506+0000] {processor.py:830} INFO - Processing file /opt/airflow/dags/steam_analytics.py for tasks to queue
[2026-09-10T19:54:25.507+0000] {logging_mixin.py:188} INFO - [2026-09-10T19:54:25.507+0000] {dagbag.py:545} INFO - Filling up the DagBag from /opt/airflow/dags/steam_analytics.py
[2026-09-10T19:54:25.639+0000] {processor.py:840} INFO - DAG(s) 'steam_analytics_daily' retrieved from /opt/airflow/dags/steam_analytics.py
[2026-09-10T19:54:25.666+0000] {logging_mixin.py:188} INFO - [2026-09-10T19:54:25.666+0000] {dag.py:3089} INFO - Sync 1 DAGs
[2026-09-10T19:54:25.689+0000] {logging_mixin.py:188} INFO - [2026-09-10T19:54:25.688+0000] {dag.py:3947} INFO - Setting next_dagrun for steam_analytics_daily to 2026-09-10 02:00:00+00:00, run_after=2026-09-11 02:00:00+00:00
[2026-09-10T19:54:25.704+0000] {processor.py:183} INFO - Processing /opt/airflow/dags/steam_analytics.py took 0.203 seconds
[2026-09-10T19:54:55.822+0000] {processor.py:161} INFO - Started process (PID=350) to work on /opt/airflow/dags/steam_analytics.py
[2026-09-10T19:54:55.823+0000] {processor.py:830} INFO - Processing file /opt/airflow/dags/steam_analytics.py for tasks to queue
[2026-09-10T19:54:55.824+0000] {logging_mixin.py:188} INFO - [2026-09-10T19:54:55.824+0000] {dagbag.py:545} INFO - Filling up the DagBag from /opt/airflow/dags/steam_analytics.py
[2026-09-10T19:54:55.953+0000] {processor.py:840} INFO - DAG(s) 'steam_analytics_daily' retrieved from /opt/airflow/dags/steam_analytics.py
[2026-09-10T19:54:55.977+0000] {logging_mixin.py:188} INFO - [2026-09-10T19:54:55.977+0000] {dag.py:3089} INFO - Sync 1 DAGs
[2026-09-10T19:54:55.997+0000] {logging_mixin.py:188} INFO - [2026-09-10T19:54:55.997+0000] {dag.py:3947} INFO - Setting next_dagrun for steam_analytics_daily to 2026-09-10 02:00:00+00:00, run_after=2026-09-11 02:00:00+00:00
[2026-09-10T19:54:56.013+0000] {processor.py:183} INFO - Processing /opt/airflow/dags/steam_analytics.py took 0.195 seconds
[2026-09-10T19:55:26.135+0000] {processor.py:161} INFO - Started process (PID=355) to work on /opt/airflow/dags/steam_analytics.py
[2026-09-10T19:55:26.136+0000] {processor.py:830} INFO - Processing file /opt/airflow/dags/steam_analytics.py for tasks to queue
[2026-09-10T19:55:26.138+0000] {logging_mixin.py:188} INFO - [2026-09-10T19:55:26.137+0000] {dagbag.py:545} INFO - Filling up the DagBag from /opt/airflow/dags/steam_analytics.py
[2026-09-10T19:55:26.275+0000] {processor.py:840} INFO - DAG(s) 'steam_analytics_daily' retrieved from /opt/airflow/dags/steam_analytics.py
[2026-09-10T19:55:26.301+0000] {logging_mixin.py:188} INFO - [2026-09-10T19:55:26.301+0000] {dag.py:3089} INFO - Sync 1 DAGs
[2026-09-10T19:55:26.322+0000] {logging_mixin.py:188} INFO - [2026-09-10T19:55:26.322+0000] {dag.py:3947} INFO - Setting next_dagrun for steam_analytics_daily to 2026-09-10 02:00:00+00:00, run_after=2026-09-11 02:00:00+00:00
[2026-09-10T19:55:26.338+0000] {processor.py:183} INFO - Processing /opt/airflow/dags/steam_analytics.py took 0.207 seconds
[2026-09-10T19:55:56.454+0000] {processor.py:161} INFO - Started process (PID=360) to work on /opt/airflow/dags/steam_analytics.py
[2026-09-10T19:55:56.455+0000] {processor.py:830} INFO - Processing file /opt/airflow/dags/steam_analytics.py for tasks to queue
[2026-09-10T19:55:56.456+0000] {logging_mixin.py:188} INFO - [2026-09-10T19:55:56.456+0000] {dagbag.py:545} INFO - Filling up the DagBag from /opt/airflow/dags/steam_analytics.py
[2026-09-10T19:55:56.598+0000] {processor.py:840} INFO - DAG(s) 'steam_analytics_daily' retrieved from /opt/airflow/dags/steam_analytics.py
[2026-09-10T19:55:56.623+0000] {logging_mixin.py:188} INFO - [2026-09-10T19:55:56.623+0000] {dag.py:3089} INFO - Sync 1 DAGs
[2026-09-10T19:55:56.643+0000] {logging_mixin.py:188} INFO - [2026-09-10T19:55:56.643+0000] {dag.py:3947} INFO - Setting next_dagrun for steam_analytics_daily to 2026-09-10 02:00:00+00:00, run_after=2026-09-11 02:00:00+00:00
[2026-09-10T19:55:56.658+0000] {processor.py:183} INFO - Processing /opt/airflow/dags/steam_analytics.py took 0.209 seconds
[2026-09-10T19:56:26.781+0000] {processor.py:161} INFO - Started process (PID=365) to work on /opt/airflow/dags/steam_analytics.py
[2026-09-10T19:56:26.782+0000] {processor.py:830} INFO - Processing file /opt/airflow/dags/steam_analytics.py for tasks to queue
[2026-09-10T19:56:26.784+0000] {logging_mixin.py:188} INFO - [2026-09-10T19:56:26.784+0000] {dagbag.py:545} INFO - Filling up the DagBag from /opt/airflow/dags/steam_analytics.py
[2026-09-10T19:56:26.921+0000] {processor.py:840} INFO - DAG(s) 'steam_analytics_daily' retrieved from /opt/airflow/dags/steam_analytics.py
[2026-09-10T19:56:26.946+0000] {logging_mixin.py:188} INFO - [2026-09-10T19:56:26.946+0000] {dag.py:3089} INFO - Sync 1 DAGs
[2026-09-10T19:56:26.964+0000] {logging_mixin.py:188} INFO - [2026-09-10T19:56:26.964+0000] {dag.py:3947} INFO - Setting next_dagrun for steam_analytics_daily to 2026-09-10 02:00:00+00:00, run_after=2026-09-11 02:00:00+00:00
[2026-09-10T19:56:26.980+0000] {processor.py:183} INFO - Processing /opt/airflow/dags/steam_analytics.py took 0.203 seconds
[2026-09-10T19:56:57.097+0000] {processor.py:161} INFO - Started process (PID=370) to work on /opt/airflow/dags/steam_analytics.py
[2026-09-10T19:56:57.098+0000] {processor.py:830} INFO - Processing file /opt/airflow/dags/steam_analytics.py for tasks to queue
[2026-09-10T19:56:57.099+0000] {logging_mixin.py:188} INFO - [2026-09-10T19:56:57.099+0000] {dagbag.py:545} INFO - Filling up the DagBag from /opt/airflow/dags/steam_analytics.py
[2026-09-10T19:56:57.240+0000] {processor.py:840} INFO - DAG(s) 'steam_analytics_daily' retrieved from /opt/airflow/dags/steam_analytics.py
[2026-09-10T19:56:57.265+0000] {logging_mixin.py:188} INFO - [2026-09-10T19:56:57.265+0000] {dag.py:3089} INFO - Sync 1 DAGs
[2026-09-10T19:56:57.285+0000] {logging_mixin.py:188} INFO - [2026-09-10T19:56:57.285+0000] {dag.py:3947} INFO - Setting next_dagrun for steam_analytics_daily to 2026-09-10 02:00:00+00:00, run_after=2026-09-11 02:00:00+00:00
[2026-09-10T19:56:57.301+0000] {processor.py:183} INFO - Processing /opt/airflow/dags/steam_analytics.py took 0.208 seconds
[2026-09-10T19:57:27.421+0000] {processor.py:161} INFO - Started process (PID=375) to work on /opt/airflow/dags/steam_analytics.py
[2026-09-10T19:57:27.422+0000] {processor.py:830} INFO - Processing file /opt/airflow/dags/steam_analytics.py for tasks to queue
[2026-09-10T19:57:27.423+0000] {logging_mixin.py:188} INFO - [2026-09-10T19:57:27.423+0000] {dagbag.py:545} INFO - Filling up the DagBag from /opt/airflow/dags/steam_analytics.py
[2026-09-10T19:57:27.554+0000] {processor.py:840} INFO - DAG(s) 'steam_analytics_daily' retrieved from /opt/airflow/dags/steam_analytics.py
[2026-09-10T19:57:27.579+0000] {logging_mixin.py:188} INFO - [2026-09-10T19:57:27.579+0000] {dag.py:3089} INFO - Sync 1 DAGs
[2026-09-10T19:57:27.597+0000] {logging_mixin.py:188} INFO - [2026-09-10T19:57:27.597+0000] {dag.py:3947} INFO - Setting next_dagrun for steam_analytics_daily to 2026-09-10 02:00:00+00:00, run_after=2026-09-11 02:00:00+00:00
[2026-09-10T19:57:27.611+0000] {processor.py:183} INFO - Processing /opt/airflow/dags/steam_analytics.py took 0.194 seconds
[2026-09-10T19:57:57.732+0000] {processor.py:161} INFO - Started process (PID=380) to work on /opt/airflow/dags/steam_analytics.py
[2026-09-10T19:57:57.733+0000] {processor.py:830} INFO - Processing file /opt/airflow/dags/steam_analytics.py for tasks to queue
[2026-09-10T19:57:57.734+0000] {logging_mixin.py:188} INFO - [2026-09-10T19:57:57.734+0000] {dagbag.py:545} INFO - Filling up the DagBag from /opt/airflow/dags/steam_analytics.py
[2026-09-10T19:57:57.868+0000] {processor.py:840} INFO - DAG(s) 'steam_analytics_daily' retrieved from /opt/airflow/dags/steam_analytics.py
[2026-09-10T19:57:57.894+0000] {logging_mixin.py:188} INFO - [2026-09-10T19:57:57.894+0000] {dag.py:3089} INFO - Sync 1 DAGs
[2026-09-10T19:57:57.913+0000] {logging_mixin.py:188} INFO - [2026-09-10T19:57:57.913+0000] {dag.py:3947} INFO - Setting next_dagrun for steam_analytics_daily to 2026-09-10 02:00:00+00:00, run_after=2026-09-11 02:00:00+00:00
[2026-09-10T19:57:57.929+0000] {processor.py:183} INFO - Processing /opt/airflow/dags/steam_analytics.py took 0.202 seconds
[2026-09-10T19:58:28.050+0000] {processor.py:161} INFO - Started process (PID=385) to work on /opt/airflow/dags/steam_analytics.py
[2026-09-10T19:58:28.050+0000] {processor.py:830} INFO - Processing file /opt/airflow/dags/steam_analytics.py for tasks to queue
[2026-09-10T19:58:28.052+0000] {logging_mixin.py:188} INFO - [2026-09-10T19:58:28.051+0000] {dagbag.py:545} INFO - Filling up the DagBag from /opt/airflow/dags/steam_analytics.py
[2026-09-10T19:58:28.180+0000] {processor.py:840} INFO - DAG(s) 'steam_analytics_daily' retrieved from /opt/airflow/dags/steam_analytics.py
[2026-09-10T19:58:28.207+0000] {logging_mixin.py:188} INFO - [2026-09-10T19:58:28.207+0000] {dag.py:3089} INFO - Sync 1 DAGs
[2026-09-10T19:58:28.226+0000] {logging_mixin.py:188} INFO - [2026-09-10T19:58:28.226+0000] {dag.py:3947} INFO - Setting next_dagrun for steam_analytics_daily to 2026-09-10 02:00:00+00:00, run_after=2026-09-11 02:00:00+00:00
[2026-09-10T19:58:28.243+0000] {processor.py:183} INFO - Processing /opt/airflow/dags/steam_analytics.py took 0.197 seconds
[2026-09-10T19:58:58.362+0000] {processor.py:161} INFO - Started process (PID=390) to work on /opt/airflow/dags/steam_analytics.py
[2026-09-10T19:58:58.363+0000] {processor.py:830} INFO - Processing file /opt/airflow/dags/steam_analytics.py for tasks to queue
[2026-09-10T19:58:58.364+0000] {logging_mixin.py:188} INFO - [2026-09-10T19:58:58.364+0000] {dagbag.py:545} INFO - Filling up the DagBag from /opt/airflow/dags/steam_analytics.py
[2026-09-10T19:58:58.494+0000] {processor.py:840} INFO - DAG(s) 'steam_analytics_daily' retrieved from /opt/airflow/dags/steam_analytics.py
[2026-09-10T19:58:58.519+0000] {logging_mixin.py:188} INFO - [2026-09-10T19:58:58.519+0000] {dag.py:3089} INFO - Sync 1 DAGs
[2026-09-10T19:58:58.539+0000] {logging_mixin.py:188} INFO - [2026-09-10T19:58:58.538+0000] {dag.py:3947} INFO - Setting next_dagrun for steam_analytics_daily to 2026-09-10 02:00:00+00:00, run_after=2026-09-11 02:00:00+00:00
[2026-09-10T19:58:58.554+0000] {processor.py:183} INFO - Processing /opt/airflow/dags/steam_analytics.py took 0.196 seconds
[2026-09-10T19:59:28.672+0000] {processor.py:161} INFO - Started process (PID=395) to work on /opt/airflow/dags/steam_analytics.py
[2026-09-10T19:59:28.672+0000] {processor.py:830} INFO - Processing file /opt/airflow/dags/steam_analytics.py for tasks to queue
[2026-09-10T19:59:28.674+0000] {logging_mixin.py:188} INFO - [2026-09-10T19:59:28.673+0000] {dagbag.py:545} INFO - Filling up the DagBag from /opt/airflow/dags/steam_analytics.py
[2026-09-10T19:59:28.847+0000] {processor.py:840} INFO - DAG(s) 'steam_analytics_daily' retrieved from /opt/airflow/dags/steam_analytics.py
[2026-09-10T19:59:28.892+0000] {logging_mixin.py:188} INFO - [2026-09-10T19:59:28.891+0000] {dag.py:3089} INFO - Sync 1 DAGs
[2026-09-10T19:59:28.914+0000] {logging_mixin.py:188} INFO - [2026-09-10T19:59:28.914+0000] {dag.py:3947} INFO - Setting next_dagrun for steam_analytics_daily to 2026-09-10 02:00:00+00:00, run_after=2026-09-11 02:00:00+00:00
[2026-09-10T19:59:28.929+0000] {processor.py:183} INFO - Processing /opt/airflow/dags/steam_analytics.py took 0.262 seconds
[2026-09-10T19:59:59.048+0000] {processor.py:161} INFO - Started process (PID=400) to work on /opt/airflow/dags/steam_analytics.py
[2026-09-10T19:59:59.048+0000] {processor.py:830} INFO - Processing file /opt/airflow/dags/steam_analytics.py for tasks to queue
[2026-09-10T19:59:59.050+0000] {logging_mixin.py:188} INFO - [2026-09-10T19:59:59.049+0000] {dagbag.py:545} INFO - Filling up the DagBag from /opt/airflow/dags/steam_analytics.py
[2026-09-10T19:59:59.181+0000] {processor.py:840} INFO - DAG(s) 'steam_analytics_daily' retrieved from /opt/airflow/dags/steam_analytics.py
[2026-09-10T19:59:59.208+0000] {logging_mixin.py:188} INFO - [2026-09-10T19:59:59.208+0000] {dag.py:3089} INFO - Sync 1 DAGs
[2026-09-10T19:59:59.227+0000] {logging_mixin.py:188} INFO - [2026-09-10T19:59:59.227+0000] {dag.py:3947} INFO - Setting next_dagrun for steam_analytics_daily to 2026-09-10 02:00:00+00:00, run_after=2026-09-11 02:00:00+00:00
[2026-09-10T19:59:59.243+0000] {processor.py:183} INFO - Processing /opt/airflow/dags/steam_analytics.py took 0.199 seconds
[2026-09-10T20:00:29.366+0000] {processor.py:161} INFO - Started process (PID=405) to work on /opt/airflow/dags/steam_analytics.py
[2026-09-10T20:00:29.367+0000] {processor.py:830} INFO - Processing file /opt/airflow/dags/steam_analytics.py for tasks to queue
[2026-09-10T20:00:29.369+0000] {logging_mixin.py:188} INFO - [2026-09-10T20:00:29.368+0000] {dagbag.py:545} INFO - Filling up the DagBag from /opt/airflow/dags/steam_analytics.py
[2026-09-10T20:00:29.515+0000] {processor.py:840} INFO - DAG(s) 'steam_analytics_daily' retrieved from /opt/airflow/dags/steam_analytics.py
[2026-09-10T20:00:29.541+0000] {logging_mixin.py:188} INFO - [2026-09-10T20:00:29.541+0000] {dag.py:3089} INFO - Sync 1 DAGs
[2026-09-10T20:00:29.562+0000] {logging_mixin.py:188} INFO - [2026-09-10T20:00:29.562+0000] {dag.py:3947} INFO - Setting next_dagrun for steam_analytics_daily to 2026-09-10 02:00:00+00:00, run_after=2026-09-11 02:00:00+00:00
[2026-09-10T20:00:29.579+0000] {processor.py:183} INFO - Processing /opt/airflow/dags/steam_analytics.py took 0.218 seconds
[2026-09-10T20:00:59.704+0000] {processor.py:161} INFO - Started process (PID=410) to work on /opt/airflow/dags/steam_analytics.py
[2026-09-10T20:00:59.705+0000] {processor.py:830} INFO - Processing file /opt/airflow/dags/steam_analytics.py for tasks to queue
[2026-09-10T20:00:59.706+0000] {logging_mixin.py:188} INFO - [2026-09-10T20:00:59.706+0000] {dagbag.py:545} INFO - Filling up the DagBag from /opt/airflow/dags/steam_analytics.py
[2026-09-10T20:00:59.847+0000] {processor.py:840} INFO - DAG(s) 'steam_analytics_daily' retrieved from /opt/airflow/dags/steam_analytics.py
[2026-09-10T20:00:59.873+0000] {logging_mixin.py:188} INFO - [2026-09-10T20:00:59.873+0000] {dag.py:3089} INFO - Sync 1 DAGs
[2026-09-10T20:00:59.896+0000] {logging_mixin.py:188} INFO - [2026-09-10T20:00:59.896+0000] {dag.py:3947} INFO - Setting next_dagrun for steam_analytics_daily to 2026-09-10 02:00:00+00:00, run_after=2026-09-11 02:00:00+00:00
[2026-09-10T20:00:59.914+0000] {processor.py:183} INFO - Processing /opt/airflow/dags/steam_analytics.py took 0.215 seconds
[2026-09-10T20:01:30.041+0000] {processor.py:161} INFO - Started process (PID=415) to work on /opt/airflow/dags/steam_analytics.py
[2026-09-10T20:01:30.042+0000] {processor.py:830} INFO - Processing file /opt/airflow/dags/steam_analytics.py for tasks to queue
[2026-09-10T20:01:30.044+0000] {logging_mixin.py:188} INFO - [2026-09-10T20:01:30.043+0000] {dagbag.py:545} INFO - Filling up the DagBag from /opt/airflow/dags/steam_analytics.py
[2026-09-10T20:01:30.175+0000] {processor.py:840} INFO - DAG(s) 'steam_analytics_daily' retrieved from /opt/airflow/dags/steam_analytics.py
[2026-09-10T20:01:30.200+0000] {logging_mixin.py:188} INFO - [2026-09-10T20:01:30.200+0000] {dag.py:3089} INFO - Sync 1 DAGs
[2026-09-10T20:01:30.220+0000] {logging_mixin.py:188} INFO - [2026-09-10T20:01:30.219+0000] {dag.py:3947} INFO - Setting next_dagrun for steam_analytics_daily to 2026-09-10 02:00:00+00:00, run_after=2026-09-11 02:00:00+00:00
[2026-09-10T20:01:30.235+0000] {processor.py:183} INFO - Processing /opt/airflow/dags/steam_analytics.py took 0.198 seconds
[2026-09-10T20:02:00.360+0000] {processor.py:161} INFO - Started process (PID=420) to work on /opt/airflow/dags/steam_analytics.py
[2026-09-10T20:02:00.361+0000] {processor.py:830} INFO - Processing file /opt/airflow/dags/steam_analytics.py for tasks to queue
[2026-09-10T20:02:00.363+0000] {logging_mixin.py:188} INFO - [2026-09-10T20:02:00.362+0000] {dagbag.py:545} INFO - Filling up the DagBag from /opt/airflow/dags/steam_analytics.py
[2026-09-10T20:02:00.513+0000] {processor.py:840} INFO - DAG(s) 'steam_analytics_daily' retrieved from /opt/airflow/dags/steam_analytics.py
[2026-09-10T20:02:00.542+0000] {logging_mixin.py:188} INFO - [2026-09-10T20:02:00.542+0000] {dag.py:3089} INFO - Sync 1 DAGs
[2026-09-10T20:02:00.566+0000] {logging_mixin.py:188} INFO - [2026-09-10T20:02:00.566+0000] {dag.py:3947} INFO - Setting next_dagrun for steam_analytics_daily to 2026-09-10 02:00:00+00:00, run_after=2026-09-11 02:00:00+00:00
[2026-09-10T20:02:00.584+0000] {processor.py:183} INFO - Processing /opt/airflow/dags/steam_analytics.py took 0.229 seconds
[2026-09-10T20:02:30.709+0000] {processor.py:161} INFO - Started process (PID=425) to work on /opt/airflow/dags/steam_analytics.py
[2026-09-10T20:02:30.710+0000] {processor.py:830} INFO - Processing file /opt/airflow/dags/steam_analytics.py for tasks to queue
[2026-09-10T20:02:30.711+0000] {logging_mixin.py:188} INFO - [2026-09-10T20:02:30.711+0000] {dagbag.py:545} INFO - Filling up the DagBag from /opt/airflow/dags/steam_analytics.py
[2026-09-10T20:02:30.843+0000] {processor.py:840} INFO - DAG(s) 'steam_analytics_daily' retrieved from /opt/airflow/dags/steam_analytics.py
[2026-09-10T20:02:30.869+0000] {logging_mixin.py:188} INFO - [2026-09-10T20:02:30.868+0000] {dag.py:3089} INFO - Sync 1 DAGs
[2026-09-10T20:02:30.887+0000] {logging_mixin.py:188} INFO - [2026-09-10T20:02:30.886+0000] {dag.py:3947} INFO - Setting next_dagrun for steam_analytics_daily to 2026-09-10 02:00:00+00:00, run_after=2026-09-11 02:00:00+00:00
[2026-09-10T20:02:30.902+0000] {processor.py:183} INFO - Processing /opt/airflow/dags/steam_analytics.py took 0.198 seconds
[2026-09-10T20:03:01.020+0000] {processor.py:161} INFO - Started process (PID=430) to work on /opt/airflow/dags/steam_analytics.py
[2026-09-10T20:03:01.021+0000] {processor.py:830} INFO - Processing file /opt/airflow/dags/steam_analytics.py for tasks to queue
[2026-09-10T20:03:01.022+0000] {logging_mixin.py:188} INFO - [2026-09-10T20:03:01.022+0000] {dagbag.py:545} INFO - Filling up the DagBag from /opt/airflow/dags/steam_analytics.py
[2026-09-10T20:03:01.173+0000] {processor.py:840} INFO - DAG(s) 'steam_analytics_daily' retrieved from /opt/airflow/dags/steam_analytics.py
[2026-09-10T20:03:01.197+0000] {logging_mixin.py:188} INFO - [2026-09-10T20:03:01.197+0000] {dag.py:3089} INFO - Sync 1 DAGs
[2026-09-10T20:03:01.217+0000] {logging_mixin.py:188} INFO - [2026-09-10T20:03:01.217+0000] {dag.py:3947} INFO - Setting next_dagrun for steam_analytics_daily to 2026-09-10 02:00:00+00:00, run_after=2026-09-11 02:00:00+00:00
[2026-09-10T20:03:01.232+0000] {processor.py:183} INFO - Processing /opt/airflow/dags/steam_analytics.py took 0.216 seconds
[2026-09-10T20:03:31.350+0000] {processor.py:161} INFO - Started process (PID=435) to work on /opt/airflow/dags/steam_analytics.py
[2026-09-10T20:03:31.350+0000] {processor.py:830} INFO - Processing file /opt/airflow/dags/steam_analytics.py for tasks to queue
[2026-09-10T20:03:31.352+0000] {logging_mixin.py:188} INFO - [2026-09-10T20:03:31.351+0000] {dagbag.py:545} INFO - Filling up the DagBag from /opt/airflow/dags/steam_analytics.py
[2026-09-10T20:03:31.482+0000] {processor.py:840} INFO - DAG(s) 'steam_analytics_daily' retrieved from /opt/airflow/dags/steam_analytics.py
[2026-09-10T20:03:31.506+0000] {logging_mixin.py:188} INFO - [2026-09-10T20:03:31.506+0000] {dag.py:3089} INFO - Sync 1 DAGs
[2026-09-10T20:03:31.525+0000] {logging_mixin.py:188} INFO - [2026-09-10T20:03:31.525+0000] {dag.py:3947} INFO - Setting next_dagrun for steam_analytics_daily to 2026-09-10 02:00:00+00:00, run_after=2026-09-11 02:00:00+00:00
[2026-09-10T20:03:31.541+0000] {processor.py:183} INFO - Processing /opt/airflow/dags/steam_analytics.py took 0.195 seconds
[2026-09-10T20:04:01.655+0000] {processor.py:161} INFO - Started process (PID=440) to work on /opt/airflow/dags/steam_analytics.py
[2026-09-10T20:04:01.656+0000] {processor.py:830} INFO - Processing file /opt/airflow/dags/steam_analytics.py for tasks to queue
[2026-09-10T20:04:01.657+0000] {logging_mixin.py:188} INFO - [2026-09-10T20:04:01.657+0000] {dagbag.py:545} INFO - Filling up the DagBag from /opt/airflow/dags/steam_analytics.py
[2026-09-10T20:04:01.790+0000] {processor.py:840} INFO - DAG(s) 'steam_analytics_daily' retrieved from /opt/airflow/dags/steam_analytics.py
[2026-09-10T20:04:01.815+0000] {logging_mixin.py:188} INFO - [2026-09-10T20:04:01.815+0000] {dag.py:3089} INFO - Sync 1 DAGs
[2026-09-10T20:04:01.835+0000] {logging_mixin.py:188} INFO - [2026-09-10T20:04:01.835+0000] {dag.py:3947} INFO - Setting next_dagrun for steam_analytics_daily to 2026-09-10 02:00:00+00:00, run_after=2026-09-11 02:00:00+00:00
[2026-09-10T20:04:01.850+0000] {processor.py:183} INFO - Processing /opt/airflow/dags/steam_analytics.py took 0.200 seconds
[2026-09-10T20:04:31.969+0000] {processor.py:161} INFO - Started process (PID=445) to work on /opt/airflow/dags/steam_analytics.py
[2026-09-10T20:04:31.970+0000] {processor.py:830} INFO - Processing file /opt/airflow/dags/steam_analytics.py for tasks to queue
[2026-09-10T20:04:31.971+0000] {logging_mixin.py:188} INFO - [2026-09-10T20:04:31.971+0000] {dagbag.py:545} INFO - Filling up the DagBag from /opt/airflow/dags/steam_analytics.py
[2026-09-10T20:04:32.121+0000] {processor.py:840} INFO - DAG(s) 'steam_analytics_daily' retrieved from /opt/airflow/dags/steam_analytics.py
[2026-09-10T20:04:32.159+0000] {logging_mixin.py:188} INFO - [2026-09-10T20:04:32.158+0000] {dag.py:3089} INFO - Sync 1 DAGs
[2026-09-10T20:04:32.180+0000] {logging_mixin.py:188} INFO - [2026-09-10T20:04:32.180+0000] {dag.py:3947} INFO - Setting next_dagrun for steam_analytics_daily to 2026-09-10 02:00:00+00:00, run_after=2026-09-11 02:00:00+00:00
[2026-09-10T20:04:32.195+0000] {processor.py:183} INFO - Processing /opt/airflow/dags/steam_analytics.py took 0.230 seconds
[2026-09-10T20:05:02.312+0000] {processor.py:161} INFO - Started process (PID=450) to work on /opt/airflow/dags/steam_analytics.py
[2026-09-10T20:05:02.313+0000] {processor.py:830} INFO - Processing file /opt/airflow/dags/steam_analytics.py for tasks to queue
[2026-09-10T20:05:02.314+0000] {logging_mixin.py:188} INFO - [2026-09-10T20:05:02.314+0000] {dagbag.py:545} INFO - Filling up the DagBag from /opt/airflow/dags/steam_analytics.py
[2026-09-10T20:05:02.443+0000] {processor.py:840} INFO - DAG(s) 'steam_analytics_daily' retrieved from /opt/airflow/dags/steam_analytics.py
[2026-09-10T20:05:02.474+0000] {logging_mixin.py:188} INFO - [2026-09-10T20:05:02.473+0000] {dag.py:3089} INFO - Sync 1 DAGs
[2026-09-10T20:05:02.501+0000] {logging_mixin.py:188} INFO - [2026-09-10T20:05:02.500+0000] {dag.py:3947} INFO - Setting next_dagrun for steam_analytics_daily to 2026-09-10 02:00:00+00:00, run_after=2026-09-11 02:00:00+00:00
[2026-09-10T20:05:02.520+0000] {processor.py:183} INFO - Processing /opt/airflow/dags/steam_analytics.py took 0.212 seconds
[2026-09-10T20:05:32.637+0000] {processor.py:161} INFO - Started process (PID=455) to work on /opt/airflow/dags/steam_analytics.py
[2026-09-10T20:05:32.639+0000] {processor.py:830} INFO - Processing file /opt/airflow/dags/steam_analytics.py for tasks to queue
[2026-09-10T20:05:32.642+0000] {logging_mixin.py:188} INFO - [2026-09-10T20:05:32.641+0000] {dagbag.py:545} INFO - Filling up the DagBag from /opt/airflow/dags/steam_analytics.py
[2026-09-10T20:05:32.784+0000] {processor.py:840} INFO - DAG(s) 'steam_analytics_daily' retrieved from /opt/airflow/dags/steam_analytics.py
[2026-09-10T20:05:32.809+0000] {logging_mixin.py:188} INFO - [2026-09-10T20:05:32.809+0000] {dag.py:3089} INFO - Sync 1 DAGs
[2026-09-10T20:05:32.828+0000] {logging_mixin.py:188} INFO - [2026-09-10T20:05:32.828+0000] {dag.py:3947} INFO - Setting next_dagrun for steam_analytics_daily to 2026-09-10 02:00:00+00:00, run_after=2026-09-11 02:00:00+00:00
[2026-09-10T20:05:32.844+0000] {processor.py:183} INFO - Processing /opt/airflow/dags/steam_analytics.py took 0.212 seconds
[2026-09-10T20:06:02.962+0000] {processor.py:161} INFO - Started process (PID=460) to work on /opt/airflow/dags/steam_analytics.py
[2026-09-10T20:06:02.962+0000] {processor.py:830} INFO - Processing file /opt/airflow/dags/steam_analytics.py for tasks to queue
[2026-09-10T20:06:02.964+0000] {logging_mixin.py:188} INFO - [2026-09-10T20:06:02.964+0000] {dagbag.py:545} INFO - Filling up the DagBag from /opt/airflow/dags/steam_analytics.py
[2026-09-10T20:06:03.095+0000] {processor.py:840} INFO - DAG(s) 'steam_analytics_daily' retrieved from /opt/airflow/dags/steam_analytics.py
[2026-09-10T20:06:03.120+0000] {logging_mixin.py:188} INFO - [2026-09-10T20:06:03.120+0000] {dag.py:3089} INFO - Sync 1 DAGs
[2026-09-10T20:06:03.139+0000] {logging_mixin.py:188} INFO - [2026-09-10T20:06:03.139+0000] {dag.py:3947} INFO - Setting next_dagrun for steam_analytics_daily to 2026-09-10 02:00:00+00:00, run_after=2026-09-11 02:00:00+00:00
[2026-09-10T20:06:03.154+0000] {processor.py:183} INFO - Processing /opt/airflow/dags/steam_analytics.py took 0.197 seconds
[2026-09-10T20:06:33.274+0000] {processor.py:161} INFO - Started process (PID=465) to work on /opt/airflow/dags/steam_analytics.py
[2026-09-10T20:06:33.275+0000] {processor.py:830} INFO - Processing file /opt/airflow/dags/steam_analytics.py for tasks to queue
[2026-09-10T20:06:33.276+0000] {logging_mixin.py:188} INFO - [2026-09-10T20:06:33.276+0000] {dagbag.py:545} INFO - Filling up the DagBag from /opt/airflow/dags/steam_analytics.py
[2026-09-10T20:06:33.416+0000] {processor.py:840} INFO - DAG(s) 'steam_analytics_daily' retrieved from /opt/airflow/dags/steam_analytics.py
[2026-09-10T20:06:33.444+0000] {logging_mixin.py:188} INFO - [2026-09-10T20:06:33.444+0000] {dag.py:3089} INFO - Sync 1 DAGs
[2026-09-10T20:06:33.464+0000] {logging_mixin.py:188} INFO - [2026-09-10T20:06:33.464+0000] {dag.py:3947} INFO - Setting next_dagrun for steam_analytics_daily to 2026-09-10 02:00:00+00:00, run_after=2026-09-11 02:00:00+00:00
[2026-09-10T20:06:33.480+0000] {processor.py:183} INFO - Processing /opt/airflow/dags/steam_analytics.py took 0.213 seconds
[2026-09-10T20:07:03.592+0000] {processor.py:161} INFO - Started process (PID=470) to work on /opt/airflow/dags/steam_analytics.py
[2026-09-10T20:07:03.593+0000] {processor.py:830} INFO - Processing file /opt/airflow/dags/steam_analytics.py for tasks to queue
[2026-09-10T20:07:03.594+0000] {logging_mixin.py:188} INFO - [2026-09-10T20:07:03.594+0000] {dagbag.py:545} INFO - Filling up the DagBag from /opt/airflow/dags/steam_analytics.py
[2026-09-10T20:07:03.723+0000] {processor.py:840} INFO - DAG(s) 'steam_analytics_daily' retrieved from /opt/airflow/dags/steam_analytics.py
[2026-09-10T20:07:03.749+0000] {logging_mixin.py:188} INFO - [2026-09-10T20:07:03.748+0000] {dag.py:3089} INFO - Sync 1 DAGs
[2026-09-10T20:07:03.771+0000] {logging_mixin.py:188} INFO - [2026-09-10T20:07:03.771+0000] {dag.py:3947} INFO - Setting next_dagrun for steam_analytics_daily to 2026-09-10 02:00:00+00:00, run_after=2026-09-11 02:00:00+00:00
[2026-09-10T20:07:03.787+0000] {processor.py:183} INFO - Processing /opt/airflow/dags/steam_analytics.py took 0.199 seconds
[2026-09-10T20:07:33.913+0000] {processor.py:161} INFO - Started process (PID=479) to work on /opt/airflow/dags/steam_analytics.py
[2026-09-10T20:07:33.914+0000] {processor.py:830} INFO - Processing file /opt/airflow/dags/steam_analytics.py for tasks to queue
[2026-09-10T20:07:33.915+0000] {logging_mixin.py:188} INFO - [2026-09-10T20:07:33.915+0000] {dagbag.py:545} INFO - Filling up the DagBag from /opt/airflow/dags/steam_analytics.py
[2026-09-10T20:07:34.050+0000] {processor.py:840} INFO - DAG(s) 'steam_analytics_daily' retrieved from /opt/airflow/dags/steam_analytics.py
[2026-09-10T20:07:34.075+0000] {logging_mixin.py:188} INFO - [2026-09-10T20:07:34.075+0000] {dag.py:3089} INFO - Sync 1 DAGs
[2026-09-10T20:07:34.095+0000] {logging_mixin.py:188} INFO - [2026-09-10T20:07:34.095+0000] {dag.py:3947} INFO - Setting next_dagrun for steam_analytics_daily to 2026-09-10 02:00:00+00:00, run_after=2026-09-11 02:00:00+00:00
[2026-09-10T20:07:34.112+0000] {processor.py:183} INFO - Processing /opt/airflow/dags/steam_analytics.py took 0.203 seconds
[2026-09-10T20:08:04.234+0000] {processor.py:161} INFO - Started process (PID=500) to work on /opt/airflow/dags/steam_analytics.py
[2026-09-10T20:08:04.235+0000] {processor.py:830} INFO - Processing file /opt/airflow/dags/steam_analytics.py for tasks to queue
[2026-09-10T20:08:04.236+0000] {logging_mixin.py:188} INFO - [2026-09-10T20:08:04.236+0000] {dagbag.py:545} INFO - Filling up the DagBag from /opt/airflow/dags/steam_analytics.py
[2026-09-10T20:08:04.367+0000] {processor.py:840} INFO - DAG(s) 'steam_analytics_daily' retrieved from /opt/airflow/dags/steam_analytics.py
[2026-09-10T20:08:04.392+0000] {logging_mixin.py:188} INFO - [2026-09-10T20:08:04.392+0000] {dag.py:3089} INFO - Sync 1 DAGs
[2026-09-10T20:08:04.411+0000] {logging_mixin.py:188} INFO - [2026-09-10T20:08:04.411+0000] {dag.py:3947} INFO - Setting next_dagrun for steam_analytics_daily to 2026-09-10 02:00:00+00:00, run_after=2026-09-11 02:00:00+00:00
[2026-09-10T20:08:04.425+0000] {processor.py:183} INFO - Processing /opt/airflow/dags/steam_analytics.py took 0.196 seconds
[2026-09-10T20:08:34.550+0000] {processor.py:161} INFO - Started process (PID=505) to work on /opt/airflow/dags/steam_analytics.py
[2026-09-10T20:08:34.550+0000] {processor.py:830} INFO - Processing file /opt/airflow/dags/steam_analytics.py for tasks to queue
[2026-09-10T20:08:34.552+0000] {logging_mixin.py:188} INFO - [2026-09-10T20:08:34.552+0000] {dagbag.py:545} INFO - Filling up the DagBag from /opt/airflow/dags/steam_analytics.py
[2026-09-10T20:08:34.711+0000] {processor.py:840} INFO - DAG(s) 'steam_analytics_daily' retrieved from /opt/airflow/dags/steam_analytics.py
[2026-09-10T20:08:34.760+0000] {logging_mixin.py:188} INFO - [2026-09-10T20:08:34.760+0000] {dag.py:3089} INFO - Sync 1 DAGs
[2026-09-10T20:08:34.787+0000] {logging_mixin.py:188} INFO - [2026-09-10T20:08:34.787+0000] {dag.py:3947} INFO - Setting next_dagrun for steam_analytics_daily to 2026-09-10 02:00:00+00:00, run_after=2026-09-11 02:00:00+00:00
[2026-09-10T20:08:34.805+0000] {processor.py:183} INFO - Processing /opt/airflow/dags/steam_analytics.py took 0.260 seconds
[2026-09-10T20:09:04.938+0000] {processor.py:161} INFO - Started process (PID=510) to work on /opt/airflow/dags/steam_analytics.py
[2026-09-10T20:09:04.939+0000] {processor.py:830} INFO - Processing file /opt/airflow/dags/steam_analytics.py for tasks to queue
[2026-09-10T20:09:04.940+0000] {logging_mixin.py:188} INFO - [2026-09-10T20:09:04.940+0000] {dagbag.py:545} INFO - Filling up the DagBag from /opt/airflow/dags/steam_analytics.py
[2026-09-10T20:09:05.075+0000] {processor.py:840} INFO - DAG(s) 'steam_analytics_daily' retrieved from /opt/airflow/dags/steam_analytics.py
[2026-09-10T20:09:05.099+0000] {logging_mixin.py:188} INFO - [2026-09-10T20:09:05.099+0000] {dag.py:3089} INFO - Sync 1 DAGs
[2026-09-10T20:09:05.117+0000] {logging_mixin.py:188} INFO - [2026-09-10T20:09:05.117+0000] {dag.py:3947} INFO - Setting next_dagrun for steam_analytics_daily to 2026-09-10 02:00:00+00:00, run_after=2026-09-11 02:00:00+00:00
[2026-09-10T20:09:05.135+0000] {processor.py:183} INFO - Processing /opt/airflow/dags/steam_analytics.py took 0.202 seconds
[2026-09-10T20:09:35.262+0000] {processor.py:161} INFO - Started process (PID=515) to work on /opt/airflow/dags/steam_analytics.py
[2026-09-10T20:09:35.262+0000] {processor.py:830} INFO - Processing file /opt/airflow/dags/steam_analytics.py for tasks to queue
[2026-09-10T20:09:35.264+0000] {logging_mixin.py:188} INFO - [2026-09-10T20:09:35.264+0000] {dagbag.py:545} INFO - Filling up the DagBag from /opt/airflow/dags/steam_analytics.py
[2026-09-10T20:09:35.404+0000] {processor.py:840} INFO - DAG(s) 'steam_analytics_daily' retrieved from /opt/airflow/dags/steam_analytics.py
[2026-09-10T20:09:35.429+0000] {logging_mixin.py:188} INFO - [2026-09-10T20:09:35.429+0000] {dag.py:3089} INFO - Sync 1 DAGs
[2026-09-10T20:09:35.451+0000] {logging_mixin.py:188} INFO - [2026-09-10T20:09:35.451+0000] {dag.py:3947} INFO - Setting next_dagrun for steam_analytics_daily to 2026-09-10 02:00:00+00:00, run_after=2026-09-11 02:00:00+00:00
[2026-09-10T20:09:35.469+0000] {processor.py:183} INFO - Processing /opt/airflow/dags/steam_analytics.py took 0.213 seconds
[2026-09-10T20:10:05.583+0000] {processor.py:161} INFO - Started process (PID=520) to work on /opt/airflow/dags/steam_analytics.py
[2026-09-10T20:10:05.583+0000] {processor.py:830} INFO - Processing file /opt/airflow/dags/steam_analytics.py for tasks to queue
[2026-09-10T20:10:05.585+0000] {logging_mixin.py:188} INFO - [2026-09-10T20:10:05.584+0000] {dagbag.py:545} INFO - Filling up the DagBag from /opt/airflow/dags/steam_analytics.py
[2026-09-10T20:10:05.711+0000] {processor.py:840} INFO - DAG(s) 'steam_analytics_daily' retrieved from /opt/airflow/dags/steam_analytics.py
[2026-09-10T20:10:05.739+0000] {logging_mixin.py:188} INFO - [2026-09-10T20:10:05.739+0000] {dag.py:3089} INFO - Sync 1 DAGs
[2026-09-10T20:10:05.763+0000] {logging_mixin.py:188} INFO - [2026-09-10T20:10:05.763+0000] {dag.py:3947} INFO - Setting next_dagrun for steam_analytics_daily to 2026-09-10 02:00:00+00:00, run_after=2026-09-11 02:00:00+00:00
[2026-09-10T20:10:05.779+0000] {processor.py:183} INFO - Processing /opt/airflow/dags/steam_analytics.py took 0.201 seconds
[2026-09-10T20:10:35.943+0000] {processor.py:161} INFO - Started process (PID=525) to work on /opt/airflow/dags/steam_analytics.py
[2026-09-10T20:10:35.944+0000] {processor.py:830} INFO - Processing file /opt/airflow/dags/steam_analytics.py for tasks to queue
[2026-09-10T20:10:35.945+0000] {logging_mixin.py:188} INFO - [2026-09-10T20:10:35.945+0000] {dagbag.py:545} INFO - Filling up the DagBag from /opt/airflow/dags/steam_analytics.py
[2026-09-10T20:10:36.083+0000] {processor.py:840} INFO - DAG(s) 'steam_analytics_daily' retrieved from /opt/airflow/dags/steam_analytics.py
[2026-09-10T20:10:36.113+0000] {logging_mixin.py:188} INFO - [2026-09-10T20:10:36.113+0000] {dag.py:3089} INFO - Sync 1 DAGs
[2026-09-10T20:10:36.134+0000] {logging_mixin.py:188} INFO - [2026-09-10T20:10:36.134+0000] {dag.py:3947} INFO - Setting next_dagrun for steam_analytics_daily to 2026-09-10 02:00:00+00:00, run_after=2026-09-11 02:00:00+00:00
[2026-09-10T20:10:36.150+0000] {processor.py:183} INFO - Processing /opt/airflow/dags/steam_analytics.py took 0.213 seconds
[2026-09-10T20:11:06.649+0000] {processor.py:161} INFO - Started process (PID=530) to work on /opt/airflow/dags/steam_analytics.py
[2026-09-10T20:11:06.651+0000] {processor.py:830} INFO - Processing file /opt/airflow/dags/steam_analytics.py for tasks to queue
[2026-09-10T20:11:06.675+0000] {logging_mixin.py:188} INFO - [2026-09-10T20:11:06.674+0000] {dagbag.py:545} INFO - Filling up the DagBag from /opt/airflow/dags/steam_analytics.py
[2026-09-10T20:11:07.272+0000] {processor.py:840} INFO - DAG(s) 'steam_analytics_daily' retrieved from /opt/airflow/dags/steam_analytics.py
[2026-09-10T20:11:07.373+0000] {logging_mixin.py:188} INFO - [2026-09-10T20:11:07.373+0000] {dag.py:3089} INFO - Sync 1 DAGs
[2026-09-10T20:11:07.450+0000] {logging_mixin.py:188} INFO - [2026-09-10T20:11:07.450+0000] {dag.py:3947} INFO - Setting next_dagrun for steam_analytics_daily to 2026-09-10 02:00:00+00:00, run_after=2026-09-11 02:00:00+00:00
[2026-09-10T20:11:07.495+0000] {processor.py:183} INFO - Processing /opt/airflow/dags/steam_analytics.py took 0.942 seconds
[2026-09-10T20:11:37.673+0000] {processor.py:161} INFO - Started process (PID=535) to work on /opt/airflow/dags/steam_analytics.py
[2026-09-10T20:11:37.674+0000] {processor.py:830} INFO - Processing file /opt/airflow/dags/steam_analytics.py for tasks to queue
[2026-09-10T20:11:37.677+0000] {logging_mixin.py:188} INFO - [2026-09-10T20:11:37.676+0000] {dagbag.py:545} INFO - Filling up the DagBag from /opt/airflow/dags/steam_analytics.py
[2026-09-10T20:11:37.892+0000] {processor.py:840} INFO - DAG(s) 'steam_analytics_daily' retrieved from /opt/airflow/dags/steam_analytics.py
[2026-09-10T20:11:37.935+0000] {logging_mixin.py:188} INFO - [2026-09-10T20:11:37.935+0000] {dag.py:3089} INFO - Sync 1 DAGs
[2026-09-10T20:11:37.977+0000] {logging_mixin.py:188} INFO - [2026-09-10T20:11:37.977+0000] {dag.py:3947} INFO - Setting next_dagrun for steam_analytics_daily to 2026-09-10 02:00:00+00:00, run_after=2026-09-11 02:00:00+00:00
[2026-09-10T20:11:38.009+0000] {processor.py:183} INFO - Processing /opt/airflow/dags/steam_analytics.py took 0.346 seconds
[2026-09-10T20:12:08.149+0000] {processor.py:161} INFO - Started process (PID=540) to work on /opt/airflow/dags/steam_analytics.py
[2026-09-10T20:12:08.150+0000] {processor.py:830} INFO - Processing file /opt/airflow/dags/steam_analytics.py for tasks to queue
[2026-09-10T20:12:08.151+0000] {logging_mixin.py:188} INFO - [2026-09-10T20:12:08.151+0000] {dagbag.py:545} INFO - Filling up the DagBag from /opt/airflow/dags/steam_analytics.py
[2026-09-10T20:12:08.281+0000] {processor.py:840} INFO - DAG(s) 'steam_analytics_daily' retrieved from /opt/airflow/dags/steam_analytics.py
[2026-09-10T20:12:08.307+0000] {logging_mixin.py:188} INFO - [2026-09-10T20:12:08.307+0000] {dag.py:3089} INFO - Sync 1 DAGs
[2026-09-10T20:12:08.343+0000] {logging_mixin.py:188} INFO - [2026-09-10T20:12:08.342+0000] {dag.py:3947} INFO - Setting next_dagrun for steam_analytics_daily to 2026-09-10 02:00:00+00:00, run_after=2026-09-11 02:00:00+00:00
[2026-09-10T20:12:08.365+0000] {processor.py:183} INFO - Processing /opt/airflow/dags/steam_analytics.py took 0.220 seconds
[2026-09-10T20:12:38.502+0000] {processor.py:161} INFO - Started process (PID=545) to work on /opt/airflow/dags/steam_analytics.py
[2026-09-10T20:12:38.503+0000] {processor.py:830} INFO - Processing file /opt/airflow/dags/steam_analytics.py for tasks to queue
[2026-09-10T20:12:38.505+0000] {logging_mixin.py:188} INFO - [2026-09-10T20:12:38.504+0000] {dagbag.py:545} INFO - Filling up the DagBag from /opt/airflow/dags/steam_analytics.py
[2026-09-10T20:12:38.646+0000] {processor.py:840} INFO - DAG(s) 'steam_analytics_daily' retrieved from /opt/airflow/dags/steam_analytics.py
[2026-09-10T20:12:38.672+0000] {logging_mixin.py:188} INFO - [2026-09-10T20:12:38.672+0000] {dag.py:3089} INFO - Sync 1 DAGs
[2026-09-10T20:12:38.691+0000] {logging_mixin.py:188} INFO - [2026-09-10T20:12:38.691+0000] {dag.py:3947} INFO - Setting next_dagrun for steam_analytics_daily to 2026-09-10 02:00:00+00:00, run_after=2026-09-11 02:00:00+00:00
[2026-09-10T20:12:38.713+0000] {processor.py:183} INFO - Processing /opt/airflow/dags/steam_analytics.py took 0.217 seconds
[2026-09-10T20:13:08.839+0000] {processor.py:161} INFO - Started process (PID=550) to work on /opt/airflow/dags/steam_analytics.py
[2026-09-10T20:13:08.840+0000] {processor.py:830} INFO - Processing file /opt/airflow/dags/steam_analytics.py for tasks to queue
[2026-09-10T20:13:08.841+0000] {logging_mixin.py:188} INFO - [2026-09-10T20:13:08.841+0000] {dagbag.py:545} INFO - Filling up the DagBag from /opt/airflow/dags/steam_analytics.py
[2026-09-10T20:13:08.975+0000] {processor.py:840} INFO - DAG(s) 'steam_analytics_daily' retrieved from /opt/airflow/dags/steam_analytics.py
[2026-09-10T20:13:09.001+0000] {logging_mixin.py:188} INFO - [2026-09-10T20:13:09.001+0000] {dag.py:3089} INFO - Sync 1 DAGs
[2026-09-10T20:13:09.021+0000] {logging_mixin.py:188} INFO - [2026-09-10T20:13:09.021+0000] {dag.py:3947} INFO - Setting next_dagrun for steam_analytics_daily to 2026-09-10 02:00:00+00:00, run_after=2026-09-11 02:00:00+00:00
[2026-09-10T20:13:09.039+0000] {processor.py:183} INFO - Processing /opt/airflow/dags/steam_analytics.py took 0.205 seconds
[2026-09-10T20:13:39.168+0000] {processor.py:161} INFO - Started process (PID=555) to work on /opt/airflow/dags/steam_analytics.py
[2026-09-10T20:13:39.169+0000] {processor.py:830} INFO - Processing file /opt/airflow/dags/steam_analytics.py for tasks to queue
[2026-09-10T20:13:39.171+0000] {logging_mixin.py:188} INFO - [2026-09-10T20:13:39.170+0000] {dagbag.py:545} INFO - Filling up the DagBag from /opt/airflow/dags/steam_analytics.py
[2026-09-10T20:13:39.326+0000] {processor.py:840} INFO - DAG(s) 'steam_analytics_daily' retrieved from /opt/airflow/dags/steam_analytics.py
[2026-09-10T20:13:39.356+0000] {logging_mixin.py:188} INFO - [2026-09-10T20:13:39.356+0000] {dag.py:3089} INFO - Sync 1 DAGs
[2026-09-10T20:13:39.379+0000] {logging_mixin.py:188} INFO - [2026-09-10T20:13:39.379+0000] {dag.py:3947} INFO - Setting next_dagrun for steam_analytics_daily to 2026-09-10 02:00:00+00:00, run_after=2026-09-11 02:00:00+00:00
[2026-09-10T20:13:39.399+0000] {processor.py:183} INFO - Processing /opt/airflow/dags/steam_analytics.py took 0.235 seconds
[2026-09-10T20:14:09.528+0000] {processor.py:161} INFO - Started process (PID=560) to work on /opt/airflow/dags/steam_analytics.py
[2026-09-10T20:14:09.529+0000] {processor.py:830} INFO - Processing file /opt/airflow/dags/steam_analytics.py for tasks to queue
[2026-09-10T20:14:09.530+0000] {logging_mixin.py:188} INFO - [2026-09-10T20:14:09.530+0000] {dagbag.py:545} INFO - Filling up the DagBag from /opt/airflow/dags/steam_analytics.py
[2026-09-10T20:14:09.704+0000] {processor.py:840} INFO - DAG(s) 'steam_analytics_daily' retrieved from /opt/airflow/dags/steam_analytics.py
[2026-09-10T20:14:09.731+0000] {logging_mixin.py:188} INFO - [2026-09-10T20:14:09.730+0000] {dag.py:3089} INFO - Sync 1 DAGs
[2026-09-10T20:14:09.752+0000] {logging_mixin.py:188} INFO - [2026-09-10T20:14:09.751+0000] {dag.py:3947} INFO - Setting next_dagrun for steam_analytics_daily to 2026-09-10 02:00:00+00:00, run_after=2026-09-11 02:00:00+00:00
[2026-09-10T20:14:09.767+0000] {processor.py:183} INFO - Processing /opt/airflow/dags/steam_analytics.py took 0.244 seconds
[2026-09-10T20:14:39.892+0000] {processor.py:161} INFO - Started process (PID=565) to work on /opt/airflow/dags/steam_analytics.py
[2026-09-10T20:14:39.893+0000] {processor.py:830} INFO - Processing file /opt/airflow/dags/steam_analytics.py for tasks to queue
[2026-09-10T20:14:39.894+0000] {logging_mixin.py:188} INFO - [2026-09-10T20:14:39.894+0000] {dagbag.py:545} INFO - Filling up the DagBag from /opt/airflow/dags/steam_analytics.py
[2026-09-10T20:14:40.073+0000] {processor.py:840} INFO - DAG(s) 'steam_analytics_daily' retrieved from /opt/airflow/dags/steam_analytics.py
[2026-09-10T20:14:40.107+0000] {logging_mixin.py:188} INFO - [2026-09-10T20:14:40.107+0000] {dag.py:3089} INFO - Sync 1 DAGs
[2026-09-10T20:14:40.131+0000] {logging_mixin.py:188} INFO - [2026-09-10T20:14:40.130+0000] {dag.py:3947} INFO - Setting next_dagrun for steam_analytics_daily to 2026-09-10 02:00:00+00:00, run_after=2026-09-11 02:00:00+00:00
[2026-09-10T20:14:40.155+0000] {processor.py:183} INFO - Processing /opt/airflow/dags/steam_analytics.py took 0.268 seconds
[2026-09-10T20:15:10.279+0000] {processor.py:161} INFO - Started process (PID=570) to work on /opt/airflow/dags/steam_analytics.py
[2026-09-10T20:15:10.280+0000] {processor.py:830} INFO - Processing file /opt/airflow/dags/steam_analytics.py for tasks to queue
[2026-09-10T20:15:10.281+0000] {logging_mixin.py:188} INFO - [2026-09-10T20:15:10.281+0000] {dagbag.py:545} INFO - Filling up the DagBag from /opt/airflow/dags/steam_analytics.py
[2026-09-10T20:15:10.427+0000] {processor.py:840} INFO - DAG(s) 'steam_analytics_daily' retrieved from /opt/airflow/dags/steam_analytics.py
[2026-09-10T20:15:10.453+0000] {logging_mixin.py:188} INFO - [2026-09-10T20:15:10.453+0000] {dag.py:3089} INFO - Sync 1 DAGs
[2026-09-10T20:15:10.473+0000] {logging_mixin.py:188} INFO - [2026-09-10T20:15:10.473+0000] {dag.py:3947} INFO - Setting next_dagrun for steam_analytics_daily to 2026-09-10 02:00:00+00:00, run_after=2026-09-11 02:00:00+00:00
[2026-09-10T20:15:10.490+0000] {processor.py:183} INFO - Processing /opt/airflow/dags/steam_analytics.py took 0.215 seconds
[2026-09-10T20:15:40.611+0000] {processor.py:161} INFO - Started process (PID=575) to work on /opt/airflow/dags/steam_analytics.py
[2026-09-10T20:15:40.612+0000] {processor.py:830} INFO - Processing file /opt/airflow/dags/steam_analytics.py for tasks to queue
[2026-09-10T20:15:40.613+0000] {logging_mixin.py:188} INFO - [2026-09-10T20:15:40.613+0000] {dagbag.py:545} INFO - Filling up the DagBag from /opt/airflow/dags/steam_analytics.py
[2026-09-10T20:15:40.745+0000] {processor.py:840} INFO - DAG(s) 'steam_analytics_daily' retrieved from /opt/airflow/dags/steam_analytics.py
[2026-09-10T20:15:40.768+0000] {logging_mixin.py:188} INFO - [2026-09-10T20:15:40.768+0000] {dag.py:3089} INFO - Sync 1 DAGs
[2026-09-10T20:15:40.786+0000] {logging_mixin.py:188} INFO - [2026-09-10T20:15:40.786+0000] {dag.py:3947} INFO - Setting next_dagrun for steam_analytics_daily to 2026-09-10 02:00:00+00:00, run_after=2026-09-11 02:00:00+00:00
[2026-09-10T20:15:40.802+0000] {processor.py:183} INFO - Processing /opt/airflow/dags/steam_analytics.py took 0.195 seconds
[2026-09-10T20:16:10.920+0000] {processor.py:161} INFO - Started process (PID=580) to work on /opt/airflow/dags/steam_analytics.py
[2026-09-10T20:16:10.921+0000] {processor.py:830} INFO - Processing file /opt/airflow/dags/steam_analytics.py for tasks to queue
[2026-09-10T20:16:10.922+0000] {logging_mixin.py:188} INFO - [2026-09-10T20:16:10.922+0000] {dagbag.py:545} INFO - Filling up the DagBag from /opt/airflow/dags/steam_analytics.py
[2026-09-10T20:16:11.058+0000] {processor.py:840} INFO - DAG(s) 'steam_analytics_daily' retrieved from /opt/airflow/dags/steam_analytics.py
[2026-09-10T20:16:11.084+0000] {logging_mixin.py:188} INFO - [2026-09-10T20:16:11.083+0000] {dag.py:3089} INFO - Sync 1 DAGs
[2026-09-10T20:16:11.113+0000] {logging_mixin.py:188} INFO - [2026-09-10T20:16:11.113+0000] {dag.py:3947} INFO - Setting next_dagrun for steam_analytics_daily to 2026-09-10 02:00:00+00:00, run_after=2026-09-11 02:00:00+00:00
[2026-09-10T20:16:11.132+0000] {processor.py:183} INFO - Processing /opt/airflow/dags/steam_analytics.py took 0.217 seconds
[2026-09-10T20:16:41.257+0000] {processor.py:161} INFO - Started process (PID=585) to work on /opt/airflow/dags/steam_analytics.py
[2026-09-10T20:16:41.258+0000] {processor.py:830} INFO - Processing file /opt/airflow/dags/steam_analytics.py for tasks to queue
[2026-09-10T20:16:41.260+0000] {logging_mixin.py:188} INFO - [2026-09-10T20:16:41.259+0000] {dagbag.py:545} INFO - Filling up the DagBag from /opt/airflow/dags/steam_analytics.py
[2026-09-10T20:16:41.409+0000] {processor.py:840} INFO - DAG(s) 'steam_analytics_daily' retrieved from /opt/airflow/dags/steam_analytics.py
[2026-09-10T20:16:41.437+0000] {logging_mixin.py:188} INFO - [2026-09-10T20:16:41.437+0000] {dag.py:3089} INFO - Sync 1 DAGs
[2026-09-10T20:16:41.460+0000] {logging_mixin.py:188} INFO - [2026-09-10T20:16:41.460+0000] {dag.py:3947} INFO - Setting next_dagrun for steam_analytics_daily to 2026-09-10 02:00:00+00:00, run_after=2026-09-11 02:00:00+00:00
[2026-09-10T20:16:41.479+0000] {processor.py:183} INFO - Processing /opt/airflow/dags/steam_analytics.py took 0.227 seconds
[2026-09-10T20:17:11.614+0000] {processor.py:161} INFO - Started process (PID=590) to work on /opt/airflow/dags/steam_analytics.py
[2026-09-10T20:17:11.615+0000] {processor.py:830} INFO - Processing file /opt/airflow/dags/steam_analytics.py for tasks to queue
[2026-09-10T20:17:11.617+0000] {logging_mixin.py:188} INFO - [2026-09-10T20:17:11.617+0000] {dagbag.py:545} INFO - Filling up the DagBag from /opt/airflow/dags/steam_analytics.py
[2026-09-10T20:17:11.758+0000] {processor.py:840} INFO - DAG(s) 'steam_analytics_daily' retrieved from /opt/airflow/dags/steam_analytics.py
[2026-09-10T20:17:11.784+0000] {logging_mixin.py:188} INFO - [2026-09-10T20:17:11.783+0000] {dag.py:3089} INFO - Sync 1 DAGs
[2026-09-10T20:17:11.805+0000] {logging_mixin.py:188} INFO - [2026-09-10T20:17:11.805+0000] {dag.py:3947} INFO - Setting next_dagrun for steam_analytics_daily to 2026-09-10 02:00:00+00:00, run_after=2026-09-11 02:00:00+00:00
[2026-09-10T20:17:11.829+0000] {processor.py:183} INFO - Processing /opt/airflow/dags/steam_analytics.py took 0.219 seconds
[2026-09-10T20:17:41.960+0000] {processor.py:161} INFO - Started process (PID=595) to work on /opt/airflow/dags/steam_analytics.py
[2026-09-10T20:17:41.961+0000] {processor.py:830} INFO - Processing file /opt/airflow/dags/steam_analytics.py for tasks to queue
[2026-09-10T20:17:41.963+0000] {logging_mixin.py:188} INFO - [2026-09-10T20:17:41.963+0000] {dagbag.py:545} INFO - Filling up the DagBag from /opt/airflow/dags/steam_analytics.py
[2026-09-10T20:17:42.118+0000] {processor.py:840} INFO - DAG(s) 'steam_analytics_daily' retrieved from /opt/airflow/dags/steam_analytics.py
[2026-09-10T20:17:42.144+0000] {logging_mixin.py:188} INFO - [2026-09-10T20:17:42.144+0000] {dag.py:3089} INFO - Sync 1 DAGs
[2026-09-10T20:17:42.164+0000] {logging_mixin.py:188} INFO - [2026-09-10T20:17:42.164+0000] {dag.py:3947} INFO - Setting next_dagrun for steam_analytics_daily to 2026-09-10 02:00:00+00:00, run_after=2026-09-11 02:00:00+00:00
[2026-09-10T20:17:42.182+0000] {processor.py:183} INFO - Processing /opt/airflow/dags/steam_analytics.py took 0.227 seconds
[2026-09-10T20:18:12.311+0000] {processor.py:161} INFO - Started process (PID=600) to work on /opt/airflow/dags/steam_analytics.py
[2026-09-10T20:18:12.312+0000] {processor.py:830} INFO - Processing file /opt/airflow/dags/steam_analytics.py for tasks to queue
[2026-09-10T20:18:12.313+0000] {logging_mixin.py:188} INFO - [2026-09-10T20:18:12.313+0000] {dagbag.py:545} INFO - Filling up the DagBag from /opt/airflow/dags/steam_analytics.py
[2026-09-10T20:18:12.449+0000] {processor.py:840} INFO - DAG(s) 'steam_analytics_daily' retrieved from /opt/airflow/dags/steam_analytics.py
[2026-09-10T20:18:12.475+0000] {logging_mixin.py:188} INFO - [2026-09-10T20:18:12.475+0000] {dag.py:3089} INFO - Sync 1 DAGs
[2026-09-10T20:18:12.496+0000] {logging_mixin.py:188} INFO - [2026-09-10T20:18:12.496+0000] {dag.py:3947} INFO - Setting next_dagrun for steam_analytics_daily to 2026-09-10 02:00:00+00:00, run_after=2026-09-11 02:00:00+00:00
[2026-09-10T20:18:12.513+0000] {processor.py:183} INFO - Processing /opt/airflow/dags/steam_analytics.py took 0.206 seconds
[2026-09-10T20:18:42.637+0000] {processor.py:161} INFO - Started process (PID=605) to work on /opt/airflow/dags/steam_analytics.py
[2026-09-10T20:18:42.638+0000] {processor.py:830} INFO - Processing file /opt/airflow/dags/steam_analytics.py for tasks to queue
[2026-09-10T20:18:42.639+0000] {logging_mixin.py:188} INFO - [2026-09-10T20:18:42.639+0000] {dagbag.py:545} INFO - Filling up the DagBag from /opt/airflow/dags/steam_analytics.py
[2026-09-10T20:18:42.768+0000] {processor.py:840} INFO - DAG(s) 'steam_analytics_daily' retrieved from /opt/airflow/dags/steam_analytics.py
[2026-09-10T20:18:42.793+0000] {logging_mixin.py:188} INFO - [2026-09-10T20:18:42.793+0000] {dag.py:3089} INFO - Sync 1 DAGs
[2026-09-10T20:18:42.813+0000] {logging_mixin.py:188} INFO - [2026-09-10T20:18:42.813+0000] {dag.py:3947} INFO - Setting next_dagrun for steam_analytics_daily to 2026-09-10 02:00:00+00:00, run_after=2026-09-11 02:00:00+00:00
[2026-09-10T20:18:42.829+0000] {processor.py:183} INFO - Processing /opt/airflow/dags/steam_analytics.py took 0.196 seconds
[2026-09-10T20:19:12.954+0000] {processor.py:161} INFO - Started process (PID=610) to work on /opt/airflow/dags/steam_analytics.py
[2026-09-10T20:19:12.955+0000] {processor.py:830} INFO - Processing file /opt/airflow/dags/steam_analytics.py for tasks to queue
[2026-09-10T20:19:12.958+0000] {logging_mixin.py:188} INFO - [2026-09-10T20:19:12.957+0000] {dagbag.py:545} INFO - Filling up the DagBag from /opt/airflow/dags/steam_analytics.py
[2026-09-10T20:19:13.107+0000] {processor.py:840} INFO - DAG(s) 'steam_analytics_daily' retrieved from /opt/airflow/dags/steam_analytics.py
[2026-09-10T20:19:13.138+0000] {logging_mixin.py:188} INFO - [2026-09-10T20:19:13.138+0000] {dag.py:3089} INFO - Sync 1 DAGs
[2026-09-10T20:19:13.163+0000] {logging_mixin.py:188} INFO - [2026-09-10T20:19:13.163+0000] {dag.py:3947} INFO - Setting next_dagrun for steam_analytics_daily to 2026-09-10 02:00:00+00:00, run_after=2026-09-11 02:00:00+00:00
[2026-09-10T20:19:13.182+0000] {processor.py:183} INFO - Processing /opt/airflow/dags/steam_analytics.py took 0.233 seconds
[2026-09-10T20:19:43.311+0000] {processor.py:161} INFO - Started process (PID=615) to work on /opt/airflow/dags/steam_analytics.py
[2026-09-10T20:19:43.311+0000] {processor.py:830} INFO - Processing file /opt/airflow/dags/steam_analytics.py for tasks to queue
[2026-09-10T20:19:43.315+0000] {logging_mixin.py:188} INFO - [2026-09-10T20:19:43.314+0000] {dagbag.py:545} INFO - Filling up the DagBag from /opt/airflow/dags/steam_analytics.py
[2026-09-10T20:19:43.458+0000] {processor.py:840} INFO - DAG(s) 'steam_analytics_daily' retrieved from /opt/airflow/dags/steam_analytics.py
[2026-09-10T20:19:43.496+0000] {logging_mixin.py:188} INFO - [2026-09-10T20:19:43.496+0000] {dag.py:3089} INFO - Sync 1 DAGs
[2026-09-10T20:19:43.521+0000] {logging_mixin.py:188} INFO - [2026-09-10T20:19:43.521+0000] {dag.py:3947} INFO - Setting next_dagrun for steam_analytics_daily to 2026-09-10 02:00:00+00:00, run_after=2026-09-11 02:00:00+00:00
[2026-09-10T20:19:43.538+0000] {processor.py:183} INFO - Processing /opt/airflow/dags/steam_analytics.py took 0.234 seconds
[2026-09-10T20:20:13.659+0000] {processor.py:161} INFO - Started process (PID=620) to work on /opt/airflow/dags/steam_analytics.py
[2026-09-10T20:20:13.660+0000] {processor.py:830} INFO - Processing file /opt/airflow/dags/steam_analytics.py for tasks to queue
[2026-09-10T20:20:13.661+0000] {logging_mixin.py:188} INFO - [2026-09-10T20:20:13.661+0000] {dagbag.py:545} INFO - Filling up the DagBag from /opt/airflow/dags/steam_analytics.py
[2026-09-10T20:20:13.799+0000] {processor.py:840} INFO - DAG(s) 'steam_analytics_daily' retrieved from /opt/airflow/dags/steam_analytics.py
[2026-09-10T20:20:13.835+0000] {logging_mixin.py:188} INFO - [2026-09-10T20:20:13.835+0000] {dag.py:3089} INFO - Sync 1 DAGs
[2026-09-10T20:20:13.864+0000] {logging_mixin.py:188} INFO - [2026-09-10T20:20:13.864+0000] {dag.py:3947} INFO - Setting next_dagrun for steam_analytics_daily to 2026-09-10 02:00:00+00:00, run_after=2026-09-11 02:00:00+00:00
[2026-09-10T20:20:13.883+0000] {processor.py:183} INFO - Processing /opt/airflow/dags/steam_analytics.py took 0.228 seconds
[2026-09-10T20:20:44.006+0000] {processor.py:161} INFO - Started process (PID=625) to work on /opt/airflow/dags/steam_analytics.py
[2026-09-10T20:20:44.006+0000] {processor.py:830} INFO - Processing file /opt/airflow/dags/steam_analytics.py for tasks to queue
[2026-09-10T20:20:44.008+0000] {logging_mixin.py:188} INFO - [2026-09-10T20:20:44.007+0000] {dagbag.py:545} INFO - Filling up the DagBag from /opt/airflow/dags/steam_analytics.py
[2026-09-10T20:20:44.141+0000] {processor.py:840} INFO - DAG(s) 'steam_analytics_daily' retrieved from /opt/airflow/dags/steam_analytics.py
[2026-09-10T20:20:44.166+0000] {logging_mixin.py:188} INFO - [2026-09-10T20:20:44.166+0000] {dag.py:3089} INFO - Sync 1 DAGs
[2026-09-10T20:20:44.191+0000] {logging_mixin.py:188} INFO - [2026-09-10T20:20:44.190+0000] {dag.py:3947} INFO - Setting next_dagrun for steam_analytics_daily to 2026-09-10 02:00:00+00:00, run_after=2026-09-11 02:00:00+00:00
[2026-09-10T20:20:44.206+0000] {processor.py:183} INFO - Processing /opt/airflow/dags/steam_analytics.py took 0.205 seconds
[2026-09-10T20:21:14.335+0000] {processor.py:161} INFO - Started process (PID=630) to work on /opt/airflow/dags/steam_analytics.py
[2026-09-10T20:21:14.336+0000] {processor.py:830} INFO - Processing file /opt/airflow/dags/steam_analytics.py for tasks to queue
[2026-09-10T20:21:14.339+0000] {logging_mixin.py:188} INFO - [2026-09-10T20:21:14.338+0000] {dagbag.py:545} INFO - Filling up the DagBag from /opt/airflow/dags/steam_analytics.py
[2026-09-10T20:21:14.499+0000] {processor.py:840} INFO - DAG(s) 'steam_analytics_daily' retrieved from /opt/airflow/dags/steam_analytics.py
[2026-09-10T20:21:14.532+0000] {logging_mixin.py:188} INFO - [2026-09-10T20:21:14.532+0000] {dag.py:3089} INFO - Sync 1 DAGs
[2026-09-10T20:21:14.560+0000] {logging_mixin.py:188} INFO - [2026-09-10T20:21:14.560+0000] {dag.py:3947} INFO - Setting next_dagrun for steam_analytics_daily to 2026-09-10 02:00:00+00:00, run_after=2026-09-11 02:00:00+00:00
[2026-09-10T20:21:14.579+0000] {processor.py:183} INFO - Processing /opt/airflow/dags/steam_analytics.py took 0.252 seconds
[2026-09-10T20:21:44.703+0000] {processor.py:161} INFO - Started process (PID=635) to work on /opt/airflow/dags/steam_analytics.py
[2026-09-10T20:21:44.704+0000] {processor.py:830} INFO - Processing file /opt/airflow/dags/steam_analytics.py for tasks to queue
[2026-09-10T20:21:44.705+0000] {logging_mixin.py:188} INFO - [2026-09-10T20:21:44.705+0000] {dagbag.py:545} INFO - Filling up the DagBag from /opt/airflow/dags/steam_analytics.py
[2026-09-10T20:21:44.833+0000] {processor.py:840} INFO - DAG(s) 'steam_analytics_daily' retrieved from /opt/airflow/dags/steam_analytics.py
[2026-09-10T20:21:44.858+0000] {logging_mixin.py:188} INFO - [2026-09-10T20:21:44.858+0000] {dag.py:3089} INFO - Sync 1 DAGs
[2026-09-10T20:21:44.877+0000] {logging_mixin.py:188} INFO - [2026-09-10T20:21:44.877+0000] {dag.py:3947} INFO - Setting next_dagrun for steam_analytics_daily to 2026-09-10 02:00:00+00:00, run_after=2026-09-11 02:00:00+00:00
[2026-09-10T20:21:44.894+0000] {processor.py:183} INFO - Processing /opt/airflow/dags/steam_analytics.py took 0.196 seconds
[2026-09-10T20:22:15.007+0000] {processor.py:161} INFO - Started process (PID=640) to work on /opt/airflow/dags/steam_analytics.py
[2026-09-10T20:22:15.008+0000] {processor.py:830} INFO - Processing file /opt/airflow/dags/steam_analytics.py for tasks to queue
[2026-09-10T20:22:15.009+0000] {logging_mixin.py:188} INFO - [2026-09-10T20:22:15.009+0000] {dagbag.py:545} INFO - Filling up the DagBag from /opt/airflow/dags/steam_analytics.py
[2026-09-10T20:22:15.135+0000] {processor.py:840} INFO - DAG(s) 'steam_analytics_daily' retrieved from /opt/airflow/dags/steam_analytics.py
[2026-09-10T20:22:15.159+0000] {logging_mixin.py:188} INFO - [2026-09-10T20:22:15.159+0000] {dag.py:3089} INFO - Sync 1 DAGs
[2026-09-10T20:22:15.177+0000] {logging_mixin.py:188} INFO - [2026-09-10T20:22:15.177+0000] {dag.py:3947} INFO - Setting next_dagrun for steam_analytics_daily to 2026-09-10 02:00:00+00:00, run_after=2026-09-11 02:00:00+00:00
[2026-09-10T20:22:15.193+0000] {processor.py:183} INFO - Processing /opt/airflow/dags/steam_analytics.py took 0.190 seconds
[2026-09-10T20:22:45.311+0000] {processor.py:161} INFO - Started process (PID=645) to work on /opt/airflow/dags/steam_analytics.py
[2026-09-10T20:22:45.311+0000] {processor.py:830} INFO - Processing file /opt/airflow/dags/steam_analytics.py for tasks to queue
[2026-09-10T20:22:45.313+0000] {logging_mixin.py:188} INFO - [2026-09-10T20:22:45.312+0000] {dagbag.py:545} INFO - Filling up the DagBag from /opt/airflow/dags/steam_analytics.py
[2026-09-10T20:22:45.442+0000] {processor.py:840} INFO - DAG(s) 'steam_analytics_daily' retrieved from /opt/airflow/dags/steam_analytics.py
[2026-09-10T20:22:45.468+0000] {logging_mixin.py:188} INFO - [2026-09-10T20:22:45.468+0000] {dag.py:3089} INFO - Sync 1 DAGs
[2026-09-10T20:22:45.490+0000] {logging_mixin.py:188} INFO - [2026-09-10T20:22:45.489+0000] {dag.py:3947} INFO - Setting next_dagrun for steam_analytics_daily to 2026-09-10 02:00:00+00:00, run_after=2026-09-11 02:00:00+00:00
[2026-09-10T20:22:45.506+0000] {processor.py:183} INFO - Processing /opt/airflow/dags/steam_analytics.py took 0.200 seconds
[2026-09-10T20:23:15.628+0000] {processor.py:161} INFO - Started process (PID=650) to work on /opt/airflow/dags/steam_analytics.py
[2026-09-10T20:23:15.629+0000] {processor.py:830} INFO - Processing file /opt/airflow/dags/steam_analytics.py for tasks to queue
[2026-09-10T20:23:15.631+0000] {logging_mixin.py:188} INFO - [2026-09-10T20:23:15.630+0000] {dagbag.py:545} INFO - Filling up the DagBag from /opt/airflow/dags/steam_analytics.py
[2026-09-10T20:23:15.760+0000] {processor.py:840} INFO - DAG(s) 'steam_analytics_daily' retrieved from /opt/airflow/dags/steam_analytics.py
[2026-09-10T20:23:15.785+0000] {logging_mixin.py:188} INFO - [2026-09-10T20:23:15.785+0000] {dag.py:3089} INFO - Sync 1 DAGs
[2026-09-10T20:23:15.810+0000] {logging_mixin.py:188} INFO - [2026-09-10T20:23:15.810+0000] {dag.py:3947} INFO - Setting next_dagrun for steam_analytics_daily to 2026-09-10 02:00:00+00:00, run_after=2026-09-11 02:00:00+00:00
[2026-09-10T20:23:15.828+0000] {processor.py:183} INFO - Processing /opt/airflow/dags/steam_analytics.py took 0.204 seconds
[2026-09-10T20:23:45.942+0000] {processor.py:161} INFO - Started process (PID=655) to work on /opt/airflow/dags/steam_analytics.py
[2026-09-10T20:23:45.942+0000] {processor.py:830} INFO - Processing file /opt/airflow/dags/steam_analytics.py for tasks to queue
[2026-09-10T20:23:45.944+0000] {logging_mixin.py:188} INFO - [2026-09-10T20:23:45.943+0000] {dagbag.py:545} INFO - Filling up the DagBag from /opt/airflow/dags/steam_analytics.py
[2026-09-10T20:23:46.071+0000] {processor.py:840} INFO - DAG(s) 'steam_analytics_daily' retrieved from /opt/airflow/dags/steam_analytics.py
[2026-09-10T20:23:46.096+0000] {logging_mixin.py:188} INFO - [2026-09-10T20:23:46.096+0000] {dag.py:3089} INFO - Sync 1 DAGs
[2026-09-10T20:23:46.114+0000] {logging_mixin.py:188} INFO - [2026-09-10T20:23:46.114+0000] {dag.py:3947} INFO - Setting next_dagrun for steam_analytics_daily to 2026-09-10 02:00:00+00:00, run_after=2026-09-11 02:00:00+00:00
[2026-09-10T20:23:46.129+0000] {processor.py:183} INFO - Processing /opt/airflow/dags/steam_analytics.py took 0.191 seconds
[2026-09-10T20:24:16.306+0000] {processor.py:161} INFO - Started process (PID=660) to work on /opt/airflow/dags/steam_analytics.py
[2026-09-10T20:24:16.307+0000] {processor.py:830} INFO - Processing file /opt/airflow/dags/steam_analytics.py for tasks to queue
[2026-09-10T20:24:16.308+0000] {logging_mixin.py:188} INFO - [2026-09-10T20:24:16.308+0000] {dagbag.py:545} INFO - Filling up the DagBag from /opt/airflow/dags/steam_analytics.py
[2026-09-10T20:24:16.436+0000] {processor.py:840} INFO - DAG(s) 'steam_analytics_daily' retrieved from /opt/airflow/dags/steam_analytics.py
[2026-09-10T20:24:16.460+0000] {logging_mixin.py:188} INFO - [2026-09-10T20:24:16.460+0000] {dag.py:3089} INFO - Sync 1 DAGs
[2026-09-10T20:24:16.479+0000] {logging_mixin.py:188} INFO - [2026-09-10T20:24:16.478+0000] {dag.py:3947} INFO - Setting next_dagrun for steam_analytics_daily to 2026-09-10 02:00:00+00:00, run_after=2026-09-11 02:00:00+00:00
[2026-09-10T20:24:16.494+0000] {processor.py:183} INFO - Processing /opt/airflow/dags/steam_analytics.py took 0.192 seconds
[2026-09-10T20:24:46.606+0000] {processor.py:161} INFO - Started process (PID=665) to work on /opt/airflow/dags/steam_analytics.py
[2026-09-10T20:24:46.607+0000] {processor.py:830} INFO - Processing file /opt/airflow/dags/steam_analytics.py for tasks to queue
[2026-09-10T20:24:46.608+0000] {logging_mixin.py:188} INFO - [2026-09-10T20:24:46.608+0000] {dagbag.py:545} INFO - Filling up the DagBag from /opt/airflow/dags/steam_analytics.py
[2026-09-10T20:24:46.735+0000] {processor.py:840} INFO - DAG(s) 'steam_analytics_daily' retrieved from /opt/airflow/dags/steam_analytics.py
[2026-09-10T20:24:46.759+0000] {logging_mixin.py:188} INFO - [2026-09-10T20:24:46.759+0000] {dag.py:3089} INFO - Sync 1 DAGs
[2026-09-10T20:24:46.777+0000] {logging_mixin.py:188} INFO - [2026-09-10T20:24:46.777+0000] {dag.py:3947} INFO - Setting next_dagrun for steam_analytics_daily to 2026-09-10 02:00:00+00:00, run_after=2026-09-11 02:00:00+00:00
[2026-09-10T20:24:46.792+0000] {processor.py:183} INFO - Processing /opt/airflow/dags/steam_analytics.py took 0.190 seconds
[2026-09-10T20:25:16.911+0000] {processor.py:161} INFO - Started process (PID=670) to work on /opt/airflow/dags/steam_analytics.py
[2026-09-10T20:25:16.911+0000] {processor.py:830} INFO - Processing file /opt/airflow/dags/steam_analytics.py for tasks to queue
[2026-09-10T20:25:16.913+0000] {logging_mixin.py:188} INFO - [2026-09-10T20:25:16.913+0000] {dagbag.py:545} INFO - Filling up the DagBag from /opt/airflow/dags/steam_analytics.py
[2026-09-10T20:25:17.058+0000] {processor.py:840} INFO - DAG(s) 'steam_analytics_daily' retrieved from /opt/airflow/dags/steam_analytics.py
[2026-09-10T20:25:17.085+0000] {logging_mixin.py:188} INFO - [2026-09-10T20:25:17.085+0000] {dag.py:3089} INFO - Sync 1 DAGs
[2026-09-10T20:25:17.114+0000] {logging_mixin.py:188} INFO - [2026-09-10T20:25:17.114+0000] {dag.py:3947} INFO - Setting next_dagrun for steam_analytics_daily to 2026-09-10 02:00:00+00:00, run_after=2026-09-11 02:00:00+00:00
[2026-09-10T20:25:17.134+0000] {processor.py:183} INFO - Processing /opt/airflow/dags/steam_analytics.py took 0.228 seconds
[2026-09-10T20:25:47.253+0000] {processor.py:161} INFO - Started process (PID=675) to work on /opt/airflow/dags/steam_analytics.py
[2026-09-10T20:25:47.254+0000] {processor.py:830} INFO - Processing file /opt/airflow/dags/steam_analytics.py for tasks to queue
[2026-09-10T20:25:47.255+0000] {logging_mixin.py:188} INFO - [2026-09-10T20:25:47.255+0000] {dagbag.py:545} INFO - Filling up the DagBag from /opt/airflow/dags/steam_analytics.py
[2026-09-10T20:25:47.395+0000] {processor.py:840} INFO - DAG(s) 'steam_analytics_daily' retrieved from /opt/airflow/dags/steam_analytics.py
[2026-09-10T20:25:47.422+0000] {logging_mixin.py:188} INFO - [2026-09-10T20:25:47.421+0000] {dag.py:3089} INFO - Sync 1 DAGs
[2026-09-10T20:25:47.440+0000] {logging_mixin.py:188} INFO - [2026-09-10T20:25:47.440+0000] {dag.py:3947} INFO - Setting next_dagrun for steam_analytics_daily to 2026-09-10 02:00:00+00:00, run_after=2026-09-11 02:00:00+00:00
[2026-09-10T20:25:47.456+0000] {processor.py:183} INFO - Processing /opt/airflow/dags/steam_analytics.py took 0.208 seconds
[2026-09-10T20:26:17.575+0000] {processor.py:161} INFO - Started process (PID=680) to work on /opt/airflow/dags/steam_analytics.py
[2026-09-10T20:26:17.576+0000] {processor.py:830} INFO - Processing file /opt/airflow/dags/steam_analytics.py for tasks to queue
[2026-09-10T20:26:17.577+0000] {logging_mixin.py:188} INFO - [2026-09-10T20:26:17.577+0000] {dagbag.py:545} INFO - Filling up the DagBag from /opt/airflow/dags/steam_analytics.py
[2026-09-10T20:26:17.713+0000] {processor.py:840} INFO - DAG(s) 'steam_analytics_daily' retrieved from /opt/airflow/dags/steam_analytics.py
[2026-09-10T20:26:17.739+0000] {logging_mixin.py:188} INFO - [2026-09-10T20:26:17.739+0000] {dag.py:3089} INFO - Sync 1 DAGs
[2026-09-10T20:26:17.758+0000] {logging_mixin.py:188} INFO - [2026-09-10T20:26:17.758+0000] {dag.py:3947} INFO - Setting next_dagrun for steam_analytics_daily to 2026-09-10 02:00:00+00:00, run_after=2026-09-11 02:00:00+00:00
[2026-09-10T20:26:17.774+0000] {processor.py:183} INFO - Processing /opt/airflow/dags/steam_analytics.py took 0.203 seconds
