[2026-09-13T02:14:43.695+0000] {processor.py:161} INFO - Started process (PID=185) to work on /opt/airflow/dags/steam_analytics.py
[2026-09-13T02:14:43.695+0000] {processor.py:830} INFO - Processing file /opt/airflow/dags/steam_analytics.py for tasks to queue
[2026-09-13T02:14:43.698+0000] {logging_mixin.py:188} INFO - [2026-09-13T02:14:43.697+0000] {dagbag.py:545} INFO - Filling up the DagBag from /opt/airflow/dags/steam_analytics.py
[2026-09-13T02:14:43.996+0000] {processor.py:840} INFO - DAG(s) 'steam_analytics_daily' retrieved from /opt/airflow/dags/steam_analytics.py
[2026-09-13T02:14:44.163+0000] {logging_mixin.py:188} INFO - [2026-09-13T02:14:44.163+0000] {dag.py:3089} INFO - Sync 1 DAGs
[2026-09-13T02:14:44.189+0000] {logging_mixin.py:188} INFO - [2026-09-13T02:14:44.189+0000] {dag.py:3947} INFO - Setting next_dagrun for steam_analytics_daily to 2026-09-12 02:00:00+00:00, run_after=2026-09-13 02:00:00+00:00
[2026-09-13T02:14:44.212+0000] {processor.py:183} INFO - Processing /opt/airflow/dags/steam_analytics.py took 0.522 seconds
[2026-09-13T02:15:14.377+0000] {processor.py:161} INFO - Started process (PID=200) to work on /opt/airflow/dags/steam_analytics.py
[2026-09-13T02:15:14.378+0000] {processor.py:830} INFO - Processing file /opt/airflow/dags/steam_analytics.py for tasks to queue
[2026-09-13T02:15:14.379+0000] {logging_mixin.py:188} INFO - [2026-09-13T02:15:14.379+0000] {dagbag.py:545} INFO - Filling up the DagBag from /opt/airflow/dags/steam_analytics.py
[2026-09-13T02:15:14.519+0000] {processor.py:840} INFO - DAG(s) 'steam_analytics_daily' retrieved from /opt/airflow/dags/steam_analytics.py
[2026-09-13T02:15:14.543+0000] {logging_mixin.py:188} INFO - [2026-09-13T02:15:14.543+0000] {dag.py:3089} INFO - Sync 1 DAGs
[2026-09-13T02:15:14.562+0000] {logging_mixin.py:188} INFO - [2026-09-13T02:15:14.562+0000] {dag.py:3947} INFO - Setting next_dagrun for steam_analytics_daily to 2026-09-13 02:00:00+00:00, run_after=2026-09-14 02:00:00+00:00
[2026-09-13T02:15:14.578+0000] {processor.py:183} INFO - Processing /opt/airflow/dags/steam_analytics.py took 0.206 seconds
[2026-09-13T02:15:44.708+0000] {processor.py:161} INFO - Started process (PID=205) to work on /opt/airflow/dags/steam_analytics.py
[2026-09-13T02:15:44.710+0000] {processor.py:830} INFO - Processing file /opt/airflow/dags/steam_analytics.py for tasks to queue
[2026-09-13T02:15:44.711+0000] {logging_mixin.py:188} INFO - [2026-09-13T02:15:44.711+0000] {dagbag.py:545} INFO - Filling up the DagBag from /opt/airflow/dags/steam_analytics.py
[2026-09-13T02:15:44.951+0000] {processor.py:840} INFO - DAG(s) 'steam_analytics_daily' retrieved from /opt/airflow/dags/steam_analytics.py
[2026-09-13T02:15:44.992+0000] {logging_mixin.py:188} INFO - [2026-09-13T02:15:44.992+0000] {dag.py:3089} INFO - Sync 1 DAGs
[2026-09-13T02:15:45.029+0000] {logging_mixin.py:188} INFO - [2026-09-13T02:15:45.029+0000] {dag.py:3947} INFO - Setting next_dagrun for steam_analytics_daily to 2026-09-13 02:00:00+00:00, run_after=2026-09-14 02:00:00+00:00
[2026-09-13T02:15:45.058+0000] {processor.py:183} INFO - Processing /opt/airflow/dags/steam_analytics.py took 0.356 seconds
[2026-09-13T02:16:15.211+0000] {processor.py:161} INFO - Started process (PID=210) to work on /opt/airflow/dags/steam_analytics.py
[2026-09-13T02:16:15.212+0000] {processor.py:830} INFO - Processing file /opt/airflow/dags/steam_analytics.py for tasks to queue
[2026-09-13T02:16:15.214+0000] {logging_mixin.py:188} INFO - [2026-09-13T02:16:15.213+0000] {dagbag.py:545} INFO - Filling up the DagBag from /opt/airflow/dags/steam_analytics.py
[2026-09-13T02:16:15.359+0000] {processor.py:840} INFO - DAG(s) 'steam_analytics_daily' retrieved from /opt/airflow/dags/steam_analytics.py
[2026-09-13T02:16:15.386+0000] {logging_mixin.py:188} INFO - [2026-09-13T02:16:15.385+0000] {dag.py:3089} INFO - Sync 1 DAGs
[2026-09-13T02:16:15.405+0000] {logging_mixin.py:188} INFO - [2026-09-13T02:16:15.405+0000] {dag.py:3947} INFO - Setting next_dagrun for steam_analytics_daily to 2026-09-13 02:00:00+00:00, run_after=2026-09-14 02:00:00+00:00
[2026-09-13T02:16:15.425+0000] {processor.py:183} INFO - Processing /opt/airflow/dags/steam_analytics.py took 0.218 seconds
[2026-09-13T02:16:45.552+0000] {processor.py:161} INFO - Started process (PID=215) to work on /opt/airflow/dags/steam_analytics.py
[2026-09-13T02:16:45.553+0000] {processor.py:830} INFO - Processing file /opt/airflow/dags/steam_analytics.py for tasks to queue
[2026-09-13T02:16:45.555+0000] {logging_mixin.py:188} INFO - [2026-09-13T02:16:45.554+0000] {dagbag.py:545} INFO - Filling up the DagBag from /opt/airflow/dags/steam_analytics.py
[2026-09-13T02:16:45.700+0000] {processor.py:840} INFO - DAG(s) 'steam_analytics_daily' retrieved from /opt/airflow/dags/steam_analytics.py
[2026-09-13T02:16:45.726+0000] {logging_mixin.py:188} INFO - [2026-09-13T02:16:45.726+0000] {dag.py:3089} INFO - Sync 1 DAGs
[2026-09-13T02:16:45.745+0000] {logging_mixin.py:188} INFO - [2026-09-13T02:16:45.745+0000] {dag.py:3947} INFO - Setting next_dagrun for steam_analytics_daily to 2026-09-13 02:00:00+00:00, run_after=2026-09-14 02:00:00+00:00
[2026-09-13T02:16:45.762+0000] {processor.py:183} INFO - Processing /opt/airflow/dags/steam_analytics.py took 0.216 seconds
[2026-09-13T02:17:15.899+0000] {processor.py:161} INFO - Started process (PID=220) to work on /opt/airflow/dags/steam_analytics.py
[2026-09-13T02:17:15.899+0000] {processor.py:830} INFO - Processing file /opt/airflow/dags/steam_analytics.py for tasks to queue
[2026-09-13T02:17:15.901+0000] {logging_mixin.py:188} INFO - [2026-09-13T02:17:15.901+0000] {dagbag.py:545} INFO - Filling up the DagBag from /opt/airflow/dags/steam_analytics.py
[2026-09-13T02:17:16.047+0000] {processor.py:840} INFO - DAG(s) 'steam_analytics_daily' retrieved from /opt/airflow/dags/steam_analytics.py
[2026-09-13T02:17:16.074+0000] {logging_mixin.py:188} INFO - [2026-09-13T02:17:16.074+0000] {dag.py:3089} INFO - Sync 1 DAGs
[2026-09-13T02:17:16.094+0000] {logging_mixin.py:188} INFO - [2026-09-13T02:17:16.093+0000] {dag.py:3947} INFO - Setting next_dagrun for steam_analytics_daily to 2026-09-13 02:00:00+00:00, run_after=2026-09-14 02:00:00+00:00
[2026-09-13T02:17:16.110+0000] {processor.py:183} INFO - Processing /opt/airflow/dags/steam_analytics.py took 0.216 seconds
[2026-09-13T02:17:46.229+0000] {processor.py:161} INFO - Started process (PID=225) to work on /opt/airflow/dags/steam_analytics.py
[2026-09-13T02:17:46.229+0000] {processor.py:830} INFO - Processing file /opt/airflow/dags/steam_analytics.py for tasks to queue
[2026-09-13T02:17:46.231+0000] {logging_mixin.py:188} INFO - [2026-09-13T02:17:46.230+0000] {dagbag.py:545} INFO - Filling up the DagBag from /opt/airflow/dags/steam_analytics.py
[2026-09-13T02:17:46.362+0000] {processor.py:840} INFO - DAG(s) 'steam_analytics_daily' retrieved from /opt/airflow/dags/steam_analytics.py
[2026-09-13T02:17:46.387+0000] {logging_mixin.py:188} INFO - [2026-09-13T02:17:46.387+0000] {dag.py:3089} INFO - Sync 1 DAGs
[2026-09-13T02:17:46.408+0000] {logging_mixin.py:188} INFO - [2026-09-13T02:17:46.407+0000] {dag.py:3947} INFO - Setting next_dagrun for steam_analytics_daily to 2026-09-13 02:00:00+00:00, run_after=2026-09-14 02:00:00+00:00
[2026-09-13T02:17:46.427+0000] {processor.py:183} INFO - Processing /opt/airflow/dags/steam_analytics.py took 0.202 seconds
[2026-09-13T02:18:16.548+0000] {processor.py:161} INFO - Started process (PID=230) to work on /opt/airflow/dags/steam_analytics.py
[2026-09-13T02:18:16.549+0000] {processor.py:830} INFO - Processing file /opt/airflow/dags/steam_analytics.py for tasks to queue
[2026-09-13T02:18:16.550+0000] {logging_mixin.py:188} INFO - [2026-09-13T02:18:16.550+0000] {dagbag.py:545} INFO - Filling up the DagBag from /opt/airflow/dags/steam_analytics.py
[2026-09-13T02:18:16.677+0000] {processor.py:840} INFO - DAG(s) 'steam_analytics_daily' retrieved from /opt/airflow/dags/steam_analytics.py
[2026-09-13T02:18:16.704+0000] {logging_mixin.py:188} INFO - [2026-09-13T02:18:16.704+0000] {dag.py:3089} INFO - Sync 1 DAGs
[2026-09-13T02:18:16.727+0000] {logging_mixin.py:188} INFO - [2026-09-13T02:18:16.727+0000] {dag.py:3947} INFO - Setting next_dagrun for steam_analytics_daily to 2026-09-13 02:00:00+00:00, run_after=2026-09-14 02:00:00+00:00
[2026-09-13T02:18:16.753+0000] {processor.py:183} INFO - Processing /opt/airflow/dags/steam_analytics.py took 0.209 seconds
[2026-09-13T02:18:46.880+0000] {processor.py:161} INFO - Started process (PID=235) to work on /opt/airflow/dags/steam_analytics.py
[2026-09-13T02:18:46.880+0000] {processor.py:830} INFO - Processing file /opt/airflow/dags/steam_analytics.py for tasks to queue
[2026-09-13T02:18:46.882+0000] {logging_mixin.py:188} INFO - [2026-09-13T02:18:46.882+0000] {dagbag.py:545} INFO - Filling up the DagBag from /opt/airflow/dags/steam_analytics.py
[2026-09-13T02:18:47.026+0000] {processor.py:840} INFO - DAG(s) 'steam_analytics_daily' retrieved from /opt/airflow/dags/steam_analytics.py
[2026-09-13T02:18:47.053+0000] {logging_mixin.py:188} INFO - [2026-09-13T02:18:47.053+0000] {dag.py:3089} INFO - Sync 1 DAGs
[2026-09-13T02:18:47.073+0000] {logging_mixin.py:188} INFO - [2026-09-13T02:18:47.073+0000] {dag.py:3947} INFO - Setting next_dagrun for steam_analytics_daily to 2026-09-13 02:00:00+00:00, run_after=2026-09-14 02:00:00+00:00
[2026-09-13T02:18:47.087+0000] {processor.py:183} INFO - Processing /opt/airflow/dags/steam_analytics.py took 0.212 seconds
[2026-09-13T02:19:17.210+0000] {processor.py:161} INFO - Started process (PID=240) to work on /opt/airflow/dags/steam_analytics.py
[2026-09-13T02:19:17.211+0000] {processor.py:830} INFO - Processing file /opt/airflow/dags/steam_analytics.py for tasks to queue
[2026-09-13T02:19:17.212+0000] {logging_mixin.py:188} INFO - [2026-09-13T02:19:17.212+0000] {dagbag.py:545} INFO - Filling up the DagBag from /opt/airflow/dags/steam_analytics.py
[2026-09-13T02:19:17.343+0000] {processor.py:840} INFO - DAG(s) 'steam_analytics_daily' retrieved from /opt/airflow/dags/steam_analytics.py
[2026-09-13T02:19:17.367+0000] {logging_mixin.py:188} INFO - [2026-09-13T02:19:17.367+0000] {dag.py:3089} INFO - Sync 1 DAGs
[2026-09-13T02:19:17.385+0000] {logging_mixin.py:188} INFO - [2026-09-13T02:19:17.384+0000] {dag.py:3947} INFO - Setting next_dagrun for steam_analytics_daily to 2026-09-13 02:00:00+00:00, run_after=2026-09-14 02:00:00+00:00
[2026-09-13T02:19:17.400+0000] {processor.py:183} INFO - Processing /opt/airflow/dags/steam_analytics.py took 0.194 seconds
[2026-09-13T02:19:47.531+0000] {processor.py:161} INFO - Started process (PID=245) to work on /opt/airflow/dags/steam_analytics.py
[2026-09-13T02:19:47.532+0000] {processor.py:830} INFO - Processing file /opt/airflow/dags/steam_analytics.py for tasks to queue
[2026-09-13T02:19:47.534+0000] {logging_mixin.py:188} INFO - [2026-09-13T02:19:47.534+0000] {dagbag.py:545} INFO - Filling up the DagBag from /opt/airflow/dags/steam_analytics.py
[2026-09-13T02:19:47.688+0000] {processor.py:840} INFO - DAG(s) 'steam_analytics_daily' retrieved from /opt/airflow/dags/steam_analytics.py
[2026-09-13T02:19:47.713+0000] {logging_mixin.py:188} INFO - [2026-09-13T02:19:47.713+0000] {dag.py:3089} INFO - Sync 1 DAGs
[2026-09-13T02:19:47.733+0000] {logging_mixin.py:188} INFO - [2026-09-13T02:19:47.732+0000] {dag.py:3947} INFO - Setting next_dagrun for steam_analytics_daily to 2026-09-13 02:00:00+00:00, run_after=2026-09-14 02:00:00+00:00
[2026-09-13T02:19:47.749+0000] {processor.py:183} INFO - Processing /opt/airflow/dags/steam_analytics.py took 0.223 seconds
[2026-09-13T02:20:17.879+0000] {processor.py:161} INFO - Started process (PID=252) to work on /opt/airflow/dags/steam_analytics.py
[2026-09-13T02:20:17.879+0000] {processor.py:830} INFO - Processing file /opt/airflow/dags/steam_analytics.py for tasks to queue
[2026-09-13T02:20:17.882+0000] {logging_mixin.py:188} INFO - [2026-09-13T02:20:17.882+0000] {dagbag.py:545} INFO - Filling up the DagBag from /opt/airflow/dags/steam_analytics.py
[2026-09-13T02:20:18.027+0000] {processor.py:840} INFO - DAG(s) 'steam_analytics_daily' retrieved from /opt/airflow/dags/steam_analytics.py
[2026-09-13T02:20:18.052+0000] {logging_mixin.py:188} INFO - [2026-09-13T02:20:18.052+0000] {dag.py:3089} INFO - Sync 1 DAGs
[2026-09-13T02:20:18.073+0000] {logging_mixin.py:188} INFO - [2026-09-13T02:20:18.073+0000] {dag.py:3947} INFO - Setting next_dagrun for steam_analytics_daily to 2026-09-13 02:00:00+00:00, run_after=2026-09-14 02:00:00+00:00
[2026-09-13T02:20:18.089+0000] {processor.py:183} INFO - Processing /opt/airflow/dags/steam_analytics.py took 0.216 seconds
[2026-09-13T02:20:48.203+0000] {processor.py:161} INFO - Started process (PID=257) to work on /opt/airflow/dags/steam_analytics.py
[2026-09-13T02:20:48.204+0000] {processor.py:830} INFO - Processing file /opt/airflow/dags/steam_analytics.py for tasks to queue
[2026-09-13T02:20:48.206+0000] {logging_mixin.py:188} INFO - [2026-09-13T02:20:48.206+0000] {dagbag.py:545} INFO - Filling up the DagBag from /opt/airflow/dags/steam_analytics.py
[2026-09-13T02:20:48.333+0000] {processor.py:840} INFO - DAG(s) 'steam_analytics_daily' retrieved from /opt/airflow/dags/steam_analytics.py
[2026-09-13T02:20:48.356+0000] {logging_mixin.py:188} INFO - [2026-09-13T02:20:48.356+0000] {dag.py:3089} INFO - Sync 1 DAGs
[2026-09-13T02:20:48.374+0000] {logging_mixin.py:188} INFO - [2026-09-13T02:20:48.374+0000] {dag.py:3947} INFO - Setting next_dagrun for steam_analytics_daily to 2026-09-13 02:00:00+00:00, run_after=2026-09-14 02:00:00+00:00
[2026-09-13T02:20:48.388+0000] {processor.py:183} INFO - Processing /opt/airflow/dags/steam_analytics.py took 0.189 seconds
[2026-09-13T02:21:18.510+0000] {processor.py:161} INFO - Started process (PID=262) to work on /opt/airflow/dags/steam_analytics.py
[2026-09-13T02:21:18.511+0000] {processor.py:830} INFO - Processing file /opt/airflow/dags/steam_analytics.py for tasks to queue
[2026-09-13T02:21:18.512+0000] {logging_mixin.py:188} INFO - [2026-09-13T02:21:18.512+0000] {dagbag.py:545} INFO - Filling up the DagBag from /opt/airflow/dags/steam_analytics.py
[2026-09-13T02:21:18.640+0000] {processor.py:840} INFO - DAG(s) 'steam_analytics_daily' retrieved from /opt/airflow/dags/steam_analytics.py
[2026-09-13T02:21:18.669+0000] {logging_mixin.py:188} INFO - [2026-09-13T02:21:18.669+0000] {dag.py:3089} INFO - Sync 1 DAGs
[2026-09-13T02:21:18.687+0000] {logging_mixin.py:188} INFO - [2026-09-13T02:21:18.687+0000] {dag.py:3947} INFO - Setting next_dagrun for steam_analytics_daily to 2026-09-13 02:00:00+00:00, run_after=2026-09-14 02:00:00+00:00
[2026-09-13T02:21:18.702+0000] {processor.py:183} INFO - Processing /opt/airflow/dags/steam_analytics.py took 0.196 seconds
[2026-09-13T02:21:48.823+0000] {processor.py:161} INFO - Started process (PID=267) to work on /opt/airflow/dags/steam_analytics.py
[2026-09-13T02:21:48.824+0000] {processor.py:830} INFO - Processing file /opt/airflow/dags/steam_analytics.py for tasks to queue
[2026-09-13T02:21:48.825+0000] {logging_mixin.py:188} INFO - [2026-09-13T02:21:48.825+0000] {dagbag.py:545} INFO - Filling up the DagBag from /opt/airflow/dags/steam_analytics.py
[2026-09-13T02:21:48.982+0000] {processor.py:840} INFO - DAG(s) 'steam_analytics_daily' retrieved from /opt/airflow/dags/steam_analytics.py
[2026-09-13T02:21:49.013+0000] {logging_mixin.py:188} INFO - [2026-09-13T02:21:49.013+0000] {dag.py:3089} INFO - Sync 1 DAGs
[2026-09-13T02:21:49.036+0000] {logging_mixin.py:188} INFO - [2026-09-13T02:21:49.035+0000] {dag.py:3947} INFO - Setting next_dagrun for steam_analytics_daily to 2026-09-13 02:00:00+00:00, run_after=2026-09-14 02:00:00+00:00
[2026-09-13T02:21:49.055+0000] {processor.py:183} INFO - Processing /opt/airflow/dags/steam_analytics.py took 0.237 seconds
[2026-09-13T02:22:19.191+0000] {processor.py:161} INFO - Started process (PID=280) to work on /opt/airflow/dags/steam_analytics.py
[2026-09-13T02:22:19.192+0000] {processor.py:830} INFO - Processing file /opt/airflow/dags/steam_analytics.py for tasks to queue
[2026-09-13T02:22:19.193+0000] {logging_mixin.py:188} INFO - [2026-09-13T02:22:19.193+0000] {dagbag.py:545} INFO - Filling up the DagBag from /opt/airflow/dags/steam_analytics.py
[2026-09-13T02:22:19.335+0000] {processor.py:840} INFO - DAG(s) 'steam_analytics_daily' retrieved from /opt/airflow/dags/steam_analytics.py
[2026-09-13T02:22:19.360+0000] {logging_mixin.py:188} INFO - [2026-09-13T02:22:19.360+0000] {dag.py:3089} INFO - Sync 1 DAGs
[2026-09-13T02:22:19.380+0000] {logging_mixin.py:188} INFO - [2026-09-13T02:22:19.380+0000] {dag.py:3947} INFO - Setting next_dagrun for steam_analytics_daily to 2026-09-13 02:00:00+00:00, run_after=2026-09-14 02:00:00+00:00
[2026-09-13T02:22:19.396+0000] {processor.py:183} INFO - Processing /opt/airflow/dags/steam_analytics.py took 0.209 seconds
[2026-09-13T02:22:49.520+0000] {processor.py:161} INFO - Started process (PID=285) to work on /opt/airflow/dags/steam_analytics.py
[2026-09-13T02:22:49.521+0000] {processor.py:830} INFO - Processing file /opt/airflow/dags/steam_analytics.py for tasks to queue
[2026-09-13T02:22:49.522+0000] {logging_mixin.py:188} INFO - [2026-09-13T02:22:49.522+0000] {dagbag.py:545} INFO - Filling up the DagBag from /opt/airflow/dags/steam_analytics.py
[2026-09-13T02:22:49.670+0000] {processor.py:840} INFO - DAG(s) 'steam_analytics_daily' retrieved from /opt/airflow/dags/steam_analytics.py
[2026-09-13T02:22:49.699+0000] {logging_mixin.py:188} INFO - [2026-09-13T02:22:49.699+0000] {dag.py:3089} INFO - Sync 1 DAGs
[2026-09-13T02:22:49.723+0000] {logging_mixin.py:188} INFO - [2026-09-13T02:22:49.723+0000] {dag.py:3947} INFO - Setting next_dagrun for steam_analytics_daily to 2026-09-13 02:00:00+00:00, run_after=2026-09-14 02:00:00+00:00
[2026-09-13T02:22:49.746+0000] {processor.py:183} INFO - Processing /opt/airflow/dags/steam_analytics.py took 0.230 seconds
[2026-09-13T02:23:19.889+0000] {processor.py:161} INFO - Started process (PID=290) to work on /opt/airflow/dags/steam_analytics.py
[2026-09-13T02:23:19.890+0000] {processor.py:830} INFO - Processing file /opt/airflow/dags/steam_analytics.py for tasks to queue
[2026-09-13T02:23:19.891+0000] {logging_mixin.py:188} INFO - [2026-09-13T02:23:19.891+0000] {dagbag.py:545} INFO - Filling up the DagBag from /opt/airflow/dags/steam_analytics.py
[2026-09-13T02:23:20.048+0000] {processor.py:840} INFO - DAG(s) 'steam_analytics_daily' retrieved from /opt/airflow/dags/steam_analytics.py
[2026-09-13T02:23:20.076+0000] {logging_mixin.py:188} INFO - [2026-09-13T02:23:20.076+0000] {dag.py:3089} INFO - Sync 1 DAGs
[2026-09-13T02:23:20.108+0000] {logging_mixin.py:188} INFO - [2026-09-13T02:23:20.108+0000] {dag.py:3947} INFO - Setting next_dagrun for steam_analytics_daily to 2026-09-13 02:00:00+00:00, run_after=2026-09-14 02:00:00+00:00
[2026-09-13T02:23:20.125+0000] {processor.py:183} INFO - Processing /opt/airflow/dags/steam_analytics.py took 0.242 seconds
[2026-09-13T02:23:50.264+0000] {processor.py:161} INFO - Started process (PID=295) to work on /opt/airflow/dags/steam_analytics.py
[2026-09-13T02:23:50.265+0000] {processor.py:830} INFO - Processing file /opt/airflow/dags/steam_analytics.py for tasks to queue
[2026-09-13T02:23:50.267+0000] {logging_mixin.py:188} INFO - [2026-09-13T02:23:50.267+0000] {dagbag.py:545} INFO - Filling up the DagBag from /opt/airflow/dags/steam_analytics.py
[2026-09-13T02:23:50.423+0000] {processor.py:840} INFO - DAG(s) 'steam_analytics_daily' retrieved from /opt/airflow/dags/steam_analytics.py
[2026-09-13T02:23:50.448+0000] {logging_mixin.py:188} INFO - [2026-09-13T02:23:50.448+0000] {dag.py:3089} INFO - Sync 1 DAGs
[2026-09-13T02:23:50.469+0000] {logging_mixin.py:188} INFO - [2026-09-13T02:23:50.469+0000] {dag.py:3947} INFO - Setting next_dagrun for steam_analytics_daily to 2026-09-13 02:00:00+00:00, run_after=2026-09-14 02:00:00+00:00
[2026-09-13T02:23:50.487+0000] {processor.py:183} INFO - Processing /opt/airflow/dags/steam_analytics.py took 0.228 seconds
[2026-09-13T02:24:20.619+0000] {processor.py:161} INFO - Started process (PID=300) to work on /opt/airflow/dags/steam_analytics.py
[2026-09-13T02:24:20.620+0000] {processor.py:830} INFO - Processing file /opt/airflow/dags/steam_analytics.py for tasks to queue
[2026-09-13T02:24:20.621+0000] {logging_mixin.py:188} INFO - [2026-09-13T02:24:20.621+0000] {dagbag.py:545} INFO - Filling up the DagBag from /opt/airflow/dags/steam_analytics.py
[2026-09-13T02:24:20.752+0000] {processor.py:840} INFO - DAG(s) 'steam_analytics_daily' retrieved from /opt/airflow/dags/steam_analytics.py
[2026-09-13T02:24:20.777+0000] {logging_mixin.py:188} INFO - [2026-09-13T02:24:20.776+0000] {dag.py:3089} INFO - Sync 1 DAGs
[2026-09-13T02:24:20.796+0000] {logging_mixin.py:188} INFO - [2026-09-13T02:24:20.795+0000] {dag.py:3947} INFO - Setting next_dagrun for steam_analytics_daily to 2026-09-13 02:00:00+00:00, run_after=2026-09-14 02:00:00+00:00
[2026-09-13T02:24:20.812+0000] {processor.py:183} INFO - Processing /opt/airflow/dags/steam_analytics.py took 0.197 seconds
[2026-09-13T02:24:50.946+0000] {processor.py:161} INFO - Started process (PID=305) to work on /opt/airflow/dags/steam_analytics.py
[2026-09-13T02:24:50.947+0000] {processor.py:830} INFO - Processing file /opt/airflow/dags/steam_analytics.py for tasks to queue
[2026-09-13T02:24:50.948+0000] {logging_mixin.py:188} INFO - [2026-09-13T02:24:50.948+0000] {dagbag.py:545} INFO - Filling up the DagBag from /opt/airflow/dags/steam_analytics.py
[2026-09-13T02:24:51.079+0000] {processor.py:840} INFO - DAG(s) 'steam_analytics_daily' retrieved from /opt/airflow/dags/steam_analytics.py
[2026-09-13T02:24:51.104+0000] {logging_mixin.py:188} INFO - [2026-09-13T02:24:51.104+0000] {dag.py:3089} INFO - Sync 1 DAGs
[2026-09-13T02:24:51.123+0000] {logging_mixin.py:188} INFO - [2026-09-13T02:24:51.123+0000] {dag.py:3947} INFO - Setting next_dagrun for steam_analytics_daily to 2026-09-13 02:00:00+00:00, run_after=2026-09-14 02:00:00+00:00
[2026-09-13T02:24:51.139+0000] {processor.py:183} INFO - Processing /opt/airflow/dags/steam_analytics.py took 0.197 seconds
[2026-09-13T02:25:21.269+0000] {processor.py:161} INFO - Started process (PID=310) to work on /opt/airflow/dags/steam_analytics.py
[2026-09-13T02:25:21.270+0000] {processor.py:830} INFO - Processing file /opt/airflow/dags/steam_analytics.py for tasks to queue
[2026-09-13T02:25:21.271+0000] {logging_mixin.py:188} INFO - [2026-09-13T02:25:21.271+0000] {dagbag.py:545} INFO - Filling up the DagBag from /opt/airflow/dags/steam_analytics.py
[2026-09-13T02:25:21.406+0000] {processor.py:840} INFO - DAG(s) 'steam_analytics_daily' retrieved from /opt/airflow/dags/steam_analytics.py
[2026-09-13T02:25:21.435+0000] {logging_mixin.py:188} INFO - [2026-09-13T02:25:21.434+0000] {dag.py:3089} INFO - Sync 1 DAGs
[2026-09-13T02:25:21.466+0000] {logging_mixin.py:188} INFO - [2026-09-13T02:25:21.466+0000] {dag.py:3947} INFO - Setting next_dagrun for steam_analytics_daily to 2026-09-13 02:00:00+00:00, run_after=2026-09-14 02:00:00+00:00
[2026-09-13T02:25:21.483+0000] {processor.py:183} INFO - Processing /opt/airflow/dags/steam_analytics.py took 0.218 seconds
[2026-09-13T02:25:51.610+0000] {processor.py:161} INFO - Started process (PID=315) to work on /opt/airflow/dags/steam_analytics.py
[2026-09-13T02:25:51.611+0000] {processor.py:830} INFO - Processing file /opt/airflow/dags/steam_analytics.py for tasks to queue
[2026-09-13T02:25:51.612+0000] {logging_mixin.py:188} INFO - [2026-09-13T02:25:51.612+0000] {dagbag.py:545} INFO - Filling up the DagBag from /opt/airflow/dags/steam_analytics.py
[2026-09-13T02:25:51.772+0000] {processor.py:840} INFO - DAG(s) 'steam_analytics_daily' retrieved from /opt/airflow/dags/steam_analytics.py
[2026-09-13T02:25:51.796+0000] {logging_mixin.py:188} INFO - [2026-09-13T02:25:51.796+0000] {dag.py:3089} INFO - Sync 1 DAGs
[2026-09-13T02:25:51.815+0000] {logging_mixin.py:188} INFO - [2026-09-13T02:25:51.815+0000] {dag.py:3947} INFO - Setting next_dagrun for steam_analytics_daily to 2026-09-13 02:00:00+00:00, run_after=2026-09-14 02:00:00+00:00
[2026-09-13T02:25:51.830+0000] {processor.py:183} INFO - Processing /opt/airflow/dags/steam_analytics.py took 0.224 seconds
[2026-09-13T02:26:21.967+0000] {processor.py:161} INFO - Started process (PID=320) to work on /opt/airflow/dags/steam_analytics.py
[2026-09-13T02:26:21.968+0000] {processor.py:830} INFO - Processing file /opt/airflow/dags/steam_analytics.py for tasks to queue
[2026-09-13T02:26:21.970+0000] {logging_mixin.py:188} INFO - [2026-09-13T02:26:21.970+0000] {dagbag.py:545} INFO - Filling up the DagBag from /opt/airflow/dags/steam_analytics.py
[2026-09-13T02:26:22.132+0000] {processor.py:840} INFO - DAG(s) 'steam_analytics_daily' retrieved from /opt/airflow/dags/steam_analytics.py
[2026-09-13T02:26:22.159+0000] {logging_mixin.py:188} INFO - [2026-09-13T02:26:22.159+0000] {dag.py:3089} INFO - Sync 1 DAGs
[2026-09-13T02:26:22.181+0000] {logging_mixin.py:188} INFO - [2026-09-13T02:26:22.181+0000] {dag.py:3947} INFO - Setting next_dagrun for steam_analytics_daily to 2026-09-13 02:00:00+00:00, run_after=2026-09-14 02:00:00+00:00
[2026-09-13T02:26:22.202+0000] {processor.py:183} INFO - Processing /opt/airflow/dags/steam_analytics.py took 0.239 seconds
[2026-09-13T02:26:52.344+0000] {processor.py:161} INFO - Started process (PID=325) to work on /opt/airflow/dags/steam_analytics.py
[2026-09-13T02:26:52.344+0000] {processor.py:830} INFO - Processing file /opt/airflow/dags/steam_analytics.py for tasks to queue
[2026-09-13T02:26:52.346+0000] {logging_mixin.py:188} INFO - [2026-09-13T02:26:52.346+0000] {dagbag.py:545} INFO - Filling up the DagBag from /opt/airflow/dags/steam_analytics.py
[2026-09-13T02:26:52.487+0000] {processor.py:840} INFO - DAG(s) 'steam_analytics_daily' retrieved from /opt/airflow/dags/steam_analytics.py
[2026-09-13T02:26:52.512+0000] {logging_mixin.py:188} INFO - [2026-09-13T02:26:52.512+0000] {dag.py:3089} INFO - Sync 1 DAGs
[2026-09-13T02:26:52.533+0000] {logging_mixin.py:188} INFO - [2026-09-13T02:26:52.533+0000] {dag.py:3947} INFO - Setting next_dagrun for steam_analytics_daily to 2026-09-13 02:00:00+00:00, run_after=2026-09-14 02:00:00+00:00
[2026-09-13T02:26:52.549+0000] {processor.py:183} INFO - Processing /opt/airflow/dags/steam_analytics.py took 0.210 seconds
[2026-09-13T02:27:22.704+0000] {processor.py:161} INFO - Started process (PID=330) to work on /opt/airflow/dags/steam_analytics.py
[2026-09-13T02:27:22.705+0000] {processor.py:830} INFO - Processing file /opt/airflow/dags/steam_analytics.py for tasks to queue
[2026-09-13T02:27:22.706+0000] {logging_mixin.py:188} INFO - [2026-09-13T02:27:22.706+0000] {dagbag.py:545} INFO - Filling up the DagBag from /opt/airflow/dags/steam_analytics.py
[2026-09-13T02:27:22.906+0000] {processor.py:840} INFO - DAG(s) 'steam_analytics_daily' retrieved from /opt/airflow/dags/steam_analytics.py
[2026-09-13T02:27:22.950+0000] {logging_mixin.py:188} INFO - [2026-09-13T02:27:22.949+0000] {dag.py:3089} INFO - Sync 1 DAGs
[2026-09-13T02:27:22.972+0000] {logging_mixin.py:188} INFO - [2026-09-13T02:27:22.972+0000] {dag.py:3947} INFO - Setting next_dagrun for steam_analytics_daily to 2026-09-13 02:00:00+00:00, run_after=2026-09-14 02:00:00+00:00
[2026-09-13T02:27:22.990+0000] {processor.py:183} INFO - Processing /opt/airflow/dags/steam_analytics.py took 0.292 seconds
[2026-09-13T02:27:53.135+0000] {processor.py:161} INFO - Started process (PID=335) to work on /opt/airflow/dags/steam_analytics.py
[2026-09-13T02:27:53.135+0000] {processor.py:830} INFO - Processing file /opt/airflow/dags/steam_analytics.py for tasks to queue
[2026-09-13T02:27:53.137+0000] {logging_mixin.py:188} INFO - [2026-09-13T02:27:53.136+0000] {dagbag.py:545} INFO - Filling up the DagBag from /opt/airflow/dags/steam_analytics.py
[2026-09-13T02:27:53.286+0000] {processor.py:840} INFO - DAG(s) 'steam_analytics_daily' retrieved from /opt/airflow/dags/steam_analytics.py
[2026-09-13T02:27:53.313+0000] {logging_mixin.py:188} INFO - [2026-09-13T02:27:53.313+0000] {dag.py:3089} INFO - Sync 1 DAGs
[2026-09-13T02:27:53.337+0000] {logging_mixin.py:188} INFO - [2026-09-13T02:27:53.337+0000] {dag.py:3947} INFO - Setting next_dagrun for steam_analytics_daily to 2026-09-13 02:00:00+00:00, run_after=2026-09-14 02:00:00+00:00
[2026-09-13T02:27:53.368+0000] {processor.py:183} INFO - Processing /opt/airflow/dags/steam_analytics.py took 0.238 seconds
[2026-09-13T02:28:23.504+0000] {processor.py:161} INFO - Started process (PID=340) to work on /opt/airflow/dags/steam_analytics.py
[2026-09-13T02:28:23.504+0000] {processor.py:830} INFO - Processing file /opt/airflow/dags/steam_analytics.py for tasks to queue
[2026-09-13T02:28:23.506+0000] {logging_mixin.py:188} INFO - [2026-09-13T02:28:23.506+0000] {dagbag.py:545} INFO - Filling up the DagBag from /opt/airflow/dags/steam_analytics.py
[2026-09-13T02:28:23.652+0000] {processor.py:840} INFO - DAG(s) 'steam_analytics_daily' retrieved from /opt/airflow/dags/steam_analytics.py
[2026-09-13T02:28:23.677+0000] {logging_mixin.py:188} INFO - [2026-09-13T02:28:23.677+0000] {dag.py:3089} INFO - Sync 1 DAGs
[2026-09-13T02:28:23.697+0000] {logging_mixin.py:188} INFO - [2026-09-13T02:28:23.697+0000] {dag.py:3947} INFO - Setting next_dagrun for steam_analytics_daily to 2026-09-13 02:00:00+00:00, run_after=2026-09-14 02:00:00+00:00
[2026-09-13T02:28:23.714+0000] {processor.py:183} INFO - Processing /opt/airflow/dags/steam_analytics.py took 0.214 seconds
[2026-09-13T02:28:53.834+0000] {processor.py:161} INFO - Started process (PID=345) to work on /opt/airflow/dags/steam_analytics.py
[2026-09-13T02:28:53.835+0000] {processor.py:830} INFO - Processing file /opt/airflow/dags/steam_analytics.py for tasks to queue
[2026-09-13T02:28:53.836+0000] {logging_mixin.py:188} INFO - [2026-09-13T02:28:53.836+0000] {dagbag.py:545} INFO - Filling up the DagBag from /opt/airflow/dags/steam_analytics.py
[2026-09-13T02:28:54.003+0000] {processor.py:840} INFO - DAG(s) 'steam_analytics_daily' retrieved from /opt/airflow/dags/steam_analytics.py
[2026-09-13T02:28:54.030+0000] {logging_mixin.py:188} INFO - [2026-09-13T02:28:54.030+0000] {dag.py:3089} INFO - Sync 1 DAGs
[2026-09-13T02:28:54.053+0000] {logging_mixin.py:188} INFO - [2026-09-13T02:28:54.052+0000] {dag.py:3947} INFO - Setting next_dagrun for steam_analytics_daily to 2026-09-13 02:00:00+00:00, run_after=2026-09-14 02:00:00+00:00
[2026-09-13T02:28:54.072+0000] {processor.py:183} INFO - Processing /opt/airflow/dags/steam_analytics.py took 0.242 seconds
[2026-09-13T02:29:24.197+0000] {processor.py:161} INFO - Started process (PID=350) to work on /opt/airflow/dags/steam_analytics.py
[2026-09-13T02:29:24.198+0000] {processor.py:830} INFO - Processing file /opt/airflow/dags/steam_analytics.py for tasks to queue
[2026-09-13T02:29:24.199+0000] {logging_mixin.py:188} INFO - [2026-09-13T02:29:24.199+0000] {dagbag.py:545} INFO - Filling up the DagBag from /opt/airflow/dags/steam_analytics.py
[2026-09-13T02:29:24.350+0000] {processor.py:840} INFO - DAG(s) 'steam_analytics_daily' retrieved from /opt/airflow/dags/steam_analytics.py
[2026-09-13T02:29:24.378+0000] {logging_mixin.py:188} INFO - [2026-09-13T02:29:24.377+0000] {dag.py:3089} INFO - Sync 1 DAGs
[2026-09-13T02:29:24.400+0000] {logging_mixin.py:188} INFO - [2026-09-13T02:29:24.400+0000] {dag.py:3947} INFO - Setting next_dagrun for steam_analytics_daily to 2026-09-13 02:00:00+00:00, run_after=2026-09-14 02:00:00+00:00
[2026-09-13T02:29:24.415+0000] {processor.py:183} INFO - Processing /opt/airflow/dags/steam_analytics.py took 0.223 seconds
[2026-09-13T02:29:54.557+0000] {processor.py:161} INFO - Started process (PID=355) to work on /opt/airflow/dags/steam_analytics.py
[2026-09-13T02:29:54.558+0000] {processor.py:830} INFO - Processing file /opt/airflow/dags/steam_analytics.py for tasks to queue
[2026-09-13T02:29:54.559+0000] {logging_mixin.py:188} INFO - [2026-09-13T02:29:54.559+0000] {dagbag.py:545} INFO - Filling up the DagBag from /opt/airflow/dags/steam_analytics.py
[2026-09-13T02:29:54.725+0000] {processor.py:840} INFO - DAG(s) 'steam_analytics_daily' retrieved from /opt/airflow/dags/steam_analytics.py
[2026-09-13T02:29:54.751+0000] {logging_mixin.py:188} INFO - [2026-09-13T02:29:54.750+0000] {dag.py:3089} INFO - Sync 1 DAGs
[2026-09-13T02:29:54.771+0000] {logging_mixin.py:188} INFO - [2026-09-13T02:29:54.771+0000] {dag.py:3947} INFO - Setting next_dagrun for steam_analytics_daily to 2026-09-13 02:00:00+00:00, run_after=2026-09-14 02:00:00+00:00
[2026-09-13T02:29:54.787+0000] {processor.py:183} INFO - Processing /opt/airflow/dags/steam_analytics.py took 0.245 seconds
[2026-09-13T02:30:24.927+0000] {processor.py:161} INFO - Started process (PID=360) to work on /opt/airflow/dags/steam_analytics.py
[2026-09-13T02:30:24.928+0000] {processor.py:830} INFO - Processing file /opt/airflow/dags/steam_analytics.py for tasks to queue
[2026-09-13T02:30:24.929+0000] {logging_mixin.py:188} INFO - [2026-09-13T02:30:24.929+0000] {dagbag.py:545} INFO - Filling up the DagBag from /opt/airflow/dags/steam_analytics.py
[2026-09-13T02:30:25.097+0000] {processor.py:840} INFO - DAG(s) 'steam_analytics_daily' retrieved from /opt/airflow/dags/steam_analytics.py
[2026-09-13T02:30:25.124+0000] {logging_mixin.py:188} INFO - [2026-09-13T02:30:25.124+0000] {dag.py:3089} INFO - Sync 1 DAGs
[2026-09-13T02:30:25.143+0000] {logging_mixin.py:188} INFO - [2026-09-13T02:30:25.143+0000] {dag.py:3947} INFO - Setting next_dagrun for steam_analytics_daily to 2026-09-13 02:00:00+00:00, run_after=2026-09-14 02:00:00+00:00
[2026-09-13T02:30:25.163+0000] {processor.py:183} INFO - Processing /opt/airflow/dags/steam_analytics.py took 0.241 seconds
[2026-09-13T02:30:55.323+0000] {processor.py:161} INFO - Started process (PID=365) to work on /opt/airflow/dags/steam_analytics.py
[2026-09-13T02:30:55.325+0000] {processor.py:830} INFO - Processing file /opt/airflow/dags/steam_analytics.py for tasks to queue
[2026-09-13T02:30:55.327+0000] {logging_mixin.py:188} INFO - [2026-09-13T02:30:55.326+0000] {dagbag.py:545} INFO - Filling up the DagBag from /opt/airflow/dags/steam_analytics.py
[2026-09-13T02:30:55.493+0000] {processor.py:840} INFO - DAG(s) 'steam_analytics_daily' retrieved from /opt/airflow/dags/steam_analytics.py
[2026-09-13T02:30:55.520+0000] {logging_mixin.py:188} INFO - [2026-09-13T02:30:55.520+0000] {dag.py:3089} INFO - Sync 1 DAGs
[2026-09-13T02:30:55.542+0000] {logging_mixin.py:188} INFO - [2026-09-13T02:30:55.541+0000] {dag.py:3947} INFO - Setting next_dagrun for steam_analytics_daily to 2026-09-13 02:00:00+00:00, run_after=2026-09-14 02:00:00+00:00
[2026-09-13T02:30:55.562+0000] {processor.py:183} INFO - Processing /opt/airflow/dags/steam_analytics.py took 0.244 seconds
[2026-09-13T02:31:25.698+0000] {processor.py:161} INFO - Started process (PID=370) to work on /opt/airflow/dags/steam_analytics.py
[2026-09-13T02:31:25.699+0000] {processor.py:830} INFO - Processing file /opt/airflow/dags/steam_analytics.py for tasks to queue
[2026-09-13T02:31:25.700+0000] {logging_mixin.py:188} INFO - [2026-09-13T02:31:25.700+0000] {dagbag.py:545} INFO - Filling up the DagBag from /opt/airflow/dags/steam_analytics.py
[2026-09-13T02:31:25.884+0000] {processor.py:840} INFO - DAG(s) 'steam_analytics_daily' retrieved from /opt/airflow/dags/steam_analytics.py
[2026-09-13T02:31:25.912+0000] {logging_mixin.py:188} INFO - [2026-09-13T02:31:25.912+0000] {dag.py:3089} INFO - Sync 1 DAGs
[2026-09-13T02:31:25.933+0000] {logging_mixin.py:188} INFO - [2026-09-13T02:31:25.933+0000] {dag.py:3947} INFO - Setting next_dagrun for steam_analytics_daily to 2026-09-13 02:00:00+00:00, run_after=2026-09-14 02:00:00+00:00
[2026-09-13T02:31:25.949+0000] {processor.py:183} INFO - Processing /opt/airflow/dags/steam_analytics.py took 0.255 seconds
[2026-09-13T02:31:56.161+0000] {processor.py:161} INFO - Started process (PID=375) to work on /opt/airflow/dags/steam_analytics.py
[2026-09-13T02:31:56.162+0000] {processor.py:830} INFO - Processing file /opt/airflow/dags/steam_analytics.py for tasks to queue
[2026-09-13T02:31:56.163+0000] {logging_mixin.py:188} INFO - [2026-09-13T02:31:56.163+0000] {dagbag.py:545} INFO - Filling up the DagBag from /opt/airflow/dags/steam_analytics.py
[2026-09-13T02:31:56.337+0000] {processor.py:840} INFO - DAG(s) 'steam_analytics_daily' retrieved from /opt/airflow/dags/steam_analytics.py
[2026-09-13T02:31:56.375+0000] {logging_mixin.py:188} INFO - [2026-09-13T02:31:56.375+0000] {dag.py:3089} INFO - Sync 1 DAGs
[2026-09-13T02:31:56.406+0000] {logging_mixin.py:188} INFO - [2026-09-13T02:31:56.406+0000] {dag.py:3947} INFO - Setting next_dagrun for steam_analytics_daily to 2026-09-13 02:00:00+00:00, run_after=2026-09-14 02:00:00+00:00
[2026-09-13T02:31:56.439+0000] {processor.py:183} INFO - Processing /opt/airflow/dags/steam_analytics.py took 0.283 seconds
[2026-09-13T02:32:26.610+0000] {processor.py:161} INFO - Started process (PID=380) to work on /opt/airflow/dags/steam_analytics.py
[2026-09-13T02:32:26.611+0000] {processor.py:830} INFO - Processing file /opt/airflow/dags/steam_analytics.py for tasks to queue
[2026-09-13T02:32:26.613+0000] {logging_mixin.py:188} INFO - [2026-09-13T02:32:26.612+0000] {dagbag.py:545} INFO - Filling up the DagBag from /opt/airflow/dags/steam_analytics.py
[2026-09-13T02:32:26.785+0000] {processor.py:840} INFO - DAG(s) 'steam_analytics_daily' retrieved from /opt/airflow/dags/steam_analytics.py
[2026-09-13T02:32:26.823+0000] {logging_mixin.py:188} INFO - [2026-09-13T02:32:26.823+0000] {dag.py:3089} INFO - Sync 1 DAGs
[2026-09-13T02:32:26.857+0000] {logging_mixin.py:188} INFO - [2026-09-13T02:32:26.857+0000] {dag.py:3947} INFO - Setting next_dagrun for steam_analytics_daily to 2026-09-13 02:00:00+00:00, run_after=2026-09-14 02:00:00+00:00
[2026-09-13T02:32:26.886+0000] {processor.py:183} INFO - Processing /opt/airflow/dags/steam_analytics.py took 0.283 seconds
[2026-09-13T02:32:57.040+0000] {processor.py:161} INFO - Started process (PID=385) to work on /opt/airflow/dags/steam_analytics.py
[2026-09-13T02:32:57.041+0000] {processor.py:830} INFO - Processing file /opt/airflow/dags/steam_analytics.py for tasks to queue
[2026-09-13T02:32:57.042+0000] {logging_mixin.py:188} INFO - [2026-09-13T02:32:57.042+0000] {dagbag.py:545} INFO - Filling up the DagBag from /opt/airflow/dags/steam_analytics.py
[2026-09-13T02:32:57.230+0000] {processor.py:840} INFO - DAG(s) 'steam_analytics_daily' retrieved from /opt/airflow/dags/steam_analytics.py
[2026-09-13T02:32:57.271+0000] {logging_mixin.py:188} INFO - [2026-09-13T02:32:57.270+0000] {dag.py:3089} INFO - Sync 1 DAGs
[2026-09-13T02:32:57.293+0000] {logging_mixin.py:188} INFO - [2026-09-13T02:32:57.293+0000] {dag.py:3947} INFO - Setting next_dagrun for steam_analytics_daily to 2026-09-13 02:00:00+00:00, run_after=2026-09-14 02:00:00+00:00
[2026-09-13T02:32:57.311+0000] {processor.py:183} INFO - Processing /opt/airflow/dags/steam_analytics.py took 0.278 seconds
[2026-09-13T02:33:27.450+0000] {processor.py:161} INFO - Started process (PID=390) to work on /opt/airflow/dags/steam_analytics.py
[2026-09-13T02:33:27.452+0000] {processor.py:830} INFO - Processing file /opt/airflow/dags/steam_analytics.py for tasks to queue
[2026-09-13T02:33:27.453+0000] {logging_mixin.py:188} INFO - [2026-09-13T02:33:27.453+0000] {dagbag.py:545} INFO - Filling up the DagBag from /opt/airflow/dags/steam_analytics.py
[2026-09-13T02:33:27.599+0000] {processor.py:840} INFO - DAG(s) 'steam_analytics_daily' retrieved from /opt/airflow/dags/steam_analytics.py
[2026-09-13T02:33:27.625+0000] {logging_mixin.py:188} INFO - [2026-09-13T02:33:27.625+0000] {dag.py:3089} INFO - Sync 1 DAGs
[2026-09-13T02:33:27.646+0000] {logging_mixin.py:188} INFO - [2026-09-13T02:33:27.646+0000] {dag.py:3947} INFO - Setting next_dagrun for steam_analytics_daily to 2026-09-13 02:00:00+00:00, run_after=2026-09-14 02:00:00+00:00
[2026-09-13T02:33:27.666+0000] {processor.py:183} INFO - Processing /opt/airflow/dags/steam_analytics.py took 0.224 seconds
[2026-09-13T02:33:57.907+0000] {processor.py:161} INFO - Started process (PID=395) to work on /opt/airflow/dags/steam_analytics.py
[2026-09-13T02:33:57.908+0000] {processor.py:830} INFO - Processing file /opt/airflow/dags/steam_analytics.py for tasks to queue
[2026-09-13T02:33:57.909+0000] {logging_mixin.py:188} INFO - [2026-09-13T02:33:57.909+0000] {dagbag.py:545} INFO - Filling up the DagBag from /opt/airflow/dags/steam_analytics.py
[2026-09-13T02:33:58.064+0000] {processor.py:840} INFO - DAG(s) 'steam_analytics_daily' retrieved from /opt/airflow/dags/steam_analytics.py
[2026-09-13T02:33:58.094+0000] {logging_mixin.py:188} INFO - [2026-09-13T02:33:58.093+0000] {dag.py:3089} INFO - Sync 1 DAGs
[2026-09-13T02:33:58.113+0000] {logging_mixin.py:188} INFO - [2026-09-13T02:33:58.112+0000] {dag.py:3947} INFO - Setting next_dagrun for steam_analytics_daily to 2026-09-13 02:00:00+00:00, run_after=2026-09-14 02:00:00+00:00
[2026-09-13T02:33:58.129+0000] {processor.py:183} INFO - Processing /opt/airflow/dags/steam_analytics.py took 0.227 seconds
[2026-09-13T02:34:28.281+0000] {processor.py:161} INFO - Started process (PID=400) to work on /opt/airflow/dags/steam_analytics.py
[2026-09-13T02:34:28.282+0000] {processor.py:830} INFO - Processing file /opt/airflow/dags/steam_analytics.py for tasks to queue
[2026-09-13T02:34:28.283+0000] {logging_mixin.py:188} INFO - [2026-09-13T02:34:28.283+0000] {dagbag.py:545} INFO - Filling up the DagBag from /opt/airflow/dags/steam_analytics.py
[2026-09-13T02:34:28.433+0000] {processor.py:840} INFO - DAG(s) 'steam_analytics_daily' retrieved from /opt/airflow/dags/steam_analytics.py
[2026-09-13T02:34:28.462+0000] {logging_mixin.py:188} INFO - [2026-09-13T02:34:28.462+0000] {dag.py:3089} INFO - Sync 1 DAGs
[2026-09-13T02:34:28.486+0000] {logging_mixin.py:188} INFO - [2026-09-13T02:34:28.486+0000] {dag.py:3947} INFO - Setting next_dagrun for steam_analytics_daily to 2026-09-13 02:00:00+00:00, run_after=2026-09-14 02:00:00+00:00
[2026-09-13T02:34:28.516+0000] {processor.py:183} INFO - Processing /opt/airflow/dags/steam_analytics.py took 0.239 seconds
[2026-09-13T02:34:58.666+0000] {processor.py:161} INFO - Started process (PID=405) to work on /opt/airflow/dags/steam_analytics.py
[2026-09-13T02:34:58.667+0000] {processor.py:830} INFO - Processing file /opt/airflow/dags/steam_analytics.py for tasks to queue
[2026-09-13T02:34:58.669+0000] {logging_mixin.py:188} INFO - [2026-09-13T02:34:58.668+0000] {dagbag.py:545} INFO - Filling up the DagBag from /opt/airflow/dags/steam_analytics.py
[2026-09-13T02:34:58.821+0000] {processor.py:840} INFO - DAG(s) 'steam_analytics_daily' retrieved from /opt/airflow/dags/steam_analytics.py
[2026-09-13T02:34:58.848+0000] {logging_mixin.py:188} INFO - [2026-09-13T02:34:58.847+0000] {dag.py:3089} INFO - Sync 1 DAGs
[2026-09-13T02:34:58.870+0000] {logging_mixin.py:188} INFO - [2026-09-13T02:34:58.870+0000] {dag.py:3947} INFO - Setting next_dagrun for steam_analytics_daily to 2026-09-13 02:00:00+00:00, run_after=2026-09-14 02:00:00+00:00
[2026-09-13T02:34:58.889+0000] {processor.py:183} INFO - Processing /opt/airflow/dags/steam_analytics.py took 0.227 seconds
[2026-09-13T02:35:29.026+0000] {processor.py:161} INFO - Started process (PID=410) to work on /opt/airflow/dags/steam_analytics.py
[2026-09-13T02:35:29.027+0000] {processor.py:830} INFO - Processing file /opt/airflow/dags/steam_analytics.py for tasks to queue
[2026-09-13T02:35:29.028+0000] {logging_mixin.py:188} INFO - [2026-09-13T02:35:29.028+0000] {dagbag.py:545} INFO - Filling up the DagBag from /opt/airflow/dags/steam_analytics.py
[2026-09-13T02:35:29.197+0000] {processor.py:840} INFO - DAG(s) 'steam_analytics_daily' retrieved from /opt/airflow/dags/steam_analytics.py
[2026-09-13T02:35:29.235+0000] {logging_mixin.py:188} INFO - [2026-09-13T02:35:29.235+0000] {dag.py:3089} INFO - Sync 1 DAGs
[2026-09-13T02:35:29.260+0000] {logging_mixin.py:188} INFO - [2026-09-13T02:35:29.259+0000] {dag.py:3947} INFO - Setting next_dagrun for steam_analytics_daily to 2026-09-13 02:00:00+00:00, run_after=2026-09-14 02:00:00+00:00
[2026-09-13T02:35:29.276+0000] {processor.py:183} INFO - Processing /opt/airflow/dags/steam_analytics.py took 0.254 seconds
[2026-09-13T02:35:59.432+0000] {processor.py:161} INFO - Started process (PID=415) to work on /opt/airflow/dags/steam_analytics.py
[2026-09-13T02:35:59.433+0000] {processor.py:830} INFO - Processing file /opt/airflow/dags/steam_analytics.py for tasks to queue
[2026-09-13T02:35:59.434+0000] {logging_mixin.py:188} INFO - [2026-09-13T02:35:59.434+0000] {dagbag.py:545} INFO - Filling up the DagBag from /opt/airflow/dags/steam_analytics.py
[2026-09-13T02:35:59.597+0000] {processor.py:840} INFO - DAG(s) 'steam_analytics_daily' retrieved from /opt/airflow/dags/steam_analytics.py
[2026-09-13T02:35:59.630+0000] {logging_mixin.py:188} INFO - [2026-09-13T02:35:59.629+0000] {dag.py:3089} INFO - Sync 1 DAGs
[2026-09-13T02:35:59.655+0000] {logging_mixin.py:188} INFO - [2026-09-13T02:35:59.655+0000] {dag.py:3947} INFO - Setting next_dagrun for steam_analytics_daily to 2026-09-13 02:00:00+00:00, run_after=2026-09-14 02:00:00+00:00
[2026-09-13T02:35:59.682+0000] {processor.py:183} INFO - Processing /opt/airflow/dags/steam_analytics.py took 0.254 seconds
[2026-09-13T02:36:29.751+0000] {processor.py:161} INFO - Started process (PID=420) to work on /opt/airflow/dags/steam_analytics.py
[2026-09-13T02:36:29.752+0000] {processor.py:830} INFO - Processing file /opt/airflow/dags/steam_analytics.py for tasks to queue
[2026-09-13T02:36:29.754+0000] {logging_mixin.py:188} INFO - [2026-09-13T02:36:29.753+0000] {dagbag.py:545} INFO - Filling up the DagBag from /opt/airflow/dags/steam_analytics.py
[2026-09-13T02:36:29.936+0000] {processor.py:840} INFO - DAG(s) 'steam_analytics_daily' retrieved from /opt/airflow/dags/steam_analytics.py
[2026-09-13T02:36:29.967+0000] {logging_mixin.py:188} INFO - [2026-09-13T02:36:29.967+0000] {dag.py:3089} INFO - Sync 1 DAGs
[2026-09-13T02:36:29.988+0000] {logging_mixin.py:188} INFO - [2026-09-13T02:36:29.988+0000] {dag.py:3947} INFO - Setting next_dagrun for steam_analytics_daily to 2026-09-13 02:00:00+00:00, run_after=2026-09-14 02:00:00+00:00
[2026-09-13T02:36:30.009+0000] {processor.py:183} INFO - Processing /opt/airflow/dags/steam_analytics.py took 0.262 seconds
[2026-09-13T02:37:00.159+0000] {processor.py:161} INFO - Started process (PID=425) to work on /opt/airflow/dags/steam_analytics.py
[2026-09-13T02:37:00.160+0000] {processor.py:830} INFO - Processing file /opt/airflow/dags/steam_analytics.py for tasks to queue
[2026-09-13T02:37:00.161+0000] {logging_mixin.py:188} INFO - [2026-09-13T02:37:00.161+0000] {dagbag.py:545} INFO - Filling up the DagBag from /opt/airflow/dags/steam_analytics.py
[2026-09-13T02:37:00.352+0000] {processor.py:840} INFO - DAG(s) 'steam_analytics_daily' retrieved from /opt/airflow/dags/steam_analytics.py
[2026-09-13T02:37:00.380+0000] {logging_mixin.py:188} INFO - [2026-09-13T02:37:00.380+0000] {dag.py:3089} INFO - Sync 1 DAGs
[2026-09-13T02:37:00.402+0000] {logging_mixin.py:188} INFO - [2026-09-13T02:37:00.401+0000] {dag.py:3947} INFO - Setting next_dagrun for steam_analytics_daily to 2026-09-13 02:00:00+00:00, run_after=2026-09-14 02:00:00+00:00
[2026-09-13T02:37:00.423+0000] {processor.py:183} INFO - Processing /opt/airflow/dags/steam_analytics.py took 0.269 seconds
[2026-09-13T02:37:30.578+0000] {processor.py:161} INFO - Started process (PID=430) to work on /opt/airflow/dags/steam_analytics.py
[2026-09-13T02:37:30.579+0000] {processor.py:830} INFO - Processing file /opt/airflow/dags/steam_analytics.py for tasks to queue
[2026-09-13T02:37:30.581+0000] {logging_mixin.py:188} INFO - [2026-09-13T02:37:30.580+0000] {dagbag.py:545} INFO - Filling up the DagBag from /opt/airflow/dags/steam_analytics.py
[2026-09-13T02:37:30.771+0000] {processor.py:840} INFO - DAG(s) 'steam_analytics_daily' retrieved from /opt/airflow/dags/steam_analytics.py
[2026-09-13T02:37:30.823+0000] {logging_mixin.py:188} INFO - [2026-09-13T02:37:30.823+0000] {dag.py:3089} INFO - Sync 1 DAGs
[2026-09-13T02:37:30.855+0000] {logging_mixin.py:188} INFO - [2026-09-13T02:37:30.855+0000] {dag.py:3947} INFO - Setting next_dagrun for steam_analytics_daily to 2026-09-13 02:00:00+00:00, run_after=2026-09-14 02:00:00+00:00
[2026-09-13T02:37:30.892+0000] {processor.py:183} INFO - Processing /opt/airflow/dags/steam_analytics.py took 0.318 seconds
[2026-09-13T02:38:01.050+0000] {processor.py:161} INFO - Started process (PID=435) to work on /opt/airflow/dags/steam_analytics.py
[2026-09-13T02:38:01.051+0000] {processor.py:830} INFO - Processing file /opt/airflow/dags/steam_analytics.py for tasks to queue
[2026-09-13T02:38:01.052+0000] {logging_mixin.py:188} INFO - [2026-09-13T02:38:01.052+0000] {dagbag.py:545} INFO - Filling up the DagBag from /opt/airflow/dags/steam_analytics.py
[2026-09-13T02:38:01.195+0000] {processor.py:840} INFO - DAG(s) 'steam_analytics_daily' retrieved from /opt/airflow/dags/steam_analytics.py
[2026-09-13T02:38:01.221+0000] {logging_mixin.py:188} INFO - [2026-09-13T02:38:01.221+0000] {dag.py:3089} INFO - Sync 1 DAGs
[2026-09-13T02:38:01.246+0000] {logging_mixin.py:188} INFO - [2026-09-13T02:38:01.246+0000] {dag.py:3947} INFO - Setting next_dagrun for steam_analytics_daily to 2026-09-13 02:00:00+00:00, run_after=2026-09-14 02:00:00+00:00
[2026-09-13T02:38:01.264+0000] {processor.py:183} INFO - Processing /opt/airflow/dags/steam_analytics.py took 0.218 seconds
[2026-09-13T02:38:31.416+0000] {processor.py:161} INFO - Started process (PID=440) to work on /opt/airflow/dags/steam_analytics.py
[2026-09-13T02:38:31.417+0000] {processor.py:830} INFO - Processing file /opt/airflow/dags/steam_analytics.py for tasks to queue
[2026-09-13T02:38:31.419+0000] {logging_mixin.py:188} INFO - [2026-09-13T02:38:31.419+0000] {dagbag.py:545} INFO - Filling up the DagBag from /opt/airflow/dags/steam_analytics.py
[2026-09-13T02:38:31.579+0000] {processor.py:840} INFO - DAG(s) 'steam_analytics_daily' retrieved from /opt/airflow/dags/steam_analytics.py
[2026-09-13T02:38:31.611+0000] {logging_mixin.py:188} INFO - [2026-09-13T02:38:31.611+0000] {dag.py:3089} INFO - Sync 1 DAGs
[2026-09-13T02:38:31.631+0000] {logging_mixin.py:188} INFO - [2026-09-13T02:38:31.631+0000] {dag.py:3947} INFO - Setting next_dagrun for steam_analytics_daily to 2026-09-13 02:00:00+00:00, run_after=2026-09-14 02:00:00+00:00
[2026-09-13T02:38:31.650+0000] {processor.py:183} INFO - Processing /opt/airflow/dags/steam_analytics.py took 0.239 seconds
[2026-09-13T02:39:01.780+0000] {processor.py:161} INFO - Started process (PID=445) to work on /opt/airflow/dags/steam_analytics.py
[2026-09-13T02:39:01.781+0000] {processor.py:830} INFO - Processing file /opt/airflow/dags/steam_analytics.py for tasks to queue
[2026-09-13T02:39:01.783+0000] {logging_mixin.py:188} INFO - [2026-09-13T02:39:01.782+0000] {dagbag.py:545} INFO - Filling up the DagBag from /opt/airflow/dags/steam_analytics.py
[2026-09-13T02:39:01.930+0000] {processor.py:840} INFO - DAG(s) 'steam_analytics_daily' retrieved from /opt/airflow/dags/steam_analytics.py
[2026-09-13T02:39:01.956+0000] {logging_mixin.py:188} INFO - [2026-09-13T02:39:01.956+0000] {dag.py:3089} INFO - Sync 1 DAGs
[2026-09-13T02:39:01.978+0000] {logging_mixin.py:188} INFO - [2026-09-13T02:39:01.977+0000] {dag.py:3947} INFO - Setting next_dagrun for steam_analytics_daily to 2026-09-13 02:00:00+00:00, run_after=2026-09-14 02:00:00+00:00
[2026-09-13T02:39:01.996+0000] {processor.py:183} INFO - Processing /opt/airflow/dags/steam_analytics.py took 0.220 seconds
[2026-09-13T02:39:32.129+0000] {processor.py:161} INFO - Started process (PID=450) to work on /opt/airflow/dags/steam_analytics.py
[2026-09-13T02:39:32.129+0000] {processor.py:830} INFO - Processing file /opt/airflow/dags/steam_analytics.py for tasks to queue
[2026-09-13T02:39:32.130+0000] {logging_mixin.py:188} INFO - [2026-09-13T02:39:32.130+0000] {dagbag.py:545} INFO - Filling up the DagBag from /opt/airflow/dags/steam_analytics.py
[2026-09-13T02:39:32.305+0000] {processor.py:840} INFO - DAG(s) 'steam_analytics_daily' retrieved from /opt/airflow/dags/steam_analytics.py
[2026-09-13T02:39:32.333+0000] {logging_mixin.py:188} INFO - [2026-09-13T02:39:32.333+0000] {dag.py:3089} INFO - Sync 1 DAGs
[2026-09-13T02:39:32.354+0000] {logging_mixin.py:188} INFO - [2026-09-13T02:39:32.354+0000] {dag.py:3947} INFO - Setting next_dagrun for steam_analytics_daily to 2026-09-13 02:00:00+00:00, run_after=2026-09-14 02:00:00+00:00
[2026-09-13T02:39:32.373+0000] {processor.py:183} INFO - Processing /opt/airflow/dags/steam_analytics.py took 0.249 seconds
[2026-09-13T02:40:02.525+0000] {processor.py:161} INFO - Started process (PID=455) to work on /opt/airflow/dags/steam_analytics.py
[2026-09-13T02:40:02.526+0000] {processor.py:830} INFO - Processing file /opt/airflow/dags/steam_analytics.py for tasks to queue
[2026-09-13T02:40:02.527+0000] {logging_mixin.py:188} INFO - [2026-09-13T02:40:02.527+0000] {dagbag.py:545} INFO - Filling up the DagBag from /opt/airflow/dags/steam_analytics.py
[2026-09-13T02:40:02.675+0000] {processor.py:840} INFO - DAG(s) 'steam_analytics_daily' retrieved from /opt/airflow/dags/steam_analytics.py
[2026-09-13T02:40:02.702+0000] {logging_mixin.py:188} INFO - [2026-09-13T02:40:02.700+0000] {dag.py:3089} INFO - Sync 1 DAGs
[2026-09-13T02:40:02.725+0000] {logging_mixin.py:188} INFO - [2026-09-13T02:40:02.725+0000] {dag.py:3947} INFO - Setting next_dagrun for steam_analytics_daily to 2026-09-13 02:00:00+00:00, run_after=2026-09-14 02:00:00+00:00
[2026-09-13T02:40:02.743+0000] {processor.py:183} INFO - Processing /opt/airflow/dags/steam_analytics.py took 0.222 seconds
[2026-09-13T02:40:32.877+0000] {processor.py:161} INFO - Started process (PID=460) to work on /opt/airflow/dags/steam_analytics.py
[2026-09-13T02:40:32.878+0000] {processor.py:830} INFO - Processing file /opt/airflow/dags/steam_analytics.py for tasks to queue
[2026-09-13T02:40:32.881+0000] {logging_mixin.py:188} INFO - [2026-09-13T02:40:32.881+0000] {dagbag.py:545} INFO - Filling up the DagBag from /opt/airflow/dags/steam_analytics.py
[2026-09-13T02:40:33.037+0000] {processor.py:840} INFO - DAG(s) 'steam_analytics_daily' retrieved from /opt/airflow/dags/steam_analytics.py
[2026-09-13T02:40:33.071+0000] {logging_mixin.py:188} INFO - [2026-09-13T02:40:33.071+0000] {dag.py:3089} INFO - Sync 1 DAGs
[2026-09-13T02:40:33.099+0000] {logging_mixin.py:188} INFO - [2026-09-13T02:40:33.098+0000] {dag.py:3947} INFO - Setting next_dagrun for steam_analytics_daily to 2026-09-13 02:00:00+00:00, run_after=2026-09-14 02:00:00+00:00
[2026-09-13T02:40:33.127+0000] {processor.py:183} INFO - Processing /opt/airflow/dags/steam_analytics.py took 0.255 seconds
[2026-09-13T02:41:03.268+0000] {processor.py:161} INFO - Started process (PID=465) to work on /opt/airflow/dags/steam_analytics.py
[2026-09-13T02:41:03.269+0000] {processor.py:830} INFO - Processing file /opt/airflow/dags/steam_analytics.py for tasks to queue
[2026-09-13T02:41:03.270+0000] {logging_mixin.py:188} INFO - [2026-09-13T02:41:03.270+0000] {dagbag.py:545} INFO - Filling up the DagBag from /opt/airflow/dags/steam_analytics.py
[2026-09-13T02:41:03.420+0000] {processor.py:840} INFO - DAG(s) 'steam_analytics_daily' retrieved from /opt/airflow/dags/steam_analytics.py
[2026-09-13T02:41:03.453+0000] {logging_mixin.py:188} INFO - [2026-09-13T02:41:03.453+0000] {dag.py:3089} INFO - Sync 1 DAGs
[2026-09-13T02:41:03.475+0000] {logging_mixin.py:188} INFO - [2026-09-13T02:41:03.475+0000] {dag.py:3947} INFO - Setting next_dagrun for steam_analytics_daily to 2026-09-13 02:00:00+00:00, run_after=2026-09-14 02:00:00+00:00
[2026-09-13T02:41:03.491+0000] {processor.py:183} INFO - Processing /opt/airflow/dags/steam_analytics.py took 0.230 seconds
[2026-09-13T02:41:33.627+0000] {processor.py:161} INFO - Started process (PID=470) to work on /opt/airflow/dags/steam_analytics.py
[2026-09-13T02:41:33.628+0000] {processor.py:830} INFO - Processing file /opt/airflow/dags/steam_analytics.py for tasks to queue
[2026-09-13T02:41:33.630+0000] {logging_mixin.py:188} INFO - [2026-09-13T02:41:33.629+0000] {dagbag.py:545} INFO - Filling up the DagBag from /opt/airflow/dags/steam_analytics.py
[2026-09-13T02:41:33.785+0000] {processor.py:840} INFO - DAG(s) 'steam_analytics_daily' retrieved from /opt/airflow/dags/steam_analytics.py
[2026-09-13T02:41:33.820+0000] {logging_mixin.py:188} INFO - [2026-09-13T02:41:33.820+0000] {dag.py:3089} INFO - Sync 1 DAGs
[2026-09-13T02:41:33.843+0000] {logging_mixin.py:188} INFO - [2026-09-13T02:41:33.843+0000] {dag.py:3947} INFO - Setting next_dagrun for steam_analytics_daily to 2026-09-13 02:00:00+00:00, run_after=2026-09-14 02:00:00+00:00
[2026-09-13T02:41:33.860+0000] {processor.py:183} INFO - Processing /opt/airflow/dags/steam_analytics.py took 0.237 seconds
[2026-09-13T02:42:03.994+0000] {processor.py:161} INFO - Started process (PID=475) to work on /opt/airflow/dags/steam_analytics.py
[2026-09-13T02:42:03.994+0000] {processor.py:830} INFO - Processing file /opt/airflow/dags/steam_analytics.py for tasks to queue
[2026-09-13T02:42:03.996+0000] {logging_mixin.py:188} INFO - [2026-09-13T02:42:03.995+0000] {dagbag.py:545} INFO - Filling up the DagBag from /opt/airflow/dags/steam_analytics.py
[2026-09-13T02:42:04.142+0000] {processor.py:840} INFO - DAG(s) 'steam_analytics_daily' retrieved from /opt/airflow/dags/steam_analytics.py
[2026-09-13T02:42:04.167+0000] {logging_mixin.py:188} INFO - [2026-09-13T02:42:04.167+0000] {dag.py:3089} INFO - Sync 1 DAGs
[2026-09-13T02:42:04.191+0000] {logging_mixin.py:188} INFO - [2026-09-13T02:42:04.190+0000] {dag.py:3947} INFO - Setting next_dagrun for steam_analytics_daily to 2026-09-13 02:00:00+00:00, run_after=2026-09-14 02:00:00+00:00
[2026-09-13T02:42:04.210+0000] {processor.py:183} INFO - Processing /opt/airflow/dags/steam_analytics.py took 0.222 seconds
[2026-09-13T02:42:34.337+0000] {processor.py:161} INFO - Started process (PID=480) to work on /opt/airflow/dags/steam_analytics.py
[2026-09-13T02:42:34.338+0000] {processor.py:830} INFO - Processing file /opt/airflow/dags/steam_analytics.py for tasks to queue
[2026-09-13T02:42:34.341+0000] {logging_mixin.py:188} INFO - [2026-09-13T02:42:34.340+0000] {dagbag.py:545} INFO - Filling up the DagBag from /opt/airflow/dags/steam_analytics.py
[2026-09-13T02:42:34.479+0000] {processor.py:840} INFO - DAG(s) 'steam_analytics_daily' retrieved from /opt/airflow/dags/steam_analytics.py
[2026-09-13T02:42:34.508+0000] {logging_mixin.py:188} INFO - [2026-09-13T02:42:34.507+0000] {dag.py:3089} INFO - Sync 1 DAGs
[2026-09-13T02:42:34.533+0000] {logging_mixin.py:188} INFO - [2026-09-13T02:42:34.533+0000] {dag.py:3947} INFO - Setting next_dagrun for steam_analytics_daily to 2026-09-13 02:00:00+00:00, run_after=2026-09-14 02:00:00+00:00
[2026-09-13T02:42:34.550+0000] {processor.py:183} INFO - Processing /opt/airflow/dags/steam_analytics.py took 0.217 seconds
[2026-09-13T02:43:04.683+0000] {processor.py:161} INFO - Started process (PID=485) to work on /opt/airflow/dags/steam_analytics.py
[2026-09-13T02:43:04.684+0000] {processor.py:830} INFO - Processing file /opt/airflow/dags/steam_analytics.py for tasks to queue
[2026-09-13T02:43:04.686+0000] {logging_mixin.py:188} INFO - [2026-09-13T02:43:04.685+0000] {dagbag.py:545} INFO - Filling up the DagBag from /opt/airflow/dags/steam_analytics.py
[2026-09-13T02:43:04.845+0000] {processor.py:840} INFO - DAG(s) 'steam_analytics_daily' retrieved from /opt/airflow/dags/steam_analytics.py
[2026-09-13T02:43:04.875+0000] {logging_mixin.py:188} INFO - [2026-09-13T02:43:04.875+0000] {dag.py:3089} INFO - Sync 1 DAGs
[2026-09-13T02:43:04.896+0000] {logging_mixin.py:188} INFO - [2026-09-13T02:43:04.896+0000] {dag.py:3947} INFO - Setting next_dagrun for steam_analytics_daily to 2026-09-13 02:00:00+00:00, run_after=2026-09-14 02:00:00+00:00
[2026-09-13T02:43:04.916+0000] {processor.py:183} INFO - Processing /opt/airflow/dags/steam_analytics.py took 0.237 seconds
[2026-09-13T02:43:35.065+0000] {processor.py:161} INFO - Started process (PID=490) to work on /opt/airflow/dags/steam_analytics.py
[2026-09-13T02:43:35.066+0000] {processor.py:830} INFO - Processing file /opt/airflow/dags/steam_analytics.py for tasks to queue
[2026-09-13T02:43:35.067+0000] {logging_mixin.py:188} INFO - [2026-09-13T02:43:35.067+0000] {dagbag.py:545} INFO - Filling up the DagBag from /opt/airflow/dags/steam_analytics.py
[2026-09-13T02:43:35.231+0000] {processor.py:840} INFO - DAG(s) 'steam_analytics_daily' retrieved from /opt/airflow/dags/steam_analytics.py
[2026-09-13T02:43:35.259+0000] {logging_mixin.py:188} INFO - [2026-09-13T02:43:35.259+0000] {dag.py:3089} INFO - Sync 1 DAGs
[2026-09-13T02:43:35.281+0000] {logging_mixin.py:188} INFO - [2026-09-13T02:43:35.280+0000] {dag.py:3947} INFO - Setting next_dagrun for steam_analytics_daily to 2026-09-13 02:00:00+00:00, run_after=2026-09-14 02:00:00+00:00
[2026-09-13T02:43:35.302+0000] {processor.py:183} INFO - Processing /opt/airflow/dags/steam_analytics.py took 0.242 seconds
[2026-09-13T02:44:05.440+0000] {processor.py:161} INFO - Started process (PID=495) to work on /opt/airflow/dags/steam_analytics.py
[2026-09-13T02:44:05.441+0000] {processor.py:830} INFO - Processing file /opt/airflow/dags/steam_analytics.py for tasks to queue
[2026-09-13T02:44:05.442+0000] {logging_mixin.py:188} INFO - [2026-09-13T02:44:05.442+0000] {dagbag.py:545} INFO - Filling up the DagBag from /opt/airflow/dags/steam_analytics.py
[2026-09-13T02:44:05.590+0000] {processor.py:840} INFO - DAG(s) 'steam_analytics_daily' retrieved from /opt/airflow/dags/steam_analytics.py
[2026-09-13T02:44:05.617+0000] {logging_mixin.py:188} INFO - [2026-09-13T02:44:05.617+0000] {dag.py:3089} INFO - Sync 1 DAGs
[2026-09-13T02:44:05.638+0000] {logging_mixin.py:188} INFO - [2026-09-13T02:44:05.637+0000] {dag.py:3947} INFO - Setting next_dagrun for steam_analytics_daily to 2026-09-13 02:00:00+00:00, run_after=2026-09-14 02:00:00+00:00
[2026-09-13T02:44:05.653+0000] {processor.py:183} INFO - Processing /opt/airflow/dags/steam_analytics.py took 0.219 seconds
[2026-09-13T02:44:35.784+0000] {processor.py:161} INFO - Started process (PID=500) to work on /opt/airflow/dags/steam_analytics.py
[2026-09-13T02:44:35.785+0000] {processor.py:830} INFO - Processing file /opt/airflow/dags/steam_analytics.py for tasks to queue
[2026-09-13T02:44:35.786+0000] {logging_mixin.py:188} INFO - [2026-09-13T02:44:35.786+0000] {dagbag.py:545} INFO - Filling up the DagBag from /opt/airflow/dags/steam_analytics.py
[2026-09-13T02:44:35.927+0000] {processor.py:840} INFO - DAG(s) 'steam_analytics_daily' retrieved from /opt/airflow/dags/steam_analytics.py
[2026-09-13T02:44:35.954+0000] {logging_mixin.py:188} INFO - [2026-09-13T02:44:35.954+0000] {dag.py:3089} INFO - Sync 1 DAGs
[2026-09-13T02:44:35.975+0000] {logging_mixin.py:188} INFO - [2026-09-13T02:44:35.975+0000] {dag.py:3947} INFO - Setting next_dagrun for steam_analytics_daily to 2026-09-13 02:00:00+00:00, run_after=2026-09-14 02:00:00+00:00
[2026-09-13T02:44:35.992+0000] {processor.py:183} INFO - Processing /opt/airflow/dags/steam_analytics.py took 0.212 seconds
[2026-09-13T02:45:06.118+0000] {processor.py:161} INFO - Started process (PID=505) to work on /opt/airflow/dags/steam_analytics.py
[2026-09-13T02:45:06.118+0000] {processor.py:830} INFO - Processing file /opt/airflow/dags/steam_analytics.py for tasks to queue
[2026-09-13T02:45:06.120+0000] {logging_mixin.py:188} INFO - [2026-09-13T02:45:06.119+0000] {dagbag.py:545} INFO - Filling up the DagBag from /opt/airflow/dags/steam_analytics.py
[2026-09-13T02:45:06.264+0000] {processor.py:840} INFO - DAG(s) 'steam_analytics_daily' retrieved from /opt/airflow/dags/steam_analytics.py
[2026-09-13T02:45:06.290+0000] {logging_mixin.py:188} INFO - [2026-09-13T02:45:06.290+0000] {dag.py:3089} INFO - Sync 1 DAGs
[2026-09-13T02:45:06.311+0000] {logging_mixin.py:188} INFO - [2026-09-13T02:45:06.311+0000] {dag.py:3947} INFO - Setting next_dagrun for steam_analytics_daily to 2026-09-13 02:00:00+00:00, run_after=2026-09-14 02:00:00+00:00
[2026-09-13T02:45:06.329+0000] {processor.py:183} INFO - Processing /opt/airflow/dags/steam_analytics.py took 0.215 seconds
[2026-09-13T02:45:36.457+0000] {processor.py:161} INFO - Started process (PID=510) to work on /opt/airflow/dags/steam_analytics.py
[2026-09-13T02:45:36.458+0000] {processor.py:830} INFO - Processing file /opt/airflow/dags/steam_analytics.py for tasks to queue
[2026-09-13T02:45:36.459+0000] {logging_mixin.py:188} INFO - [2026-09-13T02:45:36.459+0000] {dagbag.py:545} INFO - Filling up the DagBag from /opt/airflow/dags/steam_analytics.py
[2026-09-13T02:45:36.601+0000] {processor.py:840} INFO - DAG(s) 'steam_analytics_daily' retrieved from /opt/airflow/dags/steam_analytics.py
[2026-09-13T02:45:36.628+0000] {logging_mixin.py:188} INFO - [2026-09-13T02:45:36.628+0000] {dag.py:3089} INFO - Sync 1 DAGs
[2026-09-13T02:45:36.653+0000] {logging_mixin.py:188} INFO - [2026-09-13T02:45:36.653+0000] {dag.py:3947} INFO - Setting next_dagrun for steam_analytics_daily to 2026-09-13 02:00:00+00:00, run_after=2026-09-14 02:00:00+00:00
[2026-09-13T02:45:36.668+0000] {processor.py:183} INFO - Processing /opt/airflow/dags/steam_analytics.py took 0.214 seconds
[2026-09-13T02:46:06.812+0000] {processor.py:161} INFO - Started process (PID=515) to work on /opt/airflow/dags/steam_analytics.py
[2026-09-13T02:46:06.812+0000] {processor.py:830} INFO - Processing file /opt/airflow/dags/steam_analytics.py for tasks to queue
[2026-09-13T02:46:06.814+0000] {logging_mixin.py:188} INFO - [2026-09-13T02:46:06.814+0000] {dagbag.py:545} INFO - Filling up the DagBag from /opt/airflow/dags/steam_analytics.py
[2026-09-13T02:46:06.965+0000] {processor.py:840} INFO - DAG(s) 'steam_analytics_daily' retrieved from /opt/airflow/dags/steam_analytics.py
[2026-09-13T02:46:06.993+0000] {logging_mixin.py:188} INFO - [2026-09-13T02:46:06.993+0000] {dag.py:3089} INFO - Sync 1 DAGs
[2026-09-13T02:46:07.013+0000] {logging_mixin.py:188} INFO - [2026-09-13T02:46:07.013+0000] {dag.py:3947} INFO - Setting next_dagrun for steam_analytics_daily to 2026-09-13 02:00:00+00:00, run_after=2026-09-14 02:00:00+00:00
[2026-09-13T02:46:07.035+0000] {processor.py:183} INFO - Processing /opt/airflow/dags/steam_analytics.py took 0.230 seconds
[2026-09-13T02:46:37.188+0000] {processor.py:161} INFO - Started process (PID=520) to work on /opt/airflow/dags/steam_analytics.py
[2026-09-13T02:46:37.188+0000] {processor.py:830} INFO - Processing file /opt/airflow/dags/steam_analytics.py for tasks to queue
[2026-09-13T02:46:37.190+0000] {logging_mixin.py:188} INFO - [2026-09-13T02:46:37.190+0000] {dagbag.py:545} INFO - Filling up the DagBag from /opt/airflow/dags/steam_analytics.py
[2026-09-13T02:46:37.356+0000] {processor.py:840} INFO - DAG(s) 'steam_analytics_daily' retrieved from /opt/airflow/dags/steam_analytics.py
[2026-09-13T02:46:37.383+0000] {logging_mixin.py:188} INFO - [2026-09-13T02:46:37.383+0000] {dag.py:3089} INFO - Sync 1 DAGs
[2026-09-13T02:46:37.406+0000] {logging_mixin.py:188} INFO - [2026-09-13T02:46:37.406+0000] {dag.py:3947} INFO - Setting next_dagrun for steam_analytics_daily to 2026-09-13 02:00:00+00:00, run_after=2026-09-14 02:00:00+00:00
[2026-09-13T02:46:37.422+0000] {processor.py:183} INFO - Processing /opt/airflow/dags/steam_analytics.py took 0.239 seconds
[2026-09-13T02:47:07.552+0000] {processor.py:161} INFO - Started process (PID=525) to work on /opt/airflow/dags/steam_analytics.py
[2026-09-13T02:47:07.553+0000] {processor.py:830} INFO - Processing file /opt/airflow/dags/steam_analytics.py for tasks to queue
[2026-09-13T02:47:07.555+0000] {logging_mixin.py:188} INFO - [2026-09-13T02:47:07.555+0000] {dagbag.py:545} INFO - Filling up the DagBag from /opt/airflow/dags/steam_analytics.py
[2026-09-13T02:47:07.695+0000] {processor.py:840} INFO - DAG(s) 'steam_analytics_daily' retrieved from /opt/airflow/dags/steam_analytics.py
[2026-09-13T02:47:07.721+0000] {logging_mixin.py:188} INFO - [2026-09-13T02:47:07.720+0000] {dag.py:3089} INFO - Sync 1 DAGs
[2026-09-13T02:47:07.739+0000] {logging_mixin.py:188} INFO - [2026-09-13T02:47:07.739+0000] {dag.py:3947} INFO - Setting next_dagrun for steam_analytics_daily to 2026-09-13 02:00:00+00:00, run_after=2026-09-14 02:00:00+00:00
[2026-09-13T02:47:07.758+0000] {processor.py:183} INFO - Processing /opt/airflow/dags/steam_analytics.py took 0.212 seconds
[2026-09-13T02:47:37.890+0000] {processor.py:161} INFO - Started process (PID=530) to work on /opt/airflow/dags/steam_analytics.py
[2026-09-13T02:47:37.891+0000] {processor.py:830} INFO - Processing file /opt/airflow/dags/steam_analytics.py for tasks to queue
[2026-09-13T02:47:37.892+0000] {logging_mixin.py:188} INFO - [2026-09-13T02:47:37.892+0000] {dagbag.py:545} INFO - Filling up the DagBag from /opt/airflow/dags/steam_analytics.py
[2026-09-13T02:47:38.041+0000] {processor.py:840} INFO - DAG(s) 'steam_analytics_daily' retrieved from /opt/airflow/dags/steam_analytics.py
[2026-09-13T02:47:38.072+0000] {logging_mixin.py:188} INFO - [2026-09-13T02:47:38.071+0000] {dag.py:3089} INFO - Sync 1 DAGs
[2026-09-13T02:47:38.093+0000] {logging_mixin.py:188} INFO - [2026-09-13T02:47:38.093+0000] {dag.py:3947} INFO - Setting next_dagrun for steam_analytics_daily to 2026-09-13 02:00:00+00:00, run_after=2026-09-14 02:00:00+00:00
[2026-09-13T02:47:38.108+0000] {processor.py:183} INFO - Processing /opt/airflow/dags/steam_analytics.py took 0.222 seconds
[2026-09-13T02:48:08.241+0000] {processor.py:161} INFO - Started process (PID=535) to work on /opt/airflow/dags/steam_analytics.py
[2026-09-13T02:48:08.242+0000] {processor.py:830} INFO - Processing file /opt/airflow/dags/steam_analytics.py for tasks to queue
[2026-09-13T02:48:08.243+0000] {logging_mixin.py:188} INFO - [2026-09-13T02:48:08.243+0000] {dagbag.py:545} INFO - Filling up the DagBag from /opt/airflow/dags/steam_analytics.py
[2026-09-13T02:48:08.376+0000] {processor.py:840} INFO - DAG(s) 'steam_analytics_daily' retrieved from /opt/airflow/dags/steam_analytics.py
[2026-09-13T02:48:08.401+0000] {logging_mixin.py:188} INFO - [2026-09-13T02:48:08.401+0000] {dag.py:3089} INFO - Sync 1 DAGs
[2026-09-13T02:48:08.419+0000] {logging_mixin.py:188} INFO - [2026-09-13T02:48:08.419+0000] {dag.py:3947} INFO - Setting next_dagrun for steam_analytics_daily to 2026-09-13 02:00:00+00:00, run_after=2026-09-14 02:00:00+00:00
[2026-09-13T02:48:08.435+0000] {processor.py:183} INFO - Processing /opt/airflow/dags/steam_analytics.py took 0.198 seconds
[2026-09-13T02:48:38.557+0000] {processor.py:161} INFO - Started process (PID=540) to work on /opt/airflow/dags/steam_analytics.py
[2026-09-13T02:48:38.558+0000] {processor.py:830} INFO - Processing file /opt/airflow/dags/steam_analytics.py for tasks to queue
[2026-09-13T02:48:38.559+0000] {logging_mixin.py:188} INFO - [2026-09-13T02:48:38.559+0000] {dagbag.py:545} INFO - Filling up the DagBag from /opt/airflow/dags/steam_analytics.py
[2026-09-13T02:48:38.705+0000] {processor.py:840} INFO - DAG(s) 'steam_analytics_daily' retrieved from /opt/airflow/dags/steam_analytics.py
[2026-09-13T02:48:38.732+0000] {logging_mixin.py:188} INFO - [2026-09-13T02:48:38.732+0000] {dag.py:3089} INFO - Sync 1 DAGs
[2026-09-13T02:48:38.754+0000] {logging_mixin.py:188} INFO - [2026-09-13T02:48:38.754+0000] {dag.py:3947} INFO - Setting next_dagrun for steam_analytics_daily to 2026-09-13 02:00:00+00:00, run_after=2026-09-14 02:00:00+00:00
[2026-09-13T02:48:38.771+0000] {processor.py:183} INFO - Processing /opt/airflow/dags/steam_analytics.py took 0.218 seconds
[2026-09-13T02:49:08.898+0000] {processor.py:161} INFO - Started process (PID=545) to work on /opt/airflow/dags/steam_analytics.py
[2026-09-13T02:49:08.899+0000] {processor.py:830} INFO - Processing file /opt/airflow/dags/steam_analytics.py for tasks to queue
[2026-09-13T02:49:08.900+0000] {logging_mixin.py:188} INFO - [2026-09-13T02:49:08.900+0000] {dagbag.py:545} INFO - Filling up the DagBag from /opt/airflow/dags/steam_analytics.py
[2026-09-13T02:49:09.034+0000] {processor.py:840} INFO - DAG(s) 'steam_analytics_daily' retrieved from /opt/airflow/dags/steam_analytics.py
[2026-09-13T02:49:09.062+0000] {logging_mixin.py:188} INFO - [2026-09-13T02:49:09.061+0000] {dag.py:3089} INFO - Sync 1 DAGs
[2026-09-13T02:49:09.085+0000] {logging_mixin.py:188} INFO - [2026-09-13T02:49:09.084+0000] {dag.py:3947} INFO - Setting next_dagrun for steam_analytics_daily to 2026-09-13 02:00:00+00:00, run_after=2026-09-14 02:00:00+00:00
[2026-09-13T02:49:09.101+0000] {processor.py:183} INFO - Processing /opt/airflow/dags/steam_analytics.py took 0.207 seconds
[2026-09-13T02:49:39.227+0000] {processor.py:161} INFO - Started process (PID=550) to work on /opt/airflow/dags/steam_analytics.py
[2026-09-13T02:49:39.228+0000] {processor.py:830} INFO - Processing file /opt/airflow/dags/steam_analytics.py for tasks to queue
[2026-09-13T02:49:39.229+0000] {logging_mixin.py:188} INFO - [2026-09-13T02:49:39.229+0000] {dagbag.py:545} INFO - Filling up the DagBag from /opt/airflow/dags/steam_analytics.py
[2026-09-13T02:49:39.387+0000] {processor.py:840} INFO - DAG(s) 'steam_analytics_daily' retrieved from /opt/airflow/dags/steam_analytics.py
[2026-09-13T02:49:39.418+0000] {logging_mixin.py:188} INFO - [2026-09-13T02:49:39.418+0000] {dag.py:3089} INFO - Sync 1 DAGs
[2026-09-13T02:49:39.440+0000] {logging_mixin.py:188} INFO - [2026-09-13T02:49:39.440+0000] {dag.py:3947} INFO - Setting next_dagrun for steam_analytics_daily to 2026-09-13 02:00:00+00:00, run_after=2026-09-14 02:00:00+00:00
[2026-09-13T02:49:39.456+0000] {processor.py:183} INFO - Processing /opt/airflow/dags/steam_analytics.py took 0.233 seconds
[2026-09-13T02:50:09.583+0000] {processor.py:161} INFO - Started process (PID=555) to work on /opt/airflow/dags/steam_analytics.py
[2026-09-13T02:50:09.584+0000] {processor.py:830} INFO - Processing file /opt/airflow/dags/steam_analytics.py for tasks to queue
[2026-09-13T02:50:09.585+0000] {logging_mixin.py:188} INFO - [2026-09-13T02:50:09.585+0000] {dagbag.py:545} INFO - Filling up the DagBag from /opt/airflow/dags/steam_analytics.py
[2026-09-13T02:50:09.718+0000] {processor.py:840} INFO - DAG(s) 'steam_analytics_daily' retrieved from /opt/airflow/dags/steam_analytics.py
[2026-09-13T02:50:09.742+0000] {logging_mixin.py:188} INFO - [2026-09-13T02:50:09.742+0000] {dag.py:3089} INFO - Sync 1 DAGs
[2026-09-13T02:50:09.761+0000] {logging_mixin.py:188} INFO - [2026-09-13T02:50:09.761+0000] {dag.py:3947} INFO - Setting next_dagrun for steam_analytics_daily to 2026-09-13 02:00:00+00:00, run_after=2026-09-14 02:00:00+00:00
[2026-09-13T02:50:09.777+0000] {processor.py:183} INFO - Processing /opt/airflow/dags/steam_analytics.py took 0.199 seconds
[2026-09-13T02:50:39.901+0000] {processor.py:161} INFO - Started process (PID=560) to work on /opt/airflow/dags/steam_analytics.py
[2026-09-13T02:50:39.902+0000] {processor.py:830} INFO - Processing file /opt/airflow/dags/steam_analytics.py for tasks to queue
[2026-09-13T02:50:39.903+0000] {logging_mixin.py:188} INFO - [2026-09-13T02:50:39.903+0000] {dagbag.py:545} INFO - Filling up the DagBag from /opt/airflow/dags/steam_analytics.py
[2026-09-13T02:50:40.046+0000] {processor.py:840} INFO - DAG(s) 'steam_analytics_daily' retrieved from /opt/airflow/dags/steam_analytics.py
[2026-09-13T02:50:40.072+0000] {logging_mixin.py:188} INFO - [2026-09-13T02:50:40.071+0000] {dag.py:3089} INFO - Sync 1 DAGs
[2026-09-13T02:50:40.093+0000] {logging_mixin.py:188} INFO - [2026-09-13T02:50:40.093+0000] {dag.py:3947} INFO - Setting next_dagrun for steam_analytics_daily to 2026-09-13 02:00:00+00:00, run_after=2026-09-14 02:00:00+00:00
[2026-09-13T02:50:40.108+0000] {processor.py:183} INFO - Processing /opt/airflow/dags/steam_analytics.py took 0.211 seconds
[2026-09-13T02:51:10.234+0000] {processor.py:161} INFO - Started process (PID=565) to work on /opt/airflow/dags/steam_analytics.py
[2026-09-13T02:51:10.235+0000] {processor.py:830} INFO - Processing file /opt/airflow/dags/steam_analytics.py for tasks to queue
[2026-09-13T02:51:10.236+0000] {logging_mixin.py:188} INFO - [2026-09-13T02:51:10.236+0000] {dagbag.py:545} INFO - Filling up the DagBag from /opt/airflow/dags/steam_analytics.py
[2026-09-13T02:51:10.371+0000] {processor.py:840} INFO - DAG(s) 'steam_analytics_daily' retrieved from /opt/airflow/dags/steam_analytics.py
[2026-09-13T02:51:10.399+0000] {logging_mixin.py:188} INFO - [2026-09-13T02:51:10.399+0000] {dag.py:3089} INFO - Sync 1 DAGs
[2026-09-13T02:51:10.422+0000] {logging_mixin.py:188} INFO - [2026-09-13T02:51:10.422+0000] {dag.py:3947} INFO - Setting next_dagrun for steam_analytics_daily to 2026-09-13 02:00:00+00:00, run_after=2026-09-14 02:00:00+00:00
[2026-09-13T02:51:10.443+0000] {processor.py:183} INFO - Processing /opt/airflow/dags/steam_analytics.py took 0.213 seconds
[2026-09-13T02:51:40.574+0000] {processor.py:161} INFO - Started process (PID=570) to work on /opt/airflow/dags/steam_analytics.py
[2026-09-13T02:51:40.575+0000] {processor.py:830} INFO - Processing file /opt/airflow/dags/steam_analytics.py for tasks to queue
[2026-09-13T02:51:40.576+0000] {logging_mixin.py:188} INFO - [2026-09-13T02:51:40.576+0000] {dagbag.py:545} INFO - Filling up the DagBag from /opt/airflow/dags/steam_analytics.py
[2026-09-13T02:51:40.721+0000] {processor.py:840} INFO - DAG(s) 'steam_analytics_daily' retrieved from /opt/airflow/dags/steam_analytics.py
[2026-09-13T02:51:40.750+0000] {logging_mixin.py:188} INFO - [2026-09-13T02:51:40.750+0000] {dag.py:3089} INFO - Sync 1 DAGs
[2026-09-13T02:51:40.771+0000] {logging_mixin.py:188} INFO - [2026-09-13T02:51:40.771+0000] {dag.py:3947} INFO - Setting next_dagrun for steam_analytics_daily to 2026-09-13 02:00:00+00:00, run_after=2026-09-14 02:00:00+00:00
[2026-09-13T02:51:40.787+0000] {processor.py:183} INFO - Processing /opt/airflow/dags/steam_analytics.py took 0.218 seconds
[2026-09-13T02:52:10.927+0000] {processor.py:161} INFO - Started process (PID=575) to work on /opt/airflow/dags/steam_analytics.py
[2026-09-13T02:52:10.928+0000] {processor.py:830} INFO - Processing file /opt/airflow/dags/steam_analytics.py for tasks to queue
[2026-09-13T02:52:10.929+0000] {logging_mixin.py:188} INFO - [2026-09-13T02:52:10.929+0000] {dagbag.py:545} INFO - Filling up the DagBag from /opt/airflow/dags/steam_analytics.py
[2026-09-13T02:52:11.063+0000] {processor.py:840} INFO - DAG(s) 'steam_analytics_daily' retrieved from /opt/airflow/dags/steam_analytics.py
[2026-09-13T02:52:11.087+0000] {logging_mixin.py:188} INFO - [2026-09-13T02:52:11.086+0000] {dag.py:3089} INFO - Sync 1 DAGs
[2026-09-13T02:52:11.105+0000] {logging_mixin.py:188} INFO - [2026-09-13T02:52:11.105+0000] {dag.py:3947} INFO - Setting next_dagrun for steam_analytics_daily to 2026-09-13 02:00:00+00:00, run_after=2026-09-14 02:00:00+00:00
[2026-09-13T02:52:11.121+0000] {processor.py:183} INFO - Processing /opt/airflow/dags/steam_analytics.py took 0.199 seconds
[2026-09-13T02:52:41.250+0000] {processor.py:161} INFO - Started process (PID=580) to work on /opt/airflow/dags/steam_analytics.py
[2026-09-13T02:52:41.251+0000] {processor.py:830} INFO - Processing file /opt/airflow/dags/steam_analytics.py for tasks to queue
[2026-09-13T02:52:41.253+0000] {logging_mixin.py:188} INFO - [2026-09-13T02:52:41.252+0000] {dagbag.py:545} INFO - Filling up the DagBag from /opt/airflow/dags/steam_analytics.py
[2026-09-13T02:52:41.394+0000] {processor.py:840} INFO - DAG(s) 'steam_analytics_daily' retrieved from /opt/airflow/dags/steam_analytics.py
[2026-09-13T02:52:41.420+0000] {logging_mixin.py:188} INFO - [2026-09-13T02:52:41.420+0000] {dag.py:3089} INFO - Sync 1 DAGs
[2026-09-13T02:52:41.442+0000] {logging_mixin.py:188} INFO - [2026-09-13T02:52:41.442+0000] {dag.py:3947} INFO - Setting next_dagrun for steam_analytics_daily to 2026-09-13 02:00:00+00:00, run_after=2026-09-14 02:00:00+00:00
[2026-09-13T02:52:41.458+0000] {processor.py:183} INFO - Processing /opt/airflow/dags/steam_analytics.py took 0.212 seconds
[2026-09-13T02:53:11.589+0000] {processor.py:161} INFO - Started process (PID=585) to work on /opt/airflow/dags/steam_analytics.py
[2026-09-13T02:53:11.590+0000] {processor.py:830} INFO - Processing file /opt/airflow/dags/steam_analytics.py for tasks to queue
[2026-09-13T02:53:11.591+0000] {logging_mixin.py:188} INFO - [2026-09-13T02:53:11.591+0000] {dagbag.py:545} INFO - Filling up the DagBag from /opt/airflow/dags/steam_analytics.py
[2026-09-13T02:53:11.727+0000] {processor.py:840} INFO - DAG(s) 'steam_analytics_daily' retrieved from /opt/airflow/dags/steam_analytics.py
[2026-09-13T02:53:11.752+0000] {logging_mixin.py:188} INFO - [2026-09-13T02:53:11.752+0000] {dag.py:3089} INFO - Sync 1 DAGs
[2026-09-13T02:53:11.779+0000] {logging_mixin.py:188} INFO - [2026-09-13T02:53:11.779+0000] {dag.py:3947} INFO - Setting next_dagrun for steam_analytics_daily to 2026-09-13 02:00:00+00:00, run_after=2026-09-14 02:00:00+00:00
[2026-09-13T02:53:11.798+0000] {processor.py:183} INFO - Processing /opt/airflow/dags/steam_analytics.py took 0.213 seconds
[2026-09-13T02:53:41.928+0000] {processor.py:161} INFO - Started process (PID=590) to work on /opt/airflow/dags/steam_analytics.py
[2026-09-13T02:53:41.929+0000] {processor.py:830} INFO - Processing file /opt/airflow/dags/steam_analytics.py for tasks to queue
[2026-09-13T02:53:41.932+0000] {logging_mixin.py:188} INFO - [2026-09-13T02:53:41.931+0000] {dagbag.py:545} INFO - Filling up the DagBag from /opt/airflow/dags/steam_analytics.py
[2026-09-13T02:53:42.085+0000] {processor.py:840} INFO - DAG(s) 'steam_analytics_daily' retrieved from /opt/airflow/dags/steam_analytics.py
[2026-09-13T02:53:42.117+0000] {logging_mixin.py:188} INFO - [2026-09-13T02:53:42.117+0000] {dag.py:3089} INFO - Sync 1 DAGs
[2026-09-13T02:53:42.143+0000] {logging_mixin.py:188} INFO - [2026-09-13T02:53:42.142+0000] {dag.py:3947} INFO - Setting next_dagrun for steam_analytics_daily to 2026-09-13 02:00:00+00:00, run_after=2026-09-14 02:00:00+00:00
[2026-09-13T02:53:42.161+0000] {processor.py:183} INFO - Processing /opt/airflow/dags/steam_analytics.py took 0.238 seconds
[2026-09-13T02:54:12.292+0000] {processor.py:161} INFO - Started process (PID=595) to work on /opt/airflow/dags/steam_analytics.py
[2026-09-13T02:54:12.293+0000] {processor.py:830} INFO - Processing file /opt/airflow/dags/steam_analytics.py for tasks to queue
[2026-09-13T02:54:12.294+0000] {logging_mixin.py:188} INFO - [2026-09-13T02:54:12.294+0000] {dagbag.py:545} INFO - Filling up the DagBag from /opt/airflow/dags/steam_analytics.py
[2026-09-13T02:54:12.443+0000] {processor.py:840} INFO - DAG(s) 'steam_analytics_daily' retrieved from /opt/airflow/dags/steam_analytics.py
[2026-09-13T02:54:12.483+0000] {logging_mixin.py:188} INFO - [2026-09-13T02:54:12.482+0000] {dag.py:3089} INFO - Sync 1 DAGs
[2026-09-13T02:54:12.502+0000] {logging_mixin.py:188} INFO - [2026-09-13T02:54:12.502+0000] {dag.py:3947} INFO - Setting next_dagrun for steam_analytics_daily to 2026-09-13 02:00:00+00:00, run_after=2026-09-14 02:00:00+00:00
[2026-09-13T02:54:12.517+0000] {processor.py:183} INFO - Processing /opt/airflow/dags/steam_analytics.py took 0.232 seconds
[2026-09-13T02:54:42.648+0000] {processor.py:161} INFO - Started process (PID=600) to work on /opt/airflow/dags/steam_analytics.py
[2026-09-13T02:54:42.649+0000] {processor.py:830} INFO - Processing file /opt/airflow/dags/steam_analytics.py for tasks to queue
[2026-09-13T02:54:42.650+0000] {logging_mixin.py:188} INFO - [2026-09-13T02:54:42.650+0000] {dagbag.py:545} INFO - Filling up the DagBag from /opt/airflow/dags/steam_analytics.py
[2026-09-13T02:54:42.803+0000] {processor.py:840} INFO - DAG(s) 'steam_analytics_daily' retrieved from /opt/airflow/dags/steam_analytics.py
[2026-09-13T02:54:42.828+0000] {logging_mixin.py:188} INFO - [2026-09-13T02:54:42.828+0000] {dag.py:3089} INFO - Sync 1 DAGs
[2026-09-13T02:54:42.850+0000] {logging_mixin.py:188} INFO - [2026-09-13T02:54:42.850+0000] {dag.py:3947} INFO - Setting next_dagrun for steam_analytics_daily to 2026-09-13 02:00:00+00:00, run_after=2026-09-14 02:00:00+00:00
[2026-09-13T02:54:42.868+0000] {processor.py:183} INFO - Processing /opt/airflow/dags/steam_analytics.py took 0.224 seconds
[2026-09-13T02:55:12.996+0000] {processor.py:161} INFO - Started process (PID=605) to work on /opt/airflow/dags/steam_analytics.py
[2026-09-13T02:55:12.997+0000] {processor.py:830} INFO - Processing file /opt/airflow/dags/steam_analytics.py for tasks to queue
[2026-09-13T02:55:12.998+0000] {logging_mixin.py:188} INFO - [2026-09-13T02:55:12.998+0000] {dagbag.py:545} INFO - Filling up the DagBag from /opt/airflow/dags/steam_analytics.py
[2026-09-13T02:55:13.140+0000] {processor.py:840} INFO - DAG(s) 'steam_analytics_daily' retrieved from /opt/airflow/dags/steam_analytics.py
[2026-09-13T02:55:13.171+0000] {logging_mixin.py:188} INFO - [2026-09-13T02:55:13.170+0000] {dag.py:3089} INFO - Sync 1 DAGs
[2026-09-13T02:55:13.195+0000] {logging_mixin.py:188} INFO - [2026-09-13T02:55:13.194+0000] {dag.py:3947} INFO - Setting next_dagrun for steam_analytics_daily to 2026-09-13 02:00:00+00:00, run_after=2026-09-14 02:00:00+00:00
[2026-09-13T02:55:13.214+0000] {processor.py:183} INFO - Processing /opt/airflow/dags/steam_analytics.py took 0.221 seconds
[2026-09-13T02:55:43.342+0000] {processor.py:161} INFO - Started process (PID=610) to work on /opt/airflow/dags/steam_analytics.py
[2026-09-13T02:55:43.343+0000] {processor.py:830} INFO - Processing file /opt/airflow/dags/steam_analytics.py for tasks to queue
[2026-09-13T02:55:43.344+0000] {logging_mixin.py:188} INFO - [2026-09-13T02:55:43.344+0000] {dagbag.py:545} INFO - Filling up the DagBag from /opt/airflow/dags/steam_analytics.py
[2026-09-13T02:55:43.489+0000] {processor.py:840} INFO - DAG(s) 'steam_analytics_daily' retrieved from /opt/airflow/dags/steam_analytics.py
[2026-09-13T02:55:43.518+0000] {logging_mixin.py:188} INFO - [2026-09-13T02:55:43.518+0000] {dag.py:3089} INFO - Sync 1 DAGs
[2026-09-13T02:55:43.543+0000] {logging_mixin.py:188} INFO - [2026-09-13T02:55:43.543+0000] {dag.py:3947} INFO - Setting next_dagrun for steam_analytics_daily to 2026-09-13 02:00:00+00:00, run_after=2026-09-14 02:00:00+00:00
[2026-09-13T02:55:43.561+0000] {processor.py:183} INFO - Processing /opt/airflow/dags/steam_analytics.py took 0.225 seconds
[2026-09-13T02:56:13.699+0000] {processor.py:161} INFO - Started process (PID=615) to work on /opt/airflow/dags/steam_analytics.py
[2026-09-13T02:56:13.699+0000] {processor.py:830} INFO - Processing file /opt/airflow/dags/steam_analytics.py for tasks to queue
[2026-09-13T02:56:13.701+0000] {logging_mixin.py:188} INFO - [2026-09-13T02:56:13.701+0000] {dagbag.py:545} INFO - Filling up the DagBag from /opt/airflow/dags/steam_analytics.py
[2026-09-13T02:56:13.840+0000] {processor.py:840} INFO - DAG(s) 'steam_analytics_daily' retrieved from /opt/airflow/dags/steam_analytics.py
[2026-09-13T02:56:13.867+0000] {logging_mixin.py:188} INFO - [2026-09-13T02:56:13.866+0000] {dag.py:3089} INFO - Sync 1 DAGs
[2026-09-13T02:56:13.887+0000] {logging_mixin.py:188} INFO - [2026-09-13T02:56:13.887+0000] {dag.py:3947} INFO - Setting next_dagrun for steam_analytics_daily to 2026-09-13 02:00:00+00:00, run_after=2026-09-14 02:00:00+00:00
[2026-09-13T02:56:13.906+0000] {processor.py:183} INFO - Processing /opt/airflow/dags/steam_analytics.py took 0.213 seconds
[2026-09-13T02:56:44.033+0000] {processor.py:161} INFO - Started process (PID=620) to work on /opt/airflow/dags/steam_analytics.py
[2026-09-13T02:56:44.034+0000] {processor.py:830} INFO - Processing file /opt/airflow/dags/steam_analytics.py for tasks to queue
[2026-09-13T02:56:44.036+0000] {logging_mixin.py:188} INFO - [2026-09-13T02:56:44.035+0000] {dagbag.py:545} INFO - Filling up the DagBag from /opt/airflow/dags/steam_analytics.py
[2026-09-13T02:56:44.177+0000] {processor.py:840} INFO - DAG(s) 'steam_analytics_daily' retrieved from /opt/airflow/dags/steam_analytics.py
[2026-09-13T02:56:44.205+0000] {logging_mixin.py:188} INFO - [2026-09-13T02:56:44.205+0000] {dag.py:3089} INFO - Sync 1 DAGs
[2026-09-13T02:56:44.225+0000] {logging_mixin.py:188} INFO - [2026-09-13T02:56:44.225+0000] {dag.py:3947} INFO - Setting next_dagrun for steam_analytics_daily to 2026-09-13 02:00:00+00:00, run_after=2026-09-14 02:00:00+00:00
[2026-09-13T02:56:44.242+0000] {processor.py:183} INFO - Processing /opt/airflow/dags/steam_analytics.py took 0.213 seconds
[2026-09-13T02:57:14.371+0000] {processor.py:161} INFO - Started process (PID=625) to work on /opt/airflow/dags/steam_analytics.py
[2026-09-13T02:57:14.371+0000] {processor.py:830} INFO - Processing file /opt/airflow/dags/steam_analytics.py for tasks to queue
[2026-09-13T02:57:14.373+0000] {logging_mixin.py:188} INFO - [2026-09-13T02:57:14.373+0000] {dagbag.py:545} INFO - Filling up the DagBag from /opt/airflow/dags/steam_analytics.py
[2026-09-13T02:57:14.515+0000] {processor.py:840} INFO - DAG(s) 'steam_analytics_daily' retrieved from /opt/airflow/dags/steam_analytics.py
[2026-09-13T02:57:14.541+0000] {logging_mixin.py:188} INFO - [2026-09-13T02:57:14.540+0000] {dag.py:3089} INFO - Sync 1 DAGs
[2026-09-13T02:57:14.564+0000] {logging_mixin.py:188} INFO - [2026-09-13T02:57:14.564+0000] {dag.py:3947} INFO - Setting next_dagrun for steam_analytics_daily to 2026-09-13 02:00:00+00:00, run_after=2026-09-14 02:00:00+00:00
[2026-09-13T02:57:14.580+0000] {processor.py:183} INFO - Processing /opt/airflow/dags/steam_analytics.py took 0.213 seconds
[2026-09-13T02:57:44.703+0000] {processor.py:161} INFO - Started process (PID=630) to work on /opt/airflow/dags/steam_analytics.py
[2026-09-13T02:57:44.704+0000] {processor.py:830} INFO - Processing file /opt/airflow/dags/steam_analytics.py for tasks to queue
[2026-09-13T02:57:44.705+0000] {logging_mixin.py:188} INFO - [2026-09-13T02:57:44.705+0000] {dagbag.py:545} INFO - Filling up the DagBag from /opt/airflow/dags/steam_analytics.py
[2026-09-13T02:57:44.847+0000] {processor.py:840} INFO - DAG(s) 'steam_analytics_daily' retrieved from /opt/airflow/dags/steam_analytics.py
[2026-09-13T02:57:44.874+0000] {logging_mixin.py:188} INFO - [2026-09-13T02:57:44.874+0000] {dag.py:3089} INFO - Sync 1 DAGs
[2026-09-13T02:57:44.895+0000] {logging_mixin.py:188} INFO - [2026-09-13T02:57:44.894+0000] {dag.py:3947} INFO - Setting next_dagrun for steam_analytics_daily to 2026-09-13 02:00:00+00:00, run_after=2026-09-14 02:00:00+00:00
[2026-09-13T02:57:44.909+0000] {processor.py:183} INFO - Processing /opt/airflow/dags/steam_analytics.py took 0.211 seconds
[2026-09-13T02:58:15.040+0000] {processor.py:161} INFO - Started process (PID=635) to work on /opt/airflow/dags/steam_analytics.py
[2026-09-13T02:58:15.041+0000] {processor.py:830} INFO - Processing file /opt/airflow/dags/steam_analytics.py for tasks to queue
[2026-09-13T02:58:15.042+0000] {logging_mixin.py:188} INFO - [2026-09-13T02:58:15.042+0000] {dagbag.py:545} INFO - Filling up the DagBag from /opt/airflow/dags/steam_analytics.py
[2026-09-13T02:58:15.210+0000] {processor.py:840} INFO - DAG(s) 'steam_analytics_daily' retrieved from /opt/airflow/dags/steam_analytics.py
[2026-09-13T02:58:15.243+0000] {logging_mixin.py:188} INFO - [2026-09-13T02:58:15.243+0000] {dag.py:3089} INFO - Sync 1 DAGs
[2026-09-13T02:58:15.264+0000] {logging_mixin.py:188} INFO - [2026-09-13T02:58:15.264+0000] {dag.py:3947} INFO - Setting next_dagrun for steam_analytics_daily to 2026-09-13 02:00:00+00:00, run_after=2026-09-14 02:00:00+00:00
[2026-09-13T02:58:15.284+0000] {processor.py:183} INFO - Processing /opt/airflow/dags/steam_analytics.py took 0.249 seconds
[2026-09-13T02:58:45.420+0000] {processor.py:161} INFO - Started process (PID=640) to work on /opt/airflow/dags/steam_analytics.py
[2026-09-13T02:58:45.420+0000] {processor.py:830} INFO - Processing file /opt/airflow/dags/steam_analytics.py for tasks to queue
[2026-09-13T02:58:45.421+0000] {logging_mixin.py:188} INFO - [2026-09-13T02:58:45.421+0000] {dagbag.py:545} INFO - Filling up the DagBag from /opt/airflow/dags/steam_analytics.py
[2026-09-13T02:58:45.570+0000] {processor.py:840} INFO - DAG(s) 'steam_analytics_daily' retrieved from /opt/airflow/dags/steam_analytics.py
[2026-09-13T02:58:45.595+0000] {logging_mixin.py:188} INFO - [2026-09-13T02:58:45.595+0000] {dag.py:3089} INFO - Sync 1 DAGs
[2026-09-13T02:58:45.617+0000] {logging_mixin.py:188} INFO - [2026-09-13T02:58:45.616+0000] {dag.py:3947} INFO - Setting next_dagrun for steam_analytics_daily to 2026-09-13 02:00:00+00:00, run_after=2026-09-14 02:00:00+00:00
[2026-09-13T02:58:45.635+0000] {processor.py:183} INFO - Processing /opt/airflow/dags/steam_analytics.py took 0.220 seconds
[2026-09-13T02:59:15.788+0000] {processor.py:161} INFO - Started process (PID=645) to work on /opt/airflow/dags/steam_analytics.py
[2026-09-13T02:59:15.788+0000] {processor.py:830} INFO - Processing file /opt/airflow/dags/steam_analytics.py for tasks to queue
[2026-09-13T02:59:15.792+0000] {logging_mixin.py:188} INFO - [2026-09-13T02:59:15.790+0000] {dagbag.py:545} INFO - Filling up the DagBag from /opt/airflow/dags/steam_analytics.py
[2026-09-13T02:59:15.968+0000] {processor.py:840} INFO - DAG(s) 'steam_analytics_daily' retrieved from /opt/airflow/dags/steam_analytics.py
[2026-09-13T02:59:15.997+0000] {logging_mixin.py:188} INFO - [2026-09-13T02:59:15.995+0000] {dag.py:3089} INFO - Sync 1 DAGs
[2026-09-13T02:59:16.021+0000] {logging_mixin.py:188} INFO - [2026-09-13T02:59:16.021+0000] {dag.py:3947} INFO - Setting next_dagrun for steam_analytics_daily to 2026-09-13 02:00:00+00:00, run_after=2026-09-14 02:00:00+00:00
[2026-09-13T02:59:16.045+0000] {processor.py:183} INFO - Processing /opt/airflow/dags/steam_analytics.py took 0.263 seconds
[2026-09-13T02:59:46.185+0000] {processor.py:161} INFO - Started process (PID=650) to work on /opt/airflow/dags/steam_analytics.py
[2026-09-13T02:59:46.186+0000] {processor.py:830} INFO - Processing file /opt/airflow/dags/steam_analytics.py for tasks to queue
[2026-09-13T02:59:46.187+0000] {logging_mixin.py:188} INFO - [2026-09-13T02:59:46.187+0000] {dagbag.py:545} INFO - Filling up the DagBag from /opt/airflow/dags/steam_analytics.py
[2026-09-13T02:59:46.327+0000] {processor.py:840} INFO - DAG(s) 'steam_analytics_daily' retrieved from /opt/airflow/dags/steam_analytics.py
[2026-09-13T02:59:46.353+0000] {logging_mixin.py:188} INFO - [2026-09-13T02:59:46.353+0000] {dag.py:3089} INFO - Sync 1 DAGs
[2026-09-13T02:59:46.375+0000] {logging_mixin.py:188} INFO - [2026-09-13T02:59:46.375+0000] {dag.py:3947} INFO - Setting next_dagrun for steam_analytics_daily to 2026-09-13 02:00:00+00:00, run_after=2026-09-14 02:00:00+00:00
[2026-09-13T02:59:46.392+0000] {processor.py:183} INFO - Processing /opt/airflow/dags/steam_analytics.py took 0.211 seconds
[2026-09-13T03:00:16.519+0000] {processor.py:161} INFO - Started process (PID=655) to work on /opt/airflow/dags/steam_analytics.py
[2026-09-13T03:00:16.520+0000] {processor.py:830} INFO - Processing file /opt/airflow/dags/steam_analytics.py for tasks to queue
[2026-09-13T03:00:16.521+0000] {logging_mixin.py:188} INFO - [2026-09-13T03:00:16.521+0000] {dagbag.py:545} INFO - Filling up the DagBag from /opt/airflow/dags/steam_analytics.py
[2026-09-13T03:00:16.666+0000] {processor.py:840} INFO - DAG(s) 'steam_analytics_daily' retrieved from /opt/airflow/dags/steam_analytics.py
[2026-09-13T03:00:16.692+0000] {logging_mixin.py:188} INFO - [2026-09-13T03:00:16.692+0000] {dag.py:3089} INFO - Sync 1 DAGs
[2026-09-13T03:00:16.716+0000] {logging_mixin.py:188} INFO - [2026-09-13T03:00:16.716+0000] {dag.py:3947} INFO - Setting next_dagrun for steam_analytics_daily to 2026-09-13 02:00:00+00:00, run_after=2026-09-14 02:00:00+00:00
[2026-09-13T03:00:16.734+0000] {processor.py:183} INFO - Processing /opt/airflow/dags/steam_analytics.py took 0.219 seconds
[2026-09-13T03:00:46.866+0000] {processor.py:161} INFO - Started process (PID=660) to work on /opt/airflow/dags/steam_analytics.py
[2026-09-13T03:00:46.867+0000] {processor.py:830} INFO - Processing file /opt/airflow/dags/steam_analytics.py for tasks to queue
[2026-09-13T03:00:46.868+0000] {logging_mixin.py:188} INFO - [2026-09-13T03:00:46.868+0000] {dagbag.py:545} INFO - Filling up the DagBag from /opt/airflow/dags/steam_analytics.py
[2026-09-13T03:00:47.021+0000] {processor.py:840} INFO - DAG(s) 'steam_analytics_daily' retrieved from /opt/airflow/dags/steam_analytics.py
[2026-09-13T03:00:47.049+0000] {logging_mixin.py:188} INFO - [2026-09-13T03:00:47.049+0000] {dag.py:3089} INFO - Sync 1 DAGs
[2026-09-13T03:00:47.071+0000] {logging_mixin.py:188} INFO - [2026-09-13T03:00:47.070+0000] {dag.py:3947} INFO - Setting next_dagrun for steam_analytics_daily to 2026-09-13 02:00:00+00:00, run_after=2026-09-14 02:00:00+00:00
[2026-09-13T03:00:47.088+0000] {processor.py:183} INFO - Processing /opt/airflow/dags/steam_analytics.py took 0.227 seconds
[2026-09-13T03:01:17.234+0000] {processor.py:161} INFO - Started process (PID=665) to work on /opt/airflow/dags/steam_analytics.py
[2026-09-13T03:01:17.235+0000] {processor.py:830} INFO - Processing file /opt/airflow/dags/steam_analytics.py for tasks to queue
[2026-09-13T03:01:17.237+0000] {logging_mixin.py:188} INFO - [2026-09-13T03:01:17.236+0000] {dagbag.py:545} INFO - Filling up the DagBag from /opt/airflow/dags/steam_analytics.py
[2026-09-13T03:01:17.380+0000] {processor.py:840} INFO - DAG(s) 'steam_analytics_daily' retrieved from /opt/airflow/dags/steam_analytics.py
[2026-09-13T03:01:17.408+0000] {logging_mixin.py:188} INFO - [2026-09-13T03:01:17.408+0000] {dag.py:3089} INFO - Sync 1 DAGs
[2026-09-13T03:01:17.427+0000] {logging_mixin.py:188} INFO - [2026-09-13T03:01:17.427+0000] {dag.py:3947} INFO - Setting next_dagrun for steam_analytics_daily to 2026-09-13 02:00:00+00:00, run_after=2026-09-14 02:00:00+00:00
[2026-09-13T03:01:17.446+0000] {processor.py:183} INFO - Processing /opt/airflow/dags/steam_analytics.py took 0.218 seconds
[2026-09-13T03:01:47.588+0000] {processor.py:161} INFO - Started process (PID=670) to work on /opt/airflow/dags/steam_analytics.py
[2026-09-13T03:01:47.589+0000] {processor.py:830} INFO - Processing file /opt/airflow/dags/steam_analytics.py for tasks to queue
[2026-09-13T03:01:47.590+0000] {logging_mixin.py:188} INFO - [2026-09-13T03:01:47.590+0000] {dagbag.py:545} INFO - Filling up the DagBag from /opt/airflow/dags/steam_analytics.py
[2026-09-13T03:01:47.773+0000] {processor.py:840} INFO - DAG(s) 'steam_analytics_daily' retrieved from /opt/airflow/dags/steam_analytics.py
[2026-09-13T03:01:47.802+0000] {logging_mixin.py:188} INFO - [2026-09-13T03:01:47.802+0000] {dag.py:3089} INFO - Sync 1 DAGs
[2026-09-13T03:01:47.837+0000] {logging_mixin.py:188} INFO - [2026-09-13T03:01:47.837+0000] {dag.py:3947} INFO - Setting next_dagrun for steam_analytics_daily to 2026-09-13 02:00:00+00:00, run_after=2026-09-14 02:00:00+00:00
[2026-09-13T03:01:47.855+0000] {processor.py:183} INFO - Processing /opt/airflow/dags/steam_analytics.py took 0.271 seconds
[2026-09-13T03:02:17.997+0000] {processor.py:161} INFO - Started process (PID=675) to work on /opt/airflow/dags/steam_analytics.py
[2026-09-13T03:02:17.999+0000] {processor.py:830} INFO - Processing file /opt/airflow/dags/steam_analytics.py for tasks to queue
[2026-09-13T03:02:18.001+0000] {logging_mixin.py:188} INFO - [2026-09-13T03:02:18.000+0000] {dagbag.py:545} INFO - Filling up the DagBag from /opt/airflow/dags/steam_analytics.py
[2026-09-13T03:02:18.165+0000] {processor.py:840} INFO - DAG(s) 'steam_analytics_daily' retrieved from /opt/airflow/dags/steam_analytics.py
[2026-09-13T03:02:18.195+0000] {logging_mixin.py:188} INFO - [2026-09-13T03:02:18.194+0000] {dag.py:3089} INFO - Sync 1 DAGs
[2026-09-13T03:02:18.220+0000] {logging_mixin.py:188} INFO - [2026-09-13T03:02:18.220+0000] {dag.py:3947} INFO - Setting next_dagrun for steam_analytics_daily to 2026-09-13 02:00:00+00:00, run_after=2026-09-14 02:00:00+00:00
[2026-09-13T03:02:18.240+0000] {processor.py:183} INFO - Processing /opt/airflow/dags/steam_analytics.py took 0.250 seconds
[2026-09-13T03:02:48.372+0000] {processor.py:161} INFO - Started process (PID=680) to work on /opt/airflow/dags/steam_analytics.py
[2026-09-13T03:02:48.372+0000] {processor.py:830} INFO - Processing file /opt/airflow/dags/steam_analytics.py for tasks to queue
[2026-09-13T03:02:48.373+0000] {logging_mixin.py:188} INFO - [2026-09-13T03:02:48.373+0000] {dagbag.py:545} INFO - Filling up the DagBag from /opt/airflow/dags/steam_analytics.py
[2026-09-13T03:02:48.519+0000] {processor.py:840} INFO - DAG(s) 'steam_analytics_daily' retrieved from /opt/airflow/dags/steam_analytics.py
[2026-09-13T03:02:48.548+0000] {logging_mixin.py:188} INFO - [2026-09-13T03:02:48.548+0000] {dag.py:3089} INFO - Sync 1 DAGs
[2026-09-13T03:02:48.570+0000] {logging_mixin.py:188} INFO - [2026-09-13T03:02:48.569+0000] {dag.py:3947} INFO - Setting next_dagrun for steam_analytics_daily to 2026-09-13 02:00:00+00:00, run_after=2026-09-14 02:00:00+00:00
[2026-09-13T03:02:48.588+0000] {processor.py:183} INFO - Processing /opt/airflow/dags/steam_analytics.py took 0.221 seconds
[2026-09-13T03:03:18.725+0000] {processor.py:161} INFO - Started process (PID=685) to work on /opt/airflow/dags/steam_analytics.py
[2026-09-13T03:03:18.726+0000] {processor.py:830} INFO - Processing file /opt/airflow/dags/steam_analytics.py for tasks to queue
[2026-09-13T03:03:18.727+0000] {logging_mixin.py:188} INFO - [2026-09-13T03:03:18.727+0000] {dagbag.py:545} INFO - Filling up the DagBag from /opt/airflow/dags/steam_analytics.py
[2026-09-13T03:03:18.874+0000] {processor.py:840} INFO - DAG(s) 'steam_analytics_daily' retrieved from /opt/airflow/dags/steam_analytics.py
[2026-09-13T03:03:18.905+0000] {logging_mixin.py:188} INFO - [2026-09-13T03:03:18.905+0000] {dag.py:3089} INFO - Sync 1 DAGs
[2026-09-13T03:03:18.929+0000] {logging_mixin.py:188} INFO - [2026-09-13T03:03:18.929+0000] {dag.py:3947} INFO - Setting next_dagrun for steam_analytics_daily to 2026-09-13 02:00:00+00:00, run_after=2026-09-14 02:00:00+00:00
[2026-09-13T03:03:18.947+0000] {processor.py:183} INFO - Processing /opt/airflow/dags/steam_analytics.py took 0.226 seconds
[2026-09-13T03:03:49.083+0000] {processor.py:161} INFO - Started process (PID=690) to work on /opt/airflow/dags/steam_analytics.py
[2026-09-13T03:03:49.084+0000] {processor.py:830} INFO - Processing file /opt/airflow/dags/steam_analytics.py for tasks to queue
[2026-09-13T03:03:49.085+0000] {logging_mixin.py:188} INFO - [2026-09-13T03:03:49.085+0000] {dagbag.py:545} INFO - Filling up the DagBag from /opt/airflow/dags/steam_analytics.py
[2026-09-13T03:03:49.232+0000] {processor.py:840} INFO - DAG(s) 'steam_analytics_daily' retrieved from /opt/airflow/dags/steam_analytics.py
[2026-09-13T03:03:49.264+0000] {logging_mixin.py:188} INFO - [2026-09-13T03:03:49.263+0000] {dag.py:3089} INFO - Sync 1 DAGs
[2026-09-13T03:03:49.286+0000] {logging_mixin.py:188} INFO - [2026-09-13T03:03:49.286+0000] {dag.py:3947} INFO - Setting next_dagrun for steam_analytics_daily to 2026-09-13 02:00:00+00:00, run_after=2026-09-14 02:00:00+00:00
[2026-09-13T03:03:49.304+0000] {processor.py:183} INFO - Processing /opt/airflow/dags/steam_analytics.py took 0.226 seconds
[2026-09-13T03:04:19.429+0000] {processor.py:161} INFO - Started process (PID=695) to work on /opt/airflow/dags/steam_analytics.py
[2026-09-13T03:04:19.430+0000] {processor.py:830} INFO - Processing file /opt/airflow/dags/steam_analytics.py for tasks to queue
[2026-09-13T03:04:19.431+0000] {logging_mixin.py:188} INFO - [2026-09-13T03:04:19.431+0000] {dagbag.py:545} INFO - Filling up the DagBag from /opt/airflow/dags/steam_analytics.py
[2026-09-13T03:04:19.576+0000] {processor.py:840} INFO - DAG(s) 'steam_analytics_daily' retrieved from /opt/airflow/dags/steam_analytics.py
[2026-09-13T03:04:19.605+0000] {logging_mixin.py:188} INFO - [2026-09-13T03:04:19.605+0000] {dag.py:3089} INFO - Sync 1 DAGs
[2026-09-13T03:04:19.626+0000] {logging_mixin.py:188} INFO - [2026-09-13T03:04:19.626+0000] {dag.py:3947} INFO - Setting next_dagrun for steam_analytics_daily to 2026-09-13 02:00:00+00:00, run_after=2026-09-14 02:00:00+00:00
[2026-09-13T03:04:19.644+0000] {processor.py:183} INFO - Processing /opt/airflow/dags/steam_analytics.py took 0.220 seconds
[2026-09-13T03:04:49.774+0000] {processor.py:161} INFO - Started process (PID=700) to work on /opt/airflow/dags/steam_analytics.py
[2026-09-13T03:04:49.775+0000] {processor.py:830} INFO - Processing file /opt/airflow/dags/steam_analytics.py for tasks to queue
[2026-09-13T03:04:49.777+0000] {logging_mixin.py:188} INFO - [2026-09-13T03:04:49.776+0000] {dagbag.py:545} INFO - Filling up the DagBag from /opt/airflow/dags/steam_analytics.py
[2026-09-13T03:04:49.918+0000] {processor.py:840} INFO - DAG(s) 'steam_analytics_daily' retrieved from /opt/airflow/dags/steam_analytics.py
[2026-09-13T03:04:49.947+0000] {logging_mixin.py:188} INFO - [2026-09-13T03:04:49.947+0000] {dag.py:3089} INFO - Sync 1 DAGs
[2026-09-13T03:04:49.970+0000] {logging_mixin.py:188} INFO - [2026-09-13T03:04:49.970+0000] {dag.py:3947} INFO - Setting next_dagrun for steam_analytics_daily to 2026-09-13 02:00:00+00:00, run_after=2026-09-14 02:00:00+00:00
[2026-09-13T03:04:49.989+0000] {processor.py:183} INFO - Processing /opt/airflow/dags/steam_analytics.py took 0.220 seconds
[2026-09-13T03:05:20.133+0000] {processor.py:161} INFO - Started process (PID=705) to work on /opt/airflow/dags/steam_analytics.py
[2026-09-13T03:05:20.134+0000] {processor.py:830} INFO - Processing file /opt/airflow/dags/steam_analytics.py for tasks to queue
[2026-09-13T03:05:20.136+0000] {logging_mixin.py:188} INFO - [2026-09-13T03:05:20.135+0000] {dagbag.py:545} INFO - Filling up the DagBag from /opt/airflow/dags/steam_analytics.py
[2026-09-13T03:05:20.293+0000] {processor.py:840} INFO - DAG(s) 'steam_analytics_daily' retrieved from /opt/airflow/dags/steam_analytics.py
[2026-09-13T03:05:20.329+0000] {logging_mixin.py:188} INFO - [2026-09-13T03:05:20.328+0000] {dag.py:3089} INFO - Sync 1 DAGs
[2026-09-13T03:05:20.352+0000] {logging_mixin.py:188} INFO - [2026-09-13T03:05:20.352+0000] {dag.py:3947} INFO - Setting next_dagrun for steam_analytics_daily to 2026-09-13 02:00:00+00:00, run_after=2026-09-14 02:00:00+00:00
[2026-09-13T03:05:20.375+0000] {processor.py:183} INFO - Processing /opt/airflow/dags/steam_analytics.py took 0.247 seconds
[2026-09-13T03:05:50.511+0000] {processor.py:161} INFO - Started process (PID=710) to work on /opt/airflow/dags/steam_analytics.py
[2026-09-13T03:05:50.512+0000] {processor.py:830} INFO - Processing file /opt/airflow/dags/steam_analytics.py for tasks to queue
[2026-09-13T03:05:50.514+0000] {logging_mixin.py:188} INFO - [2026-09-13T03:05:50.513+0000] {dagbag.py:545} INFO - Filling up the DagBag from /opt/airflow/dags/steam_analytics.py
[2026-09-13T03:05:50.657+0000] {processor.py:840} INFO - DAG(s) 'steam_analytics_daily' retrieved from /opt/airflow/dags/steam_analytics.py
[2026-09-13T03:05:50.683+0000] {logging_mixin.py:188} INFO - [2026-09-13T03:05:50.683+0000] {dag.py:3089} INFO - Sync 1 DAGs
[2026-09-13T03:05:50.706+0000] {logging_mixin.py:188} INFO - [2026-09-13T03:05:50.705+0000] {dag.py:3947} INFO - Setting next_dagrun for steam_analytics_daily to 2026-09-13 02:00:00+00:00, run_after=2026-09-14 02:00:00+00:00
[2026-09-13T03:05:50.722+0000] {processor.py:183} INFO - Processing /opt/airflow/dags/steam_analytics.py took 0.215 seconds
[2026-09-13T03:06:20.860+0000] {processor.py:161} INFO - Started process (PID=715) to work on /opt/airflow/dags/steam_analytics.py
[2026-09-13T03:06:20.861+0000] {processor.py:830} INFO - Processing file /opt/airflow/dags/steam_analytics.py for tasks to queue
[2026-09-13T03:06:20.862+0000] {logging_mixin.py:188} INFO - [2026-09-13T03:06:20.862+0000] {dagbag.py:545} INFO - Filling up the DagBag from /opt/airflow/dags/steam_analytics.py
[2026-09-13T03:06:21.012+0000] {processor.py:840} INFO - DAG(s) 'steam_analytics_daily' retrieved from /opt/airflow/dags/steam_analytics.py
[2026-09-13T03:06:21.042+0000] {logging_mixin.py:188} INFO - [2026-09-13T03:06:21.041+0000] {dag.py:3089} INFO - Sync 1 DAGs
[2026-09-13T03:06:21.068+0000] {logging_mixin.py:188} INFO - [2026-09-13T03:06:21.067+0000] {dag.py:3947} INFO - Setting next_dagrun for steam_analytics_daily to 2026-09-13 02:00:00+00:00, run_after=2026-09-14 02:00:00+00:00
[2026-09-13T03:06:21.086+0000] {processor.py:183} INFO - Processing /opt/airflow/dags/steam_analytics.py took 0.233 seconds
[2026-09-13T03:06:51.224+0000] {processor.py:161} INFO - Started process (PID=720) to work on /opt/airflow/dags/steam_analytics.py
[2026-09-13T03:06:51.225+0000] {processor.py:830} INFO - Processing file /opt/airflow/dags/steam_analytics.py for tasks to queue
[2026-09-13T03:06:51.226+0000] {logging_mixin.py:188} INFO - [2026-09-13T03:06:51.226+0000] {dagbag.py:545} INFO - Filling up the DagBag from /opt/airflow/dags/steam_analytics.py
[2026-09-13T03:06:51.373+0000] {processor.py:840} INFO - DAG(s) 'steam_analytics_daily' retrieved from /opt/airflow/dags/steam_analytics.py
[2026-09-13T03:06:51.405+0000] {logging_mixin.py:188} INFO - [2026-09-13T03:06:51.404+0000] {dag.py:3089} INFO - Sync 1 DAGs
[2026-09-13T03:06:51.426+0000] {logging_mixin.py:188} INFO - [2026-09-13T03:06:51.426+0000] {dag.py:3947} INFO - Setting next_dagrun for steam_analytics_daily to 2026-09-13 02:00:00+00:00, run_after=2026-09-14 02:00:00+00:00
[2026-09-13T03:06:51.446+0000] {processor.py:183} INFO - Processing /opt/airflow/dags/steam_analytics.py took 0.226 seconds
[2026-09-13T03:07:21.578+0000] {processor.py:161} INFO - Started process (PID=725) to work on /opt/airflow/dags/steam_analytics.py
[2026-09-13T03:07:21.578+0000] {processor.py:830} INFO - Processing file /opt/airflow/dags/steam_analytics.py for tasks to queue
[2026-09-13T03:07:21.580+0000] {logging_mixin.py:188} INFO - [2026-09-13T03:07:21.579+0000] {dagbag.py:545} INFO - Filling up the DagBag from /opt/airflow/dags/steam_analytics.py
[2026-09-13T03:07:21.722+0000] {processor.py:840} INFO - DAG(s) 'steam_analytics_daily' retrieved from /opt/airflow/dags/steam_analytics.py
[2026-09-13T03:07:21.748+0000] {logging_mixin.py:188} INFO - [2026-09-13T03:07:21.748+0000] {dag.py:3089} INFO - Sync 1 DAGs
[2026-09-13T03:07:21.768+0000] {logging_mixin.py:188} INFO - [2026-09-13T03:07:21.768+0000] {dag.py:3947} INFO - Setting next_dagrun for steam_analytics_daily to 2026-09-13 02:00:00+00:00, run_after=2026-09-14 02:00:00+00:00
[2026-09-13T03:07:21.784+0000] {processor.py:183} INFO - Processing /opt/airflow/dags/steam_analytics.py took 0.210 seconds
[2026-09-13T03:07:51.912+0000] {processor.py:161} INFO - Started process (PID=730) to work on /opt/airflow/dags/steam_analytics.py
[2026-09-13T03:07:51.912+0000] {processor.py:830} INFO - Processing file /opt/airflow/dags/steam_analytics.py for tasks to queue
[2026-09-13T03:07:51.914+0000] {logging_mixin.py:188} INFO - [2026-09-13T03:07:51.913+0000] {dagbag.py:545} INFO - Filling up the DagBag from /opt/airflow/dags/steam_analytics.py
[2026-09-13T03:07:52.062+0000] {processor.py:840} INFO - DAG(s) 'steam_analytics_daily' retrieved from /opt/airflow/dags/steam_analytics.py
[2026-09-13T03:07:52.089+0000] {logging_mixin.py:188} INFO - [2026-09-13T03:07:52.089+0000] {dag.py:3089} INFO - Sync 1 DAGs
[2026-09-13T03:07:52.109+0000] {logging_mixin.py:188} INFO - [2026-09-13T03:07:52.109+0000] {dag.py:3947} INFO - Setting next_dagrun for steam_analytics_daily to 2026-09-13 02:00:00+00:00, run_after=2026-09-14 02:00:00+00:00
[2026-09-13T03:07:52.128+0000] {processor.py:183} INFO - Processing /opt/airflow/dags/steam_analytics.py took 0.220 seconds
[2026-09-13T03:08:22.259+0000] {processor.py:161} INFO - Started process (PID=735) to work on /opt/airflow/dags/steam_analytics.py
[2026-09-13T03:08:22.260+0000] {processor.py:830} INFO - Processing file /opt/airflow/dags/steam_analytics.py for tasks to queue
[2026-09-13T03:08:22.261+0000] {logging_mixin.py:188} INFO - [2026-09-13T03:08:22.261+0000] {dagbag.py:545} INFO - Filling up the DagBag from /opt/airflow/dags/steam_analytics.py
[2026-09-13T03:08:22.410+0000] {processor.py:840} INFO - DAG(s) 'steam_analytics_daily' retrieved from /opt/airflow/dags/steam_analytics.py
[2026-09-13T03:08:22.441+0000] {logging_mixin.py:188} INFO - [2026-09-13T03:08:22.441+0000] {dag.py:3089} INFO - Sync 1 DAGs
[2026-09-13T03:08:22.465+0000] {logging_mixin.py:188} INFO - [2026-09-13T03:08:22.465+0000] {dag.py:3947} INFO - Setting next_dagrun for steam_analytics_daily to 2026-09-13 02:00:00+00:00, run_after=2026-09-14 02:00:00+00:00
[2026-09-13T03:08:22.487+0000] {processor.py:183} INFO - Processing /opt/airflow/dags/steam_analytics.py took 0.233 seconds
[2026-09-13T03:08:52.618+0000] {processor.py:161} INFO - Started process (PID=740) to work on /opt/airflow/dags/steam_analytics.py
[2026-09-13T03:08:52.619+0000] {processor.py:830} INFO - Processing file /opt/airflow/dags/steam_analytics.py for tasks to queue
[2026-09-13T03:08:52.621+0000] {logging_mixin.py:188} INFO - [2026-09-13T03:08:52.621+0000] {dagbag.py:545} INFO - Filling up the DagBag from /opt/airflow/dags/steam_analytics.py
[2026-09-13T03:08:52.783+0000] {processor.py:840} INFO - DAG(s) 'steam_analytics_daily' retrieved from /opt/airflow/dags/steam_analytics.py
[2026-09-13T03:08:52.816+0000] {logging_mixin.py:188} INFO - [2026-09-13T03:08:52.815+0000] {dag.py:3089} INFO - Sync 1 DAGs
[2026-09-13T03:08:52.838+0000] {logging_mixin.py:188} INFO - [2026-09-13T03:08:52.837+0000] {dag.py:3947} INFO - Setting next_dagrun for steam_analytics_daily to 2026-09-13 02:00:00+00:00, run_after=2026-09-14 02:00:00+00:00
[2026-09-13T03:08:52.855+0000] {processor.py:183} INFO - Processing /opt/airflow/dags/steam_analytics.py took 0.243 seconds
[2026-09-13T03:09:22.991+0000] {processor.py:161} INFO - Started process (PID=745) to work on /opt/airflow/dags/steam_analytics.py
[2026-09-13T03:09:22.992+0000] {processor.py:830} INFO - Processing file /opt/airflow/dags/steam_analytics.py for tasks to queue
[2026-09-13T03:09:22.994+0000] {logging_mixin.py:188} INFO - [2026-09-13T03:09:22.993+0000] {dagbag.py:545} INFO - Filling up the DagBag from /opt/airflow/dags/steam_analytics.py
[2026-09-13T03:09:23.156+0000] {processor.py:840} INFO - DAG(s) 'steam_analytics_daily' retrieved from /opt/airflow/dags/steam_analytics.py
[2026-09-13T03:09:23.185+0000] {logging_mixin.py:188} INFO - [2026-09-13T03:09:23.185+0000] {dag.py:3089} INFO - Sync 1 DAGs
[2026-09-13T03:09:23.210+0000] {logging_mixin.py:188} INFO - [2026-09-13T03:09:23.210+0000] {dag.py:3947} INFO - Setting next_dagrun for steam_analytics_daily to 2026-09-13 02:00:00+00:00, run_after=2026-09-14 02:00:00+00:00
[2026-09-13T03:09:23.233+0000] {processor.py:183} INFO - Processing /opt/airflow/dags/steam_analytics.py took 0.248 seconds
[2026-09-13T03:09:53.370+0000] {processor.py:161} INFO - Started process (PID=750) to work on /opt/airflow/dags/steam_analytics.py
[2026-09-13T03:09:53.371+0000] {processor.py:830} INFO - Processing file /opt/airflow/dags/steam_analytics.py for tasks to queue
[2026-09-13T03:09:53.373+0000] {logging_mixin.py:188} INFO - [2026-09-13T03:09:53.372+0000] {dagbag.py:545} INFO - Filling up the DagBag from /opt/airflow/dags/steam_analytics.py
[2026-09-13T03:09:53.526+0000] {processor.py:840} INFO - DAG(s) 'steam_analytics_daily' retrieved from /opt/airflow/dags/steam_analytics.py
[2026-09-13T03:09:53.556+0000] {logging_mixin.py:188} INFO - [2026-09-13T03:09:53.555+0000] {dag.py:3089} INFO - Sync 1 DAGs
[2026-09-13T03:09:53.578+0000] {logging_mixin.py:188} INFO - [2026-09-13T03:09:53.578+0000] {dag.py:3947} INFO - Setting next_dagrun for steam_analytics_daily to 2026-09-13 02:00:00+00:00, run_after=2026-09-14 02:00:00+00:00
[2026-09-13T03:09:53.597+0000] {processor.py:183} INFO - Processing /opt/airflow/dags/steam_analytics.py took 0.232 seconds
[2026-09-13T03:10:23.739+0000] {processor.py:161} INFO - Started process (PID=755) to work on /opt/airflow/dags/steam_analytics.py
[2026-09-13T03:10:23.740+0000] {processor.py:830} INFO - Processing file /opt/airflow/dags/steam_analytics.py for tasks to queue
[2026-09-13T03:10:23.741+0000] {logging_mixin.py:188} INFO - [2026-09-13T03:10:23.741+0000] {dagbag.py:545} INFO - Filling up the DagBag from /opt/airflow/dags/steam_analytics.py
[2026-09-13T03:10:23.894+0000] {processor.py:840} INFO - DAG(s) 'steam_analytics_daily' retrieved from /opt/airflow/dags/steam_analytics.py
[2026-09-13T03:10:23.923+0000] {logging_mixin.py:188} INFO - [2026-09-13T03:10:23.923+0000] {dag.py:3089} INFO - Sync 1 DAGs
[2026-09-13T03:10:23.946+0000] {logging_mixin.py:188} INFO - [2026-09-13T03:10:23.946+0000] {dag.py:3947} INFO - Setting next_dagrun for steam_analytics_daily to 2026-09-13 02:00:00+00:00, run_after=2026-09-14 02:00:00+00:00
[2026-09-13T03:10:23.963+0000] {processor.py:183} INFO - Processing /opt/airflow/dags/steam_analytics.py took 0.233 seconds
[2026-09-13T03:10:54.098+0000] {processor.py:161} INFO - Started process (PID=760) to work on /opt/airflow/dags/steam_analytics.py
[2026-09-13T03:10:54.099+0000] {processor.py:830} INFO - Processing file /opt/airflow/dags/steam_analytics.py for tasks to queue
[2026-09-13T03:10:54.100+0000] {logging_mixin.py:188} INFO - [2026-09-13T03:10:54.100+0000] {dagbag.py:545} INFO - Filling up the DagBag from /opt/airflow/dags/steam_analytics.py
[2026-09-13T03:10:54.243+0000] {processor.py:840} INFO - DAG(s) 'steam_analytics_daily' retrieved from /opt/airflow/dags/steam_analytics.py
[2026-09-13T03:10:54.270+0000] {logging_mixin.py:188} INFO - [2026-09-13T03:10:54.270+0000] {dag.py:3089} INFO - Sync 1 DAGs
[2026-09-13T03:10:54.288+0000] {logging_mixin.py:188} INFO - [2026-09-13T03:10:54.288+0000] {dag.py:3947} INFO - Setting next_dagrun for steam_analytics_daily to 2026-09-13 02:00:00+00:00, run_after=2026-09-14 02:00:00+00:00
[2026-09-13T03:10:54.305+0000] {processor.py:183} INFO - Processing /opt/airflow/dags/steam_analytics.py took 0.211 seconds
[2026-09-13T03:11:24.433+0000] {processor.py:161} INFO - Started process (PID=765) to work on /opt/airflow/dags/steam_analytics.py
[2026-09-13T03:11:24.434+0000] {processor.py:830} INFO - Processing file /opt/airflow/dags/steam_analytics.py for tasks to queue
[2026-09-13T03:11:24.436+0000] {logging_mixin.py:188} INFO - [2026-09-13T03:11:24.435+0000] {dagbag.py:545} INFO - Filling up the DagBag from /opt/airflow/dags/steam_analytics.py
[2026-09-13T03:11:24.581+0000] {processor.py:840} INFO - DAG(s) 'steam_analytics_daily' retrieved from /opt/airflow/dags/steam_analytics.py
[2026-09-13T03:11:24.610+0000] {logging_mixin.py:188} INFO - [2026-09-13T03:11:24.610+0000] {dag.py:3089} INFO - Sync 1 DAGs
[2026-09-13T03:11:24.630+0000] {logging_mixin.py:188} INFO - [2026-09-13T03:11:24.630+0000] {dag.py:3947} INFO - Setting next_dagrun for steam_analytics_daily to 2026-09-13 02:00:00+00:00, run_after=2026-09-14 02:00:00+00:00
[2026-09-13T03:11:24.649+0000] {processor.py:183} INFO - Processing /opt/airflow/dags/steam_analytics.py took 0.222 seconds
[2026-09-13T03:11:54.786+0000] {processor.py:161} INFO - Started process (PID=770) to work on /opt/airflow/dags/steam_analytics.py
[2026-09-13T03:11:54.786+0000] {processor.py:830} INFO - Processing file /opt/airflow/dags/steam_analytics.py for tasks to queue
[2026-09-13T03:11:54.788+0000] {logging_mixin.py:188} INFO - [2026-09-13T03:11:54.788+0000] {dagbag.py:545} INFO - Filling up the DagBag from /opt/airflow/dags/steam_analytics.py
[2026-09-13T03:11:54.931+0000] {processor.py:840} INFO - DAG(s) 'steam_analytics_daily' retrieved from /opt/airflow/dags/steam_analytics.py
[2026-09-13T03:11:54.960+0000] {logging_mixin.py:188} INFO - [2026-09-13T03:11:54.959+0000] {dag.py:3089} INFO - Sync 1 DAGs
[2026-09-13T03:11:54.981+0000] {logging_mixin.py:188} INFO - [2026-09-13T03:11:54.981+0000] {dag.py:3947} INFO - Setting next_dagrun for steam_analytics_daily to 2026-09-13 02:00:00+00:00, run_after=2026-09-14 02:00:00+00:00
[2026-09-13T03:11:55.000+0000] {processor.py:183} INFO - Processing /opt/airflow/dags/steam_analytics.py took 0.219 seconds
[2026-09-13T03:12:25.137+0000] {processor.py:161} INFO - Started process (PID=775) to work on /opt/airflow/dags/steam_analytics.py
[2026-09-13T03:12:25.138+0000] {processor.py:830} INFO - Processing file /opt/airflow/dags/steam_analytics.py for tasks to queue
[2026-09-13T03:12:25.140+0000] {logging_mixin.py:188} INFO - [2026-09-13T03:12:25.139+0000] {dagbag.py:545} INFO - Filling up the DagBag from /opt/airflow/dags/steam_analytics.py
[2026-09-13T03:12:25.286+0000] {processor.py:840} INFO - DAG(s) 'steam_analytics_daily' retrieved from /opt/airflow/dags/steam_analytics.py
[2026-09-13T03:12:25.315+0000] {logging_mixin.py:188} INFO - [2026-09-13T03:12:25.314+0000] {dag.py:3089} INFO - Sync 1 DAGs
[2026-09-13T03:12:25.337+0000] {logging_mixin.py:188} INFO - [2026-09-13T03:12:25.337+0000] {dag.py:3947} INFO - Setting next_dagrun for steam_analytics_daily to 2026-09-13 02:00:00+00:00, run_after=2026-09-14 02:00:00+00:00
[2026-09-13T03:12:25.354+0000] {processor.py:183} INFO - Processing /opt/airflow/dags/steam_analytics.py took 0.222 seconds
[2026-09-13T03:12:55.493+0000] {processor.py:161} INFO - Started process (PID=780) to work on /opt/airflow/dags/steam_analytics.py
[2026-09-13T03:12:55.494+0000] {processor.py:830} INFO - Processing file /opt/airflow/dags/steam_analytics.py for tasks to queue
[2026-09-13T03:12:55.496+0000] {logging_mixin.py:188} INFO - [2026-09-13T03:12:55.496+0000] {dagbag.py:545} INFO - Filling up the DagBag from /opt/airflow/dags/steam_analytics.py
[2026-09-13T03:12:55.707+0000] {processor.py:840} INFO - DAG(s) 'steam_analytics_daily' retrieved from /opt/airflow/dags/steam_analytics.py
[2026-09-13T03:12:55.740+0000] {logging_mixin.py:188} INFO - [2026-09-13T03:12:55.739+0000] {dag.py:3089} INFO - Sync 1 DAGs
[2026-09-13T03:12:55.761+0000] {logging_mixin.py:188} INFO - [2026-09-13T03:12:55.761+0000] {dag.py:3947} INFO - Setting next_dagrun for steam_analytics_daily to 2026-09-13 02:00:00+00:00, run_after=2026-09-14 02:00:00+00:00
[2026-09-13T03:12:55.781+0000] {processor.py:183} INFO - Processing /opt/airflow/dags/steam_analytics.py took 0.293 seconds
[2026-09-13T03:13:25.925+0000] {processor.py:161} INFO - Started process (PID=785) to work on /opt/airflow/dags/steam_analytics.py
[2026-09-13T03:13:25.925+0000] {processor.py:830} INFO - Processing file /opt/airflow/dags/steam_analytics.py for tasks to queue
[2026-09-13T03:13:25.927+0000] {logging_mixin.py:188} INFO - [2026-09-13T03:13:25.927+0000] {dagbag.py:545} INFO - Filling up the DagBag from /opt/airflow/dags/steam_analytics.py
[2026-09-13T03:13:26.078+0000] {processor.py:840} INFO - DAG(s) 'steam_analytics_daily' retrieved from /opt/airflow/dags/steam_analytics.py
[2026-09-13T03:13:26.107+0000] {logging_mixin.py:188} INFO - [2026-09-13T03:13:26.107+0000] {dag.py:3089} INFO - Sync 1 DAGs
[2026-09-13T03:13:26.129+0000] {logging_mixin.py:188} INFO - [2026-09-13T03:13:26.129+0000] {dag.py:3947} INFO - Setting next_dagrun for steam_analytics_daily to 2026-09-13 02:00:00+00:00, run_after=2026-09-14 02:00:00+00:00
[2026-09-13T03:13:26.224+0000] {processor.py:183} INFO - Processing /opt/airflow/dags/steam_analytics.py took 0.305 seconds
[2026-09-13T03:13:56.362+0000] {processor.py:161} INFO - Started process (PID=790) to work on /opt/airflow/dags/steam_analytics.py
[2026-09-13T03:13:56.363+0000] {processor.py:830} INFO - Processing file /opt/airflow/dags/steam_analytics.py for tasks to queue
[2026-09-13T03:13:56.365+0000] {logging_mixin.py:188} INFO - [2026-09-13T03:13:56.365+0000] {dagbag.py:545} INFO - Filling up the DagBag from /opt/airflow/dags/steam_analytics.py
[2026-09-13T03:13:56.512+0000] {processor.py:840} INFO - DAG(s) 'steam_analytics_daily' retrieved from /opt/airflow/dags/steam_analytics.py
[2026-09-13T03:13:56.542+0000] {logging_mixin.py:188} INFO - [2026-09-13T03:13:56.542+0000] {dag.py:3089} INFO - Sync 1 DAGs
[2026-09-13T03:13:56.564+0000] {logging_mixin.py:188} INFO - [2026-09-13T03:13:56.564+0000] {dag.py:3947} INFO - Setting next_dagrun for steam_analytics_daily to 2026-09-13 02:00:00+00:00, run_after=2026-09-14 02:00:00+00:00
[2026-09-13T03:13:56.583+0000] {processor.py:183} INFO - Processing /opt/airflow/dags/steam_analytics.py took 0.227 seconds
[2026-09-13T03:14:26.727+0000] {processor.py:161} INFO - Started process (PID=795) to work on /opt/airflow/dags/steam_analytics.py
[2026-09-13T03:14:26.728+0000] {processor.py:830} INFO - Processing file /opt/airflow/dags/steam_analytics.py for tasks to queue
[2026-09-13T03:14:26.730+0000] {logging_mixin.py:188} INFO - [2026-09-13T03:14:26.729+0000] {dagbag.py:545} INFO - Filling up the DagBag from /opt/airflow/dags/steam_analytics.py
[2026-09-13T03:14:26.885+0000] {processor.py:840} INFO - DAG(s) 'steam_analytics_daily' retrieved from /opt/airflow/dags/steam_analytics.py
[2026-09-13T03:14:26.912+0000] {logging_mixin.py:188} INFO - [2026-09-13T03:14:26.912+0000] {dag.py:3089} INFO - Sync 1 DAGs
[2026-09-13T03:14:26.935+0000] {logging_mixin.py:188} INFO - [2026-09-13T03:14:26.935+0000] {dag.py:3947} INFO - Setting next_dagrun for steam_analytics_daily to 2026-09-13 02:00:00+00:00, run_after=2026-09-14 02:00:00+00:00
[2026-09-13T03:14:26.952+0000] {processor.py:183} INFO - Processing /opt/airflow/dags/steam_analytics.py took 0.232 seconds
[2026-09-13T03:14:57.090+0000] {processor.py:161} INFO - Started process (PID=800) to work on /opt/airflow/dags/steam_analytics.py
[2026-09-13T03:14:57.091+0000] {processor.py:830} INFO - Processing file /opt/airflow/dags/steam_analytics.py for tasks to queue
[2026-09-13T03:14:57.092+0000] {logging_mixin.py:188} INFO - [2026-09-13T03:14:57.092+0000] {dagbag.py:545} INFO - Filling up the DagBag from /opt/airflow/dags/steam_analytics.py
[2026-09-13T03:14:57.240+0000] {processor.py:840} INFO - DAG(s) 'steam_analytics_daily' retrieved from /opt/airflow/dags/steam_analytics.py
[2026-09-13T03:14:57.268+0000] {logging_mixin.py:188} INFO - [2026-09-13T03:14:57.267+0000] {dag.py:3089} INFO - Sync 1 DAGs
[2026-09-13T03:14:57.293+0000] {logging_mixin.py:188} INFO - [2026-09-13T03:14:57.293+0000] {dag.py:3947} INFO - Setting next_dagrun for steam_analytics_daily to 2026-09-13 02:00:00+00:00, run_after=2026-09-14 02:00:00+00:00
[2026-09-13T03:14:57.313+0000] {processor.py:183} INFO - Processing /opt/airflow/dags/steam_analytics.py took 0.226 seconds
[2026-09-13T03:15:27.455+0000] {processor.py:161} INFO - Started process (PID=805) to work on /opt/airflow/dags/steam_analytics.py
[2026-09-13T03:15:27.455+0000] {processor.py:830} INFO - Processing file /opt/airflow/dags/steam_analytics.py for tasks to queue
[2026-09-13T03:15:27.457+0000] {logging_mixin.py:188} INFO - [2026-09-13T03:15:27.457+0000] {dagbag.py:545} INFO - Filling up the DagBag from /opt/airflow/dags/steam_analytics.py
[2026-09-13T03:15:27.627+0000] {processor.py:840} INFO - DAG(s) 'steam_analytics_daily' retrieved from /opt/airflow/dags/steam_analytics.py
[2026-09-13T03:15:27.661+0000] {logging_mixin.py:188} INFO - [2026-09-13T03:15:27.660+0000] {dag.py:3089} INFO - Sync 1 DAGs
[2026-09-13T03:15:27.685+0000] {logging_mixin.py:188} INFO - [2026-09-13T03:15:27.684+0000] {dag.py:3947} INFO - Setting next_dagrun for steam_analytics_daily to 2026-09-13 02:00:00+00:00, run_after=2026-09-14 02:00:00+00:00
[2026-09-13T03:15:27.704+0000] {processor.py:183} INFO - Processing /opt/airflow/dags/steam_analytics.py took 0.255 seconds
[2026-09-13T03:15:57.840+0000] {processor.py:161} INFO - Started process (PID=810) to work on /opt/airflow/dags/steam_analytics.py
[2026-09-13T03:15:57.841+0000] {processor.py:830} INFO - Processing file /opt/airflow/dags/steam_analytics.py for tasks to queue
[2026-09-13T03:15:57.842+0000] {logging_mixin.py:188} INFO - [2026-09-13T03:15:57.842+0000] {dagbag.py:545} INFO - Filling up the DagBag from /opt/airflow/dags/steam_analytics.py
[2026-09-13T03:15:57.990+0000] {processor.py:840} INFO - DAG(s) 'steam_analytics_daily' retrieved from /opt/airflow/dags/steam_analytics.py
[2026-09-13T03:15:58.015+0000] {logging_mixin.py:188} INFO - [2026-09-13T03:15:58.015+0000] {dag.py:3089} INFO - Sync 1 DAGs
[2026-09-13T03:15:58.034+0000] {logging_mixin.py:188} INFO - [2026-09-13T03:15:58.034+0000] {dag.py:3947} INFO - Setting next_dagrun for steam_analytics_daily to 2026-09-13 02:00:00+00:00, run_after=2026-09-14 02:00:00+00:00
[2026-09-13T03:15:58.053+0000] {processor.py:183} INFO - Processing /opt/airflow/dags/steam_analytics.py took 0.218 seconds
[2026-09-13T03:16:28.178+0000] {processor.py:161} INFO - Started process (PID=815) to work on /opt/airflow/dags/steam_analytics.py
[2026-09-13T03:16:28.178+0000] {processor.py:830} INFO - Processing file /opt/airflow/dags/steam_analytics.py for tasks to queue
[2026-09-13T03:16:28.180+0000] {logging_mixin.py:188} INFO - [2026-09-13T03:16:28.180+0000] {dagbag.py:545} INFO - Filling up the DagBag from /opt/airflow/dags/steam_analytics.py
[2026-09-13T03:16:28.321+0000] {processor.py:840} INFO - DAG(s) 'steam_analytics_daily' retrieved from /opt/airflow/dags/steam_analytics.py
[2026-09-13T03:16:28.348+0000] {logging_mixin.py:188} INFO - [2026-09-13T03:16:28.347+0000] {dag.py:3089} INFO - Sync 1 DAGs
[2026-09-13T03:16:28.369+0000] {logging_mixin.py:188} INFO - [2026-09-13T03:16:28.368+0000] {dag.py:3947} INFO - Setting next_dagrun for steam_analytics_daily to 2026-09-13 02:00:00+00:00, run_after=2026-09-14 02:00:00+00:00
[2026-09-13T03:16:28.385+0000] {processor.py:183} INFO - Processing /opt/airflow/dags/steam_analytics.py took 0.212 seconds
[2026-09-13T03:16:58.516+0000] {processor.py:161} INFO - Started process (PID=820) to work on /opt/airflow/dags/steam_analytics.py
[2026-09-13T03:16:58.517+0000] {processor.py:830} INFO - Processing file /opt/airflow/dags/steam_analytics.py for tasks to queue
[2026-09-13T03:16:58.518+0000] {logging_mixin.py:188} INFO - [2026-09-13T03:16:58.518+0000] {dagbag.py:545} INFO - Filling up the DagBag from /opt/airflow/dags/steam_analytics.py
[2026-09-13T03:16:58.721+0000] {processor.py:840} INFO - DAG(s) 'steam_analytics_daily' retrieved from /opt/airflow/dags/steam_analytics.py
[2026-09-13T03:16:58.752+0000] {logging_mixin.py:188} INFO - [2026-09-13T03:16:58.752+0000] {dag.py:3089} INFO - Sync 1 DAGs
[2026-09-13T03:16:58.777+0000] {logging_mixin.py:188} INFO - [2026-09-13T03:16:58.777+0000] {dag.py:3947} INFO - Setting next_dagrun for steam_analytics_daily to 2026-09-13 02:00:00+00:00, run_after=2026-09-14 02:00:00+00:00
[2026-09-13T03:16:58.793+0000] {processor.py:183} INFO - Processing /opt/airflow/dags/steam_analytics.py took 0.281 seconds
[2026-09-13T03:17:28.923+0000] {processor.py:161} INFO - Started process (PID=825) to work on /opt/airflow/dags/steam_analytics.py
[2026-09-13T03:17:28.924+0000] {processor.py:830} INFO - Processing file /opt/airflow/dags/steam_analytics.py for tasks to queue
[2026-09-13T03:17:28.925+0000] {logging_mixin.py:188} INFO - [2026-09-13T03:17:28.925+0000] {dagbag.py:545} INFO - Filling up the DagBag from /opt/airflow/dags/steam_analytics.py
[2026-09-13T03:17:29.068+0000] {processor.py:840} INFO - DAG(s) 'steam_analytics_daily' retrieved from /opt/airflow/dags/steam_analytics.py
[2026-09-13T03:17:29.096+0000] {logging_mixin.py:188} INFO - [2026-09-13T03:17:29.095+0000] {dag.py:3089} INFO - Sync 1 DAGs
[2026-09-13T03:17:29.115+0000] {logging_mixin.py:188} INFO - [2026-09-13T03:17:29.115+0000] {dag.py:3947} INFO - Setting next_dagrun for steam_analytics_daily to 2026-09-13 02:00:00+00:00, run_after=2026-09-14 02:00:00+00:00
[2026-09-13T03:17:29.132+0000] {processor.py:183} INFO - Processing /opt/airflow/dags/steam_analytics.py took 0.214 seconds
[2026-09-13T03:17:59.262+0000] {processor.py:161} INFO - Started process (PID=830) to work on /opt/airflow/dags/steam_analytics.py
[2026-09-13T03:17:59.263+0000] {processor.py:830} INFO - Processing file /opt/airflow/dags/steam_analytics.py for tasks to queue
[2026-09-13T03:17:59.264+0000] {logging_mixin.py:188} INFO - [2026-09-13T03:17:59.264+0000] {dagbag.py:545} INFO - Filling up the DagBag from /opt/airflow/dags/steam_analytics.py
[2026-09-13T03:17:59.403+0000] {processor.py:840} INFO - DAG(s) 'steam_analytics_daily' retrieved from /opt/airflow/dags/steam_analytics.py
[2026-09-13T03:17:59.428+0000] {logging_mixin.py:188} INFO - [2026-09-13T03:17:59.428+0000] {dag.py:3089} INFO - Sync 1 DAGs
[2026-09-13T03:17:59.447+0000] {logging_mixin.py:188} INFO - [2026-09-13T03:17:59.447+0000] {dag.py:3947} INFO - Setting next_dagrun for steam_analytics_daily to 2026-09-13 02:00:00+00:00, run_after=2026-09-14 02:00:00+00:00
[2026-09-13T03:17:59.464+0000] {processor.py:183} INFO - Processing /opt/airflow/dags/steam_analytics.py took 0.207 seconds
[2026-09-13T03:18:29.582+0000] {processor.py:161} INFO - Started process (PID=835) to work on /opt/airflow/dags/steam_analytics.py
[2026-09-13T03:18:29.583+0000] {processor.py:830} INFO - Processing file /opt/airflow/dags/steam_analytics.py for tasks to queue
[2026-09-13T03:18:29.585+0000] {logging_mixin.py:188} INFO - [2026-09-13T03:18:29.584+0000] {dagbag.py:545} INFO - Filling up the DagBag from /opt/airflow/dags/steam_analytics.py
[2026-09-13T03:18:29.732+0000] {processor.py:840} INFO - DAG(s) 'steam_analytics_daily' retrieved from /opt/airflow/dags/steam_analytics.py
[2026-09-13T03:18:29.758+0000] {logging_mixin.py:188} INFO - [2026-09-13T03:18:29.757+0000] {dag.py:3089} INFO - Sync 1 DAGs
[2026-09-13T03:18:29.780+0000] {logging_mixin.py:188} INFO - [2026-09-13T03:18:29.780+0000] {dag.py:3947} INFO - Setting next_dagrun for steam_analytics_daily to 2026-09-13 02:00:00+00:00, run_after=2026-09-14 02:00:00+00:00
[2026-09-13T03:18:29.799+0000] {processor.py:183} INFO - Processing /opt/airflow/dags/steam_analytics.py took 0.221 seconds
[2026-09-13T03:18:59.929+0000] {processor.py:161} INFO - Started process (PID=840) to work on /opt/airflow/dags/steam_analytics.py
[2026-09-13T03:18:59.930+0000] {processor.py:830} INFO - Processing file /opt/airflow/dags/steam_analytics.py for tasks to queue
[2026-09-13T03:18:59.931+0000] {logging_mixin.py:188} INFO - [2026-09-13T03:18:59.931+0000] {dagbag.py:545} INFO - Filling up the DagBag from /opt/airflow/dags/steam_analytics.py
[2026-09-13T03:19:00.079+0000] {processor.py:840} INFO - DAG(s) 'steam_analytics_daily' retrieved from /opt/airflow/dags/steam_analytics.py
[2026-09-13T03:19:00.105+0000] {logging_mixin.py:188} INFO - [2026-09-13T03:19:00.105+0000] {dag.py:3089} INFO - Sync 1 DAGs
[2026-09-13T03:19:00.125+0000] {logging_mixin.py:188} INFO - [2026-09-13T03:19:00.125+0000] {dag.py:3947} INFO - Setting next_dagrun for steam_analytics_daily to 2026-09-13 02:00:00+00:00, run_after=2026-09-14 02:00:00+00:00
[2026-09-13T03:19:00.141+0000] {processor.py:183} INFO - Processing /opt/airflow/dags/steam_analytics.py took 0.218 seconds
[2026-09-13T03:19:30.271+0000] {processor.py:161} INFO - Started process (PID=845) to work on /opt/airflow/dags/steam_analytics.py
[2026-09-13T03:19:30.272+0000] {processor.py:830} INFO - Processing file /opt/airflow/dags/steam_analytics.py for tasks to queue
[2026-09-13T03:19:30.273+0000] {logging_mixin.py:188} INFO - [2026-09-13T03:19:30.273+0000] {dagbag.py:545} INFO - Filling up the DagBag from /opt/airflow/dags/steam_analytics.py
[2026-09-13T03:19:30.411+0000] {processor.py:840} INFO - DAG(s) 'steam_analytics_daily' retrieved from /opt/airflow/dags/steam_analytics.py
[2026-09-13T03:19:30.438+0000] {logging_mixin.py:188} INFO - [2026-09-13T03:19:30.438+0000] {dag.py:3089} INFO - Sync 1 DAGs
[2026-09-13T03:19:30.458+0000] {logging_mixin.py:188} INFO - [2026-09-13T03:19:30.458+0000] {dag.py:3947} INFO - Setting next_dagrun for steam_analytics_daily to 2026-09-13 02:00:00+00:00, run_after=2026-09-14 02:00:00+00:00
[2026-09-13T03:19:30.473+0000] {processor.py:183} INFO - Processing /opt/airflow/dags/steam_analytics.py took 0.208 seconds
[2026-09-13T03:20:00.608+0000] {processor.py:161} INFO - Started process (PID=850) to work on /opt/airflow/dags/steam_analytics.py
[2026-09-13T03:20:00.610+0000] {processor.py:830} INFO - Processing file /opt/airflow/dags/steam_analytics.py for tasks to queue
[2026-09-13T03:20:00.611+0000] {logging_mixin.py:188} INFO - [2026-09-13T03:20:00.611+0000] {dagbag.py:545} INFO - Filling up the DagBag from /opt/airflow/dags/steam_analytics.py
[2026-09-13T03:20:00.751+0000] {processor.py:840} INFO - DAG(s) 'steam_analytics_daily' retrieved from /opt/airflow/dags/steam_analytics.py
[2026-09-13T03:20:00.784+0000] {logging_mixin.py:188} INFO - [2026-09-13T03:20:00.784+0000] {dag.py:3089} INFO - Sync 1 DAGs
[2026-09-13T03:20:00.806+0000] {logging_mixin.py:188} INFO - [2026-09-13T03:20:00.806+0000] {dag.py:3947} INFO - Setting next_dagrun for steam_analytics_daily to 2026-09-13 02:00:00+00:00, run_after=2026-09-14 02:00:00+00:00
[2026-09-13T03:20:00.826+0000] {processor.py:183} INFO - Processing /opt/airflow/dags/steam_analytics.py took 0.222 seconds
[2026-09-13T03:20:30.956+0000] {processor.py:161} INFO - Started process (PID=855) to work on /opt/airflow/dags/steam_analytics.py
[2026-09-13T03:20:30.957+0000] {processor.py:830} INFO - Processing file /opt/airflow/dags/steam_analytics.py for tasks to queue
[2026-09-13T03:20:30.959+0000] {logging_mixin.py:188} INFO - [2026-09-13T03:20:30.959+0000] {dagbag.py:545} INFO - Filling up the DagBag from /opt/airflow/dags/steam_analytics.py
[2026-09-13T03:20:31.108+0000] {processor.py:840} INFO - DAG(s) 'steam_analytics_daily' retrieved from /opt/airflow/dags/steam_analytics.py
[2026-09-13T03:20:31.134+0000] {logging_mixin.py:188} INFO - [2026-09-13T03:20:31.133+0000] {dag.py:3089} INFO - Sync 1 DAGs
[2026-09-13T03:20:31.155+0000] {logging_mixin.py:188} INFO - [2026-09-13T03:20:31.155+0000] {dag.py:3947} INFO - Setting next_dagrun for steam_analytics_daily to 2026-09-13 02:00:00+00:00, run_after=2026-09-14 02:00:00+00:00
[2026-09-13T03:20:31.173+0000] {processor.py:183} INFO - Processing /opt/airflow/dags/steam_analytics.py took 0.221 seconds
[2026-09-13T03:21:01.302+0000] {processor.py:161} INFO - Started process (PID=860) to work on /opt/airflow/dags/steam_analytics.py
[2026-09-13T03:21:01.303+0000] {processor.py:830} INFO - Processing file /opt/airflow/dags/steam_analytics.py for tasks to queue
[2026-09-13T03:21:01.304+0000] {logging_mixin.py:188} INFO - [2026-09-13T03:21:01.304+0000] {dagbag.py:545} INFO - Filling up the DagBag from /opt/airflow/dags/steam_analytics.py
[2026-09-13T03:21:01.446+0000] {processor.py:840} INFO - DAG(s) 'steam_analytics_daily' retrieved from /opt/airflow/dags/steam_analytics.py
[2026-09-13T03:21:01.473+0000] {logging_mixin.py:188} INFO - [2026-09-13T03:21:01.473+0000] {dag.py:3089} INFO - Sync 1 DAGs
[2026-09-13T03:21:01.495+0000] {logging_mixin.py:188} INFO - [2026-09-13T03:21:01.495+0000] {dag.py:3947} INFO - Setting next_dagrun for steam_analytics_daily to 2026-09-13 02:00:00+00:00, run_after=2026-09-14 02:00:00+00:00
[2026-09-13T03:21:02.041+0000] {processor.py:183} INFO - Processing /opt/airflow/dags/steam_analytics.py took 0.743 seconds
[2026-09-13T03:21:32.198+0000] {processor.py:161} INFO - Started process (PID=865) to work on /opt/airflow/dags/steam_analytics.py
[2026-09-13T03:21:32.199+0000] {processor.py:830} INFO - Processing file /opt/airflow/dags/steam_analytics.py for tasks to queue
[2026-09-13T03:21:32.200+0000] {logging_mixin.py:188} INFO - [2026-09-13T03:21:32.200+0000] {dagbag.py:545} INFO - Filling up the DagBag from /opt/airflow/dags/steam_analytics.py
[2026-09-13T03:21:32.345+0000] {processor.py:840} INFO - DAG(s) 'steam_analytics_daily' retrieved from /opt/airflow/dags/steam_analytics.py
[2026-09-13T03:21:32.371+0000] {logging_mixin.py:188} INFO - [2026-09-13T03:21:32.371+0000] {dag.py:3089} INFO - Sync 1 DAGs
[2026-09-13T03:21:32.393+0000] {logging_mixin.py:188} INFO - [2026-09-13T03:21:32.392+0000] {dag.py:3947} INFO - Setting next_dagrun for steam_analytics_daily to 2026-09-13 02:00:00+00:00, run_after=2026-09-14 02:00:00+00:00
[2026-09-13T03:21:32.408+0000] {processor.py:183} INFO - Processing /opt/airflow/dags/steam_analytics.py took 0.215 seconds
[2026-09-13T03:22:02.533+0000] {processor.py:161} INFO - Started process (PID=870) to work on /opt/airflow/dags/steam_analytics.py
[2026-09-13T03:22:02.535+0000] {processor.py:830} INFO - Processing file /opt/airflow/dags/steam_analytics.py for tasks to queue
[2026-09-13T03:22:02.537+0000] {logging_mixin.py:188} INFO - [2026-09-13T03:22:02.536+0000] {dagbag.py:545} INFO - Filling up the DagBag from /opt/airflow/dags/steam_analytics.py
[2026-09-13T03:22:02.685+0000] {processor.py:840} INFO - DAG(s) 'steam_analytics_daily' retrieved from /opt/airflow/dags/steam_analytics.py
[2026-09-13T03:22:02.713+0000] {logging_mixin.py:188} INFO - [2026-09-13T03:22:02.713+0000] {dag.py:3089} INFO - Sync 1 DAGs
[2026-09-13T03:22:02.732+0000] {logging_mixin.py:188} INFO - [2026-09-13T03:22:02.732+0000] {dag.py:3947} INFO - Setting next_dagrun for steam_analytics_daily to 2026-09-13 02:00:00+00:00, run_after=2026-09-14 02:00:00+00:00
[2026-09-13T03:22:02.750+0000] {processor.py:183} INFO - Processing /opt/airflow/dags/steam_analytics.py took 0.221 seconds
[2026-09-13T03:22:32.881+0000] {processor.py:161} INFO - Started process (PID=875) to work on /opt/airflow/dags/steam_analytics.py
[2026-09-13T03:22:32.881+0000] {processor.py:830} INFO - Processing file /opt/airflow/dags/steam_analytics.py for tasks to queue
[2026-09-13T03:22:32.883+0000] {logging_mixin.py:188} INFO - [2026-09-13T03:22:32.882+0000] {dagbag.py:545} INFO - Filling up the DagBag from /opt/airflow/dags/steam_analytics.py
[2026-09-13T03:22:33.030+0000] {processor.py:840} INFO - DAG(s) 'steam_analytics_daily' retrieved from /opt/airflow/dags/steam_analytics.py
[2026-09-13T03:22:33.056+0000] {logging_mixin.py:188} INFO - [2026-09-13T03:22:33.056+0000] {dag.py:3089} INFO - Sync 1 DAGs
[2026-09-13T03:22:33.079+0000] {logging_mixin.py:188} INFO - [2026-09-13T03:22:33.079+0000] {dag.py:3947} INFO - Setting next_dagrun for steam_analytics_daily to 2026-09-13 02:00:00+00:00, run_after=2026-09-14 02:00:00+00:00
[2026-09-13T03:22:33.096+0000] {processor.py:183} INFO - Processing /opt/airflow/dags/steam_analytics.py took 0.220 seconds
[2026-09-13T03:23:03.228+0000] {processor.py:161} INFO - Started process (PID=880) to work on /opt/airflow/dags/steam_analytics.py
[2026-09-13T03:23:03.229+0000] {processor.py:830} INFO - Processing file /opt/airflow/dags/steam_analytics.py for tasks to queue
[2026-09-13T03:23:03.230+0000] {logging_mixin.py:188} INFO - [2026-09-13T03:23:03.230+0000] {dagbag.py:545} INFO - Filling up the DagBag from /opt/airflow/dags/steam_analytics.py
[2026-09-13T03:23:03.379+0000] {processor.py:840} INFO - DAG(s) 'steam_analytics_daily' retrieved from /opt/airflow/dags/steam_analytics.py
[2026-09-13T03:23:03.407+0000] {logging_mixin.py:188} INFO - [2026-09-13T03:23:03.406+0000] {dag.py:3089} INFO - Sync 1 DAGs
[2026-09-13T03:23:03.426+0000] {logging_mixin.py:188} INFO - [2026-09-13T03:23:03.426+0000] {dag.py:3947} INFO - Setting next_dagrun for steam_analytics_daily to 2026-09-13 02:00:00+00:00, run_after=2026-09-14 02:00:00+00:00
[2026-09-13T03:23:03.648+0000] {processor.py:183} INFO - Processing /opt/airflow/dags/steam_analytics.py took 0.425 seconds
[2026-09-13T03:23:33.808+0000] {processor.py:161} INFO - Started process (PID=885) to work on /opt/airflow/dags/steam_analytics.py
[2026-09-13T03:23:33.809+0000] {processor.py:830} INFO - Processing file /opt/airflow/dags/steam_analytics.py for tasks to queue
[2026-09-13T03:23:33.811+0000] {logging_mixin.py:188} INFO - [2026-09-13T03:23:33.810+0000] {dagbag.py:545} INFO - Filling up the DagBag from /opt/airflow/dags/steam_analytics.py
[2026-09-13T03:23:33.975+0000] {processor.py:840} INFO - DAG(s) 'steam_analytics_daily' retrieved from /opt/airflow/dags/steam_analytics.py
[2026-09-13T03:23:34.011+0000] {logging_mixin.py:188} INFO - [2026-09-13T03:23:34.011+0000] {dag.py:3089} INFO - Sync 1 DAGs
[2026-09-13T03:23:34.044+0000] {logging_mixin.py:188} INFO - [2026-09-13T03:23:34.044+0000] {dag.py:3947} INFO - Setting next_dagrun for steam_analytics_daily to 2026-09-13 02:00:00+00:00, run_after=2026-09-14 02:00:00+00:00
[2026-09-13T03:23:34.068+0000] {processor.py:183} INFO - Processing /opt/airflow/dags/steam_analytics.py took 0.265 seconds
[2026-09-13T03:24:04.211+0000] {processor.py:161} INFO - Started process (PID=890) to work on /opt/airflow/dags/steam_analytics.py
[2026-09-13T03:24:04.212+0000] {processor.py:830} INFO - Processing file /opt/airflow/dags/steam_analytics.py for tasks to queue
[2026-09-13T03:24:04.213+0000] {logging_mixin.py:188} INFO - [2026-09-13T03:24:04.213+0000] {dagbag.py:545} INFO - Filling up the DagBag from /opt/airflow/dags/steam_analytics.py
[2026-09-13T03:24:04.363+0000] {processor.py:840} INFO - DAG(s) 'steam_analytics_daily' retrieved from /opt/airflow/dags/steam_analytics.py
[2026-09-13T03:24:04.391+0000] {logging_mixin.py:188} INFO - [2026-09-13T03:24:04.391+0000] {dag.py:3089} INFO - Sync 1 DAGs
[2026-09-13T03:24:04.415+0000] {logging_mixin.py:188} INFO - [2026-09-13T03:24:04.414+0000] {dag.py:3947} INFO - Setting next_dagrun for steam_analytics_daily to 2026-09-13 02:00:00+00:00, run_after=2026-09-14 02:00:00+00:00
[2026-09-13T03:24:04.434+0000] {processor.py:183} INFO - Processing /opt/airflow/dags/steam_analytics.py took 0.227 seconds
[2026-09-13T03:24:34.576+0000] {processor.py:161} INFO - Started process (PID=895) to work on /opt/airflow/dags/steam_analytics.py
[2026-09-13T03:24:34.577+0000] {processor.py:830} INFO - Processing file /opt/airflow/dags/steam_analytics.py for tasks to queue
[2026-09-13T03:24:34.579+0000] {logging_mixin.py:188} INFO - [2026-09-13T03:24:34.579+0000] {dagbag.py:545} INFO - Filling up the DagBag from /opt/airflow/dags/steam_analytics.py
[2026-09-13T03:24:34.727+0000] {processor.py:840} INFO - DAG(s) 'steam_analytics_daily' retrieved from /opt/airflow/dags/steam_analytics.py
[2026-09-13T03:24:34.755+0000] {logging_mixin.py:188} INFO - [2026-09-13T03:24:34.754+0000] {dag.py:3089} INFO - Sync 1 DAGs
[2026-09-13T03:24:34.776+0000] {logging_mixin.py:188} INFO - [2026-09-13T03:24:34.776+0000] {dag.py:3947} INFO - Setting next_dagrun for steam_analytics_daily to 2026-09-13 02:00:00+00:00, run_after=2026-09-14 02:00:00+00:00
[2026-09-13T03:24:34.794+0000] {processor.py:183} INFO - Processing /opt/airflow/dags/steam_analytics.py took 0.222 seconds
[2026-09-13T03:25:04.931+0000] {processor.py:161} INFO - Started process (PID=900) to work on /opt/airflow/dags/steam_analytics.py
[2026-09-13T03:25:04.932+0000] {processor.py:830} INFO - Processing file /opt/airflow/dags/steam_analytics.py for tasks to queue
[2026-09-13T03:25:04.933+0000] {logging_mixin.py:188} INFO - [2026-09-13T03:25:04.933+0000] {dagbag.py:545} INFO - Filling up the DagBag from /opt/airflow/dags/steam_analytics.py
[2026-09-13T03:25:05.081+0000] {processor.py:840} INFO - DAG(s) 'steam_analytics_daily' retrieved from /opt/airflow/dags/steam_analytics.py
[2026-09-13T03:25:05.110+0000] {logging_mixin.py:188} INFO - [2026-09-13T03:25:05.110+0000] {dag.py:3089} INFO - Sync 1 DAGs
[2026-09-13T03:25:05.134+0000] {logging_mixin.py:188} INFO - [2026-09-13T03:25:05.134+0000] {dag.py:3947} INFO - Setting next_dagrun for steam_analytics_daily to 2026-09-13 02:00:00+00:00, run_after=2026-09-14 02:00:00+00:00
[2026-09-13T03:25:05.380+0000] {processor.py:183} INFO - Processing /opt/airflow/dags/steam_analytics.py took 0.454 seconds
[2026-09-13T03:25:35.533+0000] {processor.py:161} INFO - Started process (PID=905) to work on /opt/airflow/dags/steam_analytics.py
[2026-09-13T03:25:35.534+0000] {processor.py:830} INFO - Processing file /opt/airflow/dags/steam_analytics.py for tasks to queue
[2026-09-13T03:25:35.536+0000] {logging_mixin.py:188} INFO - [2026-09-13T03:25:35.535+0000] {dagbag.py:545} INFO - Filling up the DagBag from /opt/airflow/dags/steam_analytics.py
[2026-09-13T03:25:35.694+0000] {processor.py:840} INFO - DAG(s) 'steam_analytics_daily' retrieved from /opt/airflow/dags/steam_analytics.py
[2026-09-13T03:25:35.723+0000] {logging_mixin.py:188} INFO - [2026-09-13T03:25:35.723+0000] {dag.py:3089} INFO - Sync 1 DAGs
[2026-09-13T03:25:35.747+0000] {logging_mixin.py:188} INFO - [2026-09-13T03:25:35.747+0000] {dag.py:3947} INFO - Setting next_dagrun for steam_analytics_daily to 2026-09-13 02:00:00+00:00, run_after=2026-09-14 02:00:00+00:00
[2026-09-13T03:25:35.765+0000] {processor.py:183} INFO - Processing /opt/airflow/dags/steam_analytics.py took 0.238 seconds
[2026-09-13T03:26:05.909+0000] {processor.py:161} INFO - Started process (PID=910) to work on /opt/airflow/dags/steam_analytics.py
[2026-09-13T03:26:05.910+0000] {processor.py:830} INFO - Processing file /opt/airflow/dags/steam_analytics.py for tasks to queue
[2026-09-13T03:26:05.911+0000] {logging_mixin.py:188} INFO - [2026-09-13T03:26:05.911+0000] {dagbag.py:545} INFO - Filling up the DagBag from /opt/airflow/dags/steam_analytics.py
[2026-09-13T03:26:06.064+0000] {processor.py:840} INFO - DAG(s) 'steam_analytics_daily' retrieved from /opt/airflow/dags/steam_analytics.py
[2026-09-13T03:26:06.097+0000] {logging_mixin.py:188} INFO - [2026-09-13T03:26:06.097+0000] {dag.py:3089} INFO - Sync 1 DAGs
[2026-09-13T03:26:06.122+0000] {logging_mixin.py:188} INFO - [2026-09-13T03:26:06.121+0000] {dag.py:3947} INFO - Setting next_dagrun for steam_analytics_daily to 2026-09-13 02:00:00+00:00, run_after=2026-09-14 02:00:00+00:00
[2026-09-13T03:26:06.142+0000] {processor.py:183} INFO - Processing /opt/airflow/dags/steam_analytics.py took 0.238 seconds
[2026-09-13T03:26:36.283+0000] {processor.py:161} INFO - Started process (PID=915) to work on /opt/airflow/dags/steam_analytics.py
[2026-09-13T03:26:36.284+0000] {processor.py:830} INFO - Processing file /opt/airflow/dags/steam_analytics.py for tasks to queue
[2026-09-13T03:26:36.285+0000] {logging_mixin.py:188} INFO - [2026-09-13T03:26:36.285+0000] {dagbag.py:545} INFO - Filling up the DagBag from /opt/airflow/dags/steam_analytics.py
[2026-09-13T03:26:36.443+0000] {processor.py:840} INFO - DAG(s) 'steam_analytics_daily' retrieved from /opt/airflow/dags/steam_analytics.py
[2026-09-13T03:26:36.472+0000] {logging_mixin.py:188} INFO - [2026-09-13T03:26:36.472+0000] {dag.py:3089} INFO - Sync 1 DAGs
[2026-09-13T03:26:36.495+0000] {logging_mixin.py:188} INFO - [2026-09-13T03:26:36.495+0000] {dag.py:3947} INFO - Setting next_dagrun for steam_analytics_daily to 2026-09-13 02:00:00+00:00, run_after=2026-09-14 02:00:00+00:00
[2026-09-13T03:26:36.513+0000] {processor.py:183} INFO - Processing /opt/airflow/dags/steam_analytics.py took 0.234 seconds
[2026-09-13T03:27:06.648+0000] {processor.py:161} INFO - Started process (PID=920) to work on /opt/airflow/dags/steam_analytics.py
[2026-09-13T03:27:06.649+0000] {processor.py:830} INFO - Processing file /opt/airflow/dags/steam_analytics.py for tasks to queue
[2026-09-13T03:27:06.650+0000] {logging_mixin.py:188} INFO - [2026-09-13T03:27:06.650+0000] {dagbag.py:545} INFO - Filling up the DagBag from /opt/airflow/dags/steam_analytics.py
[2026-09-13T03:27:06.799+0000] {processor.py:840} INFO - DAG(s) 'steam_analytics_daily' retrieved from /opt/airflow/dags/steam_analytics.py
[2026-09-13T03:27:06.825+0000] {logging_mixin.py:188} INFO - [2026-09-13T03:27:06.825+0000] {dag.py:3089} INFO - Sync 1 DAGs
[2026-09-13T03:27:06.848+0000] {logging_mixin.py:188} INFO - [2026-09-13T03:27:06.847+0000] {dag.py:3947} INFO - Setting next_dagrun for steam_analytics_daily to 2026-09-13 02:00:00+00:00, run_after=2026-09-14 02:00:00+00:00
[2026-09-13T03:27:07.036+0000] {processor.py:183} INFO - Processing /opt/airflow/dags/steam_analytics.py took 0.392 seconds
[2026-09-13T03:27:37.198+0000] {processor.py:161} INFO - Started process (PID=925) to work on /opt/airflow/dags/steam_analytics.py
[2026-09-13T03:27:37.199+0000] {processor.py:830} INFO - Processing file /opt/airflow/dags/steam_analytics.py for tasks to queue
[2026-09-13T03:27:37.200+0000] {logging_mixin.py:188} INFO - [2026-09-13T03:27:37.200+0000] {dagbag.py:545} INFO - Filling up the DagBag from /opt/airflow/dags/steam_analytics.py
[2026-09-13T03:27:37.349+0000] {processor.py:840} INFO - DAG(s) 'steam_analytics_daily' retrieved from /opt/airflow/dags/steam_analytics.py
[2026-09-13T03:27:37.377+0000] {logging_mixin.py:188} INFO - [2026-09-13T03:27:37.377+0000] {dag.py:3089} INFO - Sync 1 DAGs
[2026-09-13T03:27:37.401+0000] {logging_mixin.py:188} INFO - [2026-09-13T03:27:37.400+0000] {dag.py:3947} INFO - Setting next_dagrun for steam_analytics_daily to 2026-09-13 02:00:00+00:00, run_after=2026-09-14 02:00:00+00:00
[2026-09-13T03:27:37.418+0000] {processor.py:183} INFO - Processing /opt/airflow/dags/steam_analytics.py took 0.226 seconds
[2026-09-13T03:28:07.565+0000] {processor.py:161} INFO - Started process (PID=930) to work on /opt/airflow/dags/steam_analytics.py
[2026-09-13T03:28:07.566+0000] {processor.py:830} INFO - Processing file /opt/airflow/dags/steam_analytics.py for tasks to queue
[2026-09-13T03:28:07.568+0000] {logging_mixin.py:188} INFO - [2026-09-13T03:28:07.567+0000] {dagbag.py:545} INFO - Filling up the DagBag from /opt/airflow/dags/steam_analytics.py
[2026-09-13T03:28:07.723+0000] {processor.py:840} INFO - DAG(s) 'steam_analytics_daily' retrieved from /opt/airflow/dags/steam_analytics.py
[2026-09-13T03:28:07.753+0000] {logging_mixin.py:188} INFO - [2026-09-13T03:28:07.753+0000] {dag.py:3089} INFO - Sync 1 DAGs
[2026-09-13T03:28:07.775+0000] {logging_mixin.py:188} INFO - [2026-09-13T03:28:07.775+0000] {dag.py:3947} INFO - Setting next_dagrun for steam_analytics_daily to 2026-09-13 02:00:00+00:00, run_after=2026-09-14 02:00:00+00:00
[2026-09-13T03:28:07.795+0000] {processor.py:183} INFO - Processing /opt/airflow/dags/steam_analytics.py took 0.239 seconds
[2026-09-13T03:28:37.933+0000] {processor.py:161} INFO - Started process (PID=935) to work on /opt/airflow/dags/steam_analytics.py
[2026-09-13T03:28:37.934+0000] {processor.py:830} INFO - Processing file /opt/airflow/dags/steam_analytics.py for tasks to queue
[2026-09-13T03:28:37.935+0000] {logging_mixin.py:188} INFO - [2026-09-13T03:28:37.935+0000] {dagbag.py:545} INFO - Filling up the DagBag from /opt/airflow/dags/steam_analytics.py
[2026-09-13T03:28:38.112+0000] {processor.py:840} INFO - DAG(s) 'steam_analytics_daily' retrieved from /opt/airflow/dags/steam_analytics.py
[2026-09-13T03:28:38.146+0000] {logging_mixin.py:188} INFO - [2026-09-13T03:28:38.146+0000] {dag.py:3089} INFO - Sync 1 DAGs
[2026-09-13T03:28:38.171+0000] {logging_mixin.py:188} INFO - [2026-09-13T03:28:38.171+0000] {dag.py:3947} INFO - Setting next_dagrun for steam_analytics_daily to 2026-09-13 02:00:00+00:00, run_after=2026-09-14 02:00:00+00:00
[2026-09-13T03:28:38.194+0000] {processor.py:183} INFO - Processing /opt/airflow/dags/steam_analytics.py took 0.265 seconds
[2026-09-13T03:29:08.325+0000] {processor.py:161} INFO - Started process (PID=940) to work on /opt/airflow/dags/steam_analytics.py
[2026-09-13T03:29:08.326+0000] {processor.py:830} INFO - Processing file /opt/airflow/dags/steam_analytics.py for tasks to queue
[2026-09-13T03:29:08.327+0000] {logging_mixin.py:188} INFO - [2026-09-13T03:29:08.327+0000] {dagbag.py:545} INFO - Filling up the DagBag from /opt/airflow/dags/steam_analytics.py
[2026-09-13T03:29:08.494+0000] {processor.py:840} INFO - DAG(s) 'steam_analytics_daily' retrieved from /opt/airflow/dags/steam_analytics.py
[2026-09-13T03:29:08.530+0000] {logging_mixin.py:188} INFO - [2026-09-13T03:29:08.530+0000] {dag.py:3089} INFO - Sync 1 DAGs
[2026-09-13T03:29:08.558+0000] {logging_mixin.py:188} INFO - [2026-09-13T03:29:08.557+0000] {dag.py:3947} INFO - Setting next_dagrun for steam_analytics_daily to 2026-09-13 02:00:00+00:00, run_after=2026-09-14 02:00:00+00:00
[2026-09-13T03:29:08.579+0000] {processor.py:183} INFO - Processing /opt/airflow/dags/steam_analytics.py took 0.259 seconds
[2026-09-13T03:29:38.712+0000] {processor.py:161} INFO - Started process (PID=945) to work on /opt/airflow/dags/steam_analytics.py
[2026-09-13T03:29:38.713+0000] {processor.py:830} INFO - Processing file /opt/airflow/dags/steam_analytics.py for tasks to queue
[2026-09-13T03:29:38.714+0000] {logging_mixin.py:188} INFO - [2026-09-13T03:29:38.714+0000] {dagbag.py:545} INFO - Filling up the DagBag from /opt/airflow/dags/steam_analytics.py
[2026-09-13T03:29:38.865+0000] {processor.py:840} INFO - DAG(s) 'steam_analytics_daily' retrieved from /opt/airflow/dags/steam_analytics.py
[2026-09-13T03:29:38.891+0000] {logging_mixin.py:188} INFO - [2026-09-13T03:29:38.890+0000] {dag.py:3089} INFO - Sync 1 DAGs
[2026-09-13T03:29:38.912+0000] {logging_mixin.py:188} INFO - [2026-09-13T03:29:38.912+0000] {dag.py:3947} INFO - Setting next_dagrun for steam_analytics_daily to 2026-09-13 02:00:00+00:00, run_after=2026-09-14 02:00:00+00:00
[2026-09-13T03:29:39.077+0000] {processor.py:183} INFO - Processing /opt/airflow/dags/steam_analytics.py took 0.370 seconds
[2026-09-13T03:30:09.223+0000] {processor.py:161} INFO - Started process (PID=950) to work on /opt/airflow/dags/steam_analytics.py
[2026-09-13T03:30:09.224+0000] {processor.py:830} INFO - Processing file /opt/airflow/dags/steam_analytics.py for tasks to queue
[2026-09-13T03:30:09.225+0000] {logging_mixin.py:188} INFO - [2026-09-13T03:30:09.225+0000] {dagbag.py:545} INFO - Filling up the DagBag from /opt/airflow/dags/steam_analytics.py
[2026-09-13T03:30:09.403+0000] {processor.py:840} INFO - DAG(s) 'steam_analytics_daily' retrieved from /opt/airflow/dags/steam_analytics.py
[2026-09-13T03:30:09.433+0000] {logging_mixin.py:188} INFO - [2026-09-13T03:30:09.433+0000] {dag.py:3089} INFO - Sync 1 DAGs
[2026-09-13T03:30:09.594+0000] {logging_mixin.py:188} INFO - [2026-09-13T03:30:09.594+0000] {dag.py:3947} INFO - Setting next_dagrun for steam_analytics_daily to 2026-09-13 02:00:00+00:00, run_after=2026-09-14 02:00:00+00:00
[2026-09-13T03:30:09.609+0000] {processor.py:183} INFO - Processing /opt/airflow/dags/steam_analytics.py took 0.392 seconds
[2026-09-13T03:30:39.753+0000] {processor.py:161} INFO - Started process (PID=955) to work on /opt/airflow/dags/steam_analytics.py
[2026-09-13T03:30:39.754+0000] {processor.py:830} INFO - Processing file /opt/airflow/dags/steam_analytics.py for tasks to queue
[2026-09-13T03:30:39.755+0000] {logging_mixin.py:188} INFO - [2026-09-13T03:30:39.755+0000] {dagbag.py:545} INFO - Filling up the DagBag from /opt/airflow/dags/steam_analytics.py
[2026-09-13T03:30:39.902+0000] {processor.py:840} INFO - DAG(s) 'steam_analytics_daily' retrieved from /opt/airflow/dags/steam_analytics.py
[2026-09-13T03:30:39.929+0000] {logging_mixin.py:188} INFO - [2026-09-13T03:30:39.929+0000] {dag.py:3089} INFO - Sync 1 DAGs
[2026-09-13T03:30:39.951+0000] {logging_mixin.py:188} INFO - [2026-09-13T03:30:39.951+0000] {dag.py:3947} INFO - Setting next_dagrun for steam_analytics_daily to 2026-09-13 02:00:00+00:00, run_after=2026-09-14 02:00:00+00:00
[2026-09-13T03:30:39.968+0000] {processor.py:183} INFO - Processing /opt/airflow/dags/steam_analytics.py took 0.219 seconds
[2026-09-13T03:31:10.092+0000] {processor.py:161} INFO - Started process (PID=960) to work on /opt/airflow/dags/steam_analytics.py
[2026-09-13T03:31:10.092+0000] {processor.py:830} INFO - Processing file /opt/airflow/dags/steam_analytics.py for tasks to queue
[2026-09-13T03:31:10.094+0000] {logging_mixin.py:188} INFO - [2026-09-13T03:31:10.094+0000] {dagbag.py:545} INFO - Filling up the DagBag from /opt/airflow/dags/steam_analytics.py
[2026-09-13T03:31:10.227+0000] {processor.py:840} INFO - DAG(s) 'steam_analytics_daily' retrieved from /opt/airflow/dags/steam_analytics.py
[2026-09-13T03:31:10.251+0000] {logging_mixin.py:188} INFO - [2026-09-13T03:31:10.251+0000] {dag.py:3089} INFO - Sync 1 DAGs
[2026-09-13T03:31:10.271+0000] {logging_mixin.py:188} INFO - [2026-09-13T03:31:10.271+0000] {dag.py:3947} INFO - Setting next_dagrun for steam_analytics_daily to 2026-09-13 02:00:00+00:00, run_after=2026-09-14 02:00:00+00:00
[2026-09-13T03:31:10.286+0000] {processor.py:183} INFO - Processing /opt/airflow/dags/steam_analytics.py took 0.198 seconds
[2026-09-13T03:31:40.412+0000] {processor.py:161} INFO - Started process (PID=965) to work on /opt/airflow/dags/steam_analytics.py
[2026-09-13T03:31:40.413+0000] {processor.py:830} INFO - Processing file /opt/airflow/dags/steam_analytics.py for tasks to queue
[2026-09-13T03:31:40.414+0000] {logging_mixin.py:188} INFO - [2026-09-13T03:31:40.414+0000] {dagbag.py:545} INFO - Filling up the DagBag from /opt/airflow/dags/steam_analytics.py
[2026-09-13T03:31:40.554+0000] {processor.py:840} INFO - DAG(s) 'steam_analytics_daily' retrieved from /opt/airflow/dags/steam_analytics.py
[2026-09-13T03:31:40.581+0000] {logging_mixin.py:188} INFO - [2026-09-13T03:31:40.581+0000] {dag.py:3089} INFO - Sync 1 DAGs
[2026-09-13T03:31:40.602+0000] {logging_mixin.py:188} INFO - [2026-09-13T03:31:40.601+0000] {dag.py:3947} INFO - Setting next_dagrun for steam_analytics_daily to 2026-09-13 02:00:00+00:00, run_after=2026-09-14 02:00:00+00:00
[2026-09-13T03:31:40.730+0000] {processor.py:183} INFO - Processing /opt/airflow/dags/steam_analytics.py took 0.321 seconds
[2026-09-13T03:32:10.864+0000] {processor.py:161} INFO - Started process (PID=970) to work on /opt/airflow/dags/steam_analytics.py
[2026-09-13T03:32:10.865+0000] {processor.py:830} INFO - Processing file /opt/airflow/dags/steam_analytics.py for tasks to queue
[2026-09-13T03:32:10.866+0000] {logging_mixin.py:188} INFO - [2026-09-13T03:32:10.866+0000] {dagbag.py:545} INFO - Filling up the DagBag from /opt/airflow/dags/steam_analytics.py
[2026-09-13T03:32:11.001+0000] {processor.py:840} INFO - DAG(s) 'steam_analytics_daily' retrieved from /opt/airflow/dags/steam_analytics.py
[2026-09-13T03:32:11.026+0000] {logging_mixin.py:188} INFO - [2026-09-13T03:32:11.025+0000] {dag.py:3089} INFO - Sync 1 DAGs
[2026-09-13T03:32:11.148+0000] {logging_mixin.py:188} INFO - [2026-09-13T03:32:11.148+0000] {dag.py:3947} INFO - Setting next_dagrun for steam_analytics_daily to 2026-09-13 02:00:00+00:00, run_after=2026-09-14 02:00:00+00:00
[2026-09-13T03:32:11.164+0000] {processor.py:183} INFO - Processing /opt/airflow/dags/steam_analytics.py took 0.304 seconds
[2026-09-13T03:32:41.301+0000] {processor.py:161} INFO - Started process (PID=975) to work on /opt/airflow/dags/steam_analytics.py
[2026-09-13T03:32:41.302+0000] {processor.py:830} INFO - Processing file /opt/airflow/dags/steam_analytics.py for tasks to queue
[2026-09-13T03:32:41.303+0000] {logging_mixin.py:188} INFO - [2026-09-13T03:32:41.303+0000] {dagbag.py:545} INFO - Filling up the DagBag from /opt/airflow/dags/steam_analytics.py
[2026-09-13T03:32:41.457+0000] {processor.py:840} INFO - DAG(s) 'steam_analytics_daily' retrieved from /opt/airflow/dags/steam_analytics.py
[2026-09-13T03:32:41.485+0000] {logging_mixin.py:188} INFO - [2026-09-13T03:32:41.485+0000] {dag.py:3089} INFO - Sync 1 DAGs
[2026-09-13T03:32:41.508+0000] {logging_mixin.py:188} INFO - [2026-09-13T03:32:41.508+0000] {dag.py:3947} INFO - Setting next_dagrun for steam_analytics_daily to 2026-09-13 02:00:00+00:00, run_after=2026-09-14 02:00:00+00:00
[2026-09-13T03:32:41.523+0000] {processor.py:183} INFO - Processing /opt/airflow/dags/steam_analytics.py took 0.229 seconds
[2026-09-13T03:33:11.651+0000] {processor.py:161} INFO - Started process (PID=980) to work on /opt/airflow/dags/steam_analytics.py
[2026-09-13T03:33:11.652+0000] {processor.py:830} INFO - Processing file /opt/airflow/dags/steam_analytics.py for tasks to queue
[2026-09-13T03:33:11.653+0000] {logging_mixin.py:188} INFO - [2026-09-13T03:33:11.653+0000] {dagbag.py:545} INFO - Filling up the DagBag from /opt/airflow/dags/steam_analytics.py
[2026-09-13T03:33:11.786+0000] {processor.py:840} INFO - DAG(s) 'steam_analytics_daily' retrieved from /opt/airflow/dags/steam_analytics.py
[2026-09-13T03:33:11.811+0000] {logging_mixin.py:188} INFO - [2026-09-13T03:33:11.811+0000] {dag.py:3089} INFO - Sync 1 DAGs
[2026-09-13T03:33:11.830+0000] {logging_mixin.py:188} INFO - [2026-09-13T03:33:11.830+0000] {dag.py:3947} INFO - Setting next_dagrun for steam_analytics_daily to 2026-09-13 02:00:00+00:00, run_after=2026-09-14 02:00:00+00:00
[2026-09-13T03:33:11.846+0000] {processor.py:183} INFO - Processing /opt/airflow/dags/steam_analytics.py took 0.200 seconds
[2026-09-13T03:33:41.978+0000] {processor.py:161} INFO - Started process (PID=985) to work on /opt/airflow/dags/steam_analytics.py
[2026-09-13T03:33:41.979+0000] {processor.py:830} INFO - Processing file /opt/airflow/dags/steam_analytics.py for tasks to queue
[2026-09-13T03:33:41.980+0000] {logging_mixin.py:188} INFO - [2026-09-13T03:33:41.980+0000] {dagbag.py:545} INFO - Filling up the DagBag from /opt/airflow/dags/steam_analytics.py
[2026-09-13T03:33:42.125+0000] {processor.py:840} INFO - DAG(s) 'steam_analytics_daily' retrieved from /opt/airflow/dags/steam_analytics.py
[2026-09-13T03:33:42.149+0000] {logging_mixin.py:188} INFO - [2026-09-13T03:33:42.149+0000] {dag.py:3089} INFO - Sync 1 DAGs
[2026-09-13T03:33:42.167+0000] {logging_mixin.py:188} INFO - [2026-09-13T03:33:42.167+0000] {dag.py:3947} INFO - Setting next_dagrun for steam_analytics_daily to 2026-09-13 02:00:00+00:00, run_after=2026-09-14 02:00:00+00:00
[2026-09-13T03:33:42.301+0000] {processor.py:183} INFO - Processing /opt/airflow/dags/steam_analytics.py took 0.328 seconds
[2026-09-13T03:34:12.435+0000] {processor.py:161} INFO - Started process (PID=990) to work on /opt/airflow/dags/steam_analytics.py
[2026-09-13T03:34:12.436+0000] {processor.py:830} INFO - Processing file /opt/airflow/dags/steam_analytics.py for tasks to queue
[2026-09-13T03:34:12.437+0000] {logging_mixin.py:188} INFO - [2026-09-13T03:34:12.437+0000] {dagbag.py:545} INFO - Filling up the DagBag from /opt/airflow/dags/steam_analytics.py
[2026-09-13T03:34:12.569+0000] {processor.py:840} INFO - DAG(s) 'steam_analytics_daily' retrieved from /opt/airflow/dags/steam_analytics.py
[2026-09-13T03:34:12.600+0000] {logging_mixin.py:188} INFO - [2026-09-13T03:34:12.600+0000] {dag.py:3089} INFO - Sync 1 DAGs
[2026-09-13T03:34:12.743+0000] {logging_mixin.py:188} INFO - [2026-09-13T03:34:12.743+0000] {dag.py:3947} INFO - Setting next_dagrun for steam_analytics_daily to 2026-09-13 02:00:00+00:00, run_after=2026-09-14 02:00:00+00:00
[2026-09-13T03:34:12.758+0000] {processor.py:183} INFO - Processing /opt/airflow/dags/steam_analytics.py took 0.327 seconds
[2026-09-13T03:34:42.890+0000] {processor.py:161} INFO - Started process (PID=995) to work on /opt/airflow/dags/steam_analytics.py
[2026-09-13T03:34:42.890+0000] {processor.py:830} INFO - Processing file /opt/airflow/dags/steam_analytics.py for tasks to queue
[2026-09-13T03:34:42.892+0000] {logging_mixin.py:188} INFO - [2026-09-13T03:34:42.891+0000] {dagbag.py:545} INFO - Filling up the DagBag from /opt/airflow/dags/steam_analytics.py
[2026-09-13T03:34:43.033+0000] {processor.py:840} INFO - DAG(s) 'steam_analytics_daily' retrieved from /opt/airflow/dags/steam_analytics.py
[2026-09-13T03:34:43.061+0000] {logging_mixin.py:188} INFO - [2026-09-13T03:34:43.061+0000] {dag.py:3089} INFO - Sync 1 DAGs
[2026-09-13T03:34:43.080+0000] {logging_mixin.py:188} INFO - [2026-09-13T03:34:43.079+0000] {dag.py:3947} INFO - Setting next_dagrun for steam_analytics_daily to 2026-09-13 02:00:00+00:00, run_after=2026-09-14 02:00:00+00:00
[2026-09-13T03:34:43.095+0000] {processor.py:183} INFO - Processing /opt/airflow/dags/steam_analytics.py took 0.210 seconds
[2026-09-13T03:35:13.226+0000] {processor.py:161} INFO - Started process (PID=1000) to work on /opt/airflow/dags/steam_analytics.py
[2026-09-13T03:35:13.227+0000] {processor.py:830} INFO - Processing file /opt/airflow/dags/steam_analytics.py for tasks to queue
[2026-09-13T03:35:13.229+0000] {logging_mixin.py:188} INFO - [2026-09-13T03:35:13.228+0000] {dagbag.py:545} INFO - Filling up the DagBag from /opt/airflow/dags/steam_analytics.py
[2026-09-13T03:35:13.376+0000] {processor.py:840} INFO - DAG(s) 'steam_analytics_daily' retrieved from /opt/airflow/dags/steam_analytics.py
[2026-09-13T03:35:13.406+0000] {logging_mixin.py:188} INFO - [2026-09-13T03:35:13.406+0000] {dag.py:3089} INFO - Sync 1 DAGs
[2026-09-13T03:35:13.429+0000] {logging_mixin.py:188} INFO - [2026-09-13T03:35:13.428+0000] {dag.py:3947} INFO - Setting next_dagrun for steam_analytics_daily to 2026-09-13 02:00:00+00:00, run_after=2026-09-14 02:00:00+00:00
[2026-09-13T03:35:13.447+0000] {processor.py:183} INFO - Processing /opt/airflow/dags/steam_analytics.py took 0.226 seconds
[2026-09-13T03:35:43.578+0000] {processor.py:161} INFO - Started process (PID=1005) to work on /opt/airflow/dags/steam_analytics.py
[2026-09-13T03:35:43.579+0000] {processor.py:830} INFO - Processing file /opt/airflow/dags/steam_analytics.py for tasks to queue
[2026-09-13T03:35:43.581+0000] {logging_mixin.py:188} INFO - [2026-09-13T03:35:43.580+0000] {dagbag.py:545} INFO - Filling up the DagBag from /opt/airflow/dags/steam_analytics.py
[2026-09-13T03:35:43.725+0000] {processor.py:840} INFO - DAG(s) 'steam_analytics_daily' retrieved from /opt/airflow/dags/steam_analytics.py
[2026-09-13T03:35:43.750+0000] {logging_mixin.py:188} INFO - [2026-09-13T03:35:43.750+0000] {dag.py:3089} INFO - Sync 1 DAGs
[2026-09-13T03:35:43.771+0000] {logging_mixin.py:188} INFO - [2026-09-13T03:35:43.771+0000] {dag.py:3947} INFO - Setting next_dagrun for steam_analytics_daily to 2026-09-13 02:00:00+00:00, run_after=2026-09-14 02:00:00+00:00
[2026-09-13T03:35:43.788+0000] {processor.py:183} INFO - Processing /opt/airflow/dags/steam_analytics.py took 0.213 seconds
[2026-09-13T03:36:13.917+0000] {processor.py:161} INFO - Started process (PID=1010) to work on /opt/airflow/dags/steam_analytics.py
[2026-09-13T03:36:13.918+0000] {processor.py:830} INFO - Processing file /opt/airflow/dags/steam_analytics.py for tasks to queue
[2026-09-13T03:36:13.919+0000] {logging_mixin.py:188} INFO - [2026-09-13T03:36:13.919+0000] {dagbag.py:545} INFO - Filling up the DagBag from /opt/airflow/dags/steam_analytics.py
[2026-09-13T03:36:14.061+0000] {processor.py:840} INFO - DAG(s) 'steam_analytics_daily' retrieved from /opt/airflow/dags/steam_analytics.py
[2026-09-13T03:36:14.087+0000] {logging_mixin.py:188} INFO - [2026-09-13T03:36:14.087+0000] {dag.py:3089} INFO - Sync 1 DAGs
[2026-09-13T03:36:14.111+0000] {logging_mixin.py:188} INFO - [2026-09-13T03:36:14.111+0000] {dag.py:3947} INFO - Setting next_dagrun for steam_analytics_daily to 2026-09-13 02:00:00+00:00, run_after=2026-09-14 02:00:00+00:00
[2026-09-13T03:36:14.259+0000] {processor.py:183} INFO - Processing /opt/airflow/dags/steam_analytics.py took 0.346 seconds
[2026-09-13T03:36:44.403+0000] {processor.py:161} INFO - Started process (PID=1015) to work on /opt/airflow/dags/steam_analytics.py
[2026-09-13T03:36:44.404+0000] {processor.py:830} INFO - Processing file /opt/airflow/dags/steam_analytics.py for tasks to queue
[2026-09-13T03:36:44.405+0000] {logging_mixin.py:188} INFO - [2026-09-13T03:36:44.405+0000] {dagbag.py:545} INFO - Filling up the DagBag from /opt/airflow/dags/steam_analytics.py
[2026-09-13T03:36:44.553+0000] {processor.py:840} INFO - DAG(s) 'steam_analytics_daily' retrieved from /opt/airflow/dags/steam_analytics.py
[2026-09-13T03:36:44.581+0000] {logging_mixin.py:188} INFO - [2026-09-13T03:36:44.581+0000] {dag.py:3089} INFO - Sync 1 DAGs
[2026-09-13T03:36:44.714+0000] {logging_mixin.py:188} INFO - [2026-09-13T03:36:44.714+0000] {dag.py:3947} INFO - Setting next_dagrun for steam_analytics_daily to 2026-09-13 02:00:00+00:00, run_after=2026-09-14 02:00:00+00:00
[2026-09-13T03:36:44.732+0000] {processor.py:183} INFO - Processing /opt/airflow/dags/steam_analytics.py took 0.335 seconds
[2026-09-13T03:37:14.866+0000] {processor.py:161} INFO - Started process (PID=1020) to work on /opt/airflow/dags/steam_analytics.py
[2026-09-13T03:37:14.866+0000] {processor.py:830} INFO - Processing file /opt/airflow/dags/steam_analytics.py for tasks to queue
[2026-09-13T03:37:14.869+0000] {logging_mixin.py:188} INFO - [2026-09-13T03:37:14.868+0000] {dagbag.py:545} INFO - Filling up the DagBag from /opt/airflow/dags/steam_analytics.py
[2026-09-13T03:37:15.014+0000] {processor.py:840} INFO - DAG(s) 'steam_analytics_daily' retrieved from /opt/airflow/dags/steam_analytics.py
[2026-09-13T03:37:15.044+0000] {logging_mixin.py:188} INFO - [2026-09-13T03:37:15.044+0000] {dag.py:3089} INFO - Sync 1 DAGs
[2026-09-13T03:37:15.065+0000] {logging_mixin.py:188} INFO - [2026-09-13T03:37:15.065+0000] {dag.py:3947} INFO - Setting next_dagrun for steam_analytics_daily to 2026-09-13 02:00:00+00:00, run_after=2026-09-14 02:00:00+00:00
[2026-09-13T03:37:15.083+0000] {processor.py:183} INFO - Processing /opt/airflow/dags/steam_analytics.py took 0.221 seconds
[2026-09-13T03:37:45.205+0000] {processor.py:161} INFO - Started process (PID=1025) to work on /opt/airflow/dags/steam_analytics.py
[2026-09-13T03:37:45.206+0000] {processor.py:830} INFO - Processing file /opt/airflow/dags/steam_analytics.py for tasks to queue
[2026-09-13T03:37:45.207+0000] {logging_mixin.py:188} INFO - [2026-09-13T03:37:45.207+0000] {dagbag.py:545} INFO - Filling up the DagBag from /opt/airflow/dags/steam_analytics.py
[2026-09-13T03:37:45.349+0000] {processor.py:840} INFO - DAG(s) 'steam_analytics_daily' retrieved from /opt/airflow/dags/steam_analytics.py
[2026-09-13T03:37:45.378+0000] {logging_mixin.py:188} INFO - [2026-09-13T03:37:45.377+0000] {dag.py:3089} INFO - Sync 1 DAGs
[2026-09-13T03:37:45.398+0000] {logging_mixin.py:188} INFO - [2026-09-13T03:37:45.398+0000] {dag.py:3947} INFO - Setting next_dagrun for steam_analytics_daily to 2026-09-13 02:00:00+00:00, run_after=2026-09-14 02:00:00+00:00
[2026-09-13T03:37:45.415+0000] {processor.py:183} INFO - Processing /opt/airflow/dags/steam_analytics.py took 0.215 seconds
[2026-09-13T03:38:15.548+0000] {processor.py:161} INFO - Started process (PID=1030) to work on /opt/airflow/dags/steam_analytics.py
[2026-09-13T03:38:15.548+0000] {processor.py:830} INFO - Processing file /opt/airflow/dags/steam_analytics.py for tasks to queue
[2026-09-13T03:38:15.550+0000] {logging_mixin.py:188} INFO - [2026-09-13T03:38:15.550+0000] {dagbag.py:545} INFO - Filling up the DagBag from /opt/airflow/dags/steam_analytics.py
[2026-09-13T03:38:15.691+0000] {processor.py:840} INFO - DAG(s) 'steam_analytics_daily' retrieved from /opt/airflow/dags/steam_analytics.py
[2026-09-13T03:38:15.720+0000] {logging_mixin.py:188} INFO - [2026-09-13T03:38:15.720+0000] {dag.py:3089} INFO - Sync 1 DAGs
[2026-09-13T03:38:15.742+0000] {logging_mixin.py:188} INFO - [2026-09-13T03:38:15.742+0000] {dag.py:3947} INFO - Setting next_dagrun for steam_analytics_daily to 2026-09-13 02:00:00+00:00, run_after=2026-09-14 02:00:00+00:00
[2026-09-13T03:38:15.892+0000] {processor.py:183} INFO - Processing /opt/airflow/dags/steam_analytics.py took 0.348 seconds
[2026-09-13T03:38:46.030+0000] {processor.py:161} INFO - Started process (PID=1035) to work on /opt/airflow/dags/steam_analytics.py
[2026-09-13T03:38:46.031+0000] {processor.py:830} INFO - Processing file /opt/airflow/dags/steam_analytics.py for tasks to queue
[2026-09-13T03:38:46.034+0000] {logging_mixin.py:188} INFO - [2026-09-13T03:38:46.033+0000] {dagbag.py:545} INFO - Filling up the DagBag from /opt/airflow/dags/steam_analytics.py
[2026-09-13T03:38:46.179+0000] {processor.py:840} INFO - DAG(s) 'steam_analytics_daily' retrieved from /opt/airflow/dags/steam_analytics.py
[2026-09-13T03:38:46.206+0000] {logging_mixin.py:188} INFO - [2026-09-13T03:38:46.206+0000] {dag.py:3089} INFO - Sync 1 DAGs
[2026-09-13T03:38:46.335+0000] {logging_mixin.py:188} INFO - [2026-09-13T03:38:46.334+0000] {dag.py:3947} INFO - Setting next_dagrun for steam_analytics_daily to 2026-09-13 02:00:00+00:00, run_after=2026-09-14 02:00:00+00:00
[2026-09-13T03:38:46.350+0000] {processor.py:183} INFO - Processing /opt/airflow/dags/steam_analytics.py took 0.324 seconds
[2026-09-13T03:39:16.492+0000] {processor.py:161} INFO - Started process (PID=1040) to work on /opt/airflow/dags/steam_analytics.py
[2026-09-13T03:39:16.493+0000] {processor.py:830} INFO - Processing file /opt/airflow/dags/steam_analytics.py for tasks to queue
[2026-09-13T03:39:16.494+0000] {logging_mixin.py:188} INFO - [2026-09-13T03:39:16.494+0000] {dagbag.py:545} INFO - Filling up the DagBag from /opt/airflow/dags/steam_analytics.py
[2026-09-13T03:39:16.642+0000] {processor.py:840} INFO - DAG(s) 'steam_analytics_daily' retrieved from /opt/airflow/dags/steam_analytics.py
[2026-09-13T03:39:16.786+0000] {logging_mixin.py:188} INFO - [2026-09-13T03:39:16.785+0000] {dag.py:3089} INFO - Sync 1 DAGs
[2026-09-13T03:39:16.806+0000] {logging_mixin.py:188} INFO - [2026-09-13T03:39:16.805+0000] {dag.py:3947} INFO - Setting next_dagrun for steam_analytics_daily to 2026-09-13 02:00:00+00:00, run_after=2026-09-14 02:00:00+00:00
[2026-09-13T03:39:16.821+0000] {processor.py:183} INFO - Processing /opt/airflow/dags/steam_analytics.py took 0.333 seconds
[2026-09-13T03:39:46.958+0000] {processor.py:161} INFO - Started process (PID=1045) to work on /opt/airflow/dags/steam_analytics.py
[2026-09-13T03:39:46.959+0000] {processor.py:830} INFO - Processing file /opt/airflow/dags/steam_analytics.py for tasks to queue
[2026-09-13T03:39:46.960+0000] {logging_mixin.py:188} INFO - [2026-09-13T03:39:46.960+0000] {dagbag.py:545} INFO - Filling up the DagBag from /opt/airflow/dags/steam_analytics.py
[2026-09-13T03:39:47.105+0000] {processor.py:840} INFO - DAG(s) 'steam_analytics_daily' retrieved from /opt/airflow/dags/steam_analytics.py
[2026-09-13T03:39:47.134+0000] {logging_mixin.py:188} INFO - [2026-09-13T03:39:47.133+0000] {dag.py:3089} INFO - Sync 1 DAGs
[2026-09-13T03:39:47.152+0000] {logging_mixin.py:188} INFO - [2026-09-13T03:39:47.152+0000] {dag.py:3947} INFO - Setting next_dagrun for steam_analytics_daily to 2026-09-13 02:00:00+00:00, run_after=2026-09-14 02:00:00+00:00
[2026-09-13T03:39:47.170+0000] {processor.py:183} INFO - Processing /opt/airflow/dags/steam_analytics.py took 0.216 seconds
[2026-09-13T03:40:17.299+0000] {processor.py:161} INFO - Started process (PID=1050) to work on /opt/airflow/dags/steam_analytics.py
[2026-09-13T03:40:17.300+0000] {processor.py:830} INFO - Processing file /opt/airflow/dags/steam_analytics.py for tasks to queue
[2026-09-13T03:40:17.301+0000] {logging_mixin.py:188} INFO - [2026-09-13T03:40:17.301+0000] {dagbag.py:545} INFO - Filling up the DagBag from /opt/airflow/dags/steam_analytics.py
[2026-09-13T03:40:17.447+0000] {processor.py:840} INFO - DAG(s) 'steam_analytics_daily' retrieved from /opt/airflow/dags/steam_analytics.py
[2026-09-13T03:40:17.474+0000] {logging_mixin.py:188} INFO - [2026-09-13T03:40:17.474+0000] {dag.py:3089} INFO - Sync 1 DAGs
[2026-09-13T03:40:17.493+0000] {logging_mixin.py:188} INFO - [2026-09-13T03:40:17.493+0000] {dag.py:3947} INFO - Setting next_dagrun for steam_analytics_daily to 2026-09-13 02:00:00+00:00, run_after=2026-09-14 02:00:00+00:00
[2026-09-13T03:40:17.628+0000] {processor.py:183} INFO - Processing /opt/airflow/dags/steam_analytics.py took 0.335 seconds
[2026-09-13T03:40:47.769+0000] {processor.py:161} INFO - Started process (PID=1055) to work on /opt/airflow/dags/steam_analytics.py
[2026-09-13T03:40:47.770+0000] {processor.py:830} INFO - Processing file /opt/airflow/dags/steam_analytics.py for tasks to queue
[2026-09-13T03:40:47.771+0000] {logging_mixin.py:188} INFO - [2026-09-13T03:40:47.771+0000] {dagbag.py:545} INFO - Filling up the DagBag from /opt/airflow/dags/steam_analytics.py
[2026-09-13T03:40:47.908+0000] {processor.py:840} INFO - DAG(s) 'steam_analytics_daily' retrieved from /opt/airflow/dags/steam_analytics.py
[2026-09-13T03:40:47.935+0000] {logging_mixin.py:188} INFO - [2026-09-13T03:40:47.935+0000] {dag.py:3089} INFO - Sync 1 DAGs
[2026-09-13T03:40:48.069+0000] {logging_mixin.py:188} INFO - [2026-09-13T03:40:48.069+0000] {dag.py:3947} INFO - Setting next_dagrun for steam_analytics_daily to 2026-09-13 02:00:00+00:00, run_after=2026-09-14 02:00:00+00:00
[2026-09-13T03:40:48.085+0000] {processor.py:183} INFO - Processing /opt/airflow/dags/steam_analytics.py took 0.320 seconds
[2026-09-13T03:41:18.235+0000] {processor.py:161} INFO - Started process (PID=1060) to work on /opt/airflow/dags/steam_analytics.py
[2026-09-13T03:41:18.236+0000] {processor.py:830} INFO - Processing file /opt/airflow/dags/steam_analytics.py for tasks to queue
[2026-09-13T03:41:18.237+0000] {logging_mixin.py:188} INFO - [2026-09-13T03:41:18.237+0000] {dagbag.py:545} INFO - Filling up the DagBag from /opt/airflow/dags/steam_analytics.py
[2026-09-13T03:41:18.378+0000] {processor.py:840} INFO - DAG(s) 'steam_analytics_daily' retrieved from /opt/airflow/dags/steam_analytics.py
[2026-09-13T03:41:18.405+0000] {logging_mixin.py:188} INFO - [2026-09-13T03:41:18.405+0000] {dag.py:3089} INFO - Sync 1 DAGs
[2026-09-13T03:41:18.537+0000] {logging_mixin.py:188} INFO - [2026-09-13T03:41:18.537+0000] {dag.py:3947} INFO - Setting next_dagrun for steam_analytics_daily to 2026-09-13 02:00:00+00:00, run_after=2026-09-14 02:00:00+00:00
[2026-09-13T03:41:18.553+0000] {processor.py:183} INFO - Processing /opt/airflow/dags/steam_analytics.py took 0.321 seconds
[2026-09-13T03:41:48.690+0000] {processor.py:161} INFO - Started process (PID=1065) to work on /opt/airflow/dags/steam_analytics.py
[2026-09-13T03:41:48.691+0000] {processor.py:830} INFO - Processing file /opt/airflow/dags/steam_analytics.py for tasks to queue
[2026-09-13T03:41:48.692+0000] {logging_mixin.py:188} INFO - [2026-09-13T03:41:48.692+0000] {dagbag.py:545} INFO - Filling up the DagBag from /opt/airflow/dags/steam_analytics.py
[2026-09-13T03:41:48.837+0000] {processor.py:840} INFO - DAG(s) 'steam_analytics_daily' retrieved from /opt/airflow/dags/steam_analytics.py
[2026-09-13T03:41:48.861+0000] {logging_mixin.py:188} INFO - [2026-09-13T03:41:48.861+0000] {dag.py:3089} INFO - Sync 1 DAGs
[2026-09-13T03:41:48.882+0000] {logging_mixin.py:188} INFO - [2026-09-13T03:41:48.882+0000] {dag.py:3947} INFO - Setting next_dagrun for steam_analytics_daily to 2026-09-13 02:00:00+00:00, run_after=2026-09-14 02:00:00+00:00
[2026-09-13T03:41:48.899+0000] {processor.py:183} INFO - Processing /opt/airflow/dags/steam_analytics.py took 0.213 seconds
[2026-09-13T03:42:19.035+0000] {processor.py:161} INFO - Started process (PID=1070) to work on /opt/airflow/dags/steam_analytics.py
[2026-09-13T03:42:19.035+0000] {processor.py:830} INFO - Processing file /opt/airflow/dags/steam_analytics.py for tasks to queue
[2026-09-13T03:42:19.037+0000] {logging_mixin.py:188} INFO - [2026-09-13T03:42:19.036+0000] {dagbag.py:545} INFO - Filling up the DagBag from /opt/airflow/dags/steam_analytics.py
[2026-09-13T03:42:19.184+0000] {processor.py:840} INFO - DAG(s) 'steam_analytics_daily' retrieved from /opt/airflow/dags/steam_analytics.py
[2026-09-13T03:42:19.212+0000] {logging_mixin.py:188} INFO - [2026-09-13T03:42:19.212+0000] {dag.py:3089} INFO - Sync 1 DAGs
[2026-09-13T03:42:19.237+0000] {logging_mixin.py:188} INFO - [2026-09-13T03:42:19.234+0000] {dag.py:3947} INFO - Setting next_dagrun for steam_analytics_daily to 2026-09-13 02:00:00+00:00, run_after=2026-09-14 02:00:00+00:00
[2026-09-13T03:42:19.255+0000] {processor.py:183} INFO - Processing /opt/airflow/dags/steam_analytics.py took 0.225 seconds
[2026-09-13T03:42:49.389+0000] {processor.py:161} INFO - Started process (PID=1075) to work on /opt/airflow/dags/steam_analytics.py
[2026-09-13T03:42:49.390+0000] {processor.py:830} INFO - Processing file /opt/airflow/dags/steam_analytics.py for tasks to queue
[2026-09-13T03:42:49.391+0000] {logging_mixin.py:188} INFO - [2026-09-13T03:42:49.391+0000] {dagbag.py:545} INFO - Filling up the DagBag from /opt/airflow/dags/steam_analytics.py
[2026-09-13T03:42:49.544+0000] {processor.py:840} INFO - DAG(s) 'steam_analytics_daily' retrieved from /opt/airflow/dags/steam_analytics.py
[2026-09-13T03:42:49.574+0000] {logging_mixin.py:188} INFO - [2026-09-13T03:42:49.574+0000] {dag.py:3089} INFO - Sync 1 DAGs
[2026-09-13T03:42:49.597+0000] {logging_mixin.py:188} INFO - [2026-09-13T03:42:49.597+0000] {dag.py:3947} INFO - Setting next_dagrun for steam_analytics_daily to 2026-09-13 02:00:00+00:00, run_after=2026-09-14 02:00:00+00:00
[2026-09-13T03:42:49.735+0000] {processor.py:183} INFO - Processing /opt/airflow/dags/steam_analytics.py took 0.350 seconds
[2026-09-13T03:43:19.878+0000] {processor.py:161} INFO - Started process (PID=1080) to work on /opt/airflow/dags/steam_analytics.py
[2026-09-13T03:43:19.879+0000] {processor.py:830} INFO - Processing file /opt/airflow/dags/steam_analytics.py for tasks to queue
[2026-09-13T03:43:19.881+0000] {logging_mixin.py:188} INFO - [2026-09-13T03:43:19.880+0000] {dagbag.py:545} INFO - Filling up the DagBag from /opt/airflow/dags/steam_analytics.py
[2026-09-13T03:43:20.067+0000] {processor.py:840} INFO - DAG(s) 'steam_analytics_daily' retrieved from /opt/airflow/dags/steam_analytics.py
[2026-09-13T03:43:20.094+0000] {logging_mixin.py:188} INFO - [2026-09-13T03:43:20.094+0000] {dag.py:3089} INFO - Sync 1 DAGs
[2026-09-13T03:43:20.232+0000] {logging_mixin.py:188} INFO - [2026-09-13T03:43:20.232+0000] {dag.py:3947} INFO - Setting next_dagrun for steam_analytics_daily to 2026-09-13 02:00:00+00:00, run_after=2026-09-14 02:00:00+00:00
[2026-09-13T03:43:20.249+0000] {processor.py:183} INFO - Processing /opt/airflow/dags/steam_analytics.py took 0.377 seconds
[2026-09-13T03:43:50.389+0000] {processor.py:161} INFO - Started process (PID=1085) to work on /opt/airflow/dags/steam_analytics.py
[2026-09-13T03:43:50.390+0000] {processor.py:830} INFO - Processing file /opt/airflow/dags/steam_analytics.py for tasks to queue
[2026-09-13T03:43:50.391+0000] {logging_mixin.py:188} INFO - [2026-09-13T03:43:50.391+0000] {dagbag.py:545} INFO - Filling up the DagBag from /opt/airflow/dags/steam_analytics.py
[2026-09-13T03:43:50.537+0000] {processor.py:840} INFO - DAG(s) 'steam_analytics_daily' retrieved from /opt/airflow/dags/steam_analytics.py
[2026-09-13T03:43:50.678+0000] {logging_mixin.py:188} INFO - [2026-09-13T03:43:50.678+0000] {dag.py:3089} INFO - Sync 1 DAGs
[2026-09-13T03:43:50.697+0000] {logging_mixin.py:188} INFO - [2026-09-13T03:43:50.697+0000] {dag.py:3947} INFO - Setting next_dagrun for steam_analytics_daily to 2026-09-13 02:00:00+00:00, run_after=2026-09-14 02:00:00+00:00
[2026-09-13T03:43:50.713+0000] {processor.py:183} INFO - Processing /opt/airflow/dags/steam_analytics.py took 0.329 seconds
[2026-09-13T03:44:20.851+0000] {processor.py:161} INFO - Started process (PID=1090) to work on /opt/airflow/dags/steam_analytics.py
[2026-09-13T03:44:20.852+0000] {processor.py:830} INFO - Processing file /opt/airflow/dags/steam_analytics.py for tasks to queue
[2026-09-13T03:44:20.853+0000] {logging_mixin.py:188} INFO - [2026-09-13T03:44:20.853+0000] {dagbag.py:545} INFO - Filling up the DagBag from /opt/airflow/dags/steam_analytics.py
[2026-09-13T03:44:20.997+0000] {processor.py:840} INFO - DAG(s) 'steam_analytics_daily' retrieved from /opt/airflow/dags/steam_analytics.py
[2026-09-13T03:44:21.023+0000] {logging_mixin.py:188} INFO - [2026-09-13T03:44:21.023+0000] {dag.py:3089} INFO - Sync 1 DAGs
[2026-09-13T03:44:21.045+0000] {logging_mixin.py:188} INFO - [2026-09-13T03:44:21.044+0000] {dag.py:3947} INFO - Setting next_dagrun for steam_analytics_daily to 2026-09-13 02:00:00+00:00, run_after=2026-09-14 02:00:00+00:00
[2026-09-13T03:44:21.061+0000] {processor.py:183} INFO - Processing /opt/airflow/dags/steam_analytics.py took 0.215 seconds
[2026-09-13T03:44:51.226+0000] {processor.py:161} INFO - Started process (PID=1095) to work on /opt/airflow/dags/steam_analytics.py
[2026-09-13T03:44:51.227+0000] {processor.py:830} INFO - Processing file /opt/airflow/dags/steam_analytics.py for tasks to queue
[2026-09-13T03:44:51.228+0000] {logging_mixin.py:188} INFO - [2026-09-13T03:44:51.228+0000] {dagbag.py:545} INFO - Filling up the DagBag from /opt/airflow/dags/steam_analytics.py
[2026-09-13T03:44:51.383+0000] {processor.py:840} INFO - DAG(s) 'steam_analytics_daily' retrieved from /opt/airflow/dags/steam_analytics.py
[2026-09-13T03:44:51.413+0000] {logging_mixin.py:188} INFO - [2026-09-13T03:44:51.412+0000] {dag.py:3089} INFO - Sync 1 DAGs
[2026-09-13T03:44:51.438+0000] {logging_mixin.py:188} INFO - [2026-09-13T03:44:51.438+0000] {dag.py:3947} INFO - Setting next_dagrun for steam_analytics_daily to 2026-09-13 02:00:00+00:00, run_after=2026-09-14 02:00:00+00:00
[2026-09-13T03:44:51.595+0000] {processor.py:183} INFO - Processing /opt/airflow/dags/steam_analytics.py took 0.374 seconds
[2026-09-13T03:45:21.740+0000] {processor.py:161} INFO - Started process (PID=1100) to work on /opt/airflow/dags/steam_analytics.py
[2026-09-13T03:45:21.741+0000] {processor.py:830} INFO - Processing file /opt/airflow/dags/steam_analytics.py for tasks to queue
[2026-09-13T03:45:21.742+0000] {logging_mixin.py:188} INFO - [2026-09-13T03:45:21.742+0000] {dagbag.py:545} INFO - Filling up the DagBag from /opt/airflow/dags/steam_analytics.py
[2026-09-13T03:45:21.883+0000] {processor.py:840} INFO - DAG(s) 'steam_analytics_daily' retrieved from /opt/airflow/dags/steam_analytics.py
[2026-09-13T03:45:21.909+0000] {logging_mixin.py:188} INFO - [2026-09-13T03:45:21.909+0000] {dag.py:3089} INFO - Sync 1 DAGs
[2026-09-13T03:45:22.054+0000] {logging_mixin.py:188} INFO - [2026-09-13T03:45:22.054+0000] {dag.py:3947} INFO - Setting next_dagrun for steam_analytics_daily to 2026-09-13 02:00:00+00:00, run_after=2026-09-14 02:00:00+00:00
[2026-09-13T03:45:22.072+0000] {processor.py:183} INFO - Processing /opt/airflow/dags/steam_analytics.py took 0.336 seconds
[2026-09-13T03:45:52.209+0000] {processor.py:161} INFO - Started process (PID=1105) to work on /opt/airflow/dags/steam_analytics.py
[2026-09-13T03:45:52.209+0000] {processor.py:830} INFO - Processing file /opt/airflow/dags/steam_analytics.py for tasks to queue
[2026-09-13T03:45:52.210+0000] {logging_mixin.py:188} INFO - [2026-09-13T03:45:52.210+0000] {dagbag.py:545} INFO - Filling up the DagBag from /opt/airflow/dags/steam_analytics.py
[2026-09-13T03:45:52.359+0000] {processor.py:840} INFO - DAG(s) 'steam_analytics_daily' retrieved from /opt/airflow/dags/steam_analytics.py
[2026-09-13T03:45:52.502+0000] {logging_mixin.py:188} INFO - [2026-09-13T03:45:52.502+0000] {dag.py:3089} INFO - Sync 1 DAGs
[2026-09-13T03:45:52.520+0000] {logging_mixin.py:188} INFO - [2026-09-13T03:45:52.520+0000] {dag.py:3947} INFO - Setting next_dagrun for steam_analytics_daily to 2026-09-13 02:00:00+00:00, run_after=2026-09-14 02:00:00+00:00
[2026-09-13T03:45:52.536+0000] {processor.py:183} INFO - Processing /opt/airflow/dags/steam_analytics.py took 0.332 seconds
[2026-09-13T03:46:22.679+0000] {processor.py:161} INFO - Started process (PID=1110) to work on /opt/airflow/dags/steam_analytics.py
[2026-09-13T03:46:22.679+0000] {processor.py:830} INFO - Processing file /opt/airflow/dags/steam_analytics.py for tasks to queue
[2026-09-13T03:46:22.681+0000] {logging_mixin.py:188} INFO - [2026-09-13T03:46:22.681+0000] {dagbag.py:545} INFO - Filling up the DagBag from /opt/airflow/dags/steam_analytics.py
[2026-09-13T03:46:22.945+0000] {processor.py:840} INFO - DAG(s) 'steam_analytics_daily' retrieved from /opt/airflow/dags/steam_analytics.py
[2026-09-13T03:46:22.970+0000] {logging_mixin.py:188} INFO - [2026-09-13T03:46:22.970+0000] {dag.py:3089} INFO - Sync 1 DAGs
[2026-09-13T03:46:22.987+0000] {logging_mixin.py:188} INFO - [2026-09-13T03:46:22.987+0000] {dag.py:3947} INFO - Setting next_dagrun for steam_analytics_daily to 2026-09-13 02:00:00+00:00, run_after=2026-09-14 02:00:00+00:00
[2026-09-13T03:46:23.005+0000] {processor.py:183} INFO - Processing /opt/airflow/dags/steam_analytics.py took 0.331 seconds
[2026-09-13T03:46:53.157+0000] {processor.py:161} INFO - Started process (PID=1115) to work on /opt/airflow/dags/steam_analytics.py
[2026-09-13T03:46:53.158+0000] {processor.py:830} INFO - Processing file /opt/airflow/dags/steam_analytics.py for tasks to queue
[2026-09-13T03:46:53.160+0000] {logging_mixin.py:188} INFO - [2026-09-13T03:46:53.160+0000] {dagbag.py:545} INFO - Filling up the DagBag from /opt/airflow/dags/steam_analytics.py
[2026-09-13T03:46:53.325+0000] {processor.py:840} INFO - DAG(s) 'steam_analytics_daily' retrieved from /opt/airflow/dags/steam_analytics.py
[2026-09-13T03:46:53.351+0000] {logging_mixin.py:188} INFO - [2026-09-13T03:46:53.351+0000] {dag.py:3089} INFO - Sync 1 DAGs
[2026-09-13T03:46:53.375+0000] {logging_mixin.py:188} INFO - [2026-09-13T03:46:53.375+0000] {dag.py:3947} INFO - Setting next_dagrun for steam_analytics_daily to 2026-09-13 02:00:00+00:00, run_after=2026-09-14 02:00:00+00:00
[2026-09-13T03:46:53.528+0000] {processor.py:183} INFO - Processing /opt/airflow/dags/steam_analytics.py took 0.376 seconds
[2026-09-13T03:47:23.677+0000] {processor.py:161} INFO - Started process (PID=1120) to work on /opt/airflow/dags/steam_analytics.py
[2026-09-13T03:47:23.678+0000] {processor.py:830} INFO - Processing file /opt/airflow/dags/steam_analytics.py for tasks to queue
[2026-09-13T03:47:23.679+0000] {logging_mixin.py:188} INFO - [2026-09-13T03:47:23.679+0000] {dagbag.py:545} INFO - Filling up the DagBag from /opt/airflow/dags/steam_analytics.py
[2026-09-13T03:47:23.831+0000] {processor.py:840} INFO - DAG(s) 'steam_analytics_daily' retrieved from /opt/airflow/dags/steam_analytics.py
[2026-09-13T03:47:23.862+0000] {logging_mixin.py:188} INFO - [2026-09-13T03:47:23.862+0000] {dag.py:3089} INFO - Sync 1 DAGs
[2026-09-13T03:47:24.013+0000] {logging_mixin.py:188} INFO - [2026-09-13T03:47:24.013+0000] {dag.py:3947} INFO - Setting next_dagrun for steam_analytics_daily to 2026-09-13 02:00:00+00:00, run_after=2026-09-14 02:00:00+00:00
[2026-09-13T03:47:24.033+0000] {processor.py:183} INFO - Processing /opt/airflow/dags/steam_analytics.py took 0.364 seconds
[2026-09-13T03:47:54.187+0000] {processor.py:161} INFO - Started process (PID=1125) to work on /opt/airflow/dags/steam_analytics.py
[2026-09-13T03:47:54.188+0000] {processor.py:830} INFO - Processing file /opt/airflow/dags/steam_analytics.py for tasks to queue
[2026-09-13T03:47:54.189+0000] {logging_mixin.py:188} INFO - [2026-09-13T03:47:54.189+0000] {dagbag.py:545} INFO - Filling up the DagBag from /opt/airflow/dags/steam_analytics.py
[2026-09-13T03:47:54.346+0000] {processor.py:840} INFO - DAG(s) 'steam_analytics_daily' retrieved from /opt/airflow/dags/steam_analytics.py
[2026-09-13T03:47:54.511+0000] {logging_mixin.py:188} INFO - [2026-09-13T03:47:54.511+0000] {dag.py:3089} INFO - Sync 1 DAGs
[2026-09-13T03:47:54.535+0000] {logging_mixin.py:188} INFO - [2026-09-13T03:47:54.535+0000] {dag.py:3947} INFO - Setting next_dagrun for steam_analytics_daily to 2026-09-13 02:00:00+00:00, run_after=2026-09-14 02:00:00+00:00
[2026-09-13T03:47:54.551+0000] {processor.py:183} INFO - Processing /opt/airflow/dags/steam_analytics.py took 0.369 seconds
[2026-09-13T03:48:24.707+0000] {processor.py:161} INFO - Started process (PID=1130) to work on /opt/airflow/dags/steam_analytics.py
[2026-09-13T03:48:24.709+0000] {processor.py:830} INFO - Processing file /opt/airflow/dags/steam_analytics.py for tasks to queue
[2026-09-13T03:48:24.710+0000] {logging_mixin.py:188} INFO - [2026-09-13T03:48:24.710+0000] {dagbag.py:545} INFO - Filling up the DagBag from /opt/airflow/dags/steam_analytics.py
[2026-09-13T03:48:24.858+0000] {processor.py:840} INFO - DAG(s) 'steam_analytics_daily' retrieved from /opt/airflow/dags/steam_analytics.py
[2026-09-13T03:48:25.004+0000] {logging_mixin.py:188} INFO - [2026-09-13T03:48:25.004+0000] {dag.py:3089} INFO - Sync 1 DAGs
[2026-09-13T03:48:25.026+0000] {logging_mixin.py:188} INFO - [2026-09-13T03:48:25.026+0000] {dag.py:3947} INFO - Setting next_dagrun for steam_analytics_daily to 2026-09-13 02:00:00+00:00, run_after=2026-09-14 02:00:00+00:00
[2026-09-13T03:48:25.043+0000] {processor.py:183} INFO - Processing /opt/airflow/dags/steam_analytics.py took 0.344 seconds
[2026-09-13T03:48:55.195+0000] {processor.py:161} INFO - Started process (PID=1135) to work on /opt/airflow/dags/steam_analytics.py
[2026-09-13T03:48:55.196+0000] {processor.py:830} INFO - Processing file /opt/airflow/dags/steam_analytics.py for tasks to queue
[2026-09-13T03:48:55.198+0000] {logging_mixin.py:188} INFO - [2026-09-13T03:48:55.197+0000] {dagbag.py:545} INFO - Filling up the DagBag from /opt/airflow/dags/steam_analytics.py
[2026-09-13T03:48:55.344+0000] {processor.py:840} INFO - DAG(s) 'steam_analytics_daily' retrieved from /opt/airflow/dags/steam_analytics.py
[2026-09-13T03:48:55.371+0000] {logging_mixin.py:188} INFO - [2026-09-13T03:48:55.371+0000] {dag.py:3089} INFO - Sync 1 DAGs
[2026-09-13T03:48:55.393+0000] {logging_mixin.py:188} INFO - [2026-09-13T03:48:55.393+0000] {dag.py:3947} INFO - Setting next_dagrun for steam_analytics_daily to 2026-09-13 02:00:00+00:00, run_after=2026-09-14 02:00:00+00:00
[2026-09-13T03:48:55.531+0000] {processor.py:183} INFO - Processing /opt/airflow/dags/steam_analytics.py took 0.340 seconds
[2026-09-13T03:49:25.680+0000] {processor.py:161} INFO - Started process (PID=1140) to work on /opt/airflow/dags/steam_analytics.py
[2026-09-13T03:49:25.680+0000] {processor.py:830} INFO - Processing file /opt/airflow/dags/steam_analytics.py for tasks to queue
[2026-09-13T03:49:25.682+0000] {logging_mixin.py:188} INFO - [2026-09-13T03:49:25.682+0000] {dagbag.py:545} INFO - Filling up the DagBag from /opt/airflow/dags/steam_analytics.py
[2026-09-13T03:49:25.836+0000] {processor.py:840} INFO - DAG(s) 'steam_analytics_daily' retrieved from /opt/airflow/dags/steam_analytics.py
[2026-09-13T03:49:25.864+0000] {logging_mixin.py:188} INFO - [2026-09-13T03:49:25.864+0000] {dag.py:3089} INFO - Sync 1 DAGs
[2026-09-13T03:49:26.009+0000] {logging_mixin.py:188} INFO - [2026-09-13T03:49:26.008+0000] {dag.py:3947} INFO - Setting next_dagrun for steam_analytics_daily to 2026-09-13 02:00:00+00:00, run_after=2026-09-14 02:00:00+00:00
[2026-09-13T03:49:26.027+0000] {processor.py:183} INFO - Processing /opt/airflow/dags/steam_analytics.py took 0.352 seconds
[2026-09-13T03:49:56.184+0000] {processor.py:161} INFO - Started process (PID=1145) to work on /opt/airflow/dags/steam_analytics.py
[2026-09-13T03:49:56.185+0000] {processor.py:830} INFO - Processing file /opt/airflow/dags/steam_analytics.py for tasks to queue
[2026-09-13T03:49:56.186+0000] {logging_mixin.py:188} INFO - [2026-09-13T03:49:56.186+0000] {dagbag.py:545} INFO - Filling up the DagBag from /opt/airflow/dags/steam_analytics.py
[2026-09-13T03:49:56.335+0000] {processor.py:840} INFO - DAG(s) 'steam_analytics_daily' retrieved from /opt/airflow/dags/steam_analytics.py
[2026-09-13T03:49:56.368+0000] {logging_mixin.py:188} INFO - [2026-09-13T03:49:56.368+0000] {dag.py:3089} INFO - Sync 1 DAGs
[2026-09-13T03:49:56.536+0000] {logging_mixin.py:188} INFO - [2026-09-13T03:49:56.536+0000] {dag.py:3947} INFO - Setting next_dagrun for steam_analytics_daily to 2026-09-13 02:00:00+00:00, run_after=2026-09-14 02:00:00+00:00
[2026-09-13T03:49:56.552+0000] {processor.py:183} INFO - Processing /opt/airflow/dags/steam_analytics.py took 0.373 seconds
[2026-09-13T03:50:26.700+0000] {processor.py:161} INFO - Started process (PID=1150) to work on /opt/airflow/dags/steam_analytics.py
[2026-09-13T03:50:26.701+0000] {processor.py:830} INFO - Processing file /opt/airflow/dags/steam_analytics.py for tasks to queue
[2026-09-13T03:50:26.703+0000] {logging_mixin.py:188} INFO - [2026-09-13T03:50:26.702+0000] {dagbag.py:545} INFO - Filling up the DagBag from /opt/airflow/dags/steam_analytics.py
[2026-09-13T03:50:26.861+0000] {processor.py:840} INFO - DAG(s) 'steam_analytics_daily' retrieved from /opt/airflow/dags/steam_analytics.py
[2026-09-13T03:50:27.002+0000] {logging_mixin.py:188} INFO - [2026-09-13T03:50:27.002+0000] {dag.py:3089} INFO - Sync 1 DAGs
[2026-09-13T03:50:27.023+0000] {logging_mixin.py:188} INFO - [2026-09-13T03:50:27.023+0000] {dag.py:3947} INFO - Setting next_dagrun for steam_analytics_daily to 2026-09-13 02:00:00+00:00, run_after=2026-09-14 02:00:00+00:00
[2026-09-13T03:50:27.041+0000] {processor.py:183} INFO - Processing /opt/airflow/dags/steam_analytics.py took 0.346 seconds
[2026-09-13T03:50:57.191+0000] {processor.py:161} INFO - Started process (PID=1155) to work on /opt/airflow/dags/steam_analytics.py
[2026-09-13T03:50:57.191+0000] {processor.py:830} INFO - Processing file /opt/airflow/dags/steam_analytics.py for tasks to queue
[2026-09-13T03:50:57.193+0000] {logging_mixin.py:188} INFO - [2026-09-13T03:50:57.192+0000] {dagbag.py:545} INFO - Filling up the DagBag from /opt/airflow/dags/steam_analytics.py
[2026-09-13T03:50:57.451+0000] {processor.py:840} INFO - DAG(s) 'steam_analytics_daily' retrieved from /opt/airflow/dags/steam_analytics.py
[2026-09-13T03:50:57.478+0000] {logging_mixin.py:188} INFO - [2026-09-13T03:50:57.478+0000] {dag.py:3089} INFO - Sync 1 DAGs
[2026-09-13T03:50:57.501+0000] {logging_mixin.py:188} INFO - [2026-09-13T03:50:57.500+0000] {dag.py:3947} INFO - Setting next_dagrun for steam_analytics_daily to 2026-09-13 02:00:00+00:00, run_after=2026-09-14 02:00:00+00:00
[2026-09-13T03:50:57.516+0000] {processor.py:183} INFO - Processing /opt/airflow/dags/steam_analytics.py took 0.331 seconds
[2026-09-13T03:51:27.674+0000] {processor.py:161} INFO - Started process (PID=1160) to work on /opt/airflow/dags/steam_analytics.py
[2026-09-13T03:51:27.675+0000] {processor.py:830} INFO - Processing file /opt/airflow/dags/steam_analytics.py for tasks to queue
[2026-09-13T03:51:27.676+0000] {logging_mixin.py:188} INFO - [2026-09-13T03:51:27.676+0000] {dagbag.py:545} INFO - Filling up the DagBag from /opt/airflow/dags/steam_analytics.py
[2026-09-13T03:51:27.942+0000] {processor.py:840} INFO - DAG(s) 'steam_analytics_daily' retrieved from /opt/airflow/dags/steam_analytics.py
[2026-09-13T03:51:27.970+0000] {logging_mixin.py:188} INFO - [2026-09-13T03:51:27.969+0000] {dag.py:3089} INFO - Sync 1 DAGs
[2026-09-13T03:51:27.988+0000] {logging_mixin.py:188} INFO - [2026-09-13T03:51:27.988+0000] {dag.py:3947} INFO - Setting next_dagrun for steam_analytics_daily to 2026-09-13 02:00:00+00:00, run_after=2026-09-14 02:00:00+00:00
[2026-09-13T03:51:28.012+0000] {processor.py:183} INFO - Processing /opt/airflow/dags/steam_analytics.py took 0.343 seconds
[2026-09-13T03:51:58.162+0000] {processor.py:161} INFO - Started process (PID=1165) to work on /opt/airflow/dags/steam_analytics.py
[2026-09-13T03:51:58.163+0000] {processor.py:830} INFO - Processing file /opt/airflow/dags/steam_analytics.py for tasks to queue
[2026-09-13T03:51:58.164+0000] {logging_mixin.py:188} INFO - [2026-09-13T03:51:58.164+0000] {dagbag.py:545} INFO - Filling up the DagBag from /opt/airflow/dags/steam_analytics.py
[2026-09-13T03:51:58.318+0000] {processor.py:840} INFO - DAG(s) 'steam_analytics_daily' retrieved from /opt/airflow/dags/steam_analytics.py
[2026-09-13T03:51:58.348+0000] {logging_mixin.py:188} INFO - [2026-09-13T03:51:58.348+0000] {dag.py:3089} INFO - Sync 1 DAGs
[2026-09-13T03:51:58.497+0000] {logging_mixin.py:188} INFO - [2026-09-13T03:51:58.497+0000] {dag.py:3947} INFO - Setting next_dagrun for steam_analytics_daily to 2026-09-13 02:00:00+00:00, run_after=2026-09-14 02:00:00+00:00
[2026-09-13T03:51:58.513+0000] {processor.py:183} INFO - Processing /opt/airflow/dags/steam_analytics.py took 0.358 seconds
[2026-09-13T03:52:28.661+0000] {processor.py:161} INFO - Started process (PID=1170) to work on /opt/airflow/dags/steam_analytics.py
[2026-09-13T03:52:28.662+0000] {processor.py:830} INFO - Processing file /opt/airflow/dags/steam_analytics.py for tasks to queue
[2026-09-13T03:52:28.663+0000] {logging_mixin.py:188} INFO - [2026-09-13T03:52:28.663+0000] {dagbag.py:545} INFO - Filling up the DagBag from /opt/airflow/dags/steam_analytics.py
[2026-09-13T03:52:28.819+0000] {processor.py:840} INFO - DAG(s) 'steam_analytics_daily' retrieved from /opt/airflow/dags/steam_analytics.py
[2026-09-13T03:52:28.961+0000] {logging_mixin.py:188} INFO - [2026-09-13T03:52:28.961+0000] {dag.py:3089} INFO - Sync 1 DAGs
[2026-09-13T03:52:28.980+0000] {logging_mixin.py:188} INFO - [2026-09-13T03:52:28.979+0000] {dag.py:3947} INFO - Setting next_dagrun for steam_analytics_daily to 2026-09-13 02:00:00+00:00, run_after=2026-09-14 02:00:00+00:00
[2026-09-13T03:52:28.997+0000] {processor.py:183} INFO - Processing /opt/airflow/dags/steam_analytics.py took 0.339 seconds
[2026-09-13T03:52:59.139+0000] {processor.py:161} INFO - Started process (PID=1175) to work on /opt/airflow/dags/steam_analytics.py
[2026-09-13T03:52:59.139+0000] {processor.py:830} INFO - Processing file /opt/airflow/dags/steam_analytics.py for tasks to queue
[2026-09-13T03:52:59.141+0000] {logging_mixin.py:188} INFO - [2026-09-13T03:52:59.141+0000] {dagbag.py:545} INFO - Filling up the DagBag from /opt/airflow/dags/steam_analytics.py
[2026-09-13T03:52:59.415+0000] {processor.py:840} INFO - DAG(s) 'steam_analytics_daily' retrieved from /opt/airflow/dags/steam_analytics.py
[2026-09-13T03:52:59.440+0000] {logging_mixin.py:188} INFO - [2026-09-13T03:52:59.440+0000] {dag.py:3089} INFO - Sync 1 DAGs
[2026-09-13T03:52:59.459+0000] {logging_mixin.py:188} INFO - [2026-09-13T03:52:59.458+0000] {dag.py:3947} INFO - Setting next_dagrun for steam_analytics_daily to 2026-09-13 02:00:00+00:00, run_after=2026-09-14 02:00:00+00:00
[2026-09-13T03:52:59.475+0000] {processor.py:183} INFO - Processing /opt/airflow/dags/steam_analytics.py took 0.343 seconds
[2026-09-13T03:53:29.611+0000] {processor.py:161} INFO - Started process (PID=1180) to work on /opt/airflow/dags/steam_analytics.py
[2026-09-13T03:53:29.612+0000] {processor.py:830} INFO - Processing file /opt/airflow/dags/steam_analytics.py for tasks to queue
[2026-09-13T03:53:29.613+0000] {logging_mixin.py:188} INFO - [2026-09-13T03:53:29.613+0000] {dagbag.py:545} INFO - Filling up the DagBag from /opt/airflow/dags/steam_analytics.py
[2026-09-13T03:53:29.870+0000] {processor.py:840} INFO - DAG(s) 'steam_analytics_daily' retrieved from /opt/airflow/dags/steam_analytics.py
[2026-09-13T03:53:29.892+0000] {logging_mixin.py:188} INFO - [2026-09-13T03:53:29.892+0000] {dag.py:3089} INFO - Sync 1 DAGs
[2026-09-13T03:53:29.912+0000] {logging_mixin.py:188} INFO - [2026-09-13T03:53:29.912+0000] {dag.py:3947} INFO - Setting next_dagrun for steam_analytics_daily to 2026-09-13 02:00:00+00:00, run_after=2026-09-14 02:00:00+00:00
[2026-09-13T03:53:29.931+0000] {processor.py:183} INFO - Processing /opt/airflow/dags/steam_analytics.py took 0.323 seconds
[2026-09-13T03:54:00.086+0000] {processor.py:161} INFO - Started process (PID=1185) to work on /opt/airflow/dags/steam_analytics.py
[2026-09-13T03:54:00.087+0000] {processor.py:830} INFO - Processing file /opt/airflow/dags/steam_analytics.py for tasks to queue
[2026-09-13T03:54:00.089+0000] {logging_mixin.py:188} INFO - [2026-09-13T03:54:00.088+0000] {dagbag.py:545} INFO - Filling up the DagBag from /opt/airflow/dags/steam_analytics.py
[2026-09-13T03:54:00.392+0000] {processor.py:840} INFO - DAG(s) 'steam_analytics_daily' retrieved from /opt/airflow/dags/steam_analytics.py
[2026-09-13T03:54:00.448+0000] {logging_mixin.py:188} INFO - [2026-09-13T03:54:00.448+0000] {dag.py:3089} INFO - Sync 1 DAGs
[2026-09-13T03:54:00.479+0000] {logging_mixin.py:188} INFO - [2026-09-13T03:54:00.479+0000] {dag.py:3947} INFO - Setting next_dagrun for steam_analytics_daily to 2026-09-13 02:00:00+00:00, run_after=2026-09-14 02:00:00+00:00
[2026-09-13T03:54:00.505+0000] {processor.py:183} INFO - Processing /opt/airflow/dags/steam_analytics.py took 0.424 seconds
[2026-09-13T03:54:30.663+0000] {processor.py:161} INFO - Started process (PID=1190) to work on /opt/airflow/dags/steam_analytics.py
[2026-09-13T03:54:30.664+0000] {processor.py:830} INFO - Processing file /opt/airflow/dags/steam_analytics.py for tasks to queue
[2026-09-13T03:54:30.666+0000] {logging_mixin.py:188} INFO - [2026-09-13T03:54:30.665+0000] {dagbag.py:545} INFO - Filling up the DagBag from /opt/airflow/dags/steam_analytics.py
[2026-09-13T03:54:30.821+0000] {processor.py:840} INFO - DAG(s) 'steam_analytics_daily' retrieved from /opt/airflow/dags/steam_analytics.py
[2026-09-13T03:54:30.986+0000] {logging_mixin.py:188} INFO - [2026-09-13T03:54:30.986+0000] {dag.py:3089} INFO - Sync 1 DAGs
[2026-09-13T03:54:31.009+0000] {logging_mixin.py:188} INFO - [2026-09-13T03:54:31.009+0000] {dag.py:3947} INFO - Setting next_dagrun for steam_analytics_daily to 2026-09-13 02:00:00+00:00, run_after=2026-09-14 02:00:00+00:00
[2026-09-13T03:54:31.031+0000] {processor.py:183} INFO - Processing /opt/airflow/dags/steam_analytics.py took 0.372 seconds
[2026-09-13T03:55:01.208+0000] {processor.py:161} INFO - Started process (PID=1195) to work on /opt/airflow/dags/steam_analytics.py
[2026-09-13T03:55:01.209+0000] {processor.py:830} INFO - Processing file /opt/airflow/dags/steam_analytics.py for tasks to queue
[2026-09-13T03:55:01.210+0000] {logging_mixin.py:188} INFO - [2026-09-13T03:55:01.210+0000] {dagbag.py:545} INFO - Filling up the DagBag from /opt/airflow/dags/steam_analytics.py
[2026-09-13T03:55:01.367+0000] {processor.py:840} INFO - DAG(s) 'steam_analytics_daily' retrieved from /opt/airflow/dags/steam_analytics.py
[2026-09-13T03:55:01.545+0000] {logging_mixin.py:188} INFO - [2026-09-13T03:55:01.545+0000] {dag.py:3089} INFO - Sync 1 DAGs
[2026-09-13T03:55:01.562+0000] {logging_mixin.py:188} INFO - [2026-09-13T03:55:01.562+0000] {dag.py:3947} INFO - Setting next_dagrun for steam_analytics_daily to 2026-09-13 02:00:00+00:00, run_after=2026-09-14 02:00:00+00:00
[2026-09-13T03:55:01.580+0000] {processor.py:183} INFO - Processing /opt/airflow/dags/steam_analytics.py took 0.379 seconds
[2026-09-13T03:55:31.724+0000] {processor.py:161} INFO - Started process (PID=1200) to work on /opt/airflow/dags/steam_analytics.py
[2026-09-13T03:55:31.725+0000] {processor.py:830} INFO - Processing file /opt/airflow/dags/steam_analytics.py for tasks to queue
[2026-09-13T03:55:31.728+0000] {logging_mixin.py:188} INFO - [2026-09-13T03:55:31.727+0000] {dagbag.py:545} INFO - Filling up the DagBag from /opt/airflow/dags/steam_analytics.py
[2026-09-13T03:55:32.027+0000] {processor.py:840} INFO - DAG(s) 'steam_analytics_daily' retrieved from /opt/airflow/dags/steam_analytics.py
[2026-09-13T03:55:32.053+0000] {logging_mixin.py:188} INFO - [2026-09-13T03:55:32.052+0000] {dag.py:3089} INFO - Sync 1 DAGs
[2026-09-13T03:55:32.077+0000] {logging_mixin.py:188} INFO - [2026-09-13T03:55:32.077+0000] {dag.py:3947} INFO - Setting next_dagrun for steam_analytics_daily to 2026-09-13 02:00:00+00:00, run_after=2026-09-14 02:00:00+00:00
[2026-09-13T03:55:32.097+0000] {processor.py:183} INFO - Processing /opt/airflow/dags/steam_analytics.py took 0.379 seconds
[2026-09-13T03:56:02.246+0000] {processor.py:161} INFO - Started process (PID=1205) to work on /opt/airflow/dags/steam_analytics.py
[2026-09-13T03:56:02.247+0000] {processor.py:830} INFO - Processing file /opt/airflow/dags/steam_analytics.py for tasks to queue
[2026-09-13T03:56:02.248+0000] {logging_mixin.py:188} INFO - [2026-09-13T03:56:02.248+0000] {dagbag.py:545} INFO - Filling up the DagBag from /opt/airflow/dags/steam_analytics.py
[2026-09-13T03:56:02.582+0000] {processor.py:840} INFO - DAG(s) 'steam_analytics_daily' retrieved from /opt/airflow/dags/steam_analytics.py
[2026-09-13T03:56:02.610+0000] {logging_mixin.py:188} INFO - [2026-09-13T03:56:02.610+0000] {dag.py:3089} INFO - Sync 1 DAGs
[2026-09-13T03:56:02.634+0000] {logging_mixin.py:188} INFO - [2026-09-13T03:56:02.633+0000] {dag.py:3947} INFO - Setting next_dagrun for steam_analytics_daily to 2026-09-13 02:00:00+00:00, run_after=2026-09-14 02:00:00+00:00
[2026-09-13T03:56:02.651+0000] {processor.py:183} INFO - Processing /opt/airflow/dags/steam_analytics.py took 0.410 seconds
[2026-09-13T03:56:32.792+0000] {processor.py:161} INFO - Started process (PID=1210) to work on /opt/airflow/dags/steam_analytics.py
[2026-09-13T03:56:32.793+0000] {processor.py:830} INFO - Processing file /opt/airflow/dags/steam_analytics.py for tasks to queue
[2026-09-13T03:56:32.794+0000] {logging_mixin.py:188} INFO - [2026-09-13T03:56:32.794+0000] {dagbag.py:545} INFO - Filling up the DagBag from /opt/airflow/dags/steam_analytics.py
[2026-09-13T03:56:32.941+0000] {processor.py:840} INFO - DAG(s) 'steam_analytics_daily' retrieved from /opt/airflow/dags/steam_analytics.py
[2026-09-13T03:56:32.972+0000] {logging_mixin.py:188} INFO - [2026-09-13T03:56:32.972+0000] {dag.py:3089} INFO - Sync 1 DAGs
[2026-09-13T03:56:33.138+0000] {logging_mixin.py:188} INFO - [2026-09-13T03:56:33.138+0000] {dag.py:3947} INFO - Setting next_dagrun for steam_analytics_daily to 2026-09-13 02:00:00+00:00, run_after=2026-09-14 02:00:00+00:00
[2026-09-13T03:56:33.155+0000] {processor.py:183} INFO - Processing /opt/airflow/dags/steam_analytics.py took 0.368 seconds
[2026-09-13T03:57:03.300+0000] {processor.py:161} INFO - Started process (PID=1215) to work on /opt/airflow/dags/steam_analytics.py
[2026-09-13T03:57:03.303+0000] {processor.py:830} INFO - Processing file /opt/airflow/dags/steam_analytics.py for tasks to queue
[2026-09-13T03:57:03.305+0000] {logging_mixin.py:188} INFO - [2026-09-13T03:57:03.305+0000] {dagbag.py:545} INFO - Filling up the DagBag from /opt/airflow/dags/steam_analytics.py
[2026-09-13T03:57:03.455+0000] {processor.py:840} INFO - DAG(s) 'steam_analytics_daily' retrieved from /opt/airflow/dags/steam_analytics.py
[2026-09-13T03:57:03.621+0000] {logging_mixin.py:188} INFO - [2026-09-13T03:57:03.620+0000] {dag.py:3089} INFO - Sync 1 DAGs
[2026-09-13T03:57:03.642+0000] {logging_mixin.py:188} INFO - [2026-09-13T03:57:03.642+0000] {dag.py:3947} INFO - Setting next_dagrun for steam_analytics_daily to 2026-09-13 02:00:00+00:00, run_after=2026-09-14 02:00:00+00:00
[2026-09-13T03:57:03.660+0000] {processor.py:183} INFO - Processing /opt/airflow/dags/steam_analytics.py took 0.365 seconds
[2026-09-13T03:57:33.801+0000] {processor.py:161} INFO - Started process (PID=1220) to work on /opt/airflow/dags/steam_analytics.py
[2026-09-13T03:57:33.802+0000] {processor.py:830} INFO - Processing file /opt/airflow/dags/steam_analytics.py for tasks to queue
[2026-09-13T03:57:33.804+0000] {logging_mixin.py:188} INFO - [2026-09-13T03:57:33.803+0000] {dagbag.py:545} INFO - Filling up the DagBag from /opt/airflow/dags/steam_analytics.py
[2026-09-13T03:57:34.086+0000] {processor.py:840} INFO - DAG(s) 'steam_analytics_daily' retrieved from /opt/airflow/dags/steam_analytics.py
[2026-09-13T03:57:34.110+0000] {logging_mixin.py:188} INFO - [2026-09-13T03:57:34.110+0000] {dag.py:3089} INFO - Sync 1 DAGs
[2026-09-13T03:57:34.131+0000] {logging_mixin.py:188} INFO - [2026-09-13T03:57:34.131+0000] {dag.py:3947} INFO - Setting next_dagrun for steam_analytics_daily to 2026-09-13 02:00:00+00:00, run_after=2026-09-14 02:00:00+00:00
[2026-09-13T03:57:34.147+0000] {processor.py:183} INFO - Processing /opt/airflow/dags/steam_analytics.py took 0.350 seconds
[2026-09-13T03:58:04.288+0000] {processor.py:161} INFO - Started process (PID=1225) to work on /opt/airflow/dags/steam_analytics.py
[2026-09-13T03:58:04.289+0000] {processor.py:830} INFO - Processing file /opt/airflow/dags/steam_analytics.py for tasks to queue
[2026-09-13T03:58:04.290+0000] {logging_mixin.py:188} INFO - [2026-09-13T03:58:04.290+0000] {dagbag.py:545} INFO - Filling up the DagBag from /opt/airflow/dags/steam_analytics.py
[2026-09-13T03:58:04.561+0000] {processor.py:840} INFO - DAG(s) 'steam_analytics_daily' retrieved from /opt/airflow/dags/steam_analytics.py
[2026-09-13T03:58:04.590+0000] {logging_mixin.py:188} INFO - [2026-09-13T03:58:04.590+0000] {dag.py:3089} INFO - Sync 1 DAGs
[2026-09-13T03:58:04.610+0000] {logging_mixin.py:188} INFO - [2026-09-13T03:58:04.610+0000] {dag.py:3947} INFO - Setting next_dagrun for steam_analytics_daily to 2026-09-13 02:00:00+00:00, run_after=2026-09-14 02:00:00+00:00
[2026-09-13T03:58:04.628+0000] {processor.py:183} INFO - Processing /opt/airflow/dags/steam_analytics.py took 0.345 seconds
[2026-09-13T03:58:34.780+0000] {processor.py:161} INFO - Started process (PID=1230) to work on /opt/airflow/dags/steam_analytics.py
[2026-09-13T03:58:34.781+0000] {processor.py:830} INFO - Processing file /opt/airflow/dags/steam_analytics.py for tasks to queue
[2026-09-13T03:58:34.782+0000] {logging_mixin.py:188} INFO - [2026-09-13T03:58:34.782+0000] {dagbag.py:545} INFO - Filling up the DagBag from /opt/airflow/dags/steam_analytics.py
[2026-09-13T03:58:35.033+0000] {processor.py:840} INFO - DAG(s) 'steam_analytics_daily' retrieved from /opt/airflow/dags/steam_analytics.py
[2026-09-13T03:58:35.055+0000] {logging_mixin.py:188} INFO - [2026-09-13T03:58:35.055+0000] {dag.py:3089} INFO - Sync 1 DAGs
[2026-09-13T03:58:35.077+0000] {logging_mixin.py:188} INFO - [2026-09-13T03:58:35.077+0000] {dag.py:3947} INFO - Setting next_dagrun for steam_analytics_daily to 2026-09-13 02:00:00+00:00, run_after=2026-09-14 02:00:00+00:00
[2026-09-13T03:58:35.093+0000] {processor.py:183} INFO - Processing /opt/airflow/dags/steam_analytics.py took 0.318 seconds
[2026-09-13T03:59:05.242+0000] {processor.py:161} INFO - Started process (PID=1235) to work on /opt/airflow/dags/steam_analytics.py
[2026-09-13T03:59:05.243+0000] {processor.py:830} INFO - Processing file /opt/airflow/dags/steam_analytics.py for tasks to queue
[2026-09-13T03:59:05.244+0000] {logging_mixin.py:188} INFO - [2026-09-13T03:59:05.244+0000] {dagbag.py:545} INFO - Filling up the DagBag from /opt/airflow/dags/steam_analytics.py
[2026-09-13T03:59:05.386+0000] {processor.py:840} INFO - DAG(s) 'steam_analytics_daily' retrieved from /opt/airflow/dags/steam_analytics.py
[2026-09-13T03:59:05.537+0000] {logging_mixin.py:188} INFO - [2026-09-13T03:59:05.537+0000] {dag.py:3089} INFO - Sync 1 DAGs
[2026-09-13T03:59:05.554+0000] {logging_mixin.py:188} INFO - [2026-09-13T03:59:05.554+0000] {dag.py:3947} INFO - Setting next_dagrun for steam_analytics_daily to 2026-09-13 02:00:00+00:00, run_after=2026-09-14 02:00:00+00:00
[2026-09-13T03:59:05.571+0000] {processor.py:183} INFO - Processing /opt/airflow/dags/steam_analytics.py took 0.334 seconds
[2026-09-13T03:59:35.710+0000] {processor.py:161} INFO - Started process (PID=1240) to work on /opt/airflow/dags/steam_analytics.py
[2026-09-13T03:59:35.711+0000] {processor.py:830} INFO - Processing file /opt/airflow/dags/steam_analytics.py for tasks to queue
[2026-09-13T03:59:35.712+0000] {logging_mixin.py:188} INFO - [2026-09-13T03:59:35.712+0000] {dagbag.py:545} INFO - Filling up the DagBag from /opt/airflow/dags/steam_analytics.py
[2026-09-13T03:59:35.975+0000] {processor.py:840} INFO - DAG(s) 'steam_analytics_daily' retrieved from /opt/airflow/dags/steam_analytics.py
[2026-09-13T03:59:36.006+0000] {logging_mixin.py:188} INFO - [2026-09-13T03:59:36.006+0000] {dag.py:3089} INFO - Sync 1 DAGs
[2026-09-13T03:59:36.029+0000] {logging_mixin.py:188} INFO - [2026-09-13T03:59:36.029+0000] {dag.py:3947} INFO - Setting next_dagrun for steam_analytics_daily to 2026-09-13 02:00:00+00:00, run_after=2026-09-14 02:00:00+00:00
[2026-09-13T03:59:36.045+0000] {processor.py:183} INFO - Processing /opt/airflow/dags/steam_analytics.py took 0.339 seconds
[2026-09-13T04:00:06.194+0000] {processor.py:161} INFO - Started process (PID=1245) to work on /opt/airflow/dags/steam_analytics.py
[2026-09-13T04:00:06.194+0000] {processor.py:830} INFO - Processing file /opt/airflow/dags/steam_analytics.py for tasks to queue
[2026-09-13T04:00:06.198+0000] {logging_mixin.py:188} INFO - [2026-09-13T04:00:06.198+0000] {dagbag.py:545} INFO - Filling up the DagBag from /opt/airflow/dags/steam_analytics.py
[2026-09-13T04:00:06.467+0000] {processor.py:840} INFO - DAG(s) 'steam_analytics_daily' retrieved from /opt/airflow/dags/steam_analytics.py
[2026-09-13T04:00:06.495+0000] {logging_mixin.py:188} INFO - [2026-09-13T04:00:06.494+0000] {dag.py:3089} INFO - Sync 1 DAGs
[2026-09-13T04:00:06.516+0000] {logging_mixin.py:188} INFO - [2026-09-13T04:00:06.516+0000] {dag.py:3947} INFO - Setting next_dagrun for steam_analytics_daily to 2026-09-13 02:00:00+00:00, run_after=2026-09-14 02:00:00+00:00
[2026-09-13T04:00:06.535+0000] {processor.py:183} INFO - Processing /opt/airflow/dags/steam_analytics.py took 0.346 seconds
[2026-09-13T04:00:36.678+0000] {processor.py:161} INFO - Started process (PID=1250) to work on /opt/airflow/dags/steam_analytics.py
[2026-09-13T04:00:36.679+0000] {processor.py:830} INFO - Processing file /opt/airflow/dags/steam_analytics.py for tasks to queue
[2026-09-13T04:00:36.680+0000] {logging_mixin.py:188} INFO - [2026-09-13T04:00:36.680+0000] {dagbag.py:545} INFO - Filling up the DagBag from /opt/airflow/dags/steam_analytics.py
[2026-09-13T04:00:36.926+0000] {processor.py:840} INFO - DAG(s) 'steam_analytics_daily' retrieved from /opt/airflow/dags/steam_analytics.py
[2026-09-13T04:00:36.952+0000] {logging_mixin.py:188} INFO - [2026-09-13T04:00:36.952+0000] {dag.py:3089} INFO - Sync 1 DAGs
[2026-09-13T04:00:36.973+0000] {logging_mixin.py:188} INFO - [2026-09-13T04:00:36.973+0000] {dag.py:3947} INFO - Setting next_dagrun for steam_analytics_daily to 2026-09-13 02:00:00+00:00, run_after=2026-09-14 02:00:00+00:00
[2026-09-13T04:00:36.989+0000] {processor.py:183} INFO - Processing /opt/airflow/dags/steam_analytics.py took 0.315 seconds
[2026-09-13T04:01:07.142+0000] {processor.py:161} INFO - Started process (PID=1255) to work on /opt/airflow/dags/steam_analytics.py
[2026-09-13T04:01:07.143+0000] {processor.py:830} INFO - Processing file /opt/airflow/dags/steam_analytics.py for tasks to queue
[2026-09-13T04:01:07.145+0000] {logging_mixin.py:188} INFO - [2026-09-13T04:01:07.145+0000] {dagbag.py:545} INFO - Filling up the DagBag from /opt/airflow/dags/steam_analytics.py
[2026-09-13T04:01:07.294+0000] {processor.py:840} INFO - DAG(s) 'steam_analytics_daily' retrieved from /opt/airflow/dags/steam_analytics.py
[2026-09-13T04:01:07.445+0000] {logging_mixin.py:188} INFO - [2026-09-13T04:01:07.445+0000] {dag.py:3089} INFO - Sync 1 DAGs
[2026-09-13T04:01:07.465+0000] {logging_mixin.py:188} INFO - [2026-09-13T04:01:07.464+0000] {dag.py:3947} INFO - Setting next_dagrun for steam_analytics_daily to 2026-09-13 02:00:00+00:00, run_after=2026-09-14 02:00:00+00:00
[2026-09-13T04:01:07.480+0000] {processor.py:183} INFO - Processing /opt/airflow/dags/steam_analytics.py took 0.345 seconds
[2026-09-13T04:01:37.624+0000] {processor.py:161} INFO - Started process (PID=1260) to work on /opt/airflow/dags/steam_analytics.py
[2026-09-13T04:01:37.624+0000] {processor.py:830} INFO - Processing file /opt/airflow/dags/steam_analytics.py for tasks to queue
[2026-09-13T04:01:37.626+0000] {logging_mixin.py:188} INFO - [2026-09-13T04:01:37.626+0000] {dagbag.py:545} INFO - Filling up the DagBag from /opt/airflow/dags/steam_analytics.py
[2026-09-13T04:01:37.885+0000] {processor.py:840} INFO - DAG(s) 'steam_analytics_daily' retrieved from /opt/airflow/dags/steam_analytics.py
[2026-09-13T04:01:37.909+0000] {logging_mixin.py:188} INFO - [2026-09-13T04:01:37.909+0000] {dag.py:3089} INFO - Sync 1 DAGs
[2026-09-13T04:01:37.932+0000] {logging_mixin.py:188} INFO - [2026-09-13T04:01:37.932+0000] {dag.py:3947} INFO - Setting next_dagrun for steam_analytics_daily to 2026-09-13 02:00:00+00:00, run_after=2026-09-14 02:00:00+00:00
[2026-09-13T04:01:37.948+0000] {processor.py:183} INFO - Processing /opt/airflow/dags/steam_analytics.py took 0.328 seconds
[2026-09-13T04:02:08.090+0000] {processor.py:161} INFO - Started process (PID=1265) to work on /opt/airflow/dags/steam_analytics.py
[2026-09-13T04:02:08.090+0000] {processor.py:830} INFO - Processing file /opt/airflow/dags/steam_analytics.py for tasks to queue
[2026-09-13T04:02:08.092+0000] {logging_mixin.py:188} INFO - [2026-09-13T04:02:08.092+0000] {dagbag.py:545} INFO - Filling up the DagBag from /opt/airflow/dags/steam_analytics.py
[2026-09-13T04:02:08.346+0000] {processor.py:840} INFO - DAG(s) 'steam_analytics_daily' retrieved from /opt/airflow/dags/steam_analytics.py
[2026-09-13T04:02:08.368+0000] {logging_mixin.py:188} INFO - [2026-09-13T04:02:08.368+0000] {dag.py:3089} INFO - Sync 1 DAGs
[2026-09-13T04:02:08.387+0000] {logging_mixin.py:188} INFO - [2026-09-13T04:02:08.387+0000] {dag.py:3947} INFO - Setting next_dagrun for steam_analytics_daily to 2026-09-13 02:00:00+00:00, run_after=2026-09-14 02:00:00+00:00
[2026-09-13T04:02:08.404+0000] {processor.py:183} INFO - Processing /opt/airflow/dags/steam_analytics.py took 0.318 seconds
[2026-09-13T04:02:38.547+0000] {processor.py:161} INFO - Started process (PID=1270) to work on /opt/airflow/dags/steam_analytics.py
[2026-09-13T04:02:38.547+0000] {processor.py:830} INFO - Processing file /opt/airflow/dags/steam_analytics.py for tasks to queue
[2026-09-13T04:02:38.549+0000] {logging_mixin.py:188} INFO - [2026-09-13T04:02:38.548+0000] {dagbag.py:545} INFO - Filling up the DagBag from /opt/airflow/dags/steam_analytics.py
[2026-09-13T04:02:38.810+0000] {processor.py:840} INFO - DAG(s) 'steam_analytics_daily' retrieved from /opt/airflow/dags/steam_analytics.py
[2026-09-13T04:02:38.834+0000] {logging_mixin.py:188} INFO - [2026-09-13T04:02:38.834+0000] {dag.py:3089} INFO - Sync 1 DAGs
[2026-09-13T04:02:38.857+0000] {logging_mixin.py:188} INFO - [2026-09-13T04:02:38.856+0000] {dag.py:3947} INFO - Setting next_dagrun for steam_analytics_daily to 2026-09-13 02:00:00+00:00, run_after=2026-09-14 02:00:00+00:00
[2026-09-13T04:02:38.876+0000] {processor.py:183} INFO - Processing /opt/airflow/dags/steam_analytics.py took 0.333 seconds
[2026-09-13T04:03:09.023+0000] {processor.py:161} INFO - Started process (PID=1275) to work on /opt/airflow/dags/steam_analytics.py
[2026-09-13T04:03:09.024+0000] {processor.py:830} INFO - Processing file /opt/airflow/dags/steam_analytics.py for tasks to queue
[2026-09-13T04:03:09.025+0000] {logging_mixin.py:188} INFO - [2026-09-13T04:03:09.025+0000] {dagbag.py:545} INFO - Filling up the DagBag from /opt/airflow/dags/steam_analytics.py
[2026-09-13T04:03:09.276+0000] {processor.py:840} INFO - DAG(s) 'steam_analytics_daily' retrieved from /opt/airflow/dags/steam_analytics.py
[2026-09-13T04:03:09.300+0000] {logging_mixin.py:188} INFO - [2026-09-13T04:03:09.300+0000] {dag.py:3089} INFO - Sync 1 DAGs
[2026-09-13T04:03:09.319+0000] {logging_mixin.py:188} INFO - [2026-09-13T04:03:09.318+0000] {dag.py:3947} INFO - Setting next_dagrun for steam_analytics_daily to 2026-09-13 02:00:00+00:00, run_after=2026-09-14 02:00:00+00:00
[2026-09-13T04:03:09.334+0000] {processor.py:183} INFO - Processing /opt/airflow/dags/steam_analytics.py took 0.316 seconds
[2026-09-13T04:03:39.476+0000] {processor.py:161} INFO - Started process (PID=1280) to work on /opt/airflow/dags/steam_analytics.py
[2026-09-13T04:03:39.477+0000] {processor.py:830} INFO - Processing file /opt/airflow/dags/steam_analytics.py for tasks to queue
[2026-09-13T04:03:39.479+0000] {logging_mixin.py:188} INFO - [2026-09-13T04:03:39.478+0000] {dagbag.py:545} INFO - Filling up the DagBag from /opt/airflow/dags/steam_analytics.py
[2026-09-13T04:03:39.629+0000] {processor.py:840} INFO - DAG(s) 'steam_analytics_daily' retrieved from /opt/airflow/dags/steam_analytics.py
[2026-09-13T04:03:39.778+0000] {logging_mixin.py:188} INFO - [2026-09-13T04:03:39.778+0000] {dag.py:3089} INFO - Sync 1 DAGs
[2026-09-13T04:03:39.798+0000] {logging_mixin.py:188} INFO - [2026-09-13T04:03:39.798+0000] {dag.py:3947} INFO - Setting next_dagrun for steam_analytics_daily to 2026-09-13 02:00:00+00:00, run_after=2026-09-14 02:00:00+00:00
[2026-09-13T04:03:39.814+0000] {processor.py:183} INFO - Processing /opt/airflow/dags/steam_analytics.py took 0.342 seconds
[2026-09-13T04:04:09.956+0000] {processor.py:161} INFO - Started process (PID=1285) to work on /opt/airflow/dags/steam_analytics.py
[2026-09-13T04:04:09.956+0000] {processor.py:830} INFO - Processing file /opt/airflow/dags/steam_analytics.py for tasks to queue
[2026-09-13T04:04:09.958+0000] {logging_mixin.py:188} INFO - [2026-09-13T04:04:09.958+0000] {dagbag.py:545} INFO - Filling up the DagBag from /opt/airflow/dags/steam_analytics.py
[2026-09-13T04:04:10.205+0000] {processor.py:840} INFO - DAG(s) 'steam_analytics_daily' retrieved from /opt/airflow/dags/steam_analytics.py
[2026-09-13T04:04:10.229+0000] {logging_mixin.py:188} INFO - [2026-09-13T04:04:10.229+0000] {dag.py:3089} INFO - Sync 1 DAGs
[2026-09-13T04:04:10.248+0000] {logging_mixin.py:188} INFO - [2026-09-13T04:04:10.248+0000] {dag.py:3947} INFO - Setting next_dagrun for steam_analytics_daily to 2026-09-13 02:00:00+00:00, run_after=2026-09-14 02:00:00+00:00
[2026-09-13T04:04:10.264+0000] {processor.py:183} INFO - Processing /opt/airflow/dags/steam_analytics.py took 0.313 seconds
[2026-09-13T04:04:40.414+0000] {processor.py:161} INFO - Started process (PID=1290) to work on /opt/airflow/dags/steam_analytics.py
[2026-09-13T04:04:40.415+0000] {processor.py:830} INFO - Processing file /opt/airflow/dags/steam_analytics.py for tasks to queue
[2026-09-13T04:04:40.416+0000] {logging_mixin.py:188} INFO - [2026-09-13T04:04:40.416+0000] {dagbag.py:545} INFO - Filling up the DagBag from /opt/airflow/dags/steam_analytics.py
[2026-09-13T04:04:40.689+0000] {processor.py:840} INFO - DAG(s) 'steam_analytics_daily' retrieved from /opt/airflow/dags/steam_analytics.py
[2026-09-13T04:04:40.711+0000] {logging_mixin.py:188} INFO - [2026-09-13T04:04:40.711+0000] {dag.py:3089} INFO - Sync 1 DAGs
[2026-09-13T04:04:40.733+0000] {logging_mixin.py:188} INFO - [2026-09-13T04:04:40.733+0000] {dag.py:3947} INFO - Setting next_dagrun for steam_analytics_daily to 2026-09-13 02:00:00+00:00, run_after=2026-09-14 02:00:00+00:00
[2026-09-13T04:04:40.750+0000] {processor.py:183} INFO - Processing /opt/airflow/dags/steam_analytics.py took 0.340 seconds
[2026-09-13T04:05:10.928+0000] {processor.py:161} INFO - Started process (PID=1295) to work on /opt/airflow/dags/steam_analytics.py
[2026-09-13T04:05:10.929+0000] {processor.py:830} INFO - Processing file /opt/airflow/dags/steam_analytics.py for tasks to queue
[2026-09-13T04:05:10.935+0000] {logging_mixin.py:188} INFO - [2026-09-13T04:05:10.934+0000] {dagbag.py:545} INFO - Filling up the DagBag from /opt/airflow/dags/steam_analytics.py
[2026-09-13T04:05:11.290+0000] {processor.py:840} INFO - DAG(s) 'steam_analytics_daily' retrieved from /opt/airflow/dags/steam_analytics.py
[2026-09-13T04:05:11.316+0000] {logging_mixin.py:188} INFO - [2026-09-13T04:05:11.316+0000] {dag.py:3089} INFO - Sync 1 DAGs
[2026-09-13T04:05:11.335+0000] {logging_mixin.py:188} INFO - [2026-09-13T04:05:11.335+0000] {dag.py:3947} INFO - Setting next_dagrun for steam_analytics_daily to 2026-09-13 02:00:00+00:00, run_after=2026-09-14 02:00:00+00:00
[2026-09-13T04:05:11.353+0000] {processor.py:183} INFO - Processing /opt/airflow/dags/steam_analytics.py took 0.434 seconds
[2026-09-13T04:05:41.491+0000] {processor.py:161} INFO - Started process (PID=1300) to work on /opt/airflow/dags/steam_analytics.py
[2026-09-13T04:05:41.492+0000] {processor.py:830} INFO - Processing file /opt/airflow/dags/steam_analytics.py for tasks to queue
[2026-09-13T04:05:41.493+0000] {logging_mixin.py:188} INFO - [2026-09-13T04:05:41.493+0000] {dagbag.py:545} INFO - Filling up the DagBag from /opt/airflow/dags/steam_analytics.py
[2026-09-13T04:05:41.629+0000] {processor.py:840} INFO - DAG(s) 'steam_analytics_daily' retrieved from /opt/airflow/dags/steam_analytics.py
[2026-09-13T04:05:41.768+0000] {logging_mixin.py:188} INFO - [2026-09-13T04:05:41.768+0000] {dag.py:3089} INFO - Sync 1 DAGs
[2026-09-13T04:05:41.786+0000] {logging_mixin.py:188} INFO - [2026-09-13T04:05:41.786+0000] {dag.py:3947} INFO - Setting next_dagrun for steam_analytics_daily to 2026-09-13 02:00:00+00:00, run_after=2026-09-14 02:00:00+00:00
[2026-09-13T04:05:41.801+0000] {processor.py:183} INFO - Processing /opt/airflow/dags/steam_analytics.py took 0.315 seconds
[2026-09-13T04:06:11.929+0000] {processor.py:161} INFO - Started process (PID=1305) to work on /opt/airflow/dags/steam_analytics.py
[2026-09-13T04:06:11.930+0000] {processor.py:830} INFO - Processing file /opt/airflow/dags/steam_analytics.py for tasks to queue
[2026-09-13T04:06:11.931+0000] {logging_mixin.py:188} INFO - [2026-09-13T04:06:11.931+0000] {dagbag.py:545} INFO - Filling up the DagBag from /opt/airflow/dags/steam_analytics.py
[2026-09-13T04:06:12.155+0000] {processor.py:840} INFO - DAG(s) 'steam_analytics_daily' retrieved from /opt/airflow/dags/steam_analytics.py
[2026-09-13T04:06:12.176+0000] {logging_mixin.py:188} INFO - [2026-09-13T04:06:12.176+0000] {dag.py:3089} INFO - Sync 1 DAGs
[2026-09-13T04:06:12.192+0000] {logging_mixin.py:188} INFO - [2026-09-13T04:06:12.192+0000] {dag.py:3947} INFO - Setting next_dagrun for steam_analytics_daily to 2026-09-13 02:00:00+00:00, run_after=2026-09-14 02:00:00+00:00
[2026-09-13T04:06:12.206+0000] {processor.py:183} INFO - Processing /opt/airflow/dags/steam_analytics.py took 0.280 seconds
[2026-09-13T04:06:42.324+0000] {processor.py:161} INFO - Started process (PID=1310) to work on /opt/airflow/dags/steam_analytics.py
[2026-09-13T04:06:42.325+0000] {processor.py:830} INFO - Processing file /opt/airflow/dags/steam_analytics.py for tasks to queue
[2026-09-13T04:06:42.326+0000] {logging_mixin.py:188} INFO - [2026-09-13T04:06:42.326+0000] {dagbag.py:545} INFO - Filling up the DagBag from /opt/airflow/dags/steam_analytics.py
[2026-09-13T04:06:42.549+0000] {processor.py:840} INFO - DAG(s) 'steam_analytics_daily' retrieved from /opt/airflow/dags/steam_analytics.py
[2026-09-13T04:06:42.572+0000] {logging_mixin.py:188} INFO - [2026-09-13T04:06:42.571+0000] {dag.py:3089} INFO - Sync 1 DAGs
[2026-09-13T04:06:42.588+0000] {logging_mixin.py:188} INFO - [2026-09-13T04:06:42.588+0000] {dag.py:3947} INFO - Setting next_dagrun for steam_analytics_daily to 2026-09-13 02:00:00+00:00, run_after=2026-09-14 02:00:00+00:00
[2026-09-13T04:06:42.602+0000] {processor.py:183} INFO - Processing /opt/airflow/dags/steam_analytics.py took 0.282 seconds
[2026-09-13T04:07:12.723+0000] {processor.py:161} INFO - Started process (PID=1315) to work on /opt/airflow/dags/steam_analytics.py
[2026-09-13T04:07:12.724+0000] {processor.py:830} INFO - Processing file /opt/airflow/dags/steam_analytics.py for tasks to queue
[2026-09-13T04:07:12.725+0000] {logging_mixin.py:188} INFO - [2026-09-13T04:07:12.725+0000] {dagbag.py:545} INFO - Filling up the DagBag from /opt/airflow/dags/steam_analytics.py
[2026-09-13T04:07:12.939+0000] {processor.py:840} INFO - DAG(s) 'steam_analytics_daily' retrieved from /opt/airflow/dags/steam_analytics.py
[2026-09-13T04:07:12.961+0000] {logging_mixin.py:188} INFO - [2026-09-13T04:07:12.961+0000] {dag.py:3089} INFO - Sync 1 DAGs
[2026-09-13T04:07:12.979+0000] {logging_mixin.py:188} INFO - [2026-09-13T04:07:12.979+0000] {dag.py:3947} INFO - Setting next_dagrun for steam_analytics_daily to 2026-09-13 02:00:00+00:00, run_after=2026-09-14 02:00:00+00:00
[2026-09-13T04:07:12.992+0000] {processor.py:183} INFO - Processing /opt/airflow/dags/steam_analytics.py took 0.273 seconds
[2026-09-13T04:07:43.120+0000] {processor.py:161} INFO - Started process (PID=1320) to work on /opt/airflow/dags/steam_analytics.py
[2026-09-13T04:07:43.121+0000] {processor.py:830} INFO - Processing file /opt/airflow/dags/steam_analytics.py for tasks to queue
[2026-09-13T04:07:43.122+0000] {logging_mixin.py:188} INFO - [2026-09-13T04:07:43.122+0000] {dagbag.py:545} INFO - Filling up the DagBag from /opt/airflow/dags/steam_analytics.py
[2026-09-13T04:07:43.344+0000] {processor.py:840} INFO - DAG(s) 'steam_analytics_daily' retrieved from /opt/airflow/dags/steam_analytics.py
[2026-09-13T04:07:43.366+0000] {logging_mixin.py:188} INFO - [2026-09-13T04:07:43.366+0000] {dag.py:3089} INFO - Sync 1 DAGs
[2026-09-13T04:07:43.382+0000] {logging_mixin.py:188} INFO - [2026-09-13T04:07:43.382+0000] {dag.py:3947} INFO - Setting next_dagrun for steam_analytics_daily to 2026-09-13 02:00:00+00:00, run_after=2026-09-14 02:00:00+00:00
[2026-09-13T04:07:43.396+0000] {processor.py:183} INFO - Processing /opt/airflow/dags/steam_analytics.py took 0.280 seconds
[2026-09-13T04:08:13.514+0000] {processor.py:161} INFO - Started process (PID=1325) to work on /opt/airflow/dags/steam_analytics.py
[2026-09-13T04:08:13.514+0000] {processor.py:830} INFO - Processing file /opt/airflow/dags/steam_analytics.py for tasks to queue
[2026-09-13T04:08:13.516+0000] {logging_mixin.py:188} INFO - [2026-09-13T04:08:13.516+0000] {dagbag.py:545} INFO - Filling up the DagBag from /opt/airflow/dags/steam_analytics.py
[2026-09-13T04:08:13.732+0000] {processor.py:840} INFO - DAG(s) 'steam_analytics_daily' retrieved from /opt/airflow/dags/steam_analytics.py
[2026-09-13T04:08:13.753+0000] {logging_mixin.py:188} INFO - [2026-09-13T04:08:13.753+0000] {dag.py:3089} INFO - Sync 1 DAGs
[2026-09-13T04:08:13.769+0000] {logging_mixin.py:188} INFO - [2026-09-13T04:08:13.769+0000] {dag.py:3947} INFO - Setting next_dagrun for steam_analytics_daily to 2026-09-13 02:00:00+00:00, run_after=2026-09-14 02:00:00+00:00
[2026-09-13T04:08:13.783+0000] {processor.py:183} INFO - Processing /opt/airflow/dags/steam_analytics.py took 0.273 seconds
[2026-09-13T04:08:43.900+0000] {processor.py:161} INFO - Started process (PID=1330) to work on /opt/airflow/dags/steam_analytics.py
[2026-09-13T04:08:43.901+0000] {processor.py:830} INFO - Processing file /opt/airflow/dags/steam_analytics.py for tasks to queue
[2026-09-13T04:08:43.902+0000] {logging_mixin.py:188} INFO - [2026-09-13T04:08:43.902+0000] {dagbag.py:545} INFO - Filling up the DagBag from /opt/airflow/dags/steam_analytics.py
[2026-09-13T04:08:44.134+0000] {processor.py:840} INFO - DAG(s) 'steam_analytics_daily' retrieved from /opt/airflow/dags/steam_analytics.py
[2026-09-13T04:08:44.155+0000] {logging_mixin.py:188} INFO - [2026-09-13T04:08:44.155+0000] {dag.py:3089} INFO - Sync 1 DAGs
[2026-09-13T04:08:44.172+0000] {logging_mixin.py:188} INFO - [2026-09-13T04:08:44.171+0000] {dag.py:3947} INFO - Setting next_dagrun for steam_analytics_daily to 2026-09-13 02:00:00+00:00, run_after=2026-09-14 02:00:00+00:00
[2026-09-13T04:08:44.186+0000] {processor.py:183} INFO - Processing /opt/airflow/dags/steam_analytics.py took 0.290 seconds
[2026-09-13T04:09:14.314+0000] {processor.py:161} INFO - Started process (PID=1335) to work on /opt/airflow/dags/steam_analytics.py
[2026-09-13T04:09:14.314+0000] {processor.py:830} INFO - Processing file /opt/airflow/dags/steam_analytics.py for tasks to queue
[2026-09-13T04:09:14.315+0000] {logging_mixin.py:188} INFO - [2026-09-13T04:09:14.315+0000] {dagbag.py:545} INFO - Filling up the DagBag from /opt/airflow/dags/steam_analytics.py
[2026-09-13T04:09:14.531+0000] {processor.py:840} INFO - DAG(s) 'steam_analytics_daily' retrieved from /opt/airflow/dags/steam_analytics.py
[2026-09-13T04:09:14.552+0000] {logging_mixin.py:188} INFO - [2026-09-13T04:09:14.552+0000] {dag.py:3089} INFO - Sync 1 DAGs
[2026-09-13T04:09:14.569+0000] {logging_mixin.py:188} INFO - [2026-09-13T04:09:14.569+0000] {dag.py:3947} INFO - Setting next_dagrun for steam_analytics_daily to 2026-09-13 02:00:00+00:00, run_after=2026-09-14 02:00:00+00:00
[2026-09-13T04:09:14.582+0000] {processor.py:183} INFO - Processing /opt/airflow/dags/steam_analytics.py took 0.272 seconds
[2026-09-13T04:09:44.701+0000] {processor.py:161} INFO - Started process (PID=1340) to work on /opt/airflow/dags/steam_analytics.py
[2026-09-13T04:09:44.702+0000] {processor.py:830} INFO - Processing file /opt/airflow/dags/steam_analytics.py for tasks to queue
[2026-09-13T04:09:44.703+0000] {logging_mixin.py:188} INFO - [2026-09-13T04:09:44.703+0000] {dagbag.py:545} INFO - Filling up the DagBag from /opt/airflow/dags/steam_analytics.py
[2026-09-13T04:09:44.912+0000] {processor.py:840} INFO - DAG(s) 'steam_analytics_daily' retrieved from /opt/airflow/dags/steam_analytics.py
[2026-09-13T04:09:44.934+0000] {logging_mixin.py:188} INFO - [2026-09-13T04:09:44.934+0000] {dag.py:3089} INFO - Sync 1 DAGs
[2026-09-13T04:09:44.950+0000] {logging_mixin.py:188} INFO - [2026-09-13T04:09:44.950+0000] {dag.py:3947} INFO - Setting next_dagrun for steam_analytics_daily to 2026-09-13 02:00:00+00:00, run_after=2026-09-14 02:00:00+00:00
[2026-09-13T04:09:44.964+0000] {processor.py:183} INFO - Processing /opt/airflow/dags/steam_analytics.py took 0.267 seconds
[2026-09-13T04:10:15.109+0000] {processor.py:161} INFO - Started process (PID=1345) to work on /opt/airflow/dags/steam_analytics.py
[2026-09-13T04:10:15.110+0000] {processor.py:830} INFO - Processing file /opt/airflow/dags/steam_analytics.py for tasks to queue
[2026-09-13T04:10:15.111+0000] {logging_mixin.py:188} INFO - [2026-09-13T04:10:15.111+0000] {dagbag.py:545} INFO - Filling up the DagBag from /opt/airflow/dags/steam_analytics.py
[2026-09-13T04:10:15.351+0000] {processor.py:840} INFO - DAG(s) 'steam_analytics_daily' retrieved from /opt/airflow/dags/steam_analytics.py
[2026-09-13T04:10:15.375+0000] {logging_mixin.py:188} INFO - [2026-09-13T04:10:15.375+0000] {dag.py:3089} INFO - Sync 1 DAGs
[2026-09-13T04:10:15.393+0000] {logging_mixin.py:188} INFO - [2026-09-13T04:10:15.392+0000] {dag.py:3947} INFO - Setting next_dagrun for steam_analytics_daily to 2026-09-13 02:00:00+00:00, run_after=2026-09-14 02:00:00+00:00
[2026-09-13T04:10:15.409+0000] {processor.py:183} INFO - Processing /opt/airflow/dags/steam_analytics.py took 0.305 seconds
[2026-09-13T04:10:45.539+0000] {processor.py:161} INFO - Started process (PID=1350) to work on /opt/airflow/dags/steam_analytics.py
[2026-09-13T04:10:45.539+0000] {processor.py:830} INFO - Processing file /opt/airflow/dags/steam_analytics.py for tasks to queue
[2026-09-13T04:10:45.541+0000] {logging_mixin.py:188} INFO - [2026-09-13T04:10:45.540+0000] {dagbag.py:545} INFO - Filling up the DagBag from /opt/airflow/dags/steam_analytics.py
[2026-09-13T04:10:45.755+0000] {processor.py:840} INFO - DAG(s) 'steam_analytics_daily' retrieved from /opt/airflow/dags/steam_analytics.py
[2026-09-13T04:10:45.776+0000] {logging_mixin.py:188} INFO - [2026-09-13T04:10:45.776+0000] {dag.py:3089} INFO - Sync 1 DAGs
[2026-09-13T04:10:45.793+0000] {logging_mixin.py:188} INFO - [2026-09-13T04:10:45.793+0000] {dag.py:3947} INFO - Setting next_dagrun for steam_analytics_daily to 2026-09-13 02:00:00+00:00, run_after=2026-09-14 02:00:00+00:00
[2026-09-13T04:10:45.807+0000] {processor.py:183} INFO - Processing /opt/airflow/dags/steam_analytics.py took 0.272 seconds
[2026-09-13T04:11:15.928+0000] {processor.py:161} INFO - Started process (PID=1355) to work on /opt/airflow/dags/steam_analytics.py
[2026-09-13T04:11:15.929+0000] {processor.py:830} INFO - Processing file /opt/airflow/dags/steam_analytics.py for tasks to queue
[2026-09-13T04:11:15.930+0000] {logging_mixin.py:188} INFO - [2026-09-13T04:11:15.930+0000] {dagbag.py:545} INFO - Filling up the DagBag from /opt/airflow/dags/steam_analytics.py
[2026-09-13T04:11:16.176+0000] {processor.py:840} INFO - DAG(s) 'steam_analytics_daily' retrieved from /opt/airflow/dags/steam_analytics.py
[2026-09-13T04:11:16.199+0000] {logging_mixin.py:188} INFO - [2026-09-13T04:11:16.199+0000] {dag.py:3089} INFO - Sync 1 DAGs
[2026-09-13T04:11:16.222+0000] {logging_mixin.py:188} INFO - [2026-09-13T04:11:16.221+0000] {dag.py:3947} INFO - Setting next_dagrun for steam_analytics_daily to 2026-09-13 02:00:00+00:00, run_after=2026-09-14 02:00:00+00:00
[2026-09-13T04:11:16.237+0000] {processor.py:183} INFO - Processing /opt/airflow/dags/steam_analytics.py took 0.313 seconds
[2026-09-13T04:11:46.369+0000] {processor.py:161} INFO - Started process (PID=1360) to work on /opt/airflow/dags/steam_analytics.py
[2026-09-13T04:11:46.370+0000] {processor.py:830} INFO - Processing file /opt/airflow/dags/steam_analytics.py for tasks to queue
[2026-09-13T04:11:46.371+0000] {logging_mixin.py:188} INFO - [2026-09-13T04:11:46.371+0000] {dagbag.py:545} INFO - Filling up the DagBag from /opt/airflow/dags/steam_analytics.py
[2026-09-13T04:11:46.607+0000] {processor.py:840} INFO - DAG(s) 'steam_analytics_daily' retrieved from /opt/airflow/dags/steam_analytics.py
[2026-09-13T04:11:46.629+0000] {logging_mixin.py:188} INFO - [2026-09-13T04:11:46.629+0000] {dag.py:3089} INFO - Sync 1 DAGs
[2026-09-13T04:11:46.648+0000] {logging_mixin.py:188} INFO - [2026-09-13T04:11:46.648+0000] {dag.py:3947} INFO - Setting next_dagrun for steam_analytics_daily to 2026-09-13 02:00:00+00:00, run_after=2026-09-14 02:00:00+00:00
[2026-09-13T04:11:46.664+0000] {processor.py:183} INFO - Processing /opt/airflow/dags/steam_analytics.py took 0.299 seconds
[2026-09-13T04:12:16.787+0000] {processor.py:161} INFO - Started process (PID=1365) to work on /opt/airflow/dags/steam_analytics.py
[2026-09-13T04:12:16.788+0000] {processor.py:830} INFO - Processing file /opt/airflow/dags/steam_analytics.py for tasks to queue
[2026-09-13T04:12:16.789+0000] {logging_mixin.py:188} INFO - [2026-09-13T04:12:16.789+0000] {dagbag.py:545} INFO - Filling up the DagBag from /opt/airflow/dags/steam_analytics.py
[2026-09-13T04:12:17.018+0000] {processor.py:840} INFO - DAG(s) 'steam_analytics_daily' retrieved from /opt/airflow/dags/steam_analytics.py
[2026-09-13T04:12:17.041+0000] {logging_mixin.py:188} INFO - [2026-09-13T04:12:17.041+0000] {dag.py:3089} INFO - Sync 1 DAGs
[2026-09-13T04:12:17.059+0000] {logging_mixin.py:188} INFO - [2026-09-13T04:12:17.059+0000] {dag.py:3947} INFO - Setting next_dagrun for steam_analytics_daily to 2026-09-13 02:00:00+00:00, run_after=2026-09-14 02:00:00+00:00
[2026-09-13T04:12:17.075+0000] {processor.py:183} INFO - Processing /opt/airflow/dags/steam_analytics.py took 0.292 seconds
[2026-09-13T04:12:47.198+0000] {processor.py:161} INFO - Started process (PID=1370) to work on /opt/airflow/dags/steam_analytics.py
[2026-09-13T04:12:47.199+0000] {processor.py:830} INFO - Processing file /opt/airflow/dags/steam_analytics.py for tasks to queue
[2026-09-13T04:12:47.200+0000] {logging_mixin.py:188} INFO - [2026-09-13T04:12:47.200+0000] {dagbag.py:545} INFO - Filling up the DagBag from /opt/airflow/dags/steam_analytics.py
[2026-09-13T04:12:47.436+0000] {processor.py:840} INFO - DAG(s) 'steam_analytics_daily' retrieved from /opt/airflow/dags/steam_analytics.py
[2026-09-13T04:12:47.459+0000] {logging_mixin.py:188} INFO - [2026-09-13T04:12:47.459+0000] {dag.py:3089} INFO - Sync 1 DAGs
[2026-09-13T04:12:47.477+0000] {logging_mixin.py:188} INFO - [2026-09-13T04:12:47.476+0000] {dag.py:3947} INFO - Setting next_dagrun for steam_analytics_daily to 2026-09-13 02:00:00+00:00, run_after=2026-09-14 02:00:00+00:00
[2026-09-13T04:12:47.491+0000] {processor.py:183} INFO - Processing /opt/airflow/dags/steam_analytics.py took 0.297 seconds
[2026-09-13T04:13:17.617+0000] {processor.py:161} INFO - Started process (PID=1375) to work on /opt/airflow/dags/steam_analytics.py
[2026-09-13T04:13:17.618+0000] {processor.py:830} INFO - Processing file /opt/airflow/dags/steam_analytics.py for tasks to queue
[2026-09-13T04:13:17.619+0000] {logging_mixin.py:188} INFO - [2026-09-13T04:13:17.619+0000] {dagbag.py:545} INFO - Filling up the DagBag from /opt/airflow/dags/steam_analytics.py
[2026-09-13T04:13:17.846+0000] {processor.py:840} INFO - DAG(s) 'steam_analytics_daily' retrieved from /opt/airflow/dags/steam_analytics.py
[2026-09-13T04:13:17.868+0000] {logging_mixin.py:188} INFO - [2026-09-13T04:13:17.868+0000] {dag.py:3089} INFO - Sync 1 DAGs
[2026-09-13T04:13:17.886+0000] {logging_mixin.py:188} INFO - [2026-09-13T04:13:17.886+0000] {dag.py:3947} INFO - Setting next_dagrun for steam_analytics_daily to 2026-09-13 02:00:00+00:00, run_after=2026-09-14 02:00:00+00:00
[2026-09-13T04:13:17.902+0000] {processor.py:183} INFO - Processing /opt/airflow/dags/steam_analytics.py took 0.289 seconds
[2026-09-13T04:13:48.027+0000] {processor.py:161} INFO - Started process (PID=1380) to work on /opt/airflow/dags/steam_analytics.py
[2026-09-13T04:13:48.027+0000] {processor.py:830} INFO - Processing file /opt/airflow/dags/steam_analytics.py for tasks to queue
[2026-09-13T04:13:48.029+0000] {logging_mixin.py:188} INFO - [2026-09-13T04:13:48.028+0000] {dagbag.py:545} INFO - Filling up the DagBag from /opt/airflow/dags/steam_analytics.py
[2026-09-13T04:13:48.256+0000] {processor.py:840} INFO - DAG(s) 'steam_analytics_daily' retrieved from /opt/airflow/dags/steam_analytics.py
[2026-09-13T04:13:48.278+0000] {logging_mixin.py:188} INFO - [2026-09-13T04:13:48.278+0000] {dag.py:3089} INFO - Sync 1 DAGs
[2026-09-13T04:13:48.296+0000] {logging_mixin.py:188} INFO - [2026-09-13T04:13:48.296+0000] {dag.py:3947} INFO - Setting next_dagrun for steam_analytics_daily to 2026-09-13 02:00:00+00:00, run_after=2026-09-14 02:00:00+00:00
[2026-09-13T04:13:48.311+0000] {processor.py:183} INFO - Processing /opt/airflow/dags/steam_analytics.py took 0.288 seconds
[2026-09-13T04:14:18.435+0000] {processor.py:161} INFO - Started process (PID=1385) to work on /opt/airflow/dags/steam_analytics.py
[2026-09-13T04:14:18.436+0000] {processor.py:830} INFO - Processing file /opt/airflow/dags/steam_analytics.py for tasks to queue
[2026-09-13T04:14:18.437+0000] {logging_mixin.py:188} INFO - [2026-09-13T04:14:18.437+0000] {dagbag.py:545} INFO - Filling up the DagBag from /opt/airflow/dags/steam_analytics.py
[2026-09-13T04:14:18.668+0000] {processor.py:840} INFO - DAG(s) 'steam_analytics_daily' retrieved from /opt/airflow/dags/steam_analytics.py
[2026-09-13T04:14:18.691+0000] {logging_mixin.py:188} INFO - [2026-09-13T04:14:18.690+0000] {dag.py:3089} INFO - Sync 1 DAGs
[2026-09-13T04:14:18.708+0000] {logging_mixin.py:188} INFO - [2026-09-13T04:14:18.707+0000] {dag.py:3947} INFO - Setting next_dagrun for steam_analytics_daily to 2026-09-13 02:00:00+00:00, run_after=2026-09-14 02:00:00+00:00
[2026-09-13T04:14:18.723+0000] {processor.py:183} INFO - Processing /opt/airflow/dags/steam_analytics.py took 0.292 seconds
[2026-09-13T04:14:48.937+0000] {processor.py:161} INFO - Started process (PID=1390) to work on /opt/airflow/dags/steam_analytics.py
[2026-09-13T04:14:48.937+0000] {processor.py:830} INFO - Processing file /opt/airflow/dags/steam_analytics.py for tasks to queue
[2026-09-13T04:14:48.939+0000] {logging_mixin.py:188} INFO - [2026-09-13T04:14:48.938+0000] {dagbag.py:545} INFO - Filling up the DagBag from /opt/airflow/dags/steam_analytics.py
[2026-09-13T04:14:49.166+0000] {processor.py:840} INFO - DAG(s) 'steam_analytics_daily' retrieved from /opt/airflow/dags/steam_analytics.py
[2026-09-13T04:14:49.188+0000] {logging_mixin.py:188} INFO - [2026-09-13T04:14:49.188+0000] {dag.py:3089} INFO - Sync 1 DAGs
[2026-09-13T04:14:49.206+0000] {logging_mixin.py:188} INFO - [2026-09-13T04:14:49.206+0000] {dag.py:3947} INFO - Setting next_dagrun for steam_analytics_daily to 2026-09-13 02:00:00+00:00, run_after=2026-09-14 02:00:00+00:00
[2026-09-13T04:14:49.221+0000] {processor.py:183} INFO - Processing /opt/airflow/dags/steam_analytics.py took 0.289 seconds
[2026-09-13T04:15:19.367+0000] {processor.py:161} INFO - Started process (PID=1395) to work on /opt/airflow/dags/steam_analytics.py
[2026-09-13T04:15:19.368+0000] {processor.py:830} INFO - Processing file /opt/airflow/dags/steam_analytics.py for tasks to queue
[2026-09-13T04:15:19.369+0000] {logging_mixin.py:188} INFO - [2026-09-13T04:15:19.369+0000] {dagbag.py:545} INFO - Filling up the DagBag from /opt/airflow/dags/steam_analytics.py
[2026-09-13T04:15:19.598+0000] {processor.py:840} INFO - DAG(s) 'steam_analytics_daily' retrieved from /opt/airflow/dags/steam_analytics.py
[2026-09-13T04:15:19.620+0000] {logging_mixin.py:188} INFO - [2026-09-13T04:15:19.619+0000] {dag.py:3089} INFO - Sync 1 DAGs
[2026-09-13T04:15:19.637+0000] {logging_mixin.py:188} INFO - [2026-09-13T04:15:19.636+0000] {dag.py:3947} INFO - Setting next_dagrun for steam_analytics_daily to 2026-09-13 02:00:00+00:00, run_after=2026-09-14 02:00:00+00:00
[2026-09-13T04:15:19.652+0000] {processor.py:183} INFO - Processing /opt/airflow/dags/steam_analytics.py took 0.289 seconds
[2026-09-13T04:15:49.778+0000] {processor.py:161} INFO - Started process (PID=1400) to work on /opt/airflow/dags/steam_analytics.py
[2026-09-13T04:15:49.779+0000] {processor.py:830} INFO - Processing file /opt/airflow/dags/steam_analytics.py for tasks to queue
[2026-09-13T04:15:49.780+0000] {logging_mixin.py:188} INFO - [2026-09-13T04:15:49.780+0000] {dagbag.py:545} INFO - Filling up the DagBag from /opt/airflow/dags/steam_analytics.py
[2026-09-13T04:15:49.997+0000] {processor.py:840} INFO - DAG(s) 'steam_analytics_daily' retrieved from /opt/airflow/dags/steam_analytics.py
[2026-09-13T04:15:50.019+0000] {logging_mixin.py:188} INFO - [2026-09-13T04:15:50.018+0000] {dag.py:3089} INFO - Sync 1 DAGs
[2026-09-13T04:15:50.036+0000] {logging_mixin.py:188} INFO - [2026-09-13T04:15:50.036+0000] {dag.py:3947} INFO - Setting next_dagrun for steam_analytics_daily to 2026-09-13 02:00:00+00:00, run_after=2026-09-14 02:00:00+00:00
[2026-09-13T04:15:50.050+0000] {processor.py:183} INFO - Processing /opt/airflow/dags/steam_analytics.py took 0.276 seconds
[2026-09-13T04:16:20.173+0000] {processor.py:161} INFO - Started process (PID=1405) to work on /opt/airflow/dags/steam_analytics.py
[2026-09-13T04:16:20.173+0000] {processor.py:830} INFO - Processing file /opt/airflow/dags/steam_analytics.py for tasks to queue
[2026-09-13T04:16:20.175+0000] {logging_mixin.py:188} INFO - [2026-09-13T04:16:20.174+0000] {dagbag.py:545} INFO - Filling up the DagBag from /opt/airflow/dags/steam_analytics.py
[2026-09-13T04:16:20.386+0000] {processor.py:840} INFO - DAG(s) 'steam_analytics_daily' retrieved from /opt/airflow/dags/steam_analytics.py
[2026-09-13T04:16:20.408+0000] {logging_mixin.py:188} INFO - [2026-09-13T04:16:20.408+0000] {dag.py:3089} INFO - Sync 1 DAGs
[2026-09-13T04:16:20.424+0000] {logging_mixin.py:188} INFO - [2026-09-13T04:16:20.424+0000] {dag.py:3947} INFO - Setting next_dagrun for steam_analytics_daily to 2026-09-13 02:00:00+00:00, run_after=2026-09-14 02:00:00+00:00
[2026-09-13T04:16:20.438+0000] {processor.py:183} INFO - Processing /opt/airflow/dags/steam_analytics.py took 0.269 seconds
[2026-09-13T04:16:50.559+0000] {processor.py:161} INFO - Started process (PID=1410) to work on /opt/airflow/dags/steam_analytics.py
[2026-09-13T04:16:50.560+0000] {processor.py:830} INFO - Processing file /opt/airflow/dags/steam_analytics.py for tasks to queue
[2026-09-13T04:16:50.562+0000] {logging_mixin.py:188} INFO - [2026-09-13T04:16:50.561+0000] {dagbag.py:545} INFO - Filling up the DagBag from /opt/airflow/dags/steam_analytics.py
[2026-09-13T04:16:50.780+0000] {processor.py:840} INFO - DAG(s) 'steam_analytics_daily' retrieved from /opt/airflow/dags/steam_analytics.py
[2026-09-13T04:16:50.801+0000] {logging_mixin.py:188} INFO - [2026-09-13T04:16:50.801+0000] {dag.py:3089} INFO - Sync 1 DAGs
[2026-09-13T04:16:50.818+0000] {logging_mixin.py:188} INFO - [2026-09-13T04:16:50.818+0000] {dag.py:3947} INFO - Setting next_dagrun for steam_analytics_daily to 2026-09-13 02:00:00+00:00, run_after=2026-09-14 02:00:00+00:00
[2026-09-13T04:16:50.832+0000] {processor.py:183} INFO - Processing /opt/airflow/dags/steam_analytics.py took 0.277 seconds
[2026-09-13T04:17:20.951+0000] {processor.py:161} INFO - Started process (PID=1415) to work on /opt/airflow/dags/steam_analytics.py
[2026-09-13T04:17:20.952+0000] {processor.py:830} INFO - Processing file /opt/airflow/dags/steam_analytics.py for tasks to queue
[2026-09-13T04:17:20.953+0000] {logging_mixin.py:188} INFO - [2026-09-13T04:17:20.953+0000] {dagbag.py:545} INFO - Filling up the DagBag from /opt/airflow/dags/steam_analytics.py
[2026-09-13T04:17:21.167+0000] {processor.py:840} INFO - DAG(s) 'steam_analytics_daily' retrieved from /opt/airflow/dags/steam_analytics.py
[2026-09-13T04:17:21.188+0000] {logging_mixin.py:188} INFO - [2026-09-13T04:17:21.188+0000] {dag.py:3089} INFO - Sync 1 DAGs
[2026-09-13T04:17:21.205+0000] {logging_mixin.py:188} INFO - [2026-09-13T04:17:21.205+0000] {dag.py:3947} INFO - Setting next_dagrun for steam_analytics_daily to 2026-09-13 02:00:00+00:00, run_after=2026-09-14 02:00:00+00:00
[2026-09-13T04:17:21.220+0000] {processor.py:183} INFO - Processing /opt/airflow/dags/steam_analytics.py took 0.273 seconds
[2026-09-13T04:17:51.337+0000] {processor.py:161} INFO - Started process (PID=1420) to work on /opt/airflow/dags/steam_analytics.py
[2026-09-13T04:17:51.338+0000] {processor.py:830} INFO - Processing file /opt/airflow/dags/steam_analytics.py for tasks to queue
[2026-09-13T04:17:51.339+0000] {logging_mixin.py:188} INFO - [2026-09-13T04:17:51.338+0000] {dagbag.py:545} INFO - Filling up the DagBag from /opt/airflow/dags/steam_analytics.py
[2026-09-13T04:17:51.584+0000] {processor.py:840} INFO - DAG(s) 'steam_analytics_daily' retrieved from /opt/airflow/dags/steam_analytics.py
[2026-09-13T04:17:51.610+0000] {logging_mixin.py:188} INFO - [2026-09-13T04:17:51.609+0000] {dag.py:3089} INFO - Sync 1 DAGs
[2026-09-13T04:17:51.628+0000] {logging_mixin.py:188} INFO - [2026-09-13T04:17:51.628+0000] {dag.py:3947} INFO - Setting next_dagrun for steam_analytics_daily to 2026-09-13 02:00:00+00:00, run_after=2026-09-14 02:00:00+00:00
[2026-09-13T04:17:51.644+0000] {processor.py:183} INFO - Processing /opt/airflow/dags/steam_analytics.py took 0.311 seconds
[2026-09-13T04:18:21.769+0000] {processor.py:161} INFO - Started process (PID=1425) to work on /opt/airflow/dags/steam_analytics.py
[2026-09-13T04:18:21.770+0000] {processor.py:830} INFO - Processing file /opt/airflow/dags/steam_analytics.py for tasks to queue
[2026-09-13T04:18:21.771+0000] {logging_mixin.py:188} INFO - [2026-09-13T04:18:21.771+0000] {dagbag.py:545} INFO - Filling up the DagBag from /opt/airflow/dags/steam_analytics.py
[2026-09-13T04:18:21.991+0000] {processor.py:840} INFO - DAG(s) 'steam_analytics_daily' retrieved from /opt/airflow/dags/steam_analytics.py
[2026-09-13T04:18:22.014+0000] {logging_mixin.py:188} INFO - [2026-09-13T04:18:22.013+0000] {dag.py:3089} INFO - Sync 1 DAGs
[2026-09-13T04:18:22.030+0000] {logging_mixin.py:188} INFO - [2026-09-13T04:18:22.030+0000] {dag.py:3947} INFO - Setting next_dagrun for steam_analytics_daily to 2026-09-13 02:00:00+00:00, run_after=2026-09-14 02:00:00+00:00
[2026-09-13T04:18:22.044+0000] {processor.py:183} INFO - Processing /opt/airflow/dags/steam_analytics.py took 0.279 seconds
[2026-09-13T04:18:52.163+0000] {processor.py:161} INFO - Started process (PID=1430) to work on /opt/airflow/dags/steam_analytics.py
[2026-09-13T04:18:52.164+0000] {processor.py:830} INFO - Processing file /opt/airflow/dags/steam_analytics.py for tasks to queue
[2026-09-13T04:18:52.165+0000] {logging_mixin.py:188} INFO - [2026-09-13T04:18:52.165+0000] {dagbag.py:545} INFO - Filling up the DagBag from /opt/airflow/dags/steam_analytics.py
[2026-09-13T04:18:52.375+0000] {processor.py:840} INFO - DAG(s) 'steam_analytics_daily' retrieved from /opt/airflow/dags/steam_analytics.py
[2026-09-13T04:18:52.396+0000] {logging_mixin.py:188} INFO - [2026-09-13T04:18:52.396+0000] {dag.py:3089} INFO - Sync 1 DAGs
[2026-09-13T04:18:52.412+0000] {logging_mixin.py:188} INFO - [2026-09-13T04:18:52.412+0000] {dag.py:3947} INFO - Setting next_dagrun for steam_analytics_daily to 2026-09-13 02:00:00+00:00, run_after=2026-09-14 02:00:00+00:00
[2026-09-13T04:18:52.426+0000] {processor.py:183} INFO - Processing /opt/airflow/dags/steam_analytics.py took 0.267 seconds
[2026-09-13T04:19:22.545+0000] {processor.py:161} INFO - Started process (PID=1435) to work on /opt/airflow/dags/steam_analytics.py
[2026-09-13T04:19:22.546+0000] {processor.py:830} INFO - Processing file /opt/airflow/dags/steam_analytics.py for tasks to queue
[2026-09-13T04:19:22.547+0000] {logging_mixin.py:188} INFO - [2026-09-13T04:19:22.547+0000] {dagbag.py:545} INFO - Filling up the DagBag from /opt/airflow/dags/steam_analytics.py
[2026-09-13T04:19:22.769+0000] {processor.py:840} INFO - DAG(s) 'steam_analytics_daily' retrieved from /opt/airflow/dags/steam_analytics.py
[2026-09-13T04:19:22.790+0000] {logging_mixin.py:188} INFO - [2026-09-13T04:19:22.790+0000] {dag.py:3089} INFO - Sync 1 DAGs
[2026-09-13T04:19:22.806+0000] {logging_mixin.py:188} INFO - [2026-09-13T04:19:22.806+0000] {dag.py:3947} INFO - Setting next_dagrun for steam_analytics_daily to 2026-09-13 02:00:00+00:00, run_after=2026-09-14 02:00:00+00:00
[2026-09-13T04:19:22.821+0000] {processor.py:183} INFO - Processing /opt/airflow/dags/steam_analytics.py took 0.280 seconds
[2026-09-13T04:19:52.941+0000] {processor.py:161} INFO - Started process (PID=1440) to work on /opt/airflow/dags/steam_analytics.py
[2026-09-13T04:19:52.942+0000] {processor.py:830} INFO - Processing file /opt/airflow/dags/steam_analytics.py for tasks to queue
[2026-09-13T04:19:52.943+0000] {logging_mixin.py:188} INFO - [2026-09-13T04:19:52.943+0000] {dagbag.py:545} INFO - Filling up the DagBag from /opt/airflow/dags/steam_analytics.py
[2026-09-13T04:19:53.153+0000] {processor.py:840} INFO - DAG(s) 'steam_analytics_daily' retrieved from /opt/airflow/dags/steam_analytics.py
[2026-09-13T04:19:53.175+0000] {logging_mixin.py:188} INFO - [2026-09-13T04:19:53.175+0000] {dag.py:3089} INFO - Sync 1 DAGs
[2026-09-13T04:19:53.191+0000] {logging_mixin.py:188} INFO - [2026-09-13T04:19:53.191+0000] {dag.py:3947} INFO - Setting next_dagrun for steam_analytics_daily to 2026-09-13 02:00:00+00:00, run_after=2026-09-14 02:00:00+00:00
[2026-09-13T04:19:53.204+0000] {processor.py:183} INFO - Processing /opt/airflow/dags/steam_analytics.py took 0.267 seconds
[2026-09-13T04:20:23.327+0000] {processor.py:161} INFO - Started process (PID=1445) to work on /opt/airflow/dags/steam_analytics.py
[2026-09-13T04:20:23.328+0000] {processor.py:830} INFO - Processing file /opt/airflow/dags/steam_analytics.py for tasks to queue
[2026-09-13T04:20:23.330+0000] {logging_mixin.py:188} INFO - [2026-09-13T04:20:23.329+0000] {dagbag.py:545} INFO - Filling up the DagBag from /opt/airflow/dags/steam_analytics.py
[2026-09-13T04:20:23.541+0000] {processor.py:840} INFO - DAG(s) 'steam_analytics_daily' retrieved from /opt/airflow/dags/steam_analytics.py
[2026-09-13T04:20:23.562+0000] {logging_mixin.py:188} INFO - [2026-09-13T04:20:23.562+0000] {dag.py:3089} INFO - Sync 1 DAGs
[2026-09-13T04:20:23.579+0000] {logging_mixin.py:188} INFO - [2026-09-13T04:20:23.579+0000] {dag.py:3947} INFO - Setting next_dagrun for steam_analytics_daily to 2026-09-13 02:00:00+00:00, run_after=2026-09-14 02:00:00+00:00
[2026-09-13T04:20:23.593+0000] {processor.py:183} INFO - Processing /opt/airflow/dags/steam_analytics.py took 0.270 seconds
[2026-09-13T04:20:53.715+0000] {processor.py:161} INFO - Started process (PID=1450) to work on /opt/airflow/dags/steam_analytics.py
[2026-09-13T04:20:53.716+0000] {processor.py:830} INFO - Processing file /opt/airflow/dags/steam_analytics.py for tasks to queue
[2026-09-13T04:20:53.717+0000] {logging_mixin.py:188} INFO - [2026-09-13T04:20:53.717+0000] {dagbag.py:545} INFO - Filling up the DagBag from /opt/airflow/dags/steam_analytics.py
[2026-09-13T04:20:53.959+0000] {processor.py:840} INFO - DAG(s) 'steam_analytics_daily' retrieved from /opt/airflow/dags/steam_analytics.py
[2026-09-13T04:20:53.982+0000] {logging_mixin.py:188} INFO - [2026-09-13T04:20:53.982+0000] {dag.py:3089} INFO - Sync 1 DAGs
[2026-09-13T04:20:53.999+0000] {logging_mixin.py:188} INFO - [2026-09-13T04:20:53.998+0000] {dag.py:3947} INFO - Setting next_dagrun for steam_analytics_daily to 2026-09-13 02:00:00+00:00, run_after=2026-09-14 02:00:00+00:00
[2026-09-13T04:20:54.014+0000] {processor.py:183} INFO - Processing /opt/airflow/dags/steam_analytics.py took 0.303 seconds
[2026-09-13T04:21:24.138+0000] {processor.py:161} INFO - Started process (PID=1455) to work on /opt/airflow/dags/steam_analytics.py
[2026-09-13T04:21:24.138+0000] {processor.py:830} INFO - Processing file /opt/airflow/dags/steam_analytics.py for tasks to queue
[2026-09-13T04:21:24.140+0000] {logging_mixin.py:188} INFO - [2026-09-13T04:21:24.139+0000] {dagbag.py:545} INFO - Filling up the DagBag from /opt/airflow/dags/steam_analytics.py
[2026-09-13T04:21:24.354+0000] {processor.py:840} INFO - DAG(s) 'steam_analytics_daily' retrieved from /opt/airflow/dags/steam_analytics.py
[2026-09-13T04:21:24.375+0000] {logging_mixin.py:188} INFO - [2026-09-13T04:21:24.375+0000] {dag.py:3089} INFO - Sync 1 DAGs
[2026-09-13T04:21:24.391+0000] {logging_mixin.py:188} INFO - [2026-09-13T04:21:24.391+0000] {dag.py:3947} INFO - Setting next_dagrun for steam_analytics_daily to 2026-09-13 02:00:00+00:00, run_after=2026-09-14 02:00:00+00:00
[2026-09-13T04:21:24.406+0000] {processor.py:183} INFO - Processing /opt/airflow/dags/steam_analytics.py took 0.272 seconds
[2026-09-13T04:21:54.532+0000] {processor.py:161} INFO - Started process (PID=1460) to work on /opt/airflow/dags/steam_analytics.py
[2026-09-13T04:21:54.533+0000] {processor.py:830} INFO - Processing file /opt/airflow/dags/steam_analytics.py for tasks to queue
[2026-09-13T04:21:54.534+0000] {logging_mixin.py:188} INFO - [2026-09-13T04:21:54.534+0000] {dagbag.py:545} INFO - Filling up the DagBag from /opt/airflow/dags/steam_analytics.py
[2026-09-13T04:21:54.757+0000] {processor.py:840} INFO - DAG(s) 'steam_analytics_daily' retrieved from /opt/airflow/dags/steam_analytics.py
[2026-09-13T04:21:54.778+0000] {logging_mixin.py:188} INFO - [2026-09-13T04:21:54.778+0000] {dag.py:3089} INFO - Sync 1 DAGs
[2026-09-13T04:21:54.795+0000] {logging_mixin.py:188} INFO - [2026-09-13T04:21:54.795+0000] {dag.py:3947} INFO - Setting next_dagrun for steam_analytics_daily to 2026-09-13 02:00:00+00:00, run_after=2026-09-14 02:00:00+00:00
[2026-09-13T04:21:54.809+0000] {processor.py:183} INFO - Processing /opt/airflow/dags/steam_analytics.py took 0.281 seconds
[2026-09-13T04:22:24.925+0000] {processor.py:161} INFO - Started process (PID=1465) to work on /opt/airflow/dags/steam_analytics.py
[2026-09-13T04:22:24.925+0000] {processor.py:830} INFO - Processing file /opt/airflow/dags/steam_analytics.py for tasks to queue
[2026-09-13T04:22:24.927+0000] {logging_mixin.py:188} INFO - [2026-09-13T04:22:24.926+0000] {dagbag.py:545} INFO - Filling up the DagBag from /opt/airflow/dags/steam_analytics.py
[2026-09-13T04:22:25.143+0000] {processor.py:840} INFO - DAG(s) 'steam_analytics_daily' retrieved from /opt/airflow/dags/steam_analytics.py
[2026-09-13T04:22:25.165+0000] {logging_mixin.py:188} INFO - [2026-09-13T04:22:25.164+0000] {dag.py:3089} INFO - Sync 1 DAGs
[2026-09-13T04:22:25.182+0000] {logging_mixin.py:188} INFO - [2026-09-13T04:22:25.181+0000] {dag.py:3947} INFO - Setting next_dagrun for steam_analytics_daily to 2026-09-13 02:00:00+00:00, run_after=2026-09-14 02:00:00+00:00
[2026-09-13T04:22:25.196+0000] {processor.py:183} INFO - Processing /opt/airflow/dags/steam_analytics.py took 0.275 seconds
[2026-09-13T04:22:55.317+0000] {processor.py:161} INFO - Started process (PID=1470) to work on /opt/airflow/dags/steam_analytics.py
[2026-09-13T04:22:55.317+0000] {processor.py:830} INFO - Processing file /opt/airflow/dags/steam_analytics.py for tasks to queue
[2026-09-13T04:22:55.319+0000] {logging_mixin.py:188} INFO - [2026-09-13T04:22:55.318+0000] {dagbag.py:545} INFO - Filling up the DagBag from /opt/airflow/dags/steam_analytics.py
[2026-09-13T04:22:55.531+0000] {processor.py:840} INFO - DAG(s) 'steam_analytics_daily' retrieved from /opt/airflow/dags/steam_analytics.py
[2026-09-13T04:22:55.554+0000] {logging_mixin.py:188} INFO - [2026-09-13T04:22:55.553+0000] {dag.py:3089} INFO - Sync 1 DAGs
[2026-09-13T04:22:55.570+0000] {logging_mixin.py:188} INFO - [2026-09-13T04:22:55.570+0000] {dag.py:3947} INFO - Setting next_dagrun for steam_analytics_daily to 2026-09-13 02:00:00+00:00, run_after=2026-09-14 02:00:00+00:00
[2026-09-13T04:22:55.584+0000] {processor.py:183} INFO - Processing /opt/airflow/dags/steam_analytics.py took 0.271 seconds
[2026-09-13T04:23:25.709+0000] {processor.py:161} INFO - Started process (PID=1475) to work on /opt/airflow/dags/steam_analytics.py
[2026-09-13T04:23:25.709+0000] {processor.py:830} INFO - Processing file /opt/airflow/dags/steam_analytics.py for tasks to queue
[2026-09-13T04:23:25.711+0000] {logging_mixin.py:188} INFO - [2026-09-13T04:23:25.711+0000] {dagbag.py:545} INFO - Filling up the DagBag from /opt/airflow/dags/steam_analytics.py
[2026-09-13T04:23:25.931+0000] {processor.py:840} INFO - DAG(s) 'steam_analytics_daily' retrieved from /opt/airflow/dags/steam_analytics.py
[2026-09-13T04:23:25.953+0000] {logging_mixin.py:188} INFO - [2026-09-13T04:23:25.953+0000] {dag.py:3089} INFO - Sync 1 DAGs
[2026-09-13T04:23:25.969+0000] {logging_mixin.py:188} INFO - [2026-09-13T04:23:25.969+0000] {dag.py:3947} INFO - Setting next_dagrun for steam_analytics_daily to 2026-09-13 02:00:00+00:00, run_after=2026-09-14 02:00:00+00:00
[2026-09-13T04:23:25.983+0000] {processor.py:183} INFO - Processing /opt/airflow/dags/steam_analytics.py took 0.278 seconds
[2026-09-13T04:23:56.103+0000] {processor.py:161} INFO - Started process (PID=1480) to work on /opt/airflow/dags/steam_analytics.py
[2026-09-13T04:23:56.104+0000] {processor.py:830} INFO - Processing file /opt/airflow/dags/steam_analytics.py for tasks to queue
[2026-09-13T04:23:56.105+0000] {logging_mixin.py:188} INFO - [2026-09-13T04:23:56.105+0000] {dagbag.py:545} INFO - Filling up the DagBag from /opt/airflow/dags/steam_analytics.py
[2026-09-13T04:23:56.319+0000] {processor.py:840} INFO - DAG(s) 'steam_analytics_daily' retrieved from /opt/airflow/dags/steam_analytics.py
[2026-09-13T04:23:56.340+0000] {logging_mixin.py:188} INFO - [2026-09-13T04:23:56.340+0000] {dag.py:3089} INFO - Sync 1 DAGs
[2026-09-13T04:23:56.357+0000] {logging_mixin.py:188} INFO - [2026-09-13T04:23:56.357+0000] {dag.py:3947} INFO - Setting next_dagrun for steam_analytics_daily to 2026-09-13 02:00:00+00:00, run_after=2026-09-14 02:00:00+00:00
[2026-09-13T04:23:56.372+0000] {processor.py:183} INFO - Processing /opt/airflow/dags/steam_analytics.py took 0.273 seconds
[2026-09-13T04:24:26.487+0000] {processor.py:161} INFO - Started process (PID=1485) to work on /opt/airflow/dags/steam_analytics.py
[2026-09-13T04:24:26.488+0000] {processor.py:830} INFO - Processing file /opt/airflow/dags/steam_analytics.py for tasks to queue
[2026-09-13T04:24:26.489+0000] {logging_mixin.py:188} INFO - [2026-09-13T04:24:26.489+0000] {dagbag.py:545} INFO - Filling up the DagBag from /opt/airflow/dags/steam_analytics.py
[2026-09-13T04:24:26.705+0000] {processor.py:840} INFO - DAG(s) 'steam_analytics_daily' retrieved from /opt/airflow/dags/steam_analytics.py
[2026-09-13T04:24:26.727+0000] {logging_mixin.py:188} INFO - [2026-09-13T04:24:26.727+0000] {dag.py:3089} INFO - Sync 1 DAGs
[2026-09-13T04:24:26.744+0000] {logging_mixin.py:188} INFO - [2026-09-13T04:24:26.743+0000] {dag.py:3947} INFO - Setting next_dagrun for steam_analytics_daily to 2026-09-13 02:00:00+00:00, run_after=2026-09-14 02:00:00+00:00
[2026-09-13T04:24:26.757+0000] {processor.py:183} INFO - Processing /opt/airflow/dags/steam_analytics.py took 0.274 seconds
[2026-09-13T04:24:56.897+0000] {processor.py:161} INFO - Started process (PID=1490) to work on /opt/airflow/dags/steam_analytics.py
[2026-09-13T04:24:56.898+0000] {processor.py:830} INFO - Processing file /opt/airflow/dags/steam_analytics.py for tasks to queue
[2026-09-13T04:24:56.899+0000] {logging_mixin.py:188} INFO - [2026-09-13T04:24:56.899+0000] {dagbag.py:545} INFO - Filling up the DagBag from /opt/airflow/dags/steam_analytics.py
[2026-09-13T04:24:57.117+0000] {processor.py:840} INFO - DAG(s) 'steam_analytics_daily' retrieved from /opt/airflow/dags/steam_analytics.py
[2026-09-13T04:24:57.139+0000] {logging_mixin.py:188} INFO - [2026-09-13T04:24:57.138+0000] {dag.py:3089} INFO - Sync 1 DAGs
[2026-09-13T04:24:57.156+0000] {logging_mixin.py:188} INFO - [2026-09-13T04:24:57.155+0000] {dag.py:3947} INFO - Setting next_dagrun for steam_analytics_daily to 2026-09-13 02:00:00+00:00, run_after=2026-09-14 02:00:00+00:00
[2026-09-13T04:24:57.169+0000] {processor.py:183} INFO - Processing /opt/airflow/dags/steam_analytics.py took 0.276 seconds
[2026-09-13T04:25:27.293+0000] {processor.py:161} INFO - Started process (PID=1495) to work on /opt/airflow/dags/steam_analytics.py
[2026-09-13T04:25:27.294+0000] {processor.py:830} INFO - Processing file /opt/airflow/dags/steam_analytics.py for tasks to queue
[2026-09-13T04:25:27.295+0000] {logging_mixin.py:188} INFO - [2026-09-13T04:25:27.295+0000] {dagbag.py:545} INFO - Filling up the DagBag from /opt/airflow/dags/steam_analytics.py
[2026-09-13T04:25:27.515+0000] {processor.py:840} INFO - DAG(s) 'steam_analytics_daily' retrieved from /opt/airflow/dags/steam_analytics.py
[2026-09-13T04:25:27.536+0000] {logging_mixin.py:188} INFO - [2026-09-13T04:25:27.536+0000] {dag.py:3089} INFO - Sync 1 DAGs
[2026-09-13T04:25:27.555+0000] {logging_mixin.py:188} INFO - [2026-09-13T04:25:27.555+0000] {dag.py:3947} INFO - Setting next_dagrun for steam_analytics_daily to 2026-09-13 02:00:00+00:00, run_after=2026-09-14 02:00:00+00:00
[2026-09-13T04:25:27.571+0000] {processor.py:183} INFO - Processing /opt/airflow/dags/steam_analytics.py took 0.282 seconds
[2026-09-13T04:25:57.692+0000] {processor.py:161} INFO - Started process (PID=1500) to work on /opt/airflow/dags/steam_analytics.py
[2026-09-13T04:25:57.692+0000] {processor.py:830} INFO - Processing file /opt/airflow/dags/steam_analytics.py for tasks to queue
[2026-09-13T04:25:57.694+0000] {logging_mixin.py:188} INFO - [2026-09-13T04:25:57.693+0000] {dagbag.py:545} INFO - Filling up the DagBag from /opt/airflow/dags/steam_analytics.py
[2026-09-13T04:25:57.924+0000] {processor.py:840} INFO - DAG(s) 'steam_analytics_daily' retrieved from /opt/airflow/dags/steam_analytics.py
[2026-09-13T04:25:57.947+0000] {logging_mixin.py:188} INFO - [2026-09-13T04:25:57.947+0000] {dag.py:3089} INFO - Sync 1 DAGs
[2026-09-13T04:25:57.965+0000] {logging_mixin.py:188} INFO - [2026-09-13T04:25:57.965+0000] {dag.py:3947} INFO - Setting next_dagrun for steam_analytics_daily to 2026-09-13 02:00:00+00:00, run_after=2026-09-14 02:00:00+00:00
[2026-09-13T04:25:57.981+0000] {processor.py:183} INFO - Processing /opt/airflow/dags/steam_analytics.py took 0.293 seconds
[2026-09-13T04:26:28.107+0000] {processor.py:161} INFO - Started process (PID=1505) to work on /opt/airflow/dags/steam_analytics.py
[2026-09-13T04:26:28.107+0000] {processor.py:830} INFO - Processing file /opt/airflow/dags/steam_analytics.py for tasks to queue
[2026-09-13T04:26:28.108+0000] {logging_mixin.py:188} INFO - [2026-09-13T04:26:28.108+0000] {dagbag.py:545} INFO - Filling up the DagBag from /opt/airflow/dags/steam_analytics.py
[2026-09-13T04:26:28.333+0000] {processor.py:840} INFO - DAG(s) 'steam_analytics_daily' retrieved from /opt/airflow/dags/steam_analytics.py
[2026-09-13T04:26:28.356+0000] {logging_mixin.py:188} INFO - [2026-09-13T04:26:28.356+0000] {dag.py:3089} INFO - Sync 1 DAGs
[2026-09-13T04:26:28.374+0000] {logging_mixin.py:188} INFO - [2026-09-13T04:26:28.374+0000] {dag.py:3947} INFO - Setting next_dagrun for steam_analytics_daily to 2026-09-13 02:00:00+00:00, run_after=2026-09-14 02:00:00+00:00
[2026-09-13T04:26:28.387+0000] {processor.py:183} INFO - Processing /opt/airflow/dags/steam_analytics.py took 0.285 seconds
[2026-09-13T04:26:58.505+0000] {processor.py:161} INFO - Started process (PID=1510) to work on /opt/airflow/dags/steam_analytics.py
[2026-09-13T04:26:58.506+0000] {processor.py:830} INFO - Processing file /opt/airflow/dags/steam_analytics.py for tasks to queue
[2026-09-13T04:26:58.507+0000] {logging_mixin.py:188} INFO - [2026-09-13T04:26:58.507+0000] {dagbag.py:545} INFO - Filling up the DagBag from /opt/airflow/dags/steam_analytics.py
[2026-09-13T04:26:58.726+0000] {processor.py:840} INFO - DAG(s) 'steam_analytics_daily' retrieved from /opt/airflow/dags/steam_analytics.py
[2026-09-13T04:26:58.748+0000] {logging_mixin.py:188} INFO - [2026-09-13T04:26:58.747+0000] {dag.py:3089} INFO - Sync 1 DAGs
[2026-09-13T04:26:58.763+0000] {logging_mixin.py:188} INFO - [2026-09-13T04:26:58.763+0000] {dag.py:3947} INFO - Setting next_dagrun for steam_analytics_daily to 2026-09-13 02:00:00+00:00, run_after=2026-09-14 02:00:00+00:00
[2026-09-13T04:26:58.777+0000] {processor.py:183} INFO - Processing /opt/airflow/dags/steam_analytics.py took 0.275 seconds
[2026-09-13T04:27:28.902+0000] {processor.py:161} INFO - Started process (PID=1515) to work on /opt/airflow/dags/steam_analytics.py
[2026-09-13T04:27:28.902+0000] {processor.py:830} INFO - Processing file /opt/airflow/dags/steam_analytics.py for tasks to queue
[2026-09-13T04:27:28.904+0000] {logging_mixin.py:188} INFO - [2026-09-13T04:27:28.903+0000] {dagbag.py:545} INFO - Filling up the DagBag from /opt/airflow/dags/steam_analytics.py
[2026-09-13T04:27:29.125+0000] {processor.py:840} INFO - DAG(s) 'steam_analytics_daily' retrieved from /opt/airflow/dags/steam_analytics.py
[2026-09-13T04:27:29.146+0000] {logging_mixin.py:188} INFO - [2026-09-13T04:27:29.146+0000] {dag.py:3089} INFO - Sync 1 DAGs
[2026-09-13T04:27:29.162+0000] {logging_mixin.py:188} INFO - [2026-09-13T04:27:29.162+0000] {dag.py:3947} INFO - Setting next_dagrun for steam_analytics_daily to 2026-09-13 02:00:00+00:00, run_after=2026-09-14 02:00:00+00:00
[2026-09-13T04:27:29.176+0000] {processor.py:183} INFO - Processing /opt/airflow/dags/steam_analytics.py took 0.278 seconds
[2026-09-13T04:27:59.302+0000] {processor.py:161} INFO - Started process (PID=1520) to work on /opt/airflow/dags/steam_analytics.py
[2026-09-13T04:27:59.303+0000] {processor.py:830} INFO - Processing file /opt/airflow/dags/steam_analytics.py for tasks to queue
[2026-09-13T04:27:59.304+0000] {logging_mixin.py:188} INFO - [2026-09-13T04:27:59.304+0000] {dagbag.py:545} INFO - Filling up the DagBag from /opt/airflow/dags/steam_analytics.py
[2026-09-13T04:27:59.519+0000] {processor.py:840} INFO - DAG(s) 'steam_analytics_daily' retrieved from /opt/airflow/dags/steam_analytics.py
[2026-09-13T04:27:59.540+0000] {logging_mixin.py:188} INFO - [2026-09-13T04:27:59.540+0000] {dag.py:3089} INFO - Sync 1 DAGs
[2026-09-13T04:27:59.556+0000] {logging_mixin.py:188} INFO - [2026-09-13T04:27:59.556+0000] {dag.py:3947} INFO - Setting next_dagrun for steam_analytics_daily to 2026-09-13 02:00:00+00:00, run_after=2026-09-14 02:00:00+00:00
[2026-09-13T04:27:59.570+0000] {processor.py:183} INFO - Processing /opt/airflow/dags/steam_analytics.py took 0.274 seconds
[2026-09-13T04:28:29.688+0000] {processor.py:161} INFO - Started process (PID=1525) to work on /opt/airflow/dags/steam_analytics.py
[2026-09-13T04:28:29.689+0000] {processor.py:830} INFO - Processing file /opt/airflow/dags/steam_analytics.py for tasks to queue
[2026-09-13T04:28:29.690+0000] {logging_mixin.py:188} INFO - [2026-09-13T04:28:29.690+0000] {dagbag.py:545} INFO - Filling up the DagBag from /opt/airflow/dags/steam_analytics.py
[2026-09-13T04:28:29.915+0000] {processor.py:840} INFO - DAG(s) 'steam_analytics_daily' retrieved from /opt/airflow/dags/steam_analytics.py
[2026-09-13T04:28:29.937+0000] {logging_mixin.py:188} INFO - [2026-09-13T04:28:29.937+0000] {dag.py:3089} INFO - Sync 1 DAGs
[2026-09-13T04:28:29.955+0000] {logging_mixin.py:188} INFO - [2026-09-13T04:28:29.955+0000] {dag.py:3947} INFO - Setting next_dagrun for steam_analytics_daily to 2026-09-13 02:00:00+00:00, run_after=2026-09-14 02:00:00+00:00
[2026-09-13T04:28:29.969+0000] {processor.py:183} INFO - Processing /opt/airflow/dags/steam_analytics.py took 0.285 seconds
[2026-09-13T04:29:00.091+0000] {processor.py:161} INFO - Started process (PID=1530) to work on /opt/airflow/dags/steam_analytics.py
[2026-09-13T04:29:00.091+0000] {processor.py:830} INFO - Processing file /opt/airflow/dags/steam_analytics.py for tasks to queue
[2026-09-13T04:29:00.093+0000] {logging_mixin.py:188} INFO - [2026-09-13T04:29:00.092+0000] {dagbag.py:545} INFO - Filling up the DagBag from /opt/airflow/dags/steam_analytics.py
[2026-09-13T04:29:00.315+0000] {processor.py:840} INFO - DAG(s) 'steam_analytics_daily' retrieved from /opt/airflow/dags/steam_analytics.py
[2026-09-13T04:29:00.336+0000] {logging_mixin.py:188} INFO - [2026-09-13T04:29:00.336+0000] {dag.py:3089} INFO - Sync 1 DAGs
[2026-09-13T04:29:00.353+0000] {logging_mixin.py:188} INFO - [2026-09-13T04:29:00.352+0000] {dag.py:3947} INFO - Setting next_dagrun for steam_analytics_daily to 2026-09-13 02:00:00+00:00, run_after=2026-09-14 02:00:00+00:00
[2026-09-13T04:29:00.366+0000] {processor.py:183} INFO - Processing /opt/airflow/dags/steam_analytics.py took 0.279 seconds
[2026-09-13T04:29:30.487+0000] {processor.py:161} INFO - Started process (PID=1535) to work on /opt/airflow/dags/steam_analytics.py
[2026-09-13T04:29:30.488+0000] {processor.py:830} INFO - Processing file /opt/airflow/dags/steam_analytics.py for tasks to queue
[2026-09-13T04:29:30.489+0000] {logging_mixin.py:188} INFO - [2026-09-13T04:29:30.489+0000] {dagbag.py:545} INFO - Filling up the DagBag from /opt/airflow/dags/steam_analytics.py
[2026-09-13T04:29:30.727+0000] {processor.py:840} INFO - DAG(s) 'steam_analytics_daily' retrieved from /opt/airflow/dags/steam_analytics.py
[2026-09-13T04:29:30.749+0000] {logging_mixin.py:188} INFO - [2026-09-13T04:29:30.749+0000] {dag.py:3089} INFO - Sync 1 DAGs
[2026-09-13T04:29:30.765+0000] {logging_mixin.py:188} INFO - [2026-09-13T04:29:30.765+0000] {dag.py:3947} INFO - Setting next_dagrun for steam_analytics_daily to 2026-09-13 02:00:00+00:00, run_after=2026-09-14 02:00:00+00:00
[2026-09-13T04:29:30.778+0000] {processor.py:183} INFO - Processing /opt/airflow/dags/steam_analytics.py took 0.295 seconds
[2026-09-13T04:30:00.920+0000] {processor.py:161} INFO - Started process (PID=1540) to work on /opt/airflow/dags/steam_analytics.py
[2026-09-13T04:30:00.921+0000] {processor.py:830} INFO - Processing file /opt/airflow/dags/steam_analytics.py for tasks to queue
[2026-09-13T04:30:00.922+0000] {logging_mixin.py:188} INFO - [2026-09-13T04:30:00.922+0000] {dagbag.py:545} INFO - Filling up the DagBag from /opt/airflow/dags/steam_analytics.py
[2026-09-13T04:30:01.134+0000] {processor.py:840} INFO - DAG(s) 'steam_analytics_daily' retrieved from /opt/airflow/dags/steam_analytics.py
[2026-09-13T04:30:01.155+0000] {logging_mixin.py:188} INFO - [2026-09-13T04:30:01.155+0000] {dag.py:3089} INFO - Sync 1 DAGs
[2026-09-13T04:30:01.171+0000] {logging_mixin.py:188} INFO - [2026-09-13T04:30:01.171+0000] {dag.py:3947} INFO - Setting next_dagrun for steam_analytics_daily to 2026-09-13 02:00:00+00:00, run_after=2026-09-14 02:00:00+00:00
[2026-09-13T04:30:01.185+0000] {processor.py:183} INFO - Processing /opt/airflow/dags/steam_analytics.py took 0.269 seconds
[2026-09-13T04:30:31.307+0000] {processor.py:161} INFO - Started process (PID=1545) to work on /opt/airflow/dags/steam_analytics.py
[2026-09-13T04:30:31.307+0000] {processor.py:830} INFO - Processing file /opt/airflow/dags/steam_analytics.py for tasks to queue
[2026-09-13T04:30:31.309+0000] {logging_mixin.py:188} INFO - [2026-09-13T04:30:31.309+0000] {dagbag.py:545} INFO - Filling up the DagBag from /opt/airflow/dags/steam_analytics.py
[2026-09-13T04:30:31.529+0000] {processor.py:840} INFO - DAG(s) 'steam_analytics_daily' retrieved from /opt/airflow/dags/steam_analytics.py
[2026-09-13T04:30:31.551+0000] {logging_mixin.py:188} INFO - [2026-09-13T04:30:31.550+0000] {dag.py:3089} INFO - Sync 1 DAGs
[2026-09-13T04:30:31.568+0000] {logging_mixin.py:188} INFO - [2026-09-13T04:30:31.567+0000] {dag.py:3947} INFO - Setting next_dagrun for steam_analytics_daily to 2026-09-13 02:00:00+00:00, run_after=2026-09-14 02:00:00+00:00
[2026-09-13T04:30:31.582+0000] {processor.py:183} INFO - Processing /opt/airflow/dags/steam_analytics.py took 0.279 seconds
[2026-09-13T04:31:01.702+0000] {processor.py:161} INFO - Started process (PID=1550) to work on /opt/airflow/dags/steam_analytics.py
[2026-09-13T04:31:01.703+0000] {processor.py:830} INFO - Processing file /opt/airflow/dags/steam_analytics.py for tasks to queue
[2026-09-13T04:31:01.704+0000] {logging_mixin.py:188} INFO - [2026-09-13T04:31:01.704+0000] {dagbag.py:545} INFO - Filling up the DagBag from /opt/airflow/dags/steam_analytics.py
[2026-09-13T04:31:01.917+0000] {processor.py:840} INFO - DAG(s) 'steam_analytics_daily' retrieved from /opt/airflow/dags/steam_analytics.py
[2026-09-13T04:31:01.939+0000] {logging_mixin.py:188} INFO - [2026-09-13T04:31:01.939+0000] {dag.py:3089} INFO - Sync 1 DAGs
[2026-09-13T04:31:01.955+0000] {logging_mixin.py:188} INFO - [2026-09-13T04:31:01.955+0000] {dag.py:3947} INFO - Setting next_dagrun for steam_analytics_daily to 2026-09-13 02:00:00+00:00, run_after=2026-09-14 02:00:00+00:00
[2026-09-13T04:31:01.969+0000] {processor.py:183} INFO - Processing /opt/airflow/dags/steam_analytics.py took 0.270 seconds
