[2026-09-08T12:43:31.511+0000] {local_task_job_runner.py:120} INFO - ::group::Pre task execution logs
[2026-09-08T12:43:31.543+0000] {taskinstance.py:2076} INFO - Dependencies all met for dep_context=non-requeueable deps ti=<TaskInstance: steam_analytics_daily.process_new_games_and_dimensions scheduled__2026-09-07T02:00:00+00:00 [queued]>
[2026-09-08T12:43:31.551+0000] {taskinstance.py:2076} INFO - Dependencies all met for dep_context=requeueable deps ti=<TaskInstance: steam_analytics_daily.process_new_games_and_dimensions scheduled__2026-09-07T02:00:00+00:00 [queued]>
[2026-09-08T12:43:31.551+0000] {taskinstance.py:2306} INFO - Starting attempt 1 of 2
[2026-09-08T12:43:31.562+0000] {taskinstance.py:2330} INFO - Executing <Task(_PythonDecoratedOperator): process_new_games_and_dimensions> on 2026-09-07 02:00:00+00:00
[2026-09-08T12:43:31.569+0000] {logging_mixin.py:188} WARNING - /home/***/.local/lib/python3.12/site-packages/***/task/task_runner/standard_task_runner.py:62 DeprecationWarning: This process (pid=770) is multi-threaded, use of fork() may lead to deadlocks in the child.
[2026-09-08T12:43:31.570+0000] {standard_task_runner.py:64} INFO - Started process 771 to run task
[2026-09-08T12:43:31.569+0000] {standard_task_runner.py:90} INFO - Running: ['***', 'tasks', 'run', 'steam_analytics_daily', 'process_new_games_and_dimensions', 'scheduled__2026-09-07T02:00:00+00:00', '--job-id', '4', '--raw', '--subdir', 'DAGS_FOLDER/steam_analytics.py', '--cfg-path', '/tmp/tmpn9ptmiby']
[2026-09-08T12:43:31.571+0000] {standard_task_runner.py:91} INFO - Job 4: Subtask process_new_games_and_dimensions
[2026-09-08T12:43:31.613+0000] {task_command.py:426} INFO - Running <TaskInstance: steam_analytics_daily.process_new_games_and_dimensions scheduled__2026-09-07T02:00:00+00:00 [running]> on host d6ba0ff7b234
[2026-09-08T12:43:31.691+0000] {taskinstance.py:2648} INFO - Exporting env vars: AIRFLOW_CTX_DAG_OWNER='data_engineer' AIRFLOW_CTX_DAG_ID='steam_analytics_daily' AIRFLOW_CTX_TASK_ID='process_new_games_and_dimensions' AIRFLOW_CTX_EXECUTION_DATE='2026-09-07T02:00:00+00:00' AIRFLOW_CTX_TRY_NUMBER='1' AIRFLOW_CTX_DAG_RUN_ID='scheduled__2026-09-07T02:00:00+00:00'
[2026-09-08T12:43:31.692+0000] {taskinstance.py:430} INFO - ::endgroup::
[2026-09-08T12:43:31.816+0000] {minio_client.py:91} INFO - Berhasil membaca 3000 record dari s3://steam-analytics/bronze/steamspy/2026-09-07/data.json
[2026-09-08T12:43:32.956+0000] {minio_client.py:91} INFO - Berhasil membaca 3000 record dari s3://steam-analytics/bronze/rawg/2026-09-07/data.json
[2026-09-08T12:43:32.964+0000] {crypto.py:82} WARNING - empty cryptography key - values will not be stored encrypted.
[2026-09-08T12:43:32.965+0000] {base.py:84} INFO - Using connection ID 'postgres_***' for task execution.
[2026-09-08T12:43:32.971+0000] {postgres.py:62} INFO - Ditemukan 0 appid yang sudah punya mapping
[2026-09-08T12:43:32.972+0000] {matching.py:69} INFO - Deteksi game baru: 3000 dari 3000 game hari ini belum punya mapping
[2026-09-08T12:43:32.973+0000] {steam_analytics.py:172} INFO - Game baru yang akan di-matching: 3000
[2026-09-08T12:43:32.974+0000] {matching.py:235} INFO - [730] Counter-Strike: Global Offensive -> Counter-Strike: Global Offensive (status=exact, score=100)
[2026-09-08T12:43:32.975+0000] {matching.py:235} INFO - [1172470] Apex Legends -> Apex Legends (status=exact, score=100)
[2026-09-08T12:43:32.975+0000] {matching.py:235} INFO - [578080] PUBG: BATTLEGROUNDS -> PUGB - Battlegrounds (status=high_confidence, score=94)
[2026-09-08T12:43:32.975+0000] {matching.py:235} INFO - [1623730] Palworld -> Palworld (status=exact, score=100)
[2026-09-08T12:43:32.976+0000] {matching.py:235} INFO - [440] Team Fortress 2 -> Team Fortress 2 (status=exact, score=100)
[2026-09-08T12:43:32.976+0000] {matching.py:235} INFO - [1938090] Call of Duty: Modern Warfare II -> Call of Duty: Modern Warfare II (status=exact, score=100)
[2026-09-08T12:43:32.977+0000] {matching.py:235} INFO - [1063730] New World: Aeternum -> Avernum 3: Ruined World (status=review, score=75)
[2026-09-08T12:43:32.977+0000] {matching.py:235} INFO - [2358720] Black Myth: Wukong -> Black Myth: Wukong (status=exact, score=100)
[2026-09-08T12:43:32.977+0000] {matching.py:235} INFO - [271590] Grand Theft Auto V Legacy -> Grand Theft Auto V (status=high_confidence, score=84)
[2026-09-08T12:43:32.978+0000] {matching.py:235} INFO - [550] Left 4 Dead 2 -> Left 4 Dead 2 (status=exact, score=100)
[2026-09-08T12:43:32.978+0000] {matching.py:235} INFO - [304930] Unturned -> Unturned (status=exact, score=100)
[2026-09-08T12:43:32.979+0000] {matching.py:235} INFO - [1599340] Lost Ark -> Lost Ark (status=exact, score=100)
[2026-09-08T12:43:32.979+0000] {matching.py:235} INFO - [236390] War Thunder -> War Thunder (status=exact, score=100)
[2026-09-08T12:43:32.979+0000] {matching.py:235} INFO - [2246340] Monster Hunter Wilds -> Monster Hunter Wilds (status=exact, score=100)
[2026-09-08T12:43:32.980+0000] {matching.py:235} INFO - [553850] HELLDIVERS 2 -> HELLDIVERS 2 (status=exact, score=100)
[2026-09-08T12:43:32.980+0000] {matching.py:235} INFO - [230410] Warframe -> Warframe (status=exact, score=100)
[2026-09-08T12:43:32.980+0000] {matching.py:235} INFO - [1245620] ELDEN RING -> Elden Ring (status=exact, score=100)
[2026-09-08T12:43:32.981+0000] {matching.py:235} INFO - [105600] Terraria -> Terraria (status=exact, score=100)
[2026-09-08T12:43:32.981+0000] {matching.py:235} INFO - [2694490] Path of Exile 2 -> Path of Exile 2 (status=exact, score=100)
[2026-09-08T12:43:32.982+0000] {matching.py:235} INFO - [431960] Wallpaper Engine -> Wallpaper Engine (status=exact, score=100)
[2026-09-08T12:43:32.982+0000] {matching.py:235} INFO - [1086940] Baldur's Gate 3 -> Baldur's Gate (status=high_confidence, score=92)
[2026-09-08T12:43:32.982+0000] {matching.py:235} INFO - [291550] Brawlhalla -> Brawlhalla (status=exact, score=100)
[2026-09-08T12:43:32.983+0000] {matching.py:235} INFO - [4000] Garry's Mod -> Garry's Mod (status=exact, score=100)
[2026-09-08T12:43:32.983+0000] {matching.py:235} INFO - [1085660] Destiny 2 -> Destiny 2 (status=exact, score=100)
[2026-09-08T12:43:32.984+0000] {matching.py:235} INFO - [359550] Tom Clancy's Rainbow Six Siege -> Tom Clancy's Rainbow Six Siege (status=exact, score=100)
[2026-09-08T12:43:32.984+0000] {matching.py:235} INFO - [252490] Rust -> Rust (status=exact, score=100)
[2026-09-08T12:43:32.984+0000] {matching.py:235} INFO - [552990] World of Warships -> World of Warships (status=exact, score=100)
[2026-09-08T12:43:32.985+0000] {matching.py:235} INFO - [346110] ARK: Survival Evolved -> ARK: Survival Evolved (status=exact, score=100)
[2026-09-08T12:43:32.985+0000] {matching.py:235} INFO - [413150] Stardew Valley -> Stardew Valley (status=exact, score=100)
[2026-09-08T12:43:32.985+0000] {matching.py:235} INFO - [242760] The Forest -> The Forest (status=exact, score=100)
[2026-09-08T12:43:32.986+0000] {matching.py:235} INFO - [1491000] War Robots: Frontiers -> War Robots: Frontiers (status=exact, score=100)
[2026-09-08T12:43:32.986+0000] {matching.py:235} INFO - [238960] Path of Exile -> Path of Exile (status=exact, score=100)
[2026-09-08T12:43:32.987+0000] {matching.py:235} INFO - [218620] PAYDAY 2 -> PAYDAY 2 (status=exact, score=100)
[2026-09-08T12:43:32.987+0000] {matching.py:235} INFO - [291480] Warface: Clutch -> Warface: Breakout (status=unmatched, score=67)
[2026-09-08T12:43:32.987+0000] {matching.py:235} INFO - [901583] Grand Theft Auto IV: Complete Edition -> Grand Theft Auto IV: Complete Edition (status=exact, score=100)
[2026-09-08T12:43:32.988+0000] {matching.py:235} INFO - [899770] Last Epoch -> Last Epoch (status=exact, score=100)
[2026-09-08T12:43:32.988+0000] {matching.py:235} INFO - [340] Half-Life 2: Lost Coast -> Half-Life 2: Lost Coast (status=exact, score=100)
[2026-09-08T12:43:32.988+0000] {matching.py:235} INFO - [1091500] Cyberpunk 2077 -> Cyberpunk 2077 (status=exact, score=100)
[2026-09-08T12:43:32.989+0000] {matching.py:235} INFO - [381210] Dead by Daylight -> Dead by Daylight (status=exact, score=100)
[2026-09-08T12:43:32.989+0000] {matching.py:235} INFO - [990080] Hogwarts Legacy -> Hogwarts Legacy (status=exact, score=100)
[2026-09-08T12:43:32.990+0000] {matching.py:235} INFO - [438100] VRChat -> VRChat (status=exact, score=100)
[2026-09-08T12:43:32.990+0000] {matching.py:235} INFO - [292030] The Witcher 3: Wild Hunt - Complete Edition -> The Witcher 3 Wild Hunt - Complete Edition (status=exact, score=100)
[2026-09-08T12:43:32.990+0000] {matching.py:235} INFO - [945360] Among Us -> Among Us (status=exact, score=100)
[2026-09-08T12:43:32.991+0000] {matching.py:235} INFO - [1097150] Fall Guys: Ultimate Knockout -> Fall Guys: Ultimate Knockout (status=exact, score=100)
[2026-09-08T12:43:32.991+0000] {matching.py:235} INFO - [49520] Borderlands 2 -> Borderlands 2 (status=exact, score=100)
[2026-09-08T12:43:32.991+0000] {matching.py:235} INFO - [227300] Euro Truck Simulator 2 -> Euro Truck Simulator 2 (status=exact, score=100)
[2026-09-08T12:43:32.992+0000] {matching.py:235} INFO - [892970] Valheim -> Valheim (status=exact, score=100)
[2026-09-08T12:43:32.992+0000] {matching.py:235} INFO - [739630] Phasmophobia -> Phasmophobia (status=exact, score=100)
[2026-09-08T12:43:32.993+0000] {matching.py:235} INFO - [444090] Paladins -> Paladins (status=exact, score=100)
[2026-09-08T12:43:32.993+0000] {matching.py:235} INFO - [1203220] NARAKA: BLADEPOINT -> Naraka Bladepoint (status=exact, score=100)
[2026-09-08T12:43:32.993+0000] {matching.py:235} INFO - [320] Half-Life 2: Deathmatch -> Half-Life 2: Deathmatch (status=exact, score=100)
[2026-09-08T12:43:32.994+0000] {matching.py:235} INFO - [70] Half-Life -> Half-Life (status=exact, score=100)
[2026-09-08T12:43:32.994+0000] {matching.py:235} INFO - [582010] Monster Hunter: World -> Monster Hunter: World (status=exact, score=100)
[2026-09-08T12:43:32.994+0000] {matching.py:235} INFO - [227940] Heroes & Generals -> Heroes & Generals (status=exact, score=100)
[2026-09-08T12:43:32.995+0000] {matching.py:235} INFO - [252950] Rocket League -> Rocket League (status=exact, score=100)
[2026-09-08T12:43:32.995+0000] {matching.py:235} INFO - [108600] Project Zomboid -> Project Zomboid (status=exact, score=100)
[2026-09-08T12:43:32.996+0000] {matching.py:235} INFO - [1966720] Lethal Company -> Lethal Company (status=exact, score=100)
[2026-09-08T12:43:32.996+0000] {matching.py:235} INFO - [1174180] Red Dead Redemption 2 -> Red Dead Redemption 2 (status=exact, score=100)
[2026-09-08T12:43:32.996+0000] {matching.py:235} INFO - [1517290] Battlefield 2042 -> Battlefield 2042 (status=exact, score=100)
[2026-09-08T12:43:32.997+0000] {matching.py:235} INFO - [1240440] Halo Infinite -> Halo Infinite (status=exact, score=100)
[2026-09-08T12:43:32.997+0000] {matching.py:235} INFO - [648800] Raft -> Raft (status=exact, score=100)
[2026-09-08T12:43:32.997+0000] {matching.py:235} INFO - [386360] SMITE -> SMITE (status=exact, score=100)
[2026-09-08T12:43:32.998+0000] {matching.py:235} INFO - [444200] World of Tanks Blitz -> World of Tanks Blitz (status=exact, score=100)
[2026-09-08T12:43:32.998+0000] {matching.py:235} INFO - [10] Counter-Strike -> Counter-Strike (status=exact, score=100)
[2026-09-08T12:43:32.999+0000] {matching.py:235} INFO - [240] Counter-Strike: Source -> Counter-Strike: Source (status=exact, score=100)
[2026-09-08T12:43:32.999+0000] {matching.py:235} INFO - [3164500] Schedule I -> Schedule I (status=exact, score=100)
[2026-09-08T12:43:32.999+0000] {matching.py:235} INFO - [755790] Ring of Elysium -> Ring of Elysium (status=exact, score=100)
[2026-09-08T12:43:33.000+0000] {matching.py:235} INFO - [400] Portal -> Portal (status=exact, score=100)
[2026-09-08T12:43:33.000+0000] {matching.py:235} INFO - [1222670] The Sims 4 -> The Sims 4 (status=exact, score=100)
[2026-09-08T12:43:33.000+0000] {matching.py:235} INFO - [550650] Black Squad -> Black Squad (status=exact, score=100)
[2026-09-08T12:43:33.001+0000] {matching.py:235} INFO - [322330] Don't Starve Together -> Don't Starve Together (status=exact, score=100)
[2026-09-08T12:43:33.001+0000] {matching.py:235} INFO - [239140] Dying Light -> Dying Light (status=exact, score=100)
[2026-09-08T12:43:33.002+0000] {matching.py:235} INFO - [477160] Human Fall Flat -> Human: Fall Flat (status=exact, score=100)
[2026-09-08T12:43:33.002+0000] {matching.py:235} INFO - [251570] 7 Days to Die -> 7 Days to Die (status=exact, score=100)
[2026-09-08T12:43:33.002+0000] {matching.py:235} INFO - [100] Counter-Strike: Condition Zero -> Counter-Strike: Condition Zero (status=exact, score=100)
[2026-09-08T12:43:33.003+0000] {matching.py:235} INFO - [1665460] eFootball -> eFootball 2022 (status=high_confidence, score=78)
[2026-09-08T12:43:33.003+0000] {matching.py:235} INFO - [417910] Street Warriors Online -> Street Warriors Online (status=exact, score=100)
[2026-09-08T12:43:33.003+0000] {matching.py:235} INFO - [433850] Z1 Battle Royale -> H1Z1: Battle Royale (status=high_confidence, score=76)
[2026-09-08T12:43:33.004+0000] {matching.py:235} INFO - [594650] Hunt: Showdown 1896 -> Hunt: Showdown (status=high_confidence, score=84)
[2026-09-08T12:43:33.004+0000] {matching.py:235} INFO - [814380] Sekiro: Shadows Die Twice - GOTY Edition -> Sekiro: Shadows Die Twice (status=high_confidence, score=79)
[2026-09-08T12:43:33.005+0000] {matching.py:235} INFO - [1116170] CyberCorp -> CyberCorp (status=exact, score=100)
[2026-09-08T12:43:33.005+0000] {matching.py:235} INFO - [220] Half-Life 2 -> Half-Life 2 (status=exact, score=100)
[2026-09-08T12:43:33.005+0000] {matching.py:235} INFO - [107410] Arma 3 -> Arma 3 (status=exact, score=100)
[2026-09-08T12:43:33.006+0000] {matching.py:235} INFO - [1326470] Sons Of The Forest -> Sons of the Forest (status=exact, score=100)
[2026-09-08T12:43:33.006+0000] {matching.py:235} INFO - [219990] Grim Dawn -> Grim Dawn (status=exact, score=100)
[2026-09-08T12:43:33.007+0000] {matching.py:235} INFO - [255710] Cities: Skylines -> Cities: Skylines (status=exact, score=100)
[2026-09-08T12:43:33.007+0000] {matching.py:235} INFO - [261550] Mount & Blade II: Bannerlord -> Mount & Blade II: Bannerlord (status=exact, score=100)
[2026-09-08T12:43:33.007+0000] {matching.py:235} INFO - [8930] Sid Meier's Civilization V -> Sid Meier's Civilization V (status=exact, score=100)
[2026-09-08T12:43:33.008+0000] {matching.py:235} INFO - [304050] Trove -> Trove (status=exact, score=100)
[2026-09-08T12:43:33.008+0000] {matching.py:235} INFO - [289070] Sid Meier’s Civilization VI -> Sid Meier’s Civilization VI (status=exact, score=100)
[2026-09-08T12:43:33.008+0000] {matching.py:235} INFO - [377160] Fallout 4 -> Fallout 4 (status=exact, score=100)
[2026-09-08T12:43:33.009+0000] {matching.py:235} INFO - [532210] Life is Strange 2 -> Life is Strange 2 (status=exact, score=100)
[2026-09-08T12:43:33.009+0000] {matching.py:235} INFO - [2186680] Warhammer 40,000: Rogue Trader -> Warhammer 40,000: Rogue Trader (status=exact, score=100)
[2026-09-08T12:43:33.010+0000] {matching.py:235} INFO - [1238810] Battlefield V -> Battlefield V (status=exact, score=100)
[2026-09-08T12:43:33.010+0000] {matching.py:235} INFO - [3241660] R.E.P.O. -> R.E.P.O. (status=exact, score=100)
[2026-09-08T12:43:33.011+0000] {matching.py:235} INFO - [221100] DayZ -> DayZ (status=exact, score=100)
[2026-09-08T12:43:33.011+0000] {matching.py:235} INFO - [526870] Satisfactory -> Satisfactory (status=exact, score=100)
[2026-09-08T12:43:33.011+0000] {matching.py:235} INFO - [1089350] NBA 2K20 -> NBA 2K20 (status=exact, score=100)
[2026-09-08T12:43:33.012+0000] {matching.py:235} INFO - [632360] Risk of Rain 2 -> Risk of Rain 2 (status=exact, score=100)
[2026-09-08T12:43:33.012+0000] {matching.py:235} INFO - [1811260] EA SPORTS FIFA 23 -> EA SPORTS FIFA 23 (status=exact, score=100)
[2026-09-08T12:43:33.012+0000] {matching.py:235} INFO - [204360] Castle Crashers -> Castle Crashers (status=exact, score=100)
[2026-09-08T12:43:33.013+0000] {matching.py:235} INFO - [218230] PlanetSide 2 -> PlanetSide 2 (status=exact, score=100)
[2026-09-08T12:43:33.013+0000] {matching.py:235} INFO - [72850] The Elder Scrolls V: Skyrim -> The Elder Scrolls V: Skyrim (status=exact, score=100)
[2026-09-08T12:43:33.014+0000] {matching.py:235} INFO - [394360] Hearts of Iron IV -> Hearts of Iron IV (status=exact, score=100)
[2026-09-08T12:43:33.014+0000] {matching.py:235} INFO - [489830] The Elder Scrolls V: Skyrim Special Edition -> The Elder Scrolls V: Skyrim Special Edition (status=exact, score=100)
[2026-09-08T12:43:33.014+0000] {matching.py:235} INFO - [322170] Geometry Dash -> Geometry Dash (status=exact, score=100)
[2026-09-08T12:43:33.015+0000] {matching.py:235} INFO - [1446780] MONSTER HUNTER RISE -> Monster Hunter Rise (status=exact, score=100)
[2026-09-08T12:43:33.015+0000] {matching.py:235} INFO - [224260] No More Room in Hell -> No More Room in Hell (status=exact, score=100)
[2026-09-08T12:43:33.015+0000] {matching.py:235} INFO - [203160] Tomb Raider Game of the Year -> Rise of the Tomb Raider (status=review, score=71)
[2026-09-08T12:43:33.016+0000] {matching.py:235} INFO - [275850] No Man's Sky -> No Man's Sky (status=exact, score=100)
[2026-09-08T12:43:33.016+0000] {matching.py:235} INFO - [367520] Hollow Knight -> Hollow Knight (status=exact, score=100)
[2026-09-08T12:43:33.017+0000] {matching.py:235} INFO - [301520] Robocraft -> Robocraft (status=exact, score=100)
[2026-09-08T12:43:33.017+0000] {matching.py:235} INFO - [767560] War Robots -> War Robots (status=exact, score=100)
[2026-09-08T12:43:33.017+0000] {matching.py:235} INFO - [2050650] Resident Evil 4 -> Resident Evil 4 (status=exact, score=100)
[2026-09-08T12:43:33.018+0000] {matching.py:235} INFO - [466240] Deceit -> Deceit (status=exact, score=100)
[2026-09-08T12:43:33.018+0000] {matching.py:235} INFO - [284160] BeamNG.drive -> BeamNG.drive (status=exact, score=100)
[2026-09-08T12:43:33.018+0000] {matching.py:235} INFO - [278360] A Story About My Uncle -> A Story About My Uncle (status=exact, score=100)
[2026-09-08T12:43:33.019+0000] {matching.py:235} INFO - [264710] Subnautica -> Subnautica (status=exact, score=100)
[2026-09-08T12:43:33.019+0000] {matching.py:235} INFO - [80] Counter-Strike: Condition Zero -> Counter-Strike: Condition Zero (status=exact, score=100)
[2026-09-08T12:43:33.020+0000] {matching.py:235} INFO - [370910] Kathy Rain -> Kathy Rain (status=exact, score=100)
[2026-09-08T12:43:33.020+0000] {matching.py:235} INFO - [40] Deathmatch Classic -> Deathmatch Classic (status=exact, score=100)
[2026-09-08T12:43:33.020+0000] {matching.py:235} INFO - [275390] Guacamelee! Super Turbo Championship Edition -> Guacamelee! Super Turbo Championship Edition (status=exact, score=100)
[2026-09-08T12:43:33.021+0000] {matching.py:235} INFO - [2881650] Content Warning -> Content Warning (status=exact, score=100)
[2026-09-08T12:43:33.021+0000] {matching.py:235} INFO - [311210] Call of Duty: Black Ops III -> Call of Duty: Black Ops III (status=exact, score=100)
[2026-09-08T12:43:33.021+0000] {matching.py:235} INFO - [333930] Dirty Bomb -> Dirty Bomb (status=exact, score=100)
[2026-09-08T12:43:33.022+0000] {matching.py:235} INFO - [1172620] Sea of Thieves: 2026 Edition -> Sea of Thieves 64 - RetroJam 2021 (status=unmatched, score=69)
[2026-09-08T12:43:33.022+0000] {matching.py:235} INFO - [22380] Fallout: New Vegas -> Fallout: New Vegas (status=exact, score=100)
[2026-09-08T12:43:33.023+0000] {matching.py:235} INFO - [250900] The Binding of Isaac: Rebirth -> The Binding of Isaac: Rebirth (status=exact, score=100)
[2026-09-08T12:43:33.023+0000] {matching.py:235} INFO - [700330] SCP: Secret Laboratory -> SCP: Secret Laboratory (status=exact, score=100)
[2026-09-08T12:43:33.023+0000] {matching.py:235} INFO - [10180] Call of Duty: Modern Warfare 2 (2009) -> Call of Duty: Modern Warfare 2 (status=high_confidence, score=92)
[2026-09-08T12:43:33.024+0000] {matching.py:235} INFO - [582660] Black Desert -> Black Desert Online (status=high_confidence, score=77)
[2026-09-08T12:43:33.024+0000] {matching.py:235} INFO - [1229490] ULTRAKILL -> Ultrakill (status=exact, score=100)
[2026-09-08T12:43:33.024+0000] {matching.py:235} INFO - [1046930] Dota Underlords -> Dota Underlords (status=exact, score=100)
[2026-09-08T12:43:33.025+0000] {matching.py:235} INFO - [1426210] It Takes Two -> It Takes Two (status=exact, score=100)
[2026-09-08T12:43:33.025+0000] {matching.py:235} INFO - [2195250] EA SPORTS FC 24 -> EA SPORTS FC 24 (status=exact, score=100)
[2026-09-08T12:43:33.025+0000] {matching.py:235} INFO - [2183900] Warhammer 40,000: Space Marine 2 -> Warhammer 40,000: Space Marine 2 (status=exact, score=100)
[2026-09-08T12:43:33.026+0000] {matching.py:235} INFO - [883710] Resident Evil 2 -> Resident Evil 2 (status=exact, score=100)
[2026-09-08T12:43:33.026+0000] {matching.py:235} INFO - [219640] Chivalry: Medieval Warfare -> Chivalry: Medieval Warfare (status=exact, score=100)
[2026-09-08T12:43:33.027+0000] {matching.py:235} INFO - [306130] The Elder Scrolls Online -> The Elder Scrolls Online (status=exact, score=100)
[2026-09-08T12:43:33.027+0000] {matching.py:235} INFO - [244210] Assetto Corsa -> Assetto Corsa (status=exact, score=100)
[2026-09-08T12:43:33.027+0000] {matching.py:235} INFO - [268500] XCOM 2 -> XCOM 2 (status=exact, score=100)
[2026-09-08T12:43:33.028+0000] {matching.py:235} INFO - [1794680] Vampire Survivors -> Vampire Survivors (status=exact, score=100)
[2026-09-08T12:43:33.028+0000] {matching.py:235} INFO - [1818750] MultiVersus -> MultiVersus (status=exact, score=100)
[2026-09-08T12:43:33.029+0000] {matching.py:235} INFO - [242050] Assassin’s Creed IV Black Flag -> Assassin’s Creed IV: Black Flag (status=exact, score=100)
[2026-09-08T12:43:33.029+0000] {matching.py:235} INFO - [30] Day of Defeat -> Day of Defeat (status=exact, score=100)
[2026-09-08T12:43:33.029+0000] {matching.py:235} INFO - [236850] Europa Universalis IV -> Europa Universalis IV (status=exact, score=100)
[2026-09-08T12:43:33.030+0000] {matching.py:235} INFO - [363970] Clicker Heroes -> Clicker Heroes (status=exact, score=100)
[2026-09-08T12:43:33.030+0000] {matching.py:235} INFO - [253710] theHunter Classic -> theHunter (status=high_confidence, score=69)
[2026-09-08T12:43:33.030+0000] {matching.py:235} INFO - [379720] DOOM -> DOOM (status=exact, score=100)
[2026-09-08T12:43:33.031+0000] {matching.py:235} INFO - [273350] Evolve Stage 2 -> Evolve Stage 2 (status=exact, score=100)
[2026-09-08T12:43:33.031+0000] {matching.py:235} INFO - [1782210] Crab Game -> Crab Game (status=exact, score=100)
[2026-09-08T12:43:33.031+0000] {matching.py:235} INFO - [844870] KurtzPel -> KurtzPel (status=exact, score=100)
[2026-09-08T12:43:33.032+0000] {matching.py:235} INFO - [601150] Devil May Cry 5 -> Devil May Cry 5 (status=exact, score=100)
[2026-09-08T12:43:33.032+0000] {matching.py:235} INFO - [1286830] STAR WARS: The Old Republic -> Star Wars: The Old Republic (status=exact, score=100)
[2026-09-08T12:43:33.033+0000] {matching.py:235} INFO - [365670] Blender -> Blender Bros. (status=high_confidence, score=74)
[2026-09-08T12:43:33.033+0000] {matching.py:235} INFO - [319630] Life is Strange - Episode 1 -> Life is Strange 2 - Episode 1 (status=high_confidence, score=96)
[2026-09-08T12:43:33.033+0000] {matching.py:235} INFO - [1293830] Forza Horizon 4 -> Forza Horizon 4 (status=exact, score=100)
[2026-09-08T12:43:33.034+0000] {matching.py:235} INFO - [1145360] Hades -> Hades (status=exact, score=100)
[2026-09-08T12:43:33.034+0000] {matching.py:235} INFO - [671860] BattleBit Remastered -> BattleBit Remastered (status=exact, score=100)
[2026-09-08T12:43:33.034+0000] {matching.py:235} INFO - [427520] Factorio -> Factorio (status=exact, score=100)
[2026-09-08T12:43:33.035+0000] {matching.py:235} INFO - [221380] Age of Empires II (Retired) -> Age of Empires: The Rise of Rome (status=review, score=71)
[2026-09-08T12:43:33.035+0000] {matching.py:235} INFO - [231430] Company of Heroes 2 -> Company of Heroes 2 (status=exact, score=100)
[2026-09-08T12:43:33.035+0000] {matching.py:235} INFO - [813820] Realm Royale -> Realm Royale (status=exact, score=100)
[2026-09-08T12:43:33.036+0000] {matching.py:235} INFO - [594570] Total War: WARHAMMER II -> Total War: WARHAMMER II (status=exact, score=100)
[2026-09-08T12:43:33.036+0000] {matching.py:235} INFO - [391540] Undertale -> Undertale (status=exact, score=100)
[2026-09-08T12:43:33.037+0000] {matching.py:235} INFO - [976730] Halo: The Master Chief Collection -> Halo: The Master Chief Collection (status=exact, score=100)
[2026-09-08T12:43:33.037+0000] {matching.py:235} INFO - [646570] Slay the Spire -> Slay the Spire (status=exact, score=100)
[2026-09-08T12:43:33.037+0000] {matching.py:235} INFO - [588650] Dead Cells -> Dead Cells (status=exact, score=100)
[2026-09-08T12:43:33.038+0000] {matching.py:235} INFO - [268910] Cuphead -> Cuphead (status=exact, score=100)
[2026-09-08T12:43:33.038+0000] {matching.py:235} INFO - [439700] Z1 Battle Royale: Test Server -> Surviv.io - Battle Royale (status=unmatched, score=68)
[2026-09-08T12:43:33.038+0000] {matching.py:235} INFO - [500] Left 4 Dead -> Left 4 Dead (status=exact, score=100)
[2026-09-08T12:43:33.039+0000] {matching.py:235} INFO - [1118200] People Playground -> People Playground (status=exact, score=100)
[2026-09-08T12:43:33.039+0000] {matching.py:235} INFO - [620] Portal 2 -> Portal 2 (status=exact, score=100)
[2026-09-08T12:43:33.040+0000] {matching.py:235} INFO - [1551360] Forza Horizon 5 -> Forza Horizon 5 (status=exact, score=100)
[2026-09-08T12:43:33.040+0000] {matching.py:235} INFO - [1049590] Eternal Return -> Eternal Return (status=exact, score=100)
[2026-09-08T12:43:33.040+0000] {matching.py:235} INFO - [380] Half-Life 2: Episode One -> Half-Life 2: Episode One (status=exact, score=100)
[2026-09-08T12:43:33.041+0000] {matching.py:235} INFO - [360] Half-Life Deathmatch: Source -> Half-Life Deathmatch: Source (status=exact, score=100)
[2026-09-08T12:43:33.041+0000] {matching.py:235} INFO - [779340] Total War: THREE KINGDOMS -> Total War: THREE KINGDOMS (status=exact, score=100)
[2026-09-08T12:43:33.041+0000] {matching.py:235} INFO - [233450] Prison Architect -> Prison Architect (status=exact, score=100)
[2026-09-08T12:43:33.042+0000] {matching.py:235} INFO - [782330] DOOM Eternal -> DOOM Eternal (status=exact, score=100)
[2026-09-08T12:43:33.042+0000] {matching.py:235} INFO - [223710] Cry of Fear -> Cry of Fear (status=exact, score=100)
[2026-09-08T12:43:33.042+0000] {matching.py:235} INFO - [513710] SCUM -> SCUM (status=exact, score=100)
[2026-09-08T12:43:33.043+0000] {matching.py:235} INFO - [677620] Splitgate: Arena Warfare -> Armored Warfare (status=unmatched, score=58)
[2026-09-08T12:43:33.043+0000] {matching.py:235} INFO - [1677740] Stumble Guys -> Stumble Guys (status=exact, score=100)
[2026-09-08T12:43:33.044+0000] {matching.py:235} INFO - [109600] Neverwinter -> Neverwinter (status=exact, score=100)
[2026-09-08T12:43:33.044+0000] {matching.py:235} INFO - [420] Half-Life 2: Episode Two -> Half-Life 2: Episode Two (status=exact, score=100)
[2026-09-08T12:43:33.044+0000] {matching.py:235} INFO - [397900] Business Tour - Board Game with Online Multiplayer -> Business Empire - Online Board Game (status=unmatched, score=67)
[2026-09-08T12:43:33.045+0000] {matching.py:235} INFO - [698780] Doki Doki Literature Club! -> Doki Doki Literature Club! (status=exact, score=100)
[2026-09-08T12:43:33.045+0000] {matching.py:235} INFO - [435150] Divinity: Original Sin 2 - Definitive Edition -> Divinity: Original Sin 2 - Definitive Edition (status=exact, score=100)
[2026-09-08T12:43:33.046+0000] {matching.py:235} INFO - [1100600] Football Manager 2020 -> Football Manager 2020 (status=exact, score=100)
[2026-09-08T12:43:33.046+0000] {matching.py:235} INFO - [1604030] V Rising -> V Rising (status=exact, score=100)
[2026-09-08T12:43:33.046+0000] {matching.py:235} INFO - [534380] Dying Light 2 Stay Human: Reloaded Edition -> Dying Light 2 Stay Human (status=high_confidence, score=74)
[2026-09-08T12:43:33.047+0000] {matching.py:235} INFO - [766570] Russian Fishing 4 -> Russian Fishing 4 (status=exact, score=100)
[2026-09-08T12:43:33.047+0000] {matching.py:235} INFO - [548430] Deep Rock Galactic -> Deep Rock Galactic (status=exact, score=100)
[2026-09-08T12:43:33.047+0000] {matching.py:235} INFO - [294100] RimWorld -> RimWorld (status=exact, score=100)
[2026-09-08T12:43:33.048+0000] {matching.py:235} INFO - [273110] Counter-Strike Nexon: Studio -> Counter-Strike Nexon: Zombies (status=review, score=79)
[2026-09-08T12:43:33.048+0000] {matching.py:235} INFO - [868270] The Cycle: Frontier -> The Cycle: Frontier (status=exact, score=100)
[2026-09-08T12:43:33.048+0000] {matching.py:235} INFO - [863550] HITMAN 2 -> Hitman 2 (status=exact, score=100)
[2026-09-08T12:43:33.049+0000] {matching.py:235} INFO - [1237970] Titanfall 2 -> Titanfall 2 (status=exact, score=100)
[2026-09-08T12:43:33.049+0000] {matching.py:235} INFO - [555570] Infestation: The New Z -> Infestation: The New Z (status=exact, score=100)
[2026-09-08T12:43:33.049+0000] {matching.py:235} INFO - [10190] Call of Duty: Modern Warfare 2 (2009) -> Call of Duty: Modern Warfare 2 (status=high_confidence, score=92)
[2026-09-08T12:43:33.050+0000] {matching.py:235} INFO - [424840] Little Nightmares -> Little Nightmares (status=exact, score=100)
[2026-09-08T12:43:33.050+0000] {matching.py:235} INFO - [2669320] EA SPORTS FC 25 -> EA SPORTS FC 25 (status=exact, score=100)
[2026-09-08T12:43:33.051+0000] {matching.py:235} INFO - [518790] theHunter: Call of the Wild -> theHunter: Call of the Wild (status=exact, score=100)
[2026-09-08T12:43:33.051+0000] {matching.py:235} INFO - [365590] Tom Clancy’s The Division -> Tom Clancy’s The Division (status=exact, score=100)
[2026-09-08T12:43:33.051+0000] {matching.py:235} INFO - [223470] POSTAL 2 -> POSTAL 2 (status=exact, score=100)
[2026-09-08T12:43:33.052+0000] {matching.py:235} INFO - [241930] Middle-earth: Shadow of Mordor -> Middle-earth: Shadow of Mordor (status=exact, score=100)
[2026-09-08T12:43:33.052+0000] {matching.py:235} INFO - [346900] AdVenture Capitalist -> AdVenture Capitalist (status=exact, score=100)
[2026-09-08T12:43:33.052+0000] {matching.py:235} INFO - [3240220] Grand Theft Auto V Enhanced -> Grand Theft Auto V Enhanced (status=exact, score=100)
[2026-09-08T12:43:33.053+0000] {matching.py:235} INFO - [440900] Conan Exiles Enhanced -> Conan Exiles (status=high_confidence, score=73)
[2026-09-08T12:43:33.053+0000] {matching.py:235} INFO - [374320] DARK SOULS III -> Dark Souls III (status=exact, score=100)
[2026-09-08T12:43:33.054+0000] {matching.py:235} INFO - [1868140] DAVE THE DIVER -> Dave the Diver (status=exact, score=100)
[2026-09-08T12:43:33.054+0000] {matching.py:235} INFO - [304390] FOR HONOR -> For Honor (status=exact, score=100)
[2026-09-08T12:43:33.054+0000] {matching.py:235} INFO - [208090] Loadout -> Loadout (status=exact, score=100)
[2026-09-08T12:43:33.055+0000] {matching.py:235} INFO - [48700] Mount & Blade: Warband -> Mount & Blade: Warband (status=exact, score=100)
[2026-09-08T12:43:33.055+0000] {matching.py:235} INFO - [2630] Call of Duty 2 -> Call of Duty 2 (status=exact, score=100)
[2026-09-08T12:43:33.055+0000] {matching.py:235} INFO - [12210] Grand Theft Auto IV: The Complete Edition -> Grand Theft Auto IV: Complete Edition (status=high_confidence, score=95)
[2026-09-08T12:43:33.056+0000] {matching.py:235} INFO - [1144200] Ready or Not -> Ready or Not (status=exact, score=100)
[2026-09-08T12:43:33.056+0000] {matching.py:235} INFO - [113400] APB Reloaded -> APB Reloaded (status=exact, score=100)
[2026-09-08T12:43:33.057+0000] {matching.py:235} INFO - [1332010] Stray -> Stray (status=exact, score=100)
[2026-09-08T12:43:33.057+0000] {matching.py:235} INFO - [206420] Saints Row IV: Re-Elected -> Saints Row IV: Re-Elected (status=exact, score=100)
[2026-09-08T12:43:33.057+0000] {matching.py:235} INFO - [380600] Fishing Planet -> Fishing Planet (status=exact, score=100)
[2026-09-08T12:43:33.058+0000] {matching.py:235} INFO - [225540] Just Cause 3 -> Just Cause 3 (status=exact, score=100)
[2026-09-08T12:43:33.058+0000] {matching.py:235} INFO - [285800] Braveland -> Braveland (status=exact, score=100)
[2026-09-08T12:43:33.058+0000] {matching.py:235} INFO - [286690] Metro 2033 Redux -> Metro 2033 Redux (status=exact, score=100)
[2026-09-08T12:43:33.059+0000] {matching.py:235} INFO - [223750] DCS World Steam Edition -> CROSS†CHANNEL: Steam Edition (status=unmatched, score=65)
[2026-09-08T12:43:33.059+0000] {matching.py:235} INFO - [1593500] God of War -> God Of War (status=exact, score=100)
[2026-09-08T12:43:33.059+0000] {matching.py:235} INFO - [386180] Crossout -> Crossout (status=exact, score=100)
[2026-09-08T12:43:33.060+0000] {matching.py:235} INFO - [1238840] Battlefield 1 -> Battlefield 1 (status=exact, score=100)
[2026-09-08T12:43:33.060+0000] {matching.py:235} INFO - [812140] Assassin's Creed Odyssey -> Assassin's Creed Odyssey (status=exact, score=100)
[2026-09-08T12:43:33.061+0000] {matching.py:235} INFO - [1721470] Poppy Playtime -> Poppy Playtime (status=exact, score=100)
[2026-09-08T12:43:33.061+0000] {matching.py:235} INFO - [960090] Bloons TD 6 -> Bloons TD 6 (status=exact, score=100)
[2026-09-08T12:43:33.061+0000] {matching.py:235} INFO - [55230] Saints Row: The Third -> Saints Row: The Third (status=exact, score=100)
[2026-09-08T12:43:33.062+0000] {matching.py:235} INFO - [262060] Darkest Dungeon -> Darkest Dungeon (status=exact, score=100)
[2026-09-08T12:43:33.062+0000] {matching.py:235} INFO - [761890] Albion Online -> Albion Online (status=exact, score=100)
[2026-09-08T12:43:33.062+0000] {matching.py:235} INFO - [2001120] Split Fiction -> Split Fiction (status=exact, score=100)
[2026-09-08T12:43:33.063+0000] {matching.py:235} INFO - [281990] Stellaris -> Stellaris (status=exact, score=100)
[2026-09-08T12:43:33.063+0000] {matching.py:235} INFO - [252130] Divide By Sheep -> Divide By Sheep (status=exact, score=100)
[2026-09-08T12:43:33.063+0000] {matching.py:235} INFO - [211820] Starbound -> Starbound (status=exact, score=100)
[2026-09-08T12:43:33.064+0000] {matching.py:235} INFO - [8190] Just Cause 2 -> Just Cause 2 (status=exact, score=100)
[2026-09-08T12:43:33.064+0000] {matching.py:235} INFO - [6060] STAR WARS Battlefront II (Classic, 2005) -> Star Wars: Battlefront II (2005) (status=high_confidence, score=88)
[2026-09-08T12:43:33.065+0000] {matching.py:235} INFO - [508440] Totally Accurate Battle Simulator -> Totally Accurate Battle Simulator (status=exact, score=100)
[2026-09-08T12:43:33.065+0000] {matching.py:235} INFO - [115300] Call of Duty: Modern Warfare 3 (2011) -> Call of Duty: Modern Warfare (2019) (status=high_confidence, score=94)
[2026-09-08T12:43:33.065+0000] {matching.py:235} INFO - [42910] Magicka -> Magicka (status=exact, score=100)
[2026-09-08T12:43:33.066+0000] {matching.py:235} INFO - [39210] FINAL FANTASY XIV Online -> Final Fantasy XIV (status=high_confidence, score=83)
[2026-09-08T12:43:33.066+0000] {matching.py:235} INFO - [1222680] Need for Speed Heat -> Need for Speed Heat (status=exact, score=100)
[2026-09-08T12:43:33.066+0000] {matching.py:235} INFO - [351940] The Descendant -> The Descendant (status=exact, score=100)
[2026-09-08T12:43:33.067+0000] {matching.py:235} INFO - [1250] Killing Floor -> Killing Floor (status=exact, score=100)
[2026-09-08T12:43:33.067+0000] {matching.py:235} INFO - [2623190] The Elder Scrolls IV: Oblivion Remastered -> The Elder Scrolls IV: Oblivion Remastered (status=exact, score=100)
[2026-09-08T12:43:33.068+0000] {matching.py:235} INFO - [323190] Frostpunk -> Frostpunk (status=exact, score=100)
[2026-09-08T12:43:33.068+0000] {matching.py:235} INFO - [1716740] Starfield -> Starfield (status=exact, score=100)
[2026-09-08T12:43:33.068+0000] {matching.py:235} INFO - [813780] Age of Empires II: Definitive Edition -> Age of Empires II: Definitive Edition (status=exact, score=100)
[2026-09-08T12:43:33.069+0000] {matching.py:235} INFO - [630] Alien Swarm -> Alien Swarm (status=exact, score=100)
[2026-09-08T12:43:33.069+0000] {matching.py:235} INFO - [57300] Amnesia: The Dark Descent -> Amnesia: The Dark Descent (status=exact, score=100)
[2026-09-08T12:43:33.070+0000] {matching.py:235} INFO - [395170] DISTRAINT: Deluxe Edition -> Distraint: Deluxe Edition (status=exact, score=100)
[2026-09-08T12:43:33.070+0000] {matching.py:235} INFO - [20920] The Witcher 2: Assassins of Kings Enhanced Edition -> The Witcher 2: Assassins of Kings Enhanced Edition (status=exact, score=100)
[2026-09-08T12:43:33.070+0000] {matching.py:235} INFO - [212680] FTL: Faster Than Light -> FTL: Faster Than Light (status=exact, score=100)
[2026-09-08T12:43:33.071+0000] {matching.py:235} INFO - [504370] Battlerite -> Battlerite (status=exact, score=100)
[2026-09-08T12:43:33.071+0000] {matching.py:235} INFO - [286160] Tabletop Simulator -> Tabletop Simulator (status=exact, score=100)
[2026-09-08T12:43:33.071+0000] {matching.py:235} INFO - [311690] Enter the Gungeon -> Enter the Gungeon (status=exact, score=100)
[2026-09-08T12:43:33.072+0000] {matching.py:235} INFO - [355840] Survarium -> Survarium (status=exact, score=100)
[2026-09-08T12:43:33.072+0000] {matching.py:235} INFO - [1145350] Hades II -> Hades II (status=exact, score=100)
[2026-09-08T12:43:33.072+0000] {matching.py:235} INFO - [1366800] Crosshair X -> MLB 10: The Show (status=unmatched, score=23)
[2026-09-08T12:43:33.073+0000] {matching.py:235} INFO - [1196590] Resident Evil Village -> Resident Evil: Village (status=exact, score=100)
[2026-09-08T12:43:33.073+0000] {matching.py:235} INFO - [613100] House Flipper -> House Flipper (status=exact, score=100)
[2026-09-08T12:43:33.073+0000] {matching.py:235} INFO - [1172380] STAR WARS Jedi: Fallen Order -> Star Wars Jedi: Fallen Order (status=exact, score=100)
[2026-09-08T12:43:33.074+0000] {matching.py:235} INFO - [202970] Call of Duty: Black Ops II -> Call of Duty: Black Ops II (status=exact, score=100)
[2026-09-08T12:43:33.074+0000] {matching.py:235} INFO - [304430] INSIDE -> INSIDE (status=exact, score=100)
[2026-09-08T12:43:33.075+0000] {matching.py:235} INFO - [3590] Plants vs. Zombies GOTY Edition -> Plants vs. Zombies GOTY Edition (status=exact, score=100)
[2026-09-08T12:43:33.075+0000] {matching.py:235} INFO - [1260320] Party Animals -> Party Animals (status=exact, score=100)
[2026-09-08T12:43:33.075+0000] {matching.py:235} INFO - [33930] Arma 2: Operation Arrowhead -> ArmA II: Operation Arrowhead (status=high_confidence, score=91)
[2026-09-08T12:43:33.076+0000] {matching.py:235} INFO - [212500] The Lord of the Rings Online -> The Lord of the Rings Online (status=exact, score=100)
[2026-09-08T12:43:33.076+0000] {matching.py:235} INFO - [457140] Oxygen Not Included -> Oxygen Not Included (status=exact, score=100)
[2026-09-08T12:43:33.077+0000] {matching.py:235} INFO - [620980] Beat Saber -> Beat Saber (status=exact, score=100)
[2026-09-08T12:43:33.077+0000] {matching.py:235} INFO - [1222140] Detroit: Become Human -> Detroit: Become Human (status=exact, score=100)
[2026-09-08T12:43:33.077+0000] {matching.py:235} INFO - [1817070] Marvel’s Spider-Man Remastered -> Marvel's Spider-Man Remastered (status=exact, score=100)
[2026-09-08T12:43:33.078+0000] {matching.py:235} INFO - [205100] Dishonored -> Dishonored (status=exact, score=100)
[2026-09-08T12:43:33.078+0000] {matching.py:235} INFO - [24240] PAYDAY The Heist -> PAYDAY The Heist (status=exact, score=100)
[2026-09-08T12:43:33.078+0000] {matching.py:235} INFO - [1506830] FIFA 22 -> FIFA 22 (status=exact, score=100)
[2026-09-08T12:43:33.079+0000] {matching.py:235} INFO - [871720] Ultimate Custom Night -> Ultimate Custom Night (status=exact, score=100)
[2026-09-08T12:43:33.079+0000] {matching.py:235} INFO - [962130] Grounded -> Grounded (status=exact, score=100)
[2026-09-08T12:43:33.079+0000] {matching.py:235} INFO - [356190] Middle-earth: Shadow of War -> Middle-earth: Shadow of War (status=exact, score=100)
[2026-09-08T12:43:33.080+0000] {matching.py:235} INFO - [274190] Broforce -> Broforce (status=exact, score=100)
[2026-09-08T12:43:33.080+0000] {matching.py:235} INFO - [234140] Mad Max -> Mad Max (status=exact, score=100)
[2026-09-08T12:43:33.081+0000] {matching.py:235} INFO - [8500] EVE Online -> EVE Online (status=exact, score=100)
[2026-09-08T12:43:33.081+0000] {matching.py:235} INFO - [552520] Far Cry 5 -> Far Cry 5 (status=exact, score=100)
[2026-09-08T12:43:33.081+0000] {matching.py:235} INFO - [7670] BioShock -> BioShock (status=exact, score=100)
[2026-09-08T12:43:33.082+0000] {matching.py:235} INFO - [760160] Vampire: The Masquerade - Bloodhunt -> Vampire: The Masquerade - Bloodhunt (status=exact, score=100)
[2026-09-08T12:43:33.082+0000] {matching.py:235} INFO - [270880] American Truck Simulator -> American Truck Simulator (status=exact, score=100)
[2026-09-08T12:43:33.082+0000] {matching.py:235} INFO - [1203620] Enshrouded -> Enshrouded (status=exact, score=100)
[2026-09-08T12:43:33.083+0000] {matching.py:235} INFO - [601510] Yu-Gi-Oh! Duel Links -> Yu-Gi-Oh! Duel Links (status=exact, score=100)
[2026-09-08T12:43:33.083+0000] {matching.py:235} INFO - [397540] Borderlands 3 -> Borderlands 3 (status=exact, score=100)
[2026-09-08T12:43:33.083+0000] {matching.py:235} INFO - [12120] Grand Theft Auto: San Andreas -> Grand Theft Auto: San Andreas (status=exact, score=100)
[2026-09-08T12:43:33.084+0000] {matching.py:235} INFO - [236870] HITMAN -> Hitman (status=exact, score=100)
[2026-09-08T12:43:33.084+0000] {matching.py:235} INFO - [674940] Stick Fight: The Game -> Stick Fight: The Game (status=exact, score=100)
[2026-09-08T12:43:33.085+0000] {matching.py:235} INFO - [884660] CRSED: F.O.A.D. -> CRSED (status=high_confidence, score=67)
[2026-09-08T12:43:33.085+0000] {matching.py:235} INFO - [701160] Kingdom Two Crowns -> Kingdom: Two Crowns (status=exact, score=100)
[2026-09-08T12:43:33.085+0000] {matching.py:235} INFO - [1832640] Mirror 2: Project X -> Mirror 2: Project X (status=exact, score=100)
[2026-09-08T12:43:33.086+0000] {matching.py:235} INFO - [208650] Batman: Arkham Knight -> Batman: Arkham Knight (status=exact, score=100)
[2026-09-08T12:43:33.086+0000] {matching.py:235} INFO - [48000] LIMBO -> Limbo (status=exact, score=100)
[2026-09-08T12:43:33.086+0000] {matching.py:235} INFO - [2379780] Balatro -> Balatro (status=exact, score=100)
[2026-09-08T12:43:33.087+0000] {matching.py:235} INFO - [298110] Far Cry 4 -> Far Cry 4 (status=exact, score=100)
[2026-09-08T12:43:33.087+0000] {matching.py:235} INFO - [42710] Call of Duty: Black Ops -> Call of Duty: Black Ops (status=exact, score=100)
[2026-09-08T12:43:33.087+0000] {matching.py:235} INFO - [200710] Torchlight II -> Torchlight II (status=exact, score=100)
[2026-09-08T12:43:33.088+0000] {matching.py:235} INFO - [203770] Crusader Kings II -> Crusader Kings II (status=exact, score=100)
[2026-09-08T12:43:33.088+0000] {matching.py:235} INFO - [1903340] Clair Obscur: Expedition 33 -> Clair Obscur: Expedition 33 (status=exact, score=100)
[2026-09-08T12:43:33.088+0000] {matching.py:235} INFO - [244850] Space Engineers -> Space Engineers (status=exact, score=100)
[2026-09-08T12:43:33.089+0000] {matching.py:235} INFO - [1366540] Dyson Sphere Program -> Dyson Sphere Program (status=exact, score=100)
[2026-09-08T12:43:33.089+0000] {matching.py:235} INFO - [2709570] Supermarket Together -> Supermarket Together (status=exact, score=100)
[2026-09-08T12:43:33.090+0000] {matching.py:235} INFO - [201270] Total War: SHOGUN 2 -> Total War: SHOGUN 2 (status=exact, score=100)
[2026-09-08T12:43:33.090+0000] {matching.py:235} INFO - [389730] TEKKEN 7 -> TEKKEN 7 (status=exact, score=100)
[2026-09-08T12:43:33.090+0000] {matching.py:235} INFO - [10090] Call of Duty: World at War -> Call of Duty: World at War (status=exact, score=100)
[2026-09-08T12:43:33.091+0000] {matching.py:235} INFO - [1259420] Days Gone -> Days Gone (status=exact, score=100)
[2026-09-08T12:43:33.091+0000] {matching.py:235} INFO - [261640] Borderlands: The Pre-Sequel -> Borderlands: The Pre-Sequel (status=exact, score=100)
[2026-09-08T12:43:33.092+0000] {matching.py:235} INFO - [220200] Kerbal Space Program -> Kerbal Space Program (status=exact, score=100)
[2026-09-08T12:43:33.092+0000] {matching.py:235} INFO - [1142710] Total War: WARHAMMER III -> Total War: WARHAMMER III (status=exact, score=100)
[2026-09-08T12:43:33.092+0000] {matching.py:235} INFO - [265630] Fistful of Frags -> Fistful of Frags (status=exact, score=100)
[2026-09-08T12:43:33.093+0000] {matching.py:235} INFO - [219150] Hotline Miami -> Hotline Miami (status=exact, score=100)
[2026-09-08T12:43:33.093+0000] {matching.py:235} INFO - [312990] The Expendabros -> The Expendabros (status=exact, score=100)
[2026-09-08T12:43:33.093+0000] {matching.py:235} INFO - [418460] Rising Storm 2: Vietnam -> Rising Storm 2: VIETNAM (status=exact, score=100)
[2026-09-08T12:43:33.094+0000] {matching.py:235} INFO - [211500] RaceRoom Racing Experience -> RaceRoom Racing Experience (status=exact, score=100)
[2026-09-08T12:43:33.094+0000] {matching.py:235} INFO - [506540] Last Man Standing -> Last Man Standing (status=exact, score=100)
[2026-09-08T12:43:33.095+0000] {matching.py:235} INFO - [20900] The Witcher: Enhanced Edition Director's Cut -> The Witcher: Enhanced Edition Director's Cut (status=exact, score=100)
[2026-09-08T12:43:33.095+0000] {matching.py:235} INFO - [552500] Warhammer: Vermintide 2 -> Warhammer: Vermintide 2 (status=exact, score=100)
[2026-09-08T12:43:33.095+0000] {matching.py:235} INFO - [1057090] Ori and the Will of the Wisps -> Ori and the Will of the Wisps (status=exact, score=100)
[2026-09-08T12:43:33.096+0000] {matching.py:235} INFO - [359320] Elite Dangerous -> Elite Dangerous (status=exact, score=100)
[2026-09-08T12:43:33.096+0000] {matching.py:235} INFO - [214950] Total War: ROME II - Emperor Edition -> Total War: ROME II - Emperor Edition (status=exact, score=100)
[2026-09-08T12:43:33.096+0000] {matching.py:235} INFO - [9480] Saints Row 2 -> Saints Row 2 (status=exact, score=100)
[2026-09-08T12:43:33.097+0000] {matching.py:235} INFO - [245170] Skullgirls 2nd Encore -> Skullgirls 2nd Encore (status=exact, score=100)
[2026-09-08T12:43:33.097+0000] {matching.py:235} INFO - [207610] The Walking Dead -> The Walking Dead (status=exact, score=100)
[2026-09-08T12:43:33.098+0000] {matching.py:235} INFO - [35450] Red Orchestra 2: Heroes of Stalingrad with Rising Storm -> Red Orchestra 2: Heroes of Stalingrad with Rising Storm (status=exact, score=100)
[2026-09-08T12:43:33.098+0000] {matching.py:235} INFO - [285900] Gang Beasts -> Gang Beasts (status=exact, score=100)
[2026-09-08T12:43:33.098+0000] {matching.py:235} INFO - [232090] Killing Floor 2 -> Killing Floor 2 (status=exact, score=100)
[2026-09-08T12:43:33.099+0000] {matching.py:235} INFO - [42680] Call of Duty: Modern Warfare 3 (2011) -> Call of Duty: Modern Warfare (2019) (status=high_confidence, score=94)
[2026-09-08T12:43:33.099+0000] {matching.py:235} INFO - [918570] Century: Age of Ashes -> Century: Age of Ashes (status=exact, score=100)
[2026-09-08T12:43:33.099+0000] {matching.py:235} INFO - [1771300] Kingdom Come: Deliverance II -> Kingdom Come: Deliverance II (status=exact, score=100)
[2026-09-08T12:43:33.100+0000] {matching.py:235} INFO - [447040] Watch_Dogs 2 -> Watch Dogs 2 (status=unmatched, score=61)
[2026-09-08T12:43:33.100+0000] {matching.py:235} INFO - [200510] XCOM: Enemy Unknown -> XCOM: Enemy Unknown (status=exact, score=100)
[2026-09-08T12:43:33.101+0000] {matching.py:235} INFO - [361420] ASTRONEER -> Astroneer (status=exact, score=100)
[2026-09-08T12:43:33.101+0000] {matching.py:235} INFO - [33900] Arma 2 -> ArmA II (status=unmatched, score=62)
[2026-09-08T12:43:33.101+0000] {matching.py:235} INFO - [209080] Guns of Icarus Online -> Guns of Icarus Online (status=exact, score=100)
[2026-09-08T12:43:33.102+0000] {matching.py:235} INFO - [307780] Mortal Kombat X -> Mortal Kombat X (status=exact, score=100)
[2026-09-08T12:43:33.102+0000] {matching.py:235} INFO - [335240] Transformice -> Transformice (status=exact, score=100)
[2026-09-08T12:43:33.102+0000] {matching.py:235} INFO - [403640] Dishonored 2 -> Dishonored 2 (status=exact, score=100)
[2026-09-08T12:43:33.103+0000] {matching.py:235} INFO - [99900] Spiral Knights -> Spiral Knights (status=exact, score=100)
[2026-09-08T12:43:33.103+0000] {matching.py:235} INFO - [1289310] Helltaker -> Helltaker (status=exact, score=100)
[2026-09-08T12:43:33.104+0000] {matching.py:235} INFO - [287700] METAL GEAR SOLID V: THE PHANTOM PAIN -> Metal Gear Solid V: The Phantom Pain (status=exact, score=100)
[2026-09-08T12:43:33.104+0000] {matching.py:235} INFO - [460930] Tom Clancy's Ghost Recon Wildlands -> Tom Clancy's Ghost Recon Wildlands (status=exact, score=100)
[2026-09-08T12:43:33.104+0000] {matching.py:235} INFO - [219740] Don't Starve -> Don't Starve (status=exact, score=100)
[2026-09-08T12:43:33.105+0000] {matching.py:235} INFO - [96000] The Tiny Bang Story -> The Tiny Bang Story (status=exact, score=100)
[2026-09-08T12:43:33.105+0000] {matching.py:235} INFO - [35720] Trine 2: Complete Story -> Trine 2: Complete Story (status=exact, score=100)
[2026-09-08T12:43:33.105+0000] {matching.py:235} INFO - [880940] Pummel Party -> Pummel Party (status=exact, score=100)
[2026-09-08T12:43:33.106+0000] {matching.py:235} INFO - [387990] Scrap Mechanic -> Scrap Mechanic (status=exact, score=100)
[2026-09-08T12:43:33.106+0000] {matching.py:235} INFO - [686810] Hell Let Loose -> Hell Let Loose (status=exact, score=100)
[2026-09-08T12:43:33.107+0000] {matching.py:235} INFO - [409710] BioShock Remastered -> BioShock Remastered (status=exact, score=100)
[2026-09-08T12:43:33.107+0000] {matching.py:235} INFO - [418370] Resident Evil 7 Biohazard -> Resident Evil 7: Biohazard (status=exact, score=100)
[2026-09-08T12:43:33.107+0000] {matching.py:235} INFO - [50130] Mafia II (Classic) -> Mafia II (status=high_confidence, score=67)
[2026-09-08T12:43:33.108+0000] {matching.py:235} INFO - [1454400] Cookie Clicker -> Cookie Clicker (status=exact, score=100)
[2026-09-08T12:43:33.108+0000] {matching.py:235} INFO - [379430] Kingdom Come: Deliverance -> Kingdom Come: Deliverance (status=exact, score=100)
[2026-09-08T12:43:33.108+0000] {matching.py:235} INFO - [274170] Hotline Miami 2: Wrong Number -> Hotline Miami 2: Wrong Number (status=exact, score=100)
[2026-09-08T12:43:33.109+0000] {matching.py:235} INFO - [232770] POSTAL -> POSTAL (status=exact, score=100)
[2026-09-08T12:43:33.109+0000] {matching.py:235} INFO - [1363080] Manor Lords -> Manor Lords (status=exact, score=100)
[2026-09-08T12:43:33.110+0000] {matching.py:235} INFO - [585690] Minimalism -> Minimalism (status=exact, score=100)
[2026-09-08T12:43:33.110+0000] {matching.py:235} INFO - [289650] Assassin's Creed Unity -> Assassin's Creed Unity (status=exact, score=100)
[2026-09-08T12:43:33.110+0000] {matching.py:235} INFO - [17410] Mirror's Edge -> Mirror's Edge (status=exact, score=100)
[2026-09-08T12:43:33.111+0000] {matching.py:235} INFO - [4560] Company of Heroes - Legacy Edition -> Company of Heroes: Eastern Front (status=review, score=70)
[2026-09-08T12:43:33.111+0000] {matching.py:235} INFO - [2479810] Gray Zone Warfare -> Gray Zone Warfare (status=exact, score=100)
[2026-09-08T12:43:33.112+0000] {matching.py:235} INFO - [233130] Shadow Warrior -> Shadow Warrior (status=exact, score=100)
[2026-09-08T12:43:33.112+0000] {matching.py:235} INFO - [1056960] Wolfenstein: Youngblood -> Wolfenstein: Youngblood (status=exact, score=100)
[2026-09-08T12:43:33.112+0000] {matching.py:235} INFO - [976310] Mortal Kombat 11 -> Mortal Kombat 11 (status=exact, score=100)
[2026-09-08T12:43:33.113+0000] {matching.py:235} INFO - [202990] Call of Duty: Black Ops II -> Call of Duty: Black Ops II (status=exact, score=100)
[2026-09-08T12:43:33.113+0000] {matching.py:235} INFO - [355180] Codename CURE -> Codename CURE (status=exact, score=100)
[2026-09-08T12:43:33.113+0000] {matching.py:235} INFO - [678950] DRAGON BALL FighterZ -> DRAGON BALL FighterZ (status=exact, score=100)
[2026-09-08T12:43:33.114+0000] {matching.py:235} INFO - [1151340] Fallout 76 -> Fallout 76 (status=exact, score=100)
[2026-09-08T12:43:33.114+0000] {matching.py:235} INFO - [299360] Block N Load -> Block N Load (status=exact, score=100)
[2026-09-08T12:43:33.115+0000] {matching.py:235} INFO - [213670] South Park: The Stick of Truth -> South Park: The Stick of Truth (status=exact, score=100)
[2026-09-08T12:43:33.115+0000] {matching.py:235} INFO - [262410] World of Guns: Gun Disassembly -> World of Guns: Gun Disassembly (status=exact, score=100)
[2026-09-08T12:43:33.115+0000] {matching.py:235} INFO - [224600] Defiance -> Defiance (status=exact, score=100)
[2026-09-08T12:43:33.116+0000] {matching.py:235} INFO - [368230] Kingdom: Classic -> Kingdom: Classic (status=exact, score=100)
[2026-09-08T12:43:33.116+0000] {matching.py:235} INFO - [3097560] Liar's Bar -> Liar's Bar (status=exact, score=100)
[2026-09-08T12:43:33.116+0000] {matching.py:235} INFO - [335300] DARK SOULS II: Scholar of the First Sin -> Dark Souls II: Scholar of the First Sin (status=exact, score=100)
[2026-09-08T12:43:33.117+0000] {matching.py:235} INFO - [233860] Kenshi -> Kenshi (status=exact, score=100)
[2026-09-08T12:43:33.117+0000] {matching.py:235} INFO - [240720] Getting Over It with Bennett Foddy -> Getting Over It with Bennett Foddy (status=exact, score=100)
[2026-09-08T12:43:33.118+0000] {matching.py:235} INFO - [391720] Layers of Fear (2016) -> Layers of Fear (2023) (status=high_confidence, score=89)
[2026-09-08T12:43:33.118+0000] {matching.py:235} INFO - [838350] The Scroll of Taiwu : Beyond The Dome -> The Behind -- The Beyond (status=unmatched, score=54)
[2026-09-08T12:43:33.118+0000] {matching.py:235} INFO - [238320] Outlast -> Outlast (status=exact, score=100)
[2026-09-08T12:43:33.119+0000] {matching.py:235} INFO - [282070] This War of Mine -> This War of Mine (status=exact, score=100)
[2026-09-08T12:43:33.119+0000] {matching.py:235} INFO - [412020] Metro Exodus -> Metro Exodus (status=exact, score=100)
[2026-09-08T12:43:33.119+0000] {matching.py:235} INFO - [1158310] Crusader Kings III -> Crusader Kings III (status=exact, score=100)
[2026-09-08T12:43:33.120+0000] {matching.py:235} INFO - [2567870] Chained Together -> Chained Together (status=exact, score=100)
[2026-09-08T12:43:33.120+0000] {matching.py:235} INFO - [265930] Goat Simulator -> Goat Simulator (status=exact, score=100)
[2026-09-08T12:43:33.120+0000] {matching.py:235} INFO - [214490] Alien: Isolation -> Alien: Isolation (status=exact, score=100)
[2026-09-08T12:43:33.121+0000] {matching.py:235} INFO - [362890] Black Mesa -> Black Mesa (status=exact, score=100)
[2026-09-08T12:43:33.121+0000] {matching.py:235} INFO - [438740] Friday the 13th: The Game -> Friday the 13th: The Game (status=exact, score=100)
[2026-09-08T12:43:33.122+0000] {matching.py:235} INFO - [617290] Remnant: From the Ashes -> Remnant: From the Ashes (status=exact, score=100)
[2026-09-08T12:43:33.122+0000] {matching.py:235} INFO - [588430] Fallout Shelter -> Fallout Shelter (status=exact, score=100)
[2026-09-08T12:43:33.123+0000] {matching.py:235} INFO - [1943950] Escape the Backrooms -> Escape the Backrooms (status=exact, score=100)
[2026-09-08T12:43:33.123+0000] {matching.py:235} INFO - [203140] Hitman: Absolution -> Hitman: Absolution (status=exact, score=100)
[2026-09-08T12:43:33.123+0000] {matching.py:235} INFO - [12100] Grand Theft Auto III -> Grand Theft Auto III (status=exact, score=100)
[2026-09-08T12:43:33.124+0000] {matching.py:235} INFO - [905370] Conqueror's Blade -> Conqueror's Blade (status=exact, score=100)
[2026-09-08T12:43:33.124+0000] {matching.py:235} INFO - [1056640] Phantasy Star Online 2 -> Phantasy Star Online 2 (status=exact, score=100)
[2026-09-08T12:43:33.124+0000] {matching.py:235} INFO - [1942280] Brotato -> Brotato (status=exact, score=100)
[2026-09-08T12:43:33.125+0000] {matching.py:235} INFO - [238460] BattleBlock Theater -> BattleBlock Theater (status=exact, score=100)
[2026-09-08T12:43:33.125+0000] {matching.py:235} INFO - [38400] Fallout: A Post Nuclear Role Playing Game -> Colony Ship: A Post-Earth Role Playing Game (status=unmatched, score=67)
[2026-09-08T12:43:33.125+0000] {matching.py:235} INFO - [881020] Granblue Fantasy: Relink -> Granblue Fantasy: Relink (status=exact, score=100)
[2026-09-08T12:43:33.126+0000] {matching.py:235} INFO - [65800] Dungeon Defenders -> Dungeon Defenders (status=exact, score=100)
[2026-09-08T12:43:33.126+0000] {matching.py:235} INFO - [204880] Sins of a Solar Empire: Rebellion -> Sins of a Solar Empire: Rebellion (status=exact, score=100)
[2026-09-08T12:43:33.127+0000] {matching.py:235} INFO - [235460] METAL GEAR RISING: REVENGEANCE -> Metal Gear Rising: Revengeance (status=exact, score=100)
[2026-09-08T12:43:33.127+0000] {matching.py:235} INFO - [581320] Insurgency: Sandstorm -> Insurgency: Sandstorm (status=exact, score=100)
[2026-09-08T12:43:33.127+0000] {matching.py:235} INFO - [34330] Total War: SHOGUN 2 -> Total War: SHOGUN 2 (status=exact, score=100)
[2026-09-08T12:43:33.128+0000] {matching.py:235} INFO - [387290] Ori and the Blind Forest: Definitive Edition -> Ori and the Blind Forest: Definitive Edition (status=exact, score=100)
[2026-09-08T12:43:33.128+0000] {matching.py:235} INFO - [728880] Overcooked! 2 -> Overcooked! 2 (status=exact, score=100)
[2026-09-08T12:43:33.128+0000] {matching.py:235} INFO - [391220] Rise of the Tomb Raider -> Rise of the Tomb Raider (status=exact, score=100)
[2026-09-08T12:43:33.129+0000] {matching.py:235} INFO - [8870] BioShock Infinite -> BioShock Infinite (status=exact, score=100)
[2026-09-08T12:43:33.129+0000] {matching.py:235} INFO - [372000] Tree of Savior (English Ver.) -> Tree of Savior (English Ver.) (status=exact, score=100)
[2026-09-08T12:43:33.130+0000] {matching.py:235} INFO - [239030] Papers, Please -> Papers, Please (status=exact, score=100)
[2026-09-08T12:43:33.130+0000] {matching.py:235} INFO - [629760] MORDHAU -> MORDHAU (status=exact, score=100)
[2026-09-08T12:43:33.130+0000] {matching.py:235} INFO - [646910] The Crew 2 -> The Crew 2 (status=exact, score=100)
[2026-09-08T12:43:33.131+0000] {matching.py:235} INFO - [367500] Dragon's Dogma: Dark Arisen -> Dragon's Dogma: Dark Arisen (status=exact, score=100)
[2026-09-08T12:43:33.131+0000] {matching.py:235} INFO - [13520] Far Cry -> Far Cry (status=exact, score=100)
[2026-09-08T12:43:33.131+0000] {matching.py:235} INFO - [967050] Pacify -> Pacify (status=exact, score=100)
[2026-09-08T12:43:33.132+0000] {matching.py:235} INFO - [2399830] ARK: Survival Ascended -> ARK: Survival Ascended (status=exact, score=100)
[2026-09-08T12:43:33.132+0000] {matching.py:235} INFO - [648350] Jurassic World Evolution -> Jurassic World Evolution (status=exact, score=100)
[2026-09-08T12:43:33.132+0000] {matching.py:235} INFO - [471710] Rec Room -> Rec Room (status=exact, score=100)
[2026-09-08T12:43:33.133+0000] {matching.py:235} INFO - [1372880] The Day Before -> The Day Before (status=exact, score=100)
[2026-09-08T12:43:33.133+0000] {matching.py:235} INFO - [524220] NieR:Automata -> NieR:Automata (status=exact, score=100)
[2026-09-08T12:43:33.134+0000] {matching.py:235} INFO - [305620] The Long Dark -> The Long Dark (status=exact, score=100)
[2026-09-08T12:43:33.134+0000] {matching.py:235} INFO - [475150] Titan Quest Anniversary Edition -> Titan Quest Anniversary Edition (status=exact, score=100)
[2026-09-08T12:43:33.134+0000] {matching.py:235} INFO - [47870] Need For Speed: Hot Pursuit -> Need For Speed: Hot Pursuit (status=exact, score=100)
[2026-09-08T12:43:33.135+0000] {matching.py:235} INFO - [629520] Soundpad -> Soundfall (status=review, score=71)
[2026-09-08T12:43:33.135+0000] {matching.py:235} INFO - [282440] Quake Live -> Quake Live (status=exact, score=100)
[2026-09-08T12:43:33.135+0000] {matching.py:235} INFO - [436150] Governor of Poker 3 -> Governor of Poker 3 (status=exact, score=100)
[2026-09-08T12:43:33.136+0000] {matching.py:235} INFO - [1304930] The Outlast Trials -> The Outlast Trials (status=exact, score=100)
[2026-09-08T12:43:33.136+0000] {matching.py:235} INFO - [550900] Metin2 -> Metin2 (status=exact, score=100)
[2026-09-08T12:43:33.136+0000] {matching.py:235} INFO - [33230] Assassin's Creed 2 -> Assassin's Creed (status=high_confidence, score=94)
[2026-09-08T12:43:33.137+0000] {matching.py:235} INFO - [427730] Who's Your Daddy?! -> Who's Your Daddy (status=exact, score=100)
[2026-09-08T12:43:33.137+0000] {matching.py:235} INFO - [221040] Resident Evil 6 -> Resident Evil 6 (status=exact, score=100)
[2026-09-08T12:43:33.137+0000] {matching.py:235} INFO - [1274570] DEVOUR -> Devour (status=exact, score=100)
[2026-09-08T12:43:33.138+0000] {matching.py:235} INFO - [1222700] A Way Out -> A Way Out (status=exact, score=100)
[2026-09-08T12:43:33.138+0000] {matching.py:235} INFO - [1468810] 鬼谷八荒 Tale of Immortal -> Blight of the Immortals (status=review, score=72)
[2026-09-08T12:43:33.139+0000] {matching.py:235} INFO - [287390] Metro: Last Light Redux -> Metro: Last Light Redux (status=exact, score=100)
[2026-09-08T12:43:33.139+0000] {matching.py:235} INFO - [570940] DARK SOULS: REMASTERED -> Dark Souls: Remastered (status=exact, score=100)
[2026-09-08T12:43:33.140+0000] {matching.py:235} INFO - [1272080] PAYDAY 3 -> Payday 3 (status=exact, score=100)
[2026-09-08T12:43:33.140+0000] {matching.py:235} INFO - [316010] Magic Duels -> Magic Duels (status=exact, score=100)
[2026-09-08T12:43:33.140+0000] {matching.py:235} INFO - [105450] Age of Empires III (2007) -> Age of Empires II: Age of Kings (status=review, score=72)
[2026-09-08T12:43:33.141+0000] {matching.py:235} INFO - [1167630] Teardown -> Teardown (status=exact, score=100)
[2026-09-08T12:43:33.141+0000] {matching.py:235} INFO - [11020] TrackMania Nations Forever -> TrackMania Nations Forever (status=exact, score=100)
[2026-09-08T12:43:33.141+0000] {matching.py:235} INFO - [12200] Bully: Scholarship Edition -> Bully: Scholarship Edition (status=exact, score=100)
[2026-09-08T12:43:33.142+0000] {matching.py:235} INFO - [881100] Noita -> Noita (status=exact, score=100)
[2026-09-08T12:43:33.142+0000] {matching.py:235} INFO - [1313140] Cult of the Lamb -> Cult of the Lamb (status=exact, score=100)
[2026-09-08T12:43:33.143+0000] {matching.py:235} INFO - [261570] Ori and the Blind Forest -> Ori and the Blind Forest (status=exact, score=100)
[2026-09-08T12:43:33.143+0000] {matching.py:235} INFO - [1361210] Warhammer 40,000: Darktide -> Warhammer 40,000: Darktide (status=exact, score=100)
[2026-09-08T12:43:33.143+0000] {matching.py:235} INFO - [221910] The Stanley Parable -> The Stanley Parable (status=exact, score=100)
[2026-09-08T12:43:33.144+0000] {matching.py:235} INFO - [238090] Sniper Elite 3 -> Sniper Elite 3 (status=exact, score=100)
[2026-09-08T12:43:33.144+0000] {matching.py:235} INFO - [242720] GunZ 2: The Second Duel -> GunZ 2: The Second Duel (status=exact, score=100)
[2026-09-08T12:43:33.144+0000] {matching.py:235} INFO - [1250410] Microsoft Flight Simulator (2020) 40th Anniversary Edition -> Microsoft Flight Simulator 2020 (status=high_confidence, score=71)
[2026-09-08T12:43:33.145+0000] {matching.py:235} INFO - [644930] They Are Billions -> They Are Billions (status=exact, score=100)
[2026-09-08T12:43:33.145+0000] {matching.py:235} INFO - [641990] The Escapists 2 -> The Escapists 2 (status=exact, score=100)
[2026-09-08T12:43:33.146+0000] {matching.py:235} INFO - [1254120] Bless Unleashed -> Bless Unleashed (status=exact, score=100)
[2026-09-08T12:43:33.146+0000] {matching.py:235} INFO - [222880] Insurgency -> Insurgency (status=exact, score=100)
[2026-09-08T12:43:33.146+0000] {matching.py:235} INFO - [201790] Orcs Must Die! 2 -> Orcs Must Die! 2 (status=exact, score=100)
[2026-09-08T12:43:33.147+0000] {matching.py:235} INFO - [1569040] Football Manager 2022 -> Football Manager 2022 (status=exact, score=100)
[2026-09-08T12:43:33.147+0000] {matching.py:235} INFO - [203290] America's Army: Proving Grounds -> America's Army: Proving Grounds (status=exact, score=100)
[2026-09-08T12:43:33.147+0000] {matching.py:235} INFO - [2670630] Supermarket Simulator -> Supermarket Simulator (status=exact, score=100)
[2026-09-08T12:43:33.148+0000] {matching.py:235} INFO - [286570] F1 2015 -> F1 2015 (status=exact, score=100)
[2026-09-08T12:43:33.148+0000] {matching.py:235} INFO - [787860] Farming Simulator 19 -> Farming Simulator 19 (status=exact, score=100)
[2026-09-08T12:43:33.148+0000] {matching.py:235} INFO - [466560] Northgard: Definitive Edition -> ReCore: Definitive Edition (status=review, score=79)
[2026-09-08T12:43:33.149+0000] {matching.py:235} INFO - [207140] SpeedRunners -> SpeedRunners (status=exact, score=100)
[2026-09-08T12:43:33.149+0000] {matching.py:235} INFO - [1092790] Inscryption -> Inscryption (status=exact, score=100)
[2026-09-08T12:43:33.149+0000] {matching.py:235} INFO - [431240] Golf With Your Friends -> Golf With Your Friends (status=exact, score=100)
[2026-09-08T12:43:33.150+0000] {matching.py:235} INFO - [248570] Toribash -> Toribash (status=exact, score=100)
[2026-09-08T12:43:33.150+0000] {matching.py:235} INFO - [107100] Bastion -> Bastion (status=exact, score=100)
[2026-09-08T12:43:33.151+0000] {matching.py:235} INFO - [209000] Batman: Arkham Origins -> Batman: Arkham Origins (status=exact, score=100)
[2026-09-08T12:43:33.151+0000] {matching.py:235} INFO - [24960] Battlefield: Bad Company 2 -> Battlefield: Bad Company 2 (status=exact, score=100)
[2026-09-08T12:43:33.151+0000] {matching.py:235} INFO - [848450] Subnautica: Below Zero -> Subnautica: Below Zero (status=exact, score=100)
[2026-09-08T12:43:33.152+0000] {matching.py:235} INFO - [286940] S.K.I.L.L. - Special Force 2 (Shooter) -> S.K.I.L.L. - Special Force 2 (Shooter) (status=exact, score=100)
[2026-09-08T12:43:33.152+0000] {matching.py:235} INFO - [740130] Tales of ARISE -> Tales of Arise (status=exact, score=100)
[2026-09-08T12:43:33.153+0000] {matching.py:235} INFO - [17390] SPORE -> SPORE (status=exact, score=100)
[2026-09-08T12:43:33.153+0000] {matching.py:235} INFO - [530700] Argo -> Argo (status=exact, score=100)
[2026-09-08T12:43:33.153+0000] {matching.py:235} INFO - [2622380] ELDEN RING NIGHTREIGN -> Elden Ring Nightreign (status=exact, score=100)
[2026-09-08T12:43:33.154+0000] {matching.py:235} INFO - [220240] Far Cry 3 -> Far Cry 3 (status=exact, score=100)
[2026-09-08T12:43:33.154+0000] {matching.py:235} INFO - [1217060] Gunfire Reborn -> Gunfire Reborn (status=exact, score=100)
[2026-09-08T12:43:33.154+0000] {matching.py:235} INFO - [1248130] Farming Simulator 22 -> Farming Simulator 22 (status=exact, score=100)
[2026-09-08T12:43:33.155+0000] {matching.py:235} INFO - [437900] Party Jousting -> Party Jousting (status=exact, score=100)
[2026-09-08T12:43:33.155+0000] {matching.py:235} INFO - [635260] CarX Drift Racing Online -> CarX Drift Racing Online (status=exact, score=100)
[2026-09-08T12:43:33.155+0000] {matching.py:235} INFO - [259080] Just Cause 2: Multiplayer Mod -> Just Cause 2: Multiplayer Mod (status=exact, score=100)
[2026-09-08T12:43:33.156+0000] {matching.py:235} INFO - [414340] Hellblade: Senua's Sacrifice -> Hellblade: Senua's Sacrifice (status=exact, score=100)
[2026-09-08T12:43:33.156+0000] {matching.py:235} INFO - [42700] Call of Duty: Black Ops -> Call of Duty: Black Ops (status=exact, score=100)
[2026-09-08T12:43:33.157+0000] {matching.py:235} INFO - [108710] Alan Wake -> Alan Wake (status=exact, score=100)
[2026-09-08T12:43:33.157+0000] {matching.py:235} INFO - [55100] Homefront -> Homefront (status=exact, score=100)
[2026-09-08T12:43:33.157+0000] {matching.py:235} INFO - [1520470] 封灵档案 -> 封灵档案 (status=exact, score=100)
[2026-09-08T12:43:33.158+0000] {matching.py:235} INFO - [644560] Mirror -> Mirror (status=exact, score=100)
[2026-09-08T12:43:33.158+0000] {matching.py:235} INFO - [1263850] Football Manager 2021 -> Football Manager 2021 (status=exact, score=100)
[2026-09-08T12:43:33.158+0000] {matching.py:235} INFO - [407530] ARK: Survival Of The Fittest -> ARK: Survival Of The Fittest (status=exact, score=100)
[2026-09-08T12:43:33.159+0000] {matching.py:235} INFO - [774171] Muse Dash -> Muse Dash (status=exact, score=100)
[2026-09-08T12:43:33.159+0000] {matching.py:235} INFO - [279720] The I of the Dragon -> The I of the Dragon (status=exact, score=100)
[2026-09-08T12:43:33.160+0000] {matching.py:235} INFO - [201810] Wolfenstein: The New Order -> Wolfenstein: The New Order (status=exact, score=100)
[2026-09-08T12:43:33.160+0000] {matching.py:235} INFO - [319510] Five Nights at Freddy's -> Five Nights at Freddy's (status=exact, score=100)
[2026-09-08T12:43:33.160+0000] {matching.py:235} INFO - [1888160] ARMORED CORE VI FIRES OF RUBICON -> Armored Core VI: Fires of Rubicon (status=exact, score=100)
[2026-09-08T12:43:33.161+0000] {matching.py:235} INFO - [674020] World War 3 -> World War 3 (status=exact, score=100)
[2026-09-08T12:43:33.161+0000] {matching.py:235} INFO - [310950] Street Fighter V -> Street Fighter V (status=exact, score=100)
[2026-09-08T12:43:33.161+0000] {matching.py:235} INFO - [952060] Resident Evil 3 -> Resident Evil 3 (status=exact, score=100)
[2026-09-08T12:43:33.162+0000] {matching.py:235} INFO - [949230] Cities: Skylines II -> Cities: Skylines II (status=exact, score=100)
[2026-09-08T12:43:33.162+0000] {matching.py:235} INFO - [1466860] Age of Empires IV: Anniversary Edition -> Age of Empires II: Definitive Edition (status=review, score=79)
[2026-09-08T12:43:33.163+0000] {matching.py:235} INFO - [1904540] Football Manager 2023 -> Football Manager 2023 (status=exact, score=100)
[2026-09-08T12:43:33.163+0000] {matching.py:235} INFO - [388410] Darksiders II Deathinitive Edition -> Darksiders II Deathinitive Edition (status=exact, score=100)
[2026-09-08T12:43:33.163+0000] {matching.py:235} INFO - [544810] KARDS - The WWII Card Game -> KARDS - The WW2 Card Game (status=high_confidence, score=94)
[2026-09-08T12:43:33.164+0000] {matching.py:235} INFO - [611500] Quake Champions -> Quake Champions (status=exact, score=100)
[2026-09-08T12:43:33.164+0000] {matching.py:235} INFO - [50] Half-Life: Opposing Force -> Half-Life: Opposing Force (status=exact, score=100)
[2026-09-08T12:43:33.164+0000] {matching.py:235} INFO - [1408720] Krunker -> Krunker (status=exact, score=100)
[2026-09-08T12:43:33.165+0000] {matching.py:235} INFO - [310560] DiRT Rally -> DiRT Rally (status=exact, score=100)
[2026-09-08T12:43:33.165+0000] {matching.py:235} INFO - [1845910] Dragon Age: The Veilguard -> Dragon Age: The Veilguard (status=exact, score=100)
[2026-09-08T12:43:33.165+0000] {matching.py:235} INFO - [254700] Resident Evil 4 (2005) -> Resident Evil 4 (2005) (status=exact, score=100)
[2026-09-08T12:43:33.166+0000] {matching.py:235} INFO - [1029690] Sniper Elite 5 -> Sniper Elite 5 (status=exact, score=100)
[2026-09-08T12:43:33.166+0000] {matching.py:235} INFO - [12220] Grand Theft Auto: Episodes from Liberty City -> Grand Theft Auto: Episodes from Liberty City (status=exact, score=100)
[2026-09-08T12:43:33.167+0000] {matching.py:235} INFO - [815370] Green Hell -> Green Hell (status=exact, score=100)
[2026-09-08T12:43:33.167+0000] {matching.py:235} INFO - [308040] Back to Bed -> Back to Bed (status=exact, score=100)
[2026-09-08T12:43:33.167+0000] {matching.py:235} INFO - [470220] UNO -> UNO (status=exact, score=100)
[2026-09-08T12:43:33.168+0000] {matching.py:235} INFO - [302830] BLOCKADE 3D -> BLOCKADE 3D (status=exact, score=100)
[2026-09-08T12:43:33.168+0000] {matching.py:235} INFO - [242920] Banished -> Banished (status=exact, score=100)
[2026-09-08T12:43:33.168+0000] {matching.py:235} INFO - [236110] Dungeon Defenders II -> Dungeon Defenders II (status=exact, score=100)
[2026-09-08T12:43:33.169+0000] {matching.py:235} INFO - [383870] Firewatch -> Firewatch (status=exact, score=100)
[2026-09-08T12:43:33.169+0000] {matching.py:235} INFO - [1237950] STAR WARS Battlefront II -> STAR WARS Battlefront II (status=exact, score=100)
[2026-09-08T12:43:33.169+0000] {matching.py:235} INFO - [1399780] Spellbreak -> Spellbreak (status=exact, score=100)
[2026-09-08T12:43:33.170+0000] {matching.py:235} INFO - [312660] Sniper Elite 4 -> Sniper Elite 4 (status=exact, score=100)
[2026-09-08T12:43:33.170+0000] {matching.py:235} INFO - [502500] ACE COMBAT 7: SKIES UNKNOWN -> ACE COMBAT 7: SKIES UNKNOWN (status=exact, score=100)
[2026-09-08T12:43:33.171+0000] {matching.py:235} INFO - [632470] Disco Elysium - The Final Cut -> Disco Elysium: Final Cut (status=high_confidence, score=92)
[2026-09-08T12:43:33.171+0000] {matching.py:235} INFO - [200260] Batman: Arkham City - Game of the Year Edition -> Batman: Arkham City - Game of the Year Edition (status=exact, score=100)
[2026-09-08T12:43:33.171+0000] {matching.py:235} INFO - [393380] Squad -> Squad (status=exact, score=100)
[2026-09-08T12:43:33.172+0000] {matching.py:235} INFO - [40800] Super Meat Boy -> Super Meat Boy (status=exact, score=100)
[2026-09-08T12:43:33.172+0000] {matching.py:235} INFO - [303390] Dead Bits -> Dead Bits (status=exact, score=100)
[2026-09-08T12:43:33.172+0000] {matching.py:235} INFO - [280] Half-Life: Source -> Half-Life: Source (status=exact, score=100)
[2026-09-08T12:43:33.173+0000] {matching.py:235} INFO - [783770] Ironsight -> Ironsight (status=exact, score=100)
[2026-09-08T12:43:33.173+0000] {matching.py:235} INFO - [212070] Star Conflict -> Star Conflict (status=exact, score=100)
[2026-09-08T12:43:33.174+0000] {matching.py:235} INFO - [110800] L.A. Noire -> L.A. Noire (status=exact, score=100)
[2026-09-08T12:43:33.174+0000] {matching.py:235} INFO - [41070] Serious Sam 3: BFE -> Serious Sam 3: BFE (status=exact, score=100)
[2026-09-08T12:43:33.174+0000] {matching.py:235} INFO - [50300] Spec Ops: The Line -> Spec Ops: The Line (status=exact, score=100)
[2026-09-08T12:43:33.175+0000] {matching.py:235} INFO - [1284210] Guild Wars 2 -> Guild Wars 2 (status=exact, score=100)
[2026-09-08T12:43:33.175+0000] {matching.py:235} INFO - [485510] Nioh: Complete Edition -> Nioh: Complete Edition (status=exact, score=100)
[2026-09-08T12:43:33.175+0000] {matching.py:235} INFO - [35700] Trine Enchanted Edition -> Trine Enchanted Edition (status=exact, score=100)
[2026-09-08T12:43:33.176+0000] {matching.py:235} INFO - [210770] Sanctum 2 -> Sanctum 2 (status=exact, score=100)
[2026-09-08T12:43:33.176+0000] {matching.py:235} INFO - [282140] SOMA -> SOMA (status=exact, score=100)
[2026-09-08T12:43:33.176+0000] {matching.py:235} INFO - [495420] State of Decay 2: Juggernaut Edition -> State of Decay 2: Juggernaut Edition (status=exact, score=100)
[2026-09-08T12:43:33.177+0000] {matching.py:235} INFO - [323580] Jotun: Valhalla Edition -> Jotun: Valhalla Edition (status=exact, score=100)
[2026-09-08T12:43:33.177+0000] {matching.py:235} INFO - [225260] Brutal Legend -> Brutal Legend (status=exact, score=100)
[2026-09-08T12:43:33.178+0000] {matching.py:235} INFO - [2835570] Buckshot Roulette -> Buckshot Roulette (status=exact, score=100)
[2026-09-08T12:43:33.178+0000] {matching.py:235} INFO - [464920] Surviving Mars -> Surviving Mars (status=exact, score=100)
[2026-09-08T12:43:33.178+0000] {matching.py:235} INFO - [9900] Star Trek Online -> Star Trek Online (status=exact, score=100)
[2026-09-08T12:43:33.179+0000] {matching.py:235} INFO - [7940] Call of Duty 4: Modern Warfare (2007) -> Call of Duty 4: Modern Warfare (status=high_confidence, score=92)
[2026-09-08T12:43:33.179+0000] {matching.py:235} INFO - [493340] Planet Coaster -> Planet Coaster (status=exact, score=100)
[2026-09-08T12:43:33.179+0000] {matching.py:235} INFO - [343710] Kholat -> Kholat (status=exact, score=100)
[2026-09-08T12:43:33.180+0000] {matching.py:235} INFO - [504230] Celeste -> Celeste (status=exact, score=100)
[2026-09-08T12:43:33.180+0000] {matching.py:235} INFO - [265590] The Red Solstice -> The Red Solstice (status=exact, score=100)
[2026-09-08T12:43:33.180+0000] {matching.py:235} INFO - [394510] HELLDIVERS Dive Harder Edition -> Teleglitch: Die More Edition (status=unmatched, score=67)
[2026-09-08T12:43:33.181+0000] {matching.py:235} INFO - [1128810] RISK: Global Domination -> RISK: Global Domination (status=exact, score=100)
[2026-09-08T12:43:33.181+0000] {matching.py:235} INFO - [325610] Total War: ATTILA -> Total War: ATTILA (status=exact, score=100)
[2026-09-08T12:43:33.182+0000] {matching.py:235} INFO - [1643320] S.T.A.L.K.E.R. 2: Heart of Chornobyl -> S.T.A.L.K.E.R. 2: Heart of Chornobyl (status=exact, score=100)
[2026-09-08T12:43:33.182+0000] {matching.py:235} INFO - [204450] Call of Juarez: Gunslinger -> Call of Juarez: Gunslinger (status=exact, score=100)
[2026-09-08T12:43:33.182+0000] {matching.py:235} INFO - [63380] Sniper Elite V2 -> Sniper Elite V2 (status=exact, score=100)
[2026-09-08T12:43:33.183+0000] {matching.py:235} INFO - [268420] Aura Kingdom -> Aura Kingdom (status=exact, score=100)
[2026-09-08T12:43:33.183+0000] {matching.py:235} INFO - [482730] Football Manager 2017 -> Football Manager 2017 (status=exact, score=100)
[2026-09-08T12:43:33.183+0000] {matching.py:235} INFO - [360970] Heaven Forest NIGHTS -> Heaven Forest NIGHTS (status=exact, score=100)
[2026-09-08T12:43:33.184+0000] {matching.py:235} INFO - [22370] Fallout 3: Game of the Year Edition -> Fallout 3: Game of the Year Edition (status=exact, score=100)
[2026-09-08T12:43:33.184+0000] {matching.py:235} INFO - [349040] NARUTO SHIPPUDEN: Ultimate Ninja STORM 4 -> NARUTO SHIPPUDEN: Ultimate Ninja STORM 4 (status=exact, score=100)
[2026-09-08T12:43:33.185+0000] {matching.py:235} INFO - [823130] Totally Accurate Battlegrounds -> Totally Accurate Battlegrounds (status=exact, score=100)
[2026-09-08T12:43:33.185+0000] {matching.py:235} INFO - [204100] Max Payne 3 -> Max Payne 3 (status=exact, score=100)
[2026-09-08T12:43:33.185+0000] {matching.py:235} INFO - [1184370] Pathfinder: Wrath of the Righteous - Enhanced Edition -> Pathfinder: Wrath of the Righteous (status=high_confidence, score=80)
[2026-09-08T12:43:33.186+0000] {matching.py:235} INFO - [640820] Pathfinder: Kingmaker — Enhanced Plus Edition -> Interplanetary: Enhanced Edition (status=review, score=71)
[2026-09-08T12:43:33.186+0000] {matching.py:235} INFO - [47890] The Sims 3 -> The Sims 3 (status=exact, score=100)
[2026-09-08T12:43:33.186+0000] {matching.py:235} INFO - [637650] FINAL FANTASY XV WINDOWS EDITION -> FINAL FANTASY XV WINDOWS EDITION (status=exact, score=100)
[2026-09-08T12:43:33.187+0000] {matching.py:235} INFO - [703080] Planet Zoo -> Planet Zoo (status=exact, score=100)
[2026-09-08T12:43:33.187+0000] {matching.py:235} INFO - [35140] Batman: Arkham Asylum Game of the Year Edition -> Batman: Arkham Asylum Game of the Year Edition (status=exact, score=100)
[2026-09-08T12:43:33.188+0000] {matching.py:235} INFO - [460950] Katana ZERO -> Katana ZERO (status=exact, score=100)
[2026-09-08T12:43:33.188+0000] {matching.py:235} INFO - [50620] Darksiders -> Darksiders (status=exact, score=100)
[2026-09-08T12:43:33.188+0000] {matching.py:235} INFO - [337000] Deus Ex: Mankind Divided -> Deus Ex: Mankind Divided (status=exact, score=100)
[2026-09-08T12:43:33.189+0000] {matching.py:235} INFO - [433340] Slime Rancher -> Slime Rancher (status=exact, score=100)
[2026-09-08T12:43:33.189+0000] {matching.py:235} INFO - [238010] Deus Ex: Human Revolution - Director's Cut -> Deus Ex: Human Revolution - Director's Cut (status=exact, score=100)
[2026-09-08T12:43:33.190+0000] {matching.py:235} INFO - [527230] For The King -> For The King (status=exact, score=100)
[2026-09-08T12:43:33.190+0000] {matching.py:235} INFO - [39120] RIFT -> RIFT (status=exact, score=100)
[2026-09-08T12:43:33.190+0000] {matching.py:235} INFO - [307690] Sleeping Dogs: Definitive Edition -> Sleeping Dogs: Definitive Edition (status=exact, score=100)
[2026-09-08T12:43:33.191+0000] {matching.py:235} INFO - [266840] Age of Mythology: Extended Edition -> Age of Mythology: Extended Edition (status=exact, score=100)
[2026-09-08T12:43:33.191+0000] {matching.py:235} INFO - [2054970] Dragon's Dogma 2 -> Dragon’s Dogma 2 (status=exact, score=100)
[2026-09-08T12:43:33.191+0000] {matching.py:235} INFO - [645630] Car Mechanic Simulator 2018 -> Car Mechanic Simulator 2018 (status=exact, score=100)
[2026-09-08T12:43:33.192+0000] {matching.py:235} INFO - [300] Day of Defeat: Source -> Day of Defeat: Source (status=exact, score=100)
[2026-09-08T12:43:33.192+0000] {matching.py:235} INFO - [1790600] DRAGON BALL: Sparking! ZERO -> DRAGON BALL: Sparking! ZERO (status=exact, score=100)
[2026-09-08T12:43:33.192+0000] {matching.py:235} INFO - [368260] Marvel's Midnight Suns -> Marvel's Midnight Suns (status=exact, score=100)
[2026-09-08T12:43:33.193+0000] {matching.py:235} INFO - [389570] Mitos.is: The Game -> Mitos.is: The Game (status=exact, score=100)
[2026-09-08T12:43:33.193+0000] {matching.py:235} INFO - [736590] Operation: Harsh Doorstop -> Operation: Harsh Doorstop (status=exact, score=100)
[2026-09-08T12:43:33.194+0000] {matching.py:235} INFO - [1637320] Dome Keeper -> Dome Keeper (status=exact, score=100)
[2026-09-08T12:43:33.194+0000] {matching.py:235} INFO - [409720] BioShock 2 Remastered -> BioShock 2 Remastered (status=exact, score=100)
[2026-09-08T12:43:33.194+0000] {matching.py:235} INFO - [975370] Dwarf Fortress -> Dwarf Fortress (status=exact, score=100)
[2026-09-08T12:43:33.195+0000] {matching.py:235} INFO - [15620] Warhammer 40,000: Dawn of War II - Anniversary Edition (Classic) -> Warhammer 40,000: Dawn of War III (status=review, score=70)
[2026-09-08T12:43:33.195+0000] {matching.py:235} INFO - [1371980] No Rest for the Wicked -> No Rest for the Wicked (status=exact, score=100)
[2026-09-08T12:43:33.195+0000] {matching.py:235} INFO - [993090] Lossless Scaling -> Lossless Scaling (status=exact, score=100)
[2026-09-08T12:43:33.196+0000] {matching.py:235} INFO - [476480] Heaven Forest - VR MMO -> Heaven Forest - VR MMO (status=exact, score=100)
[2026-09-08T12:43:33.196+0000] {matching.py:235} INFO - [65930] The Bureau: XCOM Declassified -> The Bureau: XCOM Declassified (status=exact, score=100)
[2026-09-08T12:43:33.197+0000] {matching.py:235} INFO - [3132990] Black Myth: Wukong Benchmark Tool -> Black Myth: Wukong (status=high_confidence, score=69)
[2026-09-08T12:43:33.197+0000] {matching.py:235} INFO - [1277400] Monster Hunter Stories 2: Wings of Ruin -> Monster Hunter Stories 2: Wings of Ruin (status=exact, score=100)
[2026-09-08T12:43:33.197+0000] {matching.py:235} INFO - [2215430] Ghost of Tsushima DIRECTOR'S CUT -> Ghost of Tsushima Director's Cut (status=exact, score=100)
[2026-09-08T12:43:33.198+0000] {matching.py:235} INFO - [602960] Barotrauma -> Barotrauma (status=exact, score=100)
[2026-09-08T12:43:33.198+0000] {matching.py:235} INFO - [606150] Moonlighter -> Moonlighter (status=exact, score=100)
[2026-09-08T12:43:33.198+0000] {matching.py:235} INFO - [342200] MechWarrior Online Solaris 7 -> MechWarrior Online (status=high_confidence, score=78)
[2026-09-08T12:43:33.199+0000] {matching.py:235} INFO - [1824220] Chivalry 2 -> Chivalry 2 (status=exact, score=100)
[2026-09-08T12:43:33.199+0000] {matching.py:235} INFO - [55150] Warhammer 40,000: Space Marine - Anniversary Edition -> Warhammer 40,000: Space Marine - Master Crafted Edition (status=review, score=79)
[2026-09-08T12:43:33.200+0000] {matching.py:235} INFO - [8980] Borderlands Game of the Year -> Borderlands Game Of The Year (status=exact, score=100)
[2026-09-08T12:43:33.200+0000] {matching.py:235} INFO - [900883] The Elder Scrolls IV: Oblivion Game of the Year Edition Deluxe (2009) -> The Elder Scrolls IV: Oblivion Game of the Year Edition (status=high_confidence, score=90)
[2026-09-08T12:43:33.200+0000] {matching.py:235} INFO - [312530] Duck Game -> Duck Game (status=exact, score=100)
[2026-09-08T12:43:33.201+0000] {matching.py:235} INFO - [1139900] Ghostrunner -> Ghostrunner (status=exact, score=100)
[2026-09-08T12:43:33.201+0000] {matching.py:235} INFO - [1343400] RuneScape  -> RuneScape (status=exact, score=100)
[2026-09-08T12:43:33.202+0000] {matching.py:235} INFO - [738060] Freddy Fazbear's Pizzeria Simulator -> Freddy Fazbear's Pizzeria Simulator (status=exact, score=100)
[2026-09-08T12:43:33.202+0000] {matching.py:235} INFO - [893520] Creative Destruction -> Creative Destruction (status=exact, score=100)
[2026-09-08T12:43:33.202+0000] {matching.py:235} INFO - [234650] Shadowrun Returns -> Shadowrun Returns (status=exact, score=100)
[2026-09-08T12:43:33.203+0000] {matching.py:235} INFO - [744900] Dead Frontier 2 -> Dead Frontier 2 (status=exact, score=100)
[2026-09-08T12:43:33.203+0000] {matching.py:235} INFO - [314160] Microsoft Flight Simulator X: Steam Edition -> Microsoft Flight Simulator X: Acceleration (status=review, score=82)
[2026-09-08T12:43:33.203+0000] {matching.py:235} INFO - [1364780] Street Fighter 6 -> Street Fighter 6 (status=exact, score=100)
[2026-09-08T12:43:33.204+0000] {matching.py:235} INFO - [9010] Return to Castle Wolfenstein -> Return to Castle Wolfenstein (status=exact, score=100)
[2026-09-08T12:43:33.204+0000] {matching.py:235} INFO - [554620] Life is Strange: Before the Storm -> Life is Strange: Before The Storm (status=exact, score=100)
[2026-09-08T12:43:33.205+0000] {matching.py:235} INFO - [368500] Assassin's Creed Syndicate -> Assassin's Creed Syndicate (status=exact, score=100)
[2026-09-08T12:43:33.205+0000] {matching.py:235} INFO - [17470] Dead Space (2008) -> Dead Space (2008) (status=exact, score=100)
[2026-09-08T12:43:33.205+0000] {matching.py:235} INFO - [204300] Awesomenauts -> Awesomenauts (status=exact, score=100)
[2026-09-08T12:43:33.206+0000] {matching.py:235} INFO - [630100] SoulWorker - Anime Action MMO -> SoulWorker - Anime Action MMO (status=exact, score=100)
[2026-09-08T12:43:33.206+0000] {matching.py:235} INFO - [750920] Shadow of the Tomb Raider: Definitive Edition -> Shadow of the Tomb Raider: Definitive Edition (status=exact, score=100)
[2026-09-08T12:43:33.206+0000] {matching.py:235} INFO - [436520] Line of Sight -> Line of Sight (status=exact, score=100)
[2026-09-08T12:43:33.207+0000] {matching.py:235} INFO - [1659040] HITMAN World of Assassination -> HITMAN: Sniper Assassin (status=unmatched, score=67)
[2026-09-08T12:43:33.207+0000] {matching.py:235} INFO - [788100] Neon Abyss -> Neon Abyss (status=exact, score=100)
[2026-09-08T12:43:33.208+0000] {matching.py:235} INFO - [858820] Tribes of Midgard -> Tribes of Midgard (status=exact, score=100)
[2026-09-08T12:43:33.208+0000] {matching.py:235} INFO - [680420] OUTRIDERS -> Outriders (status=exact, score=100)
[2026-09-08T12:43:33.208+0000] {matching.py:235} INFO - [678960] CODE VEIN -> Code Vein (status=exact, score=100)
[2026-09-08T12:43:33.209+0000] {matching.py:235} INFO - [1611910] Warhammer 40,000: Chaos Gate - Daemonhunters -> Warhammer 40,000: Chaos Gate - Daemonhunters (status=exact, score=100)
[2026-09-08T12:43:33.209+0000] {matching.py:235} INFO - [206440] To the Moon -> To the Moon (status=exact, score=100)
[2026-09-08T12:43:33.209+0000] {matching.py:235} INFO - [613010] Secret in Story -> Secret in Story (status=exact, score=100)
[2026-09-08T12:43:33.210+0000] {matching.py:235} INFO - [424280] Iron Snout -> Iron Snout (status=exact, score=100)
[2026-09-08T12:43:33.210+0000] {matching.py:235} INFO - [212160] Vindictus -> Vindictus (status=exact, score=100)
[2026-09-08T12:43:33.210+0000] {matching.py:235} INFO - [1030830] Mafia II: Definitive Edition -> Mafia II: Definitive Edition (status=exact, score=100)
[2026-09-08T12:43:33.211+0000] {matching.py:235} INFO - [365450] Hacknet -> Hacknet (status=exact, score=100)
[2026-09-08T12:43:33.211+0000] {matching.py:235} INFO - [302510] Ryse: Son of Rome -> Ryse: Son of Rome (status=exact, score=100)
[2026-09-08T12:43:33.212+0000] {matching.py:235} INFO - [22330] The Elder Scrolls IV: Oblivion Game of the Year Edition (2009) -> The Elder Scrolls IV: Oblivion Game of the Year Edition (status=high_confidence, score=96)
[2026-09-08T12:43:33.212+0000] {matching.py:235} INFO - [1687950] Persona 5 Royal -> Persona 5 Royal (status=exact, score=100)
[2026-09-08T12:43:33.212+0000] {matching.py:235} INFO - [238370] Magicka 2 -> Magicka 2 (status=exact, score=100)
[2026-09-08T12:43:33.213+0000] {matching.py:235} INFO - [113020] Monaco: What's Yours Is Mine -> Monaco: What's Yours Is Mine (status=exact, score=100)
[2026-09-08T12:43:33.213+0000] {matching.py:235} INFO - [3070070] TCG Card Shop Simulator -> TCG Card Shop Simulator (status=exact, score=100)
[2026-09-08T12:43:33.213+0000] {matching.py:235} INFO - [977950] A Dance of Fire and Ice -> A Dance of Fire and Ice (status=exact, score=100)
[2026-09-08T12:43:33.214+0000] {matching.py:235} INFO - [6860] Hitman: Blood Money -> Hitman: Blood Money (status=exact, score=100)
[2026-09-08T12:43:33.214+0000] {matching.py:235} INFO - [1057240] Crucible Beta -> Crucible Beta (status=exact, score=100)
[2026-09-08T12:43:33.214+0000] {matching.py:235} INFO - [268050] The Evil Within -> The Evil Within (status=exact, score=100)
[2026-09-08T12:43:33.215+0000] {matching.py:235} INFO - [511470] Glass Masquerade -> Glass Masquerade (status=exact, score=100)
[2026-09-08T12:43:33.215+0000] {matching.py:235} INFO - [389430] Knight Online -> Knight Online (status=exact, score=100)
[2026-09-08T12:43:33.215+0000] {matching.py:235} INFO - [289130] ENDLESS Legend -> Endless Legend (status=exact, score=100)
[2026-09-08T12:43:33.216+0000] {matching.py:235} INFO - [488790] South Park: The Fractured But Whole -> South Park: The Fractured But Whole (status=exact, score=100)
[2026-09-08T12:43:33.216+0000] {matching.py:235} INFO - [493520] GTFO -> GTFO (status=exact, score=100)
[2026-09-08T12:43:33.217+0000] {matching.py:235} INFO - [546560] Half-Life: Alyx -> Half-Life: Alyx (status=exact, score=100)
[2026-09-08T12:43:33.217+0000] {matching.py:235} INFO - [439190] Stories: The Path of Destinies -> Stories: The Path of Destinies (status=exact, score=100)
[2026-09-08T12:43:33.217+0000] {matching.py:235} INFO - [67370] The Darkness II -> The Darkness II (status=exact, score=100)
[2026-09-08T12:43:33.218+0000] {matching.py:235} INFO - [845070] The Awesome Adventures of Captain Spirit -> The Awesome Adventures of Captain Spirit (status=exact, score=100)
[2026-09-08T12:43:33.218+0000] {matching.py:235} INFO - [453480] Shadowverse CCG -> Shadowverse CCG (status=exact, score=100)
[2026-09-08T12:43:33.219+0000] {matching.py:235} INFO - [633230] NARUTO TO BORUTO: SHINOBI STRIKER -> NARUTO TO BORUTO: SHINOBI STRIKER (status=exact, score=100)
[2026-09-08T12:43:33.219+0000] {matching.py:235} INFO - [32370] STAR WARS Knights of the Old Republic -> Star Wars: Knights of the Old Republic (status=exact, score=100)
[2026-09-08T12:43:33.219+0000] {matching.py:235} INFO - [476600] Call of Duty: WWII -> Call of Duty: WWII (status=exact, score=100)
[2026-09-08T12:43:33.220+0000] {matching.py:235} INFO - [1404210] Red Dead Online -> Red Dead Online (status=exact, score=100)
[2026-09-08T12:43:33.220+0000] {matching.py:235} INFO - [1557740] ROUNDS -> ROUNDS (status=exact, score=100)
[2026-09-08T12:43:33.220+0000] {matching.py:235} INFO - [1619450] Heart of a Warrior -> Heart of a Warrior (status=exact, score=100)
[2026-09-08T12:43:33.221+0000] {matching.py:235} INFO - [683320] GRIS -> Gris (status=exact, score=100)
[2026-09-08T12:43:33.221+0000] {matching.py:235} INFO - [2551020] One-armed robber -> One-armed robber (status=exact, score=100)
[2026-09-08T12:43:33.221+0000] {matching.py:235} INFO - [1536610] OpenTTD -> OpenTTD (status=exact, score=100)
[2026-09-08T12:43:33.222+0000] {matching.py:235} INFO - [386940] Ultimate Chicken Horse -> Ultimate Chicken Horse (status=exact, score=100)
[2026-09-08T12:43:33.222+0000] {matching.py:235} INFO - [346010] Besiege -> Besiege (status=exact, score=100)
[2026-09-08T12:43:33.222+0000] {matching.py:235} INFO - [924970] Back 4 Blood -> Back 4 Blood (status=exact, score=100)
[2026-09-08T12:43:33.223+0000] {matching.py:235} INFO - [349700] Romero's Aftermath -> Romero's Aftermath (status=exact, score=100)
[2026-09-08T12:43:33.223+0000] {matching.py:235} INFO - [208140] ENDLESS Space - Definitive Edition -> ReCore: Definitive Edition (status=review, score=77)
[2026-09-08T12:43:33.224+0000] {matching.py:235} INFO - [206500] AirMech Strike -> AirMech Arena (status=review, score=74)
[2026-09-08T12:43:33.224+0000] {matching.py:235} INFO - [57690] Tropico 4 -> Tropico 4 (status=exact, score=100)
[2026-09-08T12:43:33.224+0000] {matching.py:235} INFO - [2322010] God of War Ragnarök -> God of War Ragnarök (status=exact, score=100)
[2026-09-08T12:43:33.225+0000] {matching.py:235} INFO - [274940] Depth -> Depth (status=exact, score=100)
[2026-09-08T12:43:33.225+0000] {matching.py:235} INFO - [412220] DDraceNetwork -> DDraceNetwork (status=exact, score=100)
[2026-09-08T12:43:33.225+0000] {matching.py:235} INFO - [1290000] PowerWash Simulator -> PowerWash Simulator (status=exact, score=100)
[2026-09-08T12:43:33.226+0000] {matching.py:235} INFO - [1286680] Tiny Tina's Wonderlands -> Tiny Tina's Wonderlands (status=exact, score=100)
[2026-09-08T12:43:33.226+0000] {matching.py:235} INFO - [39500] Gothic 3 -> Gothic 3 (status=exact, score=100)
[2026-09-08T12:43:33.226+0000] {matching.py:235} INFO - [872790] Football Manager 2019 -> Football Manager 2019 (status=exact, score=100)
[2026-09-08T12:43:33.227+0000] {matching.py:235} INFO - [291650] Pillars of Eternity -> Pillars of Eternity (status=exact, score=100)
[2026-09-08T12:43:33.227+0000] {matching.py:235} INFO - [17330] Crysis Warhead -> Crysis Warhead (status=exact, score=100)
[2026-09-08T12:43:33.228+0000] {matching.py:235} INFO - [1533390] Gorilla Tag -> Gorilla Tag (status=exact, score=100)
[2026-09-08T12:43:33.228+0000] {matching.py:235} INFO - [606280] Darksiders III -> Darksiders III (status=exact, score=100)
[2026-09-08T12:43:33.228+0000] {matching.py:235} INFO - [10500] Total War: EMPIRE – Definitive Edition -> Age of Empires: Definitive Edition (status=review, score=79)
[2026-09-08T12:43:33.229+0000] {matching.py:235} INFO - [1476970] Legends of IdleOn - Idle MMO -> Legends of Idleon MMO (status=high_confidence, score=89)
[2026-09-08T12:43:33.229+0000] {matching.py:235} INFO - [1262580] Need for Speed Payback -> Need for Speed Payback (status=exact, score=100)
[2026-09-08T12:43:33.229+0000] {matching.py:235} INFO - [246620] Plague Inc: Evolved -> Plague Inc: Evolved (status=exact, score=100)
[2026-09-08T12:43:33.230+0000] {matching.py:235} INFO - [319830] AX:EL - Air XenoDawn -> AX:EL - Air XenoDawn (status=exact, score=100)
[2026-09-08T12:43:33.230+0000] {matching.py:235} INFO - [324800] Shadow Warrior 2 -> Shadow Warrior 2 (status=exact, score=100)
[2026-09-08T12:43:33.231+0000] {matching.py:235} INFO - [341800] Keep Talking and Nobody Explodes -> Keep Talking and Nobody Explodes (status=exact, score=100)
[2026-09-08T12:43:33.231+0000] {matching.py:235} INFO - [322500] SUPERHOT -> SUPERHOT (status=exact, score=100)
[2026-09-08T12:43:33.231+0000] {matching.py:235} INFO - [939960] Far Cry New Dawn -> Far Cry New Dawn (status=exact, score=100)
[2026-09-08T12:43:33.232+0000] {matching.py:235} INFO - [239820] Game Dev Tycoon -> Game Dev Tycoon (status=exact, score=100)
[2026-09-08T12:43:33.232+0000] {matching.py:235} INFO - [509980] BIGFOOT -> Bigfoot (status=exact, score=100)
[2026-09-08T12:43:33.232+0000] {matching.py:235} INFO - [364360] Total War: WARHAMMER -> Total War: WARHAMMER (status=exact, score=100)
[2026-09-08T12:43:33.233+0000] {matching.py:235} INFO - [492720] Tropico 6 -> Tropico 6 (status=exact, score=100)
[2026-09-08T12:43:33.233+0000] {matching.py:235} INFO - [12110] Grand Theft Auto: Vice City -> Grand Theft Auto: Vice City (status=exact, score=100)
[2026-09-08T12:43:33.234+0000] {matching.py:235} INFO - [460790] Bayonetta -> Bayonetta (status=exact, score=100)
[2026-09-08T12:43:33.234+0000] {matching.py:235} INFO - [1213210] Command & Conquer Remastered Collection -> Command & Conquer Remastered Collection (status=exact, score=100)
[2026-09-08T12:43:33.234+0000] {matching.py:235} INFO - [627690] Idle Champions of the Forgotten Realms -> Idle Champions of the Forgotten Realms (status=exact, score=100)
[2026-09-08T12:43:33.235+0000] {matching.py:235} INFO - [569480] Kingdoms and Castles -> Kingdoms and Castles (status=exact, score=100)
[2026-09-08T12:43:33.235+0000] {matching.py:235} INFO - [2021910] FPS Chess -> FPS Chess (status=exact, score=100)
[2026-09-08T12:43:33.235+0000] {matching.py:235} INFO - [242860] Verdun -> Verdun (status=exact, score=100)
[2026-09-08T12:43:33.236+0000] {matching.py:235} INFO - [239160] Thief -> Thief (status=exact, score=100)
[2026-09-08T12:43:33.236+0000] {matching.py:235} INFO - [391460] WARMODE -> WARMODE (status=exact, score=100)
[2026-09-08T12:43:33.236+0000] {matching.py:235} INFO - [636480] Ravenfield -> Ravenfield (status=exact, score=100)
[2026-09-08T12:43:33.237+0000] {matching.py:235} INFO - [2100] Dark Messiah of Might & Magic -> Dark Messiah of Might and Magic (status=high_confidence, score=93)
[2026-09-08T12:43:33.237+0000] {matching.py:235} INFO - [228280] Baldur's Gate: Enhanced Edition -> Baldur's Gate: Enhanced Edition (status=exact, score=100)
[2026-09-08T12:43:33.238+0000] {matching.py:235} INFO - [21690] Resident Evil 5 -> Resident Evil 5 (status=exact, score=100)
[2026-09-08T12:43:33.238+0000] {matching.py:235} INFO - [2420510] HoloCure - Save the Fans! -> HoloCure - Save the Fans! (status=exact, score=100)
[2026-09-08T12:43:33.238+0000] {matching.py:235} INFO - [629730] Blade and Sorcery -> Blade and Sorcery (status=exact, score=100)
[2026-09-08T12:43:33.239+0000] {matching.py:235} INFO - [113420] Fallen Earth Free2Play -> Fallen Earth Free2Play (status=exact, score=100)
[2026-09-08T12:43:33.239+0000] {matching.py:235} INFO - [304240] Resident Evil -> Resident Evil (status=exact, score=100)
[2026-09-08T12:43:33.240+0000] {matching.py:235} INFO - [269210] Hero Siege -> Hero Siege (status=exact, score=100)
[2026-09-08T12:43:33.240+0000] {matching.py:235} INFO - [706990] BLOCKPOST -> BLOCKPOST (status=exact, score=100)
[2026-09-08T12:43:33.240+0000] {matching.py:235} INFO - [621060] PC Building Simulator -> PC Building Simulator (status=exact, score=100)
[2026-09-08T12:43:33.241+0000] {matching.py:235} INFO - [48190] Assassin’s Creed Brotherhood -> Assassin’s Creed Brotherhood (status=exact, score=100)
[2026-09-08T12:43:33.241+0000] {matching.py:235} INFO - [638970] Yakuza 0 -> Yakuza 0 (status=exact, score=100)
[2026-09-08T12:43:33.242+0000] {matching.py:235} INFO - [24010] Train Simulator Classic -> Train Simulator (status=high_confidence, score=79)
[2026-09-08T12:43:33.242+0000] {matching.py:235} INFO - [228380] Wreckfest -> Wreckfest (status=exact, score=100)
[2026-09-08T12:43:33.242+0000] {matching.py:235} INFO - [327690] Gigantic -> Gigantic (status=exact, score=100)
[2026-09-08T12:43:33.243+0000] {matching.py:235} INFO - [417860] Emily is Away -> Emily is Away (status=exact, score=100)
[2026-09-08T12:43:33.243+0000] {matching.py:235} INFO - [1262350] SIGNALIS -> Signalis (status=exact, score=100)
[2026-09-08T12:43:33.243+0000] {matching.py:235} INFO - [1058020] STAR WARS Battlefront (Classic, 2004) -> Star Wars: Battlefront (2004) (status=high_confidence, score=87)
[2026-09-08T12:43:33.244+0000] {matching.py:235} INFO - [582160] Assassin's Creed Origins -> Assassin's Creed Origins (status=exact, score=100)
[2026-09-08T12:43:33.244+0000] {matching.py:235} INFO - [287450] Rise of Nations: Extended Edition -> Rise of Nations: Extended Edition (status=exact, score=100)
[2026-09-08T12:43:33.244+0000] {matching.py:235} INFO - [582500] We Were Here -> We Were Here (status=exact, score=100)
[2026-09-08T12:43:33.245+0000] {matching.py:235} INFO - [442080] Riders of Icarus -> Riders of Icarus (status=exact, score=100)
[2026-09-08T12:43:33.245+0000] {matching.py:235} INFO - [519860] DUSK -> DUSK (status=exact, score=100)
[2026-09-08T12:43:33.246+0000] {matching.py:235} INFO - [22320] The Elder Scrolls III: Morrowind Game of the Year Edition -> The Elder Scrolls IV: Oblivion Game of the Year Edition (status=high_confidence, score=87)
[2026-09-08T12:43:33.246+0000] {matching.py:235} INFO - [704270] Generation Zero -> Hero Generations (status=high_confidence, score=90)
[2026-09-08T12:43:33.246+0000] {matching.py:235} INFO - [40990] Mafia -> Mafia (status=exact, score=100)
[2026-09-08T12:43:33.247+0000] {matching.py:235} INFO - [1627140] Sabre Team -> Sabre Team (status=exact, score=100)
[2026-09-08T12:43:33.247+0000] {matching.py:235} INFO - [612880] Wolfenstein II: The New Colossus -> Wolfenstein II: The New Colossus (status=exact, score=100)
[2026-09-08T12:43:33.248+0000] {matching.py:235} INFO - [638070] Murderous Pursuits -> Murderous Pursuits (status=exact, score=100)
[2026-09-08T12:43:33.248+0000] {matching.py:235} INFO - [3146520] WEBFISHING -> WEBFISHING (status=exact, score=100)
[2026-09-08T12:43:33.248+0000] {matching.py:235} INFO - [537180] Digimon Masters Online -> Digimon Masters Online (status=exact, score=100)
[2026-09-08T12:43:33.249+0000] {matching.py:235} INFO - [232890] Stronghold Crusader 2 -> Stronghold Crusader 2 (status=exact, score=100)
[2026-09-08T12:43:33.249+0000] {matching.py:235} INFO - [6000] STAR WARS Republic Commando -> Star Wars: Republic Commando (status=exact, score=100)
[2026-09-08T12:43:33.249+0000] {matching.py:235} INFO - [1049410] Superliminal -> Superliminal (status=exact, score=100)
[2026-09-08T12:43:33.250+0000] {matching.py:235} INFO - [1343370] Old School RuneScape -> Old School RuneScape (status=exact, score=100)
[2026-09-08T12:43:33.250+0000] {matching.py:235} INFO - [1238860] Battlefield 4 -> Battlefield 4 (status=exact, score=100)
[2026-09-08T12:43:33.250+0000] {matching.py:235} INFO - [961200] Predecessor -> Predecessor (status=exact, score=100)
[2026-09-08T12:43:33.251+0000] {matching.py:235} INFO - [102600] Orcs Must Die! -> Orcs Must Die! (status=exact, score=100)
[2026-09-08T12:43:33.251+0000] {matching.py:235} INFO - [2527500] MiSide -> MiSide (status=exact, score=100)
[2026-09-08T12:43:33.252+0000] {matching.py:235} INFO - [870780] CONTROL Ultimate Edition -> Control Ultimate Edition (status=exact, score=100)
[2026-09-08T12:43:33.252+0000] {matching.py:235} INFO - [24980] Mass Effect 2 (2010 Edition) -> Mass Effect: Legendary Edition (status=unmatched, score=69)
[2026-09-08T12:43:33.252+0000] {matching.py:235} INFO - [312520] Rain World -> Rain World (status=exact, score=100)
[2026-09-08T12:43:33.253+0000] {matching.py:235} INFO - [285190] Warhammer 40,000: Dawn of War III -> Warhammer 40,000: Dawn of War III (status=exact, score=100)
[2026-09-08T12:43:33.253+0000] {matching.py:235} INFO - [202170] Sleeping Dogs -> Sleeping Dogs (status=exact, score=100)
[2026-09-08T12:43:33.253+0000] {matching.py:235} INFO - [235600] Tom Clancy’s Splinter Cell Blacklist -> Tom Clancy’s Splinter Cell Blacklist (status=exact, score=100)
[2026-09-08T12:43:33.254+0000] {matching.py:235} INFO - [34030] Total War: NAPOLEON – Definitive Edition -> Napoleon: Total War - Gold Edition (status=review, score=76)
[2026-09-08T12:43:33.254+0000] {matching.py:235} INFO - [459820] Crush Crush -> Crush Crush (status=exact, score=100)
[2026-09-08T12:43:33.254+0000] {matching.py:235} INFO - [47810] Dragon Age: Origins - Ultimate Edition -> Dragon Age: Origins - Ultimate Edition (status=exact, score=100)
[2026-09-08T12:43:33.255+0000] {matching.py:235} INFO - [1313860] EA SPORTS FIFA 21 -> EA SPORTS FIFA 16 (status=high_confidence, score=94)
[2026-09-08T12:43:33.255+0000] {matching.py:235} INFO - [280790] Creativerse -> Creativerse (status=exact, score=100)
[2026-09-08T12:43:33.256+0000] {matching.py:235} INFO - [2280] DOOM + DOOM II -> DOOM + DOOM II (status=exact, score=100)
[2026-09-08T12:43:33.256+0000] {matching.py:235} INFO - [637090] BATTLETECH -> BATTLETECH (status=exact, score=100)
[2026-09-08T12:43:33.256+0000] {matching.py:235} INFO - [690790] DiRT Rally 2.0 -> DiRT Rally 2.0 (status=exact, score=100)
[2026-09-08T12:43:33.257+0000] {matching.py:235} INFO - [704850] Thief Simulator -> Thief Simulator (status=exact, score=100)
[2026-09-08T12:43:33.257+0000] {matching.py:235} INFO - [424370] Wolcen: Lords of Mayhem -> Wolcen: Lords of Mayhem (status=exact, score=100)
[2026-09-08T12:43:33.257+0000] {matching.py:235} INFO - [851850] DRAGON BALL Z: KAKAROT -> Dragon Ball Z: Kakarot (status=exact, score=100)
[2026-09-08T12:43:33.258+0000] {matching.py:235} INFO - [243470] Watch_Dogs -> Watchdog (status=high_confidence, score=94)
[2026-09-08T12:43:33.258+0000] {matching.py:235} INFO - [1384160] GUILTY GEAR -STRIVE- -> Guilty Gear -Strive (status=exact, score=100)
[2026-09-08T12:43:33.259+0000] {matching.py:235} INFO - [491950] Orwell: Keeping an Eye On You -> Orwell: Keeping an Eye On You (status=exact, score=100)
[2026-09-08T12:43:33.259+0000] {matching.py:235} INFO - [2622000] Astral Party  -> Astral Party (status=exact, score=100)
[2026-09-08T12:43:33.259+0000] {matching.py:235} INFO - [1061910] Metal: Hellsinger -> Metal: Hellsinger (status=exact, score=100)
[2026-09-08T12:43:33.260+0000] {matching.py:235} INFO - [247080] Crypt of the NecroDancer -> Crypt of the NecroDancer (status=exact, score=100)
[2026-09-08T12:43:33.260+0000] {matching.py:235} INFO - [392110] ENDLESS Space 2 -> Endless Space 2 (status=exact, score=100)
[2026-09-08T12:43:33.260+0000] {matching.py:235} INFO - [47830] Medal of Honor -> Medal of Honor (status=exact, score=100)
[2026-09-08T12:43:33.261+0000] {matching.py:235} INFO - [9340] Company of Heroes: Opposing Fronts -> Company of Heroes: Opposing Fronts (status=exact, score=100)
[2026-09-08T12:43:33.261+0000] {matching.py:235} INFO - [214420] Gear Up -> Gear Up (status=exact, score=100)
[2026-09-08T12:43:33.262+0000] {matching.py:235} INFO - [438040] Shakes and Fidget -> Shakes and Fidget (status=exact, score=100)
[2026-09-08T12:43:33.262+0000] {matching.py:235} INFO - [752590] A Plague Tale: Innocence -> A Plague Tale: Innocence (status=exact, score=100)
[2026-09-08T12:43:33.262+0000] {matching.py:235} INFO - [736220] Squad 44 -> Meridian: Squad 22 (status=unmatched, score=48)
[2026-09-08T12:43:33.263+0000] {matching.py:235} INFO - [933110] Age of Empires III: Definitive Edition -> Age of Empires III: Definitive Edition (status=exact, score=100)
[2026-09-08T12:43:33.263+0000] {matching.py:235} INFO - [24200] DC Universe Online -> DC Universe Online (status=exact, score=100)
[2026-09-08T12:43:33.263+0000] {matching.py:235} INFO - [304670] Aeon Command -> Aeon Command (status=exact, score=100)
[2026-09-08T12:43:33.264+0000] {matching.py:235} INFO - [228200] Company of Heroes -> Company of Heroes (status=exact, score=100)
[2026-09-08T12:43:33.264+0000] {matching.py:235} INFO - [233720] Surgeon Simulator -> Surgeon Simulator (status=exact, score=100)
[2026-09-08T12:43:33.265+0000] {matching.py:235} INFO - [1483870] Draw & Guess -> Draw & Guess (status=exact, score=100)
[2026-09-08T12:43:33.265+0000] {matching.py:235} INFO - [692850] Bloodstained: Ritual of the Night -> Bloodstained: Ritual of the Night (status=exact, score=100)
[2026-09-08T12:43:33.265+0000] {matching.py:235} INFO - [15100] Assassin's Creed: Director's Cut Edition -> Assassin's Creed: Director's Cut Edition (status=exact, score=100)
[2026-09-08T12:43:33.266+0000] {matching.py:235} INFO - [1241100] POLYGON: Multiplayer Shooter -> nPONGo - a Multiplayer Shooter (status=high_confidence, score=87)
[2026-09-08T12:43:33.266+0000] {matching.py:235} INFO - [1282100] REMNANT II -> Remnant II (status=exact, score=100)
[2026-09-08T12:43:33.266+0000] {matching.py:235} INFO - [287290] Resident Evil Revelations 2 -> Resident Evil Revelations 2 (status=exact, score=100)
[2026-09-08T12:43:33.267+0000] {matching.py:235} INFO - [1225330] NBA 2K21 -> NBA 2K21 (status=exact, score=100)
[2026-09-08T12:43:33.267+0000] {matching.py:235} INFO - [4920] Natural Selection 2 -> Natural Selection 2 (status=exact, score=100)
[2026-09-08T12:43:33.268+0000] {matching.py:235} INFO - [1515950] Capcom Arcade Stadium -> Capcom Arcade Stadium (status=exact, score=100)
[2026-09-08T12:43:33.268+0000] {matching.py:235} INFO - [19900] Far Cry 2 -> Far Cry 2 (status=exact, score=100)
[2026-09-08T12:43:33.268+0000] {matching.py:235} INFO - [979690] The Ascent -> The Ascent (status=exact, score=100)
[2026-09-08T12:43:33.269+0000] {matching.py:235} INFO - [232050] Eador. Masters of the Broken World -> Eador. Masters of the Broken World (status=exact, score=100)
[2026-09-08T12:43:33.269+0000] {matching.py:235} INFO - [130] Half-Life: Blue Shift -> Half-Life: Blue Shift (status=exact, score=100)
[2026-09-08T12:43:33.269+0000] {matching.py:235} INFO - [809960] Radical Heights -> Radical Heights (status=exact, score=100)
[2026-09-08T12:43:33.270+0000] {matching.py:235} INFO - [47790] Medal of Honor -> Medal of Honor (status=exact, score=100)
[2026-09-08T12:43:33.270+0000] {matching.py:235} INFO - [253980] Enclave -> Enclave (status=exact, score=100)
[2026-09-08T12:43:33.271+0000] {matching.py:235} INFO - [292730] Call of Duty: Infinite Warfare -> Call of Duty: Infinite Warfare (status=exact, score=100)
[2026-09-08T12:43:33.271+0000] {matching.py:235} INFO - [774361] Blasphemous -> Blasphemous (status=exact, score=100)
[2026-09-08T12:43:33.271+0000] {matching.py:235} INFO - [34270] SEGA Mega Drive and Genesis Classics -> SEGA Mega Drive and Genesis Classics (status=exact, score=100)
[2026-09-08T12:43:33.272+0000] {matching.py:235} INFO - [251060] Wargame: Red Dragon -> Wargame: Red Dragon (status=exact, score=100)
[2026-09-08T12:43:33.272+0000] {matching.py:235} INFO - [4500] S.T.A.L.K.E.R.: Shadow of Chernobyl -> S.T.A.L.K.E.R.: Shadow of Chernobyl (status=exact, score=100)
[2026-09-08T12:43:33.273+0000] {matching.py:235} INFO - [32470] STAR WARS Empire at War - Gold Pack -> STAR WARS Empire at War - Gold Pack (status=exact, score=100)
[2026-09-08T12:43:33.273+0000] {matching.py:235} INFO - [837470] Untitled Goose Game -> Untitled Goose Game (status=exact, score=100)
[2026-09-08T12:43:33.273+0000] {matching.py:235} INFO - [834910] ATLAS -> Atlas (status=exact, score=100)
[2026-09-08T12:43:33.274+0000] {matching.py:235} INFO - [454650] DRAGON BALL XENOVERSE 2 -> Dragon Ball Xenoverse 2 (status=exact, score=100)
[2026-09-08T12:43:33.274+0000] {matching.py:235} INFO - [1284410] GWENT: The Witcher Card Game -> Gwent: The Witcher Card Game (status=exact, score=100)
[2026-09-08T12:43:33.274+0000] {matching.py:235} INFO - [1238820] Battlefield 3 -> Battlefield 3 (status=exact, score=100)
[2026-09-08T12:43:33.275+0000] {matching.py:235} INFO - [323470] DRAGON BALL XENOVERSE -> Dragon Ball Xenoverse (status=exact, score=100)
[2026-09-08T12:43:33.275+0000] {matching.py:235} INFO - [1089980] The Henry Stickmin Collection -> The Henry Stickmin Collection (status=exact, score=100)
[2026-09-08T12:43:33.276+0000] {matching.py:235} INFO - [1147560] Skul: The Hero Slayer -> Skul: The Hero Slayer (status=exact, score=100)
[2026-09-08T12:43:33.276+0000] {matching.py:235} INFO - [214560] Mark of the Ninja -> Mark of the Ninja (status=exact, score=100)
[2026-09-08T12:43:33.276+0000] {matching.py:235} INFO - [225080] Brothers - A Tale of Two Sons -> Brothers: A Tale of Two Sons (status=exact, score=100)
[2026-09-08T12:43:33.277+0000] {matching.py:235} INFO - [237930] Transistor -> Transistor (status=exact, score=100)
[2026-09-08T12:43:33.277+0000] {matching.py:235} INFO - [96100] Defy Gravity Extended -> Defy Gravity Extended (status=exact, score=100)
[2026-09-08T12:43:33.278+0000] {matching.py:235} INFO - [113200] The Binding of Isaac -> The Binding of Isaac (status=exact, score=100)
[2026-09-08T12:43:33.278+0000] {matching.py:235} INFO - [2310] Quake -> Quake (status=exact, score=100)
[2026-09-08T12:43:33.279+0000] {matching.py:235} INFO - [599140] Graveyard Keeper -> Graveyard Keeper (status=exact, score=100)
[2026-09-08T12:43:33.279+0000] {matching.py:235} INFO - [1840] Source Filmmaker -> Source Filmmaker (status=exact, score=100)
[2026-09-08T12:43:33.279+0000] {matching.py:235} INFO - [65980] Sid Meier's Civilization: Beyond Earth -> Sid Meier's Civilization: Beyond Earth (status=exact, score=100)
[2026-09-08T12:43:33.280+0000] {matching.py:235} INFO - [373420] Divinity: Original Sin - Enhanced Edition -> Divinity: Original Sin - Enhanced Edition (status=exact, score=100)
[2026-09-08T12:43:33.280+0000] {matching.py:235} INFO - [1621690] Core Keeper -> Core Keeper (status=exact, score=100)
[2026-09-08T12:43:33.280+0000] {matching.py:235} INFO - [1089090] ONE PIECE: PIRATE WARRIORS 4 -> ONE PIECE: PIRATE WARRIORS 4 (status=exact, score=100)
[2026-09-08T12:43:33.281+0000] {matching.py:235} INFO - [311860] Data Hacker: Initiation -> Data Hacker: Initiation (status=exact, score=100)
[2026-09-08T12:43:33.281+0000] {matching.py:235} INFO - [942970] Unheard - Voices of Crime -> Unheard - Voices of Crime (status=exact, score=100)
[2026-09-08T12:43:33.282+0000] {matching.py:235} INFO - [41500] Torchlight -> Torchlight (status=exact, score=100)
[2026-09-08T12:43:33.282+0000] {matching.py:235} INFO - [17080] Tribes: Ascend -> Tribes: Ascend (status=exact, score=100)
[2026-09-08T12:43:33.282+0000] {matching.py:235} INFO - [1778820] TEKKEN 8 -> Tekken 8 (status=exact, score=100)
[2026-09-08T12:43:33.283+0000] {matching.py:235} INFO - [1522820] Orcs Must Die! 3 -> Orcs Must Die! 3 (status=exact, score=100)
[2026-09-08T12:43:33.283+0000] {matching.py:235} INFO - [23310] The Last Remnant -> The Last Remnant (status=exact, score=100)
[2026-09-08T12:43:33.283+0000] {matching.py:235} INFO - [487220] Freebie -> Freebie (status=exact, score=100)
[2026-09-08T12:43:33.284+0000] {matching.py:235} INFO - [34440] Sid Meier's Civilization IV -> Sid Meier's Civilization IV (status=exact, score=100)
[2026-09-08T12:43:33.284+0000] {matching.py:235} INFO - [4570] Warhammer 40,000: Dawn of War - Anniversary Edition (Classic) -> Warhammer 40,000: Dawn of War II (status=review, score=71)
[2026-09-08T12:43:33.285+0000] {matching.py:235} INFO - [2322560] Love Is All Around -> Love Is All Around (status=exact, score=100)
[2026-09-08T12:43:33.285+0000] {matching.py:235} INFO - [2344520] Diablo IV -> Diablo IV (status=exact, score=100)
[2026-09-08T12:43:33.285+0000] {matching.py:235} INFO - [6880] Just Cause -> Just Cause (status=exact, score=100)
[2026-09-08T12:43:33.286+0000] {matching.py:235} INFO - [10680] Aliens vs. Predator -> Aliens vs. Predator (status=exact, score=100)
[2026-09-08T12:43:33.286+0000] {matching.py:235} INFO - [216150] MapleStory -> MapleStory (status=exact, score=100)
[2026-09-08T12:43:33.286+0000] {matching.py:235} INFO - [443110] Armored Warfare -> Armored Warfare (status=exact, score=100)
[2026-09-08T12:43:33.287+0000] {matching.py:235} INFO - [378540] The Surge -> The Surge (status=exact, score=100)
[2026-09-08T12:43:33.287+0000] {matching.py:235} INFO - [527430] Warhammer 40,000: Inquisitor - Martyr -> Warhammer 40,000: Inquisitor - Martyr (status=exact, score=100)
[2026-09-08T12:43:33.287+0000] {matching.py:235} INFO - [753640] Outer Wilds -> Outer Wilds (status=exact, score=100)
[2026-09-08T12:43:33.288+0000] {matching.py:235} INFO - [583950] Artifact -> Artifact (status=exact, score=100)
[2026-09-08T12:43:33.288+0000] {matching.py:235} INFO - [206480] Dungeons & Dragons Online -> Dungeons & Dragons Online (status=exact, score=100)
[2026-09-08T12:43:33.289+0000] {matching.py:235} INFO - [334210] Fortified -> Fortified (status=exact, score=100)
[2026-09-08T12:43:33.289+0000] {matching.py:235} INFO - [921630] 音灵 INVAXION -> 音灵 INVAXION (status=exact, score=100)
[2026-09-08T12:43:33.289+0000] {matching.py:235} INFO - [215080] WAKFU -> WAKFU (status=exact, score=100)
[2026-09-08T12:43:33.290+0000] {matching.py:235} INFO - [65790] Arma: Cold War Assault Remastered -> ARMA: Cold War Assault (status=high_confidence, score=79)
[2026-09-08T12:43:33.290+0000] {matching.py:235} INFO - [332070] School of Dragons -> School of Dragons (status=exact, score=100)
[2026-09-08T12:43:33.290+0000] {matching.py:235} INFO - [311340] METAL GEAR SOLID V: GROUND ZEROES -> Metal Gear Solid V: Ground Zeroes (status=exact, score=100)
[2026-09-08T12:43:33.291+0000] {matching.py:235} INFO - [535930] Two Point Hospital -> Two Point Hospital (status=exact, score=100)
[2026-09-08T12:43:33.291+0000] {matching.py:235} INFO - [414700] Outlast 2 -> Outlast 2 (status=exact, score=100)
[2026-09-08T12:43:33.291+0000] {matching.py:235} INFO - [270150] RUNNING WITH RIFLES -> RUNNING WITH RIFLES (status=exact, score=100)
[2026-09-08T12:43:33.292+0000] {matching.py:235} INFO - [292910] Deponia: The Complete Journey -> Deponia: The Complete Journey (status=exact, score=100)
[2026-09-08T12:43:33.292+0000] {matching.py:235} INFO - [447020] Farming Simulator 17 -> Farming Simulator 17 (status=exact, score=100)
[2026-09-08T12:43:33.293+0000] {matching.py:235} INFO - [1282730] Loop Hero -> Loop Hero (status=exact, score=100)
[2026-09-08T12:43:33.293+0000] {matching.py:235} INFO - [17300] Crysis -> Crysis (status=exact, score=100)
[2026-09-08T12:43:33.293+0000] {matching.py:235} INFO - [102500] Kingdoms of Amalur: Reckoning -> Kingdoms of Amalur: Reckoning (status=exact, score=100)
[2026-09-08T12:43:33.294+0000] {matching.py:235} INFO - [32800] Lord of the Rings: War in the North -> Lord of the Rings: War in the North (status=exact, score=100)
[2026-09-08T12:43:33.294+0000] {matching.py:235} INFO - [8850] BioShock 2 -> BioShock 2 (status=exact, score=100)
[2026-09-08T12:43:33.294+0000] {matching.py:235} INFO - [899440] GOD EATER 3 -> God Eater 3 (status=exact, score=100)
[2026-09-08T12:43:33.295+0000] {matching.py:235} INFO - [418240] Shadow Tactics: Blades of the Shogun -> Shadow Tactics: Blades of the Shogun (status=exact, score=100)
[2026-09-08T12:43:33.295+0000] {matching.py:235} INFO - [207230] ArcheBlade -> ArcheBlade (status=exact, score=100)
[2026-09-08T12:43:33.296+0000] {matching.py:235} INFO - [20570] Warhammer 40,000: Dawn of War II Chaos Rising -> Warhammer 40,000: Dawn of War II Chaos Rising (status=exact, score=100)
[2026-09-08T12:43:33.296+0000] {matching.py:235} INFO - [17460] Mass Effect (2007) -> Mass Effect 3: Earth (status=unmatched, score=69)
[2026-09-08T12:43:33.296+0000] {matching.py:235} INFO - [383150] Dead Island Definitive Edition -> Dead Island Definitive Edition (status=exact, score=100)
[2026-09-08T12:43:33.297+0000] {matching.py:235} INFO - [224760] FEZ -> FEZ (status=exact, score=100)
[2026-09-08T12:43:33.297+0000] {matching.py:235} INFO - [1178830] Bright Memory: Infinite -> Bright Memory: Infinite (status=exact, score=100)
[2026-09-08T12:43:33.297+0000] {matching.py:235} INFO - [2012510] Stormgate -> Stormgate (status=exact, score=100)
[2026-09-08T12:43:33.298+0000] {matching.py:235} INFO - [510840] Evolvation -> Evolvation (status=exact, score=100)
[2026-09-08T12:43:33.298+0000] {matching.py:235} INFO - [297000] Heroes of Might & Magic III - HD Edition -> Heroes of Might & Magic III - HD Edition (status=exact, score=100)
[2026-09-08T12:43:33.298+0000] {matching.py:235} INFO - [1151640] Horizon Zero Dawn Complete Edition -> Horizon Zero Dawn Complete Edition (status=exact, score=100)
[2026-09-08T12:43:33.299+0000] {matching.py:235} INFO - [334230] Town of Salem -> Town of Salem (status=exact, score=100)
[2026-09-08T12:43:33.299+0000] {matching.py:235} INFO - [418070] Turbo Pug -> Turbo Pug (status=exact, score=100)
[2026-09-08T12:43:33.300+0000] {matching.py:235} INFO - [364470] The Elder Scrolls: Legends -> The Elder Scrolls: Legends (status=exact, score=100)
[2026-09-08T12:43:33.300+0000] {matching.py:235} INFO - [601430] The Evil Within 2 -> The Evil Within 2 (status=exact, score=100)
[2026-09-08T12:43:33.300+0000] {matching.py:235} INFO - [1190000] Car Mechanic Simulator 2021 -> Car Mechanic Simulator 2021 (status=exact, score=100)
[2026-09-08T12:43:33.301+0000] {matching.py:235} INFO - [39140] FINAL FANTASY VII -> Final Fantasy VII (status=exact, score=100)
[2026-09-08T12:43:33.301+0000] {matching.py:235} INFO - [4700] Total War: MEDIEVAL II – Definitive Edition -> Medieval: Total War - Collection (status=review, score=70)
[2026-09-08T12:43:33.301+0000] {matching.py:235} INFO - [263500] Dragons and Titans -> Dragons and Titans (status=exact, score=100)
[2026-09-08T12:43:33.302+0000] {matching.py:235} INFO - [675010] MudRunner -> MudRunner (status=exact, score=100)
[2026-09-08T12:43:33.302+0000] {matching.py:235} INFO - [220440] DmC: Devil May Cry -> DmC: Devil May Cry (status=exact, score=100)
[2026-09-08T12:43:33.303+0000] {matching.py:235} INFO - [240320] Panzar -> Panzar (status=exact, score=100)
[2026-09-08T12:43:33.303+0000] {matching.py:235} INFO - [544730] Catan Universe -> Catan Universe (status=exact, score=100)
[2026-09-08T12:43:33.303+0000] {matching.py:235} INFO - [337320] Paint the Town Red -> Paint the Town Red (status=exact, score=100)
[2026-09-08T12:43:33.304+0000] {matching.py:235} INFO - [350640] Sherlock Holmes: The Devil's Daughter -> Sherlock Holmes: The Devil's Daughter (status=exact, score=100)
[2026-09-08T12:43:33.304+0000] {matching.py:235} INFO - [2231450] Pizza Tower -> Pizza Tower (status=exact, score=100)
[2026-09-08T12:43:33.304+0000] {matching.py:235} INFO - [552100] Brick Rigs -> Brick Rigs (status=exact, score=100)
[2026-09-08T12:43:33.305+0000] {matching.py:235} INFO - [1475810] Ghostwire: Tokyo -> Ghostwire: Tokyo (status=exact, score=100)
[2026-09-08T12:43:33.305+0000] {matching.py:235} INFO - [427270] Orcs Must Die! Unchained -> Orcs Must Die! Unchained (status=exact, score=100)
[2026-09-08T12:43:33.305+0000] {matching.py:235} INFO - [392160] X4: Foundations -> X4: Foundations (status=exact, score=100)
[2026-09-08T12:43:33.306+0000] {matching.py:235} INFO - [346330] BrainBread 2 -> BrainBread 2 (status=exact, score=100)
[2026-09-08T12:43:33.306+0000] {matching.py:235} INFO - [3910] Sid Meier's Civilization III Complete -> Sid Meier's Civilization III Complete (status=exact, score=100)
[2026-09-08T12:43:33.307+0000] {matching.py:235} INFO - [1380400] Saving Grace -> Saving Grace (status=exact, score=100)
[2026-09-08T12:43:33.307+0000] {matching.py:235} INFO - [805550] Assetto Corsa Competizione -> Assetto Corsa Competizione (status=exact, score=100)
[2026-09-08T12:43:33.307+0000] {matching.py:235} INFO - [41000] Serious Sam HD: The First Encounter -> Serious Sam HD:  The First Encounter (status=exact, score=100)
[2026-09-08T12:43:33.308+0000] {matching.py:235} INFO - [1284190] The Planet Crafter -> The Planet Crafter (status=exact, score=100)
[2026-09-08T12:43:33.308+0000] {matching.py:235} INFO - [2064650] Tower of Fantasy -> Tower of Fantasy (status=exact, score=100)
[2026-09-08T12:43:33.308+0000] {matching.py:235} INFO - [56437] Warhammer 40,000: Dawn of War II: Retribution -> Warhammer 40,000: Dawn of War II: Retribution (status=exact, score=100)
[2026-09-08T12:43:33.309+0000] {matching.py:235} INFO - [585420] Trailmakers -> Trailmakers (status=exact, score=100)
[2026-09-08T12:43:33.309+0000] {matching.py:235} INFO - [1562430] DREDGE -> Dredge (status=exact, score=100)
[2026-09-08T12:43:33.310+0000] {matching.py:235} INFO - [1987080] Inside the Backrooms -> Inside the Backrooms (status=exact, score=100)
[2026-09-08T12:43:33.310+0000] {matching.py:235} INFO - [666220] CS2D -> CS2D (status=exact, score=100)
[2026-09-08T12:43:33.310+0000] {matching.py:235} INFO - [529340] Victoria 3 -> Victoria 3 (status=exact, score=100)
[2026-09-08T12:43:33.311+0000] {matching.py:235} INFO - [245620] Tropico 5 -> Tropico 5 (status=exact, score=100)
[2026-09-08T12:43:33.311+0000] {matching.py:235} INFO - [657200] Hand Simulator -> Hand Simulator (status=exact, score=100)
[2026-09-08T12:43:33.311+0000] {matching.py:235} INFO - [6850] Hitman 2: Silent Assassin -> Hitman 2: Silent Assassin (status=exact, score=100)
[2026-09-08T12:43:33.312+0000] {matching.py:235} INFO - [209160] Call of Duty: Ghosts -> Call of Duty: Ghosts (status=exact, score=100)
[2026-09-08T12:43:33.312+0000] {matching.py:235} INFO - [1388770] Cruelty Squad -> Cruelty Squad (status=exact, score=100)
[2026-09-08T12:43:33.313+0000] {matching.py:235} INFO - [603850] Age of History II -> age of history 2 (status=high_confidence, score=85)
[2026-09-08T12:43:33.313+0000] {matching.py:235} INFO - [32430] STAR WARS - The Force Unleashed Ultimate Sith Edition -> STAR WARS - The Force Unleashed Ultimate Sith Edition (status=exact, score=100)
[2026-09-08T12:43:33.313+0000] {matching.py:235} INFO - [253900] Knights and Merchants -> Knights and Merchants (status=exact, score=100)
[2026-09-08T12:43:33.314+0000] {matching.py:235} INFO - [1113000] Persona 4 Golden -> Persona 4 Golden (status=exact, score=100)
[2026-09-08T12:43:33.314+0000] {matching.py:235} INFO - [1016920] Unrailed! -> Unrailed! (status=exact, score=100)
[2026-09-08T12:43:33.314+0000] {matching.py:235} INFO - [955050] Bright Memory -> Bright Memory (status=exact, score=100)
[2026-09-08T12:43:33.315+0000] {matching.py:235} INFO - [1929610] Demonologist -> Demonologist (status=exact, score=100)
[2026-09-08T12:43:33.315+0000] {matching.py:235} INFO - [2096610] Crysis 3 Remastered -> Crysis 3 Remastered (status=exact, score=100)
[2026-09-08T12:43:33.315+0000] {matching.py:235} INFO - [1850570] DEATH STRANDING DIRECTOR'S CUT -> Death Stranding Director's Cut (status=exact, score=100)
[2026-09-08T12:43:33.316+0000] {matching.py:235} INFO - [446800] Transport Fever -> Transport Fever (status=exact, score=100)
[2026-09-08T12:43:33.316+0000] {matching.py:235} INFO - [209170] Call of Duty: Ghosts -> Call of Duty: Ghosts (status=exact, score=100)
[2026-09-08T12:43:33.316+0000] {matching.py:235} INFO - [250400] How to Survive -> How to Survive (status=exact, score=100)
[2026-09-08T12:43:33.317+0000] {matching.py:235} INFO - [1296830] 暖雪 Warm Snow -> Warm Snow (status=exact, score=100)
[2026-09-08T12:43:33.317+0000] {matching.py:235} INFO - [1211020] Wobbly Life -> Wobbly Life (status=exact, score=100)
[2026-09-08T12:43:33.318+0000] {matching.py:235} INFO - [410320] EARTH DEFENSE FORCE 4.1 The Shadow of New Despair -> EARTH DEFENSE FORCE 4.1 The Shadow of New Despair (status=exact, score=100)
[2026-09-08T12:43:33.318+0000] {matching.py:235} INFO - [261110] Killer is Dead - Nightmare Edition -> Killer is Dead - Nightmare Edition (status=exact, score=100)
[2026-09-08T12:43:33.318+0000] {matching.py:235} INFO - [208580] STAR WARS Knights of the Old Republic II - The Sith Lords -> Star Wars: Knights of the Old Republic II – The Sith Lords (status=exact, score=100)
[2026-09-08T12:43:33.319+0000] {matching.py:235} INFO - [775500] SCARLET NEXUS -> Scarlet Nexus (status=exact, score=100)
[2026-09-08T12:43:33.319+0000] {matching.py:235} INFO - [447820] Day of Infamy -> Day of Infamy (status=exact, score=100)
[2026-09-08T12:43:33.320+0000] {matching.py:235} INFO - [1599600] PlateUp! -> PlateUp! (status=exact, score=100)
[2026-09-08T12:43:33.320+0000] {matching.py:235} INFO - [475550] Beholder -> Beholder (status=exact, score=100)
[2026-09-08T12:43:33.320+0000] {matching.py:235} INFO - [257510] The Talos Principle -> The Talos Principle (status=exact, score=100)
[2026-09-08T12:43:33.321+0000] {matching.py:235} INFO - [474960] Quantum Break -> Quantum Break (status=exact, score=100)
[2026-09-08T12:43:33.321+0000] {matching.py:235} INFO - [237110] Mortal Kombat Komplete Edition -> Mortal Kombat Komplete Edition (status=exact, score=100)
[2026-09-08T12:43:33.321+0000] {matching.py:235} INFO - [444640] Bloons TD Battles -> Bloons TD Battles (status=exact, score=100)
[2026-09-08T12:43:33.322+0000] {matching.py:235} INFO - [843380] Super Animal Royale -> Super Animal Royale (status=exact, score=100)
[2026-09-08T12:43:33.322+0000] {matching.py:235} INFO - [560130] Pillars of Eternity II: Deadfire -> Pillars of Eternity II: Deadfire (status=exact, score=100)
[2026-09-08T12:43:33.323+0000] {matching.py:235} INFO - [4760] Rome: Total War - Collection -> Rome: Total War - Collection (status=exact, score=100)
[2026-09-08T12:43:33.323+0000] {matching.py:235} INFO - [568220] Lobotomy Corporation | Monster Management Simulation -> Lobotomy Corporation | Monster Management Simulation (status=exact, score=100)
[2026-09-08T12:43:33.323+0000] {matching.py:235} INFO - [257350] Baldur's Gate II: Enhanced Edition -> Baldur's Gate II: Enhanced Edition (status=exact, score=100)
[2026-09-08T12:43:33.324+0000] {matching.py:235} INFO - [202750] Alan Wake's American Nightmare -> Alan Wake's American Nightmare (status=exact, score=100)
[2026-09-08T12:43:33.324+0000] {matching.py:235} INFO - [34870] Sniper: Ghost Warrior 2 -> Sniper: Ghost Warrior 2 (status=exact, score=100)
[2026-09-08T12:43:33.324+0000] {matching.py:235} INFO - [1676130] Deadlink -> Deadlink (status=exact, score=100)
[2026-09-08T12:43:33.325+0000] {matching.py:235} INFO - [224540] Ace of Spades: Battle Builder -> Ace of Spades: Battle Builder (status=exact, score=100)
[2026-09-08T12:43:33.325+0000] {matching.py:235} INFO - [699130] World War Z -> Z End: World War (status=high_confidence, score=85)
[2026-09-08T12:43:33.326+0000] {matching.py:235} INFO - [816020] JUMP FORCE -> Jump Force (status=exact, score=100)
[2026-09-08T12:43:33.326+0000] {matching.py:235} INFO - [462780] Darksiders Warmastered Edition -> Darksiders Warmastered Edition (status=exact, score=100)
[2026-09-08T12:43:33.326+0000] {matching.py:235} INFO - [681660] Bless Online -> Bless Online (status=exact, score=100)
[2026-09-08T12:43:33.327+0000] {matching.py:235} INFO - [34460] Civilization IV: Beyond the Sword -> Civilization IV: Beyond the Sword (status=exact, score=100)
[2026-09-08T12:43:33.327+0000] {matching.py:235} INFO - [448510] Overcooked -> Overcooked (status=exact, score=100)
[2026-09-08T12:43:33.327+0000] {matching.py:235} INFO - [1129580] Medieval Dynasty -> Medieval Dynasty (status=exact, score=100)
[2026-09-08T12:43:33.328+0000] {matching.py:235} INFO - [460920] Steep -> Steep (status=exact, score=100)
[2026-09-08T12:43:33.328+0000] {matching.py:235} INFO - [55110] Red Faction: Armageddon -> Red Faction: Armageddon (status=exact, score=100)
[2026-09-08T12:43:33.329+0000] {matching.py:235} INFO - [278080] DYNASTY WARRIORS 8: Xtreme Legends Complete Edition -> DYNASTY WARRIORS 8: Xtreme Legends Complete Edition (status=exact, score=100)
[2026-09-08T12:43:33.329+0000] {matching.py:235} INFO - [996580] Spyro Reignited Trilogy -> Spyro Reignited Trilogy (status=exact, score=100)
[2026-09-08T12:43:33.329+0000] {matching.py:235} INFO - [231060] Ragnarok Online 2 -> Ragnarok Online 2 (status=exact, score=100)
[2026-09-08T12:43:33.330+0000] {matching.py:235} INFO - [108800] Crysis 2 - Maximum Edition -> Crysis 2 - Maximum Edition (status=exact, score=100)
[2026-09-08T12:43:33.330+0000] {matching.py:235} INFO - [673950] Farm Together -> Farm Together (status=exact, score=100)
[2026-09-08T12:43:33.330+0000] {matching.py:235} INFO - [1094520] Sands of Salzaar -> Sands of Salzaar (status=exact, score=100)
[2026-09-08T12:43:33.331+0000] {matching.py:235} INFO - [747660] Five Nights at Freddy's: Security Breach -> Five Nights at Freddy's: Security Breach (status=exact, score=100)
[2026-09-08T12:43:33.331+0000] {matching.py:235} INFO - [6910] Deus Ex: Game of the Year Edition -> Deus Ex: Game of the Year Edition (status=exact, score=100)
[2026-09-08T12:43:33.331+0000] {matching.py:235} INFO - [239350] Spelunky -> Spelunky (status=exact, score=100)
[2026-09-08T12:43:33.332+0000] {matching.py:235} INFO - [215280] Secret World Legends -> Secret World Legends (status=exact, score=100)
[2026-09-08T12:43:33.332+0000] {matching.py:235} INFO - [360430] Mafia III: Definitive Edition -> Mafia III: Definitive Edition (status=exact, score=100)
[2026-09-08T12:43:33.332+0000] {matching.py:235} INFO - [673130] AMID EVIL -> Amid Evil (status=exact, score=100)
[2026-09-08T12:43:33.333+0000] {matching.py:235} INFO - [377300] Thunder Tier One -> Thunder Tier One (status=exact, score=100)
[2026-09-08T12:43:33.333+0000] {matching.py:235} INFO - [2552430] KINGDOM HEARTS -HD 1.5+2.5 ReMIX- -> KINGDOM HEARTS -HD 1.5+2.5 ReMIX (status=exact, score=100)
[2026-09-08T12:43:33.334+0000] {matching.py:235} INFO - [323850] Move or Die -> Move or Die (status=exact, score=100)
[2026-09-08T12:43:33.334+0000] {matching.py:235} INFO - [1030840] Mafia: Definitive Edition -> Mafia: Definitive Edition (status=exact, score=100)
[2026-09-08T12:43:33.334+0000] {matching.py:235} INFO - [823500] BONEWORKS -> Boneworks (status=exact, score=100)
[2026-09-08T12:43:33.335+0000] {matching.py:235} INFO - [841370] NBA 2K19 -> NBA 2K19 (status=exact, score=100)
[2026-09-08T12:43:33.335+0000] {matching.py:235} INFO - [204340] Serious Sam II -> Serious Sam 2 (status=high_confidence, score=89)
[2026-09-08T12:43:33.336+0000] {matching.py:235} INFO - [794260] Outward Definitive Edition -> Outward Definitive Edition (status=exact, score=100)
[2026-09-08T12:43:33.336+0000] {matching.py:235} INFO - [2680010] The First Berserker: Khazan -> The First Berserker: Khazan (status=exact, score=100)
[2026-09-08T12:43:33.336+0000] {matching.py:235} INFO - [299460] Woodle Tree Adventures -> Woodle Tree Adventures (status=exact, score=100)
[2026-09-08T12:43:33.337+0000] {matching.py:235} INFO - [1755910] Capcom Arcade 2nd Stadium -> Capcom Arcade 2nd Stadium (status=exact, score=100)
[2026-09-08T12:43:33.337+0000] {matching.py:235} INFO - [1266680] Strobophagia | Rave Horror -> Strobophagia | Rave Horror (status=exact, score=100)
[2026-09-08T12:43:33.337+0000] {matching.py:235} INFO - [265550] Dead Rising 3 Apocalypse Edition -> Dead Rising 3 Apocalypse Edition (status=exact, score=100)
[2026-09-08T12:43:33.338+0000] {matching.py:235} INFO - [246900] Viscera Cleanup Detail -> Viscera Cleanup Detail (status=exact, score=100)
[2026-09-08T12:43:33.338+0000] {matching.py:235} INFO - [253960] Jack Orlando: Director's Cut -> Jack Orlando: Director's Cut (status=exact, score=100)
[2026-09-08T12:43:33.338+0000] {matching.py:235} INFO - [450390] The Lab -> The Lab (status=exact, score=100)
[2026-09-08T12:43:33.339+0000] {matching.py:235} INFO - [920210] LEGO Star Wars: The Skywalker Saga -> Lego Star Wars: The Skywalker Saga (status=exact, score=100)
[2026-09-08T12:43:33.339+0000] {matching.py:235} INFO - [17480] Command & Conquer: Red Alert 3 -> Command & Conquer: Red Alert 3 (status=exact, score=100)
[2026-09-08T12:43:33.340+0000] {matching.py:235} INFO - [249130] LEGO Marvel Super Heroes -> LEGO Marvel Super Heroes (status=exact, score=100)
[2026-09-08T12:43:33.340+0000] {matching.py:235} INFO - [1017180] The Long Drive -> The Long Drive (status=exact, score=100)
[2026-09-08T12:43:33.341+0000] {matching.py:235} INFO - [26800] Braid -> Braid (status=exact, score=100)
[2026-09-08T12:43:33.341+0000] {matching.py:235} INFO - [640590] The LEGO NINJAGO Movie Video Game -> The LEGO NINJAGO Movie Video Game (status=exact, score=100)
[2026-09-08T12:43:33.341+0000] {matching.py:235} INFO - [1515210] The Past Within -> The Past Within (status=exact, score=100)
[2026-09-08T12:43:33.342+0000] {matching.py:235} INFO - [1147550] Not For Broadcast -> Not For Broadcast (status=exact, score=100)
[2026-09-08T12:43:33.342+0000] {matching.py:235} INFO - [434650] Lost Castle / 失落城堡 -> Lost Castle (status=exact, score=100)
[2026-09-08T12:43:33.342+0000] {matching.py:235} INFO - [1774580] STAR WARS Jedi: Survivor -> Star Wars Jedi: Survivor (status=exact, score=100)
[2026-09-08T12:43:33.343+0000] {matching.py:235} INFO - [431730] Aseprite -> Aseprite (status=exact, score=100)
[2026-09-08T12:43:33.343+0000] {matching.py:235} INFO - [780310] The Riftbreaker -> The Riftbreaker (status=exact, score=100)
[2026-09-08T12:43:33.343+0000] {matching.py:235} INFO - [261030] The Walking Dead: Season Two -> The Walking Dead: Season 2 (status=high_confidence, score=88)
[2026-09-08T12:43:33.344+0000] {matching.py:235} INFO - [1328670] Mass Effect Legendary Edition -> Mass Effect: Legendary Edition (status=exact, score=100)
[2026-09-08T12:43:33.344+0000] {matching.py:235} INFO - [226840] Age of Wonders III -> Age of Wonders III (status=exact, score=100)
[2026-09-08T12:43:33.345+0000] {matching.py:235} INFO - [374040] Portal Knights -> Portal Knights (status=exact, score=100)
[2026-09-08T12:43:33.345+0000] {matching.py:235} INFO - [668580] Atomic Heart -> Atomic Heart (status=exact, score=100)
[2026-09-08T12:43:33.345+0000] {matching.py:235} INFO - [1044720] Farthest Frontier -> Farthest Frontier (status=exact, score=100)
[2026-09-08T12:43:33.346+0000] {matching.py:235} INFO - [544750] SOULCALIBUR VI -> SoulCalibur VI (status=exact, score=100)
[2026-09-08T12:43:33.346+0000] {matching.py:235} INFO - [972660] Spiritfarer: Farewell Edition -> Spiritfarer Demo (status=unmatched, score=64)
[2026-09-08T12:43:33.347+0000] {matching.py:235} INFO - [1150690] OMORI -> OMORI (status=exact, score=100)
[2026-09-08T12:43:33.347+0000] {matching.py:235} INFO - [9450] Warhammer 40,000: Dawn of War - Soulstorm -> Warhammer 40,000: Dawn of War - Soulstorm (status=exact, score=100)
[2026-09-08T12:43:33.347+0000] {matching.py:235} INFO - [490220] Prismata -> Prismata (status=exact, score=100)
[2026-09-08T12:43:33.348+0000] {matching.py:235} INFO - [1301720] Escape Room - Der kranke Kollege -> Escape Room - Der kranke Kollege (status=exact, score=100)
[2026-09-08T12:43:33.348+0000] {matching.py:235} INFO - [921060] Modern Combat 5 -> Modern Combat 5 (status=exact, score=100)
[2026-09-08T12:43:33.348+0000] {matching.py:235} INFO - [70000] Dino D-Day -> Dino D-Day (status=exact, score=100)
[2026-09-08T12:43:33.349+0000] {matching.py:235} INFO - [274520] Darkwood -> Darkwood (status=exact, score=100)
[2026-09-08T12:43:33.349+0000] {matching.py:235} INFO - [239200] Amnesia: A Machine for Pigs -> Amnesia: A Machine for Pigs (status=exact, score=100)
[2026-09-08T12:43:33.349+0000] {matching.py:235} INFO - [257420] Serious Sam 4 -> Serious Sam 4 (status=exact, score=100)
[2026-09-08T12:43:33.350+0000] {matching.py:235} INFO - [1335200] Action Taimanin -> Action Taimanin (status=exact, score=100)
[2026-09-08T12:43:33.350+0000] {matching.py:235} INFO - [1888930] The Last of Us Part I -> The Last of Us Part I (status=exact, score=100)
[2026-09-08T12:43:33.351+0000] {matching.py:235} INFO - [34450] Civilization IV: Warlords -> Civilization IV: Warlords (status=exact, score=100)
[2026-09-08T12:43:33.351+0000] {matching.py:235} INFO - [654880] Dream Daddy: A Dad Dating Simulator -> Dream Daddy: A Dad Dating Simulator (status=exact, score=100)
[2026-09-08T12:43:33.351+0000] {matching.py:235} INFO - [625960] Stoneshard -> Stoneshard (status=exact, score=100)
[2026-09-08T12:43:33.352+0000] {matching.py:235} INFO - [1509960] PICO PARK -> PICO PARK (status=exact, score=100)
[2026-09-08T12:43:33.352+0000] {matching.py:235} INFO - [1544020] The Callisto Protocol -> The Callisto Protocol (status=exact, score=100)
[2026-09-08T12:43:33.352+0000] {matching.py:235} INFO - [2206460] Furry Killer -> Furry Killer (status=exact, score=100)
[2026-09-08T12:43:33.353+0000] {matching.py:235} INFO - [1447430] 小黑盒加速器 -> 超音速空军-飞行模拟器 (status=exact, score=100)
[2026-09-08T12:43:33.353+0000] {matching.py:235} INFO - [7760] X-COM: UFO Defense -> X-COM: UFO Defense (status=exact, score=100)
[2026-09-08T12:43:33.353+0000] {matching.py:235} INFO - [515690] Warriors of Vilvatikta -> Warriors of Vilvatikta (status=exact, score=100)
[2026-09-08T12:43:33.354+0000] {matching.py:235} INFO - [104900] ORION: Prelude -> ORION: Prelude (status=exact, score=100)
[2026-09-08T12:43:33.354+0000] {matching.py:235} INFO - [339280] Strife -> Strife (status=exact, score=100)
[2026-09-08T12:43:33.354+0000] {matching.py:235} INFO - [262280] Dungeons 2 -> Dungeons 2 (status=exact, score=100)
[2026-09-08T12:43:33.355+0000] {matching.py:235} INFO - [1201240] BLEACH Brave Souls -> Bleach: Brave Souls (status=exact, score=100)
[2026-09-08T12:43:33.355+0000] {matching.py:235} INFO - [1686940] Bopl Battle -> Bopl Battle (status=exact, score=100)
[2026-09-08T12:43:33.356+0000] {matching.py:235} INFO - [859570] Secret Neighbor: Hello Neighbor Multiplayer -> Hello Neighbor Hide and Seek (status=unmatched, score=60)
[2026-09-08T12:43:33.356+0000] {matching.py:235} INFO - [1846380] Need for Speed Unbound -> Need for Speed Unbound (status=exact, score=100)
[2026-09-08T12:43:33.356+0000] {matching.py:235} INFO - [313120] Stranded Deep -> Stranded Deep (status=exact, score=100)
[2026-09-08T12:43:33.357+0000] {matching.py:235} INFO - [1435790] Escape Simulator -> Escape Simulator (status=exact, score=100)
[2026-09-08T12:43:33.357+0000] {matching.py:235} INFO - [1062090] Timberborn -> Timberborn (status=exact, score=100)
[2026-09-08T12:43:33.357+0000] {matching.py:235} INFO - [21100] F.E.A.R. 3 -> F.E.A.R. 3 (status=exact, score=100)
[2026-09-08T12:43:33.358+0000] {matching.py:235} INFO - [1259970] eFootball PES 2021 SEASON UPDATE -> eFootball PES 2021 (status=high_confidence, score=72)
[2026-09-08T12:43:33.358+0000] {matching.py:235} INFO - [2096600] Crysis 2 Remastered -> Crysis 2 Remastered (status=exact, score=100)
[2026-09-08T12:43:33.359+0000] {matching.py:235} INFO - [400040] ShareX -> Share (status=high_confidence, score=91)
[2026-09-08T12:43:33.359+0000] {matching.py:235} INFO - [512900] Streets of Rogue -> Streets of Rogue (status=exact, score=100)
[2026-09-08T12:43:33.359+0000] {matching.py:235} INFO - [383080] Sakura Clicker -> Sakura Clicker (status=exact, score=100)
[2026-09-08T12:43:33.360+0000] {matching.py:235} INFO - [573090] Stormworks: Build and Rescue -> Stormworks: Build and Rescue (status=exact, score=100)
[2026-09-08T12:43:33.360+0000] {matching.py:235} INFO - [20510] S.T.A.L.K.E.R.: Clear Sky -> S.T.A.L.K.E.R.: Clear Sky (status=exact, score=100)
[2026-09-08T12:43:33.360+0000] {matching.py:235} INFO - [1268750] Starship Troopers: Extermination -> Starship Troopers: Extermination (status=exact, score=100)
[2026-09-08T12:43:33.361+0000] {matching.py:235} INFO - [774861] Project Winter -> Project Winter (status=exact, score=100)
[2026-09-08T12:43:33.361+0000] {matching.py:235} INFO - [1169040] Necesse -> Necesse (status=exact, score=100)
[2026-09-08T12:43:33.362+0000] {matching.py:235} INFO - [1501750] Lords of the Fallen -> Lords of the Fallen (status=exact, score=100)
[2026-09-08T12:43:33.362+0000] {matching.py:235} INFO - [969990] SpongeBob SquarePants: Battle for Bikini Bottom - Rehydrated -> SpongeBob SquarePants: Battle for Bikini Bottom — Rehydrated (status=exact, score=100)
[2026-09-08T12:43:33.362+0000] {matching.py:235} INFO - [516750] My Summer Car -> My Summer Car (status=exact, score=100)
[2026-09-08T12:43:33.363+0000] {matching.py:235} INFO - [210970] The Witness -> The Witness (status=exact, score=100)
[2026-09-08T12:43:33.363+0000] {matching.py:235} INFO - [361280] Turmoil -> Turmoil (status=exact, score=100)
[2026-09-08T12:43:33.363+0000] {matching.py:235} INFO - [457330] High Octane Drift -> High Octane Drift (status=exact, score=100)
[2026-09-08T12:43:33.364+0000] {matching.py:235} INFO - [715210] The Pillage -> The Pillage (status=exact, score=100)
[2026-09-08T12:43:33.364+0000] {matching.py:235} INFO - [311240] Zero Escape: Zero Time Dilemma -> Zero Escape: Zero Time Dilemma (status=exact, score=100)
[2026-09-08T12:43:33.474+0000] {matching.py:235} INFO - [4580] Warhammer 40,000: Dawn of War - Dark Crusade -> Warhammer 40,000: Dawn of War - Dark Crusade (status=exact, score=100)
[2026-09-08T12:43:33.475+0000] {matching.py:235} INFO - [584400] Sonic Mania -> Sonic Mania (status=exact, score=100)
[2026-09-08T12:43:33.475+0000] {matching.py:235} INFO - [860510] Little Nightmares II -> Little Nightmares II (status=exact, score=100)
[2026-09-08T12:43:33.475+0000] {matching.py:235} INFO - [2400] The Ship: Murder Party -> The Ship: Murder Party (status=exact, score=100)
[2026-09-08T12:43:33.476+0000] {matching.py:235} INFO - [423230] Furi -> Furi (status=exact, score=100)
[2026-09-08T12:43:33.476+0000] {matching.py:235} INFO - [682990] Drug Dealer Simulator -> Drug Dealer Simulator (status=exact, score=100)
[2026-09-08T12:43:33.477+0000] {matching.py:235} INFO - [356670] Spooky's Jump Scare Mansion -> Spooky's Jump Scare Mansion (status=exact, score=100)
[2026-09-08T12:43:33.477+0000] {matching.py:235} INFO - [13230] Unreal Tournament 2004: Editor's Choice Edition -> Unreal Tournament 2004: Editor's Choice Edition (status=exact, score=100)
[2026-09-08T12:43:33.477+0000] {matching.py:235} INFO - [977400] Cell to Singularity - Evolution Never Ends -> Cell to Singularity - Evolution Never Ends (status=exact, score=100)
[2026-09-08T12:43:33.478+0000] {matching.py:235} INFO - [295110] Just Survive -> Just Survive (status=exact, score=100)
[2026-09-08T12:43:33.478+0000] {matching.py:235} INFO - [31280] Poker Night at the Inventory -> Poker Night at the Inventory (status=exact, score=100)
[2026-09-08T12:43:33.479+0000] {matching.py:235} INFO - [1940340] Darkest Dungeon II -> Darkest Dungeon II (status=exact, score=100)
[2026-09-08T12:43:33.479+0000] {matching.py:235} INFO - [1262540] Need for Speed -> Need for Speed (status=exact, score=100)
[2026-09-08T12:43:33.479+0000] {matching.py:235} INFO - [38410] Fallout 2: A Post Nuclear Role Playing Game -> Colony Ship: A Post-Earth Role Playing Game (status=unmatched, score=65)
[2026-09-08T12:43:33.480+0000] {matching.py:235} INFO - [12810] Overlord II -> Overlord II (status=exact, score=100)
[2026-09-08T12:43:33.480+0000] {matching.py:235} INFO - [418530] Spelunky 2 -> Spelunky 2 (status=exact, score=100)
[2026-09-08T12:43:33.481+0000] {matching.py:235} INFO - [9420] Supreme Commander: Forged Alliance -> Supreme Commander: Forged Alliance (status=exact, score=100)
[2026-09-08T12:43:33.481+0000] {matching.py:235} INFO - [3830] Psychonauts -> Psychonauts (status=exact, score=100)
[2026-09-08T12:43:33.481+0000] {matching.py:235} INFO - [212740] TERA - Action MMORPG -> Eryi's Action (status=unmatched, score=60)
[2026-09-08T12:43:33.482+0000] {matching.py:235} INFO - [992300] 嗜血印 Bloody Spell -> 嗜血印 Bloody Spell (status=exact, score=100)
[2026-09-08T12:43:33.482+0000] {matching.py:235} INFO - [217200] Worms Armageddon -> Worms Armageddon (status=exact, score=100)
[2026-09-08T12:43:33.483+0000] {matching.py:235} INFO - [16900] GROUND BRANCH -> GROUND BRANCH (status=exact, score=100)
[2026-09-08T12:43:33.483+0000] {matching.py:235} INFO - [304650] SUNLESS SEA -> Sunless Sea (status=exact, score=100)
[2026-09-08T12:43:33.483+0000] {matching.py:235} INFO - [233270] Far Cry 3 - Blood Dragon -> Far Cry 3: Blood Dragon (status=exact, score=100)
[2026-09-08T12:43:33.484+0000] {matching.py:235} INFO - [13210] Unreal Tournament 3 Black -> Unreal Tournament 3 Black (status=exact, score=100)
[2026-09-08T12:43:33.484+0000] {matching.py:235} INFO - [448470] Bacteria -> Bacteria (status=exact, score=100)
[2026-09-08T12:43:33.485+0000] {matching.py:235} INFO - [20] Team Fortress Classic -> Team Fortress Classic (status=exact, score=100)
[2026-09-08T12:43:33.485+0000] {matching.py:235} INFO - [9200] RAGE -> Rage (status=exact, score=100)
[2026-09-08T12:43:33.485+0000] {matching.py:235} INFO - [3117820] Sultan's Game -> Sultan's Game (status=exact, score=100)
[2026-09-08T12:43:33.486+0000] {matching.py:235} INFO - [383980] Rivals of Aether -> Rivals of Aether (status=exact, score=100)
[2026-09-08T12:43:33.486+0000] {matching.py:235} INFO - [288470] Fable Anniversary -> Fable Anniversary (status=exact, score=100)
[2026-09-08T12:43:33.487+0000] {matching.py:235} INFO - [368370] Her Story -> Her Story (status=exact, score=100)
[2026-09-08T12:43:33.487+0000] {matching.py:235} INFO - [226700] Infestation: Survivor Stories 2020 -> Infestation: Survivor Stories (status=high_confidence, score=92)
[2026-09-08T12:43:33.487+0000] {matching.py:235} INFO - [394310] Punch Club -> Punch Club (status=exact, score=100)
[2026-09-08T12:43:33.488+0000] {matching.py:235} INFO - [505460] Foxhole -> Foxhole (status=exact, score=100)
[2026-09-08T12:43:33.488+0000] {matching.py:235} INFO - [250320] The Wolf Among Us -> The Wolf Among Us (status=exact, score=100)
[2026-09-08T12:43:33.488+0000] {matching.py:235} INFO - [481510] Night in the Woods -> Night in the Woods (status=exact, score=100)
[2026-09-08T12:43:33.489+0000] {matching.py:235} INFO - [302670] Call to Arms -> Call to Arms (status=exact, score=100)
[2026-09-08T12:43:33.489+0000] {matching.py:235} INFO - [311560] Assassin’s Creed Rogue -> Assassin’s Creed Rogue (status=exact, score=100)
[2026-09-08T12:43:33.490+0000] {matching.py:235} INFO - [736190] Chinese Parents -> 中国式家长 / Chinese Parents (status=exact, score=100)
[2026-09-08T12:43:33.490+0000] {matching.py:235} INFO - [243970] Invisible, Inc. -> Invisible, Inc. (status=exact, score=100)
[2026-09-08T12:43:33.491+0000] {matching.py:235} INFO - [230290] Universe Sandbox -> Universe Sandbox (status=exact, score=100)
[2026-09-08T12:43:33.491+0000] {matching.py:235} INFO - [2338770] NBA 2K24 -> NBA 2K24 (status=exact, score=100)
[2026-09-08T12:43:33.491+0000] {matching.py:235} INFO - [614570] Dishonored: Death of the Outsider -> Dishonored: Death of the Outsider (status=exact, score=100)
[2026-09-08T12:43:33.492+0000] {matching.py:235} INFO - [655500] MX Bikes -> MX Bikes (status=exact, score=100)
[2026-09-08T12:43:33.492+0000] {matching.py:235} INFO - [496300] Kingdom: New Lands -> Kingdom: New Lands (status=exact, score=100)
[2026-09-08T12:43:33.492+0000] {matching.py:235} INFO - [57900] Duke Nukem Forever -> Duke Nukem Forever (status=exact, score=100)
[2026-09-08T12:43:33.493+0000] {matching.py:235} INFO - [333420] Cossacks 3 -> Cossacks 3 (status=exact, score=100)
[2026-09-08T12:43:33.493+0000] {matching.py:235} INFO - [2456740] inZOI -> inZOI (status=exact, score=100)
[2026-09-08T12:43:33.494+0000] {matching.py:235} INFO - [1291340] Townscaper -> Townscaper (status=exact, score=100)
[2026-09-08T12:43:33.494+0000] {matching.py:235} INFO - [21110] F.E.A.R. -> F.E.A.R. (status=exact, score=100)
[2026-09-08T12:43:33.494+0000] {matching.py:235} INFO - [21120] F.E.A.R. -> F.E.A.R. (status=exact, score=100)
[2026-09-08T12:43:33.495+0000] {matching.py:235} INFO - [242700] Injustice: Gods Among Us Ultimate Edition -> Injustice: Gods Among Us Ultimate Edition (status=exact, score=100)
[2026-09-08T12:43:33.495+0000] {matching.py:235} INFO - [450540] Hot Dogs, Horseshoes & Hand Grenades -> Hot Dogs, Horseshoes & Hand Grenades (status=exact, score=100)
[2026-09-08T12:43:33.496+0000] {matching.py:235} INFO - [249050] Dungeon of the ENDLESS -> Dungeon of the Endless (status=exact, score=100)
[2026-09-08T12:43:33.496+0000] {matching.py:235} INFO - [258970] Gauntlet Slayer Edition -> Gauntlet Slayer Edition (status=exact, score=100)
[2026-09-08T12:43:33.496+0000] {matching.py:235} INFO - [429660] Tales of Berseria -> Tales of Berseria (status=exact, score=100)
[2026-09-08T12:43:33.497+0000] {matching.py:235} INFO - [201870] Assassin's Creed Revelations -> Assassin's Creed Revelations (status=exact, score=100)
[2026-09-08T12:43:33.497+0000] {matching.py:235} INFO - [1809540] Nine Sols -> Nine Sols (status=exact, score=100)
[2026-09-08T12:43:33.498+0000] {matching.py:235} INFO - [304030] ArcheAge -> ArcheAge (status=exact, score=100)
[2026-09-08T12:43:33.498+0000] {matching.py:235} INFO - [617830] SUPERHOT VR -> SUPERHOT VR (status=exact, score=100)
[2026-09-08T12:43:33.498+0000] {matching.py:235} INFO - [1462040] FINAL FANTASY VII REMAKE INTERGRADE -> FINAL FANTASY VII REMAKE INTERGRADE (status=exact, score=100)
[2026-09-08T12:43:33.499+0000] {matching.py:235} INFO - [729040] Borderlands Game of the Year Enhanced -> Borderlands Game of the Year Enhanced (status=exact, score=100)
[2026-09-08T12:43:33.499+0000] {matching.py:235} INFO - [1672970] Minecraft Dungeons -> Minecraft: Dungeons (status=exact, score=100)
[2026-09-08T12:43:33.500+0000] {matching.py:235} INFO - [747610] Zula Global -> A.V.A Global (status=unmatched, score=57)
[2026-09-08T12:43:33.500+0000] {matching.py:235} INFO - [1022450] War Selection -> War Selection (status=exact, score=100)
[2026-09-08T12:43:33.500+0000] {matching.py:235} INFO - [400250] Heaven Island - VR MMO -> Heaven Island - VR MMO (status=exact, score=100)
[2026-09-08T12:43:33.501+0000] {matching.py:235} INFO - [1041720] Kingdoms of Amalur: Re-Reckoning -> Kingdoms of Amalur: Re-Reckoning (status=exact, score=100)
[2026-09-08T12:43:33.501+0000] {matching.py:235} INFO - [1527950] Wartales -> Wartales (status=exact, score=100)
[2026-09-08T12:43:33.502+0000] {matching.py:235} INFO - [950670] Gothic Playable Teaser -> Gothic Playable Teaser (status=exact, score=100)
[2026-09-08T12:43:33.502+0000] {matching.py:235} INFO - [326460] ShellShock Live -> ShellShock Live (status=exact, score=100)
[2026-09-08T12:43:33.502+0000] {matching.py:235} INFO - [40700] Machinarium -> Machinarium (status=exact, score=100)
[2026-09-08T12:43:33.503+0000] {matching.py:235} INFO - [12900] AudioSurf -> AudioSurf (status=exact, score=100)
[2026-09-08T12:43:33.503+0000] {matching.py:235} INFO - [223850] 3DMark -> 3DMark (status=exact, score=100)
[2026-09-08T12:43:33.503+0000] {matching.py:235} INFO - [2108330] F1 23 -> F1 23 (status=exact, score=100)
[2026-09-08T12:43:33.504+0000] {matching.py:235} INFO - [1451940] NEEDY STREAMER OVERLOAD -> NEEDY STREAMER OVERLOAD: Typing of The Net (status=high_confidence, score=72)
[2026-09-08T12:43:33.504+0000] {matching.py:235} INFO - [1930] Two Worlds Epic Edition -> Two Worlds Epic Edition (status=exact, score=100)
[2026-09-08T12:43:33.504+0000] {matching.py:235} INFO - [290340] Armello -> Armello (status=exact, score=100)
[2026-09-08T12:43:33.505+0000] {matching.py:235} INFO - [997010] Police Simulator: Patrol Officers -> Police Simulator: Patrol Officers (status=exact, score=100)
[2026-09-08T12:43:33.505+0000] {matching.py:235} INFO - [1029550] Torque Drift -> Torque Drift (status=exact, score=100)
[2026-09-08T12:43:33.506+0000] {matching.py:235} INFO - [668630] Tricolour Lovestory -> Tricolour Lovestory (status=exact, score=100)
[2026-09-08T12:43:33.506+0000] {matching.py:235} INFO - [553640] ICEY -> ICEY (status=exact, score=100)
[2026-09-08T12:43:33.506+0000] {matching.py:235} INFO - [21090] F.E.A.R. -> F.E.A.R. (status=exact, score=100)
[2026-09-08T12:43:33.507+0000] {matching.py:235} INFO - [437220] The Culling -> The Culling (status=exact, score=100)
[2026-09-08T12:43:33.507+0000] {matching.py:235} INFO - [2252570] Football Manager 2024 -> Football Manager 2024 (status=exact, score=100)
[2026-09-08T12:43:33.507+0000] {matching.py:235} INFO - [578310] BRAIN / OUT -> BRAIN / OUT (status=exact, score=100)
[2026-09-08T12:43:33.508+0000] {matching.py:235} INFO - [234630] Project CARS -> Project CARS (status=exact, score=100)
[2026-09-08T12:43:33.508+0000] {matching.py:235} INFO - [794600] LET IT DIE -> LET IT DIE (status=exact, score=100)
[2026-09-08T12:43:33.508+0000] {matching.py:235} INFO - [339340] Resident Evil 0 -> RESIDENT EVIL 0 (status=exact, score=100)
[2026-09-08T12:43:33.509+0000] {matching.py:235} INFO - [3900] Sid Meier's Civilization IV -> Sid Meier's Civilization IV (status=exact, score=100)
[2026-09-08T12:43:33.509+0000] {matching.py:235} INFO - [489940] BATTALION 1944 -> Battalion 1944 (status=exact, score=100)
[2026-09-08T12:43:33.510+0000] {matching.py:235} INFO - [1012880] 60 Seconds! Reatomized -> 60 Seconds! Reatomized (status=exact, score=100)
[2026-09-08T12:43:33.510+0000] {matching.py:235} INFO - [2390840] Zombie Defense: The Last Frontier -> Zombie Defence: The final frontier (status=review, score=80)
[2026-09-08T12:43:33.510+0000] {matching.py:235} INFO - [378860] Project CARS 2 -> Project CARS 2 (status=exact, score=100)
[2026-09-08T12:43:33.511+0000] {matching.py:235} INFO - [745740] Reflex -> RefleX (status=exact, score=100)
[2026-09-08T12:43:33.511+0000] {matching.py:235} INFO - [382490] Relic Hunters Zero: Remix -> Relic Hunters Zero: Remix (status=exact, score=100)
[2026-09-08T12:43:33.512+0000] {matching.py:235} INFO - [731490] Crash Bandicoot N. Sane Trilogy -> Crash Bandicoot N. Sane Trilogy (status=exact, score=100)
[2026-09-08T12:43:33.512+0000] {matching.py:235} INFO - [517630] Just Cause 4 Reloaded -> Just Cause 4: Reloaded (status=exact, score=100)
[2026-09-08T12:43:33.512+0000] {matching.py:235} INFO - [282800] 100% Orange Juice -> 100% Orange Juice (status=exact, score=100)
[2026-09-08T12:43:33.513+0000] {matching.py:235} INFO - [42960] Victoria II -> Victoria II (status=exact, score=100)
[2026-09-08T12:43:33.513+0000] {matching.py:235} INFO - [32440] LEGO Star Wars - The Complete Saga -> LEGO Star Wars - The Complete Saga (status=exact, score=100)
[2026-09-08T12:43:33.513+0000] {matching.py:235} INFO - [115320] Prototype 2 -> Prototype 2 (status=exact, score=100)
[2026-09-08T12:43:33.514+0000] {matching.py:235} INFO - [383120] Empyrion - Galactic Survival -> Empyrion - Galactic Survival (status=exact, score=100)
[2026-09-08T12:43:33.514+0000] {matching.py:235} INFO - [557340] My Friend Pedro -> My Friend Pedro (status=exact, score=100)
[2026-09-08T12:43:33.515+0000] {matching.py:235} INFO - [39000] Moonbase Alpha -> Moonbase Alpha (status=exact, score=100)
[2026-09-08T12:43:33.515+0000] {matching.py:235} INFO - [690640] Trine 4: The Nightmare Prince -> Trine 4: The Nightmare Prince (status=exact, score=100)
[2026-09-08T12:43:33.515+0000] {matching.py:235} INFO - [214510] LEGO The Lord of the Rings -> LEGO The Lord of the Rings (status=exact, score=100)
[2026-09-08T12:43:33.516+0000] {matching.py:235} INFO - [577800] NBA 2K18 -> NBA 2K18 (status=exact, score=100)
[2026-09-08T12:43:33.516+0000] {matching.py:235} INFO - [1252330] DEATHLOOP -> Deathloop (status=exact, score=100)
[2026-09-08T12:43:33.516+0000] {matching.py:235} INFO - [235340] Prime World -> Prime World (status=exact, score=100)
[2026-09-08T12:43:33.517+0000] {matching.py:235} INFO - [362960] Tyranny -> Tyranny (status=exact, score=100)
[2026-09-08T12:43:33.517+0000] {matching.py:235} INFO - [107310] Cthulhu Saves the World -> Cthulhu Saves the World (status=exact, score=100)
[2026-09-08T12:43:33.518+0000] {matching.py:235} INFO - [250820] SteamVR -> Steam Marines (status=unmatched, score=50)
[2026-09-08T12:43:33.518+0000] {matching.py:235} INFO - [1161580] Hardspace: Shipbreaker -> Hardspace: Shipbreaker (status=exact, score=100)
[2026-09-08T12:43:33.518+0000] {matching.py:235} INFO - [2320] Quake II -> Quake II (status=exact, score=100)
[2026-09-08T12:43:33.519+0000] {matching.py:235} INFO - [1088150] Scribble It! -> Scribble It! (status=exact, score=100)
[2026-09-08T12:43:33.519+0000] {matching.py:235} INFO - [236690] Blood Bowl 2: Legendary Edition (Classic) -> Blood Bowl Legendary Edition (status=high_confidence, score=85)
[2026-09-08T12:43:33.519+0000] {matching.py:235} INFO - [1096530] Solasta: Crown of the Magister -> Solasta: Crown of the Magister (status=exact, score=100)
[2026-09-08T12:43:33.520+0000] {matching.py:235} INFO - [213610] Sonic Adventure 2 -> Sonic Adventure 2 (status=exact, score=100)
[2026-09-08T12:43:33.520+0000] {matching.py:235} INFO - [790710] World of Warplanes -> World of Warplanes (status=exact, score=100)
[2026-09-08T12:43:33.521+0000] {matching.py:235} INFO - [541570] Sally Face - Episode One -> Lethe - Episode One (status=unmatched, score=67)
[2026-09-08T12:43:33.521+0000] {matching.py:235} INFO - [1455840] Dorfromantik -> Dorfromantik (status=exact, score=100)
[2026-09-08T12:43:33.521+0000] {matching.py:235} INFO - [710920] Darksiders Genesis -> Darksiders Genesis (status=exact, score=100)
[2026-09-08T12:43:33.522+0000] {matching.py:235} INFO - [670290] Real Pool 3D - Poolians -> Real Pool 3D - Poolians (status=exact, score=100)
[2026-09-08T12:43:33.522+0000] {matching.py:235} INFO - [1124300] HUMANKIND -> Humankind (status=exact, score=100)
[2026-09-08T12:43:33.523+0000] {matching.py:235} INFO - [269950] X-Plane 11 -> X-Plane 11 (status=exact, score=100)
[2026-09-08T12:43:33.523+0000] {matching.py:235} INFO - [247120] Portal 2 Sixense Perceptual Pack -> Portal 2 Sixense Perceptual Pack (status=exact, score=100)
[2026-09-08T12:43:33.523+0000] {matching.py:235} INFO - [300380] Road Redemption -> Road Redemption (status=exact, score=100)
[2026-09-08T12:43:33.524+0000] {matching.py:235} INFO - [329050] Devil May Cry 4 Special Edition -> Devil May Cry 4: Special Edition (status=exact, score=100)
[2026-09-08T12:43:33.524+0000] {matching.py:235} INFO - [1253920] Rogue Legacy 2 -> Rogue Legacy 2 (status=exact, score=100)
[2026-09-08T12:43:33.524+0000] {matching.py:235} INFO - [332950] Dark Deception -> Dark Deception (status=exact, score=100)
[2026-09-08T12:43:33.525+0000] {matching.py:235} INFO - [232010] Euro Truck Simulator -> Euro Truck Simulator (status=exact, score=100)
[2026-09-08T12:43:33.525+0000] {matching.py:235} INFO - [1184140] KartRider: Drift -> KartRider: Drift (status=exact, score=100)
[2026-09-08T12:43:33.525+0000] {matching.py:235} INFO - [339600] VEGA Conflict -> VEGA Conflict (status=exact, score=100)
[2026-09-08T12:43:33.526+0000] {matching.py:235} INFO - [410900] Forts -> Forts (status=exact, score=100)
[2026-09-08T12:43:33.526+0000] {matching.py:235} INFO - [2296990] We Were Here Expeditions: The FriendShip -> We Were Here Expeditions: The FriendShip (status=exact, score=100)
[2026-09-08T12:43:33.527+0000] {matching.py:235} INFO - [283640] Salt and Sanctuary -> Salt and Sanctuary (status=exact, score=100)
[2026-09-08T12:43:33.527+0000] {matching.py:235} INFO - [397950] Clustertruck -> ClusterTruck (status=exact, score=100)
[2026-09-08T12:43:33.527+0000] {matching.py:235} INFO - [371660] Far Cry Primal -> Far Cry Primal (status=exact, score=100)
[2026-09-08T12:43:33.528+0000] {matching.py:235} INFO - [1173690] Resident Evil 3: Raccoon City Demo -> Resident Evil 3: Raccoon City Demo (status=exact, score=100)
[2026-09-08T12:43:33.528+0000] {matching.py:235} INFO - [1966900] 20 Minutes Till Dawn -> 20 Minutes Till Dawn (status=exact, score=100)
[2026-09-08T12:43:33.529+0000] {matching.py:235} INFO - [20500] Red Faction Guerrilla Steam Edition -> Red Faction: Guerrilla (status=high_confidence, score=75)
[2026-09-08T12:43:33.529+0000] {matching.py:235} INFO - [437920] Tricky Towers -> Tricky Towers (status=exact, score=100)
[2026-09-08T12:43:33.529+0000] {matching.py:235} INFO - [40970] Stronghold Crusader HD (2012) -> Stronghold Crusader HD (status=high_confidence, score=90)
[2026-09-08T12:43:33.530+0000] {matching.py:235} INFO - [1605220] Dune: Spice Wars -> Dune: Spice Wars (status=exact, score=100)
[2026-09-08T12:43:33.530+0000] {matching.py:235} INFO - [715220] Ironsight -> Ironsight (status=exact, score=100)
[2026-09-08T12:43:33.530+0000] {matching.py:235} INFO - [218680] Scribblenauts Unlimited -> Scribblenauts Unlimited (status=exact, score=100)
[2026-09-08T12:43:33.531+0000] {matching.py:235} INFO - [826630] Iron Harvest -> Iron Harvest (status=exact, score=100)
[2026-09-08T12:43:33.531+0000] {matching.py:235} INFO - [996470] eFootball  PES 2020 -> eFootball PES 2020 (status=exact, score=100)
[2026-09-08T12:43:33.531+0000] {matching.py:235} INFO - [1919590] NBA 2K23 -> NBA 2K23 (status=exact, score=100)
[2026-09-08T12:43:33.532+0000] {matching.py:235} INFO - [48720] Mount & Blade: With Fire & Sword -> Mount & Blade: With Fire & Sword (status=exact, score=100)
[2026-09-08T12:43:33.532+0000] {matching.py:235} INFO - [12140] Max Payne -> Max Payne (status=exact, score=100)
[2026-09-08T12:43:33.532+0000] {matching.py:235} INFO - [1206560] WorldBox - God Simulator -> WorldBox - God Simulator (status=exact, score=100)
[2026-09-08T12:43:33.533+0000] {matching.py:235} INFO - [903950] Last Oasis -> Last Oasis (status=exact, score=100)
[2026-09-08T12:43:33.533+0000] {matching.py:235} INFO - [233290] Murdered: Soul Suspect -> Murdered: Soul Suspect (status=exact, score=100)
[2026-09-08T12:43:33.534+0000] {matching.py:235} INFO - [2300320] Farming Simulator 25 -> Farming Simulator 25 (status=exact, score=100)
[2026-09-08T12:43:33.534+0000] {matching.py:235} INFO - [1295660] Sid Meier's Civilization VII -> Sid Meier’s Civilization VII (status=exact, score=100)
[2026-09-08T12:43:33.534+0000] {matching.py:235} INFO - [1325860] VTube Studio -> Color Tube. (status=unmatched, score=55)
[2026-09-08T12:43:33.535+0000] {matching.py:235} INFO - [997070] Marvel's Avengers - The Definitive Edition -> ReCore: Definitive Edition (status=unmatched, score=69)
[2026-09-08T12:43:33.535+0000] {matching.py:235} INFO - [916440] Anno 1800 -> Anno 1800 (status=exact, score=100)
[2026-09-08T12:43:33.535+0000] {matching.py:235} INFO - [858810] Dawn of Man -> Dawn of Man (status=exact, score=100)
[2026-09-08T12:43:33.536+0000] {matching.py:235} INFO - [1407200] World of Tanks -> World of Tanks (status=exact, score=100)
[2026-09-08T12:43:33.536+0000] {matching.py:235} INFO - [238430] Contagion -> Contagion (status=exact, score=100)
[2026-09-08T12:43:33.536+0000] {matching.py:235} INFO - [1244460] Jurassic World Evolution 2 -> Jurassic World Evolution 2 (status=exact, score=100)
[2026-09-08T12:43:33.537+0000] {matching.py:235} INFO - [1118310] RetroArch -> RetroArch (status=exact, score=100)
[2026-09-08T12:43:33.537+0000] {matching.py:235} INFO - [882100] XCOM: Chimera Squad -> XCOM: Chimera Squad (status=exact, score=100)
[2026-09-08T12:43:33.538+0000] {matching.py:235} INFO - [206210] Gotham City Impostors Free to Play -> Gotham City Impostors (status=high_confidence, score=76)
[2026-09-08T12:43:33.538+0000] {matching.py:235} INFO - [205950] Jet Set Radio -> Jet Set Radio (status=exact, score=100)
[2026-09-08T12:43:33.538+0000] {matching.py:235} INFO - [879160] Battlerite Royale -> Battlerite Royale (status=exact, score=100)
[2026-09-08T12:43:33.539+0000] {matching.py:235} INFO - [1106840] Hydroneer -> Hydroneer (status=exact, score=100)
[2026-09-08T12:43:33.539+0000] {matching.py:235} INFO - [1210320] Potion Craft: Alchemist Simulator -> Potion Craft: Alchemist Simulator (status=exact, score=100)
[2026-09-08T12:43:33.539+0000] {matching.py:235} INFO - [728540] Islands of Nyne: Battle Royale -> ISLANDS OF NYNE: BATTLE ROYALE (status=exact, score=100)
[2026-09-08T12:43:33.540+0000] {matching.py:235} INFO - [285160] LEGO The Hobbit -> LEGO The Hobbit (status=exact, score=100)
[2026-09-08T12:43:33.540+0000] {matching.py:235} INFO - [1119730] Ranch Simulator: Build, Hunt, Farm -> Ranch Simulator (status=high_confidence, score=65)
[2026-09-08T12:43:33.541+0000] {matching.py:235} INFO - [1657630] Slime Rancher 2 -> Slime Rancher 2 (status=exact, score=100)
[2026-09-08T12:43:33.541+0000] {matching.py:235} INFO - [246420] Kingdom Rush  - Tower Defense -> Tower Defense: The Kingdom (status=high_confidence, score=90)
[2026-09-08T12:43:33.541+0000] {matching.py:235} INFO - [1448440] Wo Long: Fallen Dynasty -> Wo Long: Fallen Dynasty (status=exact, score=100)
[2026-09-08T12:43:33.542+0000] {matching.py:235} INFO - [1810580] Nobody - The Turnaround -> Nobody - The Turnaround (status=exact, score=100)
[2026-09-08T12:43:33.542+0000] {matching.py:235} INFO - [1817190] Marvel’s Spider-Man: Miles Morales -> Marvel's Spider-Man: Miles Morales (status=exact, score=100)
[2026-09-08T12:43:33.542+0000] {matching.py:235} INFO - [244450] Men of War: Assault Squad 2 -> Men of War: Assault Squad 2 (status=exact, score=100)
[2026-09-08T12:43:33.543+0000] {matching.py:235} INFO - [282660] Easy eSports -> Easy Red (status=unmatched, score=60)
[2026-09-08T12:43:33.543+0000] {matching.py:235} INFO - [1325200] Nioh 2 – The Complete Edition -> Nioh 2 – The Complete Edition (status=exact, score=100)
[2026-09-08T12:43:33.543+0000] {matching.py:235} INFO - [960990] Beyond: Two Souls -> Beyond: Two Souls (status=exact, score=100)
[2026-09-08T12:43:33.544+0000] {matching.py:235} INFO - [383180] Dead Island: Riptide Definitive Edition -> Dead Island: Riptide Definitive Edition (status=exact, score=100)
[2026-09-08T12:43:33.544+0000] {matching.py:235} INFO - [209660] Call of Duty: Advanced Warfare - Gold Edition -> Call of Duty: Advanced Warfare - Gold Edition (status=exact, score=100)
[2026-09-08T12:43:33.545+0000] {matching.py:235} INFO - [751780] Forager -> Forager (status=exact, score=100)
[2026-09-08T12:43:33.545+0000] {matching.py:235} INFO - [544920] Darwin Project -> Darwin Project (status=exact, score=100)
[2026-09-08T12:43:33.546+0000] {matching.py:235} INFO - [226860] Galactic Civilizations III -> Galactic Civilizations III (status=exact, score=100)
[2026-09-08T12:43:33.546+0000] {matching.py:235} INFO - [1418630] Dread Hunger -> Dread Hunger (status=exact, score=100)
[2026-09-08T12:43:33.546+0000] {matching.py:235} INFO - [939400] LoveChoice -> LoveChoice (status=exact, score=100)
[2026-09-08T12:43:33.547+0000] {matching.py:235} INFO - [2321470] Deep Rock Galactic: Survivor -> Deep Rock Galactic: Survivor (status=exact, score=100)
[2026-09-08T12:43:33.547+0000] {matching.py:235} INFO - [268870] Satellite Reign -> Satellite Reign (status=exact, score=100)
[2026-09-08T12:43:33.548+0000] {matching.py:235} INFO - [953490] CARRION -> Carrion (status=exact, score=100)
[2026-09-08T12:43:33.548+0000] {matching.py:235} INFO - [698670] Scorn -> Scorn (status=exact, score=100)
[2026-09-08T12:43:33.548+0000] {matching.py:235} INFO - [1128920] EVERSPACE 2 -> Everspace 2 (status=exact, score=100)
[2026-09-08T12:43:33.549+0000] {matching.py:235} INFO - [1418100] Swords of Legends Online -> Swords of Legends Online (status=exact, score=100)
[2026-09-08T12:43:33.549+0000] {matching.py:235} INFO - [329110] Gems of War - Puzzle RPG -> Gems of War - Match 3 RPG (status=unmatched, score=67)
[2026-09-08T12:43:33.550+0000] {matching.py:235} INFO - [1264670] The Wind Road -> The Wind Road (status=exact, score=100)
[2026-09-08T12:43:33.550+0000] {matching.py:235} INFO - [214340] Deponia -> Deponia (status=exact, score=100)
[2026-09-08T12:43:33.550+0000] {matching.py:235} INFO - [205230] Hell Yeah! Wrath of the Dead Rabbit -> HELL YEAH! Wrath of the Dead Rabbit (status=exact, score=100)
[2026-09-08T12:43:33.551+0000] {matching.py:235} INFO - [17570] Pirates, Vikings, and Knights II -> Pirates, Vikings, and Knights II (status=exact, score=100)
[2026-09-08T12:43:33.551+0000] {matching.py:235} INFO - [1258080] Shop Titans -> Shop Titans (status=exact, score=100)
[2026-09-08T12:43:33.552+0000] {matching.py:235} INFO - [610080] Realm Grinder -> Realm Grinder (status=exact, score=100)
[2026-09-08T12:43:33.552+0000] {matching.py:235} INFO - [2713550] Cursed Dawn -> Cursed Dawn (status=exact, score=100)
[2026-09-08T12:43:33.552+0000] {matching.py:235} INFO - [962730] Skater XL - The Ultimate Skateboarding Game -> Sonic Skate - The Skateboard Game for Skaters (status=unmatched, score=62)
[2026-09-08T12:43:33.553+0000] {matching.py:235} INFO - [375910] Anno 2205 -> Anno 2205 (status=exact, score=100)
[2026-09-08T12:43:33.553+0000] {matching.py:235} INFO - [911400] Assassin's Creed III Remastered -> Assassin's Creed III: Remastered (status=exact, score=100)
[2026-09-08T12:43:33.553+0000] {matching.py:235} INFO - [1237980] STAR WARS Battlefront -> STAR WARS Battlefront (status=exact, score=100)
[2026-09-08T12:43:33.554+0000] {matching.py:235} INFO - [1262600] Need for Speed Rivals -> Need for Speed Rivals (status=exact, score=100)
[2026-09-08T12:43:33.554+0000] {matching.py:235} INFO - [2679460] Metaphor: ReFantazio -> Metaphor: ReFantazio (status=exact, score=100)
[2026-09-08T12:43:33.555+0000] {matching.py:235} INFO - [1419170] My Singing Monsters -> My Singing Monsters (status=exact, score=100)
[2026-09-08T12:43:33.555+0000] {matching.py:235} INFO - [1337520] Risk of Rain Returns -> Risk of Rain Returns (status=exact, score=100)
[2026-09-08T12:43:33.555+0000] {matching.py:235} INFO - [2212330] Your Only Move Is HUSTLE -> Your Only Move Is HUSTLE (status=exact, score=100)
[2026-09-08T12:43:33.556+0000] {matching.py:235} INFO - [1134570] F1 2021 -> F1 2021 (status=exact, score=100)
[2026-09-08T12:43:33.556+0000] {matching.py:235} INFO - [2420110] Horizon Forbidden West Complete Edition -> Horizon Forbidden West Complete Edition (status=exact, score=100)
[2026-09-08T12:43:33.557+0000] {matching.py:235} INFO - [1062520] Dinkum -> Dinkum (status=exact, score=100)
[2026-09-08T12:43:33.557+0000] {matching.py:235} INFO - [994280] Gujian3(古剑奇谭三) -> GuJian 古剑奇谭 (status=high_confidence, score=92)
[2026-09-08T12:43:33.557+0000] {matching.py:235} INFO - [1222730] STAR WARS: Squadrons -> Star Wars: Squadrons (status=exact, score=100)
[2026-09-08T12:43:33.558+0000] {matching.py:235} INFO - [368070] Sniper Ghost Warrior 3 -> Sniper: Ghost Warrior 3 (status=exact, score=100)
[2026-09-08T12:43:33.558+0000] {matching.py:235} INFO - [1669980] Volcano Princess -> Volcano Princess (status=exact, score=100)
[2026-09-08T12:43:33.559+0000] {matching.py:235} INFO - [47780] Dead Space 2 -> Dead Space 2 (status=exact, score=100)
[2026-09-08T12:43:33.559+0000] {matching.py:235} INFO - [872410] ROMANCE OF THE THREE KINGDOMS XIV -> Romance of the Three Kingdoms XIV (status=exact, score=100)
[2026-09-08T12:43:33.559+0000] {matching.py:235} INFO - [23490] Tropico 3 -> Tropico 3 (status=exact, score=100)
[2026-09-08T12:43:33.560+0000] {matching.py:235} INFO - [531510] Just Shapes & Beats -> Just Shapes & Beats (status=exact, score=100)
[2026-09-08T12:43:33.560+0000] {matching.py:235} INFO - [2440510] Forza Motorsport -> Forza Motorsport (status=exact, score=100)
[2026-09-08T12:43:33.561+0000] {matching.py:235} INFO - [1036700] My Beautiful Paper Smile -> My Beautiful Paper Smile (status=exact, score=100)
[2026-09-08T12:43:33.561+0000] {matching.py:235} INFO - [469600] Legion TD 2 - Multiplayer Tower Defense -> TD School - Multiplayer Tower Defense (status=review, score=78)
[2026-09-08T12:43:33.562+0000] {matching.py:235} INFO - [380840] Teeworlds -> Teeworlds (status=exact, score=100)
[2026-09-08T12:43:33.562+0000] {matching.py:235} INFO - [22300] Fallout 3 -> Fallout 3 (status=exact, score=100)
[2026-09-08T12:43:33.562+0000] {matching.py:235} INFO - [17430] Need for Speed Undercover -> Need For Speed Undercover (status=exact, score=100)
[2026-09-08T12:43:33.563+0000] {matching.py:235} INFO - [92800] SpaceChem -> SpaceChem (status=exact, score=100)
[2026-09-08T12:43:33.563+0000] {matching.py:235} INFO - [236090] Dust: An Elysian Tail -> Dust: An Elysian Tail (status=exact, score=100)
[2026-09-08T12:43:33.563+0000] {matching.py:235} INFO - [6920] Deus Ex: Invisible War -> Deus Ex 2: Invisible War (status=high_confidence, score=95)
[2026-09-08T12:43:33.564+0000] {matching.py:235} INFO - [1789480] Marauders -> Marauders (status=exact, score=100)
[2026-09-08T12:43:33.564+0000] {matching.py:235} INFO - [22000] World of Goo -> World of Goo (status=exact, score=100)
[2026-09-08T12:43:33.565+0000] {matching.py:235} INFO - [1244800] Terraformers -> Terraformers (status=exact, score=100)
[2026-09-08T12:43:33.565+0000] {matching.py:235} INFO - [34830] Sniper: Ghost Warrior -> Sniper: Ghost Warrior (status=exact, score=100)
[2026-09-08T12:43:33.565+0000] {matching.py:235} INFO - [571740] Golf It! -> Golf It! (status=exact, score=100)
[2026-09-08T12:43:33.566+0000] {matching.py:235} INFO - [335330] Brick-Force -> Brick-Force (status=exact, score=100)
[2026-09-08T12:43:33.566+0000] {matching.py:235} INFO - [420530] OneShot -> OneShot (status=exact, score=100)
[2026-09-08T12:43:33.566+0000] {matching.py:235} INFO - [377840] FINAL FANTASY IX -> Final Fantasy IX (status=exact, score=100)
[2026-09-08T12:43:33.567+0000] {matching.py:235} INFO - [553420] TUNIC -> Tunic (status=exact, score=100)
[2026-09-08T12:43:33.567+0000] {matching.py:235} INFO - [1671210] DELTARUNE -> DELTARUNE (status=exact, score=100)
[2026-09-08T12:43:33.568+0000] {matching.py:235} INFO - [209670] Cortex Command -> Cortex Command (status=exact, score=100)
[2026-09-08T12:43:33.568+0000] {matching.py:235} INFO - [611790] House Party -> House Party (status=exact, score=100)
[2026-09-08T12:43:33.568+0000] {matching.py:235} INFO - [21130] LEGO Harry Potter: Years 1-4 -> LEGO Harry Potter: Years 1-4 (status=exact, score=100)
[2026-09-08T12:43:33.569+0000] {matching.py:235} INFO - [215530] The Incredible Adventures of Van Helsing -> The Incredible Adventures of Van Helsing (status=exact, score=100)
[2026-09-08T12:43:33.569+0000] {matching.py:235} INFO - [235540] Warhammer: End Times - Vermintide -> Warhammer: End Times - Vermintide (status=exact, score=100)
[2026-09-08T12:43:33.570+0000] {matching.py:235} INFO - [597170] Clone Drone in the Danger Zone -> Clone Drone in the Danger Zone (status=exact, score=100)
[2026-09-08T12:43:33.570+0000] {matching.py:235} INFO - [627270] Injustice 2 -> Injustice 2 (status=exact, score=100)
[2026-09-08T12:43:33.570+0000] {matching.py:235} INFO - [626690] Sword Art Online: Fatal Bullet -> SWORD ART ONLINE: Fatal Bullet (status=exact, score=100)
[2026-09-08T12:43:33.571+0000] {matching.py:235} INFO - [293180] Overcast - Walden and the Werewolf -> Overcast - Walden and the Werewolf (status=exact, score=100)
[2026-09-08T12:43:33.571+0000] {matching.py:235} INFO - [1328660] Need for Speed Hot Pursuit Remastered -> Need for Speed: Hot Pursuit Remastered (status=exact, score=100)
[2026-09-08T12:43:33.572+0000] {matching.py:235} INFO - [867210] Songs of Conquest -> Songs of Conquest (status=exact, score=100)
[2026-09-08T12:43:33.572+0000] {matching.py:235} INFO - [221640] Super Hexagon -> Super Hexagon (status=exact, score=100)
[2026-09-08T12:43:33.572+0000] {matching.py:235} INFO - [211420] DARK SOULS: Prepare To Die Edition -> Dark Souls: Prepare To Die Edition (status=exact, score=100)
[2026-09-08T12:43:33.573+0000] {matching.py:235} INFO - [332800] Five Nights at Freddy's 2 -> Five Nights at Freddy's 2 (status=exact, score=100)
[2026-09-08T12:43:33.573+0000] {matching.py:235} INFO - [2780980] LOCKDOWN Protocol -> Lockdown Protocol (status=exact, score=100)
[2026-09-08T12:43:33.574+0000] {matching.py:235} INFO - [251950] WWII Online -> WWII Online (status=exact, score=100)
[2026-09-08T12:43:33.574+0000] {matching.py:235} INFO - [595520] FINAL FANTASY XII THE ZODIAC AGE -> Final Fantasy XII: The Zodiac Age (status=exact, score=100)
[2026-09-08T12:43:33.574+0000] {matching.py:235} INFO - [1066780] Transport Fever 2 -> Transport Fever 2 (status=exact, score=100)
[2026-09-08T12:43:33.575+0000] {matching.py:235} INFO - [707010] Will To Live Online -> Will To Live Online (status=exact, score=100)
[2026-09-08T12:43:33.575+0000] {matching.py:235} INFO - [1262560] Need for Speed Most Wanted -> Need For Speed: Most Wanted (status=exact, score=100)
[2026-09-08T12:43:33.575+0000] {matching.py:235} INFO - [301640] Zombie Army Trilogy -> Zombie Army Trilogy (status=exact, score=100)
[2026-09-08T12:43:33.576+0000] {matching.py:235} INFO - [215100] Ragnarok Online -> Ragnarok Online (status=exact, score=100)
[2026-09-08T12:43:33.576+0000] {matching.py:235} INFO - [530620] Resident Evil 7 Teaser: Beginning Hour -> Resident Evil 7 / Biohazard 7 Teaser: Beginning Hour (status=high_confidence, score=86)
[2026-09-08T12:43:33.576+0000] {matching.py:235} INFO - [357900] Make it indie! -> Make it indie! (status=exact, score=100)
[2026-09-08T12:43:33.577+0000] {matching.py:235} INFO - [1104450] Bombergrounds: Battle Royale -> Bombergrounds: Battle Royale (status=exact, score=100)
[2026-09-08T12:43:33.577+0000] {matching.py:235} INFO - [1080110] F1 2020 -> F1 2020 (status=exact, score=100)
[2026-09-08T12:43:33.578+0000] {matching.py:235} INFO - [301750] RADical ROACH Remastered -> DuckTales: Remastered (status=unmatched, score=68)
[2026-09-08T12:43:33.578+0000] {matching.py:235} INFO - [686200] Door Kickers: Action Squad -> Door Kickers: Action Squad (status=exact, score=100)
[2026-09-08T12:43:33.578+0000] {matching.py:235} INFO - [234710] Poker Night 2 -> Poker Night 2 (status=exact, score=100)
[2026-09-08T12:43:33.579+0000] {matching.py:235} INFO - [2161700] Persona 3 Reload -> Persona 3 Reload (status=exact, score=100)
[2026-09-08T12:43:33.579+0000] {matching.py:235} INFO - [1627720] Lies of P -> Lies Of P (status=exact, score=100)
[2026-09-08T12:43:33.580+0000] {matching.py:235} INFO - [865610] Tails Noir -> Tails Noir (status=exact, score=100)
[2026-09-08T12:43:33.580+0000] {matching.py:235} INFO - [2221490] Tom Clancy’s The Division 2 -> Tom Clancy’s The Division 2 (status=exact, score=100)
[2026-09-08T12:43:33.580+0000] {matching.py:235} INFO - [317360] Double Action: Boogaloo -> Double Action: Boogaloo (status=exact, score=100)
[2026-09-08T12:43:33.581+0000] {matching.py:235} INFO - [648120] Pixel Sketch -> Pixel Starships (status=unmatched, score=67)
[2026-09-08T12:43:33.581+0000] {matching.py:235} INFO - [399810] Call of Cthulhu -> Call of Cthulhu (status=exact, score=100)
[2026-09-08T12:43:33.581+0000] {matching.py:235} INFO - [1065310] Evil West -> Evil West (status=exact, score=100)
[2026-09-08T12:43:33.582+0000] {matching.py:235} INFO - [536930] MOBIUS FINAL FANTASY -> MOBIUS FINAL FANTASY (status=exact, score=100)
[2026-09-08T12:43:33.582+0000] {matching.py:235} INFO - [1007040] EARTH DEFENSE FORCE 5 -> Earth Defense Force 5 (status=exact, score=100)
[2026-09-08T12:43:33.582+0000] {matching.py:235} INFO - [403190] Planetbase -> Planetbase (status=exact, score=100)
[2026-09-08T12:43:33.583+0000] {matching.py:235} INFO - [208200] DOOM 3 -> Doom 3 (status=exact, score=100)
[2026-09-08T12:43:33.583+0000] {matching.py:235} INFO - [1468260] Leaf Blower Revolution - Idle Game -> Leaf Blower Revolution - Idle Game (status=exact, score=100)
[2026-09-08T12:43:33.584+0000] {matching.py:235} INFO - [339800] HuniePop -> HuniePop (status=exact, score=100)
[2026-09-08T12:43:33.584+0000] {matching.py:235} INFO - [1473480] A.V.A -> E.V.A (status=unmatched, score=67)
[2026-09-08T12:43:33.584+0000] {matching.py:235} INFO - [1189490] 觅长生 -> 觅长生 (status=exact, score=100)
[2026-09-08T12:43:33.585+0000] {matching.py:235} INFO - [575090] Flame of Memory -> Flame of Memory (status=exact, score=100)
[2026-09-08T12:43:33.585+0000] {matching.py:235} INFO - [219890] Antichamber -> Antichamber (status=exact, score=100)
[2026-09-08T12:43:33.586+0000] {matching.py:235} INFO - [413410] Danganronpa: Trigger Happy Havoc -> Danganronpa: Trigger Happy Havoc (status=exact, score=100)
[2026-09-08T12:43:33.586+0000] {matching.py:235} INFO - [536220] The Walking Dead: A New Frontier -> The Walking Dead: A New Frontier (status=exact, score=100)
[2026-09-08T12:43:33.586+0000] {matching.py:235} INFO - [341940] Hatred -> Hatred (status=exact, score=100)
[2026-09-08T12:43:33.587+0000] {matching.py:235} INFO - [559650] Witch It -> Witch It (status=exact, score=100)
[2026-09-08T12:43:33.587+0000] {matching.py:235} INFO - [32500] STAR WARS: The Force Unleashed II -> STAR WARS: The Force Unleashed II (status=exact, score=100)
[2026-09-08T12:43:33.587+0000] {matching.py:235} INFO - [667890] Dead Maze -> Dead Maze (status=exact, score=100)
[2026-09-08T12:43:33.588+0000] {matching.py:235} INFO - [666140] My Time at Portia -> My Time At Portia (status=exact, score=100)
[2026-09-08T12:43:33.588+0000] {matching.py:235} INFO - [522210] Serial Cleaner -> Serial Cleaner (status=exact, score=100)
[2026-09-08T12:43:33.589+0000] {matching.py:235} INFO - [310370] The Way of Life Free Edition -> The Way of Life Free Edition (status=exact, score=100)
[2026-09-08T12:43:33.589+0000] {matching.py:235} INFO - [669330] Mechabellum -> Mechabellum (status=exact, score=100)
[2026-09-08T12:43:33.589+0000] {matching.py:235} INFO - [1262240] Plants vs. Zombies: Battle for Neighborville -> Plants vs. Zombies: Battle for Neighborville (status=exact, score=100)
[2026-09-08T12:43:33.590+0000] {matching.py:235} INFO - [250180] METAL SLUG 3 -> METAL SLUG 3 (status=exact, score=100)
[2026-09-08T12:43:33.590+0000] {matching.py:235} INFO - [41700] S.T.A.L.K.E.R.: Call of Pripyat -> S.T.A.L.K.E.R.: Call of Pripyat (status=exact, score=100)
[2026-09-08T12:43:33.591+0000] {matching.py:235} INFO - [422100] Heaven Island Life -> Heaven Island Life (status=exact, score=100)
[2026-09-08T12:43:33.591+0000] {matching.py:235} INFO - [999220] Amnesia: Rebirth -> Amnesia: Rebirth (status=exact, score=100)
[2026-09-08T12:43:33.591+0000] {matching.py:235} INFO - [489630] Warhammer 40,000: Gladius - Relics of War -> Warhammer 40,000: Gladius - Relics of War (status=exact, score=100)
[2026-09-08T12:43:33.592+0000] {matching.py:235} INFO - [10150] Prototype -> Prototype (status=exact, score=100)
[2026-09-08T12:43:33.592+0000] {matching.py:235} INFO - [412880] Drift Streets Japan -> Drift Streets Japan (status=exact, score=100)
[2026-09-08T12:43:33.593+0000] {matching.py:235} INFO - [208480] Assassin’s Creed III -> Assassin’s Creed III (status=exact, score=100)
[2026-09-08T12:43:33.593+0000] {matching.py:235} INFO - [244160] Homeworld Remastered Collection -> Homeworld Remastered Collection (status=exact, score=100)
[2026-09-08T12:43:33.593+0000] {matching.py:235} INFO - [463710] Puzzle Galaxies -> Puzzle Galaxies (status=exact, score=100)
[2026-09-08T12:43:33.594+0000] {matching.py:235} INFO - [567640] Danganronpa V3: Killing Harmony -> Danganronpa V3: Killing Harmony (status=exact, score=100)
[2026-09-08T12:43:33.594+0000] {matching.py:235} INFO - [1214670] Mr. Sun's Hatbox -> Mr. Sun's Hatbox (status=exact, score=100)
[2026-09-08T12:43:33.594+0000] {matching.py:235} INFO - [376570] WildStar -> WildStar (status=exact, score=100)
[2026-09-08T12:43:33.595+0000] {matching.py:235} INFO - [330020] Children of Morta -> Children of Morta (status=exact, score=100)
[2026-09-08T12:43:33.595+0000] {matching.py:235} INFO - [607260] McOsu -> McOsu (status=exact, score=100)
[2026-09-08T12:43:33.596+0000] {matching.py:235} INFO - [2878980] NBA 2K25 -> NBA 2K25 (status=exact, score=100)
[2026-09-08T12:43:33.596+0000] {matching.py:235} INFO - [1377580] Soulworker -> Soulworker (status=exact, score=100)
[2026-09-08T12:43:33.596+0000] {matching.py:235} INFO - [625340] XERA: Survival -> XERA: Survival (status=exact, score=100)
[2026-09-08T12:43:33.597+0000] {matching.py:235} INFO - [1302240] Labyrinthine -> Labyrinthine (status=exact, score=100)
[2026-09-08T12:43:33.597+0000] {matching.py:235} INFO - [555160] Pavlov -> Pavlov VR (status=high_confidence, score=80)
[2026-09-08T12:43:33.597+0000] {matching.py:235} INFO - [690040] SUPERHOT: MIND CONTROL DELETE -> Superhot: Mind Control Delete (status=exact, score=100)
[2026-09-08T12:43:33.598+0000] {matching.py:235} INFO - [1148650] The Legend of Bum-Bo -> The Legend of Bum-bo (status=exact, score=100)
[2026-09-08T12:43:33.598+0000] {matching.py:235} INFO - [678800] SAS: Zombie Assault 4 -> SAS: Zombie Assault 4 (status=exact, score=100)
[2026-09-08T12:43:33.598+0000] {matching.py:235} INFO - [1549970] Aliens: Fireteam Elite -> Aliens: Fireteam Elite (status=exact, score=100)
[2026-09-08T12:43:33.599+0000] {matching.py:235} INFO - [13140] America's Army 3 -> America's Army 3 (status=exact, score=100)
[2026-09-08T12:43:33.599+0000] {matching.py:235} INFO - [404790] Godot Engine -> Godot Engine (status=exact, score=100)
[2026-09-08T12:43:33.599+0000] {matching.py:235} INFO - [619820] Heroes of Hammerwatch II -> Heroes of Hammerwatch II (status=exact, score=100)
[2026-09-08T12:43:33.600+0000] {matching.py:235} INFO - [1382330] Persona 5 Strikers -> Persona 5 Strikers (status=exact, score=100)
[2026-09-08T12:43:33.600+0000] {matching.py:235} INFO - [1718570] ASTLIBRA Revision -> ASTLIBRA Revision (status=exact, score=100)
[2026-09-08T12:43:33.601+0000] {matching.py:235} INFO - [400750] Call to Arms - Gates of Hell: Ostfront -> Brothers in Arms: Road to Hill 30 (status=unmatched, score=57)
[2026-09-08T12:43:33.601+0000] {matching.py:235} INFO - [359870] FINAL FANTASY X/X-2 HD Remaster -> FINAL FANTASY X/X-2 HD Remaster (status=exact, score=100)
[2026-09-08T12:43:33.601+0000] {matching.py:235} INFO - [558100] Art of War: Red Tides -> Art of War: Red Tides (status=exact, score=100)
[2026-09-08T12:43:33.602+0000] {matching.py:235} INFO - [787480] Phoenix Wright: Ace Attorney Trilogy -> Phoenix Wright: Ace Attorney Trilogy (status=exact, score=100)
[2026-09-08T12:43:33.602+0000] {matching.py:235} INFO - [427290] Vampyr -> Vampyr (status=exact, score=100)
[2026-09-08T12:43:33.603+0000] {matching.py:235} INFO - [365360] Battle Brothers -> Battle Brothers (status=exact, score=100)
[2026-09-08T12:43:33.603+0000] {matching.py:235} INFO - [1222690] Dragon Age Inquisition -> Dragon Age: Inquisition (status=exact, score=100)
[2026-09-08T12:43:33.603+0000] {matching.py:235} INFO - [1369630] ENDER LILIES: Quietus of the Knights -> Ender Lilies: Quietus of the Knights (status=exact, score=100)
[2026-09-08T12:43:33.604+0000] {matching.py:235} INFO - [434570] Blood and Bacon -> Blood and Bacon (status=exact, score=100)
[2026-09-08T12:43:33.604+0000] {matching.py:235} INFO - [1227890] Summer Memories -> Summer Memories (status=exact, score=100)
[2026-09-08T12:43:33.604+0000] {matching.py:235} INFO - [631510] Devil May Cry HD Collection -> Devil May Cry HD Collection (status=exact, score=100)
[2026-09-08T12:43:33.605+0000] {matching.py:235} INFO - [590380] Into the Breach -> Into the Breach (status=exact, score=100)
[2026-09-08T12:43:33.605+0000] {matching.py:235} INFO - [1490890] Demon Slayer -Kimetsu no Yaiba- The Hinokami Chronicles -> Demon Slayer -Kimetsu no Yaiba- The Hinokami Chronicles (status=exact, score=100)
[2026-09-08T12:43:33.606+0000] {matching.py:235} INFO - [329430] State of Decay: YOSE -> State of Decay (status=high_confidence, score=85)
[2026-09-08T12:43:33.606+0000] {matching.py:235} INFO - [252530] OMSI 2: Steam Edition -> OMSI 2: Steam Edition (status=exact, score=100)
[2026-09-08T12:43:33.606+0000] {matching.py:235} INFO - [244930] SNOW - The Ultimate Edition -> Into the Dark: Ultimate Trash Edition (status=review, score=75)
[2026-09-08T12:43:33.607+0000] {matching.py:235} INFO - [960170] DJMAX RESPECT V -> DJMAX RESPECT V (status=exact, score=100)
[2026-09-08T12:43:33.607+0000] {matching.py:235} INFO - [915320] Pixel Strike 3D -> Pixel Strike 3D (status=exact, score=100)
[2026-09-08T12:43:33.608+0000] {matching.py:235} INFO - [1049800] BLOCKADE -> Blockade (status=exact, score=100)
[2026-09-08T12:43:33.608+0000] {matching.py:235} INFO - [1922560] Plants vs. Zombies Garden Warfare 2: Deluxe Edition -> Plants vs. Zombies Garden Warfare 2: Deluxe Edition (status=exact, score=100)
[2026-09-08T12:43:33.608+0000] {matching.py:235} INFO - [1385380] Across the Obelisk -> Across the Obelisk (status=exact, score=100)
[2026-09-08T12:43:33.609+0000] {matching.py:235} INFO - [352400] LEGO Jurassic World -> LEGO Jurassic World (status=exact, score=100)
[2026-09-08T12:43:33.609+0000] {matching.py:235} INFO - [237310] Elsword -> Elsword (status=exact, score=100)
[2026-09-08T12:43:33.609+0000] {matching.py:235} INFO - [1465360] SnowRunner -> SnowRunner (status=exact, score=100)
[2026-09-08T12:43:33.610+0000] {matching.py:235} INFO - [347560] Terra Incognita Chapter One: The Descendant -> Terra Incognita ~ Chapter One: The Descendant (status=exact, score=100)
[2026-09-08T12:43:33.610+0000] {matching.py:235} INFO - [1097840] Gears 5 -> Gears 5 (status=exact, score=100)
[2026-09-08T12:43:33.611+0000] {matching.py:235} INFO - [375480] Chronicon -> Chronicon (status=exact, score=100)
[2026-09-08T12:43:33.611+0000] {matching.py:235} INFO - [411300] ELEX -> ELEX (status=exact, score=100)
[2026-09-08T12:43:33.611+0000] {matching.py:235} INFO - [404410] Endless Sky -> Endless Sky (status=exact, score=100)
[2026-09-08T12:43:33.612+0000] {matching.py:235} INFO - [736260] Baba Is You -> Baba Is You (status=exact, score=100)
[2026-09-08T12:43:33.612+0000] {matching.py:235} INFO - [578650] The Outer Worlds -> The Outer Worlds (status=exact, score=100)
[2026-09-08T12:43:33.612+0000] {matching.py:235} INFO - [513780] Turbo Pug DX -> Turbo Pug DX (status=exact, score=100)
[2026-09-08T12:43:33.613+0000] {matching.py:235} INFO - [931690] Himno -> Himno (status=exact, score=100)
[2026-09-08T12:43:33.613+0000] {matching.py:235} INFO - [1256670] Library Of Ruina -> Library Of Ruina (status=exact, score=100)
[2026-09-08T12:43:33.613+0000] {matching.py:235} INFO - [859580] Imperator: Rome -> Imperator: Rome (status=exact, score=100)
[2026-09-08T12:43:33.614+0000] {matching.py:235} INFO - [2051620] Enlisted: Reinforced -> Enlisted: Reinforced (status=exact, score=100)
[2026-09-08T12:43:33.614+0000] {matching.py:235} INFO - [1164850] Sinking Simulator -> Sinking Simulator (status=exact, score=100)
[2026-09-08T12:43:33.615+0000] {matching.py:235} INFO - [224480] Octodad: Dadliest Catch -> Octodad: Dadliest Catch (status=exact, score=100)
[2026-09-08T12:43:33.615+0000] {matching.py:235} INFO - [225840] Sven Co-op -> Sven Co-op (status=exact, score=100)
[2026-09-08T12:43:33.615+0000] {matching.py:235} INFO - [803330] Destroy All Humans! -> Destroy All Humans! (status=exact, score=100)
[2026-09-08T12:43:33.616+0000] {matching.py:235} INFO - [1703340] The Stanley Parable: Ultra Deluxe -> The Stanley Parable: Ultra Deluxe (status=exact, score=100)
[2026-09-08T12:43:33.616+0000] {matching.py:235} INFO - [575110] Magic Lantern -> Magic Lantern (status=exact, score=100)
[2026-09-08T12:43:33.616+0000] {matching.py:235} INFO - [480490] Prey -> Prey (status=exact, score=100)
[2026-09-08T12:43:33.617+0000] {matching.py:235} INFO - [1677280] Company of Heroes 3 -> Company of Heroes 3 (status=exact, score=100)
[2026-09-08T12:43:33.617+0000] {matching.py:235} INFO - [2000950] Call of Duty: Modern Warfare -> Call of Duty: Modern Warfare 3 (status=high_confidence, score=96)
[2026-09-08T12:43:33.618+0000] {matching.py:235} INFO - [763890] Wildermyth -> Wildermyth (status=exact, score=100)
[2026-09-08T12:43:33.618+0000] {matching.py:235} INFO - [280160] Aragami -> Aragami (status=exact, score=100)
[2026-09-08T12:43:33.618+0000] {matching.py:235} INFO - [2058180] Judgment -> Judgment (status=exact, score=100)
[2026-09-08T12:43:33.619+0000] {matching.py:235} INFO - [738520] Breathedge -> Breathedge (status=exact, score=100)
[2026-09-08T12:43:33.619+0000] {matching.py:235} INFO - [2130] Dark Messiah of Might & Magic -> Dark Messiah of Might and Magic (status=high_confidence, score=93)
[2026-09-08T12:43:33.620+0000] {matching.py:235} INFO - [222480] Resident Evil Revelations -> Resident Evil Revelations (status=exact, score=100)
[2026-09-08T12:43:33.620+0000] {matching.py:235} INFO - [1113120] IXION -> IXION (status=exact, score=100)
[2026-09-08T12:43:33.620+0000] {matching.py:235} INFO - [350080] Wolfenstein: The Old Blood -> Wolfenstein: The Old Blood (status=exact, score=100)
[2026-09-08T12:43:33.621+0000] {matching.py:235} INFO - [9350] Supreme Commander -> Supreme Commander (status=exact, score=100)
[2026-09-08T12:43:33.621+0000] {matching.py:235} INFO - [1238000] Mass Effect: Andromeda Deluxe Edition -> Mass Effect: Andromeda Deluxe Edition (status=exact, score=100)
[2026-09-08T12:43:33.621+0000] {matching.py:235} INFO - [91600] Sanctum -> Sanctum (status=exact, score=100)
[2026-09-08T12:43:33.622+0000] {matching.py:235} INFO - [1338770] Sniper Ghost Warrior Contracts 2 -> Sniper: Ghost Warrior Contracts 2 (status=exact, score=100)
[2026-09-08T12:43:33.622+0000] {matching.py:235} INFO - [410110] 12 is Better Than 6 -> 12 is Better Than 6 (status=exact, score=100)
[2026-09-08T12:43:33.623+0000] {matching.py:235} INFO - [597820] BIOMUTANT -> Biomutant (status=exact, score=100)
[2026-09-08T12:43:33.623+0000] {matching.py:235} INFO - [1954200] Kena: Bridge of Spirits -> Kena: Bridge of Spirits (status=exact, score=100)
[2026-09-08T12:43:33.623+0000] {matching.py:235} INFO - [485610] Soccer Online: Ball 3D -> Ball 3D: Soccer Online (status=exact, score=100)
[2026-09-08T12:43:33.624+0000] {matching.py:235} INFO - [1285670] Post Void -> Post Void (status=exact, score=100)
[2026-09-08T12:43:33.624+0000] {matching.py:235} INFO - [362680] Fran Bow -> Fran Bow (status=exact, score=100)
[2026-09-08T12:43:33.625+0000] {matching.py:235} INFO - [689580] TurnSignal -> Turnion (status=review, score=71)
[2026-09-08T12:43:33.625+0000] {matching.py:235} INFO - [331360] Heavy Metal Machines -> Heavy Metal Machines (status=exact, score=100)
[2026-09-08T12:43:33.625+0000] {matching.py:235} INFO - [313160] Farming Simulator 15 -> Farming Simulator 15 (status=exact, score=100)
[2026-09-08T12:43:33.626+0000] {matching.py:235} INFO - [257850] Hyper Light Drifter -> Hyper Light Drifter (status=exact, score=100)
[2026-09-08T12:43:33.626+0000] {matching.py:235} INFO - [1127400] Mindustry -> Mindustry (status=exact, score=100)
[2026-09-08T12:43:33.626+0000] {matching.py:235} INFO - [19680] Alice: Madness Returns -> Alice: Madness Returns (status=exact, score=100)
[2026-09-08T12:43:33.627+0000] {matching.py:235} INFO - [493900] Dungeons 3 -> Dungeons 3 (status=exact, score=100)
[2026-09-08T12:43:33.627+0000] {matching.py:235} INFO - [479130] ESEA -> ESEA (status=exact, score=100)
[2026-09-08T12:43:33.627+0000] {matching.py:235} INFO - [2593370] The Hungry Lamb: Traveling in the Late Ming Dynasty -> The Hungry Lamb: Traveling in the Late Ming Dynasty (status=exact, score=100)
[2026-09-08T12:43:33.628+0000] {matching.py:235} INFO - [298240] War Trigger 3 -> War Trigger 3 (status=exact, score=100)
[2026-09-08T12:43:33.628+0000] {matching.py:235} INFO - [247000] Talisman: Digital Classic Edition -> Talisman: Digital Edition (status=high_confidence, score=86)
[2026-09-08T12:43:33.629+0000] {matching.py:235} INFO - [1116960] UNDEFEATED -> Undefeated (status=exact, score=100)
[2026-09-08T12:43:33.629+0000] {matching.py:235} INFO - [240760] Wasteland 2: Director's Cut -> Wasteland 2: Director's Cut (status=exact, score=100)
[2026-09-08T12:43:33.629+0000] {matching.py:235} INFO - [1283970] YoloMouse - Cursor Changer -> Cursor's Curse (status=unmatched, score=54)
[2026-09-08T12:43:33.630+0000] {matching.py:235} INFO - [493490] City Car Driving -> City Car Driving (status=exact, score=100)
[2026-09-08T12:43:33.630+0000] {matching.py:235} INFO - [46500] Syberia -> Syberia (status=exact, score=100)
[2026-09-08T12:43:33.630+0000] {matching.py:235} INFO - [1245250] Thrive: Heavy Lies The Crown -> Thrive: Heavy Lies The Crown (status=exact, score=100)
[2026-09-08T12:43:33.631+0000] {matching.py:235} INFO - [1812620] DSX -> DSX - Dynamo Speed Xtreme (status=high_confidence, score=23)
[2026-09-08T12:43:33.631+0000] {matching.py:235} INFO - [22600] Worms Reloaded -> Worms Reloaded (status=exact, score=100)
[2026-09-08T12:43:33.631+0000] {matching.py:235} INFO - [1226470] Shadow Arena -> Shadow Arena (status=exact, score=100)
[2026-09-08T12:43:33.632+0000] {matching.py:235} INFO - [2990] FlatOut 2 -> FlatOut 2 (status=exact, score=100)
[2026-09-08T12:43:33.632+0000] {matching.py:235} INFO - [312670] Strange Brigade -> Strange Brigade (status=exact, score=100)
[2026-09-08T12:43:33.633+0000] {matching.py:235} INFO - [384190] ABZU -> ABZU (status=exact, score=100)
[2026-09-08T12:43:33.633+0000] {matching.py:235} INFO - [875210] Kingdom Heroes 8 -> Kingdom: Classic (status=unmatched, score=58)
[2026-09-08T12:43:33.633+0000] {matching.py:235} INFO - [17340] Crysis Warhead -> Crysis Warhead (status=exact, score=100)
[2026-09-08T12:43:33.634+0000] {matching.py:235} INFO - [1985810] Call of Duty: Black Ops Cold War -> Call of Duty: Black Ops Cold War (status=exact, score=100)
[2026-09-08T12:43:33.634+0000] {matching.py:235} INFO - [861650] Session: Skate Sim -> Session: Skate Sim (status=exact, score=100)
[2026-09-08T12:43:33.634+0000] {matching.py:235} INFO - [445980] Wizard of Legend -> Wizard of Legend (status=exact, score=100)
[2026-09-08T12:43:33.635+0000] {matching.py:235} INFO - [2140020] Stronghold: Definitive Edition -> Stronghold: Definitive Edition (status=exact, score=100)
[2026-09-08T12:43:33.635+0000] {matching.py:235} INFO - [501300] What Remains of Edith Finch -> What Remains of Edith Finch (status=exact, score=100)
[2026-09-08T12:43:33.636+0000] {matching.py:235} INFO - [65540] Gothic 1 -> Gothic (status=high_confidence, score=86)
[2026-09-08T12:43:33.636+0000] {matching.py:235} INFO - [1162520] Richman10 -> Richman10 (status=exact, score=100)
[2026-09-08T12:43:33.636+0000] {matching.py:235} INFO - [409160] Dr. Langeskov, The Tiger, and The Terribly Cursed Emerald: A Whirlwind Heist -> Dr. Langeskov, The Tiger, and The Terribly Cursed Emerald: A Whirlwind Heist (status=exact, score=100)
[2026-09-08T12:43:33.637+0000] {matching.py:235} INFO - [319910] Trine 3: The Artifacts of Power -> Trine 3: The Artifacts of Power (status=exact, score=100)
[2026-09-08T12:43:33.637+0000] {matching.py:235} INFO - [562810] MONOPOLY PLUS -> MONOPOLY PLUS (status=exact, score=100)
[2026-09-08T12:43:33.637+0000] {matching.py:235} INFO - [301910] Saints Row: Gat out of Hell -> Saints Row: Gat Out of Hell (status=exact, score=100)
[2026-09-08T12:43:33.638+0000] {matching.py:235} INFO - [955900] Amazing Cultivation Simulator -> Amazing Cultivation Simulator (status=exact, score=100)
[2026-09-08T12:43:33.638+0000] {matching.py:235} INFO - [1543030] Sword and Fairy 7 -> Sword and Fairy 7 (status=exact, score=100)
[2026-09-08T12:43:33.638+0000] {matching.py:235} INFO - [351470] Sometimes: Success Requires Sacrifice -> Sometimes: Success Requires Sacrifice (status=exact, score=100)
[2026-09-08T12:43:33.639+0000] {matching.py:235} INFO - [17450] Dragon Age: Origins -> Dragon Age: Origins (status=exact, score=100)
[2026-09-08T12:43:33.639+0000] {matching.py:235} INFO - [1084600] My Time at Sandrock -> My Time at Sandrock (status=exact, score=100)
[2026-09-08T12:43:33.640+0000] {matching.py:235} INFO - [677120] Heroes of Hammerwatch -> Heroes of Hammerwatch (status=exact, score=100)
[2026-09-08T12:43:33.640+0000] {matching.py:235} INFO - [960910] Heavy Rain -> Heavy Rain (status=exact, score=100)
[2026-09-08T12:43:33.640+0000] {matching.py:235} INFO - [367450] Poly Bridge -> Poly Bridge (status=exact, score=100)
[2026-09-08T12:43:33.641+0000] {matching.py:235} INFO - [1025580] Vainglory -> Vainglory (status=exact, score=100)
[2026-09-08T12:43:33.641+0000] {matching.py:235} INFO - [388090] Five Nights at Freddy's 4 -> Five Nights at Freddy's 4 (status=exact, score=100)
[2026-09-08T12:43:33.641+0000] {matching.py:235} INFO - [3990] Civilization IV: Warlords -> Civilization IV: Warlords (status=exact, score=100)
[2026-09-08T12:43:33.642+0000] {matching.py:235} INFO - [2138710] Sifu -> Sifu (status=exact, score=100)
[2026-09-08T12:43:33.642+0000] {matching.py:235} INFO - [489520] Minion Masters -> Minion Masters (status=exact, score=100)
[2026-09-08T12:43:33.643+0000] {matching.py:235} INFO - [1549180] Propnight -> Propnight (status=exact, score=100)
[2026-09-08T12:43:33.643+0000] {matching.py:235} INFO - [1659420] UNCHARTED: Legacy of Thieves Collection -> Uncharted: Legacy of Thieves Collection (status=exact, score=100)
[2026-09-08T12:43:33.643+0000] {matching.py:235} INFO - [704450] Neverwinter Nights: Enhanced Edition -> Neverwinter Nights: Enhanced Edition (status=exact, score=100)
[2026-09-08T12:43:33.644+0000] {matching.py:235} INFO - [1949190] Necrosmith -> Necrosmith (status=exact, score=100)
[2026-09-08T12:43:33.644+0000] {matching.py:235} INFO - [690830] Foundation -> Foundation (status=exact, score=100)
[2026-09-08T12:43:33.644+0000] {matching.py:235} INFO - [1361000] In Silence -> In Silence (status=exact, score=100)
[2026-09-08T12:43:33.645+0000] {matching.py:235} INFO - [650700] Yume Nikki -> Yume Nikki (status=exact, score=100)
[2026-09-08T12:43:33.645+0000] {matching.py:235} INFO - [323910] SteamVR Performance Test -> SteamVR Performance Test (status=exact, score=100)
[2026-09-08T12:43:33.646+0000] {matching.py:235} INFO - [211600] Thief Gold (1999) -> Thief Gold (status=high_confidence, score=80)
[2026-09-08T12:43:33.646+0000] {matching.py:235} INFO - [386070] Planetary Annihilation: TITANS -> Planetary Annihilation: TITANS (status=exact, score=100)
[2026-09-08T12:43:33.646+0000] {matching.py:235} INFO - [1336490] Against the Storm -> Against the Storm (status=exact, score=100)
[2026-09-08T12:43:33.647+0000] {matching.py:235} INFO - [201230] EverQuest II -> EverQuest II (status=exact, score=100)
[2026-09-08T12:43:33.647+0000] {matching.py:235} INFO - [230230] Divinity: Original Sin (Classic) -> Divinity: Original Sin 2 (status=high_confidence, score=85)
[2026-09-08T12:43:33.647+0000] {matching.py:235} INFO - [238260] Pinball Arcade -> Pinball Arcade (status=exact, score=100)
[2026-09-08T12:43:33.648+0000] {matching.py:235} INFO - [1850740] Ghost Watchers -> Ghost Watchers (status=exact, score=100)
[2026-09-08T12:43:33.648+0000] {matching.py:235} INFO - [1149460] ICARUS -> Icarus (status=exact, score=100)
[2026-09-08T12:43:33.648+0000] {matching.py:235} INFO - [391070] Stellar 2D -> Stellar 2D (status=exact, score=100)
[2026-09-08T12:43:33.649+0000] {matching.py:235} INFO - [1009850] OVR Advanced Settings -> Advanced Settings (status=high_confidence, score=89)
[2026-09-08T12:43:33.649+0000] {matching.py:235} INFO - [838380] DEAD OR ALIVE 6 -> DEAD OR ALIVE 6 (status=exact, score=100)
[2026-09-08T12:43:33.649+0000] {matching.py:235} INFO - [1207650] Suzerain -> Suzerain (status=exact, score=100)
[2026-09-08T12:43:33.650+0000] {matching.py:235} INFO - [203750] Binary Domain -> Binary Domain (status=exact, score=100)
[2026-09-08T12:43:33.650+0000] {matching.py:235} INFO - [835860] Dreadnought -> Dreadnought (status=exact, score=100)
[2026-09-08T12:43:33.651+0000] {matching.py:235} INFO - [2408820] Luma Island -> Luma Island (status=exact, score=100)
[2026-09-08T12:43:33.651+0000] {matching.py:235} INFO - [1669000] Age of Wonders 4 -> Age of Wonders 4 (status=exact, score=100)
[2026-09-08T12:43:33.651+0000] {matching.py:235} INFO - [970830] The Dungeon Of Naheulbeuk: The Amulet Of Chaos -> The Dungeon Of Naheulbeuk: The Amulet Of Chaos (status=exact, score=100)
[2026-09-08T12:43:33.652+0000] {matching.py:235} INFO - [368360] 60 Seconds! -> 60 Seconds! (status=exact, score=100)
[2026-09-08T12:43:33.652+0000] {matching.py:235} INFO - [512470] The Pirate: Caribbean Hunt -> The Pirate: Caribbean Hunt (status=exact, score=100)
[2026-09-08T12:43:33.652+0000] {matching.py:235} INFO - [1692250] F1 22 -> F1 22 (status=exact, score=100)
[2026-09-08T12:43:33.653+0000] {matching.py:235} INFO - [376210] The Isle -> The Isle (status=exact, score=100)
[2026-09-08T12:43:33.653+0000] {matching.py:235} INFO - [374280] Hired Ops -> Hired Ops (status=exact, score=100)
[2026-09-08T12:43:33.654+0000] {matching.py:235} INFO - [476620] Call of Duty: WWII -> Call of Duty: WWII (status=exact, score=100)
[2026-09-08T12:43:33.654+0000] {matching.py:235} INFO - [1133060] Anarchy: Wolf's law -> Anarchy: Wolf's law (status=exact, score=100)
[2026-09-08T12:43:33.654+0000] {matching.py:235} INFO - [253030] Race The Sun -> Race The Sun (status=exact, score=100)
[2026-09-08T12:43:33.655+0000] {matching.py:235} INFO - [985890] Streets of Rage 4 -> Streets of Rage 4 (status=exact, score=100)
[2026-09-08T12:43:33.655+0000] {matching.py:235} INFO - [212800] Super Crate Box -> Super Crate Box (status=exact, score=100)
[2026-09-08T12:43:33.655+0000] {matching.py:235} INFO - [28000] Kane & Lynch 2: Dog Days -> Kane & Lynch 2: Dog Days (status=exact, score=100)
[2026-09-08T12:43:33.656+0000] {matching.py:235} INFO - [1030210] Torchlight III -> Torchlight III (status=exact, score=100)
[2026-09-08T12:43:33.656+0000] {matching.py:235} INFO - [488860] MADNESS: Project Nexus -> Madness: Project Nexus (status=exact, score=100)
[2026-09-08T12:43:33.657+0000] {matching.py:235} INFO - [468920] Ultimate Fishing Simulator -> Ultimate Fishing Simulator (status=exact, score=100)
[2026-09-08T12:43:33.657+0000] {matching.py:235} INFO - [394230] Battleborn -> Battleborn (status=exact, score=100)
[2026-09-08T12:43:33.657+0000] {matching.py:235} INFO - [375230] Warhammer 40,000: Eternal Crusade -> Warhammer 40,000: Eternal Crusade (status=exact, score=100)
[2026-09-08T12:43:33.658+0000] {matching.py:235} INFO - [1693980] Dead Space -> Dead Space (status=exact, score=100)
[2026-09-08T12:43:33.658+0000] {matching.py:235} INFO - [1971870] Mortal Kombat 1 -> Mortal Kombat 1 (status=exact, score=100)
[2026-09-08T12:43:33.658+0000] {matching.py:235} INFO - [1432860] Sun Haven -> Sun Haven (status=exact, score=100)
[2026-09-08T12:43:33.659+0000] {matching.py:235} INFO - [1249800] Xuan-Yuan Sword VII -> Xuan-Yuan Sword V (status=high_confidence, score=94)
[2026-09-08T12:43:33.659+0000] {matching.py:235} INFO - [1388880] Doki Doki Literature Club Plus! -> Doki Doki Literature Club Plus! (status=exact, score=100)
[2026-09-08T12:43:33.659+0000] {matching.py:235} INFO - [1674470] ELYON -> ELYON (status=exact, score=100)
[2026-09-08T12:43:33.660+0000] {matching.py:235} INFO - [39190] Dungeon Siege -> Dungeon Siege (status=exact, score=100)
[2026-09-08T12:43:33.660+0000] {matching.py:235} INFO - [228300] Remember Me -> Remember Me (status=exact, score=100)
[2026-09-08T12:43:33.660+0000] {matching.py:235} INFO - [569610] Distant Space -> Space Distant (status=exact, score=100)
[2026-09-08T12:43:33.661+0000] {matching.py:235} INFO - [343270] Disillusions Manga Horror -> Disillusions Manga Horror (status=exact, score=100)
[2026-09-08T12:43:33.661+0000] {matching.py:235} INFO - [234330] MARVEL Puzzle Quest -> Marvel Puzzle Quest (status=exact, score=100)
[2026-09-08T12:43:33.662+0000] {matching.py:235} INFO - [814540] Changed -> Changed (status=exact, score=100)
[2026-09-08T12:43:33.662+0000] {matching.py:235} INFO - [1209040] Cyber Hunter -> Cyber Hunter (status=exact, score=100)
[2026-09-08T12:43:33.662+0000] {matching.py:235} INFO - [242640] Styx: Master of Shadows -> Styx: Master of Shadows (status=exact, score=100)
[2026-09-08T12:43:33.663+0000] {matching.py:235} INFO - [813630] Supraland -> Supraland (status=exact, score=100)
[2026-09-08T12:43:33.663+0000] {matching.py:235} INFO - [1397920] Mr.Mine -> Mr.Mine (status=exact, score=100)
[2026-09-08T12:43:33.663+0000] {matching.py:235} INFO - [205710] EverQuest -> EverQuest II (status=high_confidence, score=86)
[2026-09-08T12:43:33.664+0000] {matching.py:235} INFO - [414530] Skyforge -> Skyforge (status=exact, score=100)
[2026-09-08T12:43:33.664+0000] {matching.py:235} INFO - [217750] Age of Conan: Unchained -> Age of Conan: Unchained (status=exact, score=100)
[2026-09-08T12:43:33.664+0000] {matching.py:235} INFO - [711810] Never Split the Party -> Never Split the Party (status=exact, score=100)
[2026-09-08T12:43:33.665+0000] {matching.py:235} INFO - [1105670] The Last Spell -> The Last Spell (status=exact, score=100)
[2026-09-08T12:43:33.665+0000] {matching.py:235} INFO - [298260] Only If -> Only If (status=exact, score=100)
[2026-09-08T12:43:33.666+0000] {matching.py:235} INFO - [2141730] Backrooms: Escape Together -> Backrooms: Escape Together (status=exact, score=100)
[2026-09-08T12:43:33.666+0000] {matching.py:235} INFO - [1451190] Undisputed -> Undisputed (status=exact, score=100)
[2026-09-08T12:43:33.666+0000] {matching.py:235} INFO - [40390] Risen 2: Dark Waters -> Risen 2: Dark Waters (status=exact, score=100)
[2026-09-08T12:43:33.667+0000] {matching.py:235} INFO - [91330] Iron Front: Digital War Edition -> Iron Front: Digital War Edition (status=exact, score=100)
[2026-09-08T12:43:33.667+0000] {matching.py:235} INFO - [839200] SpedV -> SpedV (status=exact, score=100)
[2026-09-08T12:43:33.667+0000] {matching.py:235} INFO - [287980] Mini Metro -> Mini Metro (status=exact, score=100)
[2026-09-08T12:43:33.668+0000] {matching.py:235} INFO - [1088710] Yakuza 3 Remastered -> Yakuza 3 Remastered (status=exact, score=100)
[2026-09-08T12:43:33.668+0000] {matching.py:235} INFO - [2427700] Backpack Battles -> Backpack Battles (status=exact, score=100)
[2026-09-08T12:43:33.668+0000] {matching.py:235} INFO - [760060] Mutant Year Zero: Road to Eden -> Mutant Year Zero: Road to Eden (status=exact, score=100)
[2026-09-08T12:43:33.669+0000] {matching.py:235} INFO - [359800] Copa Petrobras de Marcas -> Copa Petrobras de Marcas (status=exact, score=100)
[2026-09-08T12:43:33.669+0000] {matching.py:235} INFO - [1003590] Tetris Effect: Connected -> Tetris Effect: Connected (status=exact, score=100)
[2026-09-08T12:43:33.670+0000] {matching.py:235} INFO - [1989270] Slay the Princess — The Pristine Cut -> Slay the Princess (status=high_confidence, score=67)
[2026-09-08T12:43:33.670+0000] {matching.py:235} INFO - [12830] Operation Flashpoint: Dragon Rising -> Operation Flashpoint: Dragon Rising (status=exact, score=100)
[2026-09-08T12:43:33.670+0000] {matching.py:235} INFO - [731040] The Invincible -> The Invincible (status=exact, score=100)
[2026-09-08T12:43:33.671+0000] {matching.py:235} INFO - [545110] Driver Booster 4 for Steam -> Driver Booster 4 for Steam (status=exact, score=100)
[2026-09-08T12:43:33.671+0000] {matching.py:235} INFO - [297130] Titan Souls -> Titan Souls (status=exact, score=100)
[2026-09-08T12:43:33.671+0000] {matching.py:235} INFO - [7520] Two Worlds II HD -> Two Worlds II (status=high_confidence, score=90)
[2026-09-08T12:43:33.672+0000] {matching.py:235} INFO - [885970] Total War: ROME REMASTERED -> Total War: ROME REMASTERED (status=exact, score=100)
[2026-09-08T12:43:33.672+0000] {matching.py:235} INFO - [1359090] Zero Hour -> Zero Hour (status=exact, score=100)
[2026-09-08T12:43:33.672+0000] {matching.py:235} INFO - [895870] Project Wingman -> Project Wingman (status=exact, score=100)
[2026-09-08T12:43:33.673+0000] {matching.py:235} INFO - [1233570] Mirror's Edge Catalyst -> Mirror's Edge Catalyst (status=exact, score=100)
[2026-09-08T12:43:33.673+0000] {matching.py:235} INFO - [305050] Outland -> Outland (status=exact, score=100)
[2026-09-08T12:43:33.674+0000] {matching.py:235} INFO - [249230] Risen 3 - Titan Lords -> Risen 3: Titan Lords (status=exact, score=100)
[2026-09-08T12:43:33.674+0000] {matching.py:235} INFO - [847370] Sunset Overdrive -> Sunset Overdrive (status=exact, score=100)
[2026-09-08T12:43:33.674+0000] {matching.py:235} INFO - [241540] State of Decay -> State of Decay (status=exact, score=100)
[2026-09-08T12:43:33.675+0000] {matching.py:235} INFO - [1592190] BONELAB -> Bonelab (status=exact, score=100)
[2026-09-08T12:43:33.675+0000] {matching.py:235} INFO - [1372640] Candle In Darkness -> Candle In Darkness (status=exact, score=100)
[2026-09-08T12:43:33.675+0000] {matching.py:235} INFO - [1333350] Angel Legion -> Angel Legion (status=exact, score=100)
[2026-09-08T12:43:33.676+0000] {matching.py:235} INFO - [2700] RollerCoaster Tycoon 3: Platinum -> RollerCoaster Tycoon 3: Platinum (status=exact, score=100)
[2026-09-08T12:43:33.676+0000] {matching.py:235} INFO - [342180] Arizona Sunshine VR Legacy -> Arizona Sunshine (status=high_confidence, score=76)
[2026-09-08T12:43:33.676+0000] {matching.py:235} INFO - [485310] Head Shot -> Head Shot (status=exact, score=100)
[2026-09-08T12:43:33.677+0000] {matching.py:235} INFO - [206190] Gunpoint -> Gunpoint (status=exact, score=100)
[2026-09-08T12:43:33.677+0000] {matching.py:235} INFO - [609320] FAR: Lone Sails -> FAR: Lone Sails (status=exact, score=100)
[2026-09-08T12:43:33.678+0000] {matching.py:235} INFO - [1288310] Firework -> Firework (status=exact, score=100)
[2026-09-08T12:43:33.678+0000] {matching.py:235} INFO - [264200] One Finger Death Punch -> One Finger Death Punch (status=exact, score=100)
[2026-09-08T12:43:33.678+0000] {matching.py:235} INFO - [427410] Abiotic Factor -> Abiotic Factor (status=exact, score=100)
[2026-09-08T12:43:33.679+0000] {matching.py:235} INFO - [1948280] Stacklands -> Stacklands (status=exact, score=100)
[2026-09-08T12:43:33.679+0000] {matching.py:235} INFO - [1881700] Undawn -> Undawn (status=exact, score=100)
[2026-09-08T12:43:33.680+0000] {matching.py:235} INFO - [24790] Command & Conquer 3: Tiberium Wars -> Command & Conquer 3: Tiberium Wars (status=exact, score=100)
[2026-09-08T12:43:33.680+0000] {matching.py:235} INFO - [673610] Airport CEO -> Airport CEO (status=exact, score=100)
[2026-09-08T12:43:33.680+0000] {matching.py:235} INFO - [1120810] Eastern Exorcist -> Eastern Exorcist (status=exact, score=100)
[2026-09-08T12:43:33.681+0000] {matching.py:235} INFO - [1390350] Webbed -> Webbed (status=exact, score=100)
[2026-09-08T12:43:33.681+0000] {matching.py:235} INFO - [1010750] Blood Fresh Supply -> Blood: Fresh Supply (status=exact, score=100)
[2026-09-08T12:43:33.681+0000] {matching.py:235} INFO - [1469280] SuchArt: Creative Space -> Creative Destruction (status=unmatched, score=67)
[2026-09-08T12:43:33.682+0000] {matching.py:235} INFO - [620590] Ancestors Legacy -> Ancestors Legacy (status=exact, score=100)
[2026-09-08T12:43:33.682+0000] {matching.py:235} INFO - [331470] Everlasting Summer -> Everlasting Summer (status=exact, score=100)
[2026-09-08T12:43:33.682+0000] {matching.py:235} INFO - [529180] Dark and Light -> Dark and Light (status=exact, score=100)
[2026-09-08T12:43:33.683+0000] {matching.py:235} INFO - [2208920] Assassin's Creed Valhalla -> Assassin's Creed Valhalla (status=exact, score=100)
[2026-09-08T12:43:33.683+0000] {matching.py:235} INFO - [1178490] 港詭實錄ParanormalHK -> 港詭實錄ParanormalHK (status=exact, score=100)
[2026-09-08T12:43:33.684+0000] {matching.py:235} INFO - [1449690] The Walking Dead: The Telltale Definitive Series -> The Walking Dead: The Telltale Definitive Series (status=exact, score=100)
[2026-09-08T12:43:33.684+0000] {matching.py:235} INFO - [2406770] Bodycam -> Bodycam (status=exact, score=100)
[2026-09-08T12:43:33.684+0000] {matching.py:235} INFO - [428950] Kivi, Toilet and Shotgun -> Kivi, Toilet and Shotgun (status=exact, score=100)
[2026-09-08T12:43:33.685+0000] {matching.py:235} INFO - [891040] Pool 2D - Poolians -> Pool 2D - Poolians (status=exact, score=100)
[2026-09-08T12:43:33.685+0000] {matching.py:235} INFO - [390670] Steel Ocean -> Steel Ocean (status=exact, score=100)
[2026-09-08T12:43:33.685+0000] {matching.py:235} INFO - [1108320] 妄想破绽 Broken Delusion -> 妄想破绽 Broken Delusion (status=exact, score=100)
[2026-09-08T12:43:33.686+0000] {matching.py:235} INFO - [519190] Next Day: Survival -> Next Day: Survival (status=exact, score=100)
[2026-09-08T12:43:33.686+0000] {matching.py:235} INFO - [321360] Primal Carnage: Extinction -> Primal Carnage: Extinction (status=exact, score=100)
[2026-09-08T12:43:33.687+0000] {matching.py:235} INFO - [606880] GreedFall -> GreedFall (status=exact, score=100)
[2026-09-08T12:43:33.687+0000] {matching.py:235} INFO - [690510] Immortal Soul: Black Survival -> Immortal Soul: Black Survival (status=exact, score=100)
[2026-09-08T12:43:33.687+0000] {matching.py:235} INFO - [237850] Dreamfall Chapters -> Dreamfall Chapters (status=exact, score=100)
[2026-09-08T12:43:33.688+0000] {matching.py:235} INFO - [724970] 神舞幻想 Faith of Danschant -> 神舞幻想 Faith of Danschant (status=exact, score=100)
[2026-09-08T12:43:33.688+0000] {matching.py:235} INFO - [1147690] NGU IDLE -> NGU IDLE (status=exact, score=100)
[2026-09-08T12:43:33.688+0000] {matching.py:235} INFO - [45760] Ultra Street Fighter IV -> Ultra Street Fighter IV (status=exact, score=100)
[2026-09-08T12:43:33.689+0000] {matching.py:235} INFO - [274920] FaceRig -> FaceRig (status=exact, score=100)
[2026-09-08T12:43:33.689+0000] {matching.py:235} INFO - [212200] Mabinogi -> Mabinogi (status=exact, score=100)
[2026-09-08T12:43:33.690+0000] {matching.py:235} INFO - [638230] Journey -> Journey (status=exact, score=100)
[2026-09-08T12:43:33.690+0000] {matching.py:235} INFO - [359840] Shift Happens -> Shift Happens (status=exact, score=100)
[2026-09-08T12:43:33.690+0000] {matching.py:235} INFO - [1970580] Backpack Hero -> Backpack Hero (status=exact, score=100)
[2026-09-08T12:43:33.691+0000] {matching.py:235} INFO - [798420] Professional Fishing -> Professional Fishing (status=exact, score=100)
[2026-09-08T12:43:33.691+0000] {matching.py:235} INFO - [1017900] Age of Empires: Definitive Edition -> Age of Empires: Definitive Edition (status=exact, score=100)
[2026-09-08T12:43:33.691+0000] {matching.py:235} INFO - [370240] NBA 2K16 -> NBA 2K16 (status=exact, score=100)
[2026-09-08T12:43:33.692+0000] {matching.py:235} INFO - [257730] Infinity Wars: Animated Trading Card Game -> Infinity Wars: Animated Trading Card Game (status=exact, score=100)
[2026-09-08T12:43:33.692+0000] {matching.py:235} INFO - [1015500] WWE 2K20 -> WWE 2K20 (status=exact, score=100)
[2026-09-08T12:43:33.692+0000] {matching.py:235} INFO - [1898300] ASKA -> Aska (status=exact, score=100)
[2026-09-08T12:43:33.693+0000] {matching.py:235} INFO - [327030] Worms W.M.D -> Worms W.M.D (status=exact, score=100)
[2026-09-08T12:43:33.693+0000] {matching.py:235} INFO - [337950] The SKIES - BETA -> The SKIES (status=high_confidence, score=78)
[2026-09-08T12:43:33.693+0000] {matching.py:235} INFO - [446150] GUNS UP! -> GUNS UP! (status=exact, score=100)
[2026-09-08T12:43:33.694+0000] {matching.py:235} INFO - [508290] $1 Ride -> $1 Ride (status=exact, score=100)
[2026-09-08T12:43:33.694+0000] {matching.py:235} INFO - [1127500] Mini Motorways -> Mini Motorways (status=exact, score=100)
[2026-09-08T12:43:33.695+0000] {matching.py:235} INFO - [346940] Shadowrun: Hong Kong - Extended Edition -> Shadowrun: Hong Kong - Extended Edition (status=exact, score=100)
[2026-09-08T12:43:33.695+0000] {matching.py:235} INFO - [331600] One Piece Pirate Warriors 3 -> One Piece Pirate Warriors 3 (status=exact, score=100)
[2026-09-08T12:43:33.695+0000] {matching.py:235} INFO - [48240] Anno 2070 -> Anno 2070 (status=exact, score=100)
[2026-09-08T12:43:33.696+0000] {matching.py:235} INFO - [8000] Tomb Raider: Anniversary -> Tomb Raider: Anniversary (status=exact, score=100)
[2026-09-08T12:43:33.696+0000] {matching.py:235} INFO - [400630] Wuppo: Definitive Edition -> Misao: Definitive Edition (status=review, score=83)
[2026-09-08T12:43:33.696+0000] {matching.py:235} INFO - [247430] Hitman: Contracts -> Hitman: Contracts (status=exact, score=100)
[2026-09-08T12:43:33.697+0000] {matching.py:235} INFO - [418340] RWBY: Grimm Eclipse -> RWBY: Grimm Eclipse (status=exact, score=100)
[2026-09-08T12:43:33.697+0000] {matching.py:235} INFO - [212480] Sonic & All-Stars Racing Transformed Collection -> Sonic & All-Stars Racing Transformed (status=high_confidence, score=86)
[2026-09-08T12:43:33.698+0000] {matching.py:235} INFO - [1436930] Temple of Apshai Trilogy -> Temple of Apshai Trilogy (status=exact, score=100)
[2026-09-08T12:43:33.698+0000] {matching.py:235} INFO - [453820] Hero Quest: Tower Conflict -> Hero Quest: Tower Conflict (status=exact, score=100)
[2026-09-08T12:43:33.698+0000] {matching.py:235} INFO - [466910] Worm.is: The Game -> Worm.is: The Game (status=exact, score=100)
[2026-09-08T12:43:33.699+0000] {matching.py:235} INFO - [2103140] Magicraft -> Magicraft (status=exact, score=100)
[2026-09-08T12:43:33.699+0000] {matching.py:235} INFO - [348250] Google Earth VR -> Google Earth VR (status=exact, score=100)
[2026-09-08T12:43:33.699+0000] {matching.py:235} INFO - [317470] Cubic Castles -> Cubic Castles (status=exact, score=100)
[2026-09-08T12:43:33.700+0000] {matching.py:235} INFO - [214170] Divine Divinity -> Divine Divinity (status=exact, score=100)
[2026-09-08T12:43:33.700+0000] {matching.py:235} INFO - [1644960] NBA 2K22 -> NBA 2K22 (status=exact, score=100)
[2026-09-08T12:43:33.701+0000] {matching.py:235} INFO - [1341290] We Were Here Forever -> We Were Here Forever (status=exact, score=100)
[2026-09-08T12:43:33.701+0000] {matching.py:235} INFO - [330840] Game of Thrones - A Telltale Games Series -> Game of Thrones - A Telltale Games Series (status=exact, score=100)
[2026-09-08T12:43:33.701+0000] {matching.py:235} INFO - [567630] Blood of Steel -> Blood of Steel (status=exact, score=100)
[2026-09-08T12:43:33.702+0000] {matching.py:235} INFO - [3244220] A Game About Digging A Hole -> A Game About Digging A Hole (status=exact, score=100)
[2026-09-08T12:43:33.702+0000] {matching.py:235} INFO - [1040200] Crime Scene Cleaner -> Crime Scene Cleaner (status=exact, score=100)
[2026-09-08T12:43:33.702+0000] {matching.py:235} INFO - [263060] Blockstorm -> Blockstorm (status=exact, score=100)
[2026-09-08T12:43:33.703+0000] {matching.py:235} INFO - [511800] ONRAID -> ONRAID (status=exact, score=100)
[2026-09-08T12:43:33.703+0000] {matching.py:235} INFO - [324810] TOXIKK -> TOXIKK (status=exact, score=100)
[2026-09-08T12:43:33.703+0000] {matching.py:235} INFO - [1584090] Touhou Mystia's Izakaya -> 东方夜雀食堂 - Touhou Mystia's Izakaya (status=exact, score=100)
[2026-09-08T12:43:33.704+0000] {matching.py:235} INFO - [806140] Achievements printer -> Achievements printer part 1 (status=high_confidence, score=85)
[2026-09-08T12:43:33.704+0000] {matching.py:235} INFO - [528670] Elems -> Elems (status=exact, score=100)
[2026-09-08T12:43:33.705+0000] {matching.py:235} INFO - [1601580] Frostpunk 2 -> Frostpunk 2 (status=exact, score=100)
[2026-09-08T12:43:33.705+0000] {matching.py:235} INFO - [393420] Hurtworld -> Hurtworld (status=exact, score=100)
[2026-09-08T12:43:33.705+0000] {matching.py:235} INFO - [1267910] Melvor Idle -> Melvor Idle (status=exact, score=100)
[2026-09-08T12:43:33.706+0000] {matching.py:235} INFO - [356310] METAL SLUG DEFENSE -> METAL SLUG DEFENSE (status=exact, score=100)
[2026-09-08T12:43:33.706+0000] {matching.py:235} INFO - [48220] Might & Magic: Heroes VI -> Might & Magic: Heroes VI (status=exact, score=100)
[2026-09-08T12:43:33.706+0000] {matching.py:235} INFO - [207170] Legend of Grimrock -> Legend of Grimrock (status=exact, score=100)
[2026-09-08T12:43:33.707+0000] {matching.py:235} INFO - [20530] Red Faction -> Red Faction (status=exact, score=100)
[2026-09-08T12:43:33.707+0000] {matching.py:235} INFO - [40300] Risen -> Risen (status=exact, score=100)
[2026-09-08T12:43:33.708+0000] {matching.py:235} INFO - [263540] Villagers and Heroes -> Villagers and Heroes (status=exact, score=100)
[2026-09-08T12:43:33.708+0000] {matching.py:235} INFO - [2290180] Riders Republic -> Riders Republic (status=exact, score=100)
[2026-09-08T12:43:33.708+0000] {matching.py:235} INFO - [215830] Closers -> Closers (status=exact, score=100)
[2026-09-08T12:43:33.709+0000] {matching.py:235} INFO - [385800] NEKOPARA Vol. 0 -> NEKOPARA Vol. 0 (status=exact, score=100)
[2026-09-08T12:43:33.709+0000] {matching.py:235} INFO - [462930] AdVenture Communist -> AdVenture Communist (status=exact, score=100)
[2026-09-08T12:43:33.709+0000] {matching.py:235} INFO - [237990] The Banner Saga -> The Banner Saga (status=exact, score=100)
[2026-09-08T12:43:33.710+0000] {matching.py:235} INFO - [32380] STAR WARS Jedi Knight: Dark Forces II -> STAR WARS Jedi Knight: Dark Forces II (status=exact, score=100)
[2026-09-08T12:43:33.710+0000] {matching.py:235} INFO - [427190] DEAD RISING -> Dead Rising (status=exact, score=100)
[2026-09-08T12:43:33.710+0000] {matching.py:235} INFO - [1301210] Knockout City -> Knockout City (status=exact, score=100)
[2026-09-08T12:43:33.711+0000] {matching.py:235} INFO - [294860] Valkyria Chronicles -> Valkyria Chronicles (status=exact, score=100)
[2026-09-08T12:43:33.711+0000] {matching.py:235} INFO - [25000] Overgrowth -> Overgrowth (status=exact, score=100)
[2026-09-08T12:43:33.712+0000] {matching.py:235} INFO - [2198150] Tiny Glade -> Tiny Glade (status=exact, score=100)
[2026-09-08T12:43:33.712+0000] {matching.py:235} INFO - [746850] Cloudpunk -> Cloudpunk (status=exact, score=100)
[2026-09-08T12:43:33.712+0000] {matching.py:235} INFO - [6020] STAR WARS Jedi Knight - Jedi Academy -> Star Wars Jedi Knight: Jedi Academy (status=exact, score=100)
[2026-09-08T12:43:33.713+0000] {matching.py:235} INFO - [743450] Monster Prom -> Monster Prom (status=exact, score=100)
[2026-09-08T12:43:33.713+0000] {matching.py:235} INFO - [607050] Wargroove -> Wargroove (status=exact, score=100)
[2026-09-08T12:43:33.713+0000] {matching.py:235} INFO - [610370] Desperados III -> Desperados III (status=exact, score=100)
[2026-09-08T12:43:33.714+0000] {matching.py:235} INFO - [24740] Burnout Paradise: The Ultimate Box -> Burnout Paradise: The Ultimate Box (status=exact, score=100)
[2026-09-08T12:43:33.714+0000] {matching.py:235} INFO - [1512530] 极限求生 -> 极限求生 (status=exact, score=100)
[2026-09-08T12:43:33.714+0000] {matching.py:235} INFO - [16450] F.E.A.R. 2: Project Origin -> F.E.A.R. 2: Project Origin (status=exact, score=100)
[2026-09-08T12:43:33.715+0000] {matching.py:235} INFO - [24720] SPORE Galactic Adventures -> SPORE Galactic Adventures (status=exact, score=100)
[2026-09-08T12:43:33.715+0000] {matching.py:235} INFO - [211160] Viking: Battle for Asgard -> Viking: Battle for Asgard (status=exact, score=100)
[2026-09-08T12:43:33.716+0000] {matching.py:235} INFO - [17500] Zombie Panic! Source -> Zombie Panic! Source (status=exact, score=100)
[2026-09-08T12:43:33.716+0000] {matching.py:235} INFO - [21000] LEGO Batman: The Videogame -> The LEGO Movie - Videogame (status=review, score=73)
[2026-09-08T12:43:33.716+0000] {matching.py:235} INFO - [537800] Bomber Crew -> Bomber Crew (status=exact, score=100)
[2026-09-08T12:43:33.717+0000] {matching.py:235} INFO - [546050] Puyo PuyoTetris -> Puyo Puyo Tetris (status=high_confidence, score=97)
[2026-09-08T12:43:33.717+0000] {matching.py:235} INFO - [115800] Owlboy -> Owlboy (status=exact, score=100)
[2026-09-08T12:43:33.717+0000] {matching.py:235} INFO - [7510] X-Blades -> X-Blades (status=exact, score=100)
[2026-09-08T12:43:33.718+0000] {matching.py:235} INFO - [58610] Wargame: European Escalation -> Wargame: European Escalation (status=exact, score=100)
[2026-09-08T12:43:33.718+0000] {matching.py:235} INFO - [564710] Soda Dungeon -> Soda Dungeon (status=exact, score=100)
[2026-09-08T12:43:33.718+0000] {matching.py:235} INFO - [405310] LEGO MARVEL's Avengers -> LEGO Marvel's Avengers (status=exact, score=100)
[2026-09-08T12:43:33.719+0000] {matching.py:235} INFO - [716350] Reign of Guilds -> Reign of Guilds (status=exact, score=100)
[2026-09-08T12:43:33.719+0000] {matching.py:235} INFO - [268850] EVGA Precision X1 -> EVGA Precision XOC (status=high_confidence, score=91)
[2026-09-08T12:43:33.720+0000] {matching.py:235} INFO - [641320] Cooking Simulator -> Cooking Simulator (status=exact, score=100)
[2026-09-08T12:43:33.720+0000] {matching.py:235} INFO - [107300] Breath of Death VII -> Breath of Death VII (status=exact, score=100)
[2026-09-08T12:43:33.720+0000] {matching.py:235} INFO - [1013320] Firestone: Online Idle RPG -> Firestone Idle RPG (status=review, score=84)
[2026-09-08T12:43:33.721+0000] {matching.py:235} INFO - [1647160] Deepest Sword -> Deepest Sword (status=exact, score=100)
[2026-09-08T12:43:33.721+0000] {matching.py:235} INFO - [1102190] Monster Train -> Monster Train (status=exact, score=100)
[2026-09-08T12:43:33.721+0000] {matching.py:235} INFO - [895400] Deadside -> Deadside (status=exact, score=100)
[2026-09-08T12:43:33.722+0000] {matching.py:235} INFO - [506610] Five Nights at Freddy's: Sister Location -> Five Nights at Freddy's: Sister Location (status=exact, score=100)
[2026-09-08T12:43:33.722+0000] {matching.py:235} INFO - [218640] Lucius -> Lucius (status=exact, score=100)
[2026-09-08T12:43:33.723+0000] {matching.py:235} INFO - [99300] Renegade Ops -> Renegade Ops (status=exact, score=100)
[2026-09-08T12:43:33.723+0000] {matching.py:235} INFO - [332570] Amazing Frog? -> Amazing Frog? (status=exact, score=100)
[2026-09-08T12:43:33.723+0000] {matching.py:235} INFO - [255520] Viscera Cleanup Detail: Shadow Warrior -> Viscera Cleanup Detail: Shadow Warrior (status=exact, score=100)
[2026-09-08T12:43:33.724+0000] {matching.py:235} INFO - [384300] CPUCores :: Maximize Your FPS -> CPUCores :: Maximize Your FPS (status=exact, score=100)
[2026-09-08T12:43:33.724+0000] {matching.py:235} INFO - [22100] Mount & Blade -> Mount & Blade (status=exact, score=100)
[2026-09-08T12:43:33.724+0000] {matching.py:235} INFO - [225420] Cities in Motion 2 -> Cities in Motion 2 (status=exact, score=100)
[2026-09-08T12:43:33.725+0000] {matching.py:235} INFO - [221680] Rocksmith 2014 Edition REMASTERED LEARN & PLAY -> Rocksmith 2014 Edition - Remastered (status=high_confidence, score=86)
[2026-09-08T12:43:33.725+0000] {matching.py:235} INFO - [694280] Zombie Army 4: Dead War -> Zombie Army 4: Dead War (status=exact, score=100)
[2026-09-08T12:43:33.726+0000] {matching.py:235} INFO - [396750] EVERSPACE -> EVERSPACE (status=exact, score=100)
[2026-09-08T12:43:33.726+0000] {matching.py:235} INFO - [493540] Figment -> Figment (status=exact, score=100)
[2026-09-08T12:43:33.726+0000] {matching.py:235} INFO - [320240] We Happy Few -> We Happy Few (status=exact, score=100)
[2026-09-08T12:43:33.727+0000] {matching.py:235} INFO - [551170] Onmyoji -> Onmyoji (status=exact, score=100)
[2026-09-08T12:43:33.727+0000] {matching.py:235} INFO - [1911390] Knightfall: A Daring Journey -> Knightfall: A Daring Journey (status=exact, score=100)
[2026-09-08T12:43:33.727+0000] {matching.py:235} INFO - [503820] A Detective's Novel -> A Detective's Novel (status=exact, score=100)
[2026-09-08T12:43:33.728+0000] {matching.py:235} INFO - [1372280] MELTY BLOOD: TYPE LUMINA -> MELTY BLOOD: TYPE LUMINA (status=exact, score=100)
[2026-09-08T12:43:33.728+0000] {matching.py:235} INFO - [412830] STEINS;GATE -> STEINS;GATE (status=exact, score=100)
[2026-09-08T12:43:33.729+0000] {matching.py:235} INFO - [71340] Sonic Generations Collection -> Sonic Generations (status=high_confidence, score=76)
[2026-09-08T12:43:33.729+0000] {matching.py:235} INFO - [402570] Atlas Reactor -> Atlas Reactor (status=exact, score=100)
[2026-09-08T12:43:33.729+0000] {matching.py:235} INFO - [248390] Craft The World -> Craft The World (status=exact, score=100)
[2026-09-08T12:43:33.730+0000] {matching.py:235} INFO - [905640] Combat Arms: Reloaded -> Combat Arms: Reloaded (status=exact, score=100)
[2026-09-08T12:43:33.730+0000] {matching.py:235} INFO - [239070] Hammerwatch -> Hammerwatch (status=exact, score=100)
[2026-09-08T12:43:33.730+0000] {matching.py:235} INFO - [1139980] Travellers Rest -> Travellers Rest (status=exact, score=100)
[2026-09-08T12:43:33.731+0000] {matching.py:235} INFO - [2239150] Thronefall -> Thronefall (status=exact, score=100)
[2026-09-08T12:43:33.731+0000] {matching.py:235} INFO - [1241510] The Test -> The Test (status=exact, score=100)
[2026-09-08T12:43:33.731+0000] {matching.py:235} INFO - [1340020] Aster Fpv Drone Simulator -> Aster Fpv Drone Simulator (status=exact, score=100)
[2026-09-08T12:43:33.732+0000] {matching.py:235} INFO - [300550] Shadowrun: Dragonfall - Director's Cut -> Shadowrun: Dragonfall - Director's Cut (status=exact, score=100)
[2026-09-08T12:43:33.732+0000] {matching.py:235} INFO - [204030] Fable - The Lost Chapters -> Fable: The Lost Chapters (status=exact, score=100)
[2026-09-08T12:43:33.732+0000] {matching.py:235} INFO - [329000] Data Hacker: Corruption -> Data Hacker: Corruption (status=exact, score=100)
[2026-09-08T12:43:33.733+0000] {matching.py:235} INFO - [605740] Flashing Lights - Police, Firefighting, Emergency Services (EMS) Simulator -> Flashing Lights - Police Fire EMS (status=unmatched, score=63)
[2026-09-08T12:43:33.733+0000] {matching.py:235} INFO - [2027330] GoreBox -> GoreBox (status=exact, score=100)
[2026-09-08T12:43:33.734+0000] {matching.py:235} INFO - [1715130] Crysis Remastered -> Crysis Remastered (status=exact, score=100)
[2026-09-08T12:43:33.734+0000] {matching.py:235} INFO - [1649240] Returnal -> Returnal (status=exact, score=100)
[2026-09-08T12:43:33.734+0000] {matching.py:235} INFO - [866800] The Walking Dead: The Final Season -> The Walking Dead: The Final Season (status=exact, score=100)
[2026-09-08T12:43:33.735+0000] {matching.py:235} INFO - [247020] Cook, Serve, Delicious! -> Cook, Serve, Delicious! (status=exact, score=100)
[2026-09-08T12:43:33.735+0000] {matching.py:235} INFO - [295550] Royal Quest -> Royal Quest (status=exact, score=100)
[2026-09-08T12:43:33.735+0000] {matching.py:235} INFO - [285920] TerraTech -> TerraTech (status=exact, score=100)
[2026-09-08T12:43:33.736+0000] {matching.py:235} INFO - [268750] Magicite -> Magicite (status=exact, score=100)
[2026-09-08T12:43:33.736+0000] {matching.py:235} INFO - [1171690] Wayfinder -> Wayfinder (status=exact, score=100)
[2026-09-08T12:43:33.737+0000] {matching.py:235} INFO - [12150] Max Payne 2: The Fall of Max Payne -> Max Payne 2: The Fall of Max Payne (status=exact, score=100)
[2026-09-08T12:43:33.737+0000] {matching.py:235} INFO - [402180] Sakura Swim Club -> Sakura Swim Club (status=exact, score=100)
[2026-09-08T12:43:33.737+0000] {matching.py:235} INFO - [1475380] TheDawn -> TheDawn (status=exact, score=100)
[2026-09-08T12:43:33.738+0000] {matching.py:235} INFO - [242550] Rayman Legends -> Rayman Legends (status=exact, score=100)
[2026-09-08T12:43:33.738+0000] {matching.py:235} INFO - [300080] Total War Battles: KINGDOM -> Total War Battles: KINGDOM (status=exact, score=100)
[2026-09-08T12:43:33.738+0000] {matching.py:235} INFO - [321960] Might & Magic Heroes VII -> Might & Magic Heroes VII (status=exact, score=100)
[2026-09-08T12:43:33.739+0000] {matching.py:235} INFO - [578330] LEGO City Undercover -> Lego City Undercover (status=exact, score=100)
[2026-09-08T12:43:33.739+0000] {matching.py:235} INFO - [1522870] Supraland Six Inches Under -> Supraland Six Inches Under (status=exact, score=100)
[2026-09-08T12:43:33.740+0000] {matching.py:235} INFO - [421020] DiRT 4 -> DiRT 4 (status=exact, score=100)
[2026-09-08T12:43:33.740+0000] {matching.py:235} INFO - [222730] Reus -> Reus (status=exact, score=100)
[2026-09-08T12:43:33.740+0000] {matching.py:235} INFO - [1061090] Jump King -> Jump King (status=exact, score=100)
[2026-09-08T12:43:33.741+0000] {matching.py:235} INFO - [589290] Holdfast: Nations At War -> Holdfast: Nations At War (status=exact, score=100)
[2026-09-08T12:43:33.741+0000] {matching.py:235} INFO - [433350] BlackShot: Mercenary Warfare FPS -> BlackShot: Mercenary Warfare FPS (status=exact, score=100)
[2026-09-08T12:43:33.741+0000] {matching.py:235} INFO - [445220] Avorion -> Avorion (status=exact, score=100)
[2026-09-08T12:43:33.742+0000] {matching.py:235} INFO - [921570] OCTOPATH TRAVELER -> Octopath Traveler (status=exact, score=100)
[2026-09-08T12:43:33.742+0000] {matching.py:235} INFO - [531640] Eternal Card Game -> Eternal Card Game (status=exact, score=100)
[2026-09-08T12:43:33.742+0000] {matching.py:235} INFO - [2163330] Yet Another Zombie Survivors -> Yet Another Zombie Survivors (status=exact, score=100)
[2026-09-08T12:43:33.743+0000] {matching.py:235} INFO - [449960] Book of Demons -> Book of Demons (status=exact, score=100)
[2026-09-08T12:43:33.743+0000] {matching.py:235} INFO - [544330] Snake Pass -> Snake Pass (status=exact, score=100)
[2026-09-08T12:43:33.743+0000] {matching.py:235} INFO - [2369390] Far Cry 6 -> Far Cry 6 (status=exact, score=100)
[2026-09-08T12:43:33.744+0000] {matching.py:235} INFO - [679900] Swords & Souls: Neverseen -> Swords & Souls: Neverseen (status=exact, score=100)
[2026-09-08T12:43:33.744+0000] {matching.py:235} INFO - [1213740] She Will Punish Them -> She Will Punish Them (status=exact, score=100)
[2026-09-08T12:43:33.745+0000] {matching.py:235} INFO - [653530] Return of the Obra Dinn -> Return Of The Obra Dinn (status=exact, score=100)
[2026-09-08T12:43:33.745+0000] {matching.py:235} INFO - [672680] Call of War: World War 2 -> Call of Duty: World at War (status=review, score=75)
[2026-09-08T12:43:33.746+0000] {matching.py:235} INFO - [1316680] VLADiK BRUTAL -> Vladik Brutal (status=exact, score=100)
[2026-09-08T12:43:33.746+0000] {matching.py:235} INFO - [234670] NARUTO SHIPPUDEN: Ultimate Ninja STORM 3 Full Burst HD -> NARUTO SHIPPUDEN: Ultimate Ninja STORM 3 Full Burst (status=high_confidence, score=97)
[2026-09-08T12:43:33.746+0000] {matching.py:235} INFO - [589360] Ni no Kuni II: Revenant Kingdom -> Ni no Kuni II: Revenant Kingdom (status=exact, score=100)
[2026-09-08T12:43:33.747+0000] {matching.py:235} INFO - [1225570] Unravel Two -> Unravel Two (status=exact, score=100)
[2026-09-08T12:43:33.747+0000] {matching.py:235} INFO - [719040] Wasteland 3 -> Wasteland 3 (status=exact, score=100)
[2026-09-08T12:43:33.748+0000] {matching.py:235} INFO - [485490] Dungeon Journey -> Dungeon Journey (status=exact, score=100)
[2026-09-08T12:43:33.748+0000] {matching.py:235} INFO - [1063660] Bendy and the Dark Revival -> Bendy and the Dark Revival (status=exact, score=100)
[2026-09-08T12:43:33.748+0000] {matching.py:235} INFO - [2181930] DR LIVESEY ROM AND DEATH EDITION -> DR LIVESEY ROM AND DEATH EDITION (status=exact, score=100)
[2026-09-08T12:43:33.749+0000] {matching.py:235} INFO - [266430] Anarchy Arcade -> Anarchy Arcade (status=exact, score=100)
[2026-09-08T12:43:33.749+0000] {matching.py:235} INFO - [667970] VTOL VR -> VTOL VR (status=exact, score=100)
[2026-09-08T12:43:33.749+0000] {matching.py:235} INFO - [946050] Soda Dungeon 2 -> Soda Dungeon 2 (status=exact, score=100)
[2026-09-08T12:43:33.750+0000] {matching.py:235} INFO - [223100] Homefront: The Revolution -> Homefront: The Revolution (status=exact, score=100)
[2026-09-08T12:43:33.750+0000] {matching.py:235} INFO - [250760] Shovel Knight: Treasure Trove -> Shovel Knight: Treasure Trove (status=exact, score=100)
[2026-09-08T12:43:33.750+0000] {matching.py:235} INFO - [252410] SteamWorld Dig -> SteamWorld Dig (status=exact, score=100)
[2026-09-08T12:43:33.751+0000] {matching.py:235} INFO - [292120] FINAL FANTASY XIII -> FINAL FANTASY XIII (status=exact, score=100)
[2026-09-08T12:43:33.751+0000] {matching.py:235} INFO - [1521580] Perfect Heist 2 -> Perfect Heist 2 (status=exact, score=100)
[2026-09-08T12:43:33.752+0000] {matching.py:235} INFO - [393080] Call of Duty: Modern Warfare Remastered (2017) -> Call of Duty: Modern Warfare Remastered (status=high_confidence, score=94)
[2026-09-08T12:43:33.752+0000] {matching.py:235} INFO - [289950] Construction Simulator 2015 -> Construction Simulator 2015 (status=exact, score=100)
[2026-09-08T12:43:33.752+0000] {matching.py:235} INFO - [1777760] Soccer Manager 2022 -> Soccer Manager 2022 (status=exact, score=100)
[2026-09-08T12:43:33.753+0000] {matching.py:235} INFO - [6900] Hitman: Codename 47 -> Hitman: Codename 47 (status=exact, score=100)
[2026-09-08T12:43:33.753+0000] {matching.py:235} INFO - [39200] Dungeon Siege II -> Dungeon Siege (status=high_confidence, score=90)
[2026-09-08T12:43:33.753+0000] {matching.py:235} INFO - [654990] Dude Simulator -> Dude Simulator (status=exact, score=100)
[2026-09-08T12:43:33.754+0000] {matching.py:235} INFO - [1068820] OVR Toolkit - Desktop Overlay -> Virtual Aquarium - Overlay Desktop Game (status=unmatched, score=62)
[2026-09-08T12:43:33.754+0000] {matching.py:235} INFO - [987840] Expeditions: Rome -> Expeditions: Rome (status=exact, score=100)
[2026-09-08T12:43:33.754+0000] {matching.py:235} INFO - [894020] Death's Door -> Death's Door (status=exact, score=100)
[2026-09-08T12:43:33.755+0000] {matching.py:235} INFO - [515180] Bus Simulator 18 -> Bus Simulator 18 (status=exact, score=100)
[2026-09-08T12:43:33.755+0000] {matching.py:235} INFO - [457550] Bigscreen Beta -> Bigscreen Beta (status=exact, score=100)
[2026-09-08T12:43:33.756+0000] {matching.py:235} INFO - [332310] LEGO Worlds -> LEGO Worlds (status=exact, score=100)
[2026-09-08T12:43:33.756+0000] {matching.py:235} INFO - [991780] Notes of Soul -> Elements: Soul of Fire (status=unmatched, score=65)
[2026-09-08T12:43:33.756+0000] {matching.py:235} INFO - [397060] Faeria -> Faeria (status=exact, score=100)
[2026-09-08T12:43:33.757+0000] {matching.py:235} INFO - [1444740] Maniac Path -> Maniac Path (status=exact, score=100)
[2026-09-08T12:43:33.757+0000] {matching.py:235} INFO - [780290] Gloomhaven -> Gloomhaven (status=exact, score=100)
[2026-09-08T12:43:33.757+0000] {matching.py:235} INFO - [31270] Puzzle Agent -> Puzzle Agent (status=exact, score=100)
[2026-09-08T12:43:33.758+0000] {matching.py:235} INFO - [1092660] Blair Witch -> Blair Witch (status=exact, score=100)
[2026-09-08T12:43:33.758+0000] {matching.py:235} INFO - [1656780] Hero's Hour -> Hero's Hour (status=exact, score=100)
[2026-09-08T12:43:33.758+0000] {matching.py:235} INFO - [1016800] Chernobylite Complete Edition -> Nioh: Complete Edition (status=unmatched, score=64)
[2026-09-08T12:43:33.759+0000] {matching.py:235} INFO - [1040230] Curious Expedition 2 -> Curious Expedition 2 (status=exact, score=100)
[2026-09-08T12:43:33.759+0000] {matching.py:235} INFO - [64000] Men of War: Assault Squad -> Men of War: Assault Squad (status=exact, score=100)
[2026-09-08T12:43:33.760+0000] {matching.py:235} INFO - [916840] The Walking Dead: Saints & Sinners -> The Walking Dead: Saints & Sinners (status=exact, score=100)
[2026-09-08T12:43:33.760+0000] {matching.py:235} INFO - [1088090] Day of Dragons -> Day of Dragons (status=exact, score=100)
[2026-09-08T12:43:33.760+0000] {matching.py:235} INFO - [1200] Red Orchestra: Ostfront 41-45 -> Red Orchestra: Ostfront 41-45 (status=exact, score=100)
[2026-09-08T12:43:33.761+0000] {matching.py:235} INFO - [9880] Champions Online -> Champions Online (status=exact, score=100)
[2026-09-08T12:43:33.761+0000] {matching.py:235} INFO - [819190] Undead Citadel -> Undead Citadel (status=exact, score=100)
[2026-09-08T12:43:33.761+0000] {matching.py:235} INFO - [1238040] Dragon Age II: Ultimate Edition -> Dragon Age: Origins - Ultimate Edition (status=high_confidence, score=92)
[2026-09-08T12:43:33.762+0000] {matching.py:235} INFO - [1029780] Going Medieval -> Going Medieval (status=exact, score=100)
[2026-09-08T12:43:33.762+0000] {matching.py:235} INFO - [1817230] Hi-Fi RUSH -> Hi-Fi Rush (status=exact, score=100)
[2026-09-08T12:43:33.762+0000] {matching.py:235} INFO - [807120] Iratus: Lord of the Dead -> Iratus: Lord of the Dead (status=exact, score=100)
[2026-09-08T12:43:33.763+0000] {matching.py:235} INFO - [521890] Hello Neighbor -> Hello Neighbor (status=exact, score=100)
[2026-09-08T12:43:33.763+0000] {matching.py:235} INFO - [732370] Juicy Realm -> Juicy Realm (status=exact, score=100)
[2026-09-08T12:43:33.764+0000] {matching.py:235} INFO - [1149620] Gas Station Simulator -> Gas Station Simulator (status=exact, score=100)
[2026-09-08T12:43:33.764+0000] {matching.py:235} INFO - [831450] Kolb Antarctica Experience -> Kolb Antarctica Experience (status=exact, score=100)
[2026-09-08T12:43:33.764+0000] {matching.py:235} INFO - [2231380] Tom Clancy's Ghost Recon Breakpoint -> Tom Clancy's Ghost Recon Breakpoint (status=exact, score=100)
[2026-09-08T12:43:33.765+0000] {matching.py:235} INFO - [2066020] Soulstone Survivors -> Soulstone Survivors (status=exact, score=100)
[2026-09-08T12:43:33.765+0000] {matching.py:235} INFO - [774181] Rhythm Doctor -> Rhythm Doctor (status=exact, score=100)
[2026-09-08T12:43:33.765+0000] {matching.py:235} INFO - [513000] KUBOOM -> KUBOOM (status=exact, score=100)
[2026-09-08T12:43:33.766+0000] {matching.py:235} INFO - [385770] Time Clickers -> Time Clickers (status=exact, score=100)
[2026-09-08T12:43:33.766+0000] {matching.py:235} INFO - [404730] Wasteland 2: Director's Cut -> Wasteland 2: Director's Cut (status=exact, score=100)
[2026-09-08T12:43:33.766+0000] {matching.py:235} INFO - [973760] Thronebreaker: The Witcher Tales -> Thronebreaker: The Witcher Tales (status=exact, score=100)
[2026-09-08T12:43:33.767+0000] {matching.py:235} INFO - [1771980] The Operator -> The Operator (status=exact, score=100)
[2026-09-08T12:43:33.767+0000] {matching.py:235} INFO - [46510] Syberia II -> Syberia 2 (status=review, score=84)
[2026-09-08T12:43:33.768+0000] {matching.py:235} INFO - [1088850] Marvel's Guardians of the Galaxy -> Marvel's Guardians of the Galaxy (status=exact, score=100)
[2026-09-08T12:43:33.768+0000] {matching.py:235} INFO - [795100] Friday the 13th: Killer Puzzle -> Friday the 13th: Killer Puzzle (status=exact, score=100)
[2026-09-08T12:43:33.768+0000] {matching.py:235} INFO - [1147660] ArcheAge: Unchained -> ArcheAge: Unchained (status=exact, score=100)
[2026-09-08T12:43:33.769+0000] {matching.py:235} INFO - [973580] Sniper Ghost Warrior Contracts -> Sniper Ghost Warrior Contracts (status=exact, score=100)
[2026-09-08T12:43:33.769+0000] {matching.py:235} INFO - [1238060] Dead Space 3 -> Dead Space 3 (status=exact, score=100)
[2026-09-08T12:43:33.769+0000] {matching.py:235} INFO - [351640] Eternal Senia -> Eternal Senia (status=exact, score=100)
[2026-09-08T12:43:33.770+0000] {matching.py:235} INFO - [451340] Gold Mining Simulator -> Gold Mining Simulator (status=exact, score=100)
[2026-09-08T12:43:33.770+0000] {matching.py:235} INFO - [629820] Maneater -> Maneater (status=exact, score=100)
[2026-09-08T12:43:33.771+0000] {matching.py:235} INFO - [298630] The Escapists -> The Escapists (status=exact, score=100)
[2026-09-08T12:43:33.771+0000] {matching.py:235} INFO - [591740] Sniper Fury -> Sniper Fury (status=exact, score=100)
[2026-09-08T12:43:33.771+0000] {matching.py:235} INFO - [700600] Evil Genius 2: World Domination -> Evil Genius 2 World Domination (status=exact, score=100)
[2026-09-08T12:43:33.772+0000] {matching.py:235} INFO - [312280] Simply Chess -> Simply Chess (status=exact, score=100)
[2026-09-08T12:43:33.772+0000] {matching.py:235} INFO - [354140] Five Nights at Freddy's 3 -> Five Nights at Freddy's 3 (status=exact, score=100)
[2026-09-08T12:43:33.772+0000] {matching.py:235} INFO - [936790] Life is Strange: True Colors -> Life is Strange: True Colors (status=exact, score=100)
[2026-09-08T12:43:33.773+0000] {matching.py:235} INFO - [501590] Bulletstorm: Full Clip Edition -> Bulletstorm: Full Clip Edition (status=exact, score=100)
[2026-09-08T12:43:33.773+0000] {matching.py:235} INFO - [16810] Sid Meier's Civilization IV: Colonization -> Sid Meier's Civilization IV: Colonization (status=exact, score=100)
[2026-09-08T12:43:33.774+0000] {matching.py:235} INFO - [1282690] Crysis 3 -> Crysis 3 (status=exact, score=100)
[2026-09-08T12:43:33.774+0000] {matching.py:235} INFO - [217920] Alien Rage - Unlimited -> Alien Rage - Unlimited (status=exact, score=100)
[2026-09-08T12:43:33.774+0000] {matching.py:235} INFO - [365300] Transmissions: Element 120 -> Transmissions: Element 120 (status=exact, score=100)
[2026-09-08T12:43:33.775+0000] {matching.py:235} INFO - [428690] Youtubers Life -> Youtubers Life (status=exact, score=100)
[2026-09-08T12:43:33.775+0000] {matching.py:235} INFO - [2532550] LIZARDS MUST DIE -> LIZARDS MUST DIE (status=exact, score=100)
[2026-09-08T12:43:33.775+0000] {matching.py:235} INFO - [1504980] It Takes Two Friend's Pass -> It Takes Two Friend's Pass (status=exact, score=100)
[2026-09-08T12:43:33.776+0000] {matching.py:235} INFO - [266510] Hand of Fate -> Hand of Fate (status=exact, score=100)
[2026-09-08T12:43:33.776+0000] {matching.py:235} INFO - [673880] Warhammer 40,000: Mechanicus -> Warhammer 40,000: Mechanicus (status=exact, score=100)
[2026-09-08T12:43:33.776+0000] {matching.py:235} INFO - [2124490] SILENT HILL 2 -> Silent Hill 2 (status=exact, score=100)
[2026-09-08T12:43:33.777+0000] {matching.py:235} INFO - [573100] Battlefleet Gothic: Armada 2 -> Battlefleet Gothic: Armada 2 (status=exact, score=100)
[2026-09-08T12:43:33.777+0000] {matching.py:235} INFO - [528230] SYNTHETIK: Legion Rising -> SYNTHETIK: Legion Rising (status=exact, score=100)
[2026-09-08T12:43:33.778+0000] {matching.py:235} INFO - [91200] Anomaly: Warzone Earth -> Anomaly: Warzone Earth (status=exact, score=100)
[2026-09-08T12:43:33.778+0000] {matching.py:235} INFO - [20540] Company of Heroes: Tales of Valor -> Company of Heroes: Tales of Valor (status=exact, score=100)
[2026-09-08T12:43:33.778+0000] {matching.py:235} INFO - [529920] Resurgence -> Resurgence (status=exact, score=100)
[2026-09-08T12:43:33.779+0000] {matching.py:235} INFO - [204060] Superbrothers: Sword & Sworcery EP -> Superbrothers: Sword & Sworcery (status=high_confidence, score=95)
[2026-09-08T12:43:33.779+0000] {matching.py:235} INFO - [307110] We Need To Go Deeper -> We Need to Go Deeper (status=exact, score=100)
[2026-09-08T12:43:33.780+0000] {matching.py:235} INFO - [320300] Car Mechanic Simulator 2015 -> Car Mechanic Simulator 2015 (status=exact, score=100)
[2026-09-08T12:43:33.780+0000] {matching.py:235} INFO - [368340] CrossCode -> CrossCode (status=exact, score=100)
[2026-09-08T12:43:33.780+0000] {matching.py:235} INFO - [351970] Tales of Zestiria -> Tales of Zestiria (status=exact, score=100)
[2026-09-08T12:43:33.781+0000] {matching.py:235} INFO - [1105510] Yakuza 5 Remastered -> Yakuza 5 Remastered (status=exact, score=100)
[2026-09-08T12:43:33.781+0000] {matching.py:235} INFO - [17740] Empires Mod -> Empires Mod (status=exact, score=100)
[2026-09-08T12:43:33.781+0000] {matching.py:235} INFO - [567680] The Pasture -> The Pasture (status=exact, score=100)
[2026-09-08T12:43:33.782+0000] {matching.py:235} INFO - [1189630] Path Of Wuxia -> Path Of Wuxia (status=exact, score=100)
[2026-09-08T12:43:33.782+0000] {matching.py:235} INFO - [442120] Pinball FX3 -> Pinball FX3 (status=exact, score=100)
[2026-09-08T12:43:33.782+0000] {matching.py:235} INFO - [2384580] DYNASTY WARRIORS: ORIGINS -> Dynasty Warriors: Origins (status=exact, score=100)
[2026-09-08T12:43:33.783+0000] {matching.py:235} INFO - [330830] Tales from the Borderlands -> Tales from the Borderlands - Episode One: Zer0 Sum (status=high_confidence, score=71)
[2026-09-08T12:43:33.783+0000] {matching.py:235} INFO - [2218750] Halls of Torment -> Halls Of Torment (status=exact, score=100)
[2026-09-08T12:43:33.784+0000] {matching.py:235} INFO - [29900] Dark Sector -> Dark Sector (status=exact, score=100)
[2026-09-08T12:43:33.784+0000] {matching.py:235} INFO - [1343240] Thymesia -> Thymesia (status=exact, score=100)
[2026-09-08T12:43:33.784+0000] {matching.py:235} INFO - [658850] Do Not Feed the Monkeys -> Do Not Feed the Monkeys (status=exact, score=100)
[2026-09-08T12:43:33.785+0000] {matching.py:235} INFO - [1934680] Age of Mythology: Retold -> Age of Mythology: Retold (status=exact, score=100)
[2026-09-08T12:43:33.785+0000] {matching.py:235} INFO - [1859910] Legend of Mortal -> Legend of Mortal (status=exact, score=100)
[2026-09-08T12:43:33.785+0000] {matching.py:235} INFO - [865360] We Were Here Together -> We Were Here Together (status=exact, score=100)
[2026-09-08T12:43:33.786+0000] {matching.py:235} INFO - [1170950] Mortal Online 2 -> Mortal Online 2 (status=exact, score=100)
[2026-09-08T12:43:33.786+0000] {matching.py:235} INFO - [405640] Pony Island -> Pony Island (status=exact, score=100)
[2026-09-08T12:43:33.786+0000] {matching.py:235} INFO - [215790] Dream Pinball 3D -> Dream Pinball 3D (status=exact, score=100)
[2026-09-08T12:43:33.787+0000] {matching.py:235} INFO - [1278480] Smart Game Booster -> Smart Girl's Party Game (status=unmatched, score=50)
[2026-09-08T12:43:33.787+0000] {matching.py:235} INFO - [345180] Victor Vran ARPG -> Victor Vran (status=high_confidence, score=81)
[2026-09-08T12:43:33.788+0000] {matching.py:235} INFO - [611660] Fallout 4 VR -> Fallout 4 VR (status=exact, score=100)
[2026-09-08T12:43:33.788+0000] {matching.py:235} INFO - [274900] Murder Miners -> Murder Miners (status=exact, score=100)
[2026-09-08T12:43:33.788+0000] {matching.py:235} INFO - [874390] The Battle of Polytopia -> The Battle of Polytopia (status=exact, score=100)
[2026-09-08T12:43:33.789+0000] {matching.py:235} INFO - [360830] Yooka-Laylee -> Yooka-Laylee (status=exact, score=100)
[2026-09-08T12:43:33.789+0000] {matching.py:235} INFO - [851100] Touhou Luna Nights -> Touhou Luna Nights (status=exact, score=100)
[2026-09-08T12:43:33.789+0000] {matching.py:235} INFO - [1173770] FINAL FANTASY -> FINAL FANTASY (status=exact, score=100)
[2026-09-08T12:43:33.790+0000] {matching.py:235} INFO - [249650] Blackguards -> Blackguards (status=exact, score=100)
[2026-09-08T12:43:33.790+0000] {matching.py:235} INFO - [834530] Yakuza Kiwami -> Yakuza Kiwami (status=exact, score=100)
[2026-09-08T12:43:33.790+0000] {matching.py:235} INFO - [557180] League of Maidens -> League of Maidens (status=exact, score=100)
[2026-09-08T12:43:33.791+0000] {matching.py:235} INFO - [6030] STAR WARS Jedi Knight II - Jedi Outcast -> Star Wars Jedi Knight II: Jedi Outcast (status=exact, score=100)
[2026-09-08T12:43:33.791+0000] {matching.py:235} INFO - [288160] The Room -> The Room (status=exact, score=100)
[2026-09-08T12:43:33.792+0000] {matching.py:235} INFO - [1113560] NieR Replicant ver.1.22474487139... -> NieR Replicant v1.22474487139... (status=high_confidence, score=97)
[2026-09-08T12:43:33.792+0000] {matching.py:235} INFO - [2378900] The Coffin of Andy and Leyley -> The Coffin of Andy and Leyley (status=exact, score=100)
[2026-09-08T12:43:33.792+0000] {matching.py:235} INFO - [32360] The Secret of Monkey Island: Special Edition -> The Secret of Monkey Island: Special Edition (status=exact, score=100)
[2026-09-08T12:43:33.793+0000] {matching.py:235} INFO - [2114740] Blasphemous 2 -> Blasphemous (status=high_confidence, score=92)
[2026-09-08T12:43:33.793+0000] {matching.py:235} INFO - [3017860] DOOM: The Dark Ages -> Doom: The Dark Ages (status=exact, score=100)
[2026-09-08T12:43:33.793+0000] {matching.py:235} INFO - [1275350] Ninja Kiwi Archive -> Ninja Kiwi Archive (status=exact, score=100)
[2026-09-08T12:43:33.794+0000] {matching.py:235} INFO - [385760] NBA 2K17 -> NBA 2K17 (status=exact, score=100)
[2026-09-08T12:43:33.794+0000] {matching.py:235} INFO - [2058190] Lost Judgment -> Lost Judgment (status=exact, score=100)
[2026-09-08T12:43:33.795+0000] {matching.py:235} INFO - [6980] Thief: Deadly Shadows -> Thief 3: Deadly Shadows (status=high_confidence, score=95)
[2026-09-08T12:43:33.795+0000] {matching.py:235} INFO - [360940] The Mean Greens - Plastic Warfare -> The Mean Greens - Plastic Warfare (status=exact, score=100)
[2026-09-08T12:43:33.795+0000] {matching.py:235} INFO - [503940] Railway Empire -> Railway Empire (status=exact, score=100)
[2026-09-08T12:43:33.796+0000] {matching.py:235} INFO - [424030] War of Rights -> War of Rights (status=exact, score=100)
[2026-09-08T12:43:33.796+0000] {matching.py:235} INFO - [1244090] Sea of Stars: Sunset Edition -> Sea of Stars (status=high_confidence, score=62)
[2026-09-08T12:43:33.797+0000] {matching.py:235} INFO - [1104640] New Frontier -> New Frontier (status=exact, score=100)
[2026-09-08T12:43:33.797+0000] {matching.py:235} INFO - [1458560] I'm on Observation Duty 3 -> I'm on Observation Duty 3 (status=exact, score=100)
[2026-09-08T12:43:33.797+0000] {matching.py:235} INFO - [539470] Police Stories -> Police Stories (status=exact, score=100)
[2026-09-08T12:43:33.798+0000] {matching.py:235} INFO - [252150] Grimm -> Grimm's Hollow (status=high_confidence, score=56)
[2026-09-08T12:43:33.798+0000] {matching.py:235} INFO - [22350] BRINK -> Brink (status=exact, score=100)
[2026-09-08T12:43:33.798+0000] {matching.py:235} INFO - [761620] Beholder 2 -> Beholder 2 (status=exact, score=100)
[2026-09-08T12:43:33.799+0000] {matching.py:235} INFO - [1128000] Cube World -> Cube World (status=exact, score=100)
[2026-09-08T12:43:33.799+0000] {matching.py:235} INFO - [1089130] Quake II RTX -> Quake II RTX (status=exact, score=100)
[2026-09-08T12:43:33.799+0000] {matching.py:235} INFO - [326360] Warspear Online -> Warspear Online (status=exact, score=100)
[2026-09-08T12:43:33.800+0000] {matching.py:235} INFO - [305260] Battle Islands -> Battle Islands (status=exact, score=100)
[2026-09-08T12:43:33.800+0000] {matching.py:235} INFO - [753650] Due Process -> Due Process (status=exact, score=100)
[2026-09-08T12:43:33.801+0000] {matching.py:235} INFO - [2849080] Kingdom Rush 5: Alliance TD -> Kingdom Rush 5: Alliance TD (status=exact, score=100)
[2026-09-08T12:43:33.801+0000] {matching.py:235} INFO - [939850] The Dark Pictures Anthology: Man of Medan -> The Dark Pictures Anthology: Man of Medan (status=exact, score=100)
[2026-09-08T12:43:33.801+0000] {matching.py:235} INFO - [550470] NosTale - Anime MMORPG -> SoulWorker - Anime Action MMO (status=unmatched, score=55)
[2026-09-08T12:43:33.802+0000] {matching.py:235} INFO - [343360] Particula -> Particula (status=exact, score=100)
[2026-09-08T12:43:33.802+0000] {matching.py:235} INFO - [2300] DOOM II -> DOOM II (status=exact, score=100)
[2026-09-08T12:43:33.802+0000] {matching.py:235} INFO - [397340] SimplePlanes -> SimplePlanes (status=exact, score=100)
[2026-09-08T12:43:33.803+0000] {matching.py:235} INFO - [255220] GRID Autosport -> GRID Autosport (status=exact, score=100)
[2026-09-08T12:43:33.803+0000] {matching.py:235} INFO - [774801] Crab Champions -> Crab Champions (status=exact, score=100)
[2026-09-08T12:43:33.803+0000] {matching.py:235} INFO - [464060] RUINER -> Ruiner (status=exact, score=100)
[2026-09-08T12:43:33.804+0000] {matching.py:235} INFO - [49600] Beat Hazard -> Beat Hazard (status=exact, score=100)
[2026-09-08T12:43:33.804+0000] {matching.py:235} INFO - [1158160] Coral Island -> Coral Island (status=exact, score=100)
[2026-09-08T12:43:33.805+0000] {matching.py:235} INFO - [728530] SD GUNDAM G GENERATION CROSS RAYS -> SD GUNDAM G GENERATION CROSS RAYS (status=exact, score=100)
[2026-09-08T12:43:33.805+0000] {matching.py:235} INFO - [2135150] Elin -> Elin (status=exact, score=100)
[2026-09-08T12:43:33.805+0000] {matching.py:235} INFO - [2142790] Fields of Mistria -> Fields Of Mistria (status=exact, score=100)
[2026-09-08T12:43:33.806+0000] {matching.py:235} INFO - [252870] PULSAR: Lost Colony -> PULSAR: Lost Colony (status=exact, score=100)
[2026-09-08T12:43:33.806+0000] {matching.py:235} INFO - [336390] System Shock 2 (1999) -> System Shock (1994) (status=high_confidence, score=89)
[2026-09-08T12:43:33.806+0000] {matching.py:235} INFO - [223830] Xenonauts -> Xenonauts (status=exact, score=100)
[2026-09-08T12:43:33.807+0000] {matching.py:235} INFO - [1843760] Rogue Tower -> Rogue Tower (status=exact, score=100)
[2026-09-08T12:43:33.807+0000] {matching.py:235} INFO - [360170] How to Survive 2 -> How to Survive 2 (status=exact, score=100)
[2026-09-08T12:43:33.808+0000] {matching.py:235} INFO - [644830] The Surge 2 -> The Surge 2 (status=exact, score=100)
[2026-09-08T12:43:33.808+0000] {matching.py:235} INFO - [248820] Risk of Rain (2013) -> Risk of Rain 2 (status=high_confidence, score=90)
[2026-09-08T12:43:33.808+0000] {matching.py:235} INFO - [1681430] RoboCop: Rogue City -> RoboCop: Rogue City (status=exact, score=100)
[2026-09-08T12:43:33.809+0000] {matching.py:235} INFO - [72200] Universe Sandbox Legacy -> Universe Sandbox (status=high_confidence, score=82)
[2026-09-08T12:43:33.809+0000] {matching.py:235} INFO - [97100] Section 8: Prejudice -> Section 8: Prejudice (status=exact, score=100)
[2026-09-08T12:43:33.810+0000] {matching.py:235} INFO - [1026680] FINAL FANTASY VIII - REMASTERED -> Final Fantasy VIII Remastered (status=exact, score=100)
[2026-09-08T12:43:33.810+0000] {matching.py:235} INFO - [462770] Pyre -> Pyre (status=exact, score=100)
[2026-09-08T12:43:33.810+0000] {matching.py:235} INFO - [681280] Descenders -> Descenders (status=exact, score=100)
[2026-09-08T12:43:33.811+0000] {matching.py:235} INFO - [774241] Warhammer: Chaosbane -> Warhammer: Chaosbane (status=exact, score=100)
[2026-09-08T12:43:33.811+0000] {matching.py:235} INFO - [95400] ibb & obb -> ibb & obb (status=exact, score=100)
[2026-09-08T12:43:33.811+0000] {matching.py:235} INFO - [276810] Mordheim: City of the Damned -> Mordheim: City of the Damned (status=exact, score=100)
[2026-09-08T12:43:33.812+0000] {matching.py:235} INFO - [548570] RAGE 2 -> Rage 2 (status=exact, score=100)
[2026-09-08T12:43:33.812+0000] {matching.py:235} INFO - [574820] Cat or Bread? -> Cat or Bread? (status=exact, score=100)
[2026-09-08T12:43:33.812+0000] {matching.py:235} INFO - [203630] Warlock - Master of the Arcane -> Warlock - Master of the Arcane (status=exact, score=100)
[2026-09-08T12:43:33.813+0000] {matching.py:235} INFO - [593600] PixARK -> PixARK (status=exact, score=100)
[2026-09-08T12:43:33.813+0000] {matching.py:235} INFO - [1510] Uplink -> Uplink (status=exact, score=100)
[2026-09-08T12:43:33.814+0000] {matching.py:235} INFO - [1041320] Lords Mobile -> Lords Mobile (status=exact, score=100)
[2026-09-08T12:43:33.814+0000] {matching.py:235} INFO - [1547000] Grand Theft Auto: San Andreas – The Definitive Edition -> Grand Theft Auto: San Andreas – The Definitive Edition (status=exact, score=100)
[2026-09-08T12:43:33.814+0000] {matching.py:235} INFO - [3700] Sniper Elite -> Sniper Elite (status=exact, score=100)
[2026-09-08T12:43:33.815+0000] {matching.py:235} INFO - [473690] Absolver -> Absolver (status=exact, score=100)
[2026-09-08T12:43:33.815+0000] {matching.py:235} INFO - [413420] Danganronpa 2: Goodbye Despair -> Danganronpa 2: Goodbye Despair (status=exact, score=100)
[2026-09-08T12:43:33.815+0000] {matching.py:235} INFO - [447530] VA-11 Hall-A: Cyberpunk Bartender Action -> VA-11 Hall-A: Cyberpunk Bartender Action (status=exact, score=100)
[2026-09-08T12:43:33.816+0000] {matching.py:235} INFO - [315430] Polarity -> Polarity (status=exact, score=100)
[2026-09-08T12:43:33.816+0000] {matching.py:235} INFO - [508170] BlackSmith HIT -> BlackSmith HIT (status=exact, score=100)
[2026-09-08T12:43:33.816+0000] {matching.py:235} INFO - [248610] Door Kickers -> Door Kickers (status=exact, score=100)
[2026-09-08T12:43:33.817+0000] {matching.py:235} INFO - [256290] Child of Light -> Child of Light (status=exact, score=100)
[2026-09-08T12:43:33.817+0000] {matching.py:235} INFO - [13250] Unreal Gold -> Unreal Gold (status=exact, score=100)
[2026-09-08T12:43:33.818+0000] {matching.py:235} INFO - [758190] Dragon Cliff -> Dragon Cliff 龙崖 (status=exact, score=100)
[2026-09-08T12:43:33.818+0000] {matching.py:235} INFO - [1195460] Last Year -> Last Year (status=exact, score=100)
[2026-09-08T12:43:33.818+0000] {matching.py:235} INFO - [252850] Streamline -> Streamline (status=exact, score=100)
[2026-09-08T12:43:33.819+0000] {matching.py:235} INFO - [2381590] Only Up -> Only Up (status=exact, score=100)
[2026-09-08T12:43:33.819+0000] {matching.py:235} INFO - [212390] Continent of the Ninth Seal -> Continent of the Ninth Seal (status=exact, score=100)
[2026-09-08T12:43:33.819+0000] {matching.py:235} INFO - [260230] Valiant Hearts: The Great War / Soldats Inconnus : Mémoires de la Grande Guerre -> Valiant Hearts: The Great War (status=high_confidence, score=55)
[2026-09-08T12:43:33.820+0000] {matching.py:235} INFO - [296470] Mount Your Friends -> Mount Your Friends (status=exact, score=100)
[2026-09-08T12:43:33.820+0000] {matching.py:235} INFO - [219830] King Arthur's Gold -> King Arthur's Gold (status=exact, score=100)
[2026-09-08T12:43:33.821+0000] {matching.py:235} INFO - [200210] Realm of the Mad God Exalt -> Realm of the Mad God (status=high_confidence, score=87)
[2026-09-08T12:43:33.821+0000] {matching.py:235} INFO - [824550] SD GUNDAM BATTLE ALLIANCE -> SD GUNDAM BATTLE ALLIANCE (status=exact, score=100)
[2026-09-08T12:43:33.821+0000] {matching.py:235} INFO - [1135690] Unpacking -> Unpacking (status=exact, score=100)
[2026-09-08T12:43:33.822+0000] {matching.py:235} INFO - [372800] RPG MO -> RPG MO (status=exact, score=100)
[2026-09-08T12:43:33.822+0000] {matching.py:235} INFO - [2437170] SMITE 2 -> SMITE 2 (status=exact, score=100)
[2026-09-08T12:43:33.822+0000] {matching.py:235} INFO - [666860] Bit Heroes Quest -> Bit Heroes (status=high_confidence, score=77)
[2026-09-08T12:43:33.823+0000] {matching.py:235} INFO - [2140510] Town of Salem 2 -> Town of Salem 2 (status=exact, score=100)
[2026-09-08T12:43:33.823+0000] {matching.py:235} INFO - [78000] Bejeweled 3 -> Bejeweled 3 (status=exact, score=100)
[2026-09-08T12:43:33.824+0000] {matching.py:235} INFO - [503560] 911 Operator -> 911 Operator (status=exact, score=100)
[2026-09-08T12:43:33.824+0000] {matching.py:235} INFO - [429050] Feed and Grow: Fish -> Feed and Grow: Fish (status=exact, score=100)
[2026-09-08T12:43:33.824+0000] {matching.py:235} INFO - [33229] Tom Clancy's Splinter Cell Conviction -> Tom Clancy's Splinter Cell: Conviction (status=exact, score=100)
[2026-09-08T12:43:33.825+0000] {matching.py:235} INFO - [909080] Cube Escape: Paradox -> Cube Escape: Paradox (status=exact, score=100)
[2026-09-08T12:43:33.825+0000] {matching.py:235} INFO - [1496790] Gotham Knights -> Gotham Knights (status=exact, score=100)
[2026-09-08T12:43:33.825+0000] {matching.py:235} INFO - [285330] RollerCoaster Tycoon 2: Triple Thrill Pack -> RollerCoaster Tycoon 2: Triple Thrill Pack (status=exact, score=100)
[2026-09-08T12:43:33.826+0000] {matching.py:235} INFO - [1782120] ZERO Sievert -> ZERO Sievert (status=exact, score=100)
[2026-09-08T12:43:33.826+0000] {matching.py:235} INFO - [1259980] RIDE 4 -> RIDE 4 (status=exact, score=100)
[2026-09-08T12:43:33.826+0000] {matching.py:235} INFO - [732690] FIVE NIGHTS AT FREDDY'S: HELP WANTED -> Five Nights at Freddy’s: Help Wanted (status=exact, score=100)
[2026-09-08T12:43:33.827+0000] {matching.py:235} INFO - [311290] SpellForce 3 Reforced -> SpellForce 3 Reforced (status=exact, score=100)
[2026-09-08T12:43:33.827+0000] {matching.py:235} INFO - [954740] Terminator: Resistance -> Terminator: Resistance (status=exact, score=100)
[2026-09-08T12:43:33.828+0000] {matching.py:235} INFO - [784080] MechWarrior 5: Mercenaries -> MechWarrior 5: Mercenaries (status=exact, score=100)
[2026-09-08T12:43:33.828+0000] {matching.py:235} INFO - [941460] Death Trash -> Death Trash (status=exact, score=100)
[2026-09-08T12:43:33.828+0000] {matching.py:235} INFO - [2336220] Feed the Cups -> Feed the Cups (status=exact, score=100)
[2026-09-08T12:43:33.829+0000] {matching.py:235} INFO - [362490] Exanima -> Exanima (status=exact, score=100)
[2026-09-08T12:43:33.829+0000] {matching.py:235} INFO - [2772750] Age of History 3 -> Age of History 3 (status=exact, score=100)
[2026-09-08T12:43:33.830+0000] {matching.py:235} INFO - [784150] Workers & Resources: Soviet Republic -> Workers & Resources: Soviet Republic (status=exact, score=100)
[2026-09-08T12:43:33.830+0000] {matching.py:235} INFO - [236150] Starpoint Gemini 2 -> Starpoint Gemini 2 (status=exact, score=100)
[2026-09-08T12:43:33.830+0000] {matching.py:235} INFO - [921590] DISSIDIA FINAL FANTASY NT Free Edition -> DISSIDIA FINAL FANTASY NT Free Edition (status=exact, score=100)
[2026-09-08T12:43:33.831+0000] {matching.py:235} INFO - [434050] Duke Nukem 3D: 20th Anniversary World Tour -> Duke Nukem 3D: 20th Anniversary World Tour (status=exact, score=100)
[2026-09-08T12:43:33.831+0000] {matching.py:235} INFO - [533540] MONMUSU -> MONMUSU (status=exact, score=100)
[2026-09-08T12:43:33.831+0000] {matching.py:235} INFO - [232910] TrackMania² Stadium -> TrackMania² Stadium (status=exact, score=100)
[2026-09-08T12:43:33.832+0000] {matching.py:235} INFO - [382310] Eco -> Eco (status=exact, score=100)
[2026-09-08T12:43:33.832+0000] {matching.py:235} INFO - [1471410] SYNTHETIK 2 -> SYNTHETIK 2 (status=exact, score=100)
[2026-09-08T12:43:33.832+0000] {matching.py:235} INFO - [398710] Timberman -> Timberman (status=exact, score=100)
[2026-09-08T12:43:33.833+0000] {matching.py:235} INFO - [272510] NARUTO SHIPPUDEN: Ultimate Ninja STORM Revolution -> NARUTO SHIPPUDEN: Ultimate Ninja STORM Revolution (status=exact, score=100)
[2026-09-08T12:43:33.833+0000] {matching.py:235} INFO - [448630] Rabiez: Epidemic -> Rabiez: Epidemic (status=exact, score=100)
[2026-09-08T12:43:33.834+0000] {matching.py:235} INFO - [2095300] Breakout 13 -> Breakout 13 (status=exact, score=100)
[2026-09-08T12:43:33.834+0000] {matching.py:235} INFO - [326960] Killing Floor - Toy Master -> Killing Floor - Toy Master (status=exact, score=100)
[2026-09-08T12:43:33.834+0000] {matching.py:235} INFO - [94400] Nidhogg -> Nidhogg (status=exact, score=100)
[2026-09-08T12:43:33.835+0000] {matching.py:235} INFO - [248860] NEO Scavenger -> NEO Scavenger (status=exact, score=100)
[2026-09-08T12:43:33.835+0000] {matching.py:235} INFO - [1235140] Yakuza: Like a Dragon -> Yakuza: Like a Dragon (status=exact, score=100)
[2026-09-08T12:43:33.835+0000] {matching.py:235} INFO - [1562700] SANABI -> Sanabi (status=exact, score=100)
[2026-09-08T12:43:33.836+0000] {matching.py:235} INFO - [764790] The Messenger -> The Messenger (status=exact, score=100)
[2026-09-08T12:43:33.836+0000] {matching.py:235} INFO - [320040] Moon Hunters -> Moon Hunters (status=exact, score=100)
[2026-09-08T12:43:33.836+0000] {matching.py:235} INFO - [231160] The Swapper -> The Swapper (status=exact, score=100)
[2026-09-08T12:43:33.837+0000] {matching.py:235} INFO - [1206610] Rubber Bandits -> Rubber Bandits (status=exact, score=100)
[2026-09-08T12:43:33.837+0000] {matching.py:235} INFO - [2144740] Ghostrunner 2 -> Ghostrunner 2 (status=exact, score=100)
[2026-09-08T12:43:33.837+0000] {matching.py:235} INFO - [799960] Wizard101 -> Wizard101 (status=exact, score=100)
[2026-09-08T12:43:33.838+0000] {matching.py:235} INFO - [1021210] Cyber Knights: Flashpoint -> Cyber Knights: Flashpoint (status=exact, score=100)
[2026-09-08T12:43:33.838+0000] {matching.py:235} INFO - [343780] Cat Goes Fishing -> Cat Goes Fishing (status=exact, score=100)
[2026-09-08T12:43:33.839+0000] {matching.py:235} INFO - [1142500] Fun with Ragdolls: The Game -> Fun with Ragdolls: The Game (status=exact, score=100)
[2026-09-08T12:43:33.839+0000] {matching.py:235} INFO - [234080] Castlevania: Lords of Shadow – Ultimate Edition -> Castlevania: Lords of Shadow – Ultimate Edition (status=exact, score=100)
[2026-09-08T12:43:33.839+0000] {matching.py:235} INFO - [994730] Banner of the Maid -> Banner of the Maid (status=exact, score=100)
[2026-09-08T12:43:33.840+0000] {matching.py:235} INFO - [745920] Temtem -> Temtem (status=exact, score=100)
[2026-09-08T12:43:33.840+0000] {matching.py:235} INFO - [281610] Homeworld: Deserts of Kharak -> Homeworld: Deserts of Kharak (status=exact, score=100)
[2026-09-08T12:43:33.840+0000] {matching.py:235} INFO - [2488620] F1 24 -> F1 24 (status=exact, score=100)
[2026-09-08T12:43:33.841+0000] {matching.py:235} INFO - [1064610] Neon Beats -> Neon Beats (status=exact, score=100)
[2026-09-08T12:43:33.841+0000] {matching.py:235} INFO - [2600] Vampire: The Masquerade - Bloodlines -> Vampire: The Masquerade - Bloodlines (status=exact, score=100)
[2026-09-08T12:43:33.842+0000] {matching.py:235} INFO - [242880] Sir, You Are Being Hunted -> Sir, You Are Being Hunted (status=exact, score=100)
[2026-09-08T12:43:33.842+0000] {matching.py:235} INFO - [598980] The Coin Game -> The Coin Game (status=exact, score=100)
[2026-09-08T12:43:33.842+0000] {matching.py:235} INFO - [616560] Ultimate Epic Battle Simulator -> Ultimate Epic Battle Simulator (status=exact, score=100)
[2026-09-08T12:43:33.843+0000] {matching.py:235} INFO - [371970] Barony -> Barony (status=exact, score=100)
[2026-09-08T12:43:33.843+0000] {matching.py:235} INFO - [718670] Cultist Simulator -> Cultist Simulator (status=exact, score=100)
[2026-09-08T12:43:33.843+0000] {matching.py:235} INFO - [443810] This Is the Police -> This is the Police (status=exact, score=100)
[2026-09-08T12:43:33.844+0000] {matching.py:235} INFO - [401680] POSTAL Redux -> POSTAL Redux (status=exact, score=100)
[2026-09-08T12:43:33.844+0000] {matching.py:235} INFO - [202200] Galactic Civilizations II: Ultimate Edition -> Galactic Civilizations II: Ultimate Edition (status=exact, score=100)
[2026-09-08T12:43:33.844+0000] {matching.py:235} INFO - [40100] Supreme Commander 2 -> Supreme Commander 2 (status=exact, score=100)
[2026-09-08T12:43:33.845+0000] {matching.py:235} INFO - [1402020] SCP: Labrat -> SCP: Labrat (status=exact, score=100)
[2026-09-08T12:43:33.845+0000] {matching.py:235} INFO - [1238020] Mass Effect 3 N7 Digital Deluxe Edition (2012) -> Mass Effect 3 N7 Digital Deluxe Edition (status=high_confidence, score=94)
[2026-09-08T12:43:33.846+0000] {matching.py:235} INFO - [576120] Purgatory II -> Purgatory II (status=exact, score=100)
[2026-09-08T12:43:33.846+0000] {matching.py:235} INFO - [2820] X3: Terran Conflict -> X3: Terran Conflict (status=exact, score=100)
[2026-09-08T12:43:33.846+0000] {matching.py:235} INFO - [1243830] Overcooked! All You Can Eat -> Overcooked! All You Can Eat (status=exact, score=100)
[2026-09-08T12:43:33.847+0000] {matching.py:235} INFO - [418500] Rising Storm 2: Vietnam -> Rising Storm 2: VIETNAM (status=exact, score=100)
[2026-09-08T12:43:33.847+0000] {matching.py:235} INFO - [2707900] NIGHT-RUNNERS PROLOGUE -> NIGHT-RUNNERS™ PROLOGUE (status=exact, score=100)
[2026-09-08T12:43:33.848+0000] {matching.py:235} INFO - [382120] Journey To The Center Of The Earth -> Journey to the Center of the Earth (status=exact, score=100)
[2026-09-08T12:43:33.848+0000] {matching.py:235} INFO - [459220] Halo Wars: Definitive Edition -> Halo Wars: Definitive Edition (status=exact, score=100)
[2026-09-08T12:43:33.848+0000] {matching.py:235} INFO - [1180660] Tell Me Why -> Tell Me Why (status=exact, score=100)
[2026-09-08T12:43:33.849+0000] {matching.py:235} INFO - [39150] FINAL FANTASY VIII -> FINAL FANTASY VIII (status=exact, score=100)
[2026-09-08T12:43:33.849+0000] {matching.py:235} INFO - [220780] Thomas Was Alone -> Thomas Was Alone (status=exact, score=100)
[2026-09-08T12:43:33.849+0000] {matching.py:235} INFO - [335670] LISA: The Painful -> Elisa: The Innkeeper - Prequel (status=unmatched, score=60)
[2026-09-08T12:43:33.850+0000] {matching.py:235} INFO - [1227690] Severed Steel -> Severed Steel (status=exact, score=100)
[2026-09-08T12:43:33.850+0000] {matching.py:235} INFO - [927350] Hood: Outlaws & Legends -> Hood: Outlaws & Legends (status=exact, score=100)
[2026-09-08T12:43:33.851+0000] {matching.py:235} INFO - [587620] Okami HD -> OKAMI HD (status=exact, score=100)
[2026-09-08T12:43:33.851+0000] {matching.py:235} INFO - [405900] Disgaea PC -> Disgaea PC (status=exact, score=100)
[2026-09-08T12:43:33.851+0000] {matching.py:235} INFO - [18500] Defense Grid: The Awakening -> Defense Grid: The Awakening (status=exact, score=100)
[2026-09-08T12:43:33.852+0000] {matching.py:235} INFO - [351030] Pixel Puzzles Ultimate Jigsaw Puzzles -> Nob Puzzles - Ultimate Jigsaw (status=review, score=75)
[2026-09-08T12:43:33.852+0000] {matching.py:235} INFO - [302590] Of Guards And Thieves -> Of Guards And Thieves (status=exact, score=100)
[2026-09-08T12:43:33.852+0000] {matching.py:235} INFO - [369990] Gremlins, Inc. -> Gremlins, Inc. (status=exact, score=100)
[2026-09-08T12:43:33.853+0000] {matching.py:235} INFO - [11450] Overlord -> Overlord (status=exact, score=100)
[2026-09-08T12:43:33.853+0000] {matching.py:235} INFO - [954850] Kerbal Space Program 2 -> Kerbal Space Program 2 (status=exact, score=100)
[2026-09-08T12:43:33.853+0000] {matching.py:235} INFO - [1046030] ISLANDERS -> ISLANDERS (status=exact, score=100)
[2026-09-08T12:43:33.854+0000] {matching.py:235} INFO - [293260] Card Hunter -> Card Hunter (status=exact, score=100)
[2026-09-08T12:43:33.854+0000] {matching.py:235} INFO - [1677770] The Case of the Golden Idol -> The Case of the Golden Idol (status=exact, score=100)
[2026-09-08T12:43:33.854+0000] {matching.py:235} INFO - [506140] Shop Heroes -> Shop Heroes (status=exact, score=100)
[2026-09-08T12:43:33.855+0000] {matching.py:235} INFO - [39510] Gothic II: Gold Edition -> Gothic II: Gold Edition (status=exact, score=100)
[2026-09-08T12:43:33.855+0000] {matching.py:235} INFO - [1182620] Impostor Factory -> Impostor Factory (status=exact, score=100)
[2026-09-08T12:43:33.856+0000] {matching.py:235} INFO - [429570] The Walking Dead: Michonne - A Telltale Miniseries -> The Walking Dead: The Telltale Definitive Series (status=review, score=77)
[2026-09-08T12:43:33.856+0000] {matching.py:235} INFO - [622650] Bendy and the Ink Machine -> Bendy and the Ink Machine (status=exact, score=100)
[2026-09-08T12:43:33.857+0000] {matching.py:235} INFO - [1367550] Kingdom Rush Vengeance - Tower Defense -> Kingdom Rush Vengeance (status=high_confidence, score=76)
[2026-09-08T12:43:33.857+0000] {matching.py:235} INFO - [1611600] WARNO -> WARNO (status=exact, score=100)
[2026-09-08T12:43:33.857+0000] {matching.py:235} INFO - [421050] Deponia Doomsday -> Deponia Doomsday (status=exact, score=100)
[2026-09-08T12:43:33.858+0000] {matching.py:235} INFO - [2230410] Eaten by Darkness -> Eaten by Darkness (status=exact, score=100)
[2026-09-08T12:43:33.858+0000] {matching.py:235} INFO - [1182900] A Plague Tale: Requiem -> A Plague Tale: Requiem (status=exact, score=100)
[2026-09-08T12:43:33.858+0000] {matching.py:235} INFO - [613830] CHRONO TRIGGER -> Chrono Trigger (status=exact, score=100)
[2026-09-08T12:43:33.859+0000] {matching.py:235} INFO - [375510] New kind of adventure -> New kind of adventure (status=exact, score=100)
[2026-09-08T12:43:33.859+0000] {matching.py:235} INFO - [505230] Pathologic 2 -> Pathologic 2 (status=exact, score=100)
[2026-09-08T12:43:33.860+0000] {matching.py:235} INFO - [270570] Reversion - The Escape (1st Chapter) -> Reversion - The Escape (1st Chapter) (status=exact, score=100)
[2026-09-08T12:43:33.860+0000] {matching.py:235} INFO - [712100] A Total War Saga: THRONES OF BRITANNIA -> Total War Saga: Thrones of Britannia (status=high_confidence, score=97)
[2026-09-08T12:43:33.861+0000] {matching.py:235} INFO - [1012790] Into the Radius VR -> Into the Radius VR (status=exact, score=100)
[2026-09-08T12:43:33.861+0000] {matching.py:235} INFO - [504130] Manual Samuel - Last Tuesday Edition -> Manual Samuel (status=high_confidence, score=55)
[2026-09-08T12:43:33.861+0000] {matching.py:235} INFO - [253430] CastleMiner Z -> CastleMiner Z (status=exact, score=100)
[2026-09-08T12:43:33.862+0000] {matching.py:235} INFO - [2129810] Reignbreaker -> Reignbreaker (status=exact, score=100)
[2026-09-08T12:43:33.862+0000] {matching.py:235} INFO - [1948980] Hero's Adventure: Road to Passion -> Hero's Adventure (status=high_confidence, score=65)
[2026-09-08T12:43:33.862+0000] {matching.py:235} INFO - [451880] Catch a Falling Star -> Catch a Falling Star (status=exact, score=100)
[2026-09-08T12:43:33.863+0000] {matching.py:235} INFO - [597220] West of Loathing -> West of Loathing (status=exact, score=100)
[2026-09-08T12:43:33.863+0000] {matching.py:235} INFO - [647830] LEGO Marvel Super Heroes 2 -> LEGO Marvel Super Heroes 2 (status=exact, score=100)
[2026-09-08T12:43:33.863+0000] {matching.py:235} INFO - [536280] Disintegration -> Disintegration (status=exact, score=100)
[2026-09-08T12:43:33.864+0000] {matching.py:235} INFO - [552620] ATOM RPG: Post-apocalyptic indie game -> TRANSIT: Post-apocalyptic indie game (status=review, score=81)
[2026-09-08T12:43:33.864+0000] {matching.py:235} INFO - [31290] Back to the Future: The Game -> Back to the Future: The Game (status=exact, score=100)
[2026-09-08T12:43:33.865+0000] {matching.py:235} INFO - [621830] WRC 7 FIA World Rally Championship -> WRC 7 FIA World Rally Championship (status=exact, score=100)
[2026-09-08T12:43:33.865+0000] {matching.py:235} INFO - [364050] Face It - A game to fight inner demons -> Face It - A game to fight inner demons (status=exact, score=100)
[2026-09-08T12:43:33.865+0000] {matching.py:235} INFO - [2060130] Return to Monkey Island -> Return to Monkey Island (status=exact, score=100)
[2026-09-08T12:43:33.866+0000] {matching.py:235} INFO - [15700] Oddworld: Abe's Oddysee -> Oddworld: Abe's Oddysee (status=exact, score=100)
[2026-09-08T12:43:33.866+0000] {matching.py:235} INFO - [1414850] Nickelodeon All-Star Brawl -> Nickelodeon All-Star Brawl (status=exact, score=100)
[2026-09-08T12:43:33.866+0000] {matching.py:235} INFO - [1794960] Sonic Origins -> Sonic Origins (status=exact, score=100)
[2026-09-08T12:43:33.867+0000] {matching.py:235} INFO - [265300] Lords Of The Fallen 2014 -> Lords of the Fallen (2014) (status=exact, score=100)
[2026-09-08T12:43:33.867+0000] {matching.py:235} INFO - [816090] Space Hulk: Deathwing Enhanced Edition -> Space Hulk: Deathwing - Enhanced Edition (status=exact, score=100)
[2026-09-08T12:43:33.868+0000] {matching.py:235} INFO - [1180380] Stay Out -> Stay Out (status=exact, score=100)
[2026-09-08T12:43:33.868+0000] {matching.py:235} INFO - [482920] Hero Zero -> Hero Zero (status=exact, score=100)
[2026-09-08T12:43:33.868+0000] {matching.py:235} INFO - [1434950] HighFleet -> HighFleet (status=exact, score=100)
[2026-09-08T12:43:33.869+0000] {matching.py:235} INFO - [1676840] For The King II -> For The King II (status=exact, score=100)
[2026-09-08T12:43:33.869+0000] {matching.py:235} INFO - [15120] Tom Clancy's Rainbow Six Vegas 2 -> Tom Clancy's Rainbow Six Vegas 2 (status=exact, score=100)
[2026-09-08T12:43:33.869+0000] {matching.py:235} INFO - [1182020] WGT Golf -> WGT Golf (status=exact, score=100)
[2026-09-08T12:43:33.870+0000] {matching.py:235} INFO - [934700] Dead Island 2 -> Dead Island 2 (status=exact, score=100)
[2026-09-08T12:43:33.870+0000] {matching.py:235} INFO - [253230] A Hat in Time -> A Hat in Time (status=exact, score=100)
[2026-09-08T12:43:33.870+0000] {matching.py:235} INFO - [533780] Zombie Defense -> Zombie Defense (status=exact, score=100)
[2026-09-08T12:43:33.871+0000] {matching.py:235} INFO - [632350] Cyberdimension Neptunia: 4 Goddesses Online -> Cyberdimension Neptunia: 4 Goddesses Online (status=exact, score=100)
[2026-09-08T12:43:33.871+0000] {matching.py:235} INFO - [230190] War for the Overworld -> War for the Overworld (status=exact, score=100)
[2026-09-08T12:43:33.872+0000] {matching.py:235} INFO - [1408680] Nine to Five -> Nine to Five (status=exact, score=100)
[2026-09-08T12:43:33.872+0000] {matching.py:235} INFO - [2200] Quake III Arena -> Quake III Arena (status=exact, score=100)
[2026-09-08T12:43:33.873+0000] {matching.py:235} INFO - [604240] Shotgun Farmers -> Shotgun Farmers (status=exact, score=100)
[2026-09-08T12:43:33.873+0000] {matching.py:235} INFO - [2088570] Tiny Rogues -> Tiny Rogues (status=exact, score=100)
[2026-09-08T12:43:33.873+0000] {matching.py:235} INFO - [1331550] Big Ambitions -> Big Ambitions (status=exact, score=100)
[2026-09-08T12:43:33.874+0000] {matching.py:235} INFO - [224960] Tomb Raider I (1996) -> Tomb Raider (status=high_confidence, score=76)
[2026-09-08T12:43:33.874+0000] {matching.py:235} INFO - [250600] The Plan -> The Plan (status=exact, score=100)
[2026-09-08T12:43:33.874+0000] {matching.py:235} INFO - [6840] Commandos 3: Destination Berlin -> Commandos 3: Destination Berlin (status=exact, score=100)
[2026-09-08T12:43:33.875+0000] {matching.py:235} INFO - [601840] Griftlands -> Griftlands (status=exact, score=100)
[2026-09-08T12:43:33.875+0000] {matching.py:235} INFO - [32510] LEGO Star Wars III - The Clone Wars -> LEGO Star Wars III - The Clone Wars (status=exact, score=100)
[2026-09-08T12:43:33.875+0000] {matching.py:235} INFO - [2334730] Death Must Die -> Death Must Die (status=exact, score=100)
[2026-09-08T12:43:33.876+0000] {matching.py:235} INFO - [268130] Heat Signature -> Heat Signature (status=exact, score=100)
[2026-09-08T12:43:33.876+0000] {matching.py:235} INFO - [22490] Fallout: New Vegas -> Fallout: New Vegas (status=exact, score=100)
[2026-09-08T12:43:33.877+0000] {matching.py:235} INFO - [1097200] Twelve Minutes -> Twelve Minutes (status=exact, score=100)
[2026-09-08T12:43:33.877+0000] {matching.py:235} INFO - [298180] The Desolate Hope -> The Desolate Hope (status=exact, score=100)
[2026-09-08T12:43:33.877+0000] {matching.py:235} INFO - [692890] Roboquest -> Roboquest (status=exact, score=100)
[2026-09-08T12:43:33.878+0000] {matching.py:235} INFO - [396160] Secret Of Magia -> Secret Of Magia (status=exact, score=100)
[2026-09-08T12:43:33.878+0000] {matching.py:235} INFO - [449680] SAMOLIOTIK -> SAMOLIOTIK (status=exact, score=100)
[2026-09-08T12:43:33.879+0000] {matching.py:235} INFO - [429470] Space Pilgrim Episode I: Alpha Centauri -> Space Pilgrim Episode I: Alpha Centauri (status=exact, score=100)
[2026-09-08T12:43:33.879+0000] {matching.py:235} INFO - [242680] Nuclear Throne -> Nuclear Throne (status=exact, score=100)
[2026-09-08T12:43:33.879+0000] {matching.py:235} INFO - [790740] Tick Tock: A Tale for Two -> Tick Tock: A Tale for Two (status=exact, score=100)
[2026-09-08T12:43:33.880+0000] {matching.py:235} INFO - [213850] Magic 2014 — Duels of the Planeswalkers -> Magic: Duels of the Planeswalkers 2015 (status=high_confidence, score=97)
[2026-09-08T12:43:33.880+0000] {matching.py:235} INFO - [334920] Zero-K -> Zero-K (status=exact, score=100)
[2026-09-08T12:43:33.880+0000] {matching.py:235} INFO - [385080] Guardians of Victoria -> Guardians of Victoria (status=exact, score=100)
[2026-09-08T12:43:33.881+0000] {matching.py:235} INFO - [8800] Civilization IV: Beyond the Sword -> Civilization IV: Beyond the Sword (status=exact, score=100)
[2026-09-08T12:43:33.881+0000] {matching.py:235} INFO - [398850] Epistory - Typing Chronicles -> Epistory - Typing Chronicles (status=exact, score=100)
[2026-09-08T12:43:33.881+0000] {matching.py:235} INFO - [2273430] BlazBlue Entropy Effect -> BlazBlue Entropy Effect (status=exact, score=100)
[2026-09-08T12:43:33.882+0000] {matching.py:235} INFO - [323060] Tharsis -> Tharsis (status=exact, score=100)
[2026-09-08T12:43:33.882+0000] {matching.py:235} INFO - [1056600] Home Sweet Home : Survive -> Home Sweet Home: Survive (status=exact, score=100)
[2026-09-08T12:43:33.882+0000] {matching.py:235} INFO - [2828860] The Forever Winter -> The Forever Winter (status=exact, score=100)
[2026-09-08T12:43:33.883+0000] {matching.py:235} INFO - [98200] Frozen Synapse -> Frozen Synapse (status=exact, score=100)
[2026-09-08T12:43:33.883+0000] {matching.py:235} INFO - [47400] Stronghold 3 Gold -> Stronghold 3 Gold (status=exact, score=100)
[2026-09-08T12:43:33.884+0000] {matching.py:235} INFO - [233980] UnEpic -> Unepic (status=exact, score=100)
[2026-09-08T12:43:33.884+0000] {matching.py:235} INFO - [667530] Drunken Wrestlers 2 -> Drunken Wrestlers 2 (status=exact, score=100)
[2026-09-08T12:43:33.884+0000] {matching.py:235} INFO - [1895880] Ratchet & Clank: Rift Apart -> Ratchet & Clank: Rift Apart (status=exact, score=100)
[2026-09-08T12:43:33.885+0000] {matching.py:235} INFO - [384180] Prominence Poker -> Prominence Poker (status=exact, score=100)
[2026-09-08T12:43:33.885+0000] {matching.py:235} INFO - [353380] Steam Link -> Steam Marines (status=review, score=70)
[2026-09-08T12:43:33.885+0000] {matching.py:235} INFO - [11610] Dragon Nest -> Dragon Nest (status=exact, score=100)
[2026-09-08T12:43:33.886+0000] {matching.py:235} INFO - [769560] 月圆之夜 (Night of Full Moon) -> Night of the Full Moon (status=high_confidence, score=90)
[2026-09-08T12:43:33.886+0000] {matching.py:235} INFO - [287920] Mortal Online -> Mortal Online (status=exact, score=100)
[2026-09-08T12:43:33.886+0000] {matching.py:235} INFO - [453090] Parkitect -> Parkitect (status=exact, score=100)
[2026-09-08T12:43:33.887+0000] {matching.py:235} INFO - [695630] Chinese Paladin：Sword and Fairy -> 仙劍奇俠傳六 (Chinese Paladin：Sword and Fairy 6) (status=high_confidence, score=97)
[2026-09-08T12:43:33.887+0000] {matching.py:235} INFO - [933820] Endzone - A World Apart -> Endzone - A World Apart (status=exact, score=100)
[2026-09-08T12:43:33.888+0000] {matching.py:235} INFO - [438020] AI: Rampage -> AI: Rampage (status=exact, score=100)
[2026-09-08T12:43:33.888+0000] {matching.py:235} INFO - [3020] Call of Juarez -> Call of Juarez (status=exact, score=100)
[2026-09-08T12:43:33.888+0000] {matching.py:235} INFO - [4770] Rome: Total War - Alexander -> Rome: Total War - Alexander (status=exact, score=100)
[2026-09-08T12:43:33.889+0000] {matching.py:235} INFO - [498240] Batman - The Telltale Series -> Batman: The Telltale Series (status=exact, score=100)
[2026-09-08T12:43:33.889+0000] {matching.py:235} INFO - [12710] Overlord: Raising Hell -> Overlord: Raising Hell (status=exact, score=100)
[2026-09-08T12:43:33.890+0000] {matching.py:235} INFO - [1170880] Grimm's Hollow -> Grimm's Hollow (status=exact, score=100)
[2026-09-08T12:43:33.890+0000] {matching.py:235} INFO - [410340] Liftoff: FPV Drone Racing -> Liftoff: Drone Racing (status=high_confidence, score=91)
[2026-09-08T12:43:33.890+0000] {matching.py:235} INFO - [214190] Minimum -> Minimum (status=exact, score=100)
[2026-09-08T12:43:33.891+0000] {matching.py:235} INFO - [341310] Greyfox RPG -> Greyfox RPG (status=exact, score=100)
[2026-09-08T12:43:33.891+0000] {matching.py:235} INFO - [667720] Red Faction Guerrilla Re-Mars-tered -> Red Faction Guerrilla Re-Mars-tered (status=exact, score=100)
[2026-09-08T12:43:33.892+0000] {matching.py:235} INFO - [495910] Dungeon Fighter Online -> Dungeon Fighter Online (status=exact, score=100)
[2026-09-08T12:43:33.892+0000] {matching.py:235} INFO - [1645820] SurrounDead -> SurrounDead (status=exact, score=100)
[2026-09-08T12:43:33.892+0000] {matching.py:235} INFO - [227180] Kingdom Wars -> Kingdom Wars (status=exact, score=100)
[2026-09-08T12:43:33.893+0000] {matching.py:235} INFO - [597760] Yuppie Psycho: Executive Edition -> Executive Execution (status=unmatched, score=60)
[2026-09-08T12:43:33.893+0000] {matching.py:235} INFO - [486310] Meadow - A Shelter Game -> Paws: A Shelter 2 Game (status=review, score=81)
[2026-09-08T12:43:33.893+0000] {matching.py:235} INFO - [1488200] Symphony of War: The Nephilim Saga -> Symphony of War: The Nephilim Saga (status=exact, score=100)
[2026-09-08T12:43:33.894+0000] {matching.py:235} INFO - [108200] Ticket to Ride: Classic Edition -> Ticket to Ride: First Journey (status=unmatched, score=66)
[2026-09-08T12:43:33.894+0000] {matching.py:235} INFO - [2270] Wolfenstein 3D -> Wolfenstein 3D (status=exact, score=100)
[2026-09-08T12:43:33.895+0000] {matching.py:235} INFO - [1649080] Two Point Campus -> Two Point Campus (status=exact, score=100)
[2026-09-08T12:43:33.895+0000] {matching.py:235} INFO - [1144400] Senren＊Banka -> Senren＊Banka (status=exact, score=100)
[2026-09-08T12:43:33.895+0000] {matching.py:235} INFO - [249590] Teslagrad -> Teslagrad (status=exact, score=100)
[2026-09-08T12:43:33.896+0000] {matching.py:235} INFO - [572890] Pikuniku -> Pikuniku (status=exact, score=100)
[2026-09-08T12:43:33.896+0000] {matching.py:235} INFO - [219780] Divinity II: Developer's Cut -> Divinity II: Developer's Cut (status=exact, score=100)
[2026-09-08T12:43:33.896+0000] {matching.py:235} INFO - [444480] Broken Dreams -> Broken Dreams (status=exact, score=100)
[2026-09-08T12:43:33.897+0000] {matching.py:235} INFO - [1608070] CRISIS CORE –FINAL FANTASY VII– REUNION -> Crisis Core: Final Fantasy VII Reunion (status=exact, score=100)
[2026-09-08T12:43:33.897+0000] {matching.py:235} INFO - [1071870] Biped -> Biped (status=exact, score=100)
[2026-09-08T12:43:33.897+0000] {matching.py:235} INFO - [874240] MU Legend -> MU Legend (status=exact, score=100)
[2026-09-08T12:43:33.898+0000] {matching.py:235} INFO - [1766740] Choo-Choo Charles -> Choo-Choo Charles (status=exact, score=100)
[2026-09-08T12:43:33.898+0000] {matching.py:235} INFO - [1448530] Soccer Manager 2021 -> Soccer Manager 2021 (status=exact, score=100)
[2026-09-08T12:43:33.898+0000] {matching.py:235} INFO - [1330470] F.I.S.T.: Forged In Shadow Torch -> F.I.S.T.: Forged In Shadow Torch (status=exact, score=100)
[2026-09-08T12:43:33.899+0000] {matching.py:235} INFO - [1273400] Construction Simulator -> Construction Simulator (status=exact, score=100)
[2026-09-08T12:43:33.899+0000] {matching.py:235} INFO - [1106850] Totally Reliable Delivery Service Beta -> Totally Reliable Delivery Service Beta (status=exact, score=100)
[2026-09-08T12:43:33.900+0000] {matching.py:235} INFO - [1372810] Teamfight Manager -> Teamfight Manager (status=exact, score=100)
[2026-09-08T12:43:33.900+0000] {matching.py:235} INFO - [1437880] Heroes of the Three Kingdoms 7 -> Heroes of the Three Kingdoms 7 (status=exact, score=100)
[2026-09-08T12:43:33.900+0000] {matching.py:235} INFO - [950100] PRO EVOLUTION SOCCER 2019 LITE -> PRO EVOLUTION SOCCER 2019 LITE (status=exact, score=100)
[2026-09-08T12:43:33.901+0000] {matching.py:235} INFO - [438640] LEGO STAR WARS: The Force Awakens -> LEGO Star Wars: The Force Awakens (status=exact, score=100)
[2026-09-08T12:43:33.901+0000] {matching.py:235} INFO - [458710] Kingdom Rush Frontiers - Tower Defense -> Kingdom Rush Frontiers (status=high_confidence, score=76)
[2026-09-08T12:43:33.902+0000] {matching.py:235} INFO - [291410] Duelyst -> Duelyst (status=exact, score=100)
[2026-09-08T12:43:33.902+0000] {matching.py:235} INFO - [611670] The Elder Scrolls V: Skyrim VR -> The Elder Scrolls V: Skyrim VR (status=exact, score=100)
[2026-09-08T12:43:33.902+0000] {matching.py:235} INFO - [588030] Derail Valley -> Derail Valley (status=exact, score=100)
[2026-09-08T12:43:33.903+0000] {matching.py:235} INFO - [356570] Party Hard -> Party Hard (status=exact, score=100)
[2026-09-08T12:43:33.903+0000] {matching.py:235} INFO - [274290] Gods Will Be Watching -> Gods Will Be Watching (status=exact, score=100)
[2026-09-08T12:43:33.904+0000] {matching.py:235} INFO - [7600] Sid Meier's Railroads! -> Sid Meier's Railroads! (status=exact, score=100)
[2026-09-08T12:43:33.904+0000] {matching.py:235} INFO - [290300] Rebel Galaxy -> Rebel Galaxy (status=exact, score=100)
[2026-09-08T12:43:33.904+0000] {matching.py:235} INFO - [1421250] Tiny Bunny -> Tiny Bunny (status=exact, score=100)
[2026-09-08T12:43:33.905+0000] {matching.py:235} INFO - [513590] So Many Cubes -> So Many Cubes (status=exact, score=100)
[2026-09-08T12:43:33.905+0000] {matching.py:235} INFO - [882790] Fate Seeker -> 天命奇御 Fate Seeker (status=exact, score=100)
[2026-09-08T12:43:33.905+0000] {matching.py:235} INFO - [897330] Coloring Pixels -> Coloring Pixels (status=exact, score=100)
[2026-09-08T12:43:33.906+0000] {matching.py:235} INFO - [2187290] Wall World -> Wall World (status=exact, score=100)
[2026-09-08T12:43:33.906+0000] {matching.py:235} INFO - [229480] Dungeons & Dragons: Chronicles of Mystara -> Dungeons & Dragons: Chronicles of Mystara (status=exact, score=100)
[2026-09-08T12:43:33.907+0000] {matching.py:235} INFO - [239120] Final Fantasy III (3D Remake) -> FINAL FANTASY III (3D REMAKE) (status=exact, score=100)
[2026-09-08T12:43:33.907+0000] {matching.py:235} INFO - [480430] Hide and Shriek -> Hide and Shriek (status=exact, score=100)
[2026-09-08T12:43:33.907+0000] {matching.py:235} INFO - [363490] Escape Machines -> Escape Machines (status=exact, score=100)
[2026-09-08T12:43:33.908+0000] {matching.py:235} INFO - [814370] Monster Sanctuary -> Monster Sanctuary (status=exact, score=100)
[2026-09-08T12:43:33.908+0000] {matching.py:235} INFO - [619150] while True: learn() -> while True: learn() (status=exact, score=100)
[2026-09-08T12:43:33.908+0000] {matching.py:235} INFO - [222940] THE KING OF FIGHTERS XIII STEAM EDITION -> The King of Fighters XIII (status=high_confidence, score=78)
[2026-09-08T12:43:33.909+0000] {matching.py:235} INFO - [44340] Operation Flashpoint: Red River -> Operation Flashpoint: Red River (status=exact, score=100)
[2026-09-08T12:43:33.909+0000] {matching.py:235} INFO - [13560] Tom Clancy's Splinter Cell -> Tom Clancy's Splinter Cell (status=exact, score=100)
[2026-09-08T12:43:33.909+0000] {matching.py:235} INFO - [315210] Suicide Squad: Kill the Justice League -> Suicide Squad: Kill The Justice League (status=exact, score=100)
[2026-09-08T12:43:33.910+0000] {matching.py:235} INFO - [454200] Neon Hardcorps -> Neon Hardcorps (status=exact, score=100)
[2026-09-08T12:43:33.910+0000] {matching.py:235} INFO - [307290] Velvet Sundown -> Velvet Sundown (status=exact, score=100)
[2026-09-08T12:43:33.911+0000] {matching.py:235} INFO - [1374490] RuneScape: Dragonwilds -> RuneScape: Dragonwilds (status=exact, score=100)
[2026-09-08T12:43:33.911+0000] {matching.py:235} INFO - [1458140] Pacific Drive -> Pacific Drive (status=exact, score=100)
[2026-09-08T12:43:33.911+0000] {matching.py:235} INFO - [2515020] FINAL FANTASY XVI -> Final Fantasy XVI (status=exact, score=100)
[2026-09-08T12:43:33.912+0000] {matching.py:235} INFO - [303210] The Beginner's Guide -> The Beginner's Guide (status=exact, score=100)
[2026-09-08T12:43:33.912+0000] {matching.py:235} INFO - [3480] Peggle Deluxe -> Peggle Deluxe (status=exact, score=100)
[2026-09-08T12:43:33.913+0000] {matching.py:235} INFO - [734750] PickCrafter -> PickCrafter (status=exact, score=100)
[2026-09-08T12:43:33.913+0000] {matching.py:235} INFO - [314650] SpaceEngine -> SpaceEngine (status=exact, score=100)
[2026-09-08T12:43:33.913+0000] {matching.py:235} INFO - [6370] Bloodline Champions -> Bloodline Champions (status=exact, score=100)
[2026-09-08T12:43:33.914+0000] {matching.py:235} INFO - [289690] LARA CROFT AND THE TEMPLE OF OSIRIS -> Lara Croft and the Temple of Osiris (status=exact, score=100)
[2026-09-08T12:43:33.914+0000] {matching.py:235} INFO - [277590] Assassin's Creed Freedom Cry -> Assassin's Creed Freedom Cry (status=exact, score=100)
[2026-09-08T12:43:33.914+0000] {matching.py:235} INFO - [33100] Alien Shooter -> Alien Shooter (status=exact, score=100)
[2026-09-08T12:43:33.915+0000] {matching.py:235} INFO - [2457220] Avowed -> Avowed (status=exact, score=100)
[2026-09-08T12:43:33.915+0000] {matching.py:235} INFO - [1577120] The Quarry -> The Quarry (status=exact, score=100)
[2026-09-08T12:43:33.916+0000] {matching.py:235} INFO - [8140] Tomb Raider: Underworld -> Tomb Raider: Underworld (status=exact, score=100)
[2026-09-08T12:43:33.916+0000] {matching.py:235} INFO - [1281630] Anno 1404 - History Edition -> Anno 1404 - History Edition (status=exact, score=100)
[2026-09-08T12:43:33.916+0000] {matching.py:235} INFO - [1403370] Zenith: Nexus -> Zenith (status=high_confidence, score=67)
[2026-09-08T12:43:33.917+0000] {matching.py:235} INFO - [469820] Genital Jousting -> Genital Jousting (status=exact, score=100)
[2026-09-08T12:43:33.917+0000] {matching.py:235} INFO - [637100] Sonic Forces -> Sonic Forces (status=exact, score=100)
[2026-09-08T12:43:33.918+0000] {matching.py:235} INFO - [70300] VVVVVV -> VVVVVV (status=exact, score=100)
[2026-09-08T12:43:33.918+0000] {matching.py:235} INFO - [266210] One Way Heroics -> One Way Heroics (status=exact, score=100)
[2026-09-08T12:43:33.918+0000] {matching.py:235} INFO - [70600] Worms Ultimate Mayhem -> Worms Ultimate Mayhem (status=exact, score=100)
[2026-09-08T12:43:33.919+0000] {matching.py:235} INFO - [2108180] Swordhaven: Iron Conspiracy -> Swordhaven: Iron Conspiracy (status=exact, score=100)
[2026-09-08T12:43:33.919+0000] {matching.py:235} INFO - [322190] SteamWorld Heist -> SteamWorld Heist (status=exact, score=100)
[2026-09-08T12:43:33.920+0000] {matching.py:235} INFO - [1216710] Cyber Manhunt -> Cyber Manhunt (status=exact, score=100)
[2026-09-08T12:43:33.920+0000] {matching.py:235} INFO - [1401590] Disney Dreamlight Valley -> Disney Dreamlight Valley (status=exact, score=100)
[2026-09-08T12:43:33.920+0000] {matching.py:235} INFO - [1282590] Train Sim World 2 -> Train Sim World 2 (status=exact, score=100)
[2026-09-08T12:43:33.921+0000] {matching.py:235} INFO - [422250] ShipLord -> ShipLord (status=exact, score=100)
[2026-09-08T12:43:33.921+0000] {matching.py:235} INFO - [928600] F1 2019 -> F1 2019 (status=exact, score=100)
[2026-09-08T12:43:33.921+0000] {matching.py:235} INFO - [1115690] Yes, Your Grace -> Yes, Your Grace (status=exact, score=100)
[2026-09-08T12:43:33.922+0000] {matching.py:235} INFO - [1111460] 小白兔电商~Bunny e-Shop -> 小白兔电商~Bunny e-Shop (status=exact, score=100)
[2026-09-08T12:43:33.922+0000] {matching.py:235} INFO - [3330] Zuma Deluxe -> Zuma Deluxe (status=exact, score=100)
[2026-09-08T12:43:33.922+0000] {matching.py:235} INFO - [1364100] Lacuna – A Sci-Fi Noir Adventure -> Lacuna – A Sci-Fi Noir Adventure (status=exact, score=100)
[2026-09-08T12:43:33.923+0000] {matching.py:235} INFO - [1164940] Trepang2 -> Trepang2 (status=exact, score=100)
[2026-09-08T12:43:33.923+0000] {matching.py:235} INFO - [6870] Battlestations: Midway -> Battlestations: Midway (status=exact, score=100)
[2026-09-08T12:43:33.923+0000] {matching.py:235} INFO - [300040] Divine Souls F2P MMO -> Divine Souls F2P MMO (status=exact, score=100)
[2026-09-08T12:43:33.924+0000] {matching.py:235} INFO - [1294660] Divine Knockout (DKO) -> Divine Knockout (DKO) (status=exact, score=100)
[2026-09-08T12:43:33.924+0000] {matching.py:235} INFO - [674140] Bugsnax -> Bugsnax (status=exact, score=100)
[2026-09-08T12:43:33.925+0000] {matching.py:235} INFO - [1373500] Mist of the Undead -> Mist of the Undead (status=exact, score=100)
[2026-09-08T12:43:33.925+0000] {matching.py:235} INFO - [394690] Tower Unite -> Tower Unite (status=exact, score=100)
[2026-09-08T12:43:33.925+0000] {matching.py:235} INFO - [474750] Reigns -> Reigns (status=exact, score=100)
[2026-09-08T12:43:33.926+0000] {matching.py:235} INFO - [303610] Suicide Guy -> Suicide Guy (status=exact, score=100)
[2026-09-08T12:43:33.926+0000] {matching.py:235} INFO - [1939970] Nobody Wants to Die -> Nobody Wants to Die (status=exact, score=100)
[2026-09-08T12:43:33.926+0000] {matching.py:235} INFO - [1240210] There Is No Game: Wrong Dimension -> There Is No Game: Wrong Dimension (status=exact, score=100)
[2026-09-08T12:43:33.927+0000] {matching.py:235} INFO - [1227530] Partisans 1941 -> Partisans 1941 (status=exact, score=100)
[2026-09-08T12:43:33.927+0000] {matching.py:235} INFO - [298050] Master of Orion -> Master of Orion (status=exact, score=100)
[2026-09-08T12:43:33.927+0000] {matching.py:235} INFO - [999730] Secret Neighbor Beta -> Secret Neighbor Beta (status=exact, score=100)
[2026-09-08T12:43:33.928+0000] {matching.py:235} INFO - [553790] Once in Yaissor -> Once in Yaissor (status=exact, score=100)
[2026-09-08T12:43:33.928+0000] {matching.py:235} INFO - [241560] The Crew -> The Crew (status=exact, score=100)
[2026-09-08T12:43:33.929+0000] {matching.py:235} INFO - [408900] Unfortunate Spacemen -> Unfortunate Spacemen (status=exact, score=100)
[2026-09-08T12:43:33.929+0000] {matching.py:235} INFO - [1150440] Aliens: Dark Descent -> Aliens: Dark Descent (status=exact, score=100)
[2026-09-08T12:43:33.929+0000] {matching.py:235} INFO - [1329500] SpiderHeck -> SpiderHeck (status=exact, score=100)
[2026-09-08T12:43:33.930+0000] {matching.py:235} INFO - [1122750] 异化之恶〇Abnormal Treatment -> 异化之恶〇Abnormal Treatment (status=exact, score=100)
[2026-09-08T12:43:33.930+0000] {matching.py:235} INFO - [513510] Intralism -> Intralism (status=exact, score=100)
[2026-09-08T12:43:33.930+0000] {matching.py:235} INFO - [665360] Comedy Night -> Comedy Night (status=exact, score=100)
[2026-09-08T12:43:33.931+0000] {matching.py:235} INFO - [1049890] Little Witch Nobeta -> Little Witch Nobeta (status=exact, score=100)
[2026-09-08T12:43:33.931+0000] {matching.py:235} INFO - [71250] Sonic Adventure DX -> Sonic Adventure Dx (status=exact, score=100)
[2026-09-08T12:43:33.931+0000] {matching.py:235} INFO - [410210] Ampersand -> Ampersand (status=exact, score=100)
[2026-09-08T12:43:33.932+0000] {matching.py:235} INFO - [707030] POSTAL 4: No Regerts -> Postal 4: No Regrets (status=high_confidence, score=95)
[2026-09-08T12:43:33.932+0000] {matching.py:235} INFO - [1465460] Infection Free Zone -> Infection Free Zone (status=exact, score=100)
[2026-09-08T12:43:33.933+0000] {matching.py:235} INFO - [91700] E.Y.E: Divine Cybermancy -> E.Y.E: Divine Cybermancy (status=exact, score=100)
[2026-09-08T12:43:33.933+0000] {matching.py:235} INFO - [98400] Hard Reset Extended Edition -> Hard Reset Extended Edition (status=exact, score=100)
[2026-09-08T12:43:33.933+0000] {matching.py:235} INFO - [1874490] Potionomics -> Potionomics (status=exact, score=100)
[2026-09-08T12:43:33.934+0000] {matching.py:235} INFO - [324310] Bus Simulator 16 -> Bus Simulator 16 (status=exact, score=100)
[2026-09-08T12:43:33.934+0000] {matching.py:235} INFO - [438180] Super Mustache -> Super Mustache (status=exact, score=100)
[2026-09-08T12:43:33.934+0000] {matching.py:235} INFO - [221260] Little Inferno -> Little Inferno (status=exact, score=100)
[2026-09-08T12:43:33.935+0000] {matching.py:235} INFO - [586380] VITATIO 2 -> VITATIO 2 (status=exact, score=100)
[2026-09-08T12:43:33.935+0000] {matching.py:235} INFO - [39690] ArcaniA -> ArcaniA (status=exact, score=100)
[2026-09-08T12:43:33.935+0000] {matching.py:235} INFO - [327640] CaesarIA -> CaesarIA (status=exact, score=100)
[2026-09-08T12:43:33.936+0000] {matching.py:235} INFO - [378760] Pixel Starships -> Pixel Starships (status=exact, score=100)
[2026-09-08T12:43:33.936+0000] {matching.py:235} INFO - [1578650] Citizen Sleeper -> Citizen Sleeper (status=exact, score=100)
[2026-09-08T12:43:33.937+0000] {matching.py:235} INFO - [258520] The Vanishing of Ethan Carter -> The Vanishing of Ethan Carter (status=exact, score=100)
[2026-09-08T12:43:33.937+0000] {matching.py:235} INFO - [1903620] Killer Frequency -> Killer Frequency (status=exact, score=100)
[2026-09-08T12:43:33.937+0000] {matching.py:235} INFO - [321400] Supraball -> Supraball (status=exact, score=100)
[2026-09-08T12:43:33.938+0000] {matching.py:235} INFO - [927380] Yakuza Kiwami 2 -> Yakuza Kiwami 2 (status=exact, score=100)
[2026-09-08T12:43:33.938+0000] {matching.py:235} INFO - [313690] LEGO Batman 3: Beyond Gotham -> LEGO Batman 3: Beyond Gotham (status=exact, score=100)
[2026-09-08T12:43:33.938+0000] {matching.py:235} INFO - [420110] NEKOPARA Vol. 2 -> NEKOPARA Vol. 2 (status=exact, score=100)
[2026-09-08T12:43:33.939+0000] {matching.py:235} INFO - [1876890] Wandering Sword -> Wandering Sword (status=exact, score=100)
[2026-09-08T12:43:33.939+0000] {matching.py:235} INFO - [1110910] Mortal Shell -> Mortal Shell (status=exact, score=100)
[2026-09-08T12:43:33.940+0000] {matching.py:235} INFO - [990630] The Last Campfire -> The Last Campfire (status=exact, score=100)
[2026-09-08T12:43:33.940+0000] {matching.py:235} INFO - [636150] Cyberhunt -> Cyberhunt (status=exact, score=100)
[2026-09-08T12:43:33.940+0000] {matching.py:235} INFO - [496240] Onward -> Onward (status=exact, score=100)
[2026-09-08T12:43:33.941+0000] {matching.py:235} INFO - [362930] Garfield Kart -> Garfield Kart (status=exact, score=100)
[2026-09-08T12:43:33.941+0000] {matching.py:235} INFO - [293760] Automation - The Car Company Tycoon Game -> Automation - The Car Company Tycoon Game (status=exact, score=100)
[2026-09-08T12:43:33.941+0000] {matching.py:235} INFO - [1281590] The Dark Pictures Anthology: House of Ashes -> The Dark Pictures Anthology: House of Ashes (status=exact, score=100)
[2026-09-08T12:43:33.942+0000] {matching.py:235} INFO - [964440] Hell is Others -> Hell is Others (status=exact, score=100)
[2026-09-08T12:43:33.942+0000] {matching.py:235} INFO - [2072450] Like a Dragon: Infinite Wealth -> Like a Dragon: Infinite Wealth (status=exact, score=100)
[2026-09-08T12:43:33.942+0000] {matching.py:235} INFO - [1436990] Feign -> Feign (status=exact, score=100)
[2026-09-08T12:43:33.943+0000] {matching.py:235} INFO - [790820] Valkyria Chronicles 4 Complete Edition -> Valkyria Chronicles II (status=review, score=73)
[2026-09-08T12:43:33.943+0000] {matching.py:235} INFO - [1241110] ANARCHY -> Anarchy (status=exact, score=100)
[2026-09-08T12:43:33.943+0000] {matching.py:235} INFO - [1840080] Homeworld 3 -> Homeworld 3 (status=exact, score=100)
[2026-09-08T12:43:33.944+0000] {matching.py:235} INFO - [535760] Unforgiving Trials: The Space Crusade -> Unforgiving Trials: The Space Crusade (status=exact, score=100)
[2026-09-08T12:43:33.944+0000] {matching.py:235} INFO - [1466640] Road 96  -> Road 96 (status=exact, score=100)
[2026-09-08T12:43:33.945+0000] {matching.py:235} INFO - [233840] Worms Clan Wars -> Worms Clan Wars (status=exact, score=100)
[2026-09-08T12:43:33.945+0000] {matching.py:235} INFO - [15170] Heroes of Might & Magic V -> Might & Magic: Heroes VI (status=high_confidence, score=91)
[2026-09-08T12:43:33.945+0000] {matching.py:235} INFO - [2620] Call of Duty (2003) -> Call of Duty (status=high_confidence, score=83)
[2026-09-08T12:43:33.946+0000] {matching.py:235} INFO - [311260] The Guild 3 -> The Guild 3 (status=exact, score=100)
[2026-09-08T12:43:33.946+0000] {matching.py:235} INFO - [1000360] Hellish Quart -> Hellish Quart (status=exact, score=100)
[2026-09-08T12:43:33.946+0000] {matching.py:235} INFO - [809140] Cliff Empire -> Cliff Empire (status=exact, score=100)
[2026-09-08T12:43:33.947+0000] {matching.py:235} INFO - [12130] Manhunt -> Manhunt (status=exact, score=100)
[2026-09-08T12:43:33.947+0000] {matching.py:235} INFO - [822240] Animal Jam -> Animal Jam (status=exact, score=100)
[2026-09-08T12:43:33.947+0000] {matching.py:235} INFO - [1009560] The Tenants -> The Tenants (status=exact, score=100)
[2026-09-08T12:43:33.948+0000] {matching.py:235} INFO - [415200] Motorsport Manager -> Motorsport Manager (status=exact, score=100)
[2026-09-08T12:43:33.948+0000] {matching.py:235} INFO - [21970] R.U.S.E. -> R.U.S.E. (status=exact, score=100)
[2026-09-08T12:43:33.949+0000] {matching.py:235} INFO - [1634680] Ficket: 追剧引擎 -> Racket: Nx (status=unmatched, score=53)
[2026-09-08T12:43:33.949+0000] {matching.py:235} INFO - [777130] Blush Blush -> Blush Blush (status=exact, score=100)
[2026-09-08T12:43:33.949+0000] {matching.py:235} INFO - [313340] Mountain -> Mountain (status=exact, score=100)
[2026-09-08T12:43:33.950+0000] {matching.py:235} INFO - [356880] Eron -> Eron (status=exact, score=100)
[2026-09-08T12:43:33.950+0000] {matching.py:235} INFO - [2415010] A Date with Death -> A Date with Death (status=exact, score=100)
[2026-09-08T12:43:33.950+0000] {matching.py:235} INFO - [270850] Car Mechanic Simulator 2014 -> Car Mechanic Simulator 2014 (status=exact, score=100)
[2026-09-08T12:43:33.951+0000] {matching.py:235} INFO - [599390] Battle for Wesnoth -> Battle for Wesnoth (status=exact, score=100)
[2026-09-08T12:43:33.951+0000] {matching.py:235} INFO - [400910] Rabi-Ribi -> Rabi-Ribi (status=exact, score=100)
[2026-09-08T12:43:33.952+0000] {matching.py:235} INFO - [463530] Empires of the Undergrowth -> Empires of the Undergrowth (status=exact, score=100)
[2026-09-08T12:43:33.952+0000] {matching.py:235} INFO - [25890] Hearts of Iron III -> Hearts of Iron III (status=exact, score=100)
[2026-09-08T12:43:33.952+0000] {matching.py:235} INFO - [732430] Superflight -> Superflight (status=exact, score=100)
[2026-09-08T12:43:33.953+0000] {matching.py:235} INFO - [258180] Deus Ex: The Fall -> Deus Ex: The Fall (status=exact, score=100)
[2026-09-08T12:43:33.953+0000] {matching.py:235} INFO - [232430] Gone Home -> Gone Home (status=exact, score=100)
[2026-09-08T12:43:33.953+0000] {matching.py:235} INFO - [2063400] Descension -> Descension (status=exact, score=100)
[2026-09-08T12:43:33.954+0000] {matching.py:235} INFO - [494840] UBOAT -> UBOAT (status=exact, score=100)
[2026-09-08T12:43:33.954+0000] {matching.py:235} INFO - [773951] Freeman: Guerrilla Warfare -> Freeman: Guerrilla Warfare (status=exact, score=100)
[2026-09-08T12:43:33.954+0000] {matching.py:235} INFO - [799600] Cosmoteer: Starship Architect & Commander -> Cosmoteer: Starship Architect & Commander (status=exact, score=100)
[2026-09-08T12:43:33.955+0000] {matching.py:235} INFO - [236430] DARK SOULS II -> Dark Souls II (status=exact, score=100)
[2026-09-08T12:43:33.955+0000] {matching.py:235} INFO - [981890] Olympic Games Tokyo 2020 – The Official Video Game -> Olympic Games Tokyo 2020 – The Official Video Game (status=exact, score=100)
[2026-09-08T12:43:33.956+0000] {matching.py:235} INFO - [349720] Audition Online -> Audition Online (status=exact, score=100)
[2026-09-08T12:43:33.956+0000] {matching.py:235} INFO - [546980] Midnight Carnival -> Midnight Carnival (status=exact, score=100)
[2026-09-08T12:43:33.956+0000] {matching.py:235} INFO - [285310] RollerCoaster Tycoon: Deluxe -> RollerCoaster Tycoon: Deluxe (status=exact, score=100)
[2026-09-08T12:43:33.957+0000] {matching.py:235} INFO - [874260] The Forgotten City -> The Forgotten City (status=exact, score=100)
[2026-09-08T12:43:33.957+0000] {matching.py:235} INFO - [263760] Turbo Dismount -> Turbo Dismount (status=exact, score=100)
[2026-09-08T12:43:33.957+0000] {matching.py:235} INFO - [898750] Super Robot Wars 30 -> Super Robot Wars 30 (status=exact, score=100)
[2026-09-08T12:43:33.958+0000] {matching.py:235} INFO - [637310] Stream Service -> Stream Service (status=exact, score=100)
[2026-09-08T12:43:33.958+0000] {matching.py:235} INFO - [245280] ENSLAVED: Odyssey to the West Premium Edition -> ENSLAVED: Odyssey to the West Premium Edition (status=exact, score=100)
[2026-09-08T12:43:33.959+0000] {matching.py:235} INFO - [756800] Contraband Police -> Contraband Police (status=exact, score=100)
[2026-09-08T12:43:33.959+0000] {matching.py:235} INFO - [1222370] Necromunda: Hired Gun -> Necromunda: Hired Gun (status=exact, score=100)
[2026-09-08T12:43:33.959+0000] {matching.py:235} INFO - [967250] DOKA 2 KISHKI EDITION -> DOKA 2 KISHKI EDITION (status=exact, score=100)
[2026-09-08T12:43:33.960+0000] {matching.py:235} INFO - [2651280] Marvel's Spider-Man 2 -> Marvel's Spider-Man 2 (status=exact, score=100)
[2026-09-08T12:43:33.960+0000] {matching.py:235} INFO - [3340270] Revelations -> Revelations (status=exact, score=100)
[2026-09-08T12:43:33.960+0000] {matching.py:235} INFO - [1486350] VRoid Studio v0.13.1 -> BIT.TRIP VOID (status=unmatched, score=47)
[2026-09-08T12:43:33.961+0000] {matching.py:235} INFO - [247950] Sacred 3 -> Sacred 3 (status=exact, score=100)
[2026-09-08T12:43:33.961+0000] {matching.py:235} INFO - [1186640] Pumpkin Jack -> Pumpkin Jack (status=exact, score=100)
[2026-09-08T12:43:33.962+0000] {matching.py:235} INFO - [776960] Mouse (Sneaking) -> Vivaland: Dream House (status=unmatched, score=47)
[2026-09-08T12:43:33.962+0000] {matching.py:235} INFO - [253250] Stonehearth -> Stonehearth (status=exact, score=100)
[2026-09-08T12:43:33.962+0000] {matching.py:235} INFO - [382110] Virtual Desktop Classic -> Virtual Desktop (status=high_confidence, score=79)
[2026-09-08T12:43:33.963+0000] {matching.py:235} INFO - [13600] Prince of Persia: The Sands of Time -> Prince of Persia: The Sands of Time (status=exact, score=100)
[2026-09-08T12:43:33.963+0000] {matching.py:235} INFO - [1140620] CosmicBreak Universal -> CosmicBreak Universal (status=exact, score=100)
[2026-09-08T12:43:33.963+0000] {matching.py:235} INFO - [314970] Age of Conquest IV -> Age of Conquest IV (status=exact, score=100)
[2026-09-08T12:43:33.964+0000] {matching.py:235} INFO - [914620] Mist Survival -> Mist Survival (status=exact, score=100)
[2026-09-08T12:43:33.964+0000] {matching.py:235} INFO - [1486920] Tempest Rising -> Tempest Rising (status=exact, score=100)
[2026-09-08T12:43:33.964+0000] {matching.py:235} INFO - [1140440] OMON Simulator -> OMON Simulator (status=exact, score=100)
[2026-09-08T12:43:33.965+0000] {matching.py:235} INFO - [427100] Fernbus Simulator -> Fernbus Simulator (status=exact, score=100)
[2026-09-08T12:43:33.965+0000] {matching.py:235} INFO - [372360] Tales of Symphonia -> Tales of Symphonia (2014) (status=high_confidence, score=88)
[2026-09-08T12:43:33.966+0000] {matching.py:235} INFO - [2796010] Party Club -> Party Club (status=exact, score=100)
[2026-09-08T12:43:33.966+0000] {matching.py:235} INFO - [205910] Tiny and Big: Grandpa's Leftovers -> Tiny and Big: Grandpa's Leftovers (status=exact, score=100)
[2026-09-08T12:43:33.966+0000] {matching.py:235} INFO - [2109460] VillageRhapsody -> VillageRhapsody (status=exact, score=100)
[2026-09-08T12:43:33.967+0000] {matching.py:235} INFO - [491530] Notruf 112 | Emergency Call 112 -> Notruf 112 | Emergency Call 112 (status=exact, score=100)
[2026-09-08T12:43:33.967+0000] {matching.py:235} INFO - [1070330] Russian Life Simulator -> Russian Life Simulator (status=exact, score=100)
[2026-09-08T12:43:33.968+0000] {matching.py:235} INFO - [2446550] STAR WARS: Battlefront Classic Collection -> STAR WARS: Battlefront Classic Collection (status=exact, score=100)
[2026-09-08T12:43:33.968+0000] {matching.py:235} INFO - [2080690] Sunkenland -> Sunkenland (status=exact, score=100)
[2026-09-08T12:43:33.968+0000] {matching.py:235} INFO - [388880] Oxenfree -> Oxenfree (status=exact, score=100)
[2026-09-08T12:43:33.969+0000] {matching.py:235} INFO - [8080] Kane and Lynch: Dead Men -> Kane and Lynch: Dead Men (status=exact, score=100)
[2026-09-08T12:43:33.969+0000] {matching.py:235} INFO - [555220] Detention -> Detention (status=exact, score=100)
[2026-09-08T12:43:33.969+0000] {matching.py:235} INFO - [213650] Dwarfs - F2P -> Dwarfs - F2P (status=exact, score=100)
[2026-09-08T12:43:33.970+0000] {matching.py:235} INFO - [1921980] Between Horizons – A Sci-Fi Detective Adventure -> Lacuna – A Sci-Fi Noir Adventure (status=unmatched, score=60)
[2026-09-08T12:43:33.970+0000] {matching.py:235} INFO - [218410] Defender's Quest: Valley of the Forgotten (DX edition) -> Defender's Quest: Valley of the Forgotten DX (status=high_confidence, score=91)
[2026-09-08T12:43:33.970+0000] {matching.py:235} INFO - [482400] System Shock -> System Shock (status=exact, score=100)
[2026-09-08T12:43:33.971+0000] {matching.py:235} INFO - [523660] HYPERCHARGE: Unboxed -> HYPERCHARGE: Unboxed (status=exact, score=100)
[2026-09-08T12:43:33.971+0000] {matching.py:235} INFO - [2810] X3: Reunion -> X3: Reunion (status=exact, score=100)
[2026-09-08T12:43:33.972+0000] {matching.py:235} INFO - [1218740] Rakion Chaos Force -> Rakion Chaos Force (status=exact, score=100)
[2026-09-08T12:43:33.972+0000] {matching.py:235} INFO - [49540] Aliens: Colonial Marines Collection -> Aliens: Colonial Marines Collection (status=exact, score=100)
[2026-09-08T12:43:33.972+0000] {matching.py:235} INFO - [1157390] King Arthur: Knight's Tale -> King Arthur: Knight's Tale (status=exact, score=100)
[2026-09-08T12:43:33.973+0000] {matching.py:235} INFO - [353130] Time of Dragons -> Time of Dragons (status=exact, score=100)
[2026-09-08T12:43:33.973+0000] {matching.py:235} INFO - [1493640] Banishers: Ghosts of New Eden -> Banishers: Ghosts of New Eden (status=exact, score=100)
[2026-09-08T12:43:33.973+0000] {matching.py:235} INFO - [107200] Space Pirates and Zombies -> Space Pirates and Zombies (status=exact, score=100)
[2026-09-08T12:43:33.974+0000] {matching.py:235} INFO - [235210] STRIDER / ストライダー飛竜 -> Strider (status=exact, score=100)
[2026-09-08T12:43:33.974+0000] {matching.py:235} INFO - [378370] Nomad -> Nomad (status=exact, score=100)
[2026-09-08T12:43:33.974+0000] {matching.py:235} INFO - [1332720] Thief Simulator 2 -> Thief Simulator 2 (status=exact, score=100)
[2026-09-08T12:43:33.975+0000] {matching.py:235} INFO - [420290] Blackwake -> Blackwake (status=exact, score=100)
[2026-09-08T12:43:33.975+0000] {matching.py:235} INFO - [737800] F1 2018 -> F1 2018 (status=exact, score=100)
[2026-09-08T12:43:33.975+0000] {matching.py:235} INFO - [592600] PRO EVOLUTION SOCCER 2018 LITE -> PRO EVOLUTION SOCCER 2018 LITE (status=exact, score=100)
[2026-09-08T12:43:33.976+0000] {matching.py:235} INFO - [375820] Human Resource Machine -> Human Resource Machine (status=exact, score=100)
[2026-09-08T12:43:33.976+0000] {matching.py:235} INFO - [1486630] Intravenous -> Intravenous (status=exact, score=100)
[2026-09-08T12:43:33.976+0000] {matching.py:235} INFO - [209540] Strike Suit Zero -> Strike Suit Zero (status=exact, score=100)
[2026-09-08T12:43:33.977+0000] {matching.py:235} INFO - [1031140] The Horus Heresy: Legions -> The Horus Heresy: Legions (status=exact, score=100)
[2026-09-08T12:43:33.977+0000] {matching.py:235} INFO - [1191840] Legend Creatures(传奇生物) -> Legend Creatures(传奇生物) (status=exact, score=100)
[2026-09-08T12:43:33.978+0000] {matching.py:235} INFO - [1562420] FOREWARNED -> FOREWARNED (status=exact, score=100)
[2026-09-08T12:43:33.978+0000] {matching.py:235} INFO - [1307890] Kingdoms Reborn -> Kingdoms Reborn (status=exact, score=100)
[2026-09-08T12:43:33.979+0000] {matching.py:235} INFO - [272470] The Incredible Adventures of Van Helsing II -> The Incredible Adventures of Van Helsing II (status=exact, score=100)
[2026-09-08T12:43:33.979+0000] {matching.py:235} INFO - [1574580] Strange Horticulture -> Strange Horticulture (status=exact, score=100)
[2026-09-08T12:43:33.979+0000] {matching.py:235} INFO - [287370] COH 2 - The Western Front Armies: US Forces -> Company of Heroes 2 - The Western Front Armies: US Forces (status=review, score=83)
[2026-09-08T12:43:33.980+0000] {matching.py:235} INFO - [3320] Insaniquarium Deluxe -> Insaniquarium Deluxe (status=exact, score=100)
[2026-09-08T12:43:33.980+0000] {matching.py:235} INFO - [9050] DOOM 3 -> Doom 3 (status=exact, score=100)
[2026-09-08T12:43:33.980+0000] {matching.py:235} INFO - [314000] Pool Nation FX Lite -> Pool Nation FX Lite (status=exact, score=100)
[2026-09-08T12:43:33.981+0000] {matching.py:235} INFO - [1594940] Little Witch in the Woods -> Little Witch in the Woods (status=exact, score=100)
[2026-09-08T12:43:33.981+0000] {matching.py:235} INFO - [35130] Lara Croft and the Guardian of Light -> Lara Croft and the Guardian of Light (status=exact, score=100)
[2026-09-08T12:43:33.981+0000] {matching.py:235} INFO - [290730] My Lands: Black Gem Hunting -> My Lands: Black Gem Hunting (status=exact, score=100)
[2026-09-08T12:43:33.982+0000] {matching.py:235} INFO - [1532690] BLACKTAIL -> Blacktail (status=exact, score=100)
[2026-09-08T12:43:33.982+0000] {matching.py:235} INFO - [104200] BEEP -> BEEP (status=exact, score=100)
[2026-09-08T12:43:33.982+0000] {matching.py:235} INFO - [338540] Navy Field 2 : Conqueror of the Ocean -> Navy Field 2: Conqueror of the Ocean (status=exact, score=100)
[2026-09-08T12:43:33.983+0000] {matching.py:235} INFO - [2870] X Rebirth -> X Rebirth (status=exact, score=100)
[2026-09-08T12:43:33.983+0000] {matching.py:235} INFO - [438680] One Troll Army -> One Troll Army (status=exact, score=100)
[2026-09-08T12:43:33.984+0000] {matching.py:235} INFO - [342980] Destination Sol -> Destination Sol (status=exact, score=100)
[2026-09-08T12:43:33.984+0000] {matching.py:235} INFO - [705220] Tactical Monsters Rumble Arena -> Tactical Monsters Rumble Arena (status=exact, score=100)
[2026-09-08T12:43:33.984+0000] {matching.py:235} INFO - [260430] The Four Kings Casino and Slots -> The Four Kings Casino and Slots (status=exact, score=100)
[2026-09-08T12:43:33.985+0000] {matching.py:235} INFO - [423710] Invasion: Brain Craving -> Invasion: Brain Craving (status=exact, score=100)
[2026-09-08T12:43:33.985+0000] {matching.py:235} INFO - [244090] Sid Meier’s Ace Patrol: Pacific Skies -> Sid Meier’s Ace Patrol: Pacific Skies (status=exact, score=100)
[2026-09-08T12:43:33.985+0000] {matching.py:235} INFO - [435120] Rusty Lake Hotel -> Rusty Lake Hotel (status=exact, score=100)
[2026-09-08T12:43:33.986+0000] {matching.py:235} INFO - [211400] Deadlight -> Deadlight (status=exact, score=100)
[2026-09-08T12:43:33.986+0000] {matching.py:235} INFO - [1811990] Wildfrost -> Wildfrost (status=exact, score=100)
[2026-09-08T12:43:33.986+0000] {matching.py:235} INFO - [2732820] The Great Rebellion -> The Great Rebellion (status=exact, score=100)
[2026-09-08T12:43:33.987+0000] {matching.py:235} INFO - [517710] Redout: Enhanced Edition -> Seven: Enhanced Edition (status=review, score=80)
[2026-09-08T12:43:33.987+0000] {matching.py:235} INFO - [70400] Recettear: An Item Shop's Tale -> Recettear: An Item Shop's Tale (status=exact, score=100)
[2026-09-08T12:43:33.988+0000] {matching.py:235} INFO - [1283220] Devolverland Expo -> Devolverland Expo (status=exact, score=100)
[2026-09-08T12:43:33.988+0000] {matching.py:235} INFO - [402560] Tabletopia -> Tabletopia (status=exact, score=100)
[2026-09-08T12:43:33.988+0000] {matching.py:235} INFO - [338180] Batla -> Batla (status=exact, score=100)
[2026-09-08T12:43:33.989+0000] {matching.py:235} INFO - [39680] The Guild II Renaissance -> The Guild II Renaissance (status=exact, score=100)
[2026-09-08T12:43:33.989+0000] {matching.py:235} INFO - [7000] Tomb Raider: Legend -> Tomb Raider: Legend (status=exact, score=100)
[2026-09-08T12:43:33.990+0000] {matching.py:235} INFO - [1286350] BPM: BULLETS PER MINUTE -> BPM: BULLETS PER MINUTE (status=exact, score=100)
[2026-09-08T12:43:33.990+0000] {matching.py:235} INFO - [433950] Bit Blaster XL -> Bit Blaster XL (status=exact, score=100)
[2026-09-08T12:43:33.990+0000] {matching.py:235} INFO - [641080] Trials Rising -> Trials Rising (status=exact, score=100)
[2026-09-08T12:43:33.991+0000] {matching.py:235} INFO - [224920] Legacy of Kain: Soul Reaver -> Legacy of Kain: Soul Reaver (status=exact, score=100)
[2026-09-08T12:43:33.991+0000] {matching.py:235} INFO - [1094710] Royal Crown -> Royal Crown (status=exact, score=100)
[2026-09-08T12:43:33.991+0000] {matching.py:235} INFO - [244050] Rise of Flight United -> Rise of Flight United (status=exact, score=100)
[2026-09-08T12:43:33.992+0000] {matching.py:235} INFO - [1238080] Burnout Paradise Remastered -> Burnout Paradise Remastered (status=exact, score=100)
[2026-09-08T12:43:33.992+0000] {matching.py:235} INFO - [403900] Clergy Splode -> Clergy Splode (status=exact, score=100)
[2026-09-08T12:43:33.992+0000] {matching.py:235} INFO - [570780] 古剑奇谭(GuJian) -> GuJian 古剑奇谭 (status=exact, score=100)
[2026-09-08T12:43:33.993+0000] {matching.py:235} INFO - [1392820] Milk inside a bag of milk inside a bag of milk -> Milk inside a bag of milk inside a bag of milk (status=exact, score=100)
[2026-09-08T12:43:33.993+0000] {matching.py:235} INFO - [45740] Dead Rising 2 -> Dead Rising 2 (status=exact, score=100)
[2026-09-08T12:43:33.993+0000] {matching.py:235} INFO - [420560] Firefighting Simulator - The Squad -> Firefighting Simulator (status=high_confidence, score=81)
[2026-09-08T12:43:33.994+0000] {matching.py:235} INFO - [603360] CryptoMoneya -> CryptoMoneya (status=exact, score=100)
[2026-09-08T12:43:33.994+0000] {matching.py:235} INFO - [205650] The Testament of Sherlock Holmes -> The Testament of Sherlock Holmes (status=exact, score=100)
[2026-09-08T12:43:33.995+0000] {matching.py:235} INFO - [341000] Mad Games Tycoon -> Mad Games Tycoon (status=exact, score=100)
[2026-09-08T12:43:33.995+0000] {matching.py:235} INFO - [665180] Dark Elf -> Dark Elf (status=exact, score=100)
[2026-09-08T12:43:33.995+0000] {matching.py:235} INFO - [261180] Lethal League -> Lethal League (status=exact, score=100)
[2026-09-08T12:43:33.996+0000] {matching.py:235} INFO - [1928980] Nightingale -> Nightingale (status=exact, score=100)
[2026-09-08T12:43:33.996+0000] {matching.py:235} INFO - [234390] Teleglitch: Die More Edition -> Teleglitch: Die More Edition (status=exact, score=100)
[2026-09-08T12:43:33.996+0000] {matching.py:235} INFO - [1112400] Project Torque - Free 2 Play MMO Racing Game -> Romans from Mars (Free-to-Play) (status=unmatched, score=46)
[2026-09-08T12:43:33.997+0000] {matching.py:235} INFO - [2909400] FINAL FANTASY VII REBIRTH -> Final Fantasy VII Rebirth (status=exact, score=100)
[2026-09-08T12:43:33.997+0000] {matching.py:235} INFO - [1948800] Yi Xian: The Cultivation Card Game -> Yi Xian: The Cultivation Card Game (status=exact, score=100)
[2026-09-08T12:43:33.998+0000] {matching.py:235} INFO - [846470] Moss VR -> Moss (status=high_confidence, score=73)
[2026-09-08T12:43:33.998+0000] {matching.py:235} INFO - [22650] Alien Breed 2: Assault -> Alien Breed 2: Assault (status=exact, score=100)
[2026-09-08T12:43:33.998+0000] {matching.py:235} INFO - [805850] Wrecked -> Wrecked (status=exact, score=100)
[2026-09-08T12:43:33.999+0000] {matching.py:235} INFO - [7650] X-COM: Terror From the Deep -> X-COM: Terror From the Deep (status=exact, score=100)
[2026-09-08T12:43:33.999+0000] {matching.py:235} INFO - [743890] Mega Man X Legacy Collection -> Mega Man X Legacy Collection (status=exact, score=100)
[2026-09-08T12:43:33.999+0000] {matching.py:235} INFO - [1048540] Kao the Kangaroo: Round 2 (2003 re-release) -> Kao the Kangaroo (2000 re-release) (status=high_confidence, score=86)
[2026-09-08T12:43:34.000+0000] {matching.py:235} INFO - [1364390] Animaze by FaceRig -> Anima: Gate of memories (status=unmatched, score=50)
[2026-09-08T12:43:34.000+0000] {matching.py:235} INFO - [1363430] Propagation VR -> Propagation VR (status=exact, score=100)
[2026-09-08T12:43:34.001+0000] {matching.py:235} INFO - [385070] Atonement: Scourge of Time -> Atonement: Scourge of Time (status=exact, score=100)
[2026-09-08T12:43:34.001+0000] {matching.py:235} INFO - [460810] Vanquish -> Vanquish (status=exact, score=100)
[2026-09-08T12:43:34.001+0000] {matching.py:235} INFO - [740250] Neos VR -> Neos VR (status=exact, score=100)
[2026-09-08T12:43:34.002+0000] {matching.py:235} INFO - [1801110] BOKURA -> BOKURA (status=exact, score=100)
[2026-09-08T12:43:34.002+0000] {matching.py:235} INFO - [293540] Guns and Robots -> Guns and Robots (status=exact, score=100)
[2026-09-08T12:43:34.003+0000] {matching.py:235} INFO - [407130] Tank Mechanic Simulator -> Tank Mechanic Simulator (status=exact, score=100)
[2026-09-08T12:43:34.003+0000] {matching.py:235} INFO - [282900] Hyperdimension Neptunia Re;Birth1 -> Hyperdimension Neptunia Re ; Birth1 (status=review, score=80)
[2026-09-08T12:43:34.003+0000] {matching.py:235} INFO - [1085510] Garfield Kart - Furious Racing -> Garfield Kart - Furious Racing (status=exact, score=100)
[2026-09-08T12:43:34.004+0000] {matching.py:235} INFO - [1069160] SKALD: Against the Black Priory -> SKALD: Against the Black Priory (status=exact, score=100)
[2026-09-08T12:43:34.004+0000] {matching.py:235} INFO - [356500] STAR WARS Galactic Battlegrounds Saga -> STAR WARS Galactic Battlegrounds Saga (status=exact, score=100)
[2026-09-08T12:43:34.004+0000] {matching.py:235} INFO - [284950] Pixel Puzzles: Japan -> Pixel Puzzles: Japan (status=exact, score=100)
[2026-09-08T12:43:34.005+0000] {matching.py:235} INFO - [447850] The Next Door -> The Next Door (status=exact, score=100)
[2026-09-08T12:43:34.005+0000] {matching.py:235} INFO - [304530] Agents of Mayhem -> Agents of Mayhem (status=exact, score=100)
[2026-09-08T12:43:34.005+0000] {matching.py:235} INFO - [1123770] Curse of the Dead Gods -> Curse of the Dead Gods (status=exact, score=100)
[2026-09-08T12:43:34.006+0000] {matching.py:235} INFO - [691260] POPULATION: ONE -> Population: One (status=exact, score=100)
[2026-09-08T12:43:34.006+0000] {matching.py:235} INFO - [690530] 灵魂筹码 Soul at Stake -> BULLET SOUL / バレットソウル -弾魂 (status=unmatched, score=50)
[2026-09-08T12:43:34.007+0000] {matching.py:235} INFO - [1275670] Outcore: Desktop Adventure -> Outcore: Desktop Adventure (status=exact, score=100)
[2026-09-08T12:43:34.007+0000] {matching.py:235} INFO - [2365810] Pseudoregalia -> Pseudoregalia (status=exact, score=100)
[2026-09-08T12:43:34.007+0000] {matching.py:235} INFO - [512790] Quern - Undying Thoughts -> Quern - Undying Thoughts (status=exact, score=100)
[2026-09-08T12:43:34.008+0000] {matching.py:235} INFO - [530330] Blameless -> Blameless (status=exact, score=100)
[2026-09-08T12:43:34.008+0000] {matching.py:235} INFO - [239430] Q.U.B.E: Director's Cut -> Q.U.B.E: Director's Cut (status=exact, score=100)
[2026-09-08T12:43:34.008+0000] {matching.py:235} INFO - [94200] Jamestown -> Jamestown Plus (status=high_confidence, score=78)
[2026-09-08T12:43:34.009+0000] {matching.py:235} INFO - [94590] Puzzle Agent 2 -> Puzzle Agent 2 (status=exact, score=100)
[2026-09-08T12:43:34.009+0000] {matching.py:235} INFO - [393530] Insanity Clicker -> Insanity Clicker (status=exact, score=100)
[2026-09-08T12:43:34.010+0000] {matching.py:235} INFO - [368990] Despair -> Despair (status=exact, score=100)
[2026-09-08T12:43:34.010+0000] {matching.py:235} INFO - [234510] Rising Storm Game of the Year Edition -> Rising Storm Game of the Year Edition (status=exact, score=100)
[2026-09-08T12:43:34.010+0000] {matching.py:235} INFO - [986130] Shadows of Doubt -> Shadows of Doubt (status=exact, score=100)
[2026-09-08T12:43:34.011+0000] {matching.py:235} INFO - [351920] Crazy Machines 3 -> Crazy Machines 3 (status=exact, score=100)
[2026-09-08T12:43:34.011+0000] {matching.py:235} INFO - [340840] The Corridor: On Behalf Of The Dead -> The Corridor: On Behalf Of The Dead (status=exact, score=100)
[2026-09-08T12:43:34.011+0000] {matching.py:235} INFO - [1293160] The Medium -> The Medium (status=exact, score=100)
[2026-09-08T12:43:34.012+0000] {matching.py:235} INFO - [1340530] Mr. Prepper: Prologue -> Mr. Prepper: Prologue (status=exact, score=100)
[2026-09-08T12:43:34.012+0000] {matching.py:235} INFO - [547960] Space Beret -> Space Beret (status=exact, score=100)
[2026-09-08T12:43:34.013+0000] {matching.py:235} INFO - [586980] MadOut2 BigCityOnline [CLOSED] -> MadOut2 BigCityOnline (status=high_confidence, score=86)
[2026-09-08T12:43:34.013+0000] {matching.py:235} INFO - [1660080] Aloft -> Aloft (status=exact, score=100)
[2026-09-08T12:43:34.013+0000] {matching.py:235} INFO - [671510] DESOLATE -> DESOLATE (status=exact, score=100)
[2026-09-08T12:43:34.014+0000] {matching.py:235} INFO - [38420] Fallout Tactics: Brotherhood of Steel -> Fallout Tactics: Brotherhood of Steel (status=exact, score=100)
[2026-09-08T12:43:34.014+0000] {matching.py:235} INFO - [607080] Psychonauts 2 -> Psychonauts 2 (status=exact, score=100)
[2026-09-08T12:43:34.014+0000] {matching.py:235} INFO - [22610] Alien Breed: Impact -> Alien Breed: Impact (status=exact, score=100)
[2026-09-08T12:43:34.015+0000] {matching.py:235} INFO - [357190] ULTIMATE MARVEL VS. CAPCOM 3 -> Ultimate Marvel vs. Capcom 3 (status=exact, score=100)
[2026-09-08T12:43:34.015+0000] {matching.py:235} INFO - [1296610] Peglin -> Peglin (status=exact, score=100)
[2026-09-08T12:43:34.015+0000] {matching.py:235} INFO - [977880] Eastward -> Eastward (status=exact, score=100)
[2026-09-08T12:43:34.016+0000] {matching.py:235} INFO - [1792250] Serious Sam: Siberian Mayhem -> Serious Sam: Siberian Mayhem (status=exact, score=100)
[2026-09-08T12:43:34.016+0000] {matching.py:235} INFO - [1096710] Hello Neighbor Alpha 4 -> Hello Neighbor Alpha 4 (status=exact, score=100)
[2026-09-08T12:43:34.016+0000] {matching.py:235} INFO - [298160] Eldevin -> Eldevin (status=exact, score=100)
[2026-09-08T12:43:34.017+0000] {matching.py:235} INFO - [385730] WWE 2K16 -> WWE 2K16 (status=exact, score=100)
[2026-09-08T12:43:34.017+0000] {matching.py:235} INFO - [1364020] Boundary -> Boundary (status=exact, score=100)
[2026-09-08T12:43:34.018+0000] {matching.py:235} INFO - [824270] KovaaK's -> Kovacs (status=review, score=77)
[2026-09-08T12:43:34.018+0000] {matching.py:235} INFO - [1179680] Wurm Online -> Wurm Online (status=exact, score=100)
[2026-09-08T12:43:34.018+0000] {matching.py:235} INFO - [8600] RACE 07 -> RACE 07 (status=exact, score=100)
[2026-09-08T12:43:34.019+0000] {matching.py:235} INFO - [442070] Drawful 2 -> Drawful 2 (status=exact, score=100)
[2026-09-08T12:43:34.019+0000] {matching.py:235} INFO - [2015270] Rotwood -> Rotwood (status=exact, score=100)
[2026-09-08T12:43:34.019+0000] {matching.py:235} INFO - [318600] The Flame in the Flood -> The Flame in the Flood (status=exact, score=100)
[2026-09-08T12:43:34.020+0000] {matching.py:235} INFO - [883860] Cadria Item Shop -> Cadria Item Shop (status=exact, score=100)
[2026-09-08T12:43:34.020+0000] {matching.py:235} INFO - [226580] F1 2014 -> F1 2014 (status=exact, score=100)
[2026-09-08T12:43:34.020+0000] {matching.py:235} INFO - [1079260] Fireworks Mania - An Explosive Simulator -> Fireworks Mania - An Explosive Simulator (status=exact, score=100)
[2026-09-08T12:43:34.021+0000] {matching.py:235} INFO - [214770] Guacamelee! Gold Edition -> Guacamelee! Gold Edition (status=exact, score=100)
[2026-09-08T12:43:34.021+0000] {matching.py:235} INFO - [418030] Subsistence -> Subsistence (status=exact, score=100)
[2026-09-08T12:43:34.022+0000] {matching.py:235} INFO - [402710] Osiris: New Dawn -> Osiris: New Dawn (status=exact, score=100)
[2026-09-08T12:43:34.022+0000] {matching.py:235} INFO - [2294450] CaseCracker2 -> CaseCracker2 (status=exact, score=100)
[2026-09-08T12:43:34.022+0000] {matching.py:235} INFO - [673750] Super Bunny Man -> Super Bunny Man (status=exact, score=100)
[2026-09-08T12:43:34.023+0000] {matching.py:235} INFO - [449200] Calcu-Late -> Calcu-Late (status=exact, score=100)
[2026-09-08T12:43:34.023+0000] {matching.py:235} INFO - [1281800] Samsara Room -> Samsara Room (status=exact, score=100)
[2026-09-08T12:43:34.023+0000] {matching.py:235} INFO - [2194780] BeachHead Rogue -> BeachHead Rogue (status=exact, score=100)
[2026-09-08T12:43:34.024+0000] {matching.py:235} INFO - [1353300] Idle Slayer -> Idle Slayer (status=exact, score=100)
[2026-09-08T12:43:34.024+0000] {matching.py:235} INFO - [562860] Ion Fury -> Ion Fury (status=exact, score=100)
[2026-09-08T12:43:34.024+0000] {matching.py:235} INFO - [34010] Alpha Protocol -> Alpha Protocol (status=exact, score=100)
[2026-09-08T12:43:34.025+0000] {matching.py:235} INFO - [1504570] Cultivation Tales -> Sammy's Cultivation (status=review, score=80)
[2026-09-08T12:43:34.025+0000] {matching.py:235} INFO - [436180] Spacelords -> Spacelords (status=exact, score=100)
[2026-09-08T12:43:34.025+0000] {matching.py:235} INFO - [1218210] Coromon -> Coromon (status=exact, score=100)
[2026-09-08T12:43:34.026+0000] {matching.py:235} INFO - [872670] SCP: 5K -> SCP: Blackout (status=unmatched, score=56)
[2026-09-08T12:43:34.026+0000] {matching.py:235} INFO - [421120] Samorost 3 -> Samorost 3 (status=exact, score=100)
[2026-09-08T12:43:34.027+0000] {matching.py:235} INFO - [353640] Train Valley -> Train Valley (status=exact, score=100)
[2026-09-08T12:43:34.027+0000] {matching.py:235} INFO - [266410] iRacing -> iRacing (status=exact, score=100)
[2026-09-08T12:43:34.027+0000] {matching.py:235} INFO - [2172180] Howl -> Howl (status=exact, score=100)
[2026-09-08T12:43:34.028+0000] {matching.py:235} INFO - [1129310] Receiver 2 -> Receiver 2 (status=exact, score=100)
[2026-09-08T12:43:34.028+0000] {matching.py:235} INFO - [333600] NEKOPARA Vol. 1 -> NEKOPARA Vol. 1 (status=exact, score=100)
[2026-09-08T12:43:34.028+0000] {matching.py:235} INFO - [2967460] RED TREES RAIL. CO. -> RED TREES RAIL. CO. (status=exact, score=100)
[2026-09-08T12:43:34.029+0000] {matching.py:235} INFO - [929010] Swag and Sorcery -> Swag and Sorcery (status=exact, score=100)
[2026-09-08T12:43:34.029+0000] {matching.py:235} INFO - [785740] This Is the Police 2 -> This Is the Police 2 (status=exact, score=100)
[2026-09-08T12:43:34.030+0000] {matching.py:235} INFO - [723780] Modern Combat Versus -> Modern Combat Versus (status=exact, score=100)
[2026-09-08T12:43:34.030+0000] {matching.py:235} INFO - [1571440] Lunch Lady -> Lunch Lady (status=exact, score=100)
[2026-09-08T12:43:34.030+0000] {matching.py:235} INFO - [313730] Sunrider: Mask of Arcadius -> Sunrider: Mask of Arcadius (status=exact, score=100)
[2026-09-08T12:43:34.031+0000] {matching.py:235} INFO - [248550] Megabyte Punch -> Megabyte Punch (status=exact, score=100)
[2026-09-08T12:43:34.031+0000] {matching.py:235} INFO - [1275890] Baldi's Basics Plus -> Baldi's Basics Plus (status=exact, score=100)
[2026-09-08T12:43:34.031+0000] {matching.py:235} INFO - [1135230] Ember Knights -> Ember Knights (status=exact, score=100)
[2026-09-08T12:43:34.032+0000] {matching.py:235} INFO - [1963040] The Lost Village -> The Lost Village (status=exact, score=100)
[2026-09-08T12:43:34.032+0000] {matching.py:235} INFO - [344760] Reign Of Kings -> Reign Of Kings (status=exact, score=100)
[2026-09-08T12:43:34.032+0000] {matching.py:235} INFO - [675260] Batman: The Enemy Within - The Telltale Series -> Batman: The Telltale Series (status=review, score=75)
[2026-09-08T12:43:34.033+0000] {matching.py:235} INFO - [893180] Catherine Classic -> Catherine (status=high_confidence, score=69)
[2026-09-08T12:43:34.033+0000] {matching.py:235} INFO - [919640] Steel Division 2 -> Steel Division 2 (status=exact, score=100)
[2026-09-08T12:43:34.034+0000] {matching.py:235} INFO - [1276790] Ruined King: A League of Legends Story -> Ruined King: A League of Legends Story (status=exact, score=100)
[2026-09-08T12:43:34.034+0000] {matching.py:235} INFO - [1506630] Minicraft Shooter -> Minicraft Shooter (status=exact, score=100)
[2026-09-08T12:43:34.034+0000] {matching.py:235} INFO - [12360] FlatOut: Ultimate Carnage Collector's Edition -> FlatOut: Ultimate Carnage — Collector's Edition (status=exact, score=100)
[2026-09-08T12:43:34.035+0000] {matching.py:235} INFO - [316790] Grim Fandango Remastered -> Grim Fandango Remastered (status=exact, score=100)
[2026-09-08T12:43:34.035+0000] {matching.py:235} INFO - [1583230] High On Life -> High on Life (status=exact, score=100)
[2026-09-08T12:43:34.036+0000] {matching.py:235} INFO - [624270] The Painscreek Killings -> The Painscreek Killings (status=exact, score=100)
[2026-09-08T12:43:34.037+0000] {matching.py:235} INFO - [1098292] DOOM Eternal: The Ancient Gods - Part One -> Doom Eternal: The Ancient Gods - Part One (status=exact, score=100)
[2026-09-08T12:43:34.037+0000] {matching.py:235} INFO - [629380] Cosmic Pioneer -> Cosmic Pioneer (status=exact, score=100)
[2026-09-08T12:43:34.038+0000] {matching.py:235} INFO - [656350] UnderMine -> UnderMine (status=exact, score=100)
[2026-09-08T12:43:34.038+0000] {matching.py:235} INFO - [1173820] FINAL FANTASY VI -> FINAL FANTASY VI (status=exact, score=100)
[2026-09-08T12:43:34.038+0000] {matching.py:235} INFO - [587790] Deadly Animal Duel -> Deadly Animal Duel (status=exact, score=100)
[2026-09-08T12:43:34.039+0000] {matching.py:235} INFO - [314020] Morphopolis -> Morphopolis (status=exact, score=100)
[2026-09-08T12:43:34.039+0000] {matching.py:235} INFO - [1761390] Hatsune Miku: Project DIVA Mega Mix+ -> Hatsune Miku: Project DIVA Mega Mix+ (status=exact, score=100)
[2026-09-08T12:43:34.039+0000] {matching.py:235} INFO - [1114940] I Wanna Maker -> I Wanna Maker (status=exact, score=100)
[2026-09-08T12:43:34.040+0000] {matching.py:235} INFO - [406970] The Uncertain: Last Quiet Day -> The Uncertain: Last Quiet Day (status=exact, score=100)
[2026-09-08T12:43:34.040+0000] {matching.py:235} INFO - [677160] We Were Here Too -> We Were Here Too (status=exact, score=100)
[2026-09-08T12:43:34.040+0000] {matching.py:235} INFO - [202530] Sonic the Hedgehog 4 - Episode I -> Sonic the Hedgehog 4 - Episode I (status=exact, score=100)
[2026-09-08T12:43:34.041+0000] {matching.py:235} INFO - [24840] Medal of Honor: Airborne -> Medal of Honor: Airborne (status=exact, score=100)
[2026-09-08T12:43:34.041+0000] {matching.py:235} INFO - [337340] Finding Paradise -> Finding Paradise (status=exact, score=100)
[2026-09-08T12:43:34.042+0000] {matching.py:235} INFO - [319150] Hazard Ops -> Hazard Ops (status=exact, score=100)
[2026-09-08T12:43:34.042+0000] {matching.py:235} INFO - [1158980] Idle Big Devil -> Idle Big Devil (status=exact, score=100)
[2026-09-08T12:43:34.042+0000] {matching.py:235} INFO - [24800] Command & Conquer: Red Alert 3 - Uprising -> Command & Conquer: Red Alert 3 - Uprising (status=exact, score=100)
[2026-09-08T12:43:34.043+0000] {matching.py:235} INFO - [200940] Sonic CD -> Sonic CD (status=exact, score=100)
[2026-09-08T12:43:34.043+0000] {matching.py:235} INFO - [846770] DYSMANTLE -> DYSMANTLE (status=exact, score=100)
[2026-09-08T12:43:34.043+0000] {matching.py:235} INFO - [1335790] Operation: Tango -> Operation: Tango (status=exact, score=100)
[2026-09-08T12:43:34.044+0000] {matching.py:235} INFO - [295790] Never Alone (Kisima Ingitchuna) -> Never Alone: Ki Edition (status=review, score=71)
[2026-09-08T12:43:34.044+0000] {matching.py:235} INFO - [388210] Day of the Tentacle Remastered -> Day of the Tentacle Remastered (status=exact, score=100)
[2026-09-08T12:43:34.044+0000] {matching.py:235} INFO - [355790] Styx: Shards of Darkness -> Styx: Shards of Darkness (status=exact, score=100)
[2026-09-08T12:43:34.045+0000] {matching.py:235} INFO - [267530] The LEGO Movie - Videogame -> The LEGO Movie - Videogame (status=exact, score=100)
[2026-09-08T12:43:34.045+0000] {matching.py:235} INFO - [24780] SimCity 4 Deluxe Edition -> SimCity 4 Deluxe Edition (status=exact, score=100)
[2026-09-08T12:43:34.046+0000] {matching.py:235} INFO - [211740] Thief II: The Metal Age -> Thief II: The Metal Age (status=exact, score=100)
[2026-09-08T12:43:34.046+0000] {matching.py:235} INFO - [1000010] Crown Trick -> Crown Trick (status=exact, score=100)
[2026-09-08T12:43:34.046+0000] {matching.py:235} INFO - [224940] Legacy of Kain: Soul Reaver 2 (2001) -> Legacy of Kain: Soul Reaver 2 (status=high_confidence, score=92)
[2026-09-08T12:43:34.047+0000] {matching.py:235} INFO - [900270] Reventure -> Reventure (status=exact, score=100)
[2026-09-08T12:43:34.047+0000] {matching.py:235} INFO - [334310] Plebby Quest: The Crusades -> Plebby Quest: The Crusades (status=exact, score=100)
[2026-09-08T12:43:34.047+0000] {matching.py:235} INFO - [435790] 10 Second Ninja X -> 10 Second Ninja X (status=exact, score=100)
[2026-09-08T12:43:34.048+0000] {matching.py:235} INFO - [434460] Rock of Ages 2: Bigger & Boulder -> Rock of Ages 2: Bigger & Boulder (status=exact, score=100)
[2026-09-08T12:43:34.048+0000] {matching.py:235} INFO - [301970] Screencheat -> Screencheat (status=exact, score=100)
[2026-09-08T12:43:34.048+0000] {matching.py:235} INFO - [438480] Rock 'N' Roll Defense -> Rock 'N' Roll Defense (status=exact, score=100)
[2026-09-08T12:43:34.049+0000] {matching.py:235} INFO - [2683150] Ale & Tale Tavern -> Ale & Tale Tavern: First Pints (status=high_confidence, score=71)
[2026-09-08T12:43:34.049+0000] {matching.py:235} INFO - [2128940] THE 4 SINS -> THE 4 SINS (status=exact, score=100)
[2026-09-08T12:43:34.050+0000] {matching.py:235} INFO - [420740] The Deed -> The Deed (status=exact, score=100)
[2026-09-08T12:43:34.050+0000] {matching.py:235} INFO - [1880330] Sanfu -> Sanfu (status=exact, score=100)
[2026-09-08T12:43:34.050+0000] {matching.py:235} INFO - [569860] Thimbleweed Park -> Thimbleweed Park (status=exact, score=100)
[2026-09-08T12:43:34.051+0000] {matching.py:235} INFO - [588140] ESCAPE FROM VOYNA: Dead Forest -> ESCAPE FROM VOYNA: Dead Forest (status=exact, score=100)
[2026-09-08T12:43:34.051+0000] {matching.py:235} INFO - [215510] Rocketbirds: Hardboiled Chicken -> Rocketbirds: Hardboiled Chicken (status=exact, score=100)
[2026-09-08T12:43:34.052+0000] {matching.py:235} INFO - [1072420] DRAGON QUEST BUILDERS 2 -> Dragon Quest Builders 2 (status=exact, score=100)
[2026-09-08T12:43:34.052+0000] {matching.py:235} INFO - [65780] ARMA: Gold Edition -> ARMA: Gold Edition (status=exact, score=100)
[2026-09-08T12:43:34.052+0000] {matching.py:235} INFO - [586140] BlazBlue Centralfiction -> BlazBlue: Central Fiction (status=high_confidence, score=98)
[2026-09-08T12:43:34.053+0000] {matching.py:235} INFO - [1519350] Madden NFL 22 -> Madden NFL 22 (status=exact, score=100)
[2026-09-08T12:43:34.053+0000] {matching.py:235} INFO - [1197570] Until We Die -> Until We Die (status=exact, score=100)
[2026-09-08T12:43:34.053+0000] {matching.py:235} INFO - [218740] Pid -> Pid (status=exact, score=100)
[2026-09-08T12:43:34.054+0000] {matching.py:235} INFO - [7830] Men of War -> Men of War (status=exact, score=100)
[2026-09-08T12:43:34.054+0000] {matching.py:235} INFO - [1367590] Tormented Souls -> Tormented Souls (status=exact, score=100)
[2026-09-08T12:43:34.054+0000] {matching.py:235} INFO - [812810] missed messages. -> missed messages. (status=exact, score=100)
[2026-09-08T12:43:34.055+0000] {matching.py:235} INFO - [1604000] Milk outside a bag of milk outside a bag of milk -> Milk outside a bag of milk outside a bag of milk (status=exact, score=100)
[2026-09-08T12:43:34.055+0000] {matching.py:235} INFO - [332500] GRAV -> GRAV (status=exact, score=100)
[2026-09-08T12:43:34.055+0000] {matching.py:235} INFO - [2665680] Tower of Babel: Survivors of Chaos -> Tower of Babel: Survivors of Chaos (status=exact, score=100)
[2026-09-08T12:43:34.056+0000] {matching.py:235} INFO - [218510] Planets Under Attack -> Planets Under Attack (status=exact, score=100)
[2026-09-08T12:43:34.056+0000] {matching.py:235} INFO - [488210] JDM Tuner Racing -> JDM Tuner Racing (status=exact, score=100)
[2026-09-08T12:43:34.056+0000] {matching.py:235} INFO - [1615290] Ravenous Devils -> Ravenous Devils (status=exact, score=100)
[2026-09-08T12:43:34.057+0000] {matching.py:235} INFO - [563120] Desolate Wastes: Vendor Chronicles -> Desolate Wastes: Vendor Chronicles (status=exact, score=100)
[2026-09-08T12:43:34.057+0000] {matching.py:235} INFO - [1036890] Shadow Warrior 3: Definitive Edition -> Hyrule Warriors: Definitive Edition (status=review, score=81)
[2026-09-08T12:43:34.058+0000] {matching.py:235} INFO - [311730] DEAD OR ALIVE 5 Last Round: Core Fighters -> DEAD OR ALIVE 5 Last Round: Core Fighters (status=exact, score=100)
[2026-09-08T12:43:34.058+0000] {matching.py:235} INFO - [1590910] Forgive Me Father -> Forgive Me Father (status=exact, score=100)
[2026-09-08T12:43:34.058+0000] {matching.py:235} INFO - [575860] Tomb Joe -> Tomb Joe (status=exact, score=100)
[2026-09-08T12:43:34.059+0000] {matching.py:235} INFO - [6830] Commandos 2: Men of Courage -> Commandos 2: Men of Courage (status=exact, score=100)
[2026-09-08T12:43:34.059+0000] {matching.py:235} INFO - [383270] Hue -> Hue (status=exact, score=100)
[2026-09-08T12:43:34.059+0000] {matching.py:235} INFO - [1286580] Ship of Fools -> Ship of Fools (status=exact, score=100)
[2026-09-08T12:43:34.060+0000] {matching.py:235} INFO - [1579380] Shadow Tactics: Aiko's Choice -> Shadow Tactics: Aiko's Choice (status=exact, score=100)
[2026-09-08T12:43:34.060+0000] {matching.py:235} INFO - [1371580] Myth of Empires -> Myth of Empires (status=exact, score=100)
[2026-09-08T12:43:34.060+0000] {matching.py:235} INFO - [239250] Castlevania: Lords of Shadow 2 -> Castlevania: Lords of Shadow 2 (status=exact, score=100)
[2026-09-08T12:43:34.061+0000] {matching.py:235} INFO - [792300] The Beast Inside -> The Beast Inside (status=exact, score=100)
[2026-09-08T12:43:34.061+0000] {matching.py:235} INFO - [220860] McPixel -> McPixel (status=exact, score=100)
[2026-09-08T12:43:34.062+0000] {matching.py:235} INFO - [375950] Viridi -> Viridi (status=exact, score=100)
[2026-09-08T12:43:34.062+0000] {matching.py:235} INFO - [225600] Blade Symphony -> Blade Symphony (status=exact, score=100)
[2026-09-08T12:43:34.062+0000] {matching.py:235} INFO - [1166290] Death and Taxes -> Death and Taxes (status=exact, score=100)
[2026-09-08T12:43:34.063+0000] {matching.py:235} INFO - [1110390] Unturned - Dedicated Server -> The Bus - Dedicated Server (status=review, score=78)
[2026-09-08T12:43:34.063+0000] {matching.py:235} INFO - [426000] HunieCam Studio -> HunieCam Studio (status=exact, score=100)
[2026-09-08T12:43:34.063+0000] {matching.py:235} INFO - [402390] Hyperdrive Massacre -> Hyperdrive Massacre (status=exact, score=100)
[2026-09-08T12:43:34.064+0000] {matching.py:235} INFO - [2475490] Mouthwashing -> Mouthwashing (status=exact, score=100)
[2026-09-08T12:43:34.064+0000] {matching.py:235} INFO - [1546970] Grand Theft Auto III – The Definitive Edition -> Grand Theft Auto III: The Definitive Edition (status=exact, score=100)
[2026-09-08T12:43:34.064+0000] {matching.py:235} INFO - [280180] Hover -> HOVER (status=exact, score=100)
[2026-09-08T12:43:34.065+0000] {matching.py:235} INFO - [1849250] EA SPORTS WRC -> EA Sports WRC 24 (status=high_confidence, score=90)
[2026-09-08T12:43:34.065+0000] {matching.py:235} INFO - [1237320] Sonic Frontiers -> Sonic Frontiers (status=exact, score=100)
[2026-09-08T12:43:34.065+0000] {matching.py:235} INFO - [278460] Skyborn -> Skyborn (status=exact, score=100)
[2026-09-08T12:43:34.066+0000] {matching.py:235} INFO - [730310] DYNASTY WARRIORS 9 -> DYNASTY WARRIORS 9 (status=exact, score=100)
[2026-09-08T12:43:34.066+0000] {matching.py:235} INFO - [643270] OLDTV -> OLDTV (status=exact, score=100)
[2026-09-08T12:43:34.066+0000] {matching.py:235} INFO - [1119980] In Sound Mind -> In Sound Mind (status=exact, score=100)
[2026-09-08T12:43:34.067+0000] {matching.py:235} INFO - [1078730] Soccer Manager 2020 -> Soccer Manager 2020 (status=exact, score=100)
[2026-09-08T12:43:34.067+0000] {matching.py:235} INFO - [714120] Little Misfortune -> Little Misfortune (status=exact, score=100)
[2026-09-08T12:43:34.068+0000] {matching.py:235} INFO - [680780] DEATH TRAIN - Warning: Unsafe VR Experience -> DEATH TRAIN - Warning: Unsafe VR Experience (status=exact, score=100)
[2026-09-08T12:43:34.068+0000] {matching.py:235} INFO - [501080] Fishing: Barents Sea -> Fishing: Barents Sea (status=exact, score=100)
[2026-09-08T12:43:34.068+0000] {matching.py:235} INFO - [1812450] Bellwright -> Bellwright (status=exact, score=100)
[2026-09-08T12:43:34.069+0000] {matching.py:235} INFO - [207690] Botanicula -> Botanicula (status=exact, score=100)
[2026-09-08T12:43:34.069+0000] {matching.py:235} INFO - [236370] Interstellar Marines -> Interstellar Marines (status=exact, score=100)
[2026-09-08T12:43:34.069+0000] {matching.py:235} INFO - [1339140] BATTLE OF REBELS -> BATTLE OF REBELS (status=exact, score=100)
[2026-09-08T12:43:34.070+0000] {matching.py:235} INFO - [757240] Aimtastic -> Aimtastic (status=exact, score=100)
[2026-09-08T12:43:34.070+0000] {matching.py:235} INFO - [705210] Cube Racer -> Cube Racer (status=exact, score=100)
[2026-09-08T12:43:34.071+0000] {matching.py:235} INFO - [1568440] Sands of Fire -> Sands of Fire (status=exact, score=100)
[2026-09-08T12:43:34.071+0000] {matching.py:235} INFO - [1178030] Star Fetchers -> Star Fetchers (status=exact, score=100)
[2026-09-08T12:43:34.071+0000] {matching.py:235} INFO - [699170] Fell Seal: Arbiter's Mark -> Fell Seal: Arbiter's Mark (status=exact, score=100)
[2026-09-08T12:43:34.072+0000] {matching.py:235} INFO - [250340] Blockland -> Blockland (status=exact, score=100)
[2026-09-08T12:43:34.072+0000] {matching.py:235} INFO - [365960] rFactor 2 -> rFactor 2 (status=exact, score=100)
[2026-09-08T12:43:34.072+0000] {matching.py:235} INFO - [2878200] Supreme Ruler Global Outbreak -> Supreme Ruler Global Outbreak (status=exact, score=100)
[2026-09-08T12:43:34.073+0000] {matching.py:235} INFO - [1179580] KAKU: Ancient Seal -> KAKU: Ancient Seal (status=exact, score=100)
[2026-09-08T12:43:34.073+0000] {matching.py:235} INFO - [251150] The Legend of Heroes: Trails in the Sky -> The Legend of Heroes: Trails in the Sky (status=exact, score=100)
[2026-09-08T12:43:34.073+0000] {matching.py:235} INFO - [587860] Tales of Escape -> Tales of Escape (status=exact, score=100)
[2026-09-08T12:43:34.074+0000] {matching.py:235} INFO - [2361390] 全球戒备 -> 全球戒备 (status=exact, score=100)
[2026-09-08T12:43:34.074+0000] {matching.py:235} INFO - [2302660] Homicipher -> Homicipher (status=exact, score=100)
[2026-09-08T12:43:34.075+0000] {matching.py:235} INFO - [2695940] PANICORE -> PANICORE (status=exact, score=100)
[2026-09-08T12:43:34.075+0000] {matching.py:235} INFO - [1286530] Black Skylands: Origins -> Black Skylands: Origins (status=exact, score=100)
[2026-09-08T12:43:34.075+0000] {matching.py:235} INFO - [26900] Crayon Physics Deluxe -> Crayon Physics Deluxe (status=exact, score=100)
[2026-09-08T12:43:34.076+0000] {matching.py:235} INFO - [1477830] HudSight - crosshair overlay -> Avoid - Sensory Overload (status=unmatched, score=46)
[2026-09-08T12:43:34.076+0000] {matching.py:235} INFO - [963330] Nya Nya Nya Girls (ʻʻʻ)_(=^･ω･^=)_(ʻʻʻ) -> Nya Nya Nya Girls (ʻʻʻ)_(=^･ω･^=)_(ʻʻʻ) (status=exact, score=100)
[2026-09-08T12:43:34.076+0000] {matching.py:235} INFO - [222750] Wargame: Airland Battle -> Wargame: Airland Battle (status=exact, score=100)
[2026-09-08T12:43:34.077+0000] {matching.py:235} INFO - [449140] Istrolid -> Istrolid (status=exact, score=100)
[2026-09-08T12:43:34.077+0000] {matching.py:235} INFO - [1342330] Mad Games Tycoon 2 -> Mad Games Tycoon 2 (status=exact, score=100)
[2026-09-08T12:43:34.077+0000] {matching.py:235} INFO - [218820] Mercenary Kings: Reloaded Edition -> Mercenary Kings Reloaded (status=high_confidence, score=86)
[2026-09-08T12:43:34.078+0000] {matching.py:235} INFO - [215930] Jagged Alliance 2 - Wildfire -> Jagged Alliance 2 - Wildfire (status=exact, score=100)
[2026-09-08T12:43:34.078+0000] {matching.py:235} INFO - [1032430] Blood Trail -> Blood Trail (status=exact, score=100)
[2026-09-08T12:43:34.079+0000] {matching.py:235} INFO - [1172650] INDUSTRIA -> Industria (status=exact, score=100)
[2026-09-08T12:43:34.079+0000] {matching.py:235} INFO - [40960] Stronghold 2: Steam Edition -> Stronghold: Definitive Edition (status=unmatched, score=69)
[2026-09-08T12:43:34.079+0000] {matching.py:235} INFO - [688420] Bad North: Jotunn Edition -> Bad North: Jotunn Edition (status=exact, score=100)
[2026-09-08T12:43:34.080+0000] {matching.py:235} INFO - [292410] Street Racing Syndicate -> Street Racing Syndicate (status=exact, score=100)
[2026-09-08T12:43:34.080+0000] {matching.py:235} INFO - [1150760] Gloomwood -> Gloomwood (status=exact, score=100)
[2026-09-08T12:43:34.080+0000] {matching.py:235} INFO - [1191330] Inferna -> Inferna (status=exact, score=100)
[2026-09-08T12:43:34.081+0000] {matching.py:235} INFO - [1407530] Warrior Beneath Heaven -> Warrior Beneath Heaven (status=exact, score=100)
[2026-09-08T12:43:34.081+0000] {matching.py:235} INFO - [266310] GameGuru Classic -> Mob Rule Classic (status=unmatched, score=69)
[2026-09-08T12:43:34.081+0000] {matching.py:235} INFO - [2531310] The Last of Us Part II Remastered -> The Last of Us Part II Remastered (status=exact, score=100)
[2026-09-08T12:43:34.082+0000] {matching.py:235} INFO - [924140] Hand Simulator: Survival -> Hand Simulator: Survival (status=exact, score=100)
[2026-09-08T12:43:34.082+0000] {matching.py:235} INFO - [425580] The Room Two -> The Room Two (status=exact, score=100)
[2026-09-08T12:43:34.083+0000] {matching.py:235} INFO - [239660] Soldier Front 2 -> Soldier Front 2 (status=exact, score=100)
[2026-09-08T12:43:34.083+0000] {matching.py:235} INFO - [1160220] Paradise Killer -> Paradise Killer (status=exact, score=100)
[2026-09-08T12:43:34.083+0000] {matching.py:235} INFO - [1129190] Our Life: Beginnings & Always -> Our Life: Beginnings & Always (status=exact, score=100)
[2026-09-08T12:43:34.084+0000] {matching.py:235} INFO - [9310] Warhammer 40,000: Dawn of War – Winter Assault -> Warhammer 40,000: Dawn of War – Winter Assault (status=exact, score=100)
[2026-09-08T12:43:34.084+0000] {matching.py:235} INFO - [952070] RESIDENT EVIL RESISTANCE -> Resident Evil: Resistance (status=exact, score=100)
[2026-09-08T12:43:34.085+0000] {matching.py:235} INFO - [2059790] 再刷一把 PlayAgain -> 再刷一把 PlayAgain (status=exact, score=100)
[2026-09-08T12:43:34.085+0000] {matching.py:235} INFO - [410710] System Shock: Enhanced Edition -> Seven: Enhanced Edition (status=review, score=75)
[2026-09-08T12:43:34.085+0000] {matching.py:235} INFO - [6800] Commandos: Behind Enemy Lines -> Commandos: Behind Enemy Lines (status=exact, score=100)
[2026-09-08T12:43:34.086+0000] {matching.py:235} INFO - [1730590] The Entropy Centre -> The Entropy Centre (status=exact, score=100)
[2026-09-08T12:43:34.086+0000] {matching.py:235} INFO - [618140] Barro -> Barro (status=exact, score=100)
[2026-09-08T12:43:34.086+0000] {matching.py:235} INFO - [34900] Bad Rats: the Rats' Revenge -> Bad Rats: the Rats' Revenge (status=exact, score=100)
[2026-09-08T12:43:34.087+0000] {matching.py:235} INFO - [965200] Walking Zombie 2 -> Walking Zombie 2 (status=exact, score=100)
[2026-09-08T12:43:34.087+0000] {matching.py:235} INFO - [797430] HD Poker: Texas Hold'em -> HD Poker: Texas Hold’em (status=exact, score=100)
[2026-09-08T12:43:34.087+0000] {matching.py:235} INFO - [1252600] ANOTHER EDEN -> ANOTHER EDEN (status=exact, score=100)
[2026-09-08T12:43:34.088+0000] {matching.py:235} INFO - [800270] Terraforming Mars -> Terraforming Mars (status=exact, score=100)
[2026-09-08T12:43:34.088+0000] {matching.py:235} INFO - [298900] Space Hulk: Deathwing -> Space Hulk: Deathwing (status=exact, score=100)
[2026-09-08T12:43:34.088+0000] {matching.py:235} INFO - [368390] The Darkside Detective -> The Darkside Detective (status=exact, score=100)
[2026-09-08T12:43:34.089+0000] {matching.py:235} INFO - [283880] Heroine's Quest: The Herald of Ragnarok -> Heroine's Quest: The Herald of Ragnarok (status=exact, score=100)
[2026-09-08T12:43:34.089+0000] {matching.py:235} INFO - [314410] Rampage Knights -> Rampage Knights (status=exact, score=100)
[2026-09-08T12:43:34.090+0000] {matching.py:235} INFO - [403560] Eaten Alive -> Eaten Alive (status=exact, score=100)
[2026-09-08T12:43:34.090+0000] {matching.py:235} INFO - [375530] Football, Tactics & Glory -> Football Tactics (status=high_confidence, score=84)
[2026-09-08T12:43:34.091+0000] {matching.py:235} INFO - [2351560] Apocalypse Party -> Apocalypse Party (status=exact, score=100)
[2026-09-08T12:43:34.091+0000] {matching.py:235} INFO - [691020] Fog Of War - Free Edition -> Fog Of War - Free Edition (status=exact, score=100)
[2026-09-08T12:43:34.092+0000] {matching.py:235} INFO - [1712840] Tiny Tina's Assault on Dragon Keep: A Wonderlands One-shot Adventure -> Tiny Tina's Assault on Dragon Keep: A Wonderlands One-shot Adventure (status=exact, score=100)
[2026-09-08T12:43:34.092+0000] {matching.py:235} INFO - [381990] Dragon Saga -> Dragon Saga (status=exact, score=100)
[2026-09-08T12:43:34.093+0000] {matching.py:235} INFO - [1556200] Predator: Hunting Grounds -> Predator: Hunting Grounds (status=exact, score=100)
[2026-09-08T12:43:34.093+0000] {matching.py:235} INFO - [33110] Alien Shooter: Revisited -> Alien Shooter: Revisited (status=exact, score=100)
[2026-09-08T12:43:34.094+0000] {matching.py:235} INFO - [328080] Rise to Ruins -> Rise to Ruins (status=exact, score=100)
[2026-09-08T12:43:34.094+0000] {matching.py:235} INFO - [429180] Project CARS - Pagani Edition -> Project CARS - Pagani Edition (status=exact, score=100)
[2026-09-08T12:43:34.094+0000] {matching.py:235} INFO - [1386900] Observer: System Redux -> Observer: System Redux (status=exact, score=100)
[2026-09-08T12:43:34.095+0000] {matching.py:235} INFO - [2445690] Lost Castle 2 -> Lost Castle 2 (status=exact, score=100)
[2026-09-08T12:43:34.095+0000] {matching.py:235} INFO - [1084520] 雀姬/姫麻雀 -> 雀姬 (status=exact, score=100)
[2026-09-08T12:43:34.095+0000] {matching.py:235} INFO - [757320] Atomicrops -> Atomicrops (status=exact, score=100)
[2026-09-08T12:43:34.096+0000] {matching.py:235} INFO - [2803960] VR NINJA DOJO -> VR NINJA DOJO (status=exact, score=100)
[2026-09-08T12:43:34.096+0000] {matching.py:235} INFO - [1204050] Pixel Studio for pixel art -> Super Pixels - Pixel Art Drawing (status=review, score=71)
[2026-09-08T12:43:34.097+0000] {matching.py:235} INFO - [3320100] Drowned God: Conspiracy of the Ages. -> Drowned God: Conspiracy of the Ages. (status=exact, score=100)
[2026-09-08T12:43:34.097+0000] {matching.py:235} INFO - [200900] Cave Story+ -> Cave Story+ (status=exact, score=100)
[2026-09-08T12:43:34.097+0000] {matching.py:235} INFO - [920490] Driver Booster for Steam -> Driver Booster 3 for STEAM (status=high_confidence, score=96)
[2026-09-08T12:43:34.098+0000] {matching.py:235} INFO - [436110] Medusa's Labyrinth -> Medusa's Labyrinth (status=exact, score=100)
[2026-09-08T12:43:34.098+0000] {matching.py:235} INFO - [400940] Budget Cuts -> Budget Cuts (status=exact, score=100)
[2026-09-08T12:43:34.098+0000] {matching.py:235} INFO - [1220010] Home Behind 2 -> Home Behind 2 (status=exact, score=100)
[2026-09-08T12:43:34.099+0000] {matching.py:235} INFO - [757310] Sable -> Sable (status=exact, score=100)
[2026-09-08T12:43:34.099+0000] {matching.py:235} INFO - [39650] The Guild II -> The Guild II (status=exact, score=100)
[2026-09-08T12:43:34.099+0000] {matching.py:235} INFO - [2666510] Rusty's Retirement -> Rusty's Retirement (status=exact, score=100)
[2026-09-08T12:43:34.100+0000] {matching.py:235} INFO - [1433140] The Texas Chain Saw Massacre -> The Texas Chain Saw Massacre (status=exact, score=100)
[2026-09-08T12:43:34.100+0000] {matching.py:235} INFO - [1024380] Second Extinction -> Second Extinction (status=exact, score=100)
[2026-09-08T12:43:34.101+0000] {matching.py:235} INFO - [466300] Planescape: Torment: Enhanced Edition -> Planescape: Torment: Enhanced Edition (status=exact, score=100)
[2026-09-08T12:43:34.101+0000] {matching.py:235} INFO - [816340] Kingdom Rush Origins - Tower Defense -> Kingdom Rush Origins (status=high_confidence, score=74)
[2026-09-08T12:43:34.101+0000] {matching.py:235} INFO - [1239520] Madden NFL 21 -> Madden NFL 21 (status=exact, score=100)
[2026-09-08T12:43:34.102+0000] {matching.py:235} INFO - [1003890] Blacksad: Under the Skin -> Blacksad: Under the Skin (status=exact, score=100)
[2026-09-08T12:43:34.102+0000] {matching.py:235} INFO - [837380] DeoVR Video Player -> SourVR Video Player (status=unmatched, score=65)
[2026-09-08T12:43:34.102+0000] {matching.py:235} INFO - [280640] Dark Shadows - Army of Evil -> Dark Shadows - Army of Evil (status=exact, score=100)
[2026-09-08T12:43:34.103+0000] {matching.py:235} INFO - [359900] The Incredible Adventures of Van Helsing III -> The Incredible Adventures of Van Helsing III (status=exact, score=100)
[2026-09-08T12:43:34.103+0000] {matching.py:235} INFO - [684410] Bridge Constructor Portal -> Bridge Constructor Portal (status=exact, score=100)
[2026-09-08T12:43:34.104+0000] {matching.py:235} INFO - [892420] 懒人修仙传 -> 懒人修仙传 (status=exact, score=100)
[2026-09-08T12:43:34.104+0000] {matching.py:235} INFO - [209650] Call of Duty: Advanced Warfare - Gold Edition -> Call of Duty: Advanced Warfare - Gold Edition (status=exact, score=100)
[2026-09-08T12:43:34.104+0000] {matching.py:235} INFO - [1318690] shapez -> shapez (status=exact, score=100)
[2026-09-08T12:43:34.105+0000] {matching.py:235} INFO - [764030] Realm Revolutions -> Realm Revolutions (status=exact, score=100)
[2026-09-08T12:43:34.105+0000] {matching.py:235} INFO - [443580] Antenna -> Antenna (status=exact, score=100)
[2026-09-08T12:43:34.105+0000] {matching.py:235} INFO - [1404850] Luck be a Landlord -> Luck be a Landlord (status=exact, score=100)
[2026-09-08T12:43:34.106+0000] {matching.py:235} INFO - [764050] Maelstrom -> Maelstrom (status=exact, score=100)
[2026-09-08T12:43:34.106+0000] {matching.py:235} INFO - [245470] Democracy 3 -> Democracy 3 (status=exact, score=100)
[2026-09-08T12:43:34.107+0000] {matching.py:235} INFO - [39160] Dungeon Siege III -> Dungeon Siege (status=high_confidence, score=87)
[2026-09-08T12:43:34.107+0000] {matching.py:235} INFO - [530070] Train Sim World 2020 -> Train Sim World 2020 (status=exact, score=100)
[2026-09-08T12:43:34.107+0000] {matching.py:235} INFO - [466500] 35MM -> 35MM (status=exact, score=100)
[2026-09-08T12:43:34.108+0000] {matching.py:235} INFO - [274500] Brigador: Up-Armored Edition -> Brigador: Up-Armored Edition (status=exact, score=100)
[2026-09-08T12:43:34.108+0000] {matching.py:235} INFO - [861540] Dicey Dungeons -> Dicey Dungeons (status=exact, score=100)
[2026-09-08T12:43:34.108+0000] {matching.py:235} INFO - [755800] Hades' Star -> Hades' Star (status=exact, score=100)
[2026-09-08T12:43:34.109+0000] {matching.py:235} INFO - [60] Ricochet -> Ricochet (status=exact, score=100)
[2026-09-08T12:43:34.109+0000] {matching.py:235} INFO - [277430] Halo: Spartan Assault -> Halo: Spartan Assault (status=exact, score=100)
[2026-09-08T12:43:34.109+0000] {matching.py:235} INFO - [520440] GUILTY GEAR Xrd REV 2 -> Guilty Gear Xrd REV 2 (status=exact, score=100)
[2026-09-08T12:43:34.110+0000] {matching.py:235} INFO - [526160] The Wild Eight -> The Wild Eight (status=exact, score=100)
[2026-09-08T12:43:34.110+0000] {matching.py:235} INFO - [547680] Guild Quest -> Guild Quest (status=exact, score=100)
[2026-09-08T12:43:34.110+0000] {matching.py:235} INFO - [1170760] XIII - Classic -> Kingdom: Classic (status=unmatched, score=67)
[2026-09-08T12:43:34.111+0000] {matching.py:235} INFO - [2993780] FANTASY LIFE i: The Girl Who Steals Time -> Fantasy Life i: The Girl Who Steals Time (status=exact, score=100)
[2026-09-08T12:43:34.111+0000] {matching.py:235} INFO - [976590] Bus Simulator 21 Next Stop -> Bus Simulator 21 Next Stop (status=exact, score=100)
[2026-09-08T12:43:34.112+0000] {matching.py:235} INFO - [518150] Intruder -> Intruder (status=exact, score=100)
[2026-09-08T12:43:34.112+0000] {matching.py:235} INFO - [321270] UNLOVED -> UNLOVED (status=exact, score=100)
[2026-09-08T12:43:34.112+0000] {matching.py:235} INFO - [1469330] Unlimited Fight -> Unlimited Fight (status=exact, score=100)
[2026-09-08T12:43:34.113+0000] {matching.py:235} INFO - [1229380] Everhood -> Everhood (status=exact, score=100)
[2026-09-08T12:43:34.113+0000] {matching.py:235} INFO - [512250] Oh...Sir!! The Insult Simulator -> Oh...Sir!! The Insult Simulator (status=exact, score=100)
[2026-09-08T12:43:34.113+0000] {matching.py:235} INFO - [98800] Dungeons of Dredmor -> Dungeons of Dredmor (status=exact, score=100)
[2026-09-08T12:43:34.114+0000] {matching.py:235} INFO - [384490] NECROPOLIS: BRUTAL EDITION -> 8bitWar: Necropolis (status=unmatched, score=65)
[2026-09-08T12:43:34.114+0000] {matching.py:235} INFO - [2763670] Arctic Eggs -> Arctic Eggs (status=exact, score=100)
[2026-09-08T12:43:34.114+0000] {matching.py:235} INFO - [360740] Downwell -> Downwell (status=exact, score=100)
[2026-09-08T12:43:34.115+0000] {matching.py:235} INFO - [258760] Scania Truck Driving Simulator -> Scania Truck Driving Simulator (status=exact, score=100)
[2026-09-08T12:43:34.115+0000] {matching.py:235} INFO - [435530] The Final Station -> The Final Station (status=exact, score=100)
[2026-09-08T12:43:34.116+0000] {matching.py:235} INFO - [412470] Metal War Online: Retribution -> Metal War Online: Retribution (status=exact, score=100)
[2026-09-08T12:43:34.116+0000] {matching.py:235} INFO - [692530] Community Garden -> Community Garden (status=exact, score=100)
[2026-09-08T12:43:34.116+0000] {matching.py:235} INFO - [1410640] Syberia: The World Before -> Syberia: The World Before (status=exact, score=100)
[2026-09-08T12:43:34.117+0000] {matching.py:235} INFO - [1662940] Anatomy of Fear -> Anatomy of Fear (status=exact, score=100)
[2026-09-08T12:43:34.117+0000] {matching.py:235} INFO - [264140] Pixel Piracy -> Pixel Piracy (status=exact, score=100)
[2026-09-08T12:43:34.117+0000] {matching.py:235} INFO - [1016120] PGA TOUR 2K21 -> PGA TOUR 2K21 (status=exact, score=100)
[2026-09-08T12:43:34.118+0000] {matching.py:235} INFO - [1591520] Clownfield 2042 -> Clownfield 2042 (status=exact, score=100)
[2026-09-08T12:43:34.118+0000] {matching.py:235} INFO - [2071280] Ravenswatch -> Ravenswatch (status=exact, score=100)
[2026-09-08T12:43:34.118+0000] {matching.py:235} INFO - [13570] Tom Clancy's Splinter Cell Chaos Theory -> Tom Clancy's Splinter Cell Chaos Theory (status=exact, score=100)
[2026-09-08T12:43:34.119+0000] {matching.py:235} INFO - [893030] Music Racer -> Music Racer (status=exact, score=100)
[2026-09-08T12:43:34.119+0000] {matching.py:235} INFO - [1563180] Internet Cafe Simulator 2 -> Internet Cafe Simulator 2 (status=exact, score=100)
[2026-09-08T12:43:34.120+0000] {matching.py:235} INFO - [829590] CryoFall -> CryoFall (status=exact, score=100)
[2026-09-08T12:43:34.120+0000] {matching.py:235} INFO - [102840] Shank 2 -> Shank 2 (status=exact, score=100)
[2026-09-08T12:43:34.120+0000] {matching.py:235} INFO - [1283410] Tails of Iron -> Tails of Iron (status=exact, score=100)
[2026-09-08T12:43:34.121+0000] {matching.py:235} INFO - [233700] Sword of the Stars: The Pit -> Sword of the Stars: The Pit (status=exact, score=100)
[2026-09-08T12:43:34.121+0000] {matching.py:235} INFO - [1525700] Tavern Master -> Tavern Master (status=exact, score=100)
[2026-09-08T12:43:34.121+0000] {matching.py:235} INFO - [496680] SweatShop -> SweatShop (status=exact, score=100)
[2026-09-08T12:43:34.122+0000] {matching.py:235} INFO - [1583320] Pro Soccer Online -> Pro Soccer Online (status=exact, score=100)
[2026-09-08T12:43:34.122+0000] {matching.py:235} INFO - [1533420] Neon White -> Neon White (status=exact, score=100)
[2026-09-08T12:43:34.122+0000] {matching.py:235} INFO - [243040] Startopia -> Startopia (status=exact, score=100)
[2026-09-08T12:43:34.123+0000] {matching.py:235} INFO - [333950] Medieval Engineers -> Medieval Engineers (status=exact, score=100)
[2026-09-08T12:43:34.123+0000] {matching.py:235} INFO - [557810] Clicker Guild -> Clicker Guild (status=exact, score=100)
[2026-09-08T12:43:34.123+0000] {matching.py:235} INFO - [293780] Crawl -> Crawl (status=exact, score=100)
[2026-09-08T12:43:34.124+0000] {matching.py:235} INFO - [1275630] Drug Dealer Simulator: Free Sample -> Drug Dealer Simulator: Free Sample (status=exact, score=100)
[2026-09-08T12:43:34.124+0000] {matching.py:235} INFO - [595280] Throne of Lies: Medieval Politics -> Throne of Lies®: Medieval Politics (status=exact, score=100)
[2026-09-08T12:43:34.125+0000] {matching.py:235} INFO - [386280] Vendetta - Curse of Raven's Cry -> Vendetta - Curse of Raven's Cry (status=exact, score=100)
[2026-09-08T12:43:34.125+0000] {matching.py:235} INFO - [493370] Ragnarok Clicker -> Ragnarok Clicker (status=exact, score=100)
[2026-09-08T12:43:34.125+0000] {matching.py:235} INFO - [333640] Caves of Qud -> Caves of Qud (status=exact, score=100)
[2026-09-08T12:43:34.126+0000] {matching.py:235} INFO - [934780] American Fugitive -> American Fugitive (status=exact, score=100)
[2026-09-08T12:43:34.126+0000] {matching.py:235} INFO - [2194530] Yog-Sothoth’s Yard -> Yog-Sothoth’s Yard (status=exact, score=100)
[2026-09-08T12:43:34.126+0000] {matching.py:235} INFO - [408410] X-Morph: Defense -> X-Morph: Defense (status=exact, score=100)
[2026-09-08T12:43:34.127+0000] {matching.py:235} INFO - [262940] Broken Sword 5 - the Serpent's Curse -> Broken Sword 5 - The Serpent's Curse (status=exact, score=100)
[2026-09-08T12:43:34.127+0000] {matching.py:235} INFO - [979060] Bloons Adventure Time TD -> Bloons Adventure Time TD (status=exact, score=100)
[2026-09-08T12:43:34.127+0000] {matching.py:235} INFO - [868360] Project Hospital -> Project Hospital (status=exact, score=100)
[2026-09-08T12:43:34.128+0000] {matching.py:235} INFO - [1148590] DOOM 64 -> Doom 64 (status=exact, score=100)
[2026-09-08T12:43:34.128+0000] {matching.py:235} INFO - [329070] SpyParty -> SpyParty (status=exact, score=100)
[2026-09-08T12:43:34.129+0000] {matching.py:235} INFO - [498660] Mind Spheres -> Mind Spheres (status=exact, score=100)
[2026-09-08T12:43:34.129+0000] {matching.py:235} INFO - [456670] Hand of Fate 2 -> Hand of Fate 2 (status=exact, score=100)
[2026-09-08T12:43:34.129+0000] {matching.py:235} INFO - [897450] The Survivalists -> The Survivalists (status=exact, score=100)
[2026-09-08T12:43:34.130+0000] {matching.py:235} INFO - [253940] Septerra Core -> Subterra (status=unmatched, score=57)
[2026-09-08T12:43:34.130+0000] {matching.py:235} INFO - [1084160] Jagged Alliance 3 -> Jagged Alliance 3 (status=exact, score=100)
[2026-09-08T12:43:34.130+0000] {matching.py:235} INFO - [589780] The Red Strings Club -> The Red Strings Club (status=exact, score=100)
[2026-09-08T12:43:34.131+0000] {matching.py:235} INFO - [979110] Space Haven -> Space Haven (status=exact, score=100)
[2026-09-08T12:43:34.131+0000] {matching.py:235} INFO - [1138850] Heavenly Bodies -> Heavenly Bodies (status=exact, score=100)
[2026-09-08T12:43:34.131+0000] {matching.py:235} INFO - [2495450] Winter Memories -> Winter Memories (status=exact, score=100)
[2026-09-08T12:43:34.132+0000] {matching.py:235} INFO - [3920] Sid Meier's Pirates! -> Sid Meier's Pirates! (status=exact, score=100)
[2026-09-08T12:43:34.132+0000] {matching.py:235} INFO - [753420] Dungreed -> Dungreed (status=exact, score=100)
[2026-09-08T12:43:34.133+0000] {matching.py:235} INFO - [513560] Hunger Dungeon -> Hunger Dungeon (status=exact, score=100)
[2026-09-08T12:43:34.133+0000] {matching.py:235} INFO - [231140] Cities XL Platinum -> Cities XL Platinum (status=exact, score=100)
[2026-09-08T12:43:34.133+0000] {matching.py:235} INFO - [1476720] Retro Run -> Retro Run (status=exact, score=100)
[2026-09-08T12:43:34.134+0000] {matching.py:235} INFO - [729000] Wytchwood -> Wytchwood (status=exact, score=100)
[2026-09-08T12:43:34.134+0000] {matching.py:235} INFO - [249990] FORCED: Slightly Better Edition -> Paper Beast - Folded Edition (status=unmatched, score=61)
[2026-09-08T12:43:34.134+0000] {matching.py:235} INFO - [2768430] ATLYSS -> ATLYSS (status=exact, score=100)
[2026-09-08T12:43:34.135+0000] {matching.py:235} INFO - [299740] Miscreated -> Miscreated (status=exact, score=100)
[2026-09-08T12:43:34.135+0000] {matching.py:235} INFO - [2155180] Pioneers of Pagonia -> Pioneers of Pagonia (status=exact, score=100)
[2026-09-08T12:43:34.136+0000] {matching.py:235} INFO - [514900] >observer_ -> Observer2 (status=high_confidence, score=94)
[2026-09-08T12:43:34.136+0000] {matching.py:235} INFO - [470310] TROUBLESHOOTER: Abandoned Children -> TROUBLESHOOTER: Abandoned Children (status=exact, score=100)
[2026-09-08T12:43:34.136+0000] {matching.py:235} INFO - [314660] Oddworld: New 'n' Tasty -> Oddworld: New 'n' Tasty (status=exact, score=100)
[2026-09-08T12:43:34.137+0000] {matching.py:235} INFO - [294040] Loot Hero DX -> Loot Hero DX (status=exact, score=100)
[2026-09-08T12:43:34.137+0000] {matching.py:235} INFO - [875310] LIBERATED -> Liberated (status=exact, score=100)
[2026-09-08T12:43:34.137+0000] {matching.py:235} INFO - [1255630] WWE 2K22 -> WWE 2K22 (status=exact, score=100)
[2026-09-08T12:43:34.138+0000] {matching.py:235} INFO - [1351080] Pharaoh: A New Era -> Pharaoh: A New Era (status=exact, score=100)
[2026-09-08T12:43:34.138+0000] {matching.py:235} INFO - [382560] Hot Lava -> Hot Lava (status=exact, score=100)
[2026-09-08T12:43:34.138+0000] {matching.py:235} INFO - [1267470] Warriors of the Nile -> Warriors of the Nile (status=exact, score=100)
[2026-09-08T12:43:34.139+0000] {matching.py:235} INFO - [571310] SteamWorld Dig 2 -> SteamWorld Dig 2 (status=exact, score=100)
[2026-09-08T12:43:34.139+0000] {matching.py:235} INFO - [401190] Dinosaur Hunt -> Dinosaur Hunt (status=exact, score=100)
[2026-09-08T12:43:34.139+0000] {matching.py:235} INFO - [2646460] Soulmask -> Soulmask (status=exact, score=100)
[2026-09-08T12:43:34.140+0000] {matching.py:235} INFO - [926990] WolfQuest: Anniversary Edition -> WolfQuest: Anniversary Edition (status=exact, score=100)
[2026-09-08T12:43:34.140+0000] {matching.py:235} INFO - [1024480] Immortal Realms: Vampire Wars -> Immortal Realms: Vampire Wars (status=exact, score=100)
[2026-09-08T12:43:34.141+0000] {matching.py:235} INFO - [1651560] Fabledom -> Fabledom (status=exact, score=100)
[2026-09-08T12:43:34.141+0000] {matching.py:235} INFO - [699920] Despotism 3k -> Despotism 3k (status=exact, score=100)
[2026-09-08T12:43:34.141+0000] {matching.py:235} INFO - [839770] Phoenix Point -> Phoenix Point (status=exact, score=100)
[2026-09-08T12:43:34.142+0000] {matching.py:235} INFO - [402840] Crusaders of the Lost Idols -> Crusaders of the Lost Idols (status=exact, score=100)
[2026-09-08T12:43:34.142+0000] {matching.py:235} INFO - [979080] Rebel Forces -> Rebel Forces (status=exact, score=100)
[2026-09-08T12:43:34.142+0000] {matching.py:235} INFO - [674750] Yet Another Zombie Defense HD -> Yet Another Zombie Defense HD (status=exact, score=100)
[2026-09-08T12:43:34.143+0000] {matching.py:235} INFO - [268650] From the Depths -> From the Depths (status=exact, score=100)
[2026-09-08T12:43:34.143+0000] {matching.py:235} INFO - [2232840] Garten of Banban -> Garten of Banban (status=exact, score=100)
[2026-09-08T12:43:34.143+0000] {matching.py:235} INFO - [33120] Alien Shooter 2: Reloaded -> Alien Shooter 2: Reloaded (status=exact, score=100)
[2026-09-08T12:43:34.144+0000] {matching.py:235} INFO - [915810] Midnight Ghost Hunt -> Midnight Ghost Hunt (status=exact, score=100)
[2026-09-08T12:43:34.144+0000] {matching.py:235} INFO - [336510] Anno Online -> Anno Online (status=exact, score=100)
[2026-09-08T12:43:34.145+0000] {matching.py:235} INFO - [25900] King's Bounty: The Legend -> King's Bounty: The Legend (status=exact, score=100)
[2026-09-08T12:43:34.145+0000] {matching.py:235} INFO - [952860] 河洛群俠傳 (Ho Tu Lo Shu ： The Books of Dragon) -> 河洛群俠傳 (Ho Tu Lo Shu ： The Books of Dragon) (status=exact, score=100)
[2026-09-08T12:43:34.145+0000] {matching.py:235} INFO - [2248760] Car For Sale Simulator -> Car For Sale Simulator 2023 (status=high_confidence, score=90)
[2026-09-08T12:43:34.146+0000] {matching.py:235} INFO - [1105420] Game of Thrones Winter is Coming -> Game of Thrones Winter is Coming (status=exact, score=100)
[2026-09-08T12:43:34.146+0000] {matching.py:235} INFO - [572410] Steel Division: Normandy 44 -> Steel Division: Normandy 44 (status=exact, score=100)
[2026-09-08T12:43:34.146+0000] {matching.py:235} INFO - [750130] The Sinking City Remastered -> The Sinking City Remastered (status=exact, score=100)
[2026-09-08T12:43:34.147+0000] {matching.py:235} INFO - [40400] AI War: Fleet Command -> AI War: Fleet Command (status=exact, score=100)
[2026-09-08T12:43:34.147+0000] {matching.py:235} INFO - [1220140] Cartel Tycoon -> Cartel Tycoon (status=exact, score=100)
[2026-09-08T12:43:34.148+0000] {matching.py:235} INFO - [805940] RUSSIA BATTLEGROUNDS -> RUSSIA BATTLEGROUNDS (status=exact, score=100)
[2026-09-08T12:43:34.148+0000] {matching.py:235} INFO - [38700] Toki Tori -> Toki Tori (status=exact, score=100)
[2026-09-08T12:43:34.148+0000] {matching.py:235} INFO - [26500] Cogs -> Cogs (status=exact, score=100)
[2026-09-08T12:43:34.149+0000] {matching.py:235} INFO - [667600] Sky Force Reloaded -> Sky Force Reloaded (status=exact, score=100)
[2026-09-08T12:43:34.149+0000] {matching.py:235} INFO - [3297010] Futon and Rocket Launcher -> Futon and Rocket Launcher (status=exact, score=100)
[2026-09-08T12:43:34.149+0000] {matching.py:235} INFO - [578620] GORN -> GORN (status=exact, score=100)
[2026-09-08T12:43:34.150+0000] {matching.py:235} INFO - [17440] SPORE Creepy & Cute Parts Pack -> SPORE Creepy & Cute Parts Pack (status=exact, score=100)
[2026-09-08T12:43:34.150+0000] {matching.py:235} INFO - [1104280] The Slormancer -> The Slormancer (status=exact, score=100)
[2026-09-08T12:43:34.151+0000] {matching.py:235} INFO - [1203630] Record of Lodoss War-Deedlit in Wonder Labyrinth- -> Record of Lodoss War: Deedlit in Wonder Labyrinth (status=review, score=84)
[2026-09-08T12:43:34.151+0000] {matching.py:235} INFO - [252610] Death Road to Canada -> Death Road to Canada (status=exact, score=100)
[2026-09-08T12:43:34.151+0000] {matching.py:235} INFO - [220740] Chaos on Deponia -> Chaos on Deponia (status=exact, score=100)
[2026-09-08T12:43:34.152+0000] {matching.py:235} INFO - [1140270] Monster Prom 2: Monster Camp -> Monster Prom 2: Monster Camp (status=exact, score=100)
[2026-09-08T12:43:34.152+0000] {matching.py:235} INFO - [340050] Survivalist -> Survivalist (status=exact, score=100)
[2026-09-08T12:43:34.152+0000] {matching.py:235} INFO - [493650] Deep Space Dash -> Deep Space Dash (status=exact, score=100)
[2026-09-08T12:43:34.153+0000] {matching.py:235} INFO - [447920] Drift (Over) Drive -> Drift (Over) Drive (status=exact, score=100)
[2026-09-08T12:43:34.153+0000] {matching.py:235} INFO - [327070] Gloria Victis: Medieval MMORPG -> Gloria Victis: Medieval (status=high_confidence, score=86)
[2026-09-08T12:43:34.153+0000] {matching.py:235} INFO - [2162800] shapez 2 - Factory -> shapez 2 (status=high_confidence, score=67)
[2026-09-08T12:43:34.154+0000] {matching.py:235} INFO - [813230] ANIMAL WELL -> Animal Well (status=exact, score=100)
[2026-09-08T12:43:34.154+0000] {matching.py:235} INFO - [7660] X-COM: Apocalypse -> X-COM: Apocalypse (status=exact, score=100)
[2026-09-08T12:43:34.155+0000] {matching.py:235} INFO - [598330] SimAirport -> SimAirport (status=exact, score=100)
[2026-09-08T12:43:34.155+0000] {matching.py:235} INFO - [2217000] Rivals of Aether II -> Rivals of Aether II (status=exact, score=100)
[2026-09-08T12:43:34.155+0000] {matching.py:235} INFO - [234270] Ken Follett's The Pillars of the Earth -> Ken Follett's The Pillars of the Earth (status=exact, score=100)
[2026-09-08T12:43:34.156+0000] {matching.py:235} INFO - [1808800] Duck Simulator 2 -> Duck Simulator 2 (status=exact, score=100)
[2026-09-08T12:43:34.156+0000] {matching.py:235} INFO - [304730] Train Fever -> Train Fever (status=exact, score=100)
[2026-09-08T12:43:34.156+0000] {matching.py:235} INFO - [1126290] Lost -> Lost (status=exact, score=100)
[2026-09-08T12:43:34.157+0000] {matching.py:235} INFO - [825310] Dude Simulator 2 -> Dude Simulator 2 (status=exact, score=100)
[2026-09-08T12:43:34.157+0000] {matching.py:235} INFO - [435400] Hidden Folks -> Hidden Folks (status=exact, score=100)
[2026-09-08T12:43:34.157+0000] {matching.py:235} INFO - [600750] Star Trek Timelines -> Star Trek Timelines (status=exact, score=100)
[2026-09-08T12:43:34.158+0000] {matching.py:235} INFO - [326160] Shroud of the Avatar: Forsaken Virtues -> Shroud of the Avatar: Forsaken Virtues (status=exact, score=100)
[2026-09-08T12:43:34.158+0000] {matching.py:235} INFO - [1079800] Pistol Whip -> Pistol Whip (status=exact, score=100)
[2026-09-08T12:43:34.159+0000] {matching.py:235} INFO - [562360] Planes, Bullets and Vodka -> Planes, Bullets and Vodka (status=exact, score=100)
[2026-09-08T12:43:34.159+0000] {matching.py:235} INFO - [327410] A Bird Story -> A Bird Story (status=exact, score=100)
[2026-09-08T12:43:34.159+0000] {matching.py:235} INFO - [984110] SYNTHETIK: Arena -> SYNTHETIK: Arena (status=exact, score=100)
[2026-09-08T12:43:34.160+0000] {matching.py:235} INFO - [1624540] Storyteller -> Storyteller (status=exact, score=100)
[2026-09-08T12:43:34.160+0000] {matching.py:235} INFO - [983970] Haven -> Haven (status=exact, score=100)
[2026-09-08T12:43:34.160+0000] {matching.py:235} INFO - [1271700] HOT WHEELS UNLEASHED -> Hot Wheels Unleashed (status=exact, score=100)
[2026-09-08T12:43:34.161+0000] {matching.py:235} INFO - [2290] Final DOOM -> Final DOOM (status=exact, score=100)
[2026-09-08T12:43:34.161+0000] {matching.py:235} INFO - [550010] Happy Room -> Happy Room (status=exact, score=100)
[2026-09-08T12:43:34.162+0000] {matching.py:235} INFO - [400240] The Deer -> The Deer (status=exact, score=100)
[2026-09-08T12:43:34.162+0000] {matching.py:235} INFO - [444490] POLYWAR -> POLYWAR (status=exact, score=100)
[2026-09-08T12:43:34.162+0000] {matching.py:235} INFO - [1971650] OCTOPATH TRAVELER II -> OCTOPATH TRAVELER II (status=exact, score=100)
[2026-09-08T12:43:34.163+0000] {matching.py:235} INFO - [254960] Silent Storm Gold Edition -> Silent Storm Gold Edition (status=exact, score=100)
[2026-09-08T12:43:34.163+0000] {matching.py:235} INFO - [2315690] WWE 2K24 -> WWE 2K24 (status=exact, score=100)
[2026-09-08T12:43:34.163+0000] {matching.py:235} INFO - [1587130] Blood West -> Blood West (status=exact, score=100)
[2026-09-08T12:43:34.164+0000] {matching.py:235} INFO - [1559390] Fate Seeker II -> Fate Seeker II (status=exact, score=100)
[2026-09-08T12:43:34.164+0000] {matching.py:235} INFO - [3321220] Escape from Nightmare School -> Escape from Nightmare School (status=exact, score=100)
[2026-09-08T12:43:34.164+0000] {matching.py:235} INFO - [570770] 古剑奇谭二(GuJian2) -> GuJian 古剑奇谭 (status=high_confidence, score=92)
[2026-09-08T12:43:34.165+0000] {matching.py:235} INFO - [966330] Flower -> Flower (status=exact, score=100)
[2026-09-08T12:43:34.165+0000] {matching.py:235} INFO - [498320] Trolley Gold -> Trolley Gold (status=exact, score=100)
[2026-09-08T12:43:34.165+0000] {matching.py:235} INFO - [808290] Runes of Magic -> Runes of Magic (status=exact, score=100)
[2026-09-08T12:43:34.166+0000] {matching.py:235} INFO - [1377380] Night of the Dead -> Night of the Dead (status=exact, score=100)
[2026-09-08T12:43:34.166+0000] {matching.py:235} INFO - [1035930] Nyasha -> Nyasha (status=exact, score=100)
[2026-09-08T12:43:34.167+0000] {matching.py:235} INFO - [1714320] Find Love or Die Trying -> Find Love or Die Trying (status=exact, score=100)
[2026-09-08T12:43:34.167+0000] {matching.py:235} INFO - [2210] Quake 4 -> Quake IV (status=review, score=80)
[2026-09-08T12:43:34.167+0000] {matching.py:235} INFO - [1197260] The Perfect Tower II -> The Perfect Tower II (status=exact, score=100)
[2026-09-08T12:43:34.168+0000] {matching.py:235} INFO - [857980] Void Bastards -> Void Bastards (status=exact, score=100)
[2026-09-08T12:43:34.168+0000] {matching.py:235} INFO - [326410] Windward -> Windward (status=exact, score=100)
[2026-09-08T12:43:34.168+0000] {matching.py:235} INFO - [99910] Puzzle Pirates -> Puzzle Pirates (status=exact, score=100)
[2026-09-08T12:43:34.169+0000] {matching.py:235} INFO - [2084030] Pitch Black: A Dusklight Story - Episode One -> Pitch Black: A Dusklight Story - Episode One (status=exact, score=100)
[2026-09-08T12:43:34.169+0000] {matching.py:235} INFO - [387860] the static speaks my name -> the static speaks my name (status=exact, score=100)
[2026-09-08T12:43:34.170+0000] {matching.py:235} INFO - [487120] Citadel: Forged with Fire -> Citadel: Forged with Fire (status=exact, score=100)
[2026-09-08T12:43:34.170+0000] {matching.py:235} INFO - [1328350] Turbo Overkill -> Turbo Overkill (status=exact, score=100)
[2026-09-08T12:43:34.170+0000] {matching.py:235} INFO - [269770] Secrets of Grindea -> Secrets of Grindea (status=exact, score=100)
[2026-09-08T12:43:34.171+0000] {matching.py:235} INFO - [3483] Peggle Extreme -> Peggle Extreme (status=exact, score=100)
[2026-09-08T12:43:34.171+0000] {matching.py:235} INFO - [370360] TIS-100 -> TIS-100 (status=exact, score=100)
[2026-09-08T12:43:34.171+0000] {matching.py:235} INFO - [1900] Earth 2160 -> Earth 2160 (status=exact, score=100)
[2026-09-08T12:43:34.172+0000] {matching.py:235} INFO - [204240] The Bridge -> The Bridge (status=exact, score=100)
[2026-09-08T12:43:34.172+0000] {matching.py:235} INFO - [1190970] House Flipper 2 -> House Flipper 2 (status=exact, score=100)
[2026-09-08T12:43:34.173+0000] {matching.py:235} INFO - [540840] Lara Croft GO -> Lara Croft GO (status=exact, score=100)
[2026-09-08T12:43:34.173+0000] {matching.py:235} INFO - [9160] Master Levels for Doom II -> Master Levels for Doom II (status=exact, score=100)
[2026-09-08T12:43:34.173+0000] {matching.py:235} INFO - [695920] Super Seducer : How to Talk to Girls -> Super Monsters’n Girls (status=unmatched, score=58)
[2026-09-08T12:43:34.174+0000] {matching.py:235} INFO - [340540] TDP4:Team Battle -> TDP4:Team Battle (status=exact, score=100)
[2026-09-08T12:43:34.174+0000] {matching.py:235} INFO - [25800] Europa Universalis III Complete -> Europa Universalis III Complete (status=exact, score=100)
[2026-09-08T12:43:34.174+0000] {matching.py:235} INFO - [363890] RPG Maker MV -> RPG Maker MV (status=exact, score=100)
[2026-09-08T12:43:34.175+0000] {matching.py:235} INFO - [243930] Bound By Flame -> Bound by Flame (status=exact, score=100)
[2026-09-08T12:43:34.175+0000] {matching.py:235} INFO - [1121640] The Wandering Village -> The Wandering Village (status=exact, score=100)
[2026-09-08T12:43:34.175+0000] {matching.py:235} INFO - [2068280] Nordic Ashes: Survivors of Ragnarok -> Nordic Ashes: Survivors of Ragnarok (status=exact, score=100)
[2026-09-08T12:43:34.176+0000] {matching.py:235} INFO - [19980] Prince of Persia -> prince of Persia (status=exact, score=100)
[2026-09-08T12:43:34.176+0000] {matching.py:235} INFO - [1368030] ANNO: Mutationem -> Anno: Mutationem (status=exact, score=100)
[2026-09-08T12:43:34.177+0000] {matching.py:235} INFO - [528510] Turbo Pug 3D -> Turbo Pug 3D (status=exact, score=100)
[2026-09-08T12:43:34.177+0000] {matching.py:235} INFO - [1310520] Occupy Mars: Prologue -> Occupy Mars: Prologue (status=exact, score=100)
[2026-09-08T12:43:34.177+0000] {matching.py:235} INFO - [354640] The Settlers Online -> The Settlers Online (status=exact, score=100)
[2026-09-08T12:43:34.178+0000] {matching.py:235} INFO - [1874880] Arma Reforger -> Arma Reforger (status=exact, score=100)
[2026-09-08T12:43:34.178+0000] {matching.py:235} INFO - [208750] Apotheon -> Apotheon (status=exact, score=100)
[2026-09-08T12:43:34.178+0000] {matching.py:235} INFO - [386620] Cook, Serve, Delicious! 2!! -> Cook, Serve, Delicious! 2!! (status=exact, score=100)
[2026-09-08T12:43:34.179+0000] {matching.py:235} INFO - [215470] Primal Carnage -> Primal Carnage (status=exact, score=100)
[2026-09-08T12:43:34.179+0000] {matching.py:235} INFO - [57650] Dungeons -> DUNGEONS (status=exact, score=100)
[2026-09-08T12:43:34.180+0000] {matching.py:235} INFO - [1205520] Pentiment -> Pentiment (status=exact, score=100)
[2026-09-08T12:43:34.180+0000] {matching.py:235} INFO - [226720] LOST PLANET 3 -> Lost Planet 3 (status=exact, score=100)
[2026-09-08T12:43:34.180+0000] {matching.py:235} INFO - [434170] The Jackbox Party Pack 3 -> The Jackbox Party Pack 3 (status=exact, score=100)
[2026-09-08T12:43:34.181+0000] {matching.py:235} INFO - [663390] Rento Fortune: Online Dice Board Game (大富翁) -> Rento - Dice Board Game Online (status=high_confidence, score=88)
[2026-09-08T12:43:34.181+0000] {matching.py:235} INFO - [2555030] Limsod -> Limsod (status=exact, score=100)
[2026-09-08T12:43:34.181+0000] {matching.py:235} INFO - [212630] Tom Clancy's Ghost Recon: Future Soldier -> Tom Clancy's Ghost Recon: Future Soldier (status=exact, score=100)
[2026-09-08T12:43:34.182+0000] {matching.py:235} INFO - [115110] Stacking -> Stacking (status=exact, score=100)
[2026-09-08T12:43:34.182+0000] {matching.py:235} INFO - [224300] Legacy of Kain: Defiance (2003) -> Legacy of Kain: Defiance (status=high_confidence, score=90)
[2026-09-08T12:43:34.182+0000] {matching.py:235} INFO - [608990] The Archotek Project -> The Archotek Project (status=exact, score=100)
[2026-09-08T12:43:34.183+0000] {matching.py:235} INFO - [41100] Hammerfight -> Hammerfight (status=exact, score=100)
[2026-09-08T12:43:34.183+0000] {matching.py:235} INFO - [1362420] Siege Survival: Gloria Victis Prologue -> Siege Survival: Gloria Victis Prologue (status=exact, score=100)
[2026-09-08T12:43:34.184+0000] {matching.py:235} INFO - [2357910] Home Safety Hotline -> Home Safety Hotline (status=exact, score=100)
[2026-09-08T12:43:34.184+0000] {matching.py:235} INFO - [1278060] Orqa FPV.SkyDive -> Orqa FPV.SkyDive (status=exact, score=100)
[2026-09-08T12:43:34.184+0000] {matching.py:235} INFO - [869760] Stoneshard: Prologue -> Stoneshard: Prologue (status=exact, score=100)
[2026-09-08T12:43:34.185+0000] {matching.py:235} INFO - [422970] Devil Daggers -> Devil Daggers (status=exact, score=100)
[2026-09-08T12:43:34.185+0000] {matching.py:235} INFO - [1412190] BEACHED -> Beached (status=exact, score=100)
[2026-09-08T12:43:34.185+0000] {matching.py:235} INFO - [372540] The Lost Mythologies -> The Lost Mythologies (status=exact, score=100)
[2026-09-08T12:43:34.186+0000] {matching.py:235} INFO - [558990] Opus Magnum -> Opus Magnum (status=exact, score=100)
[2026-09-08T12:43:34.186+0000] {matching.py:235} INFO - [1938010] WILD HEARTS -> Wild Hearts (status=exact, score=100)
[2026-09-08T12:43:34.187+0000] {matching.py:235} INFO - [1556790] Isonzo -> Isonzo (status=exact, score=100)
[2026-09-08T12:43:34.187+0000] {matching.py:235} INFO - [296870] Dreaming Sarah -> Dreaming Sarah (status=exact, score=100)
[2026-09-08T12:43:34.187+0000] {matching.py:235} INFO - [1484720] Dead Estate -> Dead Estate (status=exact, score=100)
[2026-09-08T12:43:34.188+0000] {matching.py:235} INFO - [1097130] Circuit Superstars -> Circuit Superstars (status=exact, score=100)
[2026-09-08T12:43:34.188+0000] {matching.py:235} INFO - [237630] DuckTales: Remastered -> DuckTales: Remastered (status=exact, score=100)
[2026-09-08T12:43:34.188+0000] {matching.py:235} INFO - [265210] Viscera Cleanup Detail: Santa's Rampage -> Viscera Cleanup Detail: Santa's Rampage (status=exact, score=100)
[2026-09-08T12:43:34.189+0000] {matching.py:235} INFO - [1264280] Slipways -> Slipways (status=exact, score=100)
[2026-09-08T12:43:34.189+0000] {matching.py:235} INFO - [95300] Capsized -> Capsized (status=exact, score=100)
[2026-09-08T12:43:34.189+0000] {matching.py:235} INFO - [363930] Dead Age -> Dead Age (status=exact, score=100)
[2026-09-08T12:43:34.190+0000] {matching.py:235} INFO - [1252780] Bloons Monkey City -> Bloons Monkey City (status=exact, score=100)
[2026-09-08T12:43:34.190+0000] {matching.py:235} INFO - [1272320] Diplomacy is Not an Option -> Diplomacy is Not an Option (status=exact, score=100)
[2026-09-08T12:43:34.190+0000] {matching.py:235} INFO - [522470] The House of Da Vinci -> The House of da Vinci (status=exact, score=100)
[2026-09-08T12:43:34.191+0000] {matching.py:235} INFO - [207490] Rayman Origins -> Rayman Origins (status=exact, score=100)
[2026-09-08T12:43:34.191+0000] {matching.py:235} INFO - [1822030] The Library of Babel -> The Library of Babel (status=exact, score=100)
[2026-09-08T12:43:34.192+0000] {matching.py:235} INFO - [40950] Stronghold HD (2012) -> Stronghold (2010) (status=high_confidence, score=85)
[2026-09-08T12:43:34.192+0000] {matching.py:235} INFO - [466170] Idling to Rule the Gods -> Idling to Rule the Gods (status=exact, score=100)
[2026-09-08T12:43:34.192+0000] {matching.py:235} INFO - [423880] Carpe Diem -> Carpe Diem (status=exact, score=100)
[2026-09-08T12:43:34.193+0000] {matching.py:235} INFO - [108210] Memoir '44 Online -> Memoir '44 Online (status=exact, score=100)
[2026-09-08T12:43:34.193+0000] {matching.py:235} INFO - [8170] Battlestations Pacific -> Battlestations: Pacific (status=exact, score=100)
[2026-09-08T12:43:34.193+0000] {matching.py:235} INFO - [2378620] Anomaly Agent -> Anomaly Agent (status=exact, score=100)
[2026-09-08T12:43:34.194+0000] {matching.py:235} INFO - [222520] Champions of Regnum -> Champions of Regnum (status=exact, score=100)
[2026-09-08T12:43:34.194+0000] {matching.py:235} INFO - [312450] Order of Battle: World War II -> Order of Battle: World War II (status=exact, score=100)
[2026-09-08T12:43:34.194+0000] {matching.py:235} INFO - [647960] Rusted Warfare - RTS -> Rusted Warfare - RTS (status=exact, score=100)
[2026-09-08T12:43:34.195+0000] {matching.py:235} INFO - [1288320] Way of the Hunter -> Way of the Hunter (status=exact, score=100)
[2026-09-08T12:43:34.195+0000] {matching.py:235} INFO - [895620] Spellcaster University -> Spellcaster University (status=exact, score=100)
[2026-09-08T12:43:34.196+0000] {matching.py:235} INFO - [1732190] FATAL FRAME / PROJECT ZERO: Maiden of Black Water -> Fatal Frame: Maiden of Black Water (status=review, score=84)
[2026-09-08T12:43:34.196+0000] {matching.py:235} INFO - [318430] Squishy the Suicidal Pig -> Squishy the Suicidal Pig (status=exact, score=100)
[2026-09-08T12:43:34.196+0000] {matching.py:235} INFO - [297020] The Culling Of The Cows -> The Culling Of The Cows (status=exact, score=100)
[2026-09-08T12:43:34.197+0000] {matching.py:235} INFO - [746580] HARDCORE MECHA -> HARDCORE MECHA (status=exact, score=100)
[2026-09-08T12:43:34.197+0000] {matching.py:235} INFO - [2056220] Bloody Hell -> Bloody Hell (status=exact, score=100)
[2026-09-08T12:43:34.197+0000] {matching.py:235} INFO - [1468720] Ultimate Epic Battle Simulator 2 -> Ultimate Epic Battle Simulator 2 (status=exact, score=100)
[2026-09-08T12:43:34.198+0000] {matching.py:235} INFO - [307960] IL-2 Sturmovik: Battle of Stalingrad -> IL-2 Sturmovik: Battle of Stalingrad (status=exact, score=100)
[2026-09-08T12:43:34.198+0000] {matching.py:235} INFO - [32390] STAR WARS Jedi Knight - Mysteries of the Sith -> STAR WARS Jedi Knight - Mysteries of the Sith (status=exact, score=100)
[2026-09-08T12:43:34.199+0000] {matching.py:235} INFO - [1216320] Shieldwall -> Shieldwall (status=exact, score=100)
[2026-09-08T12:43:34.199+0000] {matching.py:235} INFO - [214870] Painkiller Hell & Damnation -> Painkiller Hell & Damnation (status=exact, score=100)
[2026-09-08T12:43:34.199+0000] {matching.py:235} INFO - [471550] Nine Parchments -> Nine Parchments (status=exact, score=100)
[2026-09-08T12:43:34.318+0000] {postgres.py:108} INFO - Berhasil upsert 3000 baris ke game_source_mapping
[2026-09-08T12:43:34.414+0000] {postgres.py:159} INFO - Berhasil insert 2886 game baru ke dim_game
[2026-09-08T12:43:42.143+0000] {postgres.py:257} INFO - Selesai upsert dim_genre/dim_platform + bridge table untuk 2886 game baru
[2026-09-08T12:43:42.144+0000] {steam_analytics.py:185} INFO - Silver dimensions selesai. Game baru diproses: 3000
[2026-09-08T12:43:42.339+0000] {python.py:237} INFO - Done. Returned value was: None
[2026-09-08T12:43:42.340+0000] {taskinstance.py:441} INFO - ::group::Post task execution logs
[2026-09-08T12:43:42.350+0000] {taskinstance.py:1206} INFO - Marking task as SUCCESS. dag_id=steam_analytics_daily, task_id=process_new_games_and_dimensions, run_id=scheduled__2026-09-07T02:00:00+00:00, execution_date=20260907T020000, start_date=20260908T124331, end_date=20260908T124342
[2026-09-08T12:43:42.391+0000] {local_task_job_runner.py:243} INFO - Task exited with return code 0
[2026-09-08T12:43:42.413+0000] {taskinstance.py:3503} INFO - 1 downstream tasks scheduled from follow-on schedule check
[2026-09-08T12:43:42.415+0000] {local_task_job_runner.py:222} INFO - ::endgroup::
[2026-09-08T18:24:28.940+0000] {local_task_job_runner.py:120} INFO - ::group::Pre task execution logs
[2026-09-08T18:24:29.050+0000] {taskinstance.py:2076} INFO - Dependencies all met for dep_context=non-requeueable deps ti=<TaskInstance: steam_analytics_daily.process_new_games_and_dimensions scheduled__2026-09-07T02:00:00+00:00 [queued]>
[2026-09-08T18:24:29.065+0000] {taskinstance.py:2076} INFO - Dependencies all met for dep_context=requeueable deps ti=<TaskInstance: steam_analytics_daily.process_new_games_and_dimensions scheduled__2026-09-07T02:00:00+00:00 [queued]>
[2026-09-08T18:24:29.066+0000] {taskinstance.py:2306} INFO - Starting attempt 1 of 2
[2026-09-08T18:24:29.086+0000] {taskinstance.py:2330} INFO - Executing <Task(_PythonDecoratedOperator): process_new_games_and_dimensions> on 2026-09-07 02:00:00+00:00
[2026-09-08T18:24:29.095+0000] {standard_task_runner.py:90} INFO - Running: ['***', 'tasks', 'run', 'steam_analytics_daily', 'process_new_games_and_dimensions', 'scheduled__2026-09-07T02:00:00+00:00', '--job-id', '5', '--raw', '--subdir', 'DAGS_FOLDER/steam_analytics.py', '--cfg-path', '/tmp/tmpwgkyiwhj']
[2026-09-08T18:24:29.097+0000] {logging_mixin.py:188} WARNING - /home/***/.local/lib/python3.12/site-packages/***/task/task_runner/standard_task_runner.py:62 DeprecationWarning: This process (pid=702) is multi-threaded, use of fork() may lead to deadlocks in the child.
[2026-09-08T18:24:29.097+0000] {standard_task_runner.py:91} INFO - Job 5: Subtask process_new_games_and_dimensions
[2026-09-08T18:24:29.097+0000] {standard_task_runner.py:64} INFO - Started process 703 to run task
[2026-09-08T18:24:29.153+0000] {task_command.py:426} INFO - Running <TaskInstance: steam_analytics_daily.process_new_games_and_dimensions scheduled__2026-09-07T02:00:00+00:00 [running]> on host af106f5ed5d0
[2026-09-08T18:24:29.271+0000] {taskinstance.py:2648} INFO - Exporting env vars: AIRFLOW_CTX_DAG_OWNER='data_engineer' AIRFLOW_CTX_DAG_ID='steam_analytics_daily' AIRFLOW_CTX_TASK_ID='process_new_games_and_dimensions' AIRFLOW_CTX_EXECUTION_DATE='2026-09-07T02:00:00+00:00' AIRFLOW_CTX_TRY_NUMBER='1' AIRFLOW_CTX_DAG_RUN_ID='scheduled__2026-09-07T02:00:00+00:00'
[2026-09-08T18:24:29.272+0000] {taskinstance.py:430} INFO - ::endgroup::
[2026-09-08T18:24:29.666+0000] {minio_client.py:87} INFO - Berhasil membaca 3000 record dari s3://steam-analytics/bronze/steamspy/2026-09-07/data.json
[2026-09-08T18:24:31.699+0000] {minio_client.py:87} INFO - Berhasil membaca 3000 record dari s3://steam-analytics/bronze/rawg/2026-09-07/data.json
[2026-09-08T18:24:31.709+0000] {crypto.py:82} WARNING - empty cryptography key - values will not be stored encrypted.
[2026-09-08T18:24:31.711+0000] {base.py:84} INFO - Using connection ID 'postgres_***' for task execution.
[2026-09-08T18:24:31.729+0000] {postgres.py:62} INFO - Ditemukan 0 appid yang sudah punya mapping
[2026-09-08T18:24:31.730+0000] {matching.py:69} INFO - Deteksi game baru: 3000 dari 3000 game hari ini belum punya mapping
[2026-09-08T18:24:31.731+0000] {steam_analytics.py:172} INFO - Game baru yang akan di-matching: 3000
[2026-09-08T18:24:31.739+0000] {matching.py:235} INFO - [730] Counter-Strike: Global Offensive -> Counter-Strike: Global Offensive (status=exact, score=100)
[2026-09-08T18:24:31.739+0000] {matching.py:235} INFO - [1172470] Apex Legends -> Apex Legends (status=exact, score=100)
[2026-09-08T18:24:31.740+0000] {matching.py:235} INFO - [578080] PUBG: BATTLEGROUNDS -> PUGB - Battlegrounds (status=high_confidence, score=94)
[2026-09-08T18:24:31.740+0000] {matching.py:235} INFO - [1623730] Palworld -> Palworld (status=exact, score=100)
[2026-09-08T18:24:31.741+0000] {matching.py:235} INFO - [440] Team Fortress 2 -> Team Fortress 2 (status=exact, score=100)
[2026-09-08T18:24:31.741+0000] {matching.py:235} INFO - [1938090] Call of Duty: Modern Warfare II -> Call of Duty: Modern Warfare II (status=exact, score=100)
[2026-09-08T18:24:31.742+0000] {matching.py:235} INFO - [1063730] New World: Aeternum -> Avernum 3: Ruined World (status=review, score=75)
[2026-09-08T18:24:31.742+0000] {matching.py:235} INFO - [2358720] Black Myth: Wukong -> Black Myth: Wukong (status=exact, score=100)
[2026-09-08T18:24:31.743+0000] {matching.py:235} INFO - [271590] Grand Theft Auto V Legacy -> Grand Theft Auto V (status=high_confidence, score=84)
[2026-09-08T18:24:31.743+0000] {matching.py:235} INFO - [550] Left 4 Dead 2 -> Left 4 Dead 2 (status=exact, score=100)
[2026-09-08T18:24:31.743+0000] {matching.py:235} INFO - [304930] Unturned -> Unturned (status=exact, score=100)
[2026-09-08T18:24:31.744+0000] {matching.py:235} INFO - [1599340] Lost Ark -> Lost Ark (status=exact, score=100)
[2026-09-08T18:24:31.744+0000] {matching.py:235} INFO - [236390] War Thunder -> War Thunder (status=exact, score=100)
[2026-09-08T18:24:31.745+0000] {matching.py:235} INFO - [2246340] Monster Hunter Wilds -> Monster Hunter Wilds (status=exact, score=100)
[2026-09-08T18:24:31.745+0000] {matching.py:235} INFO - [553850] HELLDIVERS 2 -> HELLDIVERS 2 (status=exact, score=100)
[2026-09-08T18:24:31.746+0000] {matching.py:235} INFO - [230410] Warframe -> Warframe (status=exact, score=100)
[2026-09-08T18:24:31.746+0000] {matching.py:235} INFO - [1245620] ELDEN RING -> Elden Ring (status=exact, score=100)
[2026-09-08T18:24:31.746+0000] {matching.py:235} INFO - [105600] Terraria -> Terraria (status=exact, score=100)
[2026-09-08T18:24:31.747+0000] {matching.py:235} INFO - [2694490] Path of Exile 2 -> Path of Exile 2 (status=exact, score=100)
[2026-09-08T18:24:31.747+0000] {matching.py:235} INFO - [431960] Wallpaper Engine -> Wallpaper Engine (status=exact, score=100)
[2026-09-08T18:24:31.748+0000] {matching.py:235} INFO - [1086940] Baldur's Gate 3 -> Baldur's Gate (status=high_confidence, score=92)
[2026-09-08T18:24:31.748+0000] {matching.py:235} INFO - [291550] Brawlhalla -> Brawlhalla (status=exact, score=100)
[2026-09-08T18:24:31.748+0000] {matching.py:235} INFO - [4000] Garry's Mod -> Garry's Mod (status=exact, score=100)
[2026-09-08T18:24:31.749+0000] {matching.py:235} INFO - [1085660] Destiny 2 -> Destiny 2 (status=exact, score=100)
[2026-09-08T18:24:31.749+0000] {matching.py:235} INFO - [359550] Tom Clancy's Rainbow Six Siege -> Tom Clancy's Rainbow Six Siege (status=exact, score=100)
[2026-09-08T18:24:31.750+0000] {matching.py:235} INFO - [252490] Rust -> Rust (status=exact, score=100)
[2026-09-08T18:24:31.750+0000] {matching.py:235} INFO - [552990] World of Warships -> World of Warships (status=exact, score=100)
[2026-09-08T18:24:31.750+0000] {matching.py:235} INFO - [346110] ARK: Survival Evolved -> ARK: Survival Evolved (status=exact, score=100)
[2026-09-08T18:24:31.751+0000] {matching.py:235} INFO - [413150] Stardew Valley -> Stardew Valley (status=exact, score=100)
[2026-09-08T18:24:31.751+0000] {matching.py:235} INFO - [242760] The Forest -> The Forest (status=exact, score=100)
[2026-09-08T18:24:31.752+0000] {matching.py:235} INFO - [1491000] War Robots: Frontiers -> War Robots: Frontiers (status=exact, score=100)
[2026-09-08T18:24:31.752+0000] {matching.py:235} INFO - [238960] Path of Exile -> Path of Exile (status=exact, score=100)
[2026-09-08T18:24:31.753+0000] {matching.py:235} INFO - [218620] PAYDAY 2 -> PAYDAY 2 (status=exact, score=100)
[2026-09-08T18:24:31.753+0000] {matching.py:235} INFO - [291480] Warface: Clutch -> Warface: Breakout (status=unmatched, score=67)
[2026-09-08T18:24:31.753+0000] {matching.py:235} INFO - [901583] Grand Theft Auto IV: Complete Edition -> Grand Theft Auto IV: Complete Edition (status=exact, score=100)
[2026-09-08T18:24:31.754+0000] {matching.py:235} INFO - [899770] Last Epoch -> Last Epoch (status=exact, score=100)
[2026-09-08T18:24:31.754+0000] {matching.py:235} INFO - [340] Half-Life 2: Lost Coast -> Half-Life 2: Lost Coast (status=exact, score=100)
[2026-09-08T18:24:31.755+0000] {matching.py:235} INFO - [1091500] Cyberpunk 2077 -> Cyberpunk 2077 (status=exact, score=100)
[2026-09-08T18:24:31.756+0000] {matching.py:235} INFO - [381210] Dead by Daylight -> Dead by Daylight (status=exact, score=100)
[2026-09-08T18:24:31.756+0000] {matching.py:235} INFO - [990080] Hogwarts Legacy -> Hogwarts Legacy (status=exact, score=100)
[2026-09-08T18:24:31.757+0000] {matching.py:235} INFO - [438100] VRChat -> VRChat (status=exact, score=100)
[2026-09-08T18:24:31.757+0000] {matching.py:235} INFO - [292030] The Witcher 3: Wild Hunt - Complete Edition -> The Witcher 3 Wild Hunt - Complete Edition (status=exact, score=100)
[2026-09-08T18:24:31.758+0000] {matching.py:235} INFO - [945360] Among Us -> Among Us (status=exact, score=100)
[2026-09-08T18:24:31.758+0000] {matching.py:235} INFO - [1097150] Fall Guys: Ultimate Knockout -> Fall Guys: Ultimate Knockout (status=exact, score=100)
[2026-09-08T18:24:31.759+0000] {matching.py:235} INFO - [49520] Borderlands 2 -> Borderlands 2 (status=exact, score=100)
[2026-09-08T18:24:31.759+0000] {matching.py:235} INFO - [227300] Euro Truck Simulator 2 -> Euro Truck Simulator 2 (status=exact, score=100)
[2026-09-08T18:24:31.760+0000] {matching.py:235} INFO - [892970] Valheim -> Valheim (status=exact, score=100)
[2026-09-08T18:24:31.760+0000] {matching.py:235} INFO - [739630] Phasmophobia -> Phasmophobia (status=exact, score=100)
[2026-09-08T18:24:31.760+0000] {matching.py:235} INFO - [444090] Paladins -> Paladins (status=exact, score=100)
[2026-09-08T18:24:31.761+0000] {matching.py:235} INFO - [1203220] NARAKA: BLADEPOINT -> Naraka Bladepoint (status=exact, score=100)
[2026-09-08T18:24:31.761+0000] {matching.py:235} INFO - [320] Half-Life 2: Deathmatch -> Half-Life 2: Deathmatch (status=exact, score=100)
[2026-09-08T18:24:31.762+0000] {matching.py:235} INFO - [70] Half-Life -> Half-Life (status=exact, score=100)
[2026-09-08T18:24:31.762+0000] {matching.py:235} INFO - [582010] Monster Hunter: World -> Monster Hunter: World (status=exact, score=100)
[2026-09-08T18:24:31.762+0000] {matching.py:235} INFO - [227940] Heroes & Generals -> Heroes & Generals (status=exact, score=100)
[2026-09-08T18:24:31.763+0000] {matching.py:235} INFO - [252950] Rocket League -> Rocket League (status=exact, score=100)
[2026-09-08T18:24:31.763+0000] {matching.py:235} INFO - [108600] Project Zomboid -> Project Zomboid (status=exact, score=100)
[2026-09-08T18:24:31.764+0000] {matching.py:235} INFO - [1966720] Lethal Company -> Lethal Company (status=exact, score=100)
[2026-09-08T18:24:31.764+0000] {matching.py:235} INFO - [1174180] Red Dead Redemption 2 -> Red Dead Redemption 2 (status=exact, score=100)
[2026-09-08T18:24:31.764+0000] {matching.py:235} INFO - [1517290] Battlefield 2042 -> Battlefield 2042 (status=exact, score=100)
[2026-09-08T18:24:31.765+0000] {matching.py:235} INFO - [1240440] Halo Infinite -> Halo Infinite (status=exact, score=100)
[2026-09-08T18:24:31.765+0000] {matching.py:235} INFO - [648800] Raft -> Raft (status=exact, score=100)
[2026-09-08T18:24:31.765+0000] {matching.py:235} INFO - [386360] SMITE -> SMITE (status=exact, score=100)
[2026-09-08T18:24:31.766+0000] {matching.py:235} INFO - [444200] World of Tanks Blitz -> World of Tanks Blitz (status=exact, score=100)
[2026-09-08T18:24:31.766+0000] {matching.py:235} INFO - [10] Counter-Strike -> Counter-Strike (status=exact, score=100)
[2026-09-08T18:24:31.767+0000] {matching.py:235} INFO - [240] Counter-Strike: Source -> Counter-Strike: Source (status=exact, score=100)
[2026-09-08T18:24:31.767+0000] {matching.py:235} INFO - [3164500] Schedule I -> Schedule I (status=exact, score=100)
[2026-09-08T18:24:31.767+0000] {matching.py:235} INFO - [755790] Ring of Elysium -> Ring of Elysium (status=exact, score=100)
[2026-09-08T18:24:31.768+0000] {matching.py:235} INFO - [400] Portal -> Portal (status=exact, score=100)
[2026-09-08T18:24:31.768+0000] {matching.py:235} INFO - [1222670] The Sims 4 -> The Sims 4 (status=exact, score=100)
[2026-09-08T18:24:31.769+0000] {matching.py:235} INFO - [550650] Black Squad -> Black Squad (status=exact, score=100)
[2026-09-08T18:24:31.769+0000] {matching.py:235} INFO - [322330] Don't Starve Together -> Don't Starve Together (status=exact, score=100)
[2026-09-08T18:24:31.769+0000] {matching.py:235} INFO - [239140] Dying Light -> Dying Light (status=exact, score=100)
[2026-09-08T18:24:31.770+0000] {matching.py:235} INFO - [477160] Human Fall Flat -> Human: Fall Flat (status=exact, score=100)
[2026-09-08T18:24:31.770+0000] {matching.py:235} INFO - [251570] 7 Days to Die -> 7 Days to Die (status=exact, score=100)
[2026-09-08T18:24:31.771+0000] {matching.py:235} INFO - [100] Counter-Strike: Condition Zero -> Counter-Strike: Condition Zero (status=exact, score=100)
[2026-09-08T18:24:31.771+0000] {matching.py:235} INFO - [1665460] eFootball -> eFootball 2022 (status=high_confidence, score=78)
[2026-09-08T18:24:31.771+0000] {matching.py:235} INFO - [417910] Street Warriors Online -> Street Warriors Online (status=exact, score=100)
[2026-09-08T18:24:31.772+0000] {matching.py:235} INFO - [433850] Z1 Battle Royale -> H1Z1: Battle Royale (status=high_confidence, score=76)
[2026-09-08T18:24:31.772+0000] {matching.py:235} INFO - [594650] Hunt: Showdown 1896 -> Hunt: Showdown (status=high_confidence, score=84)
[2026-09-08T18:24:31.773+0000] {matching.py:235} INFO - [814380] Sekiro: Shadows Die Twice - GOTY Edition -> Sekiro: Shadows Die Twice (status=high_confidence, score=79)
[2026-09-08T18:24:31.773+0000] {matching.py:235} INFO - [1116170] CyberCorp -> CyberCorp (status=exact, score=100)
[2026-09-08T18:24:31.773+0000] {matching.py:235} INFO - [220] Half-Life 2 -> Half-Life 2 (status=exact, score=100)
[2026-09-08T18:24:31.774+0000] {matching.py:235} INFO - [107410] Arma 3 -> Arma 3 (status=exact, score=100)
[2026-09-08T18:24:31.774+0000] {matching.py:235} INFO - [1326470] Sons Of The Forest -> Sons of the Forest (status=exact, score=100)
[2026-09-08T18:24:31.774+0000] {matching.py:235} INFO - [219990] Grim Dawn -> Grim Dawn (status=exact, score=100)
[2026-09-08T18:24:31.775+0000] {matching.py:235} INFO - [255710] Cities: Skylines -> Cities: Skylines (status=exact, score=100)
[2026-09-08T18:24:31.775+0000] {matching.py:235} INFO - [261550] Mount & Blade II: Bannerlord -> Mount & Blade II: Bannerlord (status=exact, score=100)
[2026-09-08T18:24:31.776+0000] {matching.py:235} INFO - [8930] Sid Meier's Civilization V -> Sid Meier's Civilization V (status=exact, score=100)
[2026-09-08T18:24:31.776+0000] {matching.py:235} INFO - [304050] Trove -> Trove (status=exact, score=100)
[2026-09-08T18:24:31.776+0000] {matching.py:235} INFO - [289070] Sid Meier’s Civilization VI -> Sid Meier’s Civilization VI (status=exact, score=100)
[2026-09-08T18:24:31.777+0000] {matching.py:235} INFO - [377160] Fallout 4 -> Fallout 4 (status=exact, score=100)
[2026-09-08T18:24:31.777+0000] {matching.py:235} INFO - [532210] Life is Strange 2 -> Life is Strange 2 (status=exact, score=100)
[2026-09-08T18:24:31.778+0000] {matching.py:235} INFO - [2186680] Warhammer 40,000: Rogue Trader -> Warhammer 40,000: Rogue Trader (status=exact, score=100)
[2026-09-08T18:24:31.778+0000] {matching.py:235} INFO - [1238810] Battlefield V -> Battlefield V (status=exact, score=100)
[2026-09-08T18:24:31.778+0000] {matching.py:235} INFO - [3241660] R.E.P.O. -> R.E.P.O. (status=exact, score=100)
[2026-09-08T18:24:31.779+0000] {matching.py:235} INFO - [221100] DayZ -> DayZ (status=exact, score=100)
[2026-09-08T18:24:31.779+0000] {matching.py:235} INFO - [526870] Satisfactory -> Satisfactory (status=exact, score=100)
[2026-09-08T18:24:31.780+0000] {matching.py:235} INFO - [1089350] NBA 2K20 -> NBA 2K20 (status=exact, score=100)
[2026-09-08T18:24:31.780+0000] {matching.py:235} INFO - [632360] Risk of Rain 2 -> Risk of Rain 2 (status=exact, score=100)
[2026-09-08T18:24:31.780+0000] {matching.py:235} INFO - [1811260] EA SPORTS FIFA 23 -> EA SPORTS FIFA 23 (status=exact, score=100)
[2026-09-08T18:24:31.781+0000] {matching.py:235} INFO - [204360] Castle Crashers -> Castle Crashers (status=exact, score=100)
[2026-09-08T18:24:31.781+0000] {matching.py:235} INFO - [218230] PlanetSide 2 -> PlanetSide 2 (status=exact, score=100)
[2026-09-08T18:24:31.781+0000] {matching.py:235} INFO - [72850] The Elder Scrolls V: Skyrim -> The Elder Scrolls V: Skyrim (status=exact, score=100)
[2026-09-08T18:24:31.782+0000] {matching.py:235} INFO - [394360] Hearts of Iron IV -> Hearts of Iron IV (status=exact, score=100)
[2026-09-08T18:24:31.782+0000] {matching.py:235} INFO - [489830] The Elder Scrolls V: Skyrim Special Edition -> The Elder Scrolls V: Skyrim Special Edition (status=exact, score=100)
[2026-09-08T18:24:31.783+0000] {matching.py:235} INFO - [322170] Geometry Dash -> Geometry Dash (status=exact, score=100)
[2026-09-08T18:24:31.783+0000] {matching.py:235} INFO - [1446780] MONSTER HUNTER RISE -> Monster Hunter Rise (status=exact, score=100)
[2026-09-08T18:24:31.783+0000] {matching.py:235} INFO - [224260] No More Room in Hell -> No More Room in Hell (status=exact, score=100)
[2026-09-08T18:24:31.784+0000] {matching.py:235} INFO - [203160] Tomb Raider Game of the Year -> Rise of the Tomb Raider (status=review, score=71)
[2026-09-08T18:24:31.784+0000] {matching.py:235} INFO - [275850] No Man's Sky -> No Man's Sky (status=exact, score=100)
[2026-09-08T18:24:31.785+0000] {matching.py:235} INFO - [367520] Hollow Knight -> Hollow Knight (status=exact, score=100)
[2026-09-08T18:24:31.785+0000] {matching.py:235} INFO - [301520] Robocraft -> Robocraft (status=exact, score=100)
[2026-09-08T18:24:31.785+0000] {matching.py:235} INFO - [767560] War Robots -> War Robots (status=exact, score=100)
[2026-09-08T18:24:31.786+0000] {matching.py:235} INFO - [2050650] Resident Evil 4 -> Resident Evil 4 (status=exact, score=100)
[2026-09-08T18:24:31.786+0000] {matching.py:235} INFO - [466240] Deceit -> Deceit (status=exact, score=100)
[2026-09-08T18:24:31.786+0000] {matching.py:235} INFO - [284160] BeamNG.drive -> BeamNG.drive (status=exact, score=100)
[2026-09-08T18:24:31.787+0000] {matching.py:235} INFO - [278360] A Story About My Uncle -> A Story About My Uncle (status=exact, score=100)
[2026-09-08T18:24:31.787+0000] {matching.py:235} INFO - [264710] Subnautica -> Subnautica (status=exact, score=100)
[2026-09-08T18:24:31.788+0000] {matching.py:235} INFO - [80] Counter-Strike: Condition Zero -> Counter-Strike: Condition Zero (status=exact, score=100)
[2026-09-08T18:24:31.788+0000] {matching.py:235} INFO - [370910] Kathy Rain -> Kathy Rain (status=exact, score=100)
[2026-09-08T18:24:31.789+0000] {matching.py:235} INFO - [40] Deathmatch Classic -> Deathmatch Classic (status=exact, score=100)
[2026-09-08T18:24:31.789+0000] {matching.py:235} INFO - [275390] Guacamelee! Super Turbo Championship Edition -> Guacamelee! Super Turbo Championship Edition (status=exact, score=100)
[2026-09-08T18:24:31.790+0000] {matching.py:235} INFO - [2881650] Content Warning -> Content Warning (status=exact, score=100)
[2026-09-08T18:24:31.790+0000] {matching.py:235} INFO - [311210] Call of Duty: Black Ops III -> Call of Duty: Black Ops III (status=exact, score=100)
[2026-09-08T18:24:31.790+0000] {matching.py:235} INFO - [333930] Dirty Bomb -> Dirty Bomb (status=exact, score=100)
[2026-09-08T18:24:31.791+0000] {matching.py:235} INFO - [1172620] Sea of Thieves: 2026 Edition -> Sea of Thieves 64 - RetroJam 2021 (status=unmatched, score=69)
[2026-09-08T18:24:31.791+0000] {matching.py:235} INFO - [22380] Fallout: New Vegas -> Fallout: New Vegas (status=exact, score=100)
[2026-09-08T18:24:31.792+0000] {matching.py:235} INFO - [250900] The Binding of Isaac: Rebirth -> The Binding of Isaac: Rebirth (status=exact, score=100)
[2026-09-08T18:24:31.792+0000] {matching.py:235} INFO - [700330] SCP: Secret Laboratory -> SCP: Secret Laboratory (status=exact, score=100)
[2026-09-08T18:24:31.793+0000] {matching.py:235} INFO - [10180] Call of Duty: Modern Warfare 2 (2009) -> Call of Duty: Modern Warfare 2 (status=high_confidence, score=92)
[2026-09-08T18:24:31.793+0000] {matching.py:235} INFO - [582660] Black Desert -> Black Desert Online (status=high_confidence, score=77)
[2026-09-08T18:24:31.793+0000] {matching.py:235} INFO - [1229490] ULTRAKILL -> Ultrakill (status=exact, score=100)
[2026-09-08T18:24:31.794+0000] {matching.py:235} INFO - [1046930] Dota Underlords -> Dota Underlords (status=exact, score=100)
[2026-09-08T18:24:31.794+0000] {matching.py:235} INFO - [1426210] It Takes Two -> It Takes Two (status=exact, score=100)
[2026-09-08T18:24:31.795+0000] {matching.py:235} INFO - [2195250] EA SPORTS FC 24 -> EA SPORTS FC 24 (status=exact, score=100)
[2026-09-08T18:24:31.795+0000] {matching.py:235} INFO - [2183900] Warhammer 40,000: Space Marine 2 -> Warhammer 40,000: Space Marine 2 (status=exact, score=100)
[2026-09-08T18:24:31.796+0000] {matching.py:235} INFO - [883710] Resident Evil 2 -> Resident Evil 2 (status=exact, score=100)
[2026-09-08T18:24:31.796+0000] {matching.py:235} INFO - [219640] Chivalry: Medieval Warfare -> Chivalry: Medieval Warfare (status=exact, score=100)
[2026-09-08T18:24:31.796+0000] {matching.py:235} INFO - [306130] The Elder Scrolls Online -> The Elder Scrolls Online (status=exact, score=100)
[2026-09-08T18:24:31.797+0000] {matching.py:235} INFO - [244210] Assetto Corsa -> Assetto Corsa (status=exact, score=100)
[2026-09-08T18:24:31.797+0000] {matching.py:235} INFO - [268500] XCOM 2 -> XCOM 2 (status=exact, score=100)
[2026-09-08T18:24:31.798+0000] {matching.py:235} INFO - [1794680] Vampire Survivors -> Vampire Survivors (status=exact, score=100)
[2026-09-08T18:24:31.798+0000] {matching.py:235} INFO - [1818750] MultiVersus -> MultiVersus (status=exact, score=100)
[2026-09-08T18:24:31.799+0000] {matching.py:235} INFO - [242050] Assassin’s Creed IV Black Flag -> Assassin’s Creed IV: Black Flag (status=exact, score=100)
[2026-09-08T18:24:31.799+0000] {matching.py:235} INFO - [30] Day of Defeat -> Day of Defeat (status=exact, score=100)
[2026-09-08T18:24:31.800+0000] {matching.py:235} INFO - [236850] Europa Universalis IV -> Europa Universalis IV (status=exact, score=100)
[2026-09-08T18:24:31.800+0000] {matching.py:235} INFO - [363970] Clicker Heroes -> Clicker Heroes (status=exact, score=100)
[2026-09-08T18:24:31.800+0000] {matching.py:235} INFO - [253710] theHunter Classic -> theHunter (status=high_confidence, score=69)
[2026-09-08T18:24:31.801+0000] {matching.py:235} INFO - [379720] DOOM -> DOOM (status=exact, score=100)
[2026-09-08T18:24:31.801+0000] {matching.py:235} INFO - [273350] Evolve Stage 2 -> Evolve Stage 2 (status=exact, score=100)
[2026-09-08T18:24:31.802+0000] {matching.py:235} INFO - [1782210] Crab Game -> Crab Game (status=exact, score=100)
[2026-09-08T18:24:31.802+0000] {matching.py:235} INFO - [844870] KurtzPel -> KurtzPel (status=exact, score=100)
[2026-09-08T18:24:31.802+0000] {matching.py:235} INFO - [601150] Devil May Cry 5 -> Devil May Cry 5 (status=exact, score=100)
[2026-09-08T18:24:31.803+0000] {matching.py:235} INFO - [1286830] STAR WARS: The Old Republic -> Star Wars: The Old Republic (status=exact, score=100)
[2026-09-08T18:24:31.803+0000] {matching.py:235} INFO - [365670] Blender -> Blender Bros. (status=high_confidence, score=74)
[2026-09-08T18:24:31.803+0000] {matching.py:235} INFO - [319630] Life is Strange - Episode 1 -> Life is Strange 2 - Episode 1 (status=high_confidence, score=96)
[2026-09-08T18:24:31.804+0000] {matching.py:235} INFO - [1293830] Forza Horizon 4 -> Forza Horizon 4 (status=exact, score=100)
[2026-09-08T18:24:31.804+0000] {matching.py:235} INFO - [1145360] Hades -> Hades (status=exact, score=100)
[2026-09-08T18:24:31.805+0000] {matching.py:235} INFO - [671860] BattleBit Remastered -> BattleBit Remastered (status=exact, score=100)
[2026-09-08T18:24:31.805+0000] {matching.py:235} INFO - [427520] Factorio -> Factorio (status=exact, score=100)
[2026-09-08T18:24:31.805+0000] {matching.py:235} INFO - [221380] Age of Empires II (Retired) -> Age of Empires: The Rise of Rome (status=review, score=71)
[2026-09-08T18:24:31.806+0000] {matching.py:235} INFO - [231430] Company of Heroes 2 -> Company of Heroes 2 (status=exact, score=100)
[2026-09-08T18:24:31.806+0000] {matching.py:235} INFO - [813820] Realm Royale -> Realm Royale (status=exact, score=100)
[2026-09-08T18:24:31.807+0000] {matching.py:235} INFO - [594570] Total War: WARHAMMER II -> Total War: WARHAMMER II (status=exact, score=100)
[2026-09-08T18:24:31.807+0000] {matching.py:235} INFO - [391540] Undertale -> Undertale (status=exact, score=100)
[2026-09-08T18:24:31.807+0000] {matching.py:235} INFO - [976730] Halo: The Master Chief Collection -> Halo: The Master Chief Collection (status=exact, score=100)
[2026-09-08T18:24:31.808+0000] {matching.py:235} INFO - [646570] Slay the Spire -> Slay the Spire (status=exact, score=100)
[2026-09-08T18:24:31.808+0000] {matching.py:235} INFO - [588650] Dead Cells -> Dead Cells (status=exact, score=100)
[2026-09-08T18:24:31.809+0000] {matching.py:235} INFO - [268910] Cuphead -> Cuphead (status=exact, score=100)
[2026-09-08T18:24:31.809+0000] {matching.py:235} INFO - [439700] Z1 Battle Royale: Test Server -> Surviv.io - Battle Royale (status=unmatched, score=68)
[2026-09-08T18:24:31.809+0000] {matching.py:235} INFO - [500] Left 4 Dead -> Left 4 Dead (status=exact, score=100)
[2026-09-08T18:24:31.810+0000] {matching.py:235} INFO - [1118200] People Playground -> People Playground (status=exact, score=100)
[2026-09-08T18:24:31.810+0000] {matching.py:235} INFO - [620] Portal 2 -> Portal 2 (status=exact, score=100)
[2026-09-08T18:24:31.811+0000] {matching.py:235} INFO - [1551360] Forza Horizon 5 -> Forza Horizon 5 (status=exact, score=100)
[2026-09-08T18:24:31.811+0000] {matching.py:235} INFO - [1049590] Eternal Return -> Eternal Return (status=exact, score=100)
[2026-09-08T18:24:31.811+0000] {matching.py:235} INFO - [380] Half-Life 2: Episode One -> Half-Life 2: Episode One (status=exact, score=100)
[2026-09-08T18:24:31.812+0000] {matching.py:235} INFO - [360] Half-Life Deathmatch: Source -> Half-Life Deathmatch: Source (status=exact, score=100)
[2026-09-08T18:24:31.812+0000] {matching.py:235} INFO - [779340] Total War: THREE KINGDOMS -> Total War: THREE KINGDOMS (status=exact, score=100)
[2026-09-08T18:24:31.813+0000] {matching.py:235} INFO - [233450] Prison Architect -> Prison Architect (status=exact, score=100)
[2026-09-08T18:24:31.813+0000] {matching.py:235} INFO - [782330] DOOM Eternal -> DOOM Eternal (status=exact, score=100)
[2026-09-08T18:24:31.814+0000] {matching.py:235} INFO - [223710] Cry of Fear -> Cry of Fear (status=exact, score=100)
[2026-09-08T18:24:31.814+0000] {matching.py:235} INFO - [513710] SCUM -> SCUM (status=exact, score=100)
[2026-09-08T18:24:31.814+0000] {matching.py:235} INFO - [677620] Splitgate: Arena Warfare -> Armored Warfare (status=unmatched, score=58)
[2026-09-08T18:24:31.815+0000] {matching.py:235} INFO - [1677740] Stumble Guys -> Stumble Guys (status=exact, score=100)
[2026-09-08T18:24:31.815+0000] {matching.py:235} INFO - [109600] Neverwinter -> Neverwinter (status=exact, score=100)
[2026-09-08T18:24:31.816+0000] {matching.py:235} INFO - [420] Half-Life 2: Episode Two -> Half-Life 2: Episode Two (status=exact, score=100)
[2026-09-08T18:24:31.816+0000] {matching.py:235} INFO - [397900] Business Tour - Board Game with Online Multiplayer -> Business Empire - Online Board Game (status=unmatched, score=67)
[2026-09-08T18:24:31.816+0000] {matching.py:235} INFO - [698780] Doki Doki Literature Club! -> Doki Doki Literature Club! (status=exact, score=100)
[2026-09-08T18:24:31.817+0000] {matching.py:235} INFO - [435150] Divinity: Original Sin 2 - Definitive Edition -> Divinity: Original Sin 2 - Definitive Edition (status=exact, score=100)
[2026-09-08T18:24:31.817+0000] {matching.py:235} INFO - [1100600] Football Manager 2020 -> Football Manager 2020 (status=exact, score=100)
[2026-09-08T18:24:31.818+0000] {matching.py:235} INFO - [1604030] V Rising -> V Rising (status=exact, score=100)
[2026-09-08T18:24:31.818+0000] {matching.py:235} INFO - [534380] Dying Light 2 Stay Human: Reloaded Edition -> Dying Light 2 Stay Human (status=high_confidence, score=74)
[2026-09-08T18:24:31.818+0000] {matching.py:235} INFO - [766570] Russian Fishing 4 -> Russian Fishing 4 (status=exact, score=100)
[2026-09-08T18:24:31.819+0000] {matching.py:235} INFO - [548430] Deep Rock Galactic -> Deep Rock Galactic (status=exact, score=100)
[2026-09-08T18:24:31.819+0000] {matching.py:235} INFO - [294100] RimWorld -> RimWorld (status=exact, score=100)
[2026-09-08T18:24:31.820+0000] {matching.py:235} INFO - [273110] Counter-Strike Nexon: Studio -> Counter-Strike Nexon: Zombies (status=review, score=79)
[2026-09-08T18:24:31.820+0000] {matching.py:235} INFO - [868270] The Cycle: Frontier -> The Cycle: Frontier (status=exact, score=100)
[2026-09-08T18:24:31.820+0000] {matching.py:235} INFO - [863550] HITMAN 2 -> Hitman 2 (status=exact, score=100)
[2026-09-08T18:24:31.821+0000] {matching.py:235} INFO - [1237970] Titanfall 2 -> Titanfall 2 (status=exact, score=100)
[2026-09-08T18:24:31.821+0000] {matching.py:235} INFO - [555570] Infestation: The New Z -> Infestation: The New Z (status=exact, score=100)
[2026-09-08T18:24:31.822+0000] {matching.py:235} INFO - [10190] Call of Duty: Modern Warfare 2 (2009) -> Call of Duty: Modern Warfare 2 (status=high_confidence, score=92)
[2026-09-08T18:24:31.822+0000] {matching.py:235} INFO - [424840] Little Nightmares -> Little Nightmares (status=exact, score=100)
[2026-09-08T18:24:31.823+0000] {matching.py:235} INFO - [2669320] EA SPORTS FC 25 -> EA SPORTS FC 25 (status=exact, score=100)
[2026-09-08T18:24:31.823+0000] {matching.py:235} INFO - [518790] theHunter: Call of the Wild -> theHunter: Call of the Wild (status=exact, score=100)
[2026-09-08T18:24:31.824+0000] {matching.py:235} INFO - [365590] Tom Clancy’s The Division -> Tom Clancy’s The Division (status=exact, score=100)
[2026-09-08T18:24:31.825+0000] {matching.py:235} INFO - [223470] POSTAL 2 -> POSTAL 2 (status=exact, score=100)
[2026-09-08T18:24:31.825+0000] {matching.py:235} INFO - [241930] Middle-earth: Shadow of Mordor -> Middle-earth: Shadow of Mordor (status=exact, score=100)
[2026-09-08T18:24:31.825+0000] {matching.py:235} INFO - [346900] AdVenture Capitalist -> AdVenture Capitalist (status=exact, score=100)
[2026-09-08T18:24:31.826+0000] {matching.py:235} INFO - [3240220] Grand Theft Auto V Enhanced -> Grand Theft Auto V Enhanced (status=exact, score=100)
[2026-09-08T18:24:31.826+0000] {matching.py:235} INFO - [440900] Conan Exiles Enhanced -> Conan Exiles (status=high_confidence, score=73)
[2026-09-08T18:24:31.827+0000] {matching.py:235} INFO - [374320] DARK SOULS III -> Dark Souls III (status=exact, score=100)
[2026-09-08T18:24:31.827+0000] {matching.py:235} INFO - [1868140] DAVE THE DIVER -> Dave the Diver (status=exact, score=100)
[2026-09-08T18:24:31.827+0000] {matching.py:235} INFO - [304390] FOR HONOR -> For Honor (status=exact, score=100)
[2026-09-08T18:24:31.828+0000] {matching.py:235} INFO - [208090] Loadout -> Loadout (status=exact, score=100)
[2026-09-08T18:24:31.828+0000] {matching.py:235} INFO - [48700] Mount & Blade: Warband -> Mount & Blade: Warband (status=exact, score=100)
[2026-09-08T18:24:31.829+0000] {matching.py:235} INFO - [2630] Call of Duty 2 -> Call of Duty 2 (status=exact, score=100)
[2026-09-08T18:24:31.829+0000] {matching.py:235} INFO - [12210] Grand Theft Auto IV: The Complete Edition -> Grand Theft Auto IV: Complete Edition (status=high_confidence, score=95)
[2026-09-08T18:24:31.830+0000] {matching.py:235} INFO - [1144200] Ready or Not -> Ready or Not (status=exact, score=100)
[2026-09-08T18:24:31.830+0000] {matching.py:235} INFO - [113400] APB Reloaded -> APB Reloaded (status=exact, score=100)
[2026-09-08T18:24:31.830+0000] {matching.py:235} INFO - [1332010] Stray -> Stray (status=exact, score=100)
[2026-09-08T18:24:31.831+0000] {matching.py:235} INFO - [206420] Saints Row IV: Re-Elected -> Saints Row IV: Re-Elected (status=exact, score=100)
[2026-09-08T18:24:31.831+0000] {matching.py:235} INFO - [380600] Fishing Planet -> Fishing Planet (status=exact, score=100)
[2026-09-08T18:24:31.831+0000] {matching.py:235} INFO - [225540] Just Cause 3 -> Just Cause 3 (status=exact, score=100)
[2026-09-08T18:24:31.832+0000] {matching.py:235} INFO - [285800] Braveland -> Braveland (status=exact, score=100)
[2026-09-08T18:24:31.832+0000] {matching.py:235} INFO - [286690] Metro 2033 Redux -> Metro 2033 Redux (status=exact, score=100)
[2026-09-08T18:24:31.833+0000] {matching.py:235} INFO - [223750] DCS World Steam Edition -> CROSS†CHANNEL: Steam Edition (status=unmatched, score=65)
[2026-09-08T18:24:31.833+0000] {matching.py:235} INFO - [1593500] God of War -> God Of War (status=exact, score=100)
[2026-09-08T18:24:31.834+0000] {matching.py:235} INFO - [386180] Crossout -> Crossout (status=exact, score=100)
[2026-09-08T18:24:31.834+0000] {matching.py:235} INFO - [1238840] Battlefield 1 -> Battlefield 1 (status=exact, score=100)
[2026-09-08T18:24:31.834+0000] {matching.py:235} INFO - [812140] Assassin's Creed Odyssey -> Assassin's Creed Odyssey (status=exact, score=100)
[2026-09-08T18:24:31.835+0000] {matching.py:235} INFO - [1721470] Poppy Playtime -> Poppy Playtime (status=exact, score=100)
[2026-09-08T18:24:31.835+0000] {matching.py:235} INFO - [960090] Bloons TD 6 -> Bloons TD 6 (status=exact, score=100)
[2026-09-08T18:24:31.836+0000] {matching.py:235} INFO - [55230] Saints Row: The Third -> Saints Row: The Third (status=exact, score=100)
[2026-09-08T18:24:31.836+0000] {matching.py:235} INFO - [262060] Darkest Dungeon -> Darkest Dungeon (status=exact, score=100)
[2026-09-08T18:24:31.836+0000] {matching.py:235} INFO - [761890] Albion Online -> Albion Online (status=exact, score=100)
[2026-09-08T18:24:31.837+0000] {matching.py:235} INFO - [2001120] Split Fiction -> Split Fiction (status=exact, score=100)
[2026-09-08T18:24:31.837+0000] {matching.py:235} INFO - [281990] Stellaris -> Stellaris (status=exact, score=100)
[2026-09-08T18:24:31.837+0000] {matching.py:235} INFO - [252130] Divide By Sheep -> Divide By Sheep (status=exact, score=100)
[2026-09-08T18:24:31.838+0000] {matching.py:235} INFO - [211820] Starbound -> Starbound (status=exact, score=100)
[2026-09-08T18:24:31.838+0000] {matching.py:235} INFO - [8190] Just Cause 2 -> Just Cause 2 (status=exact, score=100)
[2026-09-08T18:24:31.839+0000] {matching.py:235} INFO - [6060] STAR WARS Battlefront II (Classic, 2005) -> Star Wars: Battlefront II (2005) (status=high_confidence, score=88)
[2026-09-08T18:24:31.839+0000] {matching.py:235} INFO - [508440] Totally Accurate Battle Simulator -> Totally Accurate Battle Simulator (status=exact, score=100)
[2026-09-08T18:24:31.839+0000] {matching.py:235} INFO - [115300] Call of Duty: Modern Warfare 3 (2011) -> Call of Duty: Modern Warfare (2019) (status=high_confidence, score=94)
[2026-09-08T18:24:31.840+0000] {matching.py:235} INFO - [42910] Magicka -> Magicka (status=exact, score=100)
[2026-09-08T18:24:31.840+0000] {matching.py:235} INFO - [39210] FINAL FANTASY XIV Online -> Final Fantasy XIV (status=high_confidence, score=83)
[2026-09-08T18:24:31.841+0000] {matching.py:235} INFO - [1222680] Need for Speed Heat -> Need for Speed Heat (status=exact, score=100)
[2026-09-08T18:24:31.841+0000] {matching.py:235} INFO - [351940] The Descendant -> The Descendant (status=exact, score=100)
[2026-09-08T18:24:31.841+0000] {matching.py:235} INFO - [1250] Killing Floor -> Killing Floor (status=exact, score=100)
[2026-09-08T18:24:31.842+0000] {matching.py:235} INFO - [2623190] The Elder Scrolls IV: Oblivion Remastered -> The Elder Scrolls IV: Oblivion Remastered (status=exact, score=100)
[2026-09-08T18:24:31.842+0000] {matching.py:235} INFO - [323190] Frostpunk -> Frostpunk (status=exact, score=100)
[2026-09-08T18:24:31.842+0000] {matching.py:235} INFO - [1716740] Starfield -> Starfield (status=exact, score=100)
[2026-09-08T18:24:31.843+0000] {matching.py:235} INFO - [813780] Age of Empires II: Definitive Edition -> Age of Empires II: Definitive Edition (status=exact, score=100)
[2026-09-08T18:24:31.843+0000] {matching.py:235} INFO - [630] Alien Swarm -> Alien Swarm (status=exact, score=100)
[2026-09-08T18:24:31.844+0000] {matching.py:235} INFO - [57300] Amnesia: The Dark Descent -> Amnesia: The Dark Descent (status=exact, score=100)
[2026-09-08T18:24:31.844+0000] {matching.py:235} INFO - [395170] DISTRAINT: Deluxe Edition -> Distraint: Deluxe Edition (status=exact, score=100)
[2026-09-08T18:24:31.845+0000] {matching.py:235} INFO - [20920] The Witcher 2: Assassins of Kings Enhanced Edition -> The Witcher 2: Assassins of Kings Enhanced Edition (status=exact, score=100)
[2026-09-08T18:24:31.845+0000] {matching.py:235} INFO - [212680] FTL: Faster Than Light -> FTL: Faster Than Light (status=exact, score=100)
[2026-09-08T18:24:31.846+0000] {matching.py:235} INFO - [504370] Battlerite -> Battlerite (status=exact, score=100)
[2026-09-08T18:24:31.846+0000] {matching.py:235} INFO - [286160] Tabletop Simulator -> Tabletop Simulator (status=exact, score=100)
[2026-09-08T18:24:31.847+0000] {matching.py:235} INFO - [311690] Enter the Gungeon -> Enter the Gungeon (status=exact, score=100)
[2026-09-08T18:24:31.847+0000] {matching.py:235} INFO - [355840] Survarium -> Survarium (status=exact, score=100)
[2026-09-08T18:24:31.847+0000] {matching.py:235} INFO - [1145350] Hades II -> Hades II (status=exact, score=100)
[2026-09-08T18:24:31.848+0000] {matching.py:235} INFO - [1366800] Crosshair X -> MLB 10: The Show (status=unmatched, score=23)
[2026-09-08T18:24:31.848+0000] {matching.py:235} INFO - [1196590] Resident Evil Village -> Resident Evil: Village (status=exact, score=100)
[2026-09-08T18:24:31.848+0000] {matching.py:235} INFO - [613100] House Flipper -> House Flipper (status=exact, score=100)
[2026-09-08T18:24:31.849+0000] {matching.py:235} INFO - [1172380] STAR WARS Jedi: Fallen Order -> Star Wars Jedi: Fallen Order (status=exact, score=100)
[2026-09-08T18:24:31.849+0000] {matching.py:235} INFO - [202970] Call of Duty: Black Ops II -> Call of Duty: Black Ops II (status=exact, score=100)
[2026-09-08T18:24:31.850+0000] {matching.py:235} INFO - [304430] INSIDE -> INSIDE (status=exact, score=100)
[2026-09-08T18:24:31.850+0000] {matching.py:235} INFO - [3590] Plants vs. Zombies GOTY Edition -> Plants vs. Zombies GOTY Edition (status=exact, score=100)
[2026-09-08T18:24:31.850+0000] {matching.py:235} INFO - [1260320] Party Animals -> Party Animals (status=exact, score=100)
[2026-09-08T18:24:31.851+0000] {matching.py:235} INFO - [33930] Arma 2: Operation Arrowhead -> ArmA II: Operation Arrowhead (status=high_confidence, score=91)
[2026-09-08T18:24:31.851+0000] {matching.py:235} INFO - [212500] The Lord of the Rings Online -> The Lord of the Rings Online (status=exact, score=100)
[2026-09-08T18:24:31.852+0000] {matching.py:235} INFO - [457140] Oxygen Not Included -> Oxygen Not Included (status=exact, score=100)
[2026-09-08T18:24:31.852+0000] {matching.py:235} INFO - [620980] Beat Saber -> Beat Saber (status=exact, score=100)
[2026-09-08T18:24:31.853+0000] {matching.py:235} INFO - [1222140] Detroit: Become Human -> Detroit: Become Human (status=exact, score=100)
[2026-09-08T18:24:31.853+0000] {matching.py:235} INFO - [1817070] Marvel’s Spider-Man Remastered -> Marvel's Spider-Man Remastered (status=exact, score=100)
[2026-09-08T18:24:31.854+0000] {matching.py:235} INFO - [205100] Dishonored -> Dishonored (status=exact, score=100)
[2026-09-08T18:24:31.854+0000] {matching.py:235} INFO - [24240] PAYDAY The Heist -> PAYDAY The Heist (status=exact, score=100)
[2026-09-08T18:24:31.855+0000] {matching.py:235} INFO - [1506830] FIFA 22 -> FIFA 22 (status=exact, score=100)
[2026-09-08T18:24:31.855+0000] {matching.py:235} INFO - [871720] Ultimate Custom Night -> Ultimate Custom Night (status=exact, score=100)
[2026-09-08T18:24:31.856+0000] {matching.py:235} INFO - [962130] Grounded -> Grounded (status=exact, score=100)
[2026-09-08T18:24:31.856+0000] {matching.py:235} INFO - [356190] Middle-earth: Shadow of War -> Middle-earth: Shadow of War (status=exact, score=100)
[2026-09-08T18:24:31.857+0000] {matching.py:235} INFO - [274190] Broforce -> Broforce (status=exact, score=100)
[2026-09-08T18:24:31.857+0000] {matching.py:235} INFO - [234140] Mad Max -> Mad Max (status=exact, score=100)
[2026-09-08T18:24:31.858+0000] {matching.py:235} INFO - [8500] EVE Online -> EVE Online (status=exact, score=100)
[2026-09-08T18:24:31.858+0000] {matching.py:235} INFO - [552520] Far Cry 5 -> Far Cry 5 (status=exact, score=100)
[2026-09-08T18:24:31.859+0000] {matching.py:235} INFO - [7670] BioShock -> BioShock (status=exact, score=100)
[2026-09-08T18:24:31.859+0000] {matching.py:235} INFO - [760160] Vampire: The Masquerade - Bloodhunt -> Vampire: The Masquerade - Bloodhunt (status=exact, score=100)
[2026-09-08T18:24:31.860+0000] {matching.py:235} INFO - [270880] American Truck Simulator -> American Truck Simulator (status=exact, score=100)
[2026-09-08T18:24:31.860+0000] {matching.py:235} INFO - [1203620] Enshrouded -> Enshrouded (status=exact, score=100)
[2026-09-08T18:24:31.860+0000] {matching.py:235} INFO - [601510] Yu-Gi-Oh! Duel Links -> Yu-Gi-Oh! Duel Links (status=exact, score=100)
[2026-09-08T18:24:31.861+0000] {matching.py:235} INFO - [397540] Borderlands 3 -> Borderlands 3 (status=exact, score=100)
[2026-09-08T18:24:31.861+0000] {matching.py:235} INFO - [12120] Grand Theft Auto: San Andreas -> Grand Theft Auto: San Andreas (status=exact, score=100)
[2026-09-08T18:24:31.862+0000] {matching.py:235} INFO - [236870] HITMAN -> Hitman (status=exact, score=100)
[2026-09-08T18:24:31.862+0000] {matching.py:235} INFO - [674940] Stick Fight: The Game -> Stick Fight: The Game (status=exact, score=100)
[2026-09-08T18:24:31.862+0000] {matching.py:235} INFO - [884660] CRSED: F.O.A.D. -> CRSED (status=high_confidence, score=67)
[2026-09-08T18:24:31.863+0000] {matching.py:235} INFO - [701160] Kingdom Two Crowns -> Kingdom: Two Crowns (status=exact, score=100)
[2026-09-08T18:24:31.863+0000] {matching.py:235} INFO - [1832640] Mirror 2: Project X -> Mirror 2: Project X (status=exact, score=100)
[2026-09-08T18:24:31.864+0000] {matching.py:235} INFO - [208650] Batman: Arkham Knight -> Batman: Arkham Knight (status=exact, score=100)
[2026-09-08T18:24:31.864+0000] {matching.py:235} INFO - [48000] LIMBO -> Limbo (status=exact, score=100)
[2026-09-08T18:24:31.864+0000] {matching.py:235} INFO - [2379780] Balatro -> Balatro (status=exact, score=100)
[2026-09-08T18:24:31.865+0000] {matching.py:235} INFO - [298110] Far Cry 4 -> Far Cry 4 (status=exact, score=100)
[2026-09-08T18:24:31.865+0000] {matching.py:235} INFO - [42710] Call of Duty: Black Ops -> Call of Duty: Black Ops (status=exact, score=100)
[2026-09-08T18:24:31.866+0000] {matching.py:235} INFO - [200710] Torchlight II -> Torchlight II (status=exact, score=100)
[2026-09-08T18:24:31.866+0000] {matching.py:235} INFO - [203770] Crusader Kings II -> Crusader Kings II (status=exact, score=100)
[2026-09-08T18:24:31.866+0000] {matching.py:235} INFO - [1903340] Clair Obscur: Expedition 33 -> Clair Obscur: Expedition 33 (status=exact, score=100)
[2026-09-08T18:24:31.867+0000] {matching.py:235} INFO - [244850] Space Engineers -> Space Engineers (status=exact, score=100)
[2026-09-08T18:24:31.867+0000] {matching.py:235} INFO - [1366540] Dyson Sphere Program -> Dyson Sphere Program (status=exact, score=100)
[2026-09-08T18:24:31.867+0000] {matching.py:235} INFO - [2709570] Supermarket Together -> Supermarket Together (status=exact, score=100)
[2026-09-08T18:24:31.868+0000] {matching.py:235} INFO - [201270] Total War: SHOGUN 2 -> Total War: SHOGUN 2 (status=exact, score=100)
[2026-09-08T18:24:31.868+0000] {matching.py:235} INFO - [389730] TEKKEN 7 -> TEKKEN 7 (status=exact, score=100)
[2026-09-08T18:24:31.869+0000] {matching.py:235} INFO - [10090] Call of Duty: World at War -> Call of Duty: World at War (status=exact, score=100)
[2026-09-08T18:24:31.869+0000] {matching.py:235} INFO - [1259420] Days Gone -> Days Gone (status=exact, score=100)
[2026-09-08T18:24:31.871+0000] {matching.py:235} INFO - [261640] Borderlands: The Pre-Sequel -> Borderlands: The Pre-Sequel (status=exact, score=100)
[2026-09-08T18:24:31.871+0000] {matching.py:235} INFO - [220200] Kerbal Space Program -> Kerbal Space Program (status=exact, score=100)
[2026-09-08T18:24:31.872+0000] {matching.py:235} INFO - [1142710] Total War: WARHAMMER III -> Total War: WARHAMMER III (status=exact, score=100)
[2026-09-08T18:24:31.872+0000] {matching.py:235} INFO - [265630] Fistful of Frags -> Fistful of Frags (status=exact, score=100)
[2026-09-08T18:24:31.873+0000] {matching.py:235} INFO - [219150] Hotline Miami -> Hotline Miami (status=exact, score=100)
[2026-09-08T18:24:31.873+0000] {matching.py:235} INFO - [312990] The Expendabros -> The Expendabros (status=exact, score=100)
[2026-09-08T18:24:31.873+0000] {matching.py:235} INFO - [418460] Rising Storm 2: Vietnam -> Rising Storm 2: VIETNAM (status=exact, score=100)
[2026-09-08T18:24:31.874+0000] {matching.py:235} INFO - [211500] RaceRoom Racing Experience -> RaceRoom Racing Experience (status=exact, score=100)
[2026-09-08T18:24:31.874+0000] {matching.py:235} INFO - [506540] Last Man Standing -> Last Man Standing (status=exact, score=100)
[2026-09-08T18:24:31.875+0000] {matching.py:235} INFO - [20900] The Witcher: Enhanced Edition Director's Cut -> The Witcher: Enhanced Edition Director's Cut (status=exact, score=100)
[2026-09-08T18:24:31.875+0000] {matching.py:235} INFO - [552500] Warhammer: Vermintide 2 -> Warhammer: Vermintide 2 (status=exact, score=100)
[2026-09-08T18:24:31.875+0000] {matching.py:235} INFO - [1057090] Ori and the Will of the Wisps -> Ori and the Will of the Wisps (status=exact, score=100)
[2026-09-08T18:24:31.876+0000] {matching.py:235} INFO - [359320] Elite Dangerous -> Elite Dangerous (status=exact, score=100)
[2026-09-08T18:24:31.876+0000] {matching.py:235} INFO - [214950] Total War: ROME II - Emperor Edition -> Total War: ROME II - Emperor Edition (status=exact, score=100)
[2026-09-08T18:24:31.877+0000] {matching.py:235} INFO - [9480] Saints Row 2 -> Saints Row 2 (status=exact, score=100)
[2026-09-08T18:24:31.877+0000] {matching.py:235} INFO - [245170] Skullgirls 2nd Encore -> Skullgirls 2nd Encore (status=exact, score=100)
[2026-09-08T18:24:31.877+0000] {matching.py:235} INFO - [207610] The Walking Dead -> The Walking Dead (status=exact, score=100)
[2026-09-08T18:24:31.878+0000] {matching.py:235} INFO - [35450] Red Orchestra 2: Heroes of Stalingrad with Rising Storm -> Red Orchestra 2: Heroes of Stalingrad with Rising Storm (status=exact, score=100)
[2026-09-08T18:24:31.878+0000] {matching.py:235} INFO - [285900] Gang Beasts -> Gang Beasts (status=exact, score=100)
[2026-09-08T18:24:31.879+0000] {matching.py:235} INFO - [232090] Killing Floor 2 -> Killing Floor 2 (status=exact, score=100)
[2026-09-08T18:24:31.879+0000] {matching.py:235} INFO - [42680] Call of Duty: Modern Warfare 3 (2011) -> Call of Duty: Modern Warfare (2019) (status=high_confidence, score=94)
[2026-09-08T18:24:31.879+0000] {matching.py:235} INFO - [918570] Century: Age of Ashes -> Century: Age of Ashes (status=exact, score=100)
[2026-09-08T18:24:31.880+0000] {matching.py:235} INFO - [1771300] Kingdom Come: Deliverance II -> Kingdom Come: Deliverance II (status=exact, score=100)
[2026-09-08T18:24:31.880+0000] {matching.py:235} INFO - [447040] Watch_Dogs 2 -> Watch Dogs 2 (status=unmatched, score=61)
[2026-09-08T18:24:31.881+0000] {matching.py:235} INFO - [200510] XCOM: Enemy Unknown -> XCOM: Enemy Unknown (status=exact, score=100)
[2026-09-08T18:24:31.881+0000] {matching.py:235} INFO - [361420] ASTRONEER -> Astroneer (status=exact, score=100)
[2026-09-08T18:24:31.881+0000] {matching.py:235} INFO - [33900] Arma 2 -> ArmA II (status=unmatched, score=62)
[2026-09-08T18:24:31.882+0000] {matching.py:235} INFO - [209080] Guns of Icarus Online -> Guns of Icarus Online (status=exact, score=100)
[2026-09-08T18:24:31.882+0000] {matching.py:235} INFO - [307780] Mortal Kombat X -> Mortal Kombat X (status=exact, score=100)
[2026-09-08T18:24:31.883+0000] {matching.py:235} INFO - [335240] Transformice -> Transformice (status=exact, score=100)
[2026-09-08T18:24:31.883+0000] {matching.py:235} INFO - [403640] Dishonored 2 -> Dishonored 2 (status=exact, score=100)
[2026-09-08T18:24:31.884+0000] {matching.py:235} INFO - [99900] Spiral Knights -> Spiral Knights (status=exact, score=100)
[2026-09-08T18:24:31.884+0000] {matching.py:235} INFO - [1289310] Helltaker -> Helltaker (status=exact, score=100)
[2026-09-08T18:24:31.884+0000] {matching.py:235} INFO - [287700] METAL GEAR SOLID V: THE PHANTOM PAIN -> Metal Gear Solid V: The Phantom Pain (status=exact, score=100)
[2026-09-08T18:24:31.885+0000] {matching.py:235} INFO - [460930] Tom Clancy's Ghost Recon Wildlands -> Tom Clancy's Ghost Recon Wildlands (status=exact, score=100)
[2026-09-08T18:24:31.885+0000] {matching.py:235} INFO - [219740] Don't Starve -> Don't Starve (status=exact, score=100)
[2026-09-08T18:24:31.886+0000] {matching.py:235} INFO - [96000] The Tiny Bang Story -> The Tiny Bang Story (status=exact, score=100)
[2026-09-08T18:24:31.886+0000] {matching.py:235} INFO - [35720] Trine 2: Complete Story -> Trine 2: Complete Story (status=exact, score=100)
[2026-09-08T18:24:31.887+0000] {matching.py:235} INFO - [880940] Pummel Party -> Pummel Party (status=exact, score=100)
[2026-09-08T18:24:31.887+0000] {matching.py:235} INFO - [387990] Scrap Mechanic -> Scrap Mechanic (status=exact, score=100)
[2026-09-08T18:24:31.888+0000] {matching.py:235} INFO - [686810] Hell Let Loose -> Hell Let Loose (status=exact, score=100)
[2026-09-08T18:24:31.888+0000] {matching.py:235} INFO - [409710] BioShock Remastered -> BioShock Remastered (status=exact, score=100)
[2026-09-08T18:24:31.889+0000] {matching.py:235} INFO - [418370] Resident Evil 7 Biohazard -> Resident Evil 7: Biohazard (status=exact, score=100)
[2026-09-08T18:24:31.889+0000] {matching.py:235} INFO - [50130] Mafia II (Classic) -> Mafia II (status=high_confidence, score=67)
[2026-09-08T18:24:31.890+0000] {matching.py:235} INFO - [1454400] Cookie Clicker -> Cookie Clicker (status=exact, score=100)
[2026-09-08T18:24:31.891+0000] {matching.py:235} INFO - [379430] Kingdom Come: Deliverance -> Kingdom Come: Deliverance (status=exact, score=100)
[2026-09-08T18:24:31.891+0000] {matching.py:235} INFO - [274170] Hotline Miami 2: Wrong Number -> Hotline Miami 2: Wrong Number (status=exact, score=100)
[2026-09-08T18:24:31.892+0000] {matching.py:235} INFO - [232770] POSTAL -> POSTAL (status=exact, score=100)
[2026-09-08T18:24:31.892+0000] {matching.py:235} INFO - [1363080] Manor Lords -> Manor Lords (status=exact, score=100)
[2026-09-08T18:24:31.892+0000] {matching.py:235} INFO - [585690] Minimalism -> Minimalism (status=exact, score=100)
[2026-09-08T18:24:31.893+0000] {matching.py:235} INFO - [289650] Assassin's Creed Unity -> Assassin's Creed Unity (status=exact, score=100)
[2026-09-08T18:24:31.893+0000] {matching.py:235} INFO - [17410] Mirror's Edge -> Mirror's Edge (status=exact, score=100)
[2026-09-08T18:24:31.894+0000] {matching.py:235} INFO - [4560] Company of Heroes - Legacy Edition -> Company of Heroes: Eastern Front (status=review, score=70)
[2026-09-08T18:24:31.894+0000] {matching.py:235} INFO - [2479810] Gray Zone Warfare -> Gray Zone Warfare (status=exact, score=100)
[2026-09-08T18:24:31.895+0000] {matching.py:235} INFO - [233130] Shadow Warrior -> Shadow Warrior (status=exact, score=100)
[2026-09-08T18:24:31.895+0000] {matching.py:235} INFO - [1056960] Wolfenstein: Youngblood -> Wolfenstein: Youngblood (status=exact, score=100)
[2026-09-08T18:24:31.896+0000] {matching.py:235} INFO - [976310] Mortal Kombat 11 -> Mortal Kombat 11 (status=exact, score=100)
[2026-09-08T18:24:31.896+0000] {matching.py:235} INFO - [202990] Call of Duty: Black Ops II -> Call of Duty: Black Ops II (status=exact, score=100)
[2026-09-08T18:24:31.897+0000] {matching.py:235} INFO - [355180] Codename CURE -> Codename CURE (status=exact, score=100)
[2026-09-08T18:24:31.897+0000] {matching.py:235} INFO - [678950] DRAGON BALL FighterZ -> DRAGON BALL FighterZ (status=exact, score=100)
[2026-09-08T18:24:31.898+0000] {matching.py:235} INFO - [1151340] Fallout 76 -> Fallout 76 (status=exact, score=100)
[2026-09-08T18:24:31.898+0000] {matching.py:235} INFO - [299360] Block N Load -> Block N Load (status=exact, score=100)
[2026-09-08T18:24:31.898+0000] {matching.py:235} INFO - [213670] South Park: The Stick of Truth -> South Park: The Stick of Truth (status=exact, score=100)
[2026-09-08T18:24:31.899+0000] {matching.py:235} INFO - [262410] World of Guns: Gun Disassembly -> World of Guns: Gun Disassembly (status=exact, score=100)
[2026-09-08T18:24:31.899+0000] {matching.py:235} INFO - [224600] Defiance -> Defiance (status=exact, score=100)
[2026-09-08T18:24:31.900+0000] {matching.py:235} INFO - [368230] Kingdom: Classic -> Kingdom: Classic (status=exact, score=100)
[2026-09-08T18:24:31.900+0000] {matching.py:235} INFO - [3097560] Liar's Bar -> Liar's Bar (status=exact, score=100)
[2026-09-08T18:24:31.901+0000] {matching.py:235} INFO - [335300] DARK SOULS II: Scholar of the First Sin -> Dark Souls II: Scholar of the First Sin (status=exact, score=100)
[2026-09-08T18:24:31.901+0000] {matching.py:235} INFO - [233860] Kenshi -> Kenshi (status=exact, score=100)
[2026-09-08T18:24:31.902+0000] {matching.py:235} INFO - [240720] Getting Over It with Bennett Foddy -> Getting Over It with Bennett Foddy (status=exact, score=100)
[2026-09-08T18:24:31.902+0000] {matching.py:235} INFO - [391720] Layers of Fear (2016) -> Layers of Fear (2023) (status=high_confidence, score=89)
[2026-09-08T18:24:31.902+0000] {matching.py:235} INFO - [838350] The Scroll of Taiwu : Beyond The Dome -> The Behind -- The Beyond (status=unmatched, score=54)
[2026-09-08T18:24:31.903+0000] {matching.py:235} INFO - [238320] Outlast -> Outlast (status=exact, score=100)
[2026-09-08T18:24:31.903+0000] {matching.py:235} INFO - [282070] This War of Mine -> This War of Mine (status=exact, score=100)
[2026-09-08T18:24:31.904+0000] {matching.py:235} INFO - [412020] Metro Exodus -> Metro Exodus (status=exact, score=100)
[2026-09-08T18:24:31.904+0000] {matching.py:235} INFO - [1158310] Crusader Kings III -> Crusader Kings III (status=exact, score=100)
[2026-09-08T18:24:31.904+0000] {matching.py:235} INFO - [2567870] Chained Together -> Chained Together (status=exact, score=100)
[2026-09-08T18:24:31.905+0000] {matching.py:235} INFO - [265930] Goat Simulator -> Goat Simulator (status=exact, score=100)
[2026-09-08T18:24:31.905+0000] {matching.py:235} INFO - [214490] Alien: Isolation -> Alien: Isolation (status=exact, score=100)
[2026-09-08T18:24:31.905+0000] {matching.py:235} INFO - [362890] Black Mesa -> Black Mesa (status=exact, score=100)
[2026-09-08T18:24:31.906+0000] {matching.py:235} INFO - [438740] Friday the 13th: The Game -> Friday the 13th: The Game (status=exact, score=100)
[2026-09-08T18:24:31.906+0000] {matching.py:235} INFO - [617290] Remnant: From the Ashes -> Remnant: From the Ashes (status=exact, score=100)
[2026-09-08T18:24:31.906+0000] {matching.py:235} INFO - [588430] Fallout Shelter -> Fallout Shelter (status=exact, score=100)
[2026-09-08T18:24:31.907+0000] {matching.py:235} INFO - [1943950] Escape the Backrooms -> Escape the Backrooms (status=exact, score=100)
[2026-09-08T18:24:31.907+0000] {matching.py:235} INFO - [203140] Hitman: Absolution -> Hitman: Absolution (status=exact, score=100)
[2026-09-08T18:24:31.908+0000] {matching.py:235} INFO - [12100] Grand Theft Auto III -> Grand Theft Auto III (status=exact, score=100)
[2026-09-08T18:24:31.908+0000] {matching.py:235} INFO - [905370] Conqueror's Blade -> Conqueror's Blade (status=exact, score=100)
[2026-09-08T18:24:31.909+0000] {matching.py:235} INFO - [1056640] Phantasy Star Online 2 -> Phantasy Star Online 2 (status=exact, score=100)
[2026-09-08T18:24:31.909+0000] {matching.py:235} INFO - [1942280] Brotato -> Brotato (status=exact, score=100)
[2026-09-08T18:24:31.909+0000] {matching.py:235} INFO - [238460] BattleBlock Theater -> BattleBlock Theater (status=exact, score=100)
[2026-09-08T18:24:31.910+0000] {matching.py:235} INFO - [38400] Fallout: A Post Nuclear Role Playing Game -> Colony Ship: A Post-Earth Role Playing Game (status=unmatched, score=67)
[2026-09-08T18:24:31.910+0000] {matching.py:235} INFO - [881020] Granblue Fantasy: Relink -> Granblue Fantasy: Relink (status=exact, score=100)
[2026-09-08T18:24:31.910+0000] {matching.py:235} INFO - [65800] Dungeon Defenders -> Dungeon Defenders (status=exact, score=100)
[2026-09-08T18:24:31.911+0000] {matching.py:235} INFO - [204880] Sins of a Solar Empire: Rebellion -> Sins of a Solar Empire: Rebellion (status=exact, score=100)
[2026-09-08T18:24:31.911+0000] {matching.py:235} INFO - [235460] METAL GEAR RISING: REVENGEANCE -> Metal Gear Rising: Revengeance (status=exact, score=100)
[2026-09-08T18:24:31.912+0000] {matching.py:235} INFO - [581320] Insurgency: Sandstorm -> Insurgency: Sandstorm (status=exact, score=100)
[2026-09-08T18:24:31.912+0000] {matching.py:235} INFO - [34330] Total War: SHOGUN 2 -> Total War: SHOGUN 2 (status=exact, score=100)
[2026-09-08T18:24:31.912+0000] {matching.py:235} INFO - [387290] Ori and the Blind Forest: Definitive Edition -> Ori and the Blind Forest: Definitive Edition (status=exact, score=100)
[2026-09-08T18:24:31.913+0000] {matching.py:235} INFO - [728880] Overcooked! 2 -> Overcooked! 2 (status=exact, score=100)
[2026-09-08T18:24:31.913+0000] {matching.py:235} INFO - [391220] Rise of the Tomb Raider -> Rise of the Tomb Raider (status=exact, score=100)
[2026-09-08T18:24:31.914+0000] {matching.py:235} INFO - [8870] BioShock Infinite -> BioShock Infinite (status=exact, score=100)
[2026-09-08T18:24:31.914+0000] {matching.py:235} INFO - [372000] Tree of Savior (English Ver.) -> Tree of Savior (English Ver.) (status=exact, score=100)
[2026-09-08T18:24:31.914+0000] {matching.py:235} INFO - [239030] Papers, Please -> Papers, Please (status=exact, score=100)
[2026-09-08T18:24:31.915+0000] {matching.py:235} INFO - [629760] MORDHAU -> MORDHAU (status=exact, score=100)
[2026-09-08T18:24:31.916+0000] {matching.py:235} INFO - [646910] The Crew 2 -> The Crew 2 (status=exact, score=100)
[2026-09-08T18:24:31.916+0000] {matching.py:235} INFO - [367500] Dragon's Dogma: Dark Arisen -> Dragon's Dogma: Dark Arisen (status=exact, score=100)
[2026-09-08T18:24:31.917+0000] {matching.py:235} INFO - [13520] Far Cry -> Far Cry (status=exact, score=100)
[2026-09-08T18:24:31.917+0000] {matching.py:235} INFO - [967050] Pacify -> Pacify (status=exact, score=100)
[2026-09-08T18:24:31.918+0000] {matching.py:235} INFO - [2399830] ARK: Survival Ascended -> ARK: Survival Ascended (status=exact, score=100)
[2026-09-08T18:24:31.918+0000] {matching.py:235} INFO - [648350] Jurassic World Evolution -> Jurassic World Evolution (status=exact, score=100)
[2026-09-08T18:24:31.918+0000] {matching.py:235} INFO - [471710] Rec Room -> Rec Room (status=exact, score=100)
[2026-09-08T18:24:31.919+0000] {matching.py:235} INFO - [1372880] The Day Before -> The Day Before (status=exact, score=100)
[2026-09-08T18:24:31.919+0000] {matching.py:235} INFO - [524220] NieR:Automata -> NieR:Automata (status=exact, score=100)
[2026-09-08T18:24:31.920+0000] {matching.py:235} INFO - [305620] The Long Dark -> The Long Dark (status=exact, score=100)
[2026-09-08T18:24:31.920+0000] {matching.py:235} INFO - [475150] Titan Quest Anniversary Edition -> Titan Quest Anniversary Edition (status=exact, score=100)
[2026-09-08T18:24:31.920+0000] {matching.py:235} INFO - [47870] Need For Speed: Hot Pursuit -> Need For Speed: Hot Pursuit (status=exact, score=100)
[2026-09-08T18:24:31.921+0000] {matching.py:235} INFO - [629520] Soundpad -> Soundfall (status=review, score=71)
[2026-09-08T18:24:31.922+0000] {matching.py:235} INFO - [282440] Quake Live -> Quake Live (status=exact, score=100)
[2026-09-08T18:24:31.922+0000] {matching.py:235} INFO - [436150] Governor of Poker 3 -> Governor of Poker 3 (status=exact, score=100)
[2026-09-08T18:24:31.923+0000] {matching.py:235} INFO - [1304930] The Outlast Trials -> The Outlast Trials (status=exact, score=100)
[2026-09-08T18:24:31.923+0000] {matching.py:235} INFO - [550900] Metin2 -> Metin2 (status=exact, score=100)
[2026-09-08T18:24:31.924+0000] {matching.py:235} INFO - [33230] Assassin's Creed 2 -> Assassin's Creed (status=high_confidence, score=94)
[2026-09-08T18:24:31.924+0000] {matching.py:235} INFO - [427730] Who's Your Daddy?! -> Who's Your Daddy (status=exact, score=100)
[2026-09-08T18:24:31.924+0000] {matching.py:235} INFO - [221040] Resident Evil 6 -> Resident Evil 6 (status=exact, score=100)
[2026-09-08T18:24:31.925+0000] {matching.py:235} INFO - [1274570] DEVOUR -> Devour (status=exact, score=100)
[2026-09-08T18:24:31.925+0000] {matching.py:235} INFO - [1222700] A Way Out -> A Way Out (status=exact, score=100)
[2026-09-08T18:24:31.926+0000] {matching.py:235} INFO - [1468810] 鬼谷八荒 Tale of Immortal -> Blight of the Immortals (status=review, score=72)
[2026-09-08T18:24:31.926+0000] {matching.py:235} INFO - [287390] Metro: Last Light Redux -> Metro: Last Light Redux (status=exact, score=100)
[2026-09-08T18:24:31.927+0000] {matching.py:235} INFO - [570940] DARK SOULS: REMASTERED -> Dark Souls: Remastered (status=exact, score=100)
[2026-09-08T18:24:31.927+0000] {matching.py:235} INFO - [1272080] PAYDAY 3 -> Payday 3 (status=exact, score=100)
[2026-09-08T18:24:31.928+0000] {matching.py:235} INFO - [316010] Magic Duels -> Magic Duels (status=exact, score=100)
[2026-09-08T18:24:31.928+0000] {matching.py:235} INFO - [105450] Age of Empires III (2007) -> Age of Empires II: Age of Kings (status=review, score=72)
[2026-09-08T18:24:31.929+0000] {matching.py:235} INFO - [1167630] Teardown -> Teardown (status=exact, score=100)
[2026-09-08T18:24:31.929+0000] {matching.py:235} INFO - [11020] TrackMania Nations Forever -> TrackMania Nations Forever (status=exact, score=100)
[2026-09-08T18:24:31.929+0000] {matching.py:235} INFO - [12200] Bully: Scholarship Edition -> Bully: Scholarship Edition (status=exact, score=100)
[2026-09-08T18:24:31.930+0000] {matching.py:235} INFO - [881100] Noita -> Noita (status=exact, score=100)
[2026-09-08T18:24:31.931+0000] {matching.py:235} INFO - [1313140] Cult of the Lamb -> Cult of the Lamb (status=exact, score=100)
[2026-09-08T18:24:31.931+0000] {matching.py:235} INFO - [261570] Ori and the Blind Forest -> Ori and the Blind Forest (status=exact, score=100)
[2026-09-08T18:24:31.932+0000] {matching.py:235} INFO - [1361210] Warhammer 40,000: Darktide -> Warhammer 40,000: Darktide (status=exact, score=100)
[2026-09-08T18:24:31.932+0000] {matching.py:235} INFO - [221910] The Stanley Parable -> The Stanley Parable (status=exact, score=100)
[2026-09-08T18:24:31.932+0000] {matching.py:235} INFO - [238090] Sniper Elite 3 -> Sniper Elite 3 (status=exact, score=100)
[2026-09-08T18:24:31.933+0000] {matching.py:235} INFO - [242720] GunZ 2: The Second Duel -> GunZ 2: The Second Duel (status=exact, score=100)
[2026-09-08T18:24:31.933+0000] {matching.py:235} INFO - [1250410] Microsoft Flight Simulator (2020) 40th Anniversary Edition -> Microsoft Flight Simulator 2020 (status=high_confidence, score=71)
[2026-09-08T18:24:31.934+0000] {matching.py:235} INFO - [644930] They Are Billions -> They Are Billions (status=exact, score=100)
[2026-09-08T18:24:31.934+0000] {matching.py:235} INFO - [641990] The Escapists 2 -> The Escapists 2 (status=exact, score=100)
[2026-09-08T18:24:31.934+0000] {matching.py:235} INFO - [1254120] Bless Unleashed -> Bless Unleashed (status=exact, score=100)
[2026-09-08T18:24:31.935+0000] {matching.py:235} INFO - [222880] Insurgency -> Insurgency (status=exact, score=100)
[2026-09-08T18:24:31.935+0000] {matching.py:235} INFO - [201790] Orcs Must Die! 2 -> Orcs Must Die! 2 (status=exact, score=100)
[2026-09-08T18:24:31.936+0000] {matching.py:235} INFO - [1569040] Football Manager 2022 -> Football Manager 2022 (status=exact, score=100)
[2026-09-08T18:24:31.936+0000] {matching.py:235} INFO - [203290] America's Army: Proving Grounds -> America's Army: Proving Grounds (status=exact, score=100)
[2026-09-08T18:24:31.937+0000] {matching.py:235} INFO - [2670630] Supermarket Simulator -> Supermarket Simulator (status=exact, score=100)
[2026-09-08T18:24:31.937+0000] {matching.py:235} INFO - [286570] F1 2015 -> F1 2015 (status=exact, score=100)
[2026-09-08T18:24:31.937+0000] {matching.py:235} INFO - [787860] Farming Simulator 19 -> Farming Simulator 19 (status=exact, score=100)
[2026-09-08T18:24:31.938+0000] {matching.py:235} INFO - [466560] Northgard: Definitive Edition -> ReCore: Definitive Edition (status=review, score=79)
[2026-09-08T18:24:31.938+0000] {matching.py:235} INFO - [207140] SpeedRunners -> SpeedRunners (status=exact, score=100)
[2026-09-08T18:24:31.939+0000] {matching.py:235} INFO - [1092790] Inscryption -> Inscryption (status=exact, score=100)
[2026-09-08T18:24:31.939+0000] {matching.py:235} INFO - [431240] Golf With Your Friends -> Golf With Your Friends (status=exact, score=100)
[2026-09-08T18:24:31.939+0000] {matching.py:235} INFO - [248570] Toribash -> Toribash (status=exact, score=100)
[2026-09-08T18:24:31.940+0000] {matching.py:235} INFO - [107100] Bastion -> Bastion (status=exact, score=100)
[2026-09-08T18:24:31.940+0000] {matching.py:235} INFO - [209000] Batman: Arkham Origins -> Batman: Arkham Origins (status=exact, score=100)
[2026-09-08T18:24:31.940+0000] {matching.py:235} INFO - [24960] Battlefield: Bad Company 2 -> Battlefield: Bad Company 2 (status=exact, score=100)
[2026-09-08T18:24:31.941+0000] {matching.py:235} INFO - [848450] Subnautica: Below Zero -> Subnautica: Below Zero (status=exact, score=100)
[2026-09-08T18:24:31.941+0000] {matching.py:235} INFO - [286940] S.K.I.L.L. - Special Force 2 (Shooter) -> S.K.I.L.L. - Special Force 2 (Shooter) (status=exact, score=100)
[2026-09-08T18:24:31.942+0000] {matching.py:235} INFO - [740130] Tales of ARISE -> Tales of Arise (status=exact, score=100)
[2026-09-08T18:24:31.942+0000] {matching.py:235} INFO - [17390] SPORE -> SPORE (status=exact, score=100)
[2026-09-08T18:24:31.942+0000] {matching.py:235} INFO - [530700] Argo -> Argo (status=exact, score=100)
[2026-09-08T18:24:31.943+0000] {matching.py:235} INFO - [2622380] ELDEN RING NIGHTREIGN -> Elden Ring Nightreign (status=exact, score=100)
[2026-09-08T18:24:31.943+0000] {matching.py:235} INFO - [220240] Far Cry 3 -> Far Cry 3 (status=exact, score=100)
[2026-09-08T18:24:31.944+0000] {matching.py:235} INFO - [1217060] Gunfire Reborn -> Gunfire Reborn (status=exact, score=100)
[2026-09-08T18:24:31.944+0000] {matching.py:235} INFO - [1248130] Farming Simulator 22 -> Farming Simulator 22 (status=exact, score=100)
[2026-09-08T18:24:31.944+0000] {matching.py:235} INFO - [437900] Party Jousting -> Party Jousting (status=exact, score=100)
[2026-09-08T18:24:31.945+0000] {matching.py:235} INFO - [635260] CarX Drift Racing Online -> CarX Drift Racing Online (status=exact, score=100)
[2026-09-08T18:24:31.945+0000] {matching.py:235} INFO - [259080] Just Cause 2: Multiplayer Mod -> Just Cause 2: Multiplayer Mod (status=exact, score=100)
[2026-09-08T18:24:31.946+0000] {matching.py:235} INFO - [414340] Hellblade: Senua's Sacrifice -> Hellblade: Senua's Sacrifice (status=exact, score=100)
[2026-09-08T18:24:31.946+0000] {matching.py:235} INFO - [42700] Call of Duty: Black Ops -> Call of Duty: Black Ops (status=exact, score=100)
[2026-09-08T18:24:31.946+0000] {matching.py:235} INFO - [108710] Alan Wake -> Alan Wake (status=exact, score=100)
[2026-09-08T18:24:31.947+0000] {matching.py:235} INFO - [55100] Homefront -> Homefront (status=exact, score=100)
[2026-09-08T18:24:31.947+0000] {matching.py:235} INFO - [1520470] 封灵档案 -> 封灵档案 (status=exact, score=100)
[2026-09-08T18:24:31.948+0000] {matching.py:235} INFO - [644560] Mirror -> Mirror (status=exact, score=100)
[2026-09-08T18:24:31.948+0000] {matching.py:235} INFO - [1263850] Football Manager 2021 -> Football Manager 2021 (status=exact, score=100)
[2026-09-08T18:24:31.948+0000] {matching.py:235} INFO - [407530] ARK: Survival Of The Fittest -> ARK: Survival Of The Fittest (status=exact, score=100)
[2026-09-08T18:24:31.949+0000] {matching.py:235} INFO - [774171] Muse Dash -> Muse Dash (status=exact, score=100)
[2026-09-08T18:24:31.949+0000] {matching.py:235} INFO - [279720] The I of the Dragon -> The I of the Dragon (status=exact, score=100)
[2026-09-08T18:24:31.949+0000] {matching.py:235} INFO - [201810] Wolfenstein: The New Order -> Wolfenstein: The New Order (status=exact, score=100)
[2026-09-08T18:24:31.950+0000] {matching.py:235} INFO - [319510] Five Nights at Freddy's -> Five Nights at Freddy's (status=exact, score=100)
[2026-09-08T18:24:31.950+0000] {matching.py:235} INFO - [1888160] ARMORED CORE VI FIRES OF RUBICON -> Armored Core VI: Fires of Rubicon (status=exact, score=100)
[2026-09-08T18:24:31.951+0000] {matching.py:235} INFO - [674020] World War 3 -> World War 3 (status=exact, score=100)
[2026-09-08T18:24:31.951+0000] {matching.py:235} INFO - [310950] Street Fighter V -> Street Fighter V (status=exact, score=100)
[2026-09-08T18:24:31.951+0000] {matching.py:235} INFO - [952060] Resident Evil 3 -> Resident Evil 3 (status=exact, score=100)
[2026-09-08T18:24:31.952+0000] {matching.py:235} INFO - [949230] Cities: Skylines II -> Cities: Skylines II (status=exact, score=100)
[2026-09-08T18:24:31.952+0000] {matching.py:235} INFO - [1466860] Age of Empires IV: Anniversary Edition -> Age of Empires II: Definitive Edition (status=review, score=79)
[2026-09-08T18:24:31.953+0000] {matching.py:235} INFO - [1904540] Football Manager 2023 -> Football Manager 2023 (status=exact, score=100)
[2026-09-08T18:24:31.953+0000] {matching.py:235} INFO - [388410] Darksiders II Deathinitive Edition -> Darksiders II Deathinitive Edition (status=exact, score=100)
[2026-09-08T18:24:31.953+0000] {matching.py:235} INFO - [544810] KARDS - The WWII Card Game -> KARDS - The WW2 Card Game (status=high_confidence, score=94)
[2026-09-08T18:24:31.954+0000] {matching.py:235} INFO - [611500] Quake Champions -> Quake Champions (status=exact, score=100)
[2026-09-08T18:24:31.954+0000] {matching.py:235} INFO - [50] Half-Life: Opposing Force -> Half-Life: Opposing Force (status=exact, score=100)
[2026-09-08T18:24:31.955+0000] {matching.py:235} INFO - [1408720] Krunker -> Krunker (status=exact, score=100)
[2026-09-08T18:24:31.956+0000] {matching.py:235} INFO - [310560] DiRT Rally -> DiRT Rally (status=exact, score=100)
[2026-09-08T18:24:31.956+0000] {matching.py:235} INFO - [1845910] Dragon Age: The Veilguard -> Dragon Age: The Veilguard (status=exact, score=100)
[2026-09-08T18:24:31.956+0000] {matching.py:235} INFO - [254700] Resident Evil 4 (2005) -> Resident Evil 4 (2005) (status=exact, score=100)
[2026-09-08T18:24:31.957+0000] {matching.py:235} INFO - [1029690] Sniper Elite 5 -> Sniper Elite 5 (status=exact, score=100)
[2026-09-08T18:24:31.958+0000] {matching.py:235} INFO - [12220] Grand Theft Auto: Episodes from Liberty City -> Grand Theft Auto: Episodes from Liberty City (status=exact, score=100)
[2026-09-08T18:24:31.958+0000] {matching.py:235} INFO - [815370] Green Hell -> Green Hell (status=exact, score=100)
[2026-09-08T18:24:31.959+0000] {matching.py:235} INFO - [308040] Back to Bed -> Back to Bed (status=exact, score=100)
[2026-09-08T18:24:31.959+0000] {matching.py:235} INFO - [470220] UNO -> UNO (status=exact, score=100)
[2026-09-08T18:24:31.959+0000] {matching.py:235} INFO - [302830] BLOCKADE 3D -> BLOCKADE 3D (status=exact, score=100)
[2026-09-08T18:24:31.960+0000] {matching.py:235} INFO - [242920] Banished -> Banished (status=exact, score=100)
[2026-09-08T18:24:31.960+0000] {matching.py:235} INFO - [236110] Dungeon Defenders II -> Dungeon Defenders II (status=exact, score=100)
[2026-09-08T18:24:31.961+0000] {matching.py:235} INFO - [383870] Firewatch -> Firewatch (status=exact, score=100)
[2026-09-08T18:24:31.961+0000] {matching.py:235} INFO - [1237950] STAR WARS Battlefront II -> STAR WARS Battlefront II (status=exact, score=100)
[2026-09-08T18:24:31.962+0000] {matching.py:235} INFO - [1399780] Spellbreak -> Spellbreak (status=exact, score=100)
[2026-09-08T18:24:31.962+0000] {matching.py:235} INFO - [312660] Sniper Elite 4 -> Sniper Elite 4 (status=exact, score=100)
[2026-09-08T18:24:31.962+0000] {matching.py:235} INFO - [502500] ACE COMBAT 7: SKIES UNKNOWN -> ACE COMBAT 7: SKIES UNKNOWN (status=exact, score=100)
[2026-09-08T18:24:31.963+0000] {matching.py:235} INFO - [632470] Disco Elysium - The Final Cut -> Disco Elysium: Final Cut (status=high_confidence, score=92)
[2026-09-08T18:24:31.963+0000] {matching.py:235} INFO - [200260] Batman: Arkham City - Game of the Year Edition -> Batman: Arkham City - Game of the Year Edition (status=exact, score=100)
[2026-09-08T18:24:31.964+0000] {matching.py:235} INFO - [393380] Squad -> Squad (status=exact, score=100)
[2026-09-08T18:24:31.964+0000] {matching.py:235} INFO - [40800] Super Meat Boy -> Super Meat Boy (status=exact, score=100)
[2026-09-08T18:24:31.964+0000] {matching.py:235} INFO - [303390] Dead Bits -> Dead Bits (status=exact, score=100)
[2026-09-08T18:24:31.965+0000] {matching.py:235} INFO - [280] Half-Life: Source -> Half-Life: Source (status=exact, score=100)
[2026-09-08T18:24:31.965+0000] {matching.py:235} INFO - [783770] Ironsight -> Ironsight (status=exact, score=100)
[2026-09-08T18:24:31.966+0000] {matching.py:235} INFO - [212070] Star Conflict -> Star Conflict (status=exact, score=100)
[2026-09-08T18:24:31.966+0000] {matching.py:235} INFO - [110800] L.A. Noire -> L.A. Noire (status=exact, score=100)
[2026-09-08T18:24:31.967+0000] {matching.py:235} INFO - [41070] Serious Sam 3: BFE -> Serious Sam 3: BFE (status=exact, score=100)
[2026-09-08T18:24:31.967+0000] {matching.py:235} INFO - [50300] Spec Ops: The Line -> Spec Ops: The Line (status=exact, score=100)
[2026-09-08T18:24:31.967+0000] {matching.py:235} INFO - [1284210] Guild Wars 2 -> Guild Wars 2 (status=exact, score=100)
[2026-09-08T18:24:31.968+0000] {matching.py:235} INFO - [485510] Nioh: Complete Edition -> Nioh: Complete Edition (status=exact, score=100)
[2026-09-08T18:24:31.968+0000] {matching.py:235} INFO - [35700] Trine Enchanted Edition -> Trine Enchanted Edition (status=exact, score=100)
[2026-09-08T18:24:31.969+0000] {matching.py:235} INFO - [210770] Sanctum 2 -> Sanctum 2 (status=exact, score=100)
[2026-09-08T18:24:31.969+0000] {matching.py:235} INFO - [282140] SOMA -> SOMA (status=exact, score=100)
[2026-09-08T18:24:31.970+0000] {matching.py:235} INFO - [495420] State of Decay 2: Juggernaut Edition -> State of Decay 2: Juggernaut Edition (status=exact, score=100)
[2026-09-08T18:24:31.970+0000] {matching.py:235} INFO - [323580] Jotun: Valhalla Edition -> Jotun: Valhalla Edition (status=exact, score=100)
[2026-09-08T18:24:31.970+0000] {matching.py:235} INFO - [225260] Brutal Legend -> Brutal Legend (status=exact, score=100)
[2026-09-08T18:24:31.971+0000] {matching.py:235} INFO - [2835570] Buckshot Roulette -> Buckshot Roulette (status=exact, score=100)
[2026-09-08T18:24:31.971+0000] {matching.py:235} INFO - [464920] Surviving Mars -> Surviving Mars (status=exact, score=100)
[2026-09-08T18:24:31.972+0000] {matching.py:235} INFO - [9900] Star Trek Online -> Star Trek Online (status=exact, score=100)
[2026-09-08T18:24:31.972+0000] {matching.py:235} INFO - [7940] Call of Duty 4: Modern Warfare (2007) -> Call of Duty 4: Modern Warfare (status=high_confidence, score=92)
[2026-09-08T18:24:31.973+0000] {matching.py:235} INFO - [493340] Planet Coaster -> Planet Coaster (status=exact, score=100)
[2026-09-08T18:24:31.973+0000] {matching.py:235} INFO - [343710] Kholat -> Kholat (status=exact, score=100)
[2026-09-08T18:24:31.974+0000] {matching.py:235} INFO - [504230] Celeste -> Celeste (status=exact, score=100)
[2026-09-08T18:24:31.974+0000] {matching.py:235} INFO - [265590] The Red Solstice -> The Red Solstice (status=exact, score=100)
[2026-09-08T18:24:31.975+0000] {matching.py:235} INFO - [394510] HELLDIVERS Dive Harder Edition -> Teleglitch: Die More Edition (status=unmatched, score=67)
[2026-09-08T18:24:31.975+0000] {matching.py:235} INFO - [1128810] RISK: Global Domination -> RISK: Global Domination (status=exact, score=100)
[2026-09-08T18:24:31.976+0000] {matching.py:235} INFO - [325610] Total War: ATTILA -> Total War: ATTILA (status=exact, score=100)
[2026-09-08T18:24:31.976+0000] {matching.py:235} INFO - [1643320] S.T.A.L.K.E.R. 2: Heart of Chornobyl -> S.T.A.L.K.E.R. 2: Heart of Chornobyl (status=exact, score=100)
[2026-09-08T18:24:31.977+0000] {matching.py:235} INFO - [204450] Call of Juarez: Gunslinger -> Call of Juarez: Gunslinger (status=exact, score=100)
[2026-09-08T18:24:31.977+0000] {matching.py:235} INFO - [63380] Sniper Elite V2 -> Sniper Elite V2 (status=exact, score=100)
[2026-09-08T18:24:31.977+0000] {matching.py:235} INFO - [268420] Aura Kingdom -> Aura Kingdom (status=exact, score=100)
[2026-09-08T18:24:31.978+0000] {matching.py:235} INFO - [482730] Football Manager 2017 -> Football Manager 2017 (status=exact, score=100)
[2026-09-08T18:24:31.978+0000] {matching.py:235} INFO - [360970] Heaven Forest NIGHTS -> Heaven Forest NIGHTS (status=exact, score=100)
[2026-09-08T18:24:31.979+0000] {matching.py:235} INFO - [22370] Fallout 3: Game of the Year Edition -> Fallout 3: Game of the Year Edition (status=exact, score=100)
[2026-09-08T18:24:31.979+0000] {matching.py:235} INFO - [349040] NARUTO SHIPPUDEN: Ultimate Ninja STORM 4 -> NARUTO SHIPPUDEN: Ultimate Ninja STORM 4 (status=exact, score=100)
[2026-09-08T18:24:31.980+0000] {matching.py:235} INFO - [823130] Totally Accurate Battlegrounds -> Totally Accurate Battlegrounds (status=exact, score=100)
[2026-09-08T18:24:31.980+0000] {matching.py:235} INFO - [204100] Max Payne 3 -> Max Payne 3 (status=exact, score=100)
[2026-09-08T18:24:31.981+0000] {matching.py:235} INFO - [1184370] Pathfinder: Wrath of the Righteous - Enhanced Edition -> Pathfinder: Wrath of the Righteous (status=high_confidence, score=80)
[2026-09-08T18:24:31.981+0000] {matching.py:235} INFO - [640820] Pathfinder: Kingmaker — Enhanced Plus Edition -> Interplanetary: Enhanced Edition (status=review, score=71)
[2026-09-08T18:24:31.981+0000] {matching.py:235} INFO - [47890] The Sims 3 -> The Sims 3 (status=exact, score=100)
[2026-09-08T18:24:31.982+0000] {matching.py:235} INFO - [637650] FINAL FANTASY XV WINDOWS EDITION -> FINAL FANTASY XV WINDOWS EDITION (status=exact, score=100)
[2026-09-08T18:24:31.982+0000] {matching.py:235} INFO - [703080] Planet Zoo -> Planet Zoo (status=exact, score=100)
[2026-09-08T18:24:31.983+0000] {matching.py:235} INFO - [35140] Batman: Arkham Asylum Game of the Year Edition -> Batman: Arkham Asylum Game of the Year Edition (status=exact, score=100)
[2026-09-08T18:24:31.983+0000] {matching.py:235} INFO - [460950] Katana ZERO -> Katana ZERO (status=exact, score=100)
[2026-09-08T18:24:31.984+0000] {matching.py:235} INFO - [50620] Darksiders -> Darksiders (status=exact, score=100)
[2026-09-08T18:24:31.984+0000] {matching.py:235} INFO - [337000] Deus Ex: Mankind Divided -> Deus Ex: Mankind Divided (status=exact, score=100)
[2026-09-08T18:24:31.985+0000] {matching.py:235} INFO - [433340] Slime Rancher -> Slime Rancher (status=exact, score=100)
[2026-09-08T18:24:31.985+0000] {matching.py:235} INFO - [238010] Deus Ex: Human Revolution - Director's Cut -> Deus Ex: Human Revolution - Director's Cut (status=exact, score=100)
[2026-09-08T18:24:31.986+0000] {matching.py:235} INFO - [527230] For The King -> For The King (status=exact, score=100)
[2026-09-08T18:24:31.986+0000] {matching.py:235} INFO - [39120] RIFT -> RIFT (status=exact, score=100)
[2026-09-08T18:24:31.986+0000] {matching.py:235} INFO - [307690] Sleeping Dogs: Definitive Edition -> Sleeping Dogs: Definitive Edition (status=exact, score=100)
[2026-09-08T18:24:31.987+0000] {matching.py:235} INFO - [266840] Age of Mythology: Extended Edition -> Age of Mythology: Extended Edition (status=exact, score=100)
[2026-09-08T18:24:31.987+0000] {matching.py:235} INFO - [2054970] Dragon's Dogma 2 -> Dragon’s Dogma 2 (status=exact, score=100)
[2026-09-08T18:24:31.988+0000] {matching.py:235} INFO - [645630] Car Mechanic Simulator 2018 -> Car Mechanic Simulator 2018 (status=exact, score=100)
[2026-09-08T18:24:31.988+0000] {matching.py:235} INFO - [300] Day of Defeat: Source -> Day of Defeat: Source (status=exact, score=100)
[2026-09-08T18:24:31.989+0000] {matching.py:235} INFO - [1790600] DRAGON BALL: Sparking! ZERO -> DRAGON BALL: Sparking! ZERO (status=exact, score=100)
[2026-09-08T18:24:31.989+0000] {matching.py:235} INFO - [368260] Marvel's Midnight Suns -> Marvel's Midnight Suns (status=exact, score=100)
[2026-09-08T18:24:31.990+0000] {matching.py:235} INFO - [389570] Mitos.is: The Game -> Mitos.is: The Game (status=exact, score=100)
[2026-09-08T18:24:31.990+0000] {matching.py:235} INFO - [736590] Operation: Harsh Doorstop -> Operation: Harsh Doorstop (status=exact, score=100)
[2026-09-08T18:24:31.991+0000] {matching.py:235} INFO - [1637320] Dome Keeper -> Dome Keeper (status=exact, score=100)
[2026-09-08T18:24:31.991+0000] {matching.py:235} INFO - [409720] BioShock 2 Remastered -> BioShock 2 Remastered (status=exact, score=100)
[2026-09-08T18:24:31.992+0000] {matching.py:235} INFO - [975370] Dwarf Fortress -> Dwarf Fortress (status=exact, score=100)
[2026-09-08T18:24:31.992+0000] {matching.py:235} INFO - [15620] Warhammer 40,000: Dawn of War II - Anniversary Edition (Classic) -> Warhammer 40,000: Dawn of War III (status=review, score=70)
[2026-09-08T18:24:31.993+0000] {matching.py:235} INFO - [1371980] No Rest for the Wicked -> No Rest for the Wicked (status=exact, score=100)
[2026-09-08T18:24:31.993+0000] {matching.py:235} INFO - [993090] Lossless Scaling -> Lossless Scaling (status=exact, score=100)
[2026-09-08T18:24:31.993+0000] {matching.py:235} INFO - [476480] Heaven Forest - VR MMO -> Heaven Forest - VR MMO (status=exact, score=100)
[2026-09-08T18:24:31.994+0000] {matching.py:235} INFO - [65930] The Bureau: XCOM Declassified -> The Bureau: XCOM Declassified (status=exact, score=100)
[2026-09-08T18:24:31.994+0000] {matching.py:235} INFO - [3132990] Black Myth: Wukong Benchmark Tool -> Black Myth: Wukong (status=high_confidence, score=69)
[2026-09-08T18:24:31.995+0000] {matching.py:235} INFO - [1277400] Monster Hunter Stories 2: Wings of Ruin -> Monster Hunter Stories 2: Wings of Ruin (status=exact, score=100)
[2026-09-08T18:24:31.995+0000] {matching.py:235} INFO - [2215430] Ghost of Tsushima DIRECTOR'S CUT -> Ghost of Tsushima Director's Cut (status=exact, score=100)
[2026-09-08T18:24:31.995+0000] {matching.py:235} INFO - [602960] Barotrauma -> Barotrauma (status=exact, score=100)
[2026-09-08T18:24:31.996+0000] {matching.py:235} INFO - [606150] Moonlighter -> Moonlighter (status=exact, score=100)
[2026-09-08T18:24:31.996+0000] {matching.py:235} INFO - [342200] MechWarrior Online Solaris 7 -> MechWarrior Online (status=high_confidence, score=78)
[2026-09-08T18:24:31.997+0000] {matching.py:235} INFO - [1824220] Chivalry 2 -> Chivalry 2 (status=exact, score=100)
[2026-09-08T18:24:31.997+0000] {matching.py:235} INFO - [55150] Warhammer 40,000: Space Marine - Anniversary Edition -> Warhammer 40,000: Space Marine - Master Crafted Edition (status=review, score=79)
[2026-09-08T18:24:31.998+0000] {matching.py:235} INFO - [8980] Borderlands Game of the Year -> Borderlands Game Of The Year (status=exact, score=100)
[2026-09-08T18:24:31.998+0000] {matching.py:235} INFO - [900883] The Elder Scrolls IV: Oblivion Game of the Year Edition Deluxe (2009) -> The Elder Scrolls IV: Oblivion Game of the Year Edition (status=high_confidence, score=90)
[2026-09-08T18:24:31.998+0000] {matching.py:235} INFO - [312530] Duck Game -> Duck Game (status=exact, score=100)
[2026-09-08T18:24:31.999+0000] {matching.py:235} INFO - [1139900] Ghostrunner -> Ghostrunner (status=exact, score=100)
[2026-09-08T18:24:31.999+0000] {matching.py:235} INFO - [1343400] RuneScape  -> RuneScape (status=exact, score=100)
[2026-09-08T18:24:32.000+0000] {matching.py:235} INFO - [738060] Freddy Fazbear's Pizzeria Simulator -> Freddy Fazbear's Pizzeria Simulator (status=exact, score=100)
[2026-09-08T18:24:32.000+0000] {matching.py:235} INFO - [893520] Creative Destruction -> Creative Destruction (status=exact, score=100)
[2026-09-08T18:24:32.000+0000] {matching.py:235} INFO - [234650] Shadowrun Returns -> Shadowrun Returns (status=exact, score=100)
[2026-09-08T18:24:32.001+0000] {matching.py:235} INFO - [744900] Dead Frontier 2 -> Dead Frontier 2 (status=exact, score=100)
[2026-09-08T18:24:32.001+0000] {matching.py:235} INFO - [314160] Microsoft Flight Simulator X: Steam Edition -> Microsoft Flight Simulator X: Acceleration (status=review, score=82)
[2026-09-08T18:24:32.002+0000] {matching.py:235} INFO - [1364780] Street Fighter 6 -> Street Fighter 6 (status=exact, score=100)
[2026-09-08T18:24:32.002+0000] {matching.py:235} INFO - [9010] Return to Castle Wolfenstein -> Return to Castle Wolfenstein (status=exact, score=100)
[2026-09-08T18:24:32.002+0000] {matching.py:235} INFO - [554620] Life is Strange: Before the Storm -> Life is Strange: Before The Storm (status=exact, score=100)
[2026-09-08T18:24:32.003+0000] {matching.py:235} INFO - [368500] Assassin's Creed Syndicate -> Assassin's Creed Syndicate (status=exact, score=100)
[2026-09-08T18:24:32.003+0000] {matching.py:235} INFO - [17470] Dead Space (2008) -> Dead Space (2008) (status=exact, score=100)
[2026-09-08T18:24:32.004+0000] {matching.py:235} INFO - [204300] Awesomenauts -> Awesomenauts (status=exact, score=100)
[2026-09-08T18:24:32.004+0000] {matching.py:235} INFO - [630100] SoulWorker - Anime Action MMO -> SoulWorker - Anime Action MMO (status=exact, score=100)
[2026-09-08T18:24:32.004+0000] {matching.py:235} INFO - [750920] Shadow of the Tomb Raider: Definitive Edition -> Shadow of the Tomb Raider: Definitive Edition (status=exact, score=100)
[2026-09-08T18:24:32.005+0000] {matching.py:235} INFO - [436520] Line of Sight -> Line of Sight (status=exact, score=100)
[2026-09-08T18:24:32.005+0000] {matching.py:235} INFO - [1659040] HITMAN World of Assassination -> HITMAN: Sniper Assassin (status=unmatched, score=67)
[2026-09-08T18:24:32.006+0000] {matching.py:235} INFO - [788100] Neon Abyss -> Neon Abyss (status=exact, score=100)
[2026-09-08T18:24:32.006+0000] {matching.py:235} INFO - [858820] Tribes of Midgard -> Tribes of Midgard (status=exact, score=100)
[2026-09-08T18:24:32.007+0000] {matching.py:235} INFO - [680420] OUTRIDERS -> Outriders (status=exact, score=100)
[2026-09-08T18:24:32.007+0000] {matching.py:235} INFO - [678960] CODE VEIN -> Code Vein (status=exact, score=100)
[2026-09-08T18:24:32.007+0000] {matching.py:235} INFO - [1611910] Warhammer 40,000: Chaos Gate - Daemonhunters -> Warhammer 40,000: Chaos Gate - Daemonhunters (status=exact, score=100)
[2026-09-08T18:24:32.008+0000] {matching.py:235} INFO - [206440] To the Moon -> To the Moon (status=exact, score=100)
[2026-09-08T18:24:32.008+0000] {matching.py:235} INFO - [613010] Secret in Story -> Secret in Story (status=exact, score=100)
[2026-09-08T18:24:32.009+0000] {matching.py:235} INFO - [424280] Iron Snout -> Iron Snout (status=exact, score=100)
[2026-09-08T18:24:32.010+0000] {matching.py:235} INFO - [212160] Vindictus -> Vindictus (status=exact, score=100)
[2026-09-08T18:24:32.010+0000] {matching.py:235} INFO - [1030830] Mafia II: Definitive Edition -> Mafia II: Definitive Edition (status=exact, score=100)
[2026-09-08T18:24:32.011+0000] {matching.py:235} INFO - [365450] Hacknet -> Hacknet (status=exact, score=100)
[2026-09-08T18:24:32.011+0000] {matching.py:235} INFO - [302510] Ryse: Son of Rome -> Ryse: Son of Rome (status=exact, score=100)
[2026-09-08T18:24:32.011+0000] {matching.py:235} INFO - [22330] The Elder Scrolls IV: Oblivion Game of the Year Edition (2009) -> The Elder Scrolls IV: Oblivion Game of the Year Edition (status=high_confidence, score=96)
[2026-09-08T18:24:32.012+0000] {matching.py:235} INFO - [1687950] Persona 5 Royal -> Persona 5 Royal (status=exact, score=100)
[2026-09-08T18:24:32.012+0000] {matching.py:235} INFO - [238370] Magicka 2 -> Magicka 2 (status=exact, score=100)
[2026-09-08T18:24:32.013+0000] {matching.py:235} INFO - [113020] Monaco: What's Yours Is Mine -> Monaco: What's Yours Is Mine (status=exact, score=100)
[2026-09-08T18:24:32.013+0000] {matching.py:235} INFO - [3070070] TCG Card Shop Simulator -> TCG Card Shop Simulator (status=exact, score=100)
[2026-09-08T18:24:32.014+0000] {matching.py:235} INFO - [977950] A Dance of Fire and Ice -> A Dance of Fire and Ice (status=exact, score=100)
[2026-09-08T18:24:32.014+0000] {matching.py:235} INFO - [6860] Hitman: Blood Money -> Hitman: Blood Money (status=exact, score=100)
[2026-09-08T18:24:32.015+0000] {matching.py:235} INFO - [1057240] Crucible Beta -> Crucible Beta (status=exact, score=100)
[2026-09-08T18:24:32.015+0000] {matching.py:235} INFO - [268050] The Evil Within -> The Evil Within (status=exact, score=100)
[2026-09-08T18:24:32.016+0000] {matching.py:235} INFO - [511470] Glass Masquerade -> Glass Masquerade (status=exact, score=100)
[2026-09-08T18:24:32.016+0000] {matching.py:235} INFO - [389430] Knight Online -> Knight Online (status=exact, score=100)
[2026-09-08T18:24:32.017+0000] {matching.py:235} INFO - [289130] ENDLESS Legend -> Endless Legend (status=exact, score=100)
[2026-09-08T18:24:32.017+0000] {matching.py:235} INFO - [488790] South Park: The Fractured But Whole -> South Park: The Fractured But Whole (status=exact, score=100)
[2026-09-08T18:24:32.017+0000] {matching.py:235} INFO - [493520] GTFO -> GTFO (status=exact, score=100)
[2026-09-08T18:24:32.018+0000] {matching.py:235} INFO - [546560] Half-Life: Alyx -> Half-Life: Alyx (status=exact, score=100)
[2026-09-08T18:24:32.018+0000] {matching.py:235} INFO - [439190] Stories: The Path of Destinies -> Stories: The Path of Destinies (status=exact, score=100)
[2026-09-08T18:24:32.019+0000] {matching.py:235} INFO - [67370] The Darkness II -> The Darkness II (status=exact, score=100)
[2026-09-08T18:24:32.019+0000] {matching.py:235} INFO - [845070] The Awesome Adventures of Captain Spirit -> The Awesome Adventures of Captain Spirit (status=exact, score=100)
[2026-09-08T18:24:32.019+0000] {matching.py:235} INFO - [453480] Shadowverse CCG -> Shadowverse CCG (status=exact, score=100)
[2026-09-08T18:24:32.020+0000] {matching.py:235} INFO - [633230] NARUTO TO BORUTO: SHINOBI STRIKER -> NARUTO TO BORUTO: SHINOBI STRIKER (status=exact, score=100)
[2026-09-08T18:24:32.020+0000] {matching.py:235} INFO - [32370] STAR WARS Knights of the Old Republic -> Star Wars: Knights of the Old Republic (status=exact, score=100)
[2026-09-08T18:24:32.021+0000] {matching.py:235} INFO - [476600] Call of Duty: WWII -> Call of Duty: WWII (status=exact, score=100)
[2026-09-08T18:24:32.021+0000] {matching.py:235} INFO - [1404210] Red Dead Online -> Red Dead Online (status=exact, score=100)
[2026-09-08T18:24:32.021+0000] {matching.py:235} INFO - [1557740] ROUNDS -> ROUNDS (status=exact, score=100)
[2026-09-08T18:24:32.022+0000] {matching.py:235} INFO - [1619450] Heart of a Warrior -> Heart of a Warrior (status=exact, score=100)
[2026-09-08T18:24:32.022+0000] {matching.py:235} INFO - [683320] GRIS -> Gris (status=exact, score=100)
[2026-09-08T18:24:32.023+0000] {matching.py:235} INFO - [2551020] One-armed robber -> One-armed robber (status=exact, score=100)
[2026-09-08T18:24:32.023+0000] {matching.py:235} INFO - [1536610] OpenTTD -> OpenTTD (status=exact, score=100)
[2026-09-08T18:24:32.024+0000] {matching.py:235} INFO - [386940] Ultimate Chicken Horse -> Ultimate Chicken Horse (status=exact, score=100)
[2026-09-08T18:24:32.024+0000] {matching.py:235} INFO - [346010] Besiege -> Besiege (status=exact, score=100)
[2026-09-08T18:24:32.025+0000] {matching.py:235} INFO - [924970] Back 4 Blood -> Back 4 Blood (status=exact, score=100)
[2026-09-08T18:24:32.025+0000] {matching.py:235} INFO - [349700] Romero's Aftermath -> Romero's Aftermath (status=exact, score=100)
[2026-09-08T18:24:32.026+0000] {matching.py:235} INFO - [208140] ENDLESS Space - Definitive Edition -> ReCore: Definitive Edition (status=review, score=77)
[2026-09-08T18:24:32.026+0000] {matching.py:235} INFO - [206500] AirMech Strike -> AirMech Arena (status=review, score=74)
[2026-09-08T18:24:32.026+0000] {matching.py:235} INFO - [57690] Tropico 4 -> Tropico 4 (status=exact, score=100)
[2026-09-08T18:24:32.027+0000] {matching.py:235} INFO - [2322010] God of War Ragnarök -> God of War Ragnarök (status=exact, score=100)
[2026-09-08T18:24:32.027+0000] {matching.py:235} INFO - [274940] Depth -> Depth (status=exact, score=100)
[2026-09-08T18:24:32.028+0000] {matching.py:235} INFO - [412220] DDraceNetwork -> DDraceNetwork (status=exact, score=100)
[2026-09-08T18:24:32.028+0000] {matching.py:235} INFO - [1290000] PowerWash Simulator -> PowerWash Simulator (status=exact, score=100)
[2026-09-08T18:24:32.028+0000] {matching.py:235} INFO - [1286680] Tiny Tina's Wonderlands -> Tiny Tina's Wonderlands (status=exact, score=100)
[2026-09-08T18:24:32.029+0000] {matching.py:235} INFO - [39500] Gothic 3 -> Gothic 3 (status=exact, score=100)
[2026-09-08T18:24:32.029+0000] {matching.py:235} INFO - [872790] Football Manager 2019 -> Football Manager 2019 (status=exact, score=100)
[2026-09-08T18:24:32.030+0000] {matching.py:235} INFO - [291650] Pillars of Eternity -> Pillars of Eternity (status=exact, score=100)
[2026-09-08T18:24:32.030+0000] {matching.py:235} INFO - [17330] Crysis Warhead -> Crysis Warhead (status=exact, score=100)
[2026-09-08T18:24:32.030+0000] {matching.py:235} INFO - [1533390] Gorilla Tag -> Gorilla Tag (status=exact, score=100)
[2026-09-08T18:24:32.031+0000] {matching.py:235} INFO - [606280] Darksiders III -> Darksiders III (status=exact, score=100)
[2026-09-08T18:24:32.031+0000] {matching.py:235} INFO - [10500] Total War: EMPIRE – Definitive Edition -> Age of Empires: Definitive Edition (status=review, score=79)
[2026-09-08T18:24:32.031+0000] {matching.py:235} INFO - [1476970] Legends of IdleOn - Idle MMO -> Legends of Idleon MMO (status=high_confidence, score=89)
[2026-09-08T18:24:32.032+0000] {matching.py:235} INFO - [1262580] Need for Speed Payback -> Need for Speed Payback (status=exact, score=100)
[2026-09-08T18:24:32.032+0000] {matching.py:235} INFO - [246620] Plague Inc: Evolved -> Plague Inc: Evolved (status=exact, score=100)
[2026-09-08T18:24:32.033+0000] {matching.py:235} INFO - [319830] AX:EL - Air XenoDawn -> AX:EL - Air XenoDawn (status=exact, score=100)
[2026-09-08T18:24:32.033+0000] {matching.py:235} INFO - [324800] Shadow Warrior 2 -> Shadow Warrior 2 (status=exact, score=100)
[2026-09-08T18:24:32.033+0000] {matching.py:235} INFO - [341800] Keep Talking and Nobody Explodes -> Keep Talking and Nobody Explodes (status=exact, score=100)
[2026-09-08T18:24:32.034+0000] {matching.py:235} INFO - [322500] SUPERHOT -> SUPERHOT (status=exact, score=100)
[2026-09-08T18:24:32.034+0000] {matching.py:235} INFO - [939960] Far Cry New Dawn -> Far Cry New Dawn (status=exact, score=100)
[2026-09-08T18:24:32.035+0000] {matching.py:235} INFO - [239820] Game Dev Tycoon -> Game Dev Tycoon (status=exact, score=100)
[2026-09-08T18:24:32.035+0000] {matching.py:235} INFO - [509980] BIGFOOT -> Bigfoot (status=exact, score=100)
[2026-09-08T18:24:32.035+0000] {matching.py:235} INFO - [364360] Total War: WARHAMMER -> Total War: WARHAMMER (status=exact, score=100)
[2026-09-08T18:24:32.036+0000] {matching.py:235} INFO - [492720] Tropico 6 -> Tropico 6 (status=exact, score=100)
[2026-09-08T18:24:32.036+0000] {matching.py:235} INFO - [12110] Grand Theft Auto: Vice City -> Grand Theft Auto: Vice City (status=exact, score=100)
[2026-09-08T18:24:32.036+0000] {matching.py:235} INFO - [460790] Bayonetta -> Bayonetta (status=exact, score=100)
[2026-09-08T18:24:32.037+0000] {matching.py:235} INFO - [1213210] Command & Conquer Remastered Collection -> Command & Conquer Remastered Collection (status=exact, score=100)
[2026-09-08T18:24:32.037+0000] {matching.py:235} INFO - [627690] Idle Champions of the Forgotten Realms -> Idle Champions of the Forgotten Realms (status=exact, score=100)
[2026-09-08T18:24:32.038+0000] {matching.py:235} INFO - [569480] Kingdoms and Castles -> Kingdoms and Castles (status=exact, score=100)
[2026-09-08T18:24:32.038+0000] {matching.py:235} INFO - [2021910] FPS Chess -> FPS Chess (status=exact, score=100)
[2026-09-08T18:24:32.039+0000] {matching.py:235} INFO - [242860] Verdun -> Verdun (status=exact, score=100)
[2026-09-08T18:24:32.039+0000] {matching.py:235} INFO - [239160] Thief -> Thief (status=exact, score=100)
[2026-09-08T18:24:32.039+0000] {matching.py:235} INFO - [391460] WARMODE -> WARMODE (status=exact, score=100)
[2026-09-08T18:24:32.040+0000] {matching.py:235} INFO - [636480] Ravenfield -> Ravenfield (status=exact, score=100)
[2026-09-08T18:24:32.040+0000] {matching.py:235} INFO - [2100] Dark Messiah of Might & Magic -> Dark Messiah of Might and Magic (status=high_confidence, score=93)
[2026-09-08T18:24:32.041+0000] {matching.py:235} INFO - [228280] Baldur's Gate: Enhanced Edition -> Baldur's Gate: Enhanced Edition (status=exact, score=100)
[2026-09-08T18:24:32.041+0000] {matching.py:235} INFO - [21690] Resident Evil 5 -> Resident Evil 5 (status=exact, score=100)
[2026-09-08T18:24:32.042+0000] {matching.py:235} INFO - [2420510] HoloCure - Save the Fans! -> HoloCure - Save the Fans! (status=exact, score=100)
[2026-09-08T18:24:32.042+0000] {matching.py:235} INFO - [629730] Blade and Sorcery -> Blade and Sorcery (status=exact, score=100)
[2026-09-08T18:24:32.042+0000] {matching.py:235} INFO - [113420] Fallen Earth Free2Play -> Fallen Earth Free2Play (status=exact, score=100)
[2026-09-08T18:24:32.043+0000] {matching.py:235} INFO - [304240] Resident Evil -> Resident Evil (status=exact, score=100)
[2026-09-08T18:24:32.043+0000] {matching.py:235} INFO - [269210] Hero Siege -> Hero Siege (status=exact, score=100)
[2026-09-08T18:24:32.044+0000] {matching.py:235} INFO - [706990] BLOCKPOST -> BLOCKPOST (status=exact, score=100)
[2026-09-08T18:24:32.044+0000] {matching.py:235} INFO - [621060] PC Building Simulator -> PC Building Simulator (status=exact, score=100)
[2026-09-08T18:24:32.045+0000] {matching.py:235} INFO - [48190] Assassin’s Creed Brotherhood -> Assassin’s Creed Brotherhood (status=exact, score=100)
[2026-09-08T18:24:32.045+0000] {matching.py:235} INFO - [638970] Yakuza 0 -> Yakuza 0 (status=exact, score=100)
[2026-09-08T18:24:32.046+0000] {matching.py:235} INFO - [24010] Train Simulator Classic -> Train Simulator (status=high_confidence, score=79)
[2026-09-08T18:24:32.046+0000] {matching.py:235} INFO - [228380] Wreckfest -> Wreckfest (status=exact, score=100)
[2026-09-08T18:24:32.047+0000] {matching.py:235} INFO - [327690] Gigantic -> Gigantic (status=exact, score=100)
[2026-09-08T18:24:32.047+0000] {matching.py:235} INFO - [417860] Emily is Away -> Emily is Away (status=exact, score=100)
[2026-09-08T18:24:32.048+0000] {matching.py:235} INFO - [1262350] SIGNALIS -> Signalis (status=exact, score=100)
[2026-09-08T18:24:32.048+0000] {matching.py:235} INFO - [1058020] STAR WARS Battlefront (Classic, 2004) -> Star Wars: Battlefront (2004) (status=high_confidence, score=87)
[2026-09-08T18:24:32.049+0000] {matching.py:235} INFO - [582160] Assassin's Creed Origins -> Assassin's Creed Origins (status=exact, score=100)
[2026-09-08T18:24:32.050+0000] {matching.py:235} INFO - [287450] Rise of Nations: Extended Edition -> Rise of Nations: Extended Edition (status=exact, score=100)
[2026-09-08T18:24:32.050+0000] {matching.py:235} INFO - [582500] We Were Here -> We Were Here (status=exact, score=100)
[2026-09-08T18:24:32.051+0000] {matching.py:235} INFO - [442080] Riders of Icarus -> Riders of Icarus (status=exact, score=100)
[2026-09-08T18:24:32.051+0000] {matching.py:235} INFO - [519860] DUSK -> DUSK (status=exact, score=100)
[2026-09-08T18:24:32.051+0000] {matching.py:235} INFO - [22320] The Elder Scrolls III: Morrowind Game of the Year Edition -> The Elder Scrolls IV: Oblivion Game of the Year Edition (status=high_confidence, score=87)
[2026-09-08T18:24:32.052+0000] {matching.py:235} INFO - [704270] Generation Zero -> Hero Generations (status=high_confidence, score=90)
[2026-09-08T18:24:32.052+0000] {matching.py:235} INFO - [40990] Mafia -> Mafia (status=exact, score=100)
[2026-09-08T18:24:32.053+0000] {matching.py:235} INFO - [1627140] Sabre Team -> Sabre Team (status=exact, score=100)
[2026-09-08T18:24:32.053+0000] {matching.py:235} INFO - [612880] Wolfenstein II: The New Colossus -> Wolfenstein II: The New Colossus (status=exact, score=100)
[2026-09-08T18:24:32.053+0000] {matching.py:235} INFO - [638070] Murderous Pursuits -> Murderous Pursuits (status=exact, score=100)
[2026-09-08T18:24:32.054+0000] {matching.py:235} INFO - [3146520] WEBFISHING -> WEBFISHING (status=exact, score=100)
[2026-09-08T18:24:32.054+0000] {matching.py:235} INFO - [537180] Digimon Masters Online -> Digimon Masters Online (status=exact, score=100)
[2026-09-08T18:24:32.055+0000] {matching.py:235} INFO - [232890] Stronghold Crusader 2 -> Stronghold Crusader 2 (status=exact, score=100)
[2026-09-08T18:24:32.055+0000] {matching.py:235} INFO - [6000] STAR WARS Republic Commando -> Star Wars: Republic Commando (status=exact, score=100)
[2026-09-08T18:24:32.056+0000] {matching.py:235} INFO - [1049410] Superliminal -> Superliminal (status=exact, score=100)
[2026-09-08T18:24:32.056+0000] {matching.py:235} INFO - [1343370] Old School RuneScape -> Old School RuneScape (status=exact, score=100)
[2026-09-08T18:24:32.057+0000] {matching.py:235} INFO - [1238860] Battlefield 4 -> Battlefield 4 (status=exact, score=100)
[2026-09-08T18:24:32.057+0000] {matching.py:235} INFO - [961200] Predecessor -> Predecessor (status=exact, score=100)
[2026-09-08T18:24:32.058+0000] {matching.py:235} INFO - [102600] Orcs Must Die! -> Orcs Must Die! (status=exact, score=100)
[2026-09-08T18:24:32.058+0000] {matching.py:235} INFO - [2527500] MiSide -> MiSide (status=exact, score=100)
[2026-09-08T18:24:32.058+0000] {matching.py:235} INFO - [870780] CONTROL Ultimate Edition -> Control Ultimate Edition (status=exact, score=100)
[2026-09-08T18:24:32.059+0000] {matching.py:235} INFO - [24980] Mass Effect 2 (2010 Edition) -> Mass Effect: Legendary Edition (status=unmatched, score=69)
[2026-09-08T18:24:32.059+0000] {matching.py:235} INFO - [312520] Rain World -> Rain World (status=exact, score=100)
[2026-09-08T18:24:32.060+0000] {matching.py:235} INFO - [285190] Warhammer 40,000: Dawn of War III -> Warhammer 40,000: Dawn of War III (status=exact, score=100)
[2026-09-08T18:24:32.060+0000] {matching.py:235} INFO - [202170] Sleeping Dogs -> Sleeping Dogs (status=exact, score=100)
[2026-09-08T18:24:32.060+0000] {matching.py:235} INFO - [235600] Tom Clancy’s Splinter Cell Blacklist -> Tom Clancy’s Splinter Cell Blacklist (status=exact, score=100)
[2026-09-08T18:24:32.061+0000] {matching.py:235} INFO - [34030] Total War: NAPOLEON – Definitive Edition -> Napoleon: Total War - Gold Edition (status=review, score=76)
[2026-09-08T18:24:32.061+0000] {matching.py:235} INFO - [459820] Crush Crush -> Crush Crush (status=exact, score=100)
[2026-09-08T18:24:32.062+0000] {matching.py:235} INFO - [47810] Dragon Age: Origins - Ultimate Edition -> Dragon Age: Origins - Ultimate Edition (status=exact, score=100)
[2026-09-08T18:24:32.062+0000] {matching.py:235} INFO - [1313860] EA SPORTS FIFA 21 -> EA SPORTS FIFA 16 (status=high_confidence, score=94)
[2026-09-08T18:24:32.062+0000] {matching.py:235} INFO - [280790] Creativerse -> Creativerse (status=exact, score=100)
[2026-09-08T18:24:32.063+0000] {matching.py:235} INFO - [2280] DOOM + DOOM II -> DOOM + DOOM II (status=exact, score=100)
[2026-09-08T18:24:32.063+0000] {matching.py:235} INFO - [637090] BATTLETECH -> BATTLETECH (status=exact, score=100)
[2026-09-08T18:24:32.064+0000] {matching.py:235} INFO - [690790] DiRT Rally 2.0 -> DiRT Rally 2.0 (status=exact, score=100)
[2026-09-08T18:24:32.064+0000] {matching.py:235} INFO - [704850] Thief Simulator -> Thief Simulator (status=exact, score=100)
[2026-09-08T18:24:32.064+0000] {matching.py:235} INFO - [424370] Wolcen: Lords of Mayhem -> Wolcen: Lords of Mayhem (status=exact, score=100)
[2026-09-08T18:24:32.065+0000] {matching.py:235} INFO - [851850] DRAGON BALL Z: KAKAROT -> Dragon Ball Z: Kakarot (status=exact, score=100)
[2026-09-08T18:24:32.065+0000] {matching.py:235} INFO - [243470] Watch_Dogs -> Watchdog (status=high_confidence, score=94)
[2026-09-08T18:24:32.065+0000] {matching.py:235} INFO - [1384160] GUILTY GEAR -STRIVE- -> Guilty Gear -Strive (status=exact, score=100)
[2026-09-08T18:24:32.066+0000] {matching.py:235} INFO - [491950] Orwell: Keeping an Eye On You -> Orwell: Keeping an Eye On You (status=exact, score=100)
[2026-09-08T18:24:32.066+0000] {matching.py:235} INFO - [2622000] Astral Party  -> Astral Party (status=exact, score=100)
[2026-09-08T18:24:32.067+0000] {matching.py:235} INFO - [1061910] Metal: Hellsinger -> Metal: Hellsinger (status=exact, score=100)
[2026-09-08T18:24:32.067+0000] {matching.py:235} INFO - [247080] Crypt of the NecroDancer -> Crypt of the NecroDancer (status=exact, score=100)
[2026-09-08T18:24:32.067+0000] {matching.py:235} INFO - [392110] ENDLESS Space 2 -> Endless Space 2 (status=exact, score=100)
[2026-09-08T18:24:32.068+0000] {matching.py:235} INFO - [47830] Medal of Honor -> Medal of Honor (status=exact, score=100)
[2026-09-08T18:24:32.069+0000] {matching.py:235} INFO - [9340] Company of Heroes: Opposing Fronts -> Company of Heroes: Opposing Fronts (status=exact, score=100)
[2026-09-08T18:24:32.069+0000] {matching.py:235} INFO - [214420] Gear Up -> Gear Up (status=exact, score=100)
[2026-09-08T18:24:32.070+0000] {matching.py:235} INFO - [438040] Shakes and Fidget -> Shakes and Fidget (status=exact, score=100)
[2026-09-08T18:24:32.070+0000] {matching.py:235} INFO - [752590] A Plague Tale: Innocence -> A Plague Tale: Innocence (status=exact, score=100)
[2026-09-08T18:24:32.070+0000] {matching.py:235} INFO - [736220] Squad 44 -> Meridian: Squad 22 (status=unmatched, score=48)
[2026-09-08T18:24:32.071+0000] {matching.py:235} INFO - [933110] Age of Empires III: Definitive Edition -> Age of Empires III: Definitive Edition (status=exact, score=100)
[2026-09-08T18:24:32.071+0000] {matching.py:235} INFO - [24200] DC Universe Online -> DC Universe Online (status=exact, score=100)
[2026-09-08T18:24:32.072+0000] {matching.py:235} INFO - [304670] Aeon Command -> Aeon Command (status=exact, score=100)
[2026-09-08T18:24:32.072+0000] {matching.py:235} INFO - [228200] Company of Heroes -> Company of Heroes (status=exact, score=100)
[2026-09-08T18:24:32.073+0000] {matching.py:235} INFO - [233720] Surgeon Simulator -> Surgeon Simulator (status=exact, score=100)
[2026-09-08T18:24:32.073+0000] {matching.py:235} INFO - [1483870] Draw & Guess -> Draw & Guess (status=exact, score=100)
[2026-09-08T18:24:32.073+0000] {matching.py:235} INFO - [692850] Bloodstained: Ritual of the Night -> Bloodstained: Ritual of the Night (status=exact, score=100)
[2026-09-08T18:24:32.074+0000] {matching.py:235} INFO - [15100] Assassin's Creed: Director's Cut Edition -> Assassin's Creed: Director's Cut Edition (status=exact, score=100)
[2026-09-08T18:24:32.074+0000] {matching.py:235} INFO - [1241100] POLYGON: Multiplayer Shooter -> nPONGo - a Multiplayer Shooter (status=high_confidence, score=87)
[2026-09-08T18:24:32.075+0000] {matching.py:235} INFO - [1282100] REMNANT II -> Remnant II (status=exact, score=100)
[2026-09-08T18:24:32.075+0000] {matching.py:235} INFO - [287290] Resident Evil Revelations 2 -> Resident Evil Revelations 2 (status=exact, score=100)
[2026-09-08T18:24:32.075+0000] {matching.py:235} INFO - [1225330] NBA 2K21 -> NBA 2K21 (status=exact, score=100)
[2026-09-08T18:24:32.076+0000] {matching.py:235} INFO - [4920] Natural Selection 2 -> Natural Selection 2 (status=exact, score=100)
[2026-09-08T18:24:32.076+0000] {matching.py:235} INFO - [1515950] Capcom Arcade Stadium -> Capcom Arcade Stadium (status=exact, score=100)
[2026-09-08T18:24:32.077+0000] {matching.py:235} INFO - [19900] Far Cry 2 -> Far Cry 2 (status=exact, score=100)
[2026-09-08T18:24:32.077+0000] {matching.py:235} INFO - [979690] The Ascent -> The Ascent (status=exact, score=100)
[2026-09-08T18:24:32.077+0000] {matching.py:235} INFO - [232050] Eador. Masters of the Broken World -> Eador. Masters of the Broken World (status=exact, score=100)
[2026-09-08T18:24:32.078+0000] {matching.py:235} INFO - [130] Half-Life: Blue Shift -> Half-Life: Blue Shift (status=exact, score=100)
[2026-09-08T18:24:32.078+0000] {matching.py:235} INFO - [809960] Radical Heights -> Radical Heights (status=exact, score=100)
[2026-09-08T18:24:32.079+0000] {matching.py:235} INFO - [47790] Medal of Honor -> Medal of Honor (status=exact, score=100)
[2026-09-08T18:24:32.079+0000] {matching.py:235} INFO - [253980] Enclave -> Enclave (status=exact, score=100)
[2026-09-08T18:24:32.079+0000] {matching.py:235} INFO - [292730] Call of Duty: Infinite Warfare -> Call of Duty: Infinite Warfare (status=exact, score=100)
[2026-09-08T18:24:32.080+0000] {matching.py:235} INFO - [774361] Blasphemous -> Blasphemous (status=exact, score=100)
[2026-09-08T18:24:32.080+0000] {matching.py:235} INFO - [34270] SEGA Mega Drive and Genesis Classics -> SEGA Mega Drive and Genesis Classics (status=exact, score=100)
[2026-09-08T18:24:32.080+0000] {matching.py:235} INFO - [251060] Wargame: Red Dragon -> Wargame: Red Dragon (status=exact, score=100)
[2026-09-08T18:24:32.081+0000] {matching.py:235} INFO - [4500] S.T.A.L.K.E.R.: Shadow of Chernobyl -> S.T.A.L.K.E.R.: Shadow of Chernobyl (status=exact, score=100)
[2026-09-08T18:24:32.081+0000] {matching.py:235} INFO - [32470] STAR WARS Empire at War - Gold Pack -> STAR WARS Empire at War - Gold Pack (status=exact, score=100)
[2026-09-08T18:24:32.082+0000] {matching.py:235} INFO - [837470] Untitled Goose Game -> Untitled Goose Game (status=exact, score=100)
[2026-09-08T18:24:32.082+0000] {matching.py:235} INFO - [834910] ATLAS -> Atlas (status=exact, score=100)
[2026-09-08T18:24:32.082+0000] {matching.py:235} INFO - [454650] DRAGON BALL XENOVERSE 2 -> Dragon Ball Xenoverse 2 (status=exact, score=100)
[2026-09-08T18:24:32.083+0000] {matching.py:235} INFO - [1284410] GWENT: The Witcher Card Game -> Gwent: The Witcher Card Game (status=exact, score=100)
[2026-09-08T18:24:32.083+0000] {matching.py:235} INFO - [1238820] Battlefield 3 -> Battlefield 3 (status=exact, score=100)
[2026-09-08T18:24:32.083+0000] {matching.py:235} INFO - [323470] DRAGON BALL XENOVERSE -> Dragon Ball Xenoverse (status=exact, score=100)
[2026-09-08T18:24:32.084+0000] {matching.py:235} INFO - [1089980] The Henry Stickmin Collection -> The Henry Stickmin Collection (status=exact, score=100)
[2026-09-08T18:24:32.084+0000] {matching.py:235} INFO - [1147560] Skul: The Hero Slayer -> Skul: The Hero Slayer (status=exact, score=100)
[2026-09-08T18:24:32.085+0000] {matching.py:235} INFO - [214560] Mark of the Ninja -> Mark of the Ninja (status=exact, score=100)
[2026-09-08T18:24:32.085+0000] {matching.py:235} INFO - [225080] Brothers - A Tale of Two Sons -> Brothers: A Tale of Two Sons (status=exact, score=100)
[2026-09-08T18:24:32.086+0000] {matching.py:235} INFO - [237930] Transistor -> Transistor (status=exact, score=100)
[2026-09-08T18:24:32.086+0000] {matching.py:235} INFO - [96100] Defy Gravity Extended -> Defy Gravity Extended (status=exact, score=100)
[2026-09-08T18:24:32.087+0000] {matching.py:235} INFO - [113200] The Binding of Isaac -> The Binding of Isaac (status=exact, score=100)
[2026-09-08T18:24:32.087+0000] {matching.py:235} INFO - [2310] Quake -> Quake (status=exact, score=100)
[2026-09-08T18:24:32.087+0000] {matching.py:235} INFO - [599140] Graveyard Keeper -> Graveyard Keeper (status=exact, score=100)
[2026-09-08T18:24:32.088+0000] {matching.py:235} INFO - [1840] Source Filmmaker -> Source Filmmaker (status=exact, score=100)
[2026-09-08T18:24:32.088+0000] {matching.py:235} INFO - [65980] Sid Meier's Civilization: Beyond Earth -> Sid Meier's Civilization: Beyond Earth (status=exact, score=100)
[2026-09-08T18:24:32.089+0000] {matching.py:235} INFO - [373420] Divinity: Original Sin - Enhanced Edition -> Divinity: Original Sin - Enhanced Edition (status=exact, score=100)
[2026-09-08T18:24:32.089+0000] {matching.py:235} INFO - [1621690] Core Keeper -> Core Keeper (status=exact, score=100)
[2026-09-08T18:24:32.089+0000] {matching.py:235} INFO - [1089090] ONE PIECE: PIRATE WARRIORS 4 -> ONE PIECE: PIRATE WARRIORS 4 (status=exact, score=100)
[2026-09-08T18:24:32.090+0000] {matching.py:235} INFO - [311860] Data Hacker: Initiation -> Data Hacker: Initiation (status=exact, score=100)
[2026-09-08T18:24:32.090+0000] {matching.py:235} INFO - [942970] Unheard - Voices of Crime -> Unheard - Voices of Crime (status=exact, score=100)
[2026-09-08T18:24:32.091+0000] {matching.py:235} INFO - [41500] Torchlight -> Torchlight (status=exact, score=100)
[2026-09-08T18:24:32.091+0000] {matching.py:235} INFO - [17080] Tribes: Ascend -> Tribes: Ascend (status=exact, score=100)
[2026-09-08T18:24:32.091+0000] {matching.py:235} INFO - [1778820] TEKKEN 8 -> Tekken 8 (status=exact, score=100)
[2026-09-08T18:24:32.092+0000] {matching.py:235} INFO - [1522820] Orcs Must Die! 3 -> Orcs Must Die! 3 (status=exact, score=100)
[2026-09-08T18:24:32.092+0000] {matching.py:235} INFO - [23310] The Last Remnant -> The Last Remnant (status=exact, score=100)
[2026-09-08T18:24:32.092+0000] {matching.py:235} INFO - [487220] Freebie -> Freebie (status=exact, score=100)
[2026-09-08T18:24:32.093+0000] {matching.py:235} INFO - [34440] Sid Meier's Civilization IV -> Sid Meier's Civilization IV (status=exact, score=100)
[2026-09-08T18:24:32.093+0000] {matching.py:235} INFO - [4570] Warhammer 40,000: Dawn of War - Anniversary Edition (Classic) -> Warhammer 40,000: Dawn of War II (status=review, score=71)
[2026-09-08T18:24:32.094+0000] {matching.py:235} INFO - [2322560] Love Is All Around -> Love Is All Around (status=exact, score=100)
[2026-09-08T18:24:32.094+0000] {matching.py:235} INFO - [2344520] Diablo IV -> Diablo IV (status=exact, score=100)
[2026-09-08T18:24:32.094+0000] {matching.py:235} INFO - [6880] Just Cause -> Just Cause (status=exact, score=100)
[2026-09-08T18:24:32.095+0000] {matching.py:235} INFO - [10680] Aliens vs. Predator -> Aliens vs. Predator (status=exact, score=100)
[2026-09-08T18:24:32.095+0000] {matching.py:235} INFO - [216150] MapleStory -> MapleStory (status=exact, score=100)
[2026-09-08T18:24:32.095+0000] {matching.py:235} INFO - [443110] Armored Warfare -> Armored Warfare (status=exact, score=100)
[2026-09-08T18:24:32.096+0000] {matching.py:235} INFO - [378540] The Surge -> The Surge (status=exact, score=100)
[2026-09-08T18:24:32.096+0000] {matching.py:235} INFO - [527430] Warhammer 40,000: Inquisitor - Martyr -> Warhammer 40,000: Inquisitor - Martyr (status=exact, score=100)
[2026-09-08T18:24:32.097+0000] {matching.py:235} INFO - [753640] Outer Wilds -> Outer Wilds (status=exact, score=100)
[2026-09-08T18:24:32.098+0000] {matching.py:235} INFO - [583950] Artifact -> Artifact (status=exact, score=100)
[2026-09-08T18:24:32.098+0000] {matching.py:235} INFO - [206480] Dungeons & Dragons Online -> Dungeons & Dragons Online (status=exact, score=100)
[2026-09-08T18:24:32.099+0000] {matching.py:235} INFO - [334210] Fortified -> Fortified (status=exact, score=100)
[2026-09-08T18:24:32.099+0000] {matching.py:235} INFO - [921630] 音灵 INVAXION -> 音灵 INVAXION (status=exact, score=100)
[2026-09-08T18:24:32.100+0000] {matching.py:235} INFO - [215080] WAKFU -> WAKFU (status=exact, score=100)
[2026-09-08T18:24:32.100+0000] {matching.py:235} INFO - [65790] Arma: Cold War Assault Remastered -> ARMA: Cold War Assault (status=high_confidence, score=79)
[2026-09-08T18:24:32.100+0000] {matching.py:235} INFO - [332070] School of Dragons -> School of Dragons (status=exact, score=100)
[2026-09-08T18:24:32.101+0000] {matching.py:235} INFO - [311340] METAL GEAR SOLID V: GROUND ZEROES -> Metal Gear Solid V: Ground Zeroes (status=exact, score=100)
[2026-09-08T18:24:32.101+0000] {matching.py:235} INFO - [535930] Two Point Hospital -> Two Point Hospital (status=exact, score=100)
[2026-09-08T18:24:32.102+0000] {matching.py:235} INFO - [414700] Outlast 2 -> Outlast 2 (status=exact, score=100)
[2026-09-08T18:24:32.103+0000] {matching.py:235} INFO - [270150] RUNNING WITH RIFLES -> RUNNING WITH RIFLES (status=exact, score=100)
[2026-09-08T18:24:32.103+0000] {matching.py:235} INFO - [292910] Deponia: The Complete Journey -> Deponia: The Complete Journey (status=exact, score=100)
[2026-09-08T18:24:32.104+0000] {matching.py:235} INFO - [447020] Farming Simulator 17 -> Farming Simulator 17 (status=exact, score=100)
[2026-09-08T18:24:32.104+0000] {matching.py:235} INFO - [1282730] Loop Hero -> Loop Hero (status=exact, score=100)
[2026-09-08T18:24:32.104+0000] {matching.py:235} INFO - [17300] Crysis -> Crysis (status=exact, score=100)
[2026-09-08T18:24:32.105+0000] {matching.py:235} INFO - [102500] Kingdoms of Amalur: Reckoning -> Kingdoms of Amalur: Reckoning (status=exact, score=100)
[2026-09-08T18:24:32.105+0000] {matching.py:235} INFO - [32800] Lord of the Rings: War in the North -> Lord of the Rings: War in the North (status=exact, score=100)
[2026-09-08T18:24:32.106+0000] {matching.py:235} INFO - [8850] BioShock 2 -> BioShock 2 (status=exact, score=100)
[2026-09-08T18:24:32.106+0000] {matching.py:235} INFO - [899440] GOD EATER 3 -> God Eater 3 (status=exact, score=100)
[2026-09-08T18:24:32.107+0000] {matching.py:235} INFO - [418240] Shadow Tactics: Blades of the Shogun -> Shadow Tactics: Blades of the Shogun (status=exact, score=100)
[2026-09-08T18:24:32.107+0000] {matching.py:235} INFO - [207230] ArcheBlade -> ArcheBlade (status=exact, score=100)
[2026-09-08T18:24:32.108+0000] {matching.py:235} INFO - [20570] Warhammer 40,000: Dawn of War II Chaos Rising -> Warhammer 40,000: Dawn of War II Chaos Rising (status=exact, score=100)
[2026-09-08T18:24:32.108+0000] {matching.py:235} INFO - [17460] Mass Effect (2007) -> Mass Effect 3: Earth (status=unmatched, score=69)
[2026-09-08T18:24:32.110+0000] {matching.py:235} INFO - [383150] Dead Island Definitive Edition -> Dead Island Definitive Edition (status=exact, score=100)
[2026-09-08T18:24:32.111+0000] {matching.py:235} INFO - [224760] FEZ -> FEZ (status=exact, score=100)
[2026-09-08T18:24:32.111+0000] {matching.py:235} INFO - [1178830] Bright Memory: Infinite -> Bright Memory: Infinite (status=exact, score=100)
[2026-09-08T18:24:32.111+0000] {matching.py:235} INFO - [2012510] Stormgate -> Stormgate (status=exact, score=100)
[2026-09-08T18:24:32.112+0000] {matching.py:235} INFO - [510840] Evolvation -> Evolvation (status=exact, score=100)
[2026-09-08T18:24:32.112+0000] {matching.py:235} INFO - [297000] Heroes of Might & Magic III - HD Edition -> Heroes of Might & Magic III - HD Edition (status=exact, score=100)
[2026-09-08T18:24:32.113+0000] {matching.py:235} INFO - [1151640] Horizon Zero Dawn Complete Edition -> Horizon Zero Dawn Complete Edition (status=exact, score=100)
[2026-09-08T18:24:32.113+0000] {matching.py:235} INFO - [334230] Town of Salem -> Town of Salem (status=exact, score=100)
[2026-09-08T18:24:32.114+0000] {matching.py:235} INFO - [418070] Turbo Pug -> Turbo Pug (status=exact, score=100)
[2026-09-08T18:24:32.114+0000] {matching.py:235} INFO - [364470] The Elder Scrolls: Legends -> The Elder Scrolls: Legends (status=exact, score=100)
[2026-09-08T18:24:32.115+0000] {matching.py:235} INFO - [601430] The Evil Within 2 -> The Evil Within 2 (status=exact, score=100)
[2026-09-08T18:24:32.115+0000] {matching.py:235} INFO - [1190000] Car Mechanic Simulator 2021 -> Car Mechanic Simulator 2021 (status=exact, score=100)
[2026-09-08T18:24:32.116+0000] {matching.py:235} INFO - [39140] FINAL FANTASY VII -> Final Fantasy VII (status=exact, score=100)
[2026-09-08T18:24:32.116+0000] {matching.py:235} INFO - [4700] Total War: MEDIEVAL II – Definitive Edition -> Medieval: Total War - Collection (status=review, score=70)
[2026-09-08T18:24:32.117+0000] {matching.py:235} INFO - [263500] Dragons and Titans -> Dragons and Titans (status=exact, score=100)
[2026-09-08T18:24:32.117+0000] {matching.py:235} INFO - [675010] MudRunner -> MudRunner (status=exact, score=100)
[2026-09-08T18:24:32.118+0000] {matching.py:235} INFO - [220440] DmC: Devil May Cry -> DmC: Devil May Cry (status=exact, score=100)
[2026-09-08T18:24:32.118+0000] {matching.py:235} INFO - [240320] Panzar -> Panzar (status=exact, score=100)
[2026-09-08T18:24:32.119+0000] {matching.py:235} INFO - [544730] Catan Universe -> Catan Universe (status=exact, score=100)
[2026-09-08T18:24:32.119+0000] {matching.py:235} INFO - [337320] Paint the Town Red -> Paint the Town Red (status=exact, score=100)
[2026-09-08T18:24:32.119+0000] {matching.py:235} INFO - [350640] Sherlock Holmes: The Devil's Daughter -> Sherlock Holmes: The Devil's Daughter (status=exact, score=100)
[2026-09-08T18:24:32.120+0000] {matching.py:235} INFO - [2231450] Pizza Tower -> Pizza Tower (status=exact, score=100)
[2026-09-08T18:24:32.120+0000] {matching.py:235} INFO - [552100] Brick Rigs -> Brick Rigs (status=exact, score=100)
[2026-09-08T18:24:32.121+0000] {matching.py:235} INFO - [1475810] Ghostwire: Tokyo -> Ghostwire: Tokyo (status=exact, score=100)
[2026-09-08T18:24:32.121+0000] {matching.py:235} INFO - [427270] Orcs Must Die! Unchained -> Orcs Must Die! Unchained (status=exact, score=100)
[2026-09-08T18:24:32.122+0000] {matching.py:235} INFO - [392160] X4: Foundations -> X4: Foundations (status=exact, score=100)
[2026-09-08T18:24:32.123+0000] {matching.py:235} INFO - [346330] BrainBread 2 -> BrainBread 2 (status=exact, score=100)
[2026-09-08T18:24:32.123+0000] {matching.py:235} INFO - [3910] Sid Meier's Civilization III Complete -> Sid Meier's Civilization III Complete (status=exact, score=100)
[2026-09-08T18:24:32.124+0000] {matching.py:235} INFO - [1380400] Saving Grace -> Saving Grace (status=exact, score=100)
[2026-09-08T18:24:32.124+0000] {matching.py:235} INFO - [805550] Assetto Corsa Competizione -> Assetto Corsa Competizione (status=exact, score=100)
[2026-09-08T18:24:32.125+0000] {matching.py:235} INFO - [41000] Serious Sam HD: The First Encounter -> Serious Sam HD:  The First Encounter (status=exact, score=100)
[2026-09-08T18:24:32.125+0000] {matching.py:235} INFO - [1284190] The Planet Crafter -> The Planet Crafter (status=exact, score=100)
[2026-09-08T18:24:32.126+0000] {matching.py:235} INFO - [2064650] Tower of Fantasy -> Tower of Fantasy (status=exact, score=100)
[2026-09-08T18:24:32.127+0000] {matching.py:235} INFO - [56437] Warhammer 40,000: Dawn of War II: Retribution -> Warhammer 40,000: Dawn of War II: Retribution (status=exact, score=100)
[2026-09-08T18:24:32.127+0000] {matching.py:235} INFO - [585420] Trailmakers -> Trailmakers (status=exact, score=100)
[2026-09-08T18:24:32.128+0000] {matching.py:235} INFO - [1562430] DREDGE -> Dredge (status=exact, score=100)
[2026-09-08T18:24:32.129+0000] {matching.py:235} INFO - [1987080] Inside the Backrooms -> Inside the Backrooms (status=exact, score=100)
[2026-09-08T18:24:32.129+0000] {matching.py:235} INFO - [666220] CS2D -> CS2D (status=exact, score=100)
[2026-09-08T18:24:32.129+0000] {matching.py:235} INFO - [529340] Victoria 3 -> Victoria 3 (status=exact, score=100)
[2026-09-08T18:24:32.130+0000] {matching.py:235} INFO - [245620] Tropico 5 -> Tropico 5 (status=exact, score=100)
[2026-09-08T18:24:32.130+0000] {matching.py:235} INFO - [657200] Hand Simulator -> Hand Simulator (status=exact, score=100)
[2026-09-08T18:24:32.131+0000] {matching.py:235} INFO - [6850] Hitman 2: Silent Assassin -> Hitman 2: Silent Assassin (status=exact, score=100)
[2026-09-08T18:24:32.131+0000] {matching.py:235} INFO - [209160] Call of Duty: Ghosts -> Call of Duty: Ghosts (status=exact, score=100)
[2026-09-08T18:24:32.132+0000] {matching.py:235} INFO - [1388770] Cruelty Squad -> Cruelty Squad (status=exact, score=100)
[2026-09-08T18:24:32.132+0000] {matching.py:235} INFO - [603850] Age of History II -> age of history 2 (status=high_confidence, score=85)
[2026-09-08T18:24:32.133+0000] {matching.py:235} INFO - [32430] STAR WARS - The Force Unleashed Ultimate Sith Edition -> STAR WARS - The Force Unleashed Ultimate Sith Edition (status=exact, score=100)
[2026-09-08T18:24:32.133+0000] {matching.py:235} INFO - [253900] Knights and Merchants -> Knights and Merchants (status=exact, score=100)
[2026-09-08T18:24:32.134+0000] {matching.py:235} INFO - [1113000] Persona 4 Golden -> Persona 4 Golden (status=exact, score=100)
[2026-09-08T18:24:32.134+0000] {matching.py:235} INFO - [1016920] Unrailed! -> Unrailed! (status=exact, score=100)
[2026-09-08T18:24:32.135+0000] {matching.py:235} INFO - [955050] Bright Memory -> Bright Memory (status=exact, score=100)
[2026-09-08T18:24:32.135+0000] {matching.py:235} INFO - [1929610] Demonologist -> Demonologist (status=exact, score=100)
[2026-09-08T18:24:32.135+0000] {matching.py:235} INFO - [2096610] Crysis 3 Remastered -> Crysis 3 Remastered (status=exact, score=100)
[2026-09-08T18:24:32.136+0000] {matching.py:235} INFO - [1850570] DEATH STRANDING DIRECTOR'S CUT -> Death Stranding Director's Cut (status=exact, score=100)
[2026-09-08T18:24:32.136+0000] {matching.py:235} INFO - [446800] Transport Fever -> Transport Fever (status=exact, score=100)
[2026-09-08T18:24:32.137+0000] {matching.py:235} INFO - [209170] Call of Duty: Ghosts -> Call of Duty: Ghosts (status=exact, score=100)
[2026-09-08T18:24:32.137+0000] {matching.py:235} INFO - [250400] How to Survive -> How to Survive (status=exact, score=100)
[2026-09-08T18:24:32.138+0000] {matching.py:235} INFO - [1296830] 暖雪 Warm Snow -> Warm Snow (status=exact, score=100)
[2026-09-08T18:24:32.138+0000] {matching.py:235} INFO - [1211020] Wobbly Life -> Wobbly Life (status=exact, score=100)
[2026-09-08T18:24:32.139+0000] {matching.py:235} INFO - [410320] EARTH DEFENSE FORCE 4.1 The Shadow of New Despair -> EARTH DEFENSE FORCE 4.1 The Shadow of New Despair (status=exact, score=100)
[2026-09-08T18:24:32.139+0000] {matching.py:235} INFO - [261110] Killer is Dead - Nightmare Edition -> Killer is Dead - Nightmare Edition (status=exact, score=100)
[2026-09-08T18:24:32.140+0000] {matching.py:235} INFO - [208580] STAR WARS Knights of the Old Republic II - The Sith Lords -> Star Wars: Knights of the Old Republic II – The Sith Lords (status=exact, score=100)
[2026-09-08T18:24:32.140+0000] {matching.py:235} INFO - [775500] SCARLET NEXUS -> Scarlet Nexus (status=exact, score=100)
[2026-09-08T18:24:32.141+0000] {matching.py:235} INFO - [447820] Day of Infamy -> Day of Infamy (status=exact, score=100)
[2026-09-08T18:24:32.141+0000] {matching.py:235} INFO - [1599600] PlateUp! -> PlateUp! (status=exact, score=100)
[2026-09-08T18:24:32.141+0000] {matching.py:235} INFO - [475550] Beholder -> Beholder (status=exact, score=100)
[2026-09-08T18:24:32.142+0000] {matching.py:235} INFO - [257510] The Talos Principle -> The Talos Principle (status=exact, score=100)
[2026-09-08T18:24:32.142+0000] {matching.py:235} INFO - [474960] Quantum Break -> Quantum Break (status=exact, score=100)
[2026-09-08T18:24:32.143+0000] {matching.py:235} INFO - [237110] Mortal Kombat Komplete Edition -> Mortal Kombat Komplete Edition (status=exact, score=100)
[2026-09-08T18:24:32.143+0000] {matching.py:235} INFO - [444640] Bloons TD Battles -> Bloons TD Battles (status=exact, score=100)
[2026-09-08T18:24:32.144+0000] {matching.py:235} INFO - [843380] Super Animal Royale -> Super Animal Royale (status=exact, score=100)
[2026-09-08T18:24:32.144+0000] {matching.py:235} INFO - [560130] Pillars of Eternity II: Deadfire -> Pillars of Eternity II: Deadfire (status=exact, score=100)
[2026-09-08T18:24:32.144+0000] {matching.py:235} INFO - [4760] Rome: Total War - Collection -> Rome: Total War - Collection (status=exact, score=100)
[2026-09-08T18:24:32.145+0000] {matching.py:235} INFO - [568220] Lobotomy Corporation | Monster Management Simulation -> Lobotomy Corporation | Monster Management Simulation (status=exact, score=100)
[2026-09-08T18:24:32.145+0000] {matching.py:235} INFO - [257350] Baldur's Gate II: Enhanced Edition -> Baldur's Gate II: Enhanced Edition (status=exact, score=100)
[2026-09-08T18:24:32.146+0000] {matching.py:235} INFO - [202750] Alan Wake's American Nightmare -> Alan Wake's American Nightmare (status=exact, score=100)
[2026-09-08T18:24:32.146+0000] {matching.py:235} INFO - [34870] Sniper: Ghost Warrior 2 -> Sniper: Ghost Warrior 2 (status=exact, score=100)
[2026-09-08T18:24:32.147+0000] {matching.py:235} INFO - [1676130] Deadlink -> Deadlink (status=exact, score=100)
[2026-09-08T18:24:32.147+0000] {matching.py:235} INFO - [224540] Ace of Spades: Battle Builder -> Ace of Spades: Battle Builder (status=exact, score=100)
[2026-09-08T18:24:32.148+0000] {matching.py:235} INFO - [699130] World War Z -> Z End: World War (status=high_confidence, score=85)
[2026-09-08T18:24:32.148+0000] {matching.py:235} INFO - [816020] JUMP FORCE -> Jump Force (status=exact, score=100)
[2026-09-08T18:24:32.149+0000] {matching.py:235} INFO - [462780] Darksiders Warmastered Edition -> Darksiders Warmastered Edition (status=exact, score=100)
[2026-09-08T18:24:32.149+0000] {matching.py:235} INFO - [681660] Bless Online -> Bless Online (status=exact, score=100)
[2026-09-08T18:24:32.150+0000] {matching.py:235} INFO - [34460] Civilization IV: Beyond the Sword -> Civilization IV: Beyond the Sword (status=exact, score=100)
[2026-09-08T18:24:32.150+0000] {matching.py:235} INFO - [448510] Overcooked -> Overcooked (status=exact, score=100)
[2026-09-08T18:24:32.150+0000] {matching.py:235} INFO - [1307550] Craftopia -> Craftopia (status=exact, score=100)
[2026-09-08T18:24:32.151+0000] {matching.py:235} INFO - [1129580] Medieval Dynasty -> Medieval Dynasty (status=exact, score=100)
[2026-09-08T18:24:32.152+0000] {matching.py:235} INFO - [460920] Steep -> Steep (status=exact, score=100)
[2026-09-08T18:24:32.152+0000] {matching.py:235} INFO - [55110] Red Faction: Armageddon -> Red Faction: Armageddon (status=exact, score=100)
[2026-09-08T18:24:32.153+0000] {matching.py:235} INFO - [278080] DYNASTY WARRIORS 8: Xtreme Legends Complete Edition -> DYNASTY WARRIORS 8: Xtreme Legends Complete Edition (status=exact, score=100)
[2026-09-08T18:24:32.153+0000] {matching.py:235} INFO - [996580] Spyro Reignited Trilogy -> Spyro Reignited Trilogy (status=exact, score=100)
[2026-09-08T18:24:32.153+0000] {matching.py:235} INFO - [231060] Ragnarok Online 2 -> Ragnarok Online 2 (status=exact, score=100)
[2026-09-08T18:24:32.154+0000] {matching.py:235} INFO - [108800] Crysis 2 - Maximum Edition -> Crysis 2 - Maximum Edition (status=exact, score=100)
[2026-09-08T18:24:32.154+0000] {matching.py:235} INFO - [673950] Farm Together -> Farm Together (status=exact, score=100)
[2026-09-08T18:24:32.155+0000] {matching.py:235} INFO - [1094520] Sands of Salzaar -> Sands of Salzaar (status=exact, score=100)
[2026-09-08T18:24:32.155+0000] {matching.py:235} INFO - [747660] Five Nights at Freddy's: Security Breach -> Five Nights at Freddy's: Security Breach (status=exact, score=100)
[2026-09-08T18:24:32.156+0000] {matching.py:235} INFO - [6910] Deus Ex: Game of the Year Edition -> Deus Ex: Game of the Year Edition (status=exact, score=100)
[2026-09-08T18:24:32.157+0000] {matching.py:235} INFO - [239350] Spelunky -> Spelunky (status=exact, score=100)
[2026-09-08T18:24:32.157+0000] {matching.py:235} INFO - [215280] Secret World Legends -> Secret World Legends (status=exact, score=100)
[2026-09-08T18:24:32.158+0000] {matching.py:235} INFO - [360430] Mafia III: Definitive Edition -> Mafia III: Definitive Edition (status=exact, score=100)
[2026-09-08T18:24:32.158+0000] {matching.py:235} INFO - [673130] AMID EVIL -> Amid Evil (status=exact, score=100)
[2026-09-08T18:24:32.158+0000] {matching.py:235} INFO - [377300] Thunder Tier One -> Thunder Tier One (status=exact, score=100)
[2026-09-08T18:24:32.159+0000] {matching.py:235} INFO - [2552430] KINGDOM HEARTS -HD 1.5+2.5 ReMIX- -> KINGDOM HEARTS -HD 1.5+2.5 ReMIX (status=exact, score=100)
[2026-09-08T18:24:32.160+0000] {matching.py:235} INFO - [323850] Move or Die -> Move or Die (status=exact, score=100)
[2026-09-08T18:24:32.160+0000] {matching.py:235} INFO - [1030840] Mafia: Definitive Edition -> Mafia: Definitive Edition (status=exact, score=100)
[2026-09-08T18:24:32.160+0000] {matching.py:235} INFO - [823500] BONEWORKS -> Boneworks (status=exact, score=100)
[2026-09-08T18:24:32.161+0000] {matching.py:235} INFO - [841370] NBA 2K19 -> NBA 2K19 (status=exact, score=100)
[2026-09-08T18:24:32.162+0000] {matching.py:235} INFO - [204340] Serious Sam II -> Serious Sam 2 (status=high_confidence, score=89)
[2026-09-08T18:24:32.162+0000] {matching.py:235} INFO - [794260] Outward Definitive Edition -> Outward Definitive Edition (status=exact, score=100)
[2026-09-08T18:24:32.163+0000] {matching.py:235} INFO - [2680010] The First Berserker: Khazan -> The First Berserker: Khazan (status=exact, score=100)
[2026-09-08T18:24:32.163+0000] {matching.py:235} INFO - [299460] Woodle Tree Adventures -> Woodle Tree Adventures (status=exact, score=100)
[2026-09-08T18:24:32.164+0000] {matching.py:235} INFO - [1755910] Capcom Arcade 2nd Stadium -> Capcom Arcade 2nd Stadium (status=exact, score=100)
[2026-09-08T18:24:32.164+0000] {matching.py:235} INFO - [1266680] Strobophagia | Rave Horror -> Strobophagia | Rave Horror (status=exact, score=100)
[2026-09-08T18:24:32.165+0000] {matching.py:235} INFO - [265550] Dead Rising 3 Apocalypse Edition -> Dead Rising 3 Apocalypse Edition (status=exact, score=100)
[2026-09-08T18:24:32.165+0000] {matching.py:235} INFO - [246900] Viscera Cleanup Detail -> Viscera Cleanup Detail (status=exact, score=100)
[2026-09-08T18:24:32.165+0000] {matching.py:235} INFO - [253960] Jack Orlando: Director's Cut -> Jack Orlando: Director's Cut (status=exact, score=100)
[2026-09-08T18:24:32.166+0000] {matching.py:235} INFO - [450390] The Lab -> The Lab (status=exact, score=100)
[2026-09-08T18:24:32.166+0000] {matching.py:235} INFO - [920210] LEGO Star Wars: The Skywalker Saga -> Lego Star Wars: The Skywalker Saga (status=exact, score=100)
[2026-09-08T18:24:32.167+0000] {matching.py:235} INFO - [17480] Command & Conquer: Red Alert 3 -> Command & Conquer: Red Alert 3 (status=exact, score=100)
[2026-09-08T18:24:32.167+0000] {matching.py:235} INFO - [249130] LEGO Marvel Super Heroes -> LEGO Marvel Super Heroes (status=exact, score=100)
[2026-09-08T18:24:32.167+0000] {matching.py:235} INFO - [1017180] The Long Drive -> The Long Drive (status=exact, score=100)
[2026-09-08T18:24:32.168+0000] {matching.py:235} INFO - [26800] Braid -> Braid (status=exact, score=100)
[2026-09-08T18:24:32.168+0000] {matching.py:235} INFO - [640590] The LEGO NINJAGO Movie Video Game -> The LEGO NINJAGO Movie Video Game (status=exact, score=100)
[2026-09-08T18:24:32.169+0000] {matching.py:235} INFO - [1515210] The Past Within -> The Past Within (status=exact, score=100)
[2026-09-08T18:24:32.169+0000] {matching.py:235} INFO - [1147550] Not For Broadcast -> Not For Broadcast (status=exact, score=100)
[2026-09-08T18:24:32.169+0000] {matching.py:235} INFO - [434650] Lost Castle / 失落城堡 -> Lost Castle (status=exact, score=100)
[2026-09-08T18:24:32.170+0000] {matching.py:235} INFO - [1774580] STAR WARS Jedi: Survivor -> Star Wars Jedi: Survivor (status=exact, score=100)
[2026-09-08T18:24:32.170+0000] {matching.py:235} INFO - [431730] Aseprite -> Aseprite (status=exact, score=100)
[2026-09-08T18:24:32.171+0000] {matching.py:235} INFO - [780310] The Riftbreaker -> The Riftbreaker (status=exact, score=100)
[2026-09-08T18:24:32.171+0000] {matching.py:235} INFO - [261030] The Walking Dead: Season Two -> The Walking Dead: Season 2 (status=high_confidence, score=88)
[2026-09-08T18:24:32.172+0000] {matching.py:235} INFO - [1328670] Mass Effect Legendary Edition -> Mass Effect: Legendary Edition (status=exact, score=100)
[2026-09-08T18:24:32.172+0000] {matching.py:235} INFO - [226840] Age of Wonders III -> Age of Wonders III (status=exact, score=100)
[2026-09-08T18:24:32.172+0000] {matching.py:235} INFO - [374040] Portal Knights -> Portal Knights (status=exact, score=100)
[2026-09-08T18:24:32.173+0000] {matching.py:235} INFO - [668580] Atomic Heart -> Atomic Heart (status=exact, score=100)
[2026-09-08T18:24:32.173+0000] {matching.py:235} INFO - [1044720] Farthest Frontier -> Farthest Frontier (status=exact, score=100)
[2026-09-08T18:24:32.173+0000] {matching.py:235} INFO - [544750] SOULCALIBUR VI -> SoulCalibur VI (status=exact, score=100)
[2026-09-08T18:24:32.174+0000] {matching.py:235} INFO - [972660] Spiritfarer: Farewell Edition -> Spiritfarer Demo (status=unmatched, score=64)
[2026-09-08T18:24:32.174+0000] {matching.py:235} INFO - [1150690] OMORI -> OMORI (status=exact, score=100)
[2026-09-08T18:24:32.175+0000] {matching.py:235} INFO - [9450] Warhammer 40,000: Dawn of War - Soulstorm -> Warhammer 40,000: Dawn of War - Soulstorm (status=exact, score=100)
[2026-09-08T18:24:32.175+0000] {matching.py:235} INFO - [490220] Prismata -> Prismata (status=exact, score=100)
[2026-09-08T18:24:32.176+0000] {matching.py:235} INFO - [1301720] Escape Room - Der kranke Kollege -> Escape Room - Der kranke Kollege (status=exact, score=100)
[2026-09-08T18:24:32.176+0000] {matching.py:235} INFO - [921060] Modern Combat 5 -> Modern Combat 5 (status=exact, score=100)
[2026-09-08T18:24:32.176+0000] {matching.py:235} INFO - [70000] Dino D-Day -> Dino D-Day (status=exact, score=100)
[2026-09-08T18:24:32.177+0000] {matching.py:235} INFO - [274520] Darkwood -> Darkwood (status=exact, score=100)
[2026-09-08T18:24:32.177+0000] {matching.py:235} INFO - [239200] Amnesia: A Machine for Pigs -> Amnesia: A Machine for Pigs (status=exact, score=100)
[2026-09-08T18:24:32.178+0000] {matching.py:235} INFO - [257420] Serious Sam 4 -> Serious Sam 4 (status=exact, score=100)
[2026-09-08T18:24:32.178+0000] {matching.py:235} INFO - [1335200] Action Taimanin -> Action Taimanin (status=exact, score=100)
[2026-09-08T18:24:32.179+0000] {matching.py:235} INFO - [1888930] The Last of Us Part I -> The Last of Us Part I (status=exact, score=100)
[2026-09-08T18:24:32.179+0000] {matching.py:235} INFO - [34450] Civilization IV: Warlords -> Civilization IV: Warlords (status=exact, score=100)
[2026-09-08T18:24:32.180+0000] {matching.py:235} INFO - [654880] Dream Daddy: A Dad Dating Simulator -> Dream Daddy: A Dad Dating Simulator (status=exact, score=100)
[2026-09-08T18:24:32.180+0000] {matching.py:235} INFO - [625960] Stoneshard -> Stoneshard (status=exact, score=100)
[2026-09-08T18:24:32.181+0000] {matching.py:235} INFO - [1509960] PICO PARK -> PICO PARK (status=exact, score=100)
[2026-09-08T18:24:32.181+0000] {matching.py:235} INFO - [1544020] The Callisto Protocol -> The Callisto Protocol (status=exact, score=100)
[2026-09-08T18:24:32.181+0000] {matching.py:235} INFO - [2206460] Furry Killer -> Furry Killer (status=exact, score=100)
[2026-09-08T18:24:32.182+0000] {matching.py:235} INFO - [1447430] 小黑盒加速器 -> 超音速空军-飞行模拟器 (status=exact, score=100)
[2026-09-08T18:24:32.182+0000] {matching.py:235} INFO - [7760] X-COM: UFO Defense -> X-COM: UFO Defense (status=exact, score=100)
[2026-09-08T18:24:32.183+0000] {matching.py:235} INFO - [515690] Warriors of Vilvatikta -> Warriors of Vilvatikta (status=exact, score=100)
[2026-09-08T18:24:32.184+0000] {matching.py:235} INFO - [104900] ORION: Prelude -> ORION: Prelude (status=exact, score=100)
[2026-09-08T18:24:32.184+0000] {matching.py:235} INFO - [339280] Strife -> Strife (status=exact, score=100)
[2026-09-08T18:24:32.184+0000] {matching.py:235} INFO - [262280] Dungeons 2 -> Dungeons 2 (status=exact, score=100)
[2026-09-08T18:24:32.185+0000] {matching.py:235} INFO - [1201240] BLEACH Brave Souls -> Bleach: Brave Souls (status=exact, score=100)
[2026-09-08T18:24:32.185+0000] {matching.py:235} INFO - [1686940] Bopl Battle -> Bopl Battle (status=exact, score=100)
[2026-09-08T18:24:32.186+0000] {matching.py:235} INFO - [859570] Secret Neighbor: Hello Neighbor Multiplayer -> Hello Neighbor Hide and Seek (status=unmatched, score=60)
[2026-09-08T18:24:32.186+0000] {matching.py:235} INFO - [1846380] Need for Speed Unbound -> Need for Speed Unbound (status=exact, score=100)
[2026-09-08T18:24:32.186+0000] {matching.py:235} INFO - [313120] Stranded Deep -> Stranded Deep (status=exact, score=100)
[2026-09-08T18:24:32.187+0000] {matching.py:235} INFO - [1435790] Escape Simulator -> Escape Simulator (status=exact, score=100)
[2026-09-08T18:24:32.187+0000] {matching.py:235} INFO - [1062090] Timberborn -> Timberborn (status=exact, score=100)
[2026-09-08T18:24:32.188+0000] {matching.py:235} INFO - [21100] F.E.A.R. 3 -> F.E.A.R. 3 (status=exact, score=100)
[2026-09-08T18:24:32.189+0000] {matching.py:235} INFO - [1259970] eFootball PES 2021 SEASON UPDATE -> eFootball PES 2021 (status=high_confidence, score=72)
[2026-09-08T18:24:32.189+0000] {matching.py:235} INFO - [2096600] Crysis 2 Remastered -> Crysis 2 Remastered (status=exact, score=100)
[2026-09-08T18:24:32.190+0000] {matching.py:235} INFO - [400040] ShareX -> Share (status=high_confidence, score=91)
[2026-09-08T18:24:32.191+0000] {matching.py:235} INFO - [512900] Streets of Rogue -> Streets of Rogue (status=exact, score=100)
[2026-09-08T18:24:32.191+0000] {matching.py:235} INFO - [383080] Sakura Clicker -> Sakura Clicker (status=exact, score=100)
[2026-09-08T18:24:32.192+0000] {matching.py:235} INFO - [573090] Stormworks: Build and Rescue -> Stormworks: Build and Rescue (status=exact, score=100)
[2026-09-08T18:24:32.192+0000] {matching.py:235} INFO - [20510] S.T.A.L.K.E.R.: Clear Sky -> S.T.A.L.K.E.R.: Clear Sky (status=exact, score=100)
[2026-09-08T18:24:32.193+0000] {matching.py:235} INFO - [1268750] Starship Troopers: Extermination -> Starship Troopers: Extermination (status=exact, score=100)
[2026-09-08T18:24:32.194+0000] {matching.py:235} INFO - [774861] Project Winter -> Project Winter (status=exact, score=100)
[2026-09-08T18:24:32.194+0000] {matching.py:235} INFO - [1169040] Necesse -> Necesse (status=exact, score=100)
[2026-09-08T18:24:32.195+0000] {matching.py:235} INFO - [1501750] Lords of the Fallen -> Lords of the Fallen (status=exact, score=100)
[2026-09-08T18:24:32.195+0000] {matching.py:235} INFO - [969990] SpongeBob SquarePants: Battle for Bikini Bottom - Rehydrated -> SpongeBob SquarePants: Battle for Bikini Bottom — Rehydrated (status=exact, score=100)
[2026-09-08T18:24:32.195+0000] {matching.py:235} INFO - [516750] My Summer Car -> My Summer Car (status=exact, score=100)
[2026-09-08T18:24:32.196+0000] {matching.py:235} INFO - [210970] The Witness -> The Witness (status=exact, score=100)
[2026-09-08T18:24:32.196+0000] {matching.py:235} INFO - [361280] Turmoil -> Turmoil (status=exact, score=100)
[2026-09-08T18:24:32.197+0000] {matching.py:235} INFO - [457330] High Octane Drift -> High Octane Drift (status=exact, score=100)
[2026-09-08T18:24:32.197+0000] {matching.py:235} INFO - [715210] The Pillage -> The Pillage (status=exact, score=100)
[2026-09-08T18:24:32.354+0000] {matching.py:235} INFO - [311240] Zero Escape: Zero Time Dilemma -> Zero Escape: Zero Time Dilemma (status=exact, score=100)
[2026-09-08T18:24:32.355+0000] {matching.py:235} INFO - [4580] Warhammer 40,000: Dawn of War - Dark Crusade -> Warhammer 40,000: Dawn of War - Dark Crusade (status=exact, score=100)
[2026-09-08T18:24:32.355+0000] {matching.py:235} INFO - [584400] Sonic Mania -> Sonic Mania (status=exact, score=100)
[2026-09-08T18:24:32.356+0000] {matching.py:235} INFO - [860510] Little Nightmares II -> Little Nightmares II (status=exact, score=100)
[2026-09-08T18:24:32.357+0000] {matching.py:235} INFO - [2400] The Ship: Murder Party -> The Ship: Murder Party (status=exact, score=100)
[2026-09-08T18:24:32.358+0000] {matching.py:235} INFO - [423230] Furi -> Furi (status=exact, score=100)
[2026-09-08T18:24:32.358+0000] {matching.py:235} INFO - [682990] Drug Dealer Simulator -> Drug Dealer Simulator (status=exact, score=100)
[2026-09-08T18:24:32.359+0000] {matching.py:235} INFO - [356670] Spooky's Jump Scare Mansion -> Spooky's Jump Scare Mansion (status=exact, score=100)
[2026-09-08T18:24:32.359+0000] {matching.py:235} INFO - [13230] Unreal Tournament 2004: Editor's Choice Edition -> Unreal Tournament 2004: Editor's Choice Edition (status=exact, score=100)
[2026-09-08T18:24:32.360+0000] {matching.py:235} INFO - [977400] Cell to Singularity - Evolution Never Ends -> Cell to Singularity - Evolution Never Ends (status=exact, score=100)
[2026-09-08T18:24:32.361+0000] {matching.py:235} INFO - [295110] Just Survive -> Just Survive (status=exact, score=100)
[2026-09-08T18:24:32.361+0000] {matching.py:235} INFO - [31280] Poker Night at the Inventory -> Poker Night at the Inventory (status=exact, score=100)
[2026-09-08T18:24:32.362+0000] {matching.py:235} INFO - [1940340] Darkest Dungeon II -> Darkest Dungeon II (status=exact, score=100)
[2026-09-08T18:24:32.362+0000] {matching.py:235} INFO - [1262540] Need for Speed -> Need for Speed (status=exact, score=100)
[2026-09-08T18:24:32.363+0000] {matching.py:235} INFO - [38410] Fallout 2: A Post Nuclear Role Playing Game -> Colony Ship: A Post-Earth Role Playing Game (status=unmatched, score=65)
[2026-09-08T18:24:32.363+0000] {matching.py:235} INFO - [12810] Overlord II -> Overlord II (status=exact, score=100)
[2026-09-08T18:24:32.363+0000] {matching.py:235} INFO - [418530] Spelunky 2 -> Spelunky 2 (status=exact, score=100)
[2026-09-08T18:24:32.364+0000] {matching.py:235} INFO - [9420] Supreme Commander: Forged Alliance -> Supreme Commander: Forged Alliance (status=exact, score=100)
[2026-09-08T18:24:32.364+0000] {matching.py:235} INFO - [3830] Psychonauts -> Psychonauts (status=exact, score=100)
[2026-09-08T18:24:32.364+0000] {matching.py:235} INFO - [212740] TERA - Action MMORPG -> Eryi's Action (status=unmatched, score=60)
[2026-09-08T18:24:32.365+0000] {matching.py:235} INFO - [992300] 嗜血印 Bloody Spell -> 嗜血印 Bloody Spell (status=exact, score=100)
[2026-09-08T18:24:32.366+0000] {matching.py:235} INFO - [217200] Worms Armageddon -> Worms Armageddon (status=exact, score=100)
[2026-09-08T18:24:32.366+0000] {matching.py:235} INFO - [16900] GROUND BRANCH -> GROUND BRANCH (status=exact, score=100)
[2026-09-08T18:24:32.367+0000] {matching.py:235} INFO - [304650] SUNLESS SEA -> Sunless Sea (status=exact, score=100)
[2026-09-08T18:24:32.367+0000] {matching.py:235} INFO - [233270] Far Cry 3 - Blood Dragon -> Far Cry 3: Blood Dragon (status=exact, score=100)
[2026-09-08T18:24:32.367+0000] {matching.py:235} INFO - [13210] Unreal Tournament 3 Black -> Unreal Tournament 3 Black (status=exact, score=100)
[2026-09-08T18:24:32.368+0000] {matching.py:235} INFO - [448470] Bacteria -> Bacteria (status=exact, score=100)
[2026-09-08T18:24:32.368+0000] {matching.py:235} INFO - [20] Team Fortress Classic -> Team Fortress Classic (status=exact, score=100)
[2026-09-08T18:24:32.369+0000] {matching.py:235} INFO - [9200] RAGE -> Rage (status=exact, score=100)
[2026-09-08T18:24:32.369+0000] {matching.py:235} INFO - [3117820] Sultan's Game -> Sultan's Game (status=exact, score=100)
[2026-09-08T18:24:32.370+0000] {matching.py:235} INFO - [383980] Rivals of Aether -> Rivals of Aether (status=exact, score=100)
[2026-09-08T18:24:32.370+0000] {matching.py:235} INFO - [288470] Fable Anniversary -> Fable Anniversary (status=exact, score=100)
[2026-09-08T18:24:32.370+0000] {matching.py:235} INFO - [368370] Her Story -> Her Story (status=exact, score=100)
[2026-09-08T18:24:32.371+0000] {matching.py:235} INFO - [226700] Infestation: Survivor Stories 2020 -> Infestation: Survivor Stories (status=high_confidence, score=92)
[2026-09-08T18:24:32.371+0000] {matching.py:235} INFO - [394310] Punch Club -> Punch Club (status=exact, score=100)
[2026-09-08T18:24:32.372+0000] {matching.py:235} INFO - [505460] Foxhole -> Foxhole (status=exact, score=100)
[2026-09-08T18:24:32.372+0000] {matching.py:235} INFO - [250320] The Wolf Among Us -> The Wolf Among Us (status=exact, score=100)
[2026-09-08T18:24:32.373+0000] {matching.py:235} INFO - [481510] Night in the Woods -> Night in the Woods (status=exact, score=100)
[2026-09-08T18:24:32.374+0000] {matching.py:235} INFO - [302670] Call to Arms -> Call to Arms (status=exact, score=100)
[2026-09-08T18:24:32.374+0000] {matching.py:235} INFO - [311560] Assassin’s Creed Rogue -> Assassin’s Creed Rogue (status=exact, score=100)
[2026-09-08T18:24:32.375+0000] {matching.py:235} INFO - [736190] Chinese Parents -> 中国式家长 / Chinese Parents (status=exact, score=100)
[2026-09-08T18:24:32.375+0000] {matching.py:235} INFO - [243970] Invisible, Inc. -> Invisible, Inc. (status=exact, score=100)
[2026-09-08T18:24:32.376+0000] {matching.py:235} INFO - [230290] Universe Sandbox -> Universe Sandbox (status=exact, score=100)
[2026-09-08T18:24:32.376+0000] {matching.py:235} INFO - [2338770] NBA 2K24 -> NBA 2K24 (status=exact, score=100)
[2026-09-08T18:24:32.376+0000] {matching.py:235} INFO - [614570] Dishonored: Death of the Outsider -> Dishonored: Death of the Outsider (status=exact, score=100)
[2026-09-08T18:24:32.377+0000] {matching.py:235} INFO - [655500] MX Bikes -> MX Bikes (status=exact, score=100)
[2026-09-08T18:24:32.377+0000] {matching.py:235} INFO - [496300] Kingdom: New Lands -> Kingdom: New Lands (status=exact, score=100)
[2026-09-08T18:24:32.378+0000] {matching.py:235} INFO - [57900] Duke Nukem Forever -> Duke Nukem Forever (status=exact, score=100)
[2026-09-08T18:24:32.378+0000] {matching.py:235} INFO - [333420] Cossacks 3 -> Cossacks 3 (status=exact, score=100)
[2026-09-08T18:24:32.378+0000] {matching.py:235} INFO - [2456740] inZOI -> inZOI (status=exact, score=100)
[2026-09-08T18:24:32.379+0000] {matching.py:235} INFO - [1291340] Townscaper -> Townscaper (status=exact, score=100)
[2026-09-08T18:24:32.379+0000] {matching.py:235} INFO - [21110] F.E.A.R. -> F.E.A.R. (status=exact, score=100)
[2026-09-08T18:24:32.379+0000] {matching.py:235} INFO - [21120] F.E.A.R. -> F.E.A.R. (status=exact, score=100)
[2026-09-08T18:24:32.380+0000] {matching.py:235} INFO - [242700] Injustice: Gods Among Us Ultimate Edition -> Injustice: Gods Among Us Ultimate Edition (status=exact, score=100)
[2026-09-08T18:24:32.380+0000] {matching.py:235} INFO - [450540] Hot Dogs, Horseshoes & Hand Grenades -> Hot Dogs, Horseshoes & Hand Grenades (status=exact, score=100)
[2026-09-08T18:24:32.381+0000] {matching.py:235} INFO - [249050] Dungeon of the ENDLESS -> Dungeon of the Endless (status=exact, score=100)
[2026-09-08T18:24:32.381+0000] {matching.py:235} INFO - [258970] Gauntlet Slayer Edition -> Gauntlet Slayer Edition (status=exact, score=100)
[2026-09-08T18:24:32.381+0000] {matching.py:235} INFO - [429660] Tales of Berseria -> Tales of Berseria (status=exact, score=100)
[2026-09-08T18:24:32.382+0000] {matching.py:235} INFO - [201870] Assassin's Creed Revelations -> Assassin's Creed Revelations (status=exact, score=100)
[2026-09-08T18:24:32.382+0000] {matching.py:235} INFO - [1809540] Nine Sols -> Nine Sols (status=exact, score=100)
[2026-09-08T18:24:32.383+0000] {matching.py:235} INFO - [304030] ArcheAge -> ArcheAge (status=exact, score=100)
[2026-09-08T18:24:32.383+0000] {matching.py:235} INFO - [617830] SUPERHOT VR -> SUPERHOT VR (status=exact, score=100)
[2026-09-08T18:24:32.384+0000] {matching.py:235} INFO - [1462040] FINAL FANTASY VII REMAKE INTERGRADE -> FINAL FANTASY VII REMAKE INTERGRADE (status=exact, score=100)
[2026-09-08T18:24:32.385+0000] {matching.py:235} INFO - [729040] Borderlands Game of the Year Enhanced -> Borderlands Game of the Year Enhanced (status=exact, score=100)
[2026-09-08T18:24:32.385+0000] {matching.py:235} INFO - [1672970] Minecraft Dungeons -> Minecraft: Dungeons (status=exact, score=100)
[2026-09-08T18:24:32.386+0000] {matching.py:235} INFO - [747610] Zula Global -> A.V.A Global (status=unmatched, score=57)
[2026-09-08T18:24:32.386+0000] {matching.py:235} INFO - [1022450] War Selection -> War Selection (status=exact, score=100)
[2026-09-08T18:24:32.387+0000] {matching.py:235} INFO - [400250] Heaven Island - VR MMO -> Heaven Island - VR MMO (status=exact, score=100)
[2026-09-08T18:24:32.387+0000] {matching.py:235} INFO - [1041720] Kingdoms of Amalur: Re-Reckoning -> Kingdoms of Amalur: Re-Reckoning (status=exact, score=100)
[2026-09-08T18:24:32.388+0000] {matching.py:235} INFO - [1527950] Wartales -> Wartales (status=exact, score=100)
[2026-09-08T18:24:32.388+0000] {matching.py:235} INFO - [950670] Gothic Playable Teaser -> Gothic Playable Teaser (status=exact, score=100)
[2026-09-08T18:24:32.389+0000] {matching.py:235} INFO - [326460] ShellShock Live -> ShellShock Live (status=exact, score=100)
[2026-09-08T18:24:32.389+0000] {matching.py:235} INFO - [40700] Machinarium -> Machinarium (status=exact, score=100)
[2026-09-08T18:24:32.389+0000] {matching.py:235} INFO - [12900] AudioSurf -> AudioSurf (status=exact, score=100)
[2026-09-08T18:24:32.390+0000] {matching.py:235} INFO - [223850] 3DMark -> 3DMark (status=exact, score=100)
[2026-09-08T18:24:32.390+0000] {matching.py:235} INFO - [2108330] F1 23 -> F1 23 (status=exact, score=100)
[2026-09-08T18:24:32.391+0000] {matching.py:235} INFO - [1451940] NEEDY STREAMER OVERLOAD -> NEEDY STREAMER OVERLOAD: Typing of The Net (status=high_confidence, score=72)
[2026-09-08T18:24:32.391+0000] {matching.py:235} INFO - [1930] Two Worlds Epic Edition -> Two Worlds Epic Edition (status=exact, score=100)
[2026-09-08T18:24:32.392+0000] {matching.py:235} INFO - [290340] Armello -> Armello (status=exact, score=100)
[2026-09-08T18:24:32.392+0000] {matching.py:235} INFO - [997010] Police Simulator: Patrol Officers -> Police Simulator: Patrol Officers (status=exact, score=100)
[2026-09-08T18:24:32.392+0000] {matching.py:235} INFO - [1029550] Torque Drift -> Torque Drift (status=exact, score=100)
[2026-09-08T18:24:32.393+0000] {matching.py:235} INFO - [668630] Tricolour Lovestory -> Tricolour Lovestory (status=exact, score=100)
[2026-09-08T18:24:32.393+0000] {matching.py:235} INFO - [553640] ICEY -> ICEY (status=exact, score=100)
[2026-09-08T18:24:32.394+0000] {matching.py:235} INFO - [21090] F.E.A.R. -> F.E.A.R. (status=exact, score=100)
[2026-09-08T18:24:32.394+0000] {matching.py:235} INFO - [437220] The Culling -> The Culling (status=exact, score=100)
[2026-09-08T18:24:32.395+0000] {matching.py:235} INFO - [2252570] Football Manager 2024 -> Football Manager 2024 (status=exact, score=100)
[2026-09-08T18:24:32.395+0000] {matching.py:235} INFO - [578310] BRAIN / OUT -> BRAIN / OUT (status=exact, score=100)
[2026-09-08T18:24:32.395+0000] {matching.py:235} INFO - [234630] Project CARS -> Project CARS (status=exact, score=100)
[2026-09-08T18:24:32.396+0000] {matching.py:235} INFO - [794600] LET IT DIE -> LET IT DIE (status=exact, score=100)
[2026-09-08T18:24:32.396+0000] {matching.py:235} INFO - [339340] Resident Evil 0 -> RESIDENT EVIL 0 (status=exact, score=100)
[2026-09-08T18:24:32.397+0000] {matching.py:235} INFO - [3900] Sid Meier's Civilization IV -> Sid Meier's Civilization IV (status=exact, score=100)
[2026-09-08T18:24:32.397+0000] {matching.py:235} INFO - [489940] BATTALION 1944 -> Battalion 1944 (status=exact, score=100)
[2026-09-08T18:24:32.398+0000] {matching.py:235} INFO - [1012880] 60 Seconds! Reatomized -> 60 Seconds! Reatomized (status=exact, score=100)
[2026-09-08T18:24:32.398+0000] {matching.py:235} INFO - [2390840] Zombie Defense: The Last Frontier -> Zombie Defence: The final frontier (status=review, score=80)
[2026-09-08T18:24:32.398+0000] {matching.py:235} INFO - [378860] Project CARS 2 -> Project CARS 2 (status=exact, score=100)
[2026-09-08T18:24:32.399+0000] {matching.py:235} INFO - [745740] Reflex -> RefleX (status=exact, score=100)
[2026-09-08T18:24:32.399+0000] {matching.py:235} INFO - [382490] Relic Hunters Zero: Remix -> Relic Hunters Zero: Remix (status=exact, score=100)
[2026-09-08T18:24:32.400+0000] {matching.py:235} INFO - [731490] Crash Bandicoot N. Sane Trilogy -> Crash Bandicoot N. Sane Trilogy (status=exact, score=100)
[2026-09-08T18:24:32.400+0000] {matching.py:235} INFO - [517630] Just Cause 4 Reloaded -> Just Cause 4: Reloaded (status=exact, score=100)
[2026-09-08T18:24:32.400+0000] {matching.py:235} INFO - [282800] 100% Orange Juice -> 100% Orange Juice (status=exact, score=100)
[2026-09-08T18:24:32.401+0000] {matching.py:235} INFO - [42960] Victoria II -> Victoria II (status=exact, score=100)
[2026-09-08T18:24:32.401+0000] {matching.py:235} INFO - [32440] LEGO Star Wars - The Complete Saga -> LEGO Star Wars - The Complete Saga (status=exact, score=100)
[2026-09-08T18:24:32.401+0000] {matching.py:235} INFO - [115320] Prototype 2 -> Prototype 2 (status=exact, score=100)
[2026-09-08T18:24:32.402+0000] {matching.py:235} INFO - [383120] Empyrion - Galactic Survival -> Empyrion - Galactic Survival (status=exact, score=100)
[2026-09-08T18:24:32.402+0000] {matching.py:235} INFO - [557340] My Friend Pedro -> My Friend Pedro (status=exact, score=100)
[2026-09-08T18:24:32.403+0000] {matching.py:235} INFO - [39000] Moonbase Alpha -> Moonbase Alpha (status=exact, score=100)
[2026-09-08T18:24:32.403+0000] {matching.py:235} INFO - [690640] Trine 4: The Nightmare Prince -> Trine 4: The Nightmare Prince (status=exact, score=100)
[2026-09-08T18:24:32.403+0000] {matching.py:235} INFO - [214510] LEGO The Lord of the Rings -> LEGO The Lord of the Rings (status=exact, score=100)
[2026-09-08T18:24:32.404+0000] {matching.py:235} INFO - [577800] NBA 2K18 -> NBA 2K18 (status=exact, score=100)
[2026-09-08T18:24:32.404+0000] {matching.py:235} INFO - [1252330] DEATHLOOP -> Deathloop (status=exact, score=100)
[2026-09-08T18:24:32.405+0000] {matching.py:235} INFO - [235340] Prime World -> Prime World (status=exact, score=100)
[2026-09-08T18:24:32.405+0000] {matching.py:235} INFO - [362960] Tyranny -> Tyranny (status=exact, score=100)
[2026-09-08T18:24:32.405+0000] {matching.py:235} INFO - [107310] Cthulhu Saves the World -> Cthulhu Saves the World (status=exact, score=100)
[2026-09-08T18:24:32.406+0000] {matching.py:235} INFO - [250820] SteamVR -> Steam Marines (status=unmatched, score=50)
[2026-09-08T18:24:32.406+0000] {matching.py:235} INFO - [1161580] Hardspace: Shipbreaker -> Hardspace: Shipbreaker (status=exact, score=100)
[2026-09-08T18:24:32.407+0000] {matching.py:235} INFO - [2320] Quake II -> Quake II (status=exact, score=100)
[2026-09-08T18:24:32.407+0000] {matching.py:235} INFO - [1088150] Scribble It! -> Scribble It! (status=exact, score=100)
[2026-09-08T18:24:32.407+0000] {matching.py:235} INFO - [236690] Blood Bowl 2: Legendary Edition (Classic) -> Blood Bowl Legendary Edition (status=high_confidence, score=85)
[2026-09-08T18:24:32.408+0000] {matching.py:235} INFO - [1096530] Solasta: Crown of the Magister -> Solasta: Crown of the Magister (status=exact, score=100)
[2026-09-08T18:24:32.408+0000] {matching.py:235} INFO - [213610] Sonic Adventure 2 -> Sonic Adventure 2 (status=exact, score=100)
[2026-09-08T18:24:32.409+0000] {matching.py:235} INFO - [790710] World of Warplanes -> World of Warplanes (status=exact, score=100)
[2026-09-08T18:24:32.409+0000] {matching.py:235} INFO - [541570] Sally Face - Episode One -> Lethe - Episode One (status=unmatched, score=67)
[2026-09-08T18:24:32.409+0000] {matching.py:235} INFO - [1455840] Dorfromantik -> Dorfromantik (status=exact, score=100)
[2026-09-08T18:24:32.410+0000] {matching.py:235} INFO - [710920] Darksiders Genesis -> Darksiders Genesis (status=exact, score=100)
[2026-09-08T18:24:32.410+0000] {matching.py:235} INFO - [670290] Real Pool 3D - Poolians -> Real Pool 3D - Poolians (status=exact, score=100)
[2026-09-08T18:24:32.411+0000] {matching.py:235} INFO - [1124300] HUMANKIND -> Humankind (status=exact, score=100)
[2026-09-08T18:24:32.411+0000] {matching.py:235} INFO - [269950] X-Plane 11 -> X-Plane 11 (status=exact, score=100)
[2026-09-08T18:24:32.411+0000] {matching.py:235} INFO - [247120] Portal 2 Sixense Perceptual Pack -> Portal 2 Sixense Perceptual Pack (status=exact, score=100)
[2026-09-08T18:24:32.412+0000] {matching.py:235} INFO - [300380] Road Redemption -> Road Redemption (status=exact, score=100)
[2026-09-08T18:24:32.412+0000] {matching.py:235} INFO - [329050] Devil May Cry 4 Special Edition -> Devil May Cry 4: Special Edition (status=exact, score=100)
[2026-09-08T18:24:32.413+0000] {matching.py:235} INFO - [1253920] Rogue Legacy 2 -> Rogue Legacy 2 (status=exact, score=100)
[2026-09-08T18:24:32.413+0000] {matching.py:235} INFO - [332950] Dark Deception -> Dark Deception (status=exact, score=100)
[2026-09-08T18:24:32.414+0000] {matching.py:235} INFO - [232010] Euro Truck Simulator -> Euro Truck Simulator (status=exact, score=100)
[2026-09-08T18:24:32.414+0000] {matching.py:235} INFO - [1184140] KartRider: Drift -> KartRider: Drift (status=exact, score=100)
[2026-09-08T18:24:32.414+0000] {matching.py:235} INFO - [339600] VEGA Conflict -> VEGA Conflict (status=exact, score=100)
[2026-09-08T18:24:32.415+0000] {matching.py:235} INFO - [410900] Forts -> Forts (status=exact, score=100)
[2026-09-08T18:24:32.415+0000] {matching.py:235} INFO - [2296990] We Were Here Expeditions: The FriendShip -> We Were Here Expeditions: The FriendShip (status=exact, score=100)
[2026-09-08T18:24:32.416+0000] {matching.py:235} INFO - [283640] Salt and Sanctuary -> Salt and Sanctuary (status=exact, score=100)
[2026-09-08T18:24:32.416+0000] {matching.py:235} INFO - [397950] Clustertruck -> ClusterTruck (status=exact, score=100)
[2026-09-08T18:24:32.417+0000] {matching.py:235} INFO - [371660] Far Cry Primal -> Far Cry Primal (status=exact, score=100)
[2026-09-08T18:24:32.417+0000] {matching.py:235} INFO - [1173690] Resident Evil 3: Raccoon City Demo -> Resident Evil 3: Raccoon City Demo (status=exact, score=100)
[2026-09-08T18:24:32.417+0000] {matching.py:235} INFO - [1966900] 20 Minutes Till Dawn -> 20 Minutes Till Dawn (status=exact, score=100)
[2026-09-08T18:24:32.418+0000] {matching.py:235} INFO - [20500] Red Faction Guerrilla Steam Edition -> Red Faction: Guerrilla (status=high_confidence, score=75)
[2026-09-08T18:24:32.418+0000] {matching.py:235} INFO - [437920] Tricky Towers -> Tricky Towers (status=exact, score=100)
[2026-09-08T18:24:32.419+0000] {matching.py:235} INFO - [40970] Stronghold Crusader HD (2012) -> Stronghold Crusader HD (status=high_confidence, score=90)
[2026-09-08T18:24:32.419+0000] {matching.py:235} INFO - [1605220] Dune: Spice Wars -> Dune: Spice Wars (status=exact, score=100)
[2026-09-08T18:24:32.419+0000] {matching.py:235} INFO - [715220] Ironsight -> Ironsight (status=exact, score=100)
[2026-09-08T18:24:32.420+0000] {matching.py:235} INFO - [218680] Scribblenauts Unlimited -> Scribblenauts Unlimited (status=exact, score=100)
[2026-09-08T18:24:32.420+0000] {matching.py:235} INFO - [826630] Iron Harvest -> Iron Harvest (status=exact, score=100)
[2026-09-08T18:24:32.421+0000] {matching.py:235} INFO - [996470] eFootball  PES 2020 -> eFootball PES 2020 (status=exact, score=100)
[2026-09-08T18:24:32.421+0000] {matching.py:235} INFO - [1919590] NBA 2K23 -> NBA 2K23 (status=exact, score=100)
[2026-09-08T18:24:32.422+0000] {matching.py:235} INFO - [48720] Mount & Blade: With Fire & Sword -> Mount & Blade: With Fire & Sword (status=exact, score=100)
[2026-09-08T18:24:32.422+0000] {matching.py:235} INFO - [12140] Max Payne -> Max Payne (status=exact, score=100)
[2026-09-08T18:24:32.422+0000] {matching.py:235} INFO - [1206560] WorldBox - God Simulator -> WorldBox - God Simulator (status=exact, score=100)
[2026-09-08T18:24:32.423+0000] {matching.py:235} INFO - [903950] Last Oasis -> Last Oasis (status=exact, score=100)
[2026-09-08T18:24:32.423+0000] {matching.py:235} INFO - [233290] Murdered: Soul Suspect -> Murdered: Soul Suspect (status=exact, score=100)
[2026-09-08T18:24:32.424+0000] {matching.py:235} INFO - [2300320] Farming Simulator 25 -> Farming Simulator 25 (status=exact, score=100)
[2026-09-08T18:24:32.425+0000] {matching.py:235} INFO - [1295660] Sid Meier's Civilization VII -> Sid Meier’s Civilization VII (status=exact, score=100)
[2026-09-08T18:24:32.425+0000] {matching.py:235} INFO - [1325860] VTube Studio -> Color Tube. (status=unmatched, score=55)
[2026-09-08T18:24:32.426+0000] {matching.py:235} INFO - [997070] Marvel's Avengers - The Definitive Edition -> ReCore: Definitive Edition (status=unmatched, score=69)
[2026-09-08T18:24:32.426+0000] {matching.py:235} INFO - [916440] Anno 1800 -> Anno 1800 (status=exact, score=100)
[2026-09-08T18:24:32.427+0000] {matching.py:235} INFO - [858810] Dawn of Man -> Dawn of Man (status=exact, score=100)
[2026-09-08T18:24:32.427+0000] {matching.py:235} INFO - [1407200] World of Tanks -> World of Tanks (status=exact, score=100)
[2026-09-08T18:24:32.428+0000] {matching.py:235} INFO - [238430] Contagion -> Contagion (status=exact, score=100)
[2026-09-08T18:24:32.428+0000] {matching.py:235} INFO - [1244460] Jurassic World Evolution 2 -> Jurassic World Evolution 2 (status=exact, score=100)
[2026-09-08T18:24:32.429+0000] {matching.py:235} INFO - [1118310] RetroArch -> RetroArch (status=exact, score=100)
[2026-09-08T18:24:32.429+0000] {matching.py:235} INFO - [882100] XCOM: Chimera Squad -> XCOM: Chimera Squad (status=exact, score=100)
[2026-09-08T18:24:32.430+0000] {matching.py:235} INFO - [206210] Gotham City Impostors Free to Play -> Gotham City Impostors (status=high_confidence, score=76)
[2026-09-08T18:24:32.430+0000] {matching.py:235} INFO - [205950] Jet Set Radio -> Jet Set Radio (status=exact, score=100)
[2026-09-08T18:24:32.431+0000] {matching.py:235} INFO - [879160] Battlerite Royale -> Battlerite Royale (status=exact, score=100)
[2026-09-08T18:24:32.431+0000] {matching.py:235} INFO - [1106840] Hydroneer -> Hydroneer (status=exact, score=100)
[2026-09-08T18:24:32.432+0000] {matching.py:235} INFO - [1210320] Potion Craft: Alchemist Simulator -> Potion Craft: Alchemist Simulator (status=exact, score=100)
[2026-09-08T18:24:32.432+0000] {matching.py:235} INFO - [728540] Islands of Nyne: Battle Royale -> ISLANDS OF NYNE: BATTLE ROYALE (status=exact, score=100)
[2026-09-08T18:24:32.432+0000] {matching.py:235} INFO - [285160] LEGO The Hobbit -> LEGO The Hobbit (status=exact, score=100)
[2026-09-08T18:24:32.434+0000] {matching.py:235} INFO - [1119730] Ranch Simulator: Build, Hunt, Farm -> Ranch Simulator (status=high_confidence, score=65)
[2026-09-08T18:24:32.434+0000] {matching.py:235} INFO - [1657630] Slime Rancher 2 -> Slime Rancher 2 (status=exact, score=100)
[2026-09-08T18:24:32.435+0000] {matching.py:235} INFO - [246420] Kingdom Rush  - Tower Defense -> Tower Defense: The Kingdom (status=high_confidence, score=90)
[2026-09-08T18:24:32.435+0000] {matching.py:235} INFO - [1448440] Wo Long: Fallen Dynasty -> Wo Long: Fallen Dynasty (status=exact, score=100)
[2026-09-08T18:24:32.436+0000] {matching.py:235} INFO - [1810580] Nobody - The Turnaround -> Nobody - The Turnaround (status=exact, score=100)
[2026-09-08T18:24:32.436+0000] {matching.py:235} INFO - [1817190] Marvel’s Spider-Man: Miles Morales -> Marvel's Spider-Man: Miles Morales (status=exact, score=100)
[2026-09-08T18:24:32.436+0000] {matching.py:235} INFO - [244450] Men of War: Assault Squad 2 -> Men of War: Assault Squad 2 (status=exact, score=100)
[2026-09-08T18:24:32.437+0000] {matching.py:235} INFO - [282660] Easy eSports -> Easy Red (status=unmatched, score=60)
[2026-09-08T18:24:32.437+0000] {matching.py:235} INFO - [1325200] Nioh 2 – The Complete Edition -> Nioh 2 – The Complete Edition (status=exact, score=100)
[2026-09-08T18:24:32.438+0000] {matching.py:235} INFO - [960990] Beyond: Two Souls -> Beyond: Two Souls (status=exact, score=100)
[2026-09-08T18:24:32.438+0000] {matching.py:235} INFO - [383180] Dead Island: Riptide Definitive Edition -> Dead Island: Riptide Definitive Edition (status=exact, score=100)
[2026-09-08T18:24:32.439+0000] {matching.py:235} INFO - [209660] Call of Duty: Advanced Warfare - Gold Edition -> Call of Duty: Advanced Warfare - Gold Edition (status=exact, score=100)
[2026-09-08T18:24:32.439+0000] {matching.py:235} INFO - [751780] Forager -> Forager (status=exact, score=100)
[2026-09-08T18:24:32.439+0000] {matching.py:235} INFO - [544920] Darwin Project -> Darwin Project (status=exact, score=100)
[2026-09-08T18:24:32.440+0000] {matching.py:235} INFO - [226860] Galactic Civilizations III -> Galactic Civilizations III (status=exact, score=100)
[2026-09-08T18:24:32.440+0000] {matching.py:235} INFO - [1418630] Dread Hunger -> Dread Hunger (status=exact, score=100)
[2026-09-08T18:24:32.441+0000] {matching.py:235} INFO - [939400] LoveChoice -> LoveChoice (status=exact, score=100)
[2026-09-08T18:24:32.441+0000] {matching.py:235} INFO - [2321470] Deep Rock Galactic: Survivor -> Deep Rock Galactic: Survivor (status=exact, score=100)
[2026-09-08T18:24:32.441+0000] {matching.py:235} INFO - [268870] Satellite Reign -> Satellite Reign (status=exact, score=100)
[2026-09-08T18:24:32.442+0000] {matching.py:235} INFO - [953490] CARRION -> Carrion (status=exact, score=100)
[2026-09-08T18:24:32.442+0000] {matching.py:235} INFO - [698670] Scorn -> Scorn (status=exact, score=100)
[2026-09-08T18:24:32.443+0000] {matching.py:235} INFO - [1128920] EVERSPACE 2 -> Everspace 2 (status=exact, score=100)
[2026-09-08T18:24:32.443+0000] {matching.py:235} INFO - [1418100] Swords of Legends Online -> Swords of Legends Online (status=exact, score=100)
[2026-09-08T18:24:32.444+0000] {matching.py:235} INFO - [329110] Gems of War - Puzzle RPG -> Gems of War - Match 3 RPG (status=unmatched, score=67)
[2026-09-08T18:24:32.444+0000] {matching.py:235} INFO - [1264670] The Wind Road -> The Wind Road (status=exact, score=100)
[2026-09-08T18:24:32.445+0000] {matching.py:235} INFO - [214340] Deponia -> Deponia (status=exact, score=100)
[2026-09-08T18:24:32.445+0000] {matching.py:235} INFO - [205230] Hell Yeah! Wrath of the Dead Rabbit -> HELL YEAH! Wrath of the Dead Rabbit (status=exact, score=100)
[2026-09-08T18:24:32.445+0000] {matching.py:235} INFO - [17570] Pirates, Vikings, and Knights II -> Pirates, Vikings, and Knights II (status=exact, score=100)
[2026-09-08T18:24:32.446+0000] {matching.py:235} INFO - [1258080] Shop Titans -> Shop Titans (status=exact, score=100)
[2026-09-08T18:24:32.446+0000] {matching.py:235} INFO - [610080] Realm Grinder -> Realm Grinder (status=exact, score=100)
[2026-09-08T18:24:32.448+0000] {matching.py:235} INFO - [2713550] Cursed Dawn -> Cursed Dawn (status=exact, score=100)
[2026-09-08T18:24:32.448+0000] {matching.py:235} INFO - [962730] Skater XL - The Ultimate Skateboarding Game -> Sonic Skate - The Skateboard Game for Skaters (status=unmatched, score=62)
[2026-09-08T18:24:32.449+0000] {matching.py:235} INFO - [375910] Anno 2205 -> Anno 2205 (status=exact, score=100)
[2026-09-08T18:24:32.449+0000] {matching.py:235} INFO - [911400] Assassin's Creed III Remastered -> Assassin's Creed III: Remastered (status=exact, score=100)
[2026-09-08T18:24:32.450+0000] {matching.py:235} INFO - [1237980] STAR WARS Battlefront -> STAR WARS Battlefront (status=exact, score=100)
[2026-09-08T18:24:32.450+0000] {matching.py:235} INFO - [1262600] Need for Speed Rivals -> Need for Speed Rivals (status=exact, score=100)
[2026-09-08T18:24:32.451+0000] {matching.py:235} INFO - [2679460] Metaphor: ReFantazio -> Metaphor: ReFantazio (status=exact, score=100)
[2026-09-08T18:24:32.451+0000] {matching.py:235} INFO - [1419170] My Singing Monsters -> My Singing Monsters (status=exact, score=100)
[2026-09-08T18:24:32.451+0000] {matching.py:235} INFO - [1337520] Risk of Rain Returns -> Risk of Rain Returns (status=exact, score=100)
[2026-09-08T18:24:32.452+0000] {matching.py:235} INFO - [2212330] Your Only Move Is HUSTLE -> Your Only Move Is HUSTLE (status=exact, score=100)
[2026-09-08T18:24:32.453+0000] {matching.py:235} INFO - [1134570] F1 2021 -> F1 2021 (status=exact, score=100)
[2026-09-08T18:24:32.453+0000] {matching.py:235} INFO - [2420110] Horizon Forbidden West Complete Edition -> Horizon Forbidden West Complete Edition (status=exact, score=100)
[2026-09-08T18:24:32.453+0000] {matching.py:235} INFO - [1062520] Dinkum -> Dinkum (status=exact, score=100)
[2026-09-08T18:24:32.454+0000] {matching.py:235} INFO - [994280] Gujian3(古剑奇谭三) -> GuJian 古剑奇谭 (status=high_confidence, score=92)
[2026-09-08T18:24:32.454+0000] {matching.py:235} INFO - [1222730] STAR WARS: Squadrons -> Star Wars: Squadrons (status=exact, score=100)
[2026-09-08T18:24:32.455+0000] {matching.py:235} INFO - [368070] Sniper Ghost Warrior 3 -> Sniper: Ghost Warrior 3 (status=exact, score=100)
[2026-09-08T18:24:32.455+0000] {matching.py:235} INFO - [1669980] Volcano Princess -> Volcano Princess (status=exact, score=100)
[2026-09-08T18:24:32.456+0000] {matching.py:235} INFO - [47780] Dead Space 2 -> Dead Space 2 (status=exact, score=100)
[2026-09-08T18:24:32.457+0000] {matching.py:235} INFO - [872410] ROMANCE OF THE THREE KINGDOMS XIV -> Romance of the Three Kingdoms XIV (status=exact, score=100)
[2026-09-08T18:24:32.458+0000] {matching.py:235} INFO - [23490] Tropico 3 -> Tropico 3 (status=exact, score=100)
[2026-09-08T18:24:32.459+0000] {matching.py:235} INFO - [531510] Just Shapes & Beats -> Just Shapes & Beats (status=exact, score=100)
[2026-09-08T18:24:32.460+0000] {matching.py:235} INFO - [2440510] Forza Motorsport -> Forza Motorsport (status=exact, score=100)
[2026-09-08T18:24:32.461+0000] {matching.py:235} INFO - [1036700] My Beautiful Paper Smile -> My Beautiful Paper Smile (status=exact, score=100)
[2026-09-08T18:24:32.461+0000] {matching.py:235} INFO - [469600] Legion TD 2 - Multiplayer Tower Defense -> TD School - Multiplayer Tower Defense (status=review, score=78)
[2026-09-08T18:24:32.462+0000] {matching.py:235} INFO - [380840] Teeworlds -> Teeworlds (status=exact, score=100)
[2026-09-08T18:24:32.462+0000] {matching.py:235} INFO - [22300] Fallout 3 -> Fallout 3 (status=exact, score=100)
[2026-09-08T18:24:32.463+0000] {matching.py:235} INFO - [17430] Need for Speed Undercover -> Need For Speed Undercover (status=exact, score=100)
[2026-09-08T18:24:32.463+0000] {matching.py:235} INFO - [92800] SpaceChem -> SpaceChem (status=exact, score=100)
[2026-09-08T18:24:32.464+0000] {matching.py:235} INFO - [236090] Dust: An Elysian Tail -> Dust: An Elysian Tail (status=exact, score=100)
[2026-09-08T18:24:32.464+0000] {matching.py:235} INFO - [6920] Deus Ex: Invisible War -> Deus Ex 2: Invisible War (status=high_confidence, score=95)
[2026-09-08T18:24:32.464+0000] {matching.py:235} INFO - [1789480] Marauders -> Marauders (status=exact, score=100)
[2026-09-08T18:24:32.465+0000] {matching.py:235} INFO - [22000] World of Goo -> World of Goo (status=exact, score=100)
[2026-09-08T18:24:32.465+0000] {matching.py:235} INFO - [1244800] Terraformers -> Terraformers (status=exact, score=100)
[2026-09-08T18:24:32.466+0000] {matching.py:235} INFO - [34830] Sniper: Ghost Warrior -> Sniper: Ghost Warrior (status=exact, score=100)
[2026-09-08T18:24:32.467+0000] {matching.py:235} INFO - [571740] Golf It! -> Golf It! (status=exact, score=100)
[2026-09-08T18:24:32.468+0000] {matching.py:235} INFO - [335330] Brick-Force -> Brick-Force (status=exact, score=100)
[2026-09-08T18:24:32.468+0000] {matching.py:235} INFO - [420530] OneShot -> OneShot (status=exact, score=100)
[2026-09-08T18:24:32.469+0000] {matching.py:235} INFO - [377840] FINAL FANTASY IX -> Final Fantasy IX (status=exact, score=100)
[2026-09-08T18:24:32.469+0000] {matching.py:235} INFO - [553420] TUNIC -> Tunic (status=exact, score=100)
[2026-09-08T18:24:32.470+0000] {matching.py:235} INFO - [1671210] DELTARUNE -> DELTARUNE (status=exact, score=100)
[2026-09-08T18:24:32.470+0000] {matching.py:235} INFO - [209670] Cortex Command -> Cortex Command (status=exact, score=100)
[2026-09-08T18:24:32.470+0000] {matching.py:235} INFO - [611790] House Party -> House Party (status=exact, score=100)
[2026-09-08T18:24:32.471+0000] {matching.py:235} INFO - [21130] LEGO Harry Potter: Years 1-4 -> LEGO Harry Potter: Years 1-4 (status=exact, score=100)
[2026-09-08T18:24:32.471+0000] {matching.py:235} INFO - [215530] The Incredible Adventures of Van Helsing -> The Incredible Adventures of Van Helsing (status=exact, score=100)
[2026-09-08T18:24:32.472+0000] {matching.py:235} INFO - [235540] Warhammer: End Times - Vermintide -> Warhammer: End Times - Vermintide (status=exact, score=100)
[2026-09-08T18:24:32.472+0000] {matching.py:235} INFO - [597170] Clone Drone in the Danger Zone -> Clone Drone in the Danger Zone (status=exact, score=100)
[2026-09-08T18:24:32.472+0000] {matching.py:235} INFO - [627270] Injustice 2 -> Injustice 2 (status=exact, score=100)
[2026-09-08T18:24:32.473+0000] {matching.py:235} INFO - [626690] Sword Art Online: Fatal Bullet -> SWORD ART ONLINE: Fatal Bullet (status=exact, score=100)
[2026-09-08T18:24:32.473+0000] {matching.py:235} INFO - [293180] Overcast - Walden and the Werewolf -> Overcast - Walden and the Werewolf (status=exact, score=100)
[2026-09-08T18:24:32.474+0000] {matching.py:235} INFO - [1328660] Need for Speed Hot Pursuit Remastered -> Need for Speed: Hot Pursuit Remastered (status=exact, score=100)
[2026-09-08T18:24:32.474+0000] {matching.py:235} INFO - [867210] Songs of Conquest -> Songs of Conquest (status=exact, score=100)
[2026-09-08T18:24:32.475+0000] {matching.py:235} INFO - [221640] Super Hexagon -> Super Hexagon (status=exact, score=100)
[2026-09-08T18:24:32.475+0000] {matching.py:235} INFO - [211420] DARK SOULS: Prepare To Die Edition -> Dark Souls: Prepare To Die Edition (status=exact, score=100)
[2026-09-08T18:24:32.476+0000] {matching.py:235} INFO - [332800] Five Nights at Freddy's 2 -> Five Nights at Freddy's 2 (status=exact, score=100)
[2026-09-08T18:24:32.476+0000] {matching.py:235} INFO - [2780980] LOCKDOWN Protocol -> Lockdown Protocol (status=exact, score=100)
[2026-09-08T18:24:32.476+0000] {matching.py:235} INFO - [251950] WWII Online -> WWII Online (status=exact, score=100)
[2026-09-08T18:24:32.477+0000] {matching.py:235} INFO - [595520] FINAL FANTASY XII THE ZODIAC AGE -> Final Fantasy XII: The Zodiac Age (status=exact, score=100)
[2026-09-08T18:24:32.477+0000] {matching.py:235} INFO - [1066780] Transport Fever 2 -> Transport Fever 2 (status=exact, score=100)
[2026-09-08T18:24:32.478+0000] {matching.py:235} INFO - [707010] Will To Live Online -> Will To Live Online (status=exact, score=100)
[2026-09-08T18:24:32.478+0000] {matching.py:235} INFO - [1262560] Need for Speed Most Wanted -> Need For Speed: Most Wanted (status=exact, score=100)
[2026-09-08T18:24:32.479+0000] {matching.py:235} INFO - [301640] Zombie Army Trilogy -> Zombie Army Trilogy (status=exact, score=100)
[2026-09-08T18:24:32.479+0000] {matching.py:235} INFO - [215100] Ragnarok Online -> Ragnarok Online (status=exact, score=100)
[2026-09-08T18:24:32.479+0000] {matching.py:235} INFO - [530620] Resident Evil 7 Teaser: Beginning Hour -> Resident Evil 7 / Biohazard 7 Teaser: Beginning Hour (status=high_confidence, score=86)
[2026-09-08T18:24:32.480+0000] {matching.py:235} INFO - [357900] Make it indie! -> Make it indie! (status=exact, score=100)
[2026-09-08T18:24:32.480+0000] {matching.py:235} INFO - [1104450] Bombergrounds: Battle Royale -> Bombergrounds: Battle Royale (status=exact, score=100)
[2026-09-08T18:24:32.481+0000] {matching.py:235} INFO - [1080110] F1 2020 -> F1 2020 (status=exact, score=100)
[2026-09-08T18:24:32.481+0000] {matching.py:235} INFO - [301750] RADical ROACH Remastered -> DuckTales: Remastered (status=unmatched, score=68)
[2026-09-08T18:24:32.481+0000] {matching.py:235} INFO - [686200] Door Kickers: Action Squad -> Door Kickers: Action Squad (status=exact, score=100)
[2026-09-08T18:24:32.482+0000] {matching.py:235} INFO - [234710] Poker Night 2 -> Poker Night 2 (status=exact, score=100)
[2026-09-08T18:24:32.482+0000] {matching.py:235} INFO - [2161700] Persona 3 Reload -> Persona 3 Reload (status=exact, score=100)
[2026-09-08T18:24:32.483+0000] {matching.py:235} INFO - [1627720] Lies of P -> Lies Of P (status=exact, score=100)
[2026-09-08T18:24:32.483+0000] {matching.py:235} INFO - [865610] Tails Noir -> Tails Noir (status=exact, score=100)
[2026-09-08T18:24:32.483+0000] {matching.py:235} INFO - [2221490] Tom Clancy’s The Division 2 -> Tom Clancy’s The Division 2 (status=exact, score=100)
[2026-09-08T18:24:32.484+0000] {matching.py:235} INFO - [317360] Double Action: Boogaloo -> Double Action: Boogaloo (status=exact, score=100)
[2026-09-08T18:24:32.484+0000] {matching.py:235} INFO - [648120] Pixel Sketch -> Pixel Starships (status=unmatched, score=67)
[2026-09-08T18:24:32.485+0000] {matching.py:235} INFO - [399810] Call of Cthulhu -> Call of Cthulhu (status=exact, score=100)
[2026-09-08T18:24:32.485+0000] {matching.py:235} INFO - [1065310] Evil West -> Evil West (status=exact, score=100)
[2026-09-08T18:24:32.485+0000] {matching.py:235} INFO - [536930] MOBIUS FINAL FANTASY -> MOBIUS FINAL FANTASY (status=exact, score=100)
[2026-09-08T18:24:32.486+0000] {matching.py:235} INFO - [1007040] EARTH DEFENSE FORCE 5 -> Earth Defense Force 5 (status=exact, score=100)
[2026-09-08T18:24:32.486+0000] {matching.py:235} INFO - [403190] Planetbase -> Planetbase (status=exact, score=100)
[2026-09-08T18:24:32.487+0000] {matching.py:235} INFO - [208200] DOOM 3 -> Doom 3 (status=exact, score=100)
[2026-09-08T18:24:32.487+0000] {matching.py:235} INFO - [1468260] Leaf Blower Revolution - Idle Game -> Leaf Blower Revolution - Idle Game (status=exact, score=100)
[2026-09-08T18:24:32.487+0000] {matching.py:235} INFO - [339800] HuniePop -> HuniePop (status=exact, score=100)
[2026-09-08T18:24:32.488+0000] {matching.py:235} INFO - [1473480] A.V.A -> E.V.A (status=unmatched, score=67)
[2026-09-08T18:24:32.488+0000] {matching.py:235} INFO - [1189490] 觅长生 -> 觅长生 (status=exact, score=100)
[2026-09-08T18:24:32.489+0000] {matching.py:235} INFO - [575090] Flame of Memory -> Flame of Memory (status=exact, score=100)
[2026-09-08T18:24:32.489+0000] {matching.py:235} INFO - [219890] Antichamber -> Antichamber (status=exact, score=100)
[2026-09-08T18:24:32.490+0000] {matching.py:235} INFO - [413410] Danganronpa: Trigger Happy Havoc -> Danganronpa: Trigger Happy Havoc (status=exact, score=100)
[2026-09-08T18:24:32.491+0000] {matching.py:235} INFO - [536220] The Walking Dead: A New Frontier -> The Walking Dead: A New Frontier (status=exact, score=100)
[2026-09-08T18:24:32.491+0000] {matching.py:235} INFO - [341940] Hatred -> Hatred (status=exact, score=100)
[2026-09-08T18:24:32.492+0000] {matching.py:235} INFO - [559650] Witch It -> Witch It (status=exact, score=100)
[2026-09-08T18:24:32.492+0000] {matching.py:235} INFO - [32500] STAR WARS: The Force Unleashed II -> STAR WARS: The Force Unleashed II (status=exact, score=100)
[2026-09-08T18:24:32.492+0000] {matching.py:235} INFO - [667890] Dead Maze -> Dead Maze (status=exact, score=100)
[2026-09-08T18:24:32.493+0000] {matching.py:235} INFO - [666140] My Time at Portia -> My Time At Portia (status=exact, score=100)
[2026-09-08T18:24:32.493+0000] {matching.py:235} INFO - [522210] Serial Cleaner -> Serial Cleaner (status=exact, score=100)
[2026-09-08T18:24:32.494+0000] {matching.py:235} INFO - [310370] The Way of Life Free Edition -> The Way of Life Free Edition (status=exact, score=100)
[2026-09-08T18:24:32.494+0000] {matching.py:235} INFO - [669330] Mechabellum -> Mechabellum (status=exact, score=100)
[2026-09-08T18:24:32.495+0000] {matching.py:235} INFO - [1262240] Plants vs. Zombies: Battle for Neighborville -> Plants vs. Zombies: Battle for Neighborville (status=exact, score=100)
[2026-09-08T18:24:32.495+0000] {matching.py:235} INFO - [250180] METAL SLUG 3 -> METAL SLUG 3 (status=exact, score=100)
[2026-09-08T18:24:32.495+0000] {matching.py:235} INFO - [41700] S.T.A.L.K.E.R.: Call of Pripyat -> S.T.A.L.K.E.R.: Call of Pripyat (status=exact, score=100)
[2026-09-08T18:24:32.496+0000] {matching.py:235} INFO - [422100] Heaven Island Life -> Heaven Island Life (status=exact, score=100)
[2026-09-08T18:24:32.496+0000] {matching.py:235} INFO - [999220] Amnesia: Rebirth -> Amnesia: Rebirth (status=exact, score=100)
[2026-09-08T18:24:32.497+0000] {matching.py:235} INFO - [489630] Warhammer 40,000: Gladius - Relics of War -> Warhammer 40,000: Gladius - Relics of War (status=exact, score=100)
[2026-09-08T18:24:32.497+0000] {matching.py:235} INFO - [10150] Prototype -> Prototype (status=exact, score=100)
[2026-09-08T18:24:32.498+0000] {matching.py:235} INFO - [412880] Drift Streets Japan -> Drift Streets Japan (status=exact, score=100)
[2026-09-08T18:24:32.498+0000] {matching.py:235} INFO - [208480] Assassin’s Creed III -> Assassin’s Creed III (status=exact, score=100)
[2026-09-08T18:24:32.498+0000] {matching.py:235} INFO - [244160] Homeworld Remastered Collection -> Homeworld Remastered Collection (status=exact, score=100)
[2026-09-08T18:24:32.499+0000] {matching.py:235} INFO - [463710] Puzzle Galaxies -> Puzzle Galaxies (status=exact, score=100)
[2026-09-08T18:24:32.499+0000] {matching.py:235} INFO - [567640] Danganronpa V3: Killing Harmony -> Danganronpa V3: Killing Harmony (status=exact, score=100)
[2026-09-08T18:24:32.500+0000] {matching.py:235} INFO - [1214670] Mr. Sun's Hatbox -> Mr. Sun's Hatbox (status=exact, score=100)
[2026-09-08T18:24:32.500+0000] {matching.py:235} INFO - [376570] WildStar -> WildStar (status=exact, score=100)
[2026-09-08T18:24:32.500+0000] {matching.py:235} INFO - [330020] Children of Morta -> Children of Morta (status=exact, score=100)
[2026-09-08T18:24:32.501+0000] {matching.py:235} INFO - [607260] McOsu -> McOsu (status=exact, score=100)
[2026-09-08T18:24:32.501+0000] {matching.py:235} INFO - [2878980] NBA 2K25 -> NBA 2K25 (status=exact, score=100)
[2026-09-08T18:24:32.501+0000] {matching.py:235} INFO - [1377580] Soulworker -> Soulworker (status=exact, score=100)
[2026-09-08T18:24:32.502+0000] {matching.py:235} INFO - [625340] XERA: Survival -> XERA: Survival (status=exact, score=100)
[2026-09-08T18:24:32.502+0000] {matching.py:235} INFO - [1302240] Labyrinthine -> Labyrinthine (status=exact, score=100)
[2026-09-08T18:24:32.503+0000] {matching.py:235} INFO - [555160] Pavlov -> Pavlov VR (status=high_confidence, score=80)
[2026-09-08T18:24:32.503+0000] {matching.py:235} INFO - [690040] SUPERHOT: MIND CONTROL DELETE -> Superhot: Mind Control Delete (status=exact, score=100)
[2026-09-08T18:24:32.503+0000] {matching.py:235} INFO - [1148650] The Legend of Bum-Bo -> The Legend of Bum-bo (status=exact, score=100)
[2026-09-08T18:24:32.504+0000] {matching.py:235} INFO - [678800] SAS: Zombie Assault 4 -> SAS: Zombie Assault 4 (status=exact, score=100)
[2026-09-08T18:24:32.504+0000] {matching.py:235} INFO - [1549970] Aliens: Fireteam Elite -> Aliens: Fireteam Elite (status=exact, score=100)
[2026-09-08T18:24:32.505+0000] {matching.py:235} INFO - [13140] America's Army 3 -> America's Army 3 (status=exact, score=100)
[2026-09-08T18:24:32.505+0000] {matching.py:235} INFO - [404790] Godot Engine -> Godot Engine (status=exact, score=100)
[2026-09-08T18:24:32.505+0000] {matching.py:235} INFO - [619820] Heroes of Hammerwatch II -> Heroes of Hammerwatch II (status=exact, score=100)
[2026-09-08T18:24:32.506+0000] {matching.py:235} INFO - [1382330] Persona 5 Strikers -> Persona 5 Strikers (status=exact, score=100)
[2026-09-08T18:24:32.506+0000] {matching.py:235} INFO - [1718570] ASTLIBRA Revision -> ASTLIBRA Revision (status=exact, score=100)
[2026-09-08T18:24:32.507+0000] {matching.py:235} INFO - [400750] Call to Arms - Gates of Hell: Ostfront -> Brothers in Arms: Road to Hill 30 (status=unmatched, score=57)
[2026-09-08T18:24:32.507+0000] {matching.py:235} INFO - [359870] FINAL FANTASY X/X-2 HD Remaster -> FINAL FANTASY X/X-2 HD Remaster (status=exact, score=100)
[2026-09-08T18:24:32.508+0000] {matching.py:235} INFO - [558100] Art of War: Red Tides -> Art of War: Red Tides (status=exact, score=100)
[2026-09-08T18:24:32.508+0000] {matching.py:235} INFO - [787480] Phoenix Wright: Ace Attorney Trilogy -> Phoenix Wright: Ace Attorney Trilogy (status=exact, score=100)
[2026-09-08T18:24:32.508+0000] {matching.py:235} INFO - [427290] Vampyr -> Vampyr (status=exact, score=100)
[2026-09-08T18:24:32.509+0000] {matching.py:235} INFO - [365360] Battle Brothers -> Battle Brothers (status=exact, score=100)
[2026-09-08T18:24:32.509+0000] {matching.py:235} INFO - [1222690] Dragon Age Inquisition -> Dragon Age: Inquisition (status=exact, score=100)
[2026-09-08T18:24:32.510+0000] {matching.py:235} INFO - [1369630] ENDER LILIES: Quietus of the Knights -> Ender Lilies: Quietus of the Knights (status=exact, score=100)
[2026-09-08T18:24:32.510+0000] {matching.py:235} INFO - [434570] Blood and Bacon -> Blood and Bacon (status=exact, score=100)
[2026-09-08T18:24:32.510+0000] {matching.py:235} INFO - [1227890] Summer Memories -> Summer Memories (status=exact, score=100)
[2026-09-08T18:24:32.511+0000] {matching.py:235} INFO - [631510] Devil May Cry HD Collection -> Devil May Cry HD Collection (status=exact, score=100)
[2026-09-08T18:24:32.511+0000] {matching.py:235} INFO - [590380] Into the Breach -> Into the Breach (status=exact, score=100)
[2026-09-08T18:24:32.512+0000] {matching.py:235} INFO - [1490890] Demon Slayer -Kimetsu no Yaiba- The Hinokami Chronicles -> Demon Slayer -Kimetsu no Yaiba- The Hinokami Chronicles (status=exact, score=100)
[2026-09-08T18:24:32.512+0000] {matching.py:235} INFO - [329430] State of Decay: YOSE -> State of Decay (status=high_confidence, score=85)
[2026-09-08T18:24:32.512+0000] {matching.py:235} INFO - [252530] OMSI 2: Steam Edition -> OMSI 2: Steam Edition (status=exact, score=100)
[2026-09-08T18:24:32.513+0000] {matching.py:235} INFO - [244930] SNOW - The Ultimate Edition -> Into the Dark: Ultimate Trash Edition (status=review, score=75)
[2026-09-08T18:24:32.513+0000] {matching.py:235} INFO - [960170] DJMAX RESPECT V -> DJMAX RESPECT V (status=exact, score=100)
[2026-09-08T18:24:32.514+0000] {matching.py:235} INFO - [915320] Pixel Strike 3D -> Pixel Strike 3D (status=exact, score=100)
[2026-09-08T18:24:32.514+0000] {matching.py:235} INFO - [1049800] BLOCKADE -> Blockade (status=exact, score=100)
[2026-09-08T18:24:32.514+0000] {matching.py:235} INFO - [1922560] Plants vs. Zombies Garden Warfare 2: Deluxe Edition -> Plants vs. Zombies Garden Warfare 2: Deluxe Edition (status=exact, score=100)
[2026-09-08T18:24:32.515+0000] {matching.py:235} INFO - [1385380] Across the Obelisk -> Across the Obelisk (status=exact, score=100)
[2026-09-08T18:24:32.515+0000] {matching.py:235} INFO - [352400] LEGO Jurassic World -> LEGO Jurassic World (status=exact, score=100)
[2026-09-08T18:24:32.516+0000] {matching.py:235} INFO - [237310] Elsword -> Elsword (status=exact, score=100)
[2026-09-08T18:24:32.516+0000] {matching.py:235} INFO - [1465360] SnowRunner -> SnowRunner (status=exact, score=100)
[2026-09-08T18:24:32.516+0000] {matching.py:235} INFO - [347560] Terra Incognita Chapter One: The Descendant -> Terra Incognita ~ Chapter One: The Descendant (status=exact, score=100)
[2026-09-08T18:24:32.517+0000] {matching.py:235} INFO - [1097840] Gears 5 -> Gears 5 (status=exact, score=100)
[2026-09-08T18:24:32.517+0000] {matching.py:235} INFO - [375480] Chronicon -> Chronicon (status=exact, score=100)
[2026-09-08T18:24:32.518+0000] {matching.py:235} INFO - [411300] ELEX -> ELEX (status=exact, score=100)
[2026-09-08T18:24:32.518+0000] {matching.py:235} INFO - [404410] Endless Sky -> Endless Sky (status=exact, score=100)
[2026-09-08T18:24:32.518+0000] {matching.py:235} INFO - [736260] Baba Is You -> Baba Is You (status=exact, score=100)
[2026-09-08T18:24:32.519+0000] {matching.py:235} INFO - [578650] The Outer Worlds -> The Outer Worlds (status=exact, score=100)
[2026-09-08T18:24:32.519+0000] {matching.py:235} INFO - [513780] Turbo Pug DX -> Turbo Pug DX (status=exact, score=100)
[2026-09-08T18:24:32.520+0000] {matching.py:235} INFO - [931690] Himno -> Himno (status=exact, score=100)
[2026-09-08T18:24:32.520+0000] {matching.py:235} INFO - [1256670] Library Of Ruina -> Library Of Ruina (status=exact, score=100)
[2026-09-08T18:24:32.521+0000] {matching.py:235} INFO - [859580] Imperator: Rome -> Imperator: Rome (status=exact, score=100)
[2026-09-08T18:24:32.521+0000] {matching.py:235} INFO - [2051620] Enlisted: Reinforced -> Enlisted: Reinforced (status=exact, score=100)
[2026-09-08T18:24:32.522+0000] {matching.py:235} INFO - [1164850] Sinking Simulator -> Sinking Simulator (status=exact, score=100)
[2026-09-08T18:24:32.522+0000] {matching.py:235} INFO - [224480] Octodad: Dadliest Catch -> Octodad: Dadliest Catch (status=exact, score=100)
[2026-09-08T18:24:32.523+0000] {matching.py:235} INFO - [225840] Sven Co-op -> Sven Co-op (status=exact, score=100)
[2026-09-08T18:24:32.523+0000] {matching.py:235} INFO - [803330] Destroy All Humans! -> Destroy All Humans! (status=exact, score=100)
[2026-09-08T18:24:32.524+0000] {matching.py:235} INFO - [1703340] The Stanley Parable: Ultra Deluxe -> The Stanley Parable: Ultra Deluxe (status=exact, score=100)
[2026-09-08T18:24:32.524+0000] {matching.py:235} INFO - [575110] Magic Lantern -> Magic Lantern (status=exact, score=100)
[2026-09-08T18:24:32.525+0000] {matching.py:235} INFO - [480490] Prey -> Prey (status=exact, score=100)
[2026-09-08T18:24:32.525+0000] {matching.py:235} INFO - [1677280] Company of Heroes 3 -> Company of Heroes 3 (status=exact, score=100)
[2026-09-08T18:24:32.526+0000] {matching.py:235} INFO - [2000950] Call of Duty: Modern Warfare -> Call of Duty: Modern Warfare 3 (status=high_confidence, score=96)
[2026-09-08T18:24:32.526+0000] {matching.py:235} INFO - [763890] Wildermyth -> Wildermyth (status=exact, score=100)
[2026-09-08T18:24:32.527+0000] {matching.py:235} INFO - [280160] Aragami -> Aragami (status=exact, score=100)
[2026-09-08T18:24:32.527+0000] {matching.py:235} INFO - [2058180] Judgment -> Judgment (status=exact, score=100)
[2026-09-08T18:24:32.528+0000] {matching.py:235} INFO - [738520] Breathedge -> Breathedge (status=exact, score=100)
[2026-09-08T18:24:32.528+0000] {matching.py:235} INFO - [2130] Dark Messiah of Might & Magic -> Dark Messiah of Might and Magic (status=high_confidence, score=93)
[2026-09-08T18:24:32.529+0000] {matching.py:235} INFO - [222480] Resident Evil Revelations -> Resident Evil Revelations (status=exact, score=100)
[2026-09-08T18:24:32.529+0000] {matching.py:235} INFO - [1113120] IXION -> IXION (status=exact, score=100)
[2026-09-08T18:24:32.529+0000] {matching.py:235} INFO - [350080] Wolfenstein: The Old Blood -> Wolfenstein: The Old Blood (status=exact, score=100)
[2026-09-08T18:24:32.530+0000] {matching.py:235} INFO - [9350] Supreme Commander -> Supreme Commander (status=exact, score=100)
[2026-09-08T18:24:32.530+0000] {matching.py:235} INFO - [1238000] Mass Effect: Andromeda Deluxe Edition -> Mass Effect: Andromeda Deluxe Edition (status=exact, score=100)
[2026-09-08T18:24:32.531+0000] {matching.py:235} INFO - [91600] Sanctum -> Sanctum (status=exact, score=100)
[2026-09-08T18:24:32.531+0000] {matching.py:235} INFO - [1338770] Sniper Ghost Warrior Contracts 2 -> Sniper: Ghost Warrior Contracts 2 (status=exact, score=100)
[2026-09-08T18:24:32.531+0000] {matching.py:235} INFO - [410110] 12 is Better Than 6 -> 12 is Better Than 6 (status=exact, score=100)
[2026-09-08T18:24:32.532+0000] {matching.py:235} INFO - [597820] BIOMUTANT -> Biomutant (status=exact, score=100)
[2026-09-08T18:24:32.532+0000] {matching.py:235} INFO - [1954200] Kena: Bridge of Spirits -> Kena: Bridge of Spirits (status=exact, score=100)
[2026-09-08T18:24:32.533+0000] {matching.py:235} INFO - [485610] Soccer Online: Ball 3D -> Ball 3D: Soccer Online (status=exact, score=100)
[2026-09-08T18:24:32.533+0000] {matching.py:235} INFO - [1285670] Post Void -> Post Void (status=exact, score=100)
[2026-09-08T18:24:32.533+0000] {matching.py:235} INFO - [362680] Fran Bow -> Fran Bow (status=exact, score=100)
[2026-09-08T18:24:32.534+0000] {matching.py:235} INFO - [689580] TurnSignal -> Turnion (status=review, score=71)
[2026-09-08T18:24:32.534+0000] {matching.py:235} INFO - [331360] Heavy Metal Machines -> Heavy Metal Machines (status=exact, score=100)
[2026-09-08T18:24:32.534+0000] {matching.py:235} INFO - [313160] Farming Simulator 15 -> Farming Simulator 15 (status=exact, score=100)
[2026-09-08T18:24:32.535+0000] {matching.py:235} INFO - [257850] Hyper Light Drifter -> Hyper Light Drifter (status=exact, score=100)
[2026-09-08T18:24:32.535+0000] {matching.py:235} INFO - [1127400] Mindustry -> Mindustry (status=exact, score=100)
[2026-09-08T18:24:32.536+0000] {matching.py:235} INFO - [19680] Alice: Madness Returns -> Alice: Madness Returns (status=exact, score=100)
[2026-09-08T18:24:32.536+0000] {matching.py:235} INFO - [493900] Dungeons 3 -> Dungeons 3 (status=exact, score=100)
[2026-09-08T18:24:32.537+0000] {matching.py:235} INFO - [479130] ESEA -> ESEA (status=exact, score=100)
[2026-09-08T18:24:32.537+0000] {matching.py:235} INFO - [2593370] The Hungry Lamb: Traveling in the Late Ming Dynasty -> The Hungry Lamb: Traveling in the Late Ming Dynasty (status=exact, score=100)
[2026-09-08T18:24:32.538+0000] {matching.py:235} INFO - [298240] War Trigger 3 -> War Trigger 3 (status=exact, score=100)
[2026-09-08T18:24:32.538+0000] {matching.py:235} INFO - [247000] Talisman: Digital Classic Edition -> Talisman: Digital Edition (status=high_confidence, score=86)
[2026-09-08T18:24:32.539+0000] {matching.py:235} INFO - [1116960] UNDEFEATED -> Undefeated (status=exact, score=100)
[2026-09-08T18:24:32.539+0000] {matching.py:235} INFO - [240760] Wasteland 2: Director's Cut -> Wasteland 2: Director's Cut (status=exact, score=100)
[2026-09-08T18:24:32.539+0000] {matching.py:235} INFO - [1283970] YoloMouse - Cursor Changer -> Cursor's Curse (status=unmatched, score=54)
[2026-09-08T18:24:32.540+0000] {matching.py:235} INFO - [493490] City Car Driving -> City Car Driving (status=exact, score=100)
[2026-09-08T18:24:32.540+0000] {matching.py:235} INFO - [46500] Syberia -> Syberia (status=exact, score=100)
[2026-09-08T18:24:32.541+0000] {matching.py:235} INFO - [1245250] Thrive: Heavy Lies The Crown -> Thrive: Heavy Lies The Crown (status=exact, score=100)
[2026-09-08T18:24:32.541+0000] {matching.py:235} INFO - [1812620] DSX -> DSX - Dynamo Speed Xtreme (status=high_confidence, score=23)
[2026-09-08T18:24:32.541+0000] {matching.py:235} INFO - [22600] Worms Reloaded -> Worms Reloaded (status=exact, score=100)
[2026-09-08T18:24:32.542+0000] {matching.py:235} INFO - [1226470] Shadow Arena -> Shadow Arena (status=exact, score=100)
[2026-09-08T18:24:32.542+0000] {matching.py:235} INFO - [2990] FlatOut 2 -> FlatOut 2 (status=exact, score=100)
[2026-09-08T18:24:32.543+0000] {matching.py:235} INFO - [312670] Strange Brigade -> Strange Brigade (status=exact, score=100)
[2026-09-08T18:24:32.543+0000] {matching.py:235} INFO - [384190] ABZU -> ABZU (status=exact, score=100)
[2026-09-08T18:24:32.543+0000] {matching.py:235} INFO - [875210] Kingdom Heroes 8 -> Kingdom: Classic (status=unmatched, score=58)
[2026-09-08T18:24:32.544+0000] {matching.py:235} INFO - [17340] Crysis Warhead -> Crysis Warhead (status=exact, score=100)
[2026-09-08T18:24:32.544+0000] {matching.py:235} INFO - [1985810] Call of Duty: Black Ops Cold War -> Call of Duty: Black Ops Cold War (status=exact, score=100)
[2026-09-08T18:24:32.544+0000] {matching.py:235} INFO - [861650] Session: Skate Sim -> Session: Skate Sim (status=exact, score=100)
[2026-09-08T18:24:32.545+0000] {matching.py:235} INFO - [445980] Wizard of Legend -> Wizard of Legend (status=exact, score=100)
[2026-09-08T18:24:32.545+0000] {matching.py:235} INFO - [2140020] Stronghold: Definitive Edition -> Stronghold: Definitive Edition (status=exact, score=100)
[2026-09-08T18:24:32.546+0000] {matching.py:235} INFO - [501300] What Remains of Edith Finch -> What Remains of Edith Finch (status=exact, score=100)
[2026-09-08T18:24:32.546+0000] {matching.py:235} INFO - [65540] Gothic 1 -> Gothic (status=high_confidence, score=86)
[2026-09-08T18:24:32.546+0000] {matching.py:235} INFO - [1162520] Richman10 -> Richman10 (status=exact, score=100)
[2026-09-08T18:24:32.547+0000] {matching.py:235} INFO - [409160] Dr. Langeskov, The Tiger, and The Terribly Cursed Emerald: A Whirlwind Heist -> Dr. Langeskov, The Tiger, and The Terribly Cursed Emerald: A Whirlwind Heist (status=exact, score=100)
[2026-09-08T18:24:32.547+0000] {matching.py:235} INFO - [319910] Trine 3: The Artifacts of Power -> Trine 3: The Artifacts of Power (status=exact, score=100)
[2026-09-08T18:24:32.548+0000] {matching.py:235} INFO - [562810] MONOPOLY PLUS -> MONOPOLY PLUS (status=exact, score=100)
[2026-09-08T18:24:32.548+0000] {matching.py:235} INFO - [301910] Saints Row: Gat out of Hell -> Saints Row: Gat Out of Hell (status=exact, score=100)
[2026-09-08T18:24:32.548+0000] {matching.py:235} INFO - [955900] Amazing Cultivation Simulator -> Amazing Cultivation Simulator (status=exact, score=100)
[2026-09-08T18:24:32.549+0000] {matching.py:235} INFO - [1543030] Sword and Fairy 7 -> Sword and Fairy 7 (status=exact, score=100)
[2026-09-08T18:24:32.549+0000] {matching.py:235} INFO - [351470] Sometimes: Success Requires Sacrifice -> Sometimes: Success Requires Sacrifice (status=exact, score=100)
[2026-09-08T18:24:32.550+0000] {matching.py:235} INFO - [17450] Dragon Age: Origins -> Dragon Age: Origins (status=exact, score=100)
[2026-09-08T18:24:32.550+0000] {matching.py:235} INFO - [1084600] My Time at Sandrock -> My Time at Sandrock (status=exact, score=100)
[2026-09-08T18:24:32.550+0000] {matching.py:235} INFO - [677120] Heroes of Hammerwatch -> Heroes of Hammerwatch (status=exact, score=100)
[2026-09-08T18:24:32.551+0000] {matching.py:235} INFO - [960910] Heavy Rain -> Heavy Rain (status=exact, score=100)
[2026-09-08T18:24:32.551+0000] {matching.py:235} INFO - [367450] Poly Bridge -> Poly Bridge (status=exact, score=100)
[2026-09-08T18:24:32.552+0000] {matching.py:235} INFO - [1025580] Vainglory -> Vainglory (status=exact, score=100)
[2026-09-08T18:24:32.552+0000] {matching.py:235} INFO - [388090] Five Nights at Freddy's 4 -> Five Nights at Freddy's 4 (status=exact, score=100)
[2026-09-08T18:24:32.553+0000] {matching.py:235} INFO - [3990] Civilization IV: Warlords -> Civilization IV: Warlords (status=exact, score=100)
[2026-09-08T18:24:32.553+0000] {matching.py:235} INFO - [2138710] Sifu -> Sifu (status=exact, score=100)
[2026-09-08T18:24:32.553+0000] {matching.py:235} INFO - [489520] Minion Masters -> Minion Masters (status=exact, score=100)
[2026-09-08T18:24:32.554+0000] {matching.py:235} INFO - [1549180] Propnight -> Propnight (status=exact, score=100)
[2026-09-08T18:24:32.554+0000] {matching.py:235} INFO - [1659420] UNCHARTED: Legacy of Thieves Collection -> Uncharted: Legacy of Thieves Collection (status=exact, score=100)
[2026-09-08T18:24:32.555+0000] {matching.py:235} INFO - [704450] Neverwinter Nights: Enhanced Edition -> Neverwinter Nights: Enhanced Edition (status=exact, score=100)
[2026-09-08T18:24:32.555+0000] {matching.py:235} INFO - [1949190] Necrosmith -> Necrosmith (status=exact, score=100)
[2026-09-08T18:24:32.556+0000] {matching.py:235} INFO - [690830] Foundation -> Foundation (status=exact, score=100)
[2026-09-08T18:24:32.557+0000] {matching.py:235} INFO - [1361000] In Silence -> In Silence (status=exact, score=100)
[2026-09-08T18:24:32.557+0000] {matching.py:235} INFO - [650700] Yume Nikki -> Yume Nikki (status=exact, score=100)
[2026-09-08T18:24:32.558+0000] {matching.py:235} INFO - [323910] SteamVR Performance Test -> SteamVR Performance Test (status=exact, score=100)
[2026-09-08T18:24:32.558+0000] {matching.py:235} INFO - [211600] Thief Gold (1999) -> Thief Gold (status=high_confidence, score=80)
[2026-09-08T18:24:32.559+0000] {matching.py:235} INFO - [386070] Planetary Annihilation: TITANS -> Planetary Annihilation: TITANS (status=exact, score=100)
[2026-09-08T18:24:32.559+0000] {matching.py:235} INFO - [1336490] Against the Storm -> Against the Storm (status=exact, score=100)
[2026-09-08T18:24:32.559+0000] {matching.py:235} INFO - [201230] EverQuest II -> EverQuest II (status=exact, score=100)
[2026-09-08T18:24:32.560+0000] {matching.py:235} INFO - [230230] Divinity: Original Sin (Classic) -> Divinity: Original Sin 2 (status=high_confidence, score=85)
[2026-09-08T18:24:32.560+0000] {matching.py:235} INFO - [238260] Pinball Arcade -> Pinball Arcade (status=exact, score=100)
[2026-09-08T18:24:32.561+0000] {matching.py:235} INFO - [1850740] Ghost Watchers -> Ghost Watchers (status=exact, score=100)
[2026-09-08T18:24:32.561+0000] {matching.py:235} INFO - [1149460] ICARUS -> Icarus (status=exact, score=100)
[2026-09-08T18:24:32.561+0000] {matching.py:235} INFO - [391070] Stellar 2D -> Stellar 2D (status=exact, score=100)
[2026-09-08T18:24:32.562+0000] {matching.py:235} INFO - [1009850] OVR Advanced Settings -> Advanced Settings (status=high_confidence, score=89)
[2026-09-08T18:24:32.562+0000] {matching.py:235} INFO - [838380] DEAD OR ALIVE 6 -> DEAD OR ALIVE 6 (status=exact, score=100)
[2026-09-08T18:24:32.563+0000] {matching.py:235} INFO - [1207650] Suzerain -> Suzerain (status=exact, score=100)
[2026-09-08T18:24:32.563+0000] {matching.py:235} INFO - [203750] Binary Domain -> Binary Domain (status=exact, score=100)
[2026-09-08T18:24:32.563+0000] {matching.py:235} INFO - [835860] Dreadnought -> Dreadnought (status=exact, score=100)
[2026-09-08T18:24:32.564+0000] {matching.py:235} INFO - [2408820] Luma Island -> Luma Island (status=exact, score=100)
[2026-09-08T18:24:32.565+0000] {matching.py:235} INFO - [1669000] Age of Wonders 4 -> Age of Wonders 4 (status=exact, score=100)
[2026-09-08T18:24:32.565+0000] {matching.py:235} INFO - [970830] The Dungeon Of Naheulbeuk: The Amulet Of Chaos -> The Dungeon Of Naheulbeuk: The Amulet Of Chaos (status=exact, score=100)
[2026-09-08T18:24:32.566+0000] {matching.py:235} INFO - [368360] 60 Seconds! -> 60 Seconds! (status=exact, score=100)
[2026-09-08T18:24:32.566+0000] {matching.py:235} INFO - [512470] The Pirate: Caribbean Hunt -> The Pirate: Caribbean Hunt (status=exact, score=100)
[2026-09-08T18:24:32.567+0000] {matching.py:235} INFO - [1692250] F1 22 -> F1 22 (status=exact, score=100)
[2026-09-08T18:24:32.567+0000] {matching.py:235} INFO - [376210] The Isle -> The Isle (status=exact, score=100)
[2026-09-08T18:24:32.567+0000] {matching.py:235} INFO - [374280] Hired Ops -> Hired Ops (status=exact, score=100)
[2026-09-08T18:24:32.568+0000] {matching.py:235} INFO - [476620] Call of Duty: WWII -> Call of Duty: WWII (status=exact, score=100)
[2026-09-08T18:24:32.568+0000] {matching.py:235} INFO - [1133060] Anarchy: Wolf's law -> Anarchy: Wolf's law (status=exact, score=100)
[2026-09-08T18:24:32.569+0000] {matching.py:235} INFO - [253030] Race The Sun -> Race The Sun (status=exact, score=100)
[2026-09-08T18:24:32.569+0000] {matching.py:235} INFO - [985890] Streets of Rage 4 -> Streets of Rage 4 (status=exact, score=100)
[2026-09-08T18:24:32.569+0000] {matching.py:235} INFO - [212800] Super Crate Box -> Super Crate Box (status=exact, score=100)
[2026-09-08T18:24:32.570+0000] {matching.py:235} INFO - [28000] Kane & Lynch 2: Dog Days -> Kane & Lynch 2: Dog Days (status=exact, score=100)
[2026-09-08T18:24:32.570+0000] {matching.py:235} INFO - [1030210] Torchlight III -> Torchlight III (status=exact, score=100)
[2026-09-08T18:24:32.571+0000] {matching.py:235} INFO - [488860] MADNESS: Project Nexus -> Madness: Project Nexus (status=exact, score=100)
[2026-09-08T18:24:32.571+0000] {matching.py:235} INFO - [468920] Ultimate Fishing Simulator -> Ultimate Fishing Simulator (status=exact, score=100)
[2026-09-08T18:24:32.571+0000] {matching.py:235} INFO - [394230] Battleborn -> Battleborn (status=exact, score=100)
[2026-09-08T18:24:32.572+0000] {matching.py:235} INFO - [375230] Warhammer 40,000: Eternal Crusade -> Warhammer 40,000: Eternal Crusade (status=exact, score=100)
[2026-09-08T18:24:32.572+0000] {matching.py:235} INFO - [1693980] Dead Space -> Dead Space (status=exact, score=100)
[2026-09-08T18:24:32.573+0000] {matching.py:235} INFO - [1971870] Mortal Kombat 1 -> Mortal Kombat 1 (status=exact, score=100)
[2026-09-08T18:24:32.573+0000] {matching.py:235} INFO - [1432860] Sun Haven -> Sun Haven (status=exact, score=100)
[2026-09-08T18:24:32.573+0000] {matching.py:235} INFO - [1249800] Xuan-Yuan Sword VII -> Xuan-Yuan Sword V (status=high_confidence, score=94)
[2026-09-08T18:24:32.574+0000] {matching.py:235} INFO - [1388880] Doki Doki Literature Club Plus! -> Doki Doki Literature Club Plus! (status=exact, score=100)
[2026-09-08T18:24:32.574+0000] {matching.py:235} INFO - [1674470] ELYON -> ELYON (status=exact, score=100)
[2026-09-08T18:24:32.575+0000] {matching.py:235} INFO - [39190] Dungeon Siege -> Dungeon Siege (status=exact, score=100)
[2026-09-08T18:24:32.575+0000] {matching.py:235} INFO - [228300] Remember Me -> Remember Me (status=exact, score=100)
[2026-09-08T18:24:32.575+0000] {matching.py:235} INFO - [569610] Distant Space -> Space Distant (status=exact, score=100)
[2026-09-08T18:24:32.576+0000] {matching.py:235} INFO - [343270] Disillusions Manga Horror -> Disillusions Manga Horror (status=exact, score=100)
[2026-09-08T18:24:32.576+0000] {matching.py:235} INFO - [234330] MARVEL Puzzle Quest -> Marvel Puzzle Quest (status=exact, score=100)
[2026-09-08T18:24:32.577+0000] {matching.py:235} INFO - [814540] Changed -> Changed (status=exact, score=100)
[2026-09-08T18:24:32.577+0000] {matching.py:235} INFO - [1209040] Cyber Hunter -> Cyber Hunter (status=exact, score=100)
[2026-09-08T18:24:32.577+0000] {matching.py:235} INFO - [242640] Styx: Master of Shadows -> Styx: Master of Shadows (status=exact, score=100)
[2026-09-08T18:24:32.578+0000] {matching.py:235} INFO - [813630] Supraland -> Supraland (status=exact, score=100)
[2026-09-08T18:24:32.578+0000] {matching.py:235} INFO - [1397920] Mr.Mine -> Mr.Mine (status=exact, score=100)
[2026-09-08T18:24:32.579+0000] {matching.py:235} INFO - [205710] EverQuest -> EverQuest II (status=high_confidence, score=86)
[2026-09-08T18:24:32.579+0000] {matching.py:235} INFO - [414530] Skyforge -> Skyforge (status=exact, score=100)
[2026-09-08T18:24:32.579+0000] {matching.py:235} INFO - [217750] Age of Conan: Unchained -> Age of Conan: Unchained (status=exact, score=100)
[2026-09-08T18:24:32.580+0000] {matching.py:235} INFO - [711810] Never Split the Party -> Never Split the Party (status=exact, score=100)
[2026-09-08T18:24:32.580+0000] {matching.py:235} INFO - [1105670] The Last Spell -> The Last Spell (status=exact, score=100)
[2026-09-08T18:24:32.581+0000] {matching.py:235} INFO - [298260] Only If -> Only If (status=exact, score=100)
[2026-09-08T18:24:32.581+0000] {matching.py:235} INFO - [2141730] Backrooms: Escape Together -> Backrooms: Escape Together (status=exact, score=100)
[2026-09-08T18:24:32.581+0000] {matching.py:235} INFO - [1451190] Undisputed -> Undisputed (status=exact, score=100)
[2026-09-08T18:24:32.582+0000] {matching.py:235} INFO - [40390] Risen 2: Dark Waters -> Risen 2: Dark Waters (status=exact, score=100)
[2026-09-08T18:24:32.582+0000] {matching.py:235} INFO - [91330] Iron Front: Digital War Edition -> Iron Front: Digital War Edition (status=exact, score=100)
[2026-09-08T18:24:32.582+0000] {matching.py:235} INFO - [839200] SpedV -> SpedV (status=exact, score=100)
[2026-09-08T18:24:32.583+0000] {matching.py:235} INFO - [287980] Mini Metro -> Mini Metro (status=exact, score=100)
[2026-09-08T18:24:32.583+0000] {matching.py:235} INFO - [1088710] Yakuza 3 Remastered -> Yakuza 3 Remastered (status=exact, score=100)
[2026-09-08T18:24:32.584+0000] {matching.py:235} INFO - [2427700] Backpack Battles -> Backpack Battles (status=exact, score=100)
[2026-09-08T18:24:32.584+0000] {matching.py:235} INFO - [760060] Mutant Year Zero: Road to Eden -> Mutant Year Zero: Road to Eden (status=exact, score=100)
[2026-09-08T18:24:32.585+0000] {matching.py:235} INFO - [359800] Copa Petrobras de Marcas -> Copa Petrobras de Marcas (status=exact, score=100)
[2026-09-08T18:24:32.585+0000] {matching.py:235} INFO - [1003590] Tetris Effect: Connected -> Tetris Effect: Connected (status=exact, score=100)
[2026-09-08T18:24:32.585+0000] {matching.py:235} INFO - [1989270] Slay the Princess — The Pristine Cut -> Slay the Princess (status=high_confidence, score=67)
[2026-09-08T18:24:32.586+0000] {matching.py:235} INFO - [12830] Operation Flashpoint: Dragon Rising -> Operation Flashpoint: Dragon Rising (status=exact, score=100)
[2026-09-08T18:24:32.586+0000] {matching.py:235} INFO - [731040] The Invincible -> The Invincible (status=exact, score=100)
[2026-09-08T18:24:32.587+0000] {matching.py:235} INFO - [545110] Driver Booster 4 for Steam -> Driver Booster 4 for Steam (status=exact, score=100)
[2026-09-08T18:24:32.587+0000] {matching.py:235} INFO - [297130] Titan Souls -> Titan Souls (status=exact, score=100)
[2026-09-08T18:24:32.587+0000] {matching.py:235} INFO - [7520] Two Worlds II HD -> Two Worlds II (status=high_confidence, score=90)
[2026-09-08T18:24:32.588+0000] {matching.py:235} INFO - [885970] Total War: ROME REMASTERED -> Total War: ROME REMASTERED (status=exact, score=100)
[2026-09-08T18:24:32.589+0000] {matching.py:235} INFO - [1359090] Zero Hour -> Zero Hour (status=exact, score=100)
[2026-09-08T18:24:32.589+0000] {matching.py:235} INFO - [895870] Project Wingman -> Project Wingman (status=exact, score=100)
[2026-09-08T18:24:32.590+0000] {matching.py:235} INFO - [1233570] Mirror's Edge Catalyst -> Mirror's Edge Catalyst (status=exact, score=100)
[2026-09-08T18:24:32.590+0000] {matching.py:235} INFO - [305050] Outland -> Outland (status=exact, score=100)
[2026-09-08T18:24:32.591+0000] {matching.py:235} INFO - [249230] Risen 3 - Titan Lords -> Risen 3: Titan Lords (status=exact, score=100)
[2026-09-08T18:24:32.591+0000] {matching.py:235} INFO - [847370] Sunset Overdrive -> Sunset Overdrive (status=exact, score=100)
[2026-09-08T18:24:32.592+0000] {matching.py:235} INFO - [241540] State of Decay -> State of Decay (status=exact, score=100)
[2026-09-08T18:24:32.592+0000] {matching.py:235} INFO - [1592190] BONELAB -> Bonelab (status=exact, score=100)
[2026-09-08T18:24:32.592+0000] {matching.py:235} INFO - [1372640] Candle In Darkness -> Candle In Darkness (status=exact, score=100)
[2026-09-08T18:24:32.593+0000] {matching.py:235} INFO - [1333350] Angel Legion -> Angel Legion (status=exact, score=100)
[2026-09-08T18:24:32.593+0000] {matching.py:235} INFO - [2700] RollerCoaster Tycoon 3: Platinum -> RollerCoaster Tycoon 3: Platinum (status=exact, score=100)
[2026-09-08T18:24:32.594+0000] {matching.py:235} INFO - [342180] Arizona Sunshine VR Legacy -> Arizona Sunshine (status=high_confidence, score=76)
[2026-09-08T18:24:32.594+0000] {matching.py:235} INFO - [485310] Head Shot -> Head Shot (status=exact, score=100)
[2026-09-08T18:24:32.594+0000] {matching.py:235} INFO - [206190] Gunpoint -> Gunpoint (status=exact, score=100)
[2026-09-08T18:24:32.595+0000] {matching.py:235} INFO - [609320] FAR: Lone Sails -> FAR: Lone Sails (status=exact, score=100)
[2026-09-08T18:24:32.595+0000] {matching.py:235} INFO - [1288310] Firework -> Firework (status=exact, score=100)
[2026-09-08T18:24:32.596+0000] {matching.py:235} INFO - [264200] One Finger Death Punch -> One Finger Death Punch (status=exact, score=100)
[2026-09-08T18:24:32.596+0000] {matching.py:235} INFO - [427410] Abiotic Factor -> Abiotic Factor (status=exact, score=100)
[2026-09-08T18:24:32.597+0000] {matching.py:235} INFO - [1948280] Stacklands -> Stacklands (status=exact, score=100)
[2026-09-08T18:24:32.597+0000] {matching.py:235} INFO - [1881700] Undawn -> Undawn (status=exact, score=100)
[2026-09-08T18:24:32.598+0000] {matching.py:235} INFO - [24790] Command & Conquer 3: Tiberium Wars -> Command & Conquer 3: Tiberium Wars (status=exact, score=100)
[2026-09-08T18:24:32.598+0000] {matching.py:235} INFO - [673610] Airport CEO -> Airport CEO (status=exact, score=100)
[2026-09-08T18:24:32.599+0000] {matching.py:235} INFO - [1120810] Eastern Exorcist -> Eastern Exorcist (status=exact, score=100)
[2026-09-08T18:24:32.599+0000] {matching.py:235} INFO - [1390350] Webbed -> Webbed (status=exact, score=100)
[2026-09-08T18:24:32.599+0000] {matching.py:235} INFO - [1010750] Blood Fresh Supply -> Blood: Fresh Supply (status=exact, score=100)
[2026-09-08T18:24:32.600+0000] {matching.py:235} INFO - [1469280] SuchArt: Creative Space -> Creative Destruction (status=unmatched, score=67)
[2026-09-08T18:24:32.600+0000] {matching.py:235} INFO - [620590] Ancestors Legacy -> Ancestors Legacy (status=exact, score=100)
[2026-09-08T18:24:32.601+0000] {matching.py:235} INFO - [331470] Everlasting Summer -> Everlasting Summer (status=exact, score=100)
[2026-09-08T18:24:32.601+0000] {matching.py:235} INFO - [529180] Dark and Light -> Dark and Light (status=exact, score=100)
[2026-09-08T18:24:32.601+0000] {matching.py:235} INFO - [2208920] Assassin's Creed Valhalla -> Assassin's Creed Valhalla (status=exact, score=100)
[2026-09-08T18:24:32.602+0000] {matching.py:235} INFO - [1178490] 港詭實錄ParanormalHK -> 港詭實錄ParanormalHK (status=exact, score=100)
[2026-09-08T18:24:32.602+0000] {matching.py:235} INFO - [1449690] The Walking Dead: The Telltale Definitive Series -> The Walking Dead: The Telltale Definitive Series (status=exact, score=100)
[2026-09-08T18:24:32.603+0000] {matching.py:235} INFO - [2406770] Bodycam -> Bodycam (status=exact, score=100)
[2026-09-08T18:24:32.603+0000] {matching.py:235} INFO - [428950] Kivi, Toilet and Shotgun -> Kivi, Toilet and Shotgun (status=exact, score=100)
[2026-09-08T18:24:32.603+0000] {matching.py:235} INFO - [891040] Pool 2D - Poolians -> Pool 2D - Poolians (status=exact, score=100)
[2026-09-08T18:24:32.604+0000] {matching.py:235} INFO - [390670] Steel Ocean -> Steel Ocean (status=exact, score=100)
[2026-09-08T18:24:32.604+0000] {matching.py:235} INFO - [1108320] 妄想破绽 Broken Delusion -> 妄想破绽 Broken Delusion (status=exact, score=100)
[2026-09-08T18:24:32.605+0000] {matching.py:235} INFO - [519190] Next Day: Survival -> Next Day: Survival (status=exact, score=100)
[2026-09-08T18:24:32.605+0000] {matching.py:235} INFO - [321360] Primal Carnage: Extinction -> Primal Carnage: Extinction (status=exact, score=100)
[2026-09-08T18:24:32.605+0000] {matching.py:235} INFO - [606880] GreedFall -> GreedFall (status=exact, score=100)
[2026-09-08T18:24:32.606+0000] {matching.py:235} INFO - [690510] Immortal Soul: Black Survival -> Immortal Soul: Black Survival (status=exact, score=100)
[2026-09-08T18:24:32.606+0000] {matching.py:235} INFO - [237850] Dreamfall Chapters -> Dreamfall Chapters (status=exact, score=100)
[2026-09-08T18:24:32.607+0000] {matching.py:235} INFO - [724970] 神舞幻想 Faith of Danschant -> 神舞幻想 Faith of Danschant (status=exact, score=100)
[2026-09-08T18:24:32.607+0000] {matching.py:235} INFO - [1147690] NGU IDLE -> NGU IDLE (status=exact, score=100)
[2026-09-08T18:24:32.607+0000] {matching.py:235} INFO - [45760] Ultra Street Fighter IV -> Ultra Street Fighter IV (status=exact, score=100)
[2026-09-08T18:24:32.608+0000] {matching.py:235} INFO - [274920] FaceRig -> FaceRig (status=exact, score=100)
[2026-09-08T18:24:32.608+0000] {matching.py:235} INFO - [212200] Mabinogi -> Mabinogi (status=exact, score=100)
[2026-09-08T18:24:32.609+0000] {matching.py:235} INFO - [638230] Journey -> Journey (status=exact, score=100)
[2026-09-08T18:24:32.609+0000] {matching.py:235} INFO - [359840] Shift Happens -> Shift Happens (status=exact, score=100)
[2026-09-08T18:24:32.609+0000] {matching.py:235} INFO - [1970580] Backpack Hero -> Backpack Hero (status=exact, score=100)
[2026-09-08T18:24:32.610+0000] {matching.py:235} INFO - [798420] Professional Fishing -> Professional Fishing (status=exact, score=100)
[2026-09-08T18:24:32.610+0000] {matching.py:235} INFO - [1017900] Age of Empires: Definitive Edition -> Age of Empires: Definitive Edition (status=exact, score=100)
[2026-09-08T18:24:32.610+0000] {matching.py:235} INFO - [370240] NBA 2K16 -> NBA 2K16 (status=exact, score=100)
[2026-09-08T18:24:32.611+0000] {matching.py:235} INFO - [257730] Infinity Wars: Animated Trading Card Game -> Infinity Wars: Animated Trading Card Game (status=exact, score=100)
[2026-09-08T18:24:32.611+0000] {matching.py:235} INFO - [1015500] WWE 2K20 -> WWE 2K20 (status=exact, score=100)
[2026-09-08T18:24:32.612+0000] {matching.py:235} INFO - [1898300] ASKA -> Aska (status=exact, score=100)
[2026-09-08T18:24:32.612+0000] {matching.py:235} INFO - [327030] Worms W.M.D -> Worms W.M.D (status=exact, score=100)
[2026-09-08T18:24:32.612+0000] {matching.py:235} INFO - [337950] The SKIES - BETA -> The SKIES (status=high_confidence, score=78)
[2026-09-08T18:24:32.613+0000] {matching.py:235} INFO - [446150] GUNS UP! -> GUNS UP! (status=exact, score=100)
[2026-09-08T18:24:32.613+0000] {matching.py:235} INFO - [508290] $1 Ride -> $1 Ride (status=exact, score=100)
[2026-09-08T18:24:32.614+0000] {matching.py:235} INFO - [1127500] Mini Motorways -> Mini Motorways (status=exact, score=100)
[2026-09-08T18:24:32.614+0000] {matching.py:235} INFO - [346940] Shadowrun: Hong Kong - Extended Edition -> Shadowrun: Hong Kong - Extended Edition (status=exact, score=100)
[2026-09-08T18:24:32.614+0000] {matching.py:235} INFO - [331600] One Piece Pirate Warriors 3 -> One Piece Pirate Warriors 3 (status=exact, score=100)
[2026-09-08T18:24:32.615+0000] {matching.py:235} INFO - [48240] Anno 2070 -> Anno 2070 (status=exact, score=100)
[2026-09-08T18:24:32.615+0000] {matching.py:235} INFO - [8000] Tomb Raider: Anniversary -> Tomb Raider: Anniversary (status=exact, score=100)
[2026-09-08T18:24:32.616+0000] {matching.py:235} INFO - [400630] Wuppo: Definitive Edition -> Misao: Definitive Edition (status=review, score=83)
[2026-09-08T18:24:32.616+0000] {matching.py:235} INFO - [247430] Hitman: Contracts -> Hitman: Contracts (status=exact, score=100)
[2026-09-08T18:24:32.616+0000] {matching.py:235} INFO - [418340] RWBY: Grimm Eclipse -> RWBY: Grimm Eclipse (status=exact, score=100)
[2026-09-08T18:24:32.617+0000] {matching.py:235} INFO - [212480] Sonic & All-Stars Racing Transformed Collection -> Sonic & All-Stars Racing Transformed (status=high_confidence, score=86)
[2026-09-08T18:24:32.617+0000] {matching.py:235} INFO - [1436930] Temple of Apshai Trilogy -> Temple of Apshai Trilogy (status=exact, score=100)
[2026-09-08T18:24:32.618+0000] {matching.py:235} INFO - [453820] Hero Quest: Tower Conflict -> Hero Quest: Tower Conflict (status=exact, score=100)
[2026-09-08T18:24:32.618+0000] {matching.py:235} INFO - [466910] Worm.is: The Game -> Worm.is: The Game (status=exact, score=100)
[2026-09-08T18:24:32.619+0000] {matching.py:235} INFO - [2103140] Magicraft -> Magicraft (status=exact, score=100)
[2026-09-08T18:24:32.619+0000] {matching.py:235} INFO - [348250] Google Earth VR -> Google Earth VR (status=exact, score=100)
[2026-09-08T18:24:32.620+0000] {matching.py:235} INFO - [317470] Cubic Castles -> Cubic Castles (status=exact, score=100)
[2026-09-08T18:24:32.620+0000] {matching.py:235} INFO - [214170] Divine Divinity -> Divine Divinity (status=exact, score=100)
[2026-09-08T18:24:32.620+0000] {matching.py:235} INFO - [1644960] NBA 2K22 -> NBA 2K22 (status=exact, score=100)
[2026-09-08T18:24:32.621+0000] {matching.py:235} INFO - [1341290] We Were Here Forever -> We Were Here Forever (status=exact, score=100)
[2026-09-08T18:24:32.621+0000] {matching.py:235} INFO - [330840] Game of Thrones - A Telltale Games Series -> Game of Thrones - A Telltale Games Series (status=exact, score=100)
[2026-09-08T18:24:32.622+0000] {matching.py:235} INFO - [567630] Blood of Steel -> Blood of Steel (status=exact, score=100)
[2026-09-08T18:24:32.622+0000] {matching.py:235} INFO - [3244220] A Game About Digging A Hole -> A Game About Digging A Hole (status=exact, score=100)
[2026-09-08T18:24:32.622+0000] {matching.py:235} INFO - [1040200] Crime Scene Cleaner -> Crime Scene Cleaner (status=exact, score=100)
[2026-09-08T18:24:32.623+0000] {matching.py:235} INFO - [263060] Blockstorm -> Blockstorm (status=exact, score=100)
[2026-09-08T18:24:32.623+0000] {matching.py:235} INFO - [511800] ONRAID -> ONRAID (status=exact, score=100)
[2026-09-08T18:24:32.624+0000] {matching.py:235} INFO - [324810] TOXIKK -> TOXIKK (status=exact, score=100)
[2026-09-08T18:24:32.624+0000] {matching.py:235} INFO - [1584090] Touhou Mystia's Izakaya -> 东方夜雀食堂 - Touhou Mystia's Izakaya (status=exact, score=100)
[2026-09-08T18:24:32.625+0000] {matching.py:235} INFO - [806140] Achievements printer -> Achievements printer part 1 (status=high_confidence, score=85)
[2026-09-08T18:24:32.625+0000] {matching.py:235} INFO - [528670] Elems -> Elems (status=exact, score=100)
[2026-09-08T18:24:32.626+0000] {matching.py:235} INFO - [1601580] Frostpunk 2 -> Frostpunk 2 (status=exact, score=100)
[2026-09-08T18:24:32.626+0000] {matching.py:235} INFO - [393420] Hurtworld -> Hurtworld (status=exact, score=100)
[2026-09-08T18:24:32.626+0000] {matching.py:235} INFO - [1267910] Melvor Idle -> Melvor Idle (status=exact, score=100)
[2026-09-08T18:24:32.627+0000] {matching.py:235} INFO - [356310] METAL SLUG DEFENSE -> METAL SLUG DEFENSE (status=exact, score=100)
[2026-09-08T18:24:32.627+0000] {matching.py:235} INFO - [48220] Might & Magic: Heroes VI -> Might & Magic: Heroes VI (status=exact, score=100)
[2026-09-08T18:24:32.628+0000] {matching.py:235} INFO - [207170] Legend of Grimrock -> Legend of Grimrock (status=exact, score=100)
[2026-09-08T18:24:32.628+0000] {matching.py:235} INFO - [20530] Red Faction -> Red Faction (status=exact, score=100)
[2026-09-08T18:24:32.628+0000] {matching.py:235} INFO - [40300] Risen -> Risen (status=exact, score=100)
[2026-09-08T18:24:32.629+0000] {matching.py:235} INFO - [263540] Villagers and Heroes -> Villagers and Heroes (status=exact, score=100)
[2026-09-08T18:24:32.629+0000] {matching.py:235} INFO - [2290180] Riders Republic -> Riders Republic (status=exact, score=100)
[2026-09-08T18:24:32.630+0000] {matching.py:235} INFO - [215830] Closers -> Closers (status=exact, score=100)
[2026-09-08T18:24:32.630+0000] {matching.py:235} INFO - [385800] NEKOPARA Vol. 0 -> NEKOPARA Vol. 0 (status=exact, score=100)
[2026-09-08T18:24:32.630+0000] {matching.py:235} INFO - [462930] AdVenture Communist -> AdVenture Communist (status=exact, score=100)
[2026-09-08T18:24:32.631+0000] {matching.py:235} INFO - [237990] The Banner Saga -> The Banner Saga (status=exact, score=100)
[2026-09-08T18:24:32.631+0000] {matching.py:235} INFO - [32380] STAR WARS Jedi Knight: Dark Forces II -> STAR WARS Jedi Knight: Dark Forces II (status=exact, score=100)
[2026-09-08T18:24:32.632+0000] {matching.py:235} INFO - [427190] DEAD RISING -> Dead Rising (status=exact, score=100)
[2026-09-08T18:24:32.632+0000] {matching.py:235} INFO - [1301210] Knockout City -> Knockout City (status=exact, score=100)
[2026-09-08T18:24:32.633+0000] {matching.py:235} INFO - [294860] Valkyria Chronicles -> Valkyria Chronicles (status=exact, score=100)
[2026-09-08T18:24:32.633+0000] {matching.py:235} INFO - [25000] Overgrowth -> Overgrowth (status=exact, score=100)
[2026-09-08T18:24:32.633+0000] {matching.py:235} INFO - [2198150] Tiny Glade -> Tiny Glade (status=exact, score=100)
[2026-09-08T18:24:32.634+0000] {matching.py:235} INFO - [746850] Cloudpunk -> Cloudpunk (status=exact, score=100)
[2026-09-08T18:24:32.634+0000] {matching.py:235} INFO - [6020] STAR WARS Jedi Knight - Jedi Academy -> Star Wars Jedi Knight: Jedi Academy (status=exact, score=100)
[2026-09-08T18:24:32.635+0000] {matching.py:235} INFO - [743450] Monster Prom -> Monster Prom (status=exact, score=100)
[2026-09-08T18:24:32.635+0000] {matching.py:235} INFO - [607050] Wargroove -> Wargroove (status=exact, score=100)
[2026-09-08T18:24:32.635+0000] {matching.py:235} INFO - [610370] Desperados III -> Desperados III (status=exact, score=100)
[2026-09-08T18:24:32.636+0000] {matching.py:235} INFO - [24740] Burnout Paradise: The Ultimate Box -> Burnout Paradise: The Ultimate Box (status=exact, score=100)
[2026-09-08T18:24:32.636+0000] {matching.py:235} INFO - [1512530] 极限求生 -> 极限求生 (status=exact, score=100)
[2026-09-08T18:24:32.637+0000] {matching.py:235} INFO - [16450] F.E.A.R. 2: Project Origin -> F.E.A.R. 2: Project Origin (status=exact, score=100)
[2026-09-08T18:24:32.637+0000] {matching.py:235} INFO - [24720] SPORE Galactic Adventures -> SPORE Galactic Adventures (status=exact, score=100)
[2026-09-08T18:24:32.637+0000] {matching.py:235} INFO - [211160] Viking: Battle for Asgard -> Viking: Battle for Asgard (status=exact, score=100)
[2026-09-08T18:24:32.638+0000] {matching.py:235} INFO - [17500] Zombie Panic! Source -> Zombie Panic! Source (status=exact, score=100)
[2026-09-08T18:24:32.638+0000] {matching.py:235} INFO - [21000] LEGO Batman: The Videogame -> The LEGO Movie - Videogame (status=review, score=73)
[2026-09-08T18:24:32.639+0000] {matching.py:235} INFO - [537800] Bomber Crew -> Bomber Crew (status=exact, score=100)
[2026-09-08T18:24:32.639+0000] {matching.py:235} INFO - [546050] Puyo PuyoTetris -> Puyo Puyo Tetris (status=high_confidence, score=97)
[2026-09-08T18:24:32.639+0000] {matching.py:235} INFO - [115800] Owlboy -> Owlboy (status=exact, score=100)
[2026-09-08T18:24:32.640+0000] {matching.py:235} INFO - [7510] X-Blades -> X-Blades (status=exact, score=100)
[2026-09-08T18:24:32.640+0000] {matching.py:235} INFO - [58610] Wargame: European Escalation -> Wargame: European Escalation (status=exact, score=100)
[2026-09-08T18:24:32.641+0000] {matching.py:235} INFO - [564710] Soda Dungeon -> Soda Dungeon (status=exact, score=100)
[2026-09-08T18:24:32.641+0000] {matching.py:235} INFO - [405310] LEGO MARVEL's Avengers -> LEGO Marvel's Avengers (status=exact, score=100)
[2026-09-08T18:24:32.641+0000] {matching.py:235} INFO - [716350] Reign of Guilds -> Reign of Guilds (status=exact, score=100)
[2026-09-08T18:24:32.642+0000] {matching.py:235} INFO - [268850] EVGA Precision X1 -> EVGA Precision XOC (status=high_confidence, score=91)
[2026-09-08T18:24:32.642+0000] {matching.py:235} INFO - [641320] Cooking Simulator -> Cooking Simulator (status=exact, score=100)
[2026-09-08T18:24:32.642+0000] {matching.py:235} INFO - [107300] Breath of Death VII -> Breath of Death VII (status=exact, score=100)
[2026-09-08T18:24:32.643+0000] {matching.py:235} INFO - [1647160] Deepest Sword -> Deepest Sword (status=exact, score=100)
[2026-09-08T18:24:32.643+0000] {matching.py:235} INFO - [1102190] Monster Train -> Monster Train (status=exact, score=100)
[2026-09-08T18:24:32.644+0000] {matching.py:235} INFO - [895400] Deadside -> Deadside (status=exact, score=100)
[2026-09-08T18:24:32.644+0000] {matching.py:235} INFO - [506610] Five Nights at Freddy's: Sister Location -> Five Nights at Freddy's: Sister Location (status=exact, score=100)
[2026-09-08T18:24:32.644+0000] {matching.py:235} INFO - [218640] Lucius -> Lucius (status=exact, score=100)
[2026-09-08T18:24:32.645+0000] {matching.py:235} INFO - [99300] Renegade Ops -> Renegade Ops (status=exact, score=100)
[2026-09-08T18:24:32.645+0000] {matching.py:235} INFO - [332570] Amazing Frog? -> Amazing Frog? (status=exact, score=100)
[2026-09-08T18:24:32.646+0000] {matching.py:235} INFO - [255520] Viscera Cleanup Detail: Shadow Warrior -> Viscera Cleanup Detail: Shadow Warrior (status=exact, score=100)
[2026-09-08T18:24:32.646+0000] {matching.py:235} INFO - [384300] CPUCores :: Maximize Your FPS -> CPUCores :: Maximize Your FPS (status=exact, score=100)
[2026-09-08T18:24:32.646+0000] {matching.py:235} INFO - [22100] Mount & Blade -> Mount & Blade (status=exact, score=100)
[2026-09-08T18:24:32.647+0000] {matching.py:235} INFO - [225420] Cities in Motion 2 -> Cities in Motion 2 (status=exact, score=100)
[2026-09-08T18:24:32.648+0000] {matching.py:235} INFO - [221680] Rocksmith 2014 Edition REMASTERED LEARN & PLAY -> Rocksmith 2014 Edition - Remastered (status=high_confidence, score=86)
[2026-09-08T18:24:32.648+0000] {matching.py:235} INFO - [694280] Zombie Army 4: Dead War -> Zombie Army 4: Dead War (status=exact, score=100)
[2026-09-08T18:24:32.648+0000] {matching.py:235} INFO - [396750] EVERSPACE -> EVERSPACE (status=exact, score=100)
[2026-09-08T18:24:32.649+0000] {matching.py:235} INFO - [493540] Figment -> Figment (status=exact, score=100)
[2026-09-08T18:24:32.649+0000] {matching.py:235} INFO - [320240] We Happy Few -> We Happy Few (status=exact, score=100)
[2026-09-08T18:24:32.649+0000] {matching.py:235} INFO - [551170] Onmyoji -> Onmyoji (status=exact, score=100)
[2026-09-08T18:24:32.650+0000] {matching.py:235} INFO - [1911390] Knightfall: A Daring Journey -> Knightfall: A Daring Journey (status=exact, score=100)
[2026-09-08T18:24:32.650+0000] {matching.py:235} INFO - [503820] A Detective's Novel -> A Detective's Novel (status=exact, score=100)
[2026-09-08T18:24:32.651+0000] {matching.py:235} INFO - [1372280] MELTY BLOOD: TYPE LUMINA -> MELTY BLOOD: TYPE LUMINA (status=exact, score=100)
[2026-09-08T18:24:32.651+0000] {matching.py:235} INFO - [412830] STEINS;GATE -> STEINS;GATE (status=exact, score=100)
[2026-09-08T18:24:32.652+0000] {matching.py:235} INFO - [71340] Sonic Generations Collection -> Sonic Generations (status=high_confidence, score=76)
[2026-09-08T18:24:32.652+0000] {matching.py:235} INFO - [402570] Atlas Reactor -> Atlas Reactor (status=exact, score=100)
[2026-09-08T18:24:32.652+0000] {matching.py:235} INFO - [248390] Craft The World -> Craft The World (status=exact, score=100)
[2026-09-08T18:24:32.653+0000] {matching.py:235} INFO - [905640] Combat Arms: Reloaded -> Combat Arms: Reloaded (status=exact, score=100)
[2026-09-08T18:24:32.653+0000] {matching.py:235} INFO - [239070] Hammerwatch -> Hammerwatch (status=exact, score=100)
[2026-09-08T18:24:32.653+0000] {matching.py:235} INFO - [1139980] Travellers Rest -> Travellers Rest (status=exact, score=100)
[2026-09-08T18:24:32.654+0000] {matching.py:235} INFO - [2239150] Thronefall -> Thronefall (status=exact, score=100)
[2026-09-08T18:24:32.654+0000] {matching.py:235} INFO - [1241510] The Test -> The Test (status=exact, score=100)
[2026-09-08T18:24:32.655+0000] {matching.py:235} INFO - [1340020] Aster Fpv Drone Simulator -> Aster Fpv Drone Simulator (status=exact, score=100)
[2026-09-08T18:24:32.655+0000] {matching.py:235} INFO - [300550] Shadowrun: Dragonfall - Director's Cut -> Shadowrun: Dragonfall - Director's Cut (status=exact, score=100)
[2026-09-08T18:24:32.656+0000] {matching.py:235} INFO - [204030] Fable - The Lost Chapters -> Fable: The Lost Chapters (status=exact, score=100)
[2026-09-08T18:24:32.656+0000] {matching.py:235} INFO - [329000] Data Hacker: Corruption -> Data Hacker: Corruption (status=exact, score=100)
[2026-09-08T18:24:32.657+0000] {matching.py:235} INFO - [605740] Flashing Lights - Police, Firefighting, Emergency Services (EMS) Simulator -> Flashing Lights - Police Fire EMS (status=unmatched, score=63)
[2026-09-08T18:24:32.657+0000] {matching.py:235} INFO - [2027330] GoreBox -> GoreBox (status=exact, score=100)
[2026-09-08T18:24:32.658+0000] {matching.py:235} INFO - [1715130] Crysis Remastered -> Crysis Remastered (status=exact, score=100)
[2026-09-08T18:24:32.658+0000] {matching.py:235} INFO - [1649240] Returnal -> Returnal (status=exact, score=100)
[2026-09-08T18:24:32.659+0000] {matching.py:235} INFO - [866800] The Walking Dead: The Final Season -> The Walking Dead: The Final Season (status=exact, score=100)
[2026-09-08T18:24:32.659+0000] {matching.py:235} INFO - [247020] Cook, Serve, Delicious! -> Cook, Serve, Delicious! (status=exact, score=100)
[2026-09-08T18:24:32.660+0000] {matching.py:235} INFO - [295550] Royal Quest -> Royal Quest (status=exact, score=100)
[2026-09-08T18:24:32.660+0000] {matching.py:235} INFO - [285920] TerraTech -> TerraTech (status=exact, score=100)
[2026-09-08T18:24:32.660+0000] {matching.py:235} INFO - [268750] Magicite -> Magicite (status=exact, score=100)
[2026-09-08T18:24:32.661+0000] {matching.py:235} INFO - [1171690] Wayfinder -> Wayfinder (status=exact, score=100)
[2026-09-08T18:24:32.661+0000] {matching.py:235} INFO - [12150] Max Payne 2: The Fall of Max Payne -> Max Payne 2: The Fall of Max Payne (status=exact, score=100)
[2026-09-08T18:24:32.662+0000] {matching.py:235} INFO - [402180] Sakura Swim Club -> Sakura Swim Club (status=exact, score=100)
[2026-09-08T18:24:32.662+0000] {matching.py:235} INFO - [1475380] TheDawn -> TheDawn (status=exact, score=100)
[2026-09-08T18:24:32.662+0000] {matching.py:235} INFO - [242550] Rayman Legends -> Rayman Legends (status=exact, score=100)
[2026-09-08T18:24:32.663+0000] {matching.py:235} INFO - [300080] Total War Battles: KINGDOM -> Total War Battles: KINGDOM (status=exact, score=100)
[2026-09-08T18:24:32.664+0000] {matching.py:235} INFO - [321960] Might & Magic Heroes VII -> Might & Magic Heroes VII (status=exact, score=100)
[2026-09-08T18:24:32.664+0000] {matching.py:235} INFO - [578330] LEGO City Undercover -> Lego City Undercover (status=exact, score=100)
[2026-09-08T18:24:32.664+0000] {matching.py:235} INFO - [1522870] Supraland Six Inches Under -> Supraland Six Inches Under (status=exact, score=100)
[2026-09-08T18:24:32.665+0000] {matching.py:235} INFO - [421020] DiRT 4 -> DiRT 4 (status=exact, score=100)
[2026-09-08T18:24:32.665+0000] {matching.py:235} INFO - [222730] Reus -> Reus (status=exact, score=100)
[2026-09-08T18:24:32.665+0000] {matching.py:235} INFO - [1061090] Jump King -> Jump King (status=exact, score=100)
[2026-09-08T18:24:32.666+0000] {matching.py:235} INFO - [589290] Holdfast: Nations At War -> Holdfast: Nations At War (status=exact, score=100)
[2026-09-08T18:24:32.666+0000] {matching.py:235} INFO - [433350] BlackShot: Mercenary Warfare FPS -> BlackShot: Mercenary Warfare FPS (status=exact, score=100)
[2026-09-08T18:24:32.667+0000] {matching.py:235} INFO - [445220] Avorion -> Avorion (status=exact, score=100)
[2026-09-08T18:24:32.667+0000] {matching.py:235} INFO - [921570] OCTOPATH TRAVELER -> Octopath Traveler (status=exact, score=100)
[2026-09-08T18:24:32.668+0000] {matching.py:235} INFO - [531640] Eternal Card Game -> Eternal Card Game (status=exact, score=100)
[2026-09-08T18:24:32.668+0000] {matching.py:235} INFO - [2163330] Yet Another Zombie Survivors -> Yet Another Zombie Survivors (status=exact, score=100)
[2026-09-08T18:24:32.668+0000] {matching.py:235} INFO - [449960] Book of Demons -> Book of Demons (status=exact, score=100)
[2026-09-08T18:24:32.669+0000] {matching.py:235} INFO - [544330] Snake Pass -> Snake Pass (status=exact, score=100)
[2026-09-08T18:24:32.669+0000] {matching.py:235} INFO - [2369390] Far Cry 6 -> Far Cry 6 (status=exact, score=100)
[2026-09-08T18:24:32.670+0000] {matching.py:235} INFO - [679900] Swords & Souls: Neverseen -> Swords & Souls: Neverseen (status=exact, score=100)
[2026-09-08T18:24:32.670+0000] {matching.py:235} INFO - [1213740] She Will Punish Them -> She Will Punish Them (status=exact, score=100)
[2026-09-08T18:24:32.670+0000] {matching.py:235} INFO - [653530] Return of the Obra Dinn -> Return Of The Obra Dinn (status=exact, score=100)
[2026-09-08T18:24:32.671+0000] {matching.py:235} INFO - [672680] Call of War: World War 2 -> Call of Duty: World at War (status=review, score=75)
[2026-09-08T18:24:32.671+0000] {matching.py:235} INFO - [1316680] VLADiK BRUTAL -> Vladik Brutal (status=exact, score=100)
[2026-09-08T18:24:32.671+0000] {matching.py:235} INFO - [234670] NARUTO SHIPPUDEN: Ultimate Ninja STORM 3 Full Burst HD -> NARUTO SHIPPUDEN: Ultimate Ninja STORM 3 Full Burst (status=high_confidence, score=97)
[2026-09-08T18:24:32.672+0000] {matching.py:235} INFO - [589360] Ni no Kuni II: Revenant Kingdom -> Ni no Kuni II: Revenant Kingdom (status=exact, score=100)
[2026-09-08T18:24:32.672+0000] {matching.py:235} INFO - [1225570] Unravel Two -> Unravel Two (status=exact, score=100)
[2026-09-08T18:24:32.673+0000] {matching.py:235} INFO - [719040] Wasteland 3 -> Wasteland 3 (status=exact, score=100)
[2026-09-08T18:24:32.673+0000] {matching.py:235} INFO - [485490] Dungeon Journey -> Dungeon Journey (status=exact, score=100)
[2026-09-08T18:24:32.673+0000] {matching.py:235} INFO - [1063660] Bendy and the Dark Revival -> Bendy and the Dark Revival (status=exact, score=100)
[2026-09-08T18:24:32.674+0000] {matching.py:235} INFO - [2181930] DR LIVESEY ROM AND DEATH EDITION -> DR LIVESEY ROM AND DEATH EDITION (status=exact, score=100)
[2026-09-08T18:24:32.674+0000] {matching.py:235} INFO - [266430] Anarchy Arcade -> Anarchy Arcade (status=exact, score=100)
[2026-09-08T18:24:32.674+0000] {matching.py:235} INFO - [667970] VTOL VR -> VTOL VR (status=exact, score=100)
[2026-09-08T18:24:32.675+0000] {matching.py:235} INFO - [946050] Soda Dungeon 2 -> Soda Dungeon 2 (status=exact, score=100)
[2026-09-08T18:24:32.675+0000] {matching.py:235} INFO - [223100] Homefront: The Revolution -> Homefront: The Revolution (status=exact, score=100)
[2026-09-08T18:24:32.676+0000] {matching.py:235} INFO - [250760] Shovel Knight: Treasure Trove -> Shovel Knight: Treasure Trove (status=exact, score=100)
[2026-09-08T18:24:32.676+0000] {matching.py:235} INFO - [252410] SteamWorld Dig -> SteamWorld Dig (status=exact, score=100)
[2026-09-08T18:24:32.676+0000] {matching.py:235} INFO - [292120] FINAL FANTASY XIII -> FINAL FANTASY XIII (status=exact, score=100)
[2026-09-08T18:24:32.677+0000] {matching.py:235} INFO - [1521580] Perfect Heist 2 -> Perfect Heist 2 (status=exact, score=100)
[2026-09-08T18:24:32.677+0000] {matching.py:235} INFO - [393080] Call of Duty: Modern Warfare Remastered (2017) -> Call of Duty: Modern Warfare Remastered (status=high_confidence, score=94)
[2026-09-08T18:24:32.678+0000] {matching.py:235} INFO - [289950] Construction Simulator 2015 -> Construction Simulator 2015 (status=exact, score=100)
[2026-09-08T18:24:32.678+0000] {matching.py:235} INFO - [1777760] Soccer Manager 2022 -> Soccer Manager 2022 (status=exact, score=100)
[2026-09-08T18:24:32.678+0000] {matching.py:235} INFO - [6900] Hitman: Codename 47 -> Hitman: Codename 47 (status=exact, score=100)
[2026-09-08T18:24:32.679+0000] {matching.py:235} INFO - [39200] Dungeon Siege II -> Dungeon Siege (status=high_confidence, score=90)
[2026-09-08T18:24:32.679+0000] {matching.py:235} INFO - [654990] Dude Simulator -> Dude Simulator (status=exact, score=100)
[2026-09-08T18:24:32.680+0000] {matching.py:235} INFO - [1068820] OVR Toolkit - Desktop Overlay -> Virtual Aquarium - Overlay Desktop Game (status=unmatched, score=62)
[2026-09-08T18:24:32.680+0000] {matching.py:235} INFO - [987840] Expeditions: Rome -> Expeditions: Rome (status=exact, score=100)
[2026-09-08T18:24:32.680+0000] {matching.py:235} INFO - [894020] Death's Door -> Death's Door (status=exact, score=100)
[2026-09-08T18:24:32.681+0000] {matching.py:235} INFO - [515180] Bus Simulator 18 -> Bus Simulator 18 (status=exact, score=100)
[2026-09-08T18:24:32.681+0000] {matching.py:235} INFO - [457550] Bigscreen Beta -> Bigscreen Beta (status=exact, score=100)
[2026-09-08T18:24:32.681+0000] {matching.py:235} INFO - [332310] LEGO Worlds -> LEGO Worlds (status=exact, score=100)
[2026-09-08T18:24:32.682+0000] {matching.py:235} INFO - [991780] Notes of Soul -> Elements: Soul of Fire (status=unmatched, score=65)
[2026-09-08T18:24:32.682+0000] {matching.py:235} INFO - [397060] Faeria -> Faeria (status=exact, score=100)
[2026-09-08T18:24:32.682+0000] {matching.py:235} INFO - [1444740] Maniac Path -> Maniac Path (status=exact, score=100)
[2026-09-08T18:24:32.683+0000] {matching.py:235} INFO - [780290] Gloomhaven -> Gloomhaven (status=exact, score=100)
[2026-09-08T18:24:32.683+0000] {matching.py:235} INFO - [31270] Puzzle Agent -> Puzzle Agent (status=exact, score=100)
[2026-09-08T18:24:32.683+0000] {matching.py:235} INFO - [1092660] Blair Witch -> Blair Witch (status=exact, score=100)
[2026-09-08T18:24:32.684+0000] {matching.py:235} INFO - [1656780] Hero's Hour -> Hero's Hour (status=exact, score=100)
[2026-09-08T18:24:32.684+0000] {matching.py:235} INFO - [1016800] Chernobylite Complete Edition -> Nioh: Complete Edition (status=unmatched, score=64)
[2026-09-08T18:24:32.684+0000] {matching.py:235} INFO - [1040230] Curious Expedition 2 -> Curious Expedition 2 (status=exact, score=100)
[2026-09-08T18:24:32.685+0000] {matching.py:235} INFO - [64000] Men of War: Assault Squad -> Men of War: Assault Squad (status=exact, score=100)
[2026-09-08T18:24:32.685+0000] {matching.py:235} INFO - [916840] The Walking Dead: Saints & Sinners -> The Walking Dead: Saints & Sinners (status=exact, score=100)
[2026-09-08T18:24:32.685+0000] {matching.py:235} INFO - [1088090] Day of Dragons -> Day of Dragons (status=exact, score=100)
[2026-09-08T18:24:32.686+0000] {matching.py:235} INFO - [1200] Red Orchestra: Ostfront 41-45 -> Red Orchestra: Ostfront 41-45 (status=exact, score=100)
[2026-09-08T18:24:32.686+0000] {matching.py:235} INFO - [9880] Champions Online -> Champions Online (status=exact, score=100)
[2026-09-08T18:24:32.686+0000] {matching.py:235} INFO - [819190] Undead Citadel -> Undead Citadel (status=exact, score=100)
[2026-09-08T18:24:32.687+0000] {matching.py:235} INFO - [1238040] Dragon Age II: Ultimate Edition -> Dragon Age: Origins - Ultimate Edition (status=high_confidence, score=92)
[2026-09-08T18:24:32.687+0000] {matching.py:235} INFO - [1029780] Going Medieval -> Going Medieval (status=exact, score=100)
[2026-09-08T18:24:32.688+0000] {matching.py:235} INFO - [1817230] Hi-Fi RUSH -> Hi-Fi Rush (status=exact, score=100)
[2026-09-08T18:24:32.688+0000] {matching.py:235} INFO - [807120] Iratus: Lord of the Dead -> Iratus: Lord of the Dead (status=exact, score=100)
[2026-09-08T18:24:32.689+0000] {matching.py:235} INFO - [521890] Hello Neighbor -> Hello Neighbor (status=exact, score=100)
[2026-09-08T18:24:32.689+0000] {matching.py:235} INFO - [732370] Juicy Realm -> Juicy Realm (status=exact, score=100)
[2026-09-08T18:24:32.690+0000] {matching.py:235} INFO - [1149620] Gas Station Simulator -> Gas Station Simulator (status=exact, score=100)
[2026-09-08T18:24:32.690+0000] {matching.py:235} INFO - [831450] Kolb Antarctica Experience -> Kolb Antarctica Experience (status=exact, score=100)
[2026-09-08T18:24:32.691+0000] {matching.py:235} INFO - [2231380] Tom Clancy's Ghost Recon Breakpoint -> Tom Clancy's Ghost Recon Breakpoint (status=exact, score=100)
[2026-09-08T18:24:32.691+0000] {matching.py:235} INFO - [2066020] Soulstone Survivors -> Soulstone Survivors (status=exact, score=100)
[2026-09-08T18:24:32.692+0000] {matching.py:235} INFO - [774181] Rhythm Doctor -> Rhythm Doctor (status=exact, score=100)
[2026-09-08T18:24:32.692+0000] {matching.py:235} INFO - [513000] KUBOOM -> KUBOOM (status=exact, score=100)
[2026-09-08T18:24:32.692+0000] {matching.py:235} INFO - [385770] Time Clickers -> Time Clickers (status=exact, score=100)
[2026-09-08T18:24:32.693+0000] {matching.py:235} INFO - [404730] Wasteland 2: Director's Cut -> Wasteland 2: Director's Cut (status=exact, score=100)
[2026-09-08T18:24:32.693+0000] {matching.py:235} INFO - [973760] Thronebreaker: The Witcher Tales -> Thronebreaker: The Witcher Tales (status=exact, score=100)
[2026-09-08T18:24:32.694+0000] {matching.py:235} INFO - [1771980] The Operator -> The Operator (status=exact, score=100)
[2026-09-08T18:24:32.694+0000] {matching.py:235} INFO - [46510] Syberia II -> Syberia 2 (status=review, score=84)
[2026-09-08T18:24:32.694+0000] {matching.py:235} INFO - [1088850] Marvel's Guardians of the Galaxy -> Marvel's Guardians of the Galaxy (status=exact, score=100)
[2026-09-08T18:24:32.695+0000] {matching.py:235} INFO - [795100] Friday the 13th: Killer Puzzle -> Friday the 13th: Killer Puzzle (status=exact, score=100)
[2026-09-08T18:24:32.695+0000] {matching.py:235} INFO - [1147660] ArcheAge: Unchained -> ArcheAge: Unchained (status=exact, score=100)
[2026-09-08T18:24:32.695+0000] {matching.py:235} INFO - [973580] Sniper Ghost Warrior Contracts -> Sniper Ghost Warrior Contracts (status=exact, score=100)
[2026-09-08T18:24:32.696+0000] {matching.py:235} INFO - [1238060] Dead Space 3 -> Dead Space 3 (status=exact, score=100)
[2026-09-08T18:24:32.696+0000] {matching.py:235} INFO - [351640] Eternal Senia -> Eternal Senia (status=exact, score=100)
[2026-09-08T18:24:32.697+0000] {matching.py:235} INFO - [451340] Gold Mining Simulator -> Gold Mining Simulator (status=exact, score=100)
[2026-09-08T18:24:32.697+0000] {matching.py:235} INFO - [629820] Maneater -> Maneater (status=exact, score=100)
[2026-09-08T18:24:32.697+0000] {matching.py:235} INFO - [298630] The Escapists -> The Escapists (status=exact, score=100)
[2026-09-08T18:24:32.698+0000] {matching.py:235} INFO - [591740] Sniper Fury -> Sniper Fury (status=exact, score=100)
[2026-09-08T18:24:32.698+0000] {matching.py:235} INFO - [700600] Evil Genius 2: World Domination -> Evil Genius 2 World Domination (status=exact, score=100)
[2026-09-08T18:24:32.699+0000] {matching.py:235} INFO - [312280] Simply Chess -> Simply Chess (status=exact, score=100)
[2026-09-08T18:24:32.699+0000] {matching.py:235} INFO - [354140] Five Nights at Freddy's 3 -> Five Nights at Freddy's 3 (status=exact, score=100)
[2026-09-08T18:24:32.700+0000] {matching.py:235} INFO - [936790] Life is Strange: True Colors -> Life is Strange: True Colors (status=exact, score=100)
[2026-09-08T18:24:32.700+0000] {matching.py:235} INFO - [501590] Bulletstorm: Full Clip Edition -> Bulletstorm: Full Clip Edition (status=exact, score=100)
[2026-09-08T18:24:32.700+0000] {matching.py:235} INFO - [16810] Sid Meier's Civilization IV: Colonization -> Sid Meier's Civilization IV: Colonization (status=exact, score=100)
[2026-09-08T18:24:32.701+0000] {matching.py:235} INFO - [1282690] Crysis 3 -> Crysis 3 (status=exact, score=100)
[2026-09-08T18:24:32.701+0000] {matching.py:235} INFO - [217920] Alien Rage - Unlimited -> Alien Rage - Unlimited (status=exact, score=100)
[2026-09-08T18:24:32.701+0000] {matching.py:235} INFO - [365300] Transmissions: Element 120 -> Transmissions: Element 120 (status=exact, score=100)
[2026-09-08T18:24:32.702+0000] {matching.py:235} INFO - [428690] Youtubers Life -> Youtubers Life (status=exact, score=100)
[2026-09-08T18:24:32.702+0000] {matching.py:235} INFO - [2532550] LIZARDS MUST DIE -> LIZARDS MUST DIE (status=exact, score=100)
[2026-09-08T18:24:32.703+0000] {matching.py:235} INFO - [1504980] It Takes Two Friend's Pass -> It Takes Two Friend's Pass (status=exact, score=100)
[2026-09-08T18:24:32.703+0000] {matching.py:235} INFO - [266510] Hand of Fate -> Hand of Fate (status=exact, score=100)
[2026-09-08T18:24:32.703+0000] {matching.py:235} INFO - [673880] Warhammer 40,000: Mechanicus -> Warhammer 40,000: Mechanicus (status=exact, score=100)
[2026-09-08T18:24:32.704+0000] {matching.py:235} INFO - [2124490] SILENT HILL 2 -> Silent Hill 2 (status=exact, score=100)
[2026-09-08T18:24:32.704+0000] {matching.py:235} INFO - [573100] Battlefleet Gothic: Armada 2 -> Battlefleet Gothic: Armada 2 (status=exact, score=100)
[2026-09-08T18:24:32.704+0000] {matching.py:235} INFO - [528230] SYNTHETIK: Legion Rising -> SYNTHETIK: Legion Rising (status=exact, score=100)
[2026-09-08T18:24:32.705+0000] {matching.py:235} INFO - [91200] Anomaly: Warzone Earth -> Anomaly: Warzone Earth (status=exact, score=100)
[2026-09-08T18:24:32.705+0000] {matching.py:235} INFO - [20540] Company of Heroes: Tales of Valor -> Company of Heroes: Tales of Valor (status=exact, score=100)
[2026-09-08T18:24:32.705+0000] {matching.py:235} INFO - [529920] Resurgence -> Resurgence (status=exact, score=100)
[2026-09-08T18:24:32.706+0000] {matching.py:235} INFO - [204060] Superbrothers: Sword & Sworcery EP -> Superbrothers: Sword & Sworcery (status=high_confidence, score=95)
[2026-09-08T18:24:32.706+0000] {matching.py:235} INFO - [307110] We Need To Go Deeper -> We Need to Go Deeper (status=exact, score=100)
[2026-09-08T18:24:32.707+0000] {matching.py:235} INFO - [320300] Car Mechanic Simulator 2015 -> Car Mechanic Simulator 2015 (status=exact, score=100)
[2026-09-08T18:24:32.707+0000] {matching.py:235} INFO - [368340] CrossCode -> CrossCode (status=exact, score=100)
[2026-09-08T18:24:32.707+0000] {matching.py:235} INFO - [351970] Tales of Zestiria -> Tales of Zestiria (status=exact, score=100)
[2026-09-08T18:24:32.708+0000] {matching.py:235} INFO - [1105510] Yakuza 5 Remastered -> Yakuza 5 Remastered (status=exact, score=100)
[2026-09-08T18:24:32.708+0000] {matching.py:235} INFO - [17740] Empires Mod -> Empires Mod (status=exact, score=100)
[2026-09-08T18:24:32.709+0000] {matching.py:235} INFO - [567680] The Pasture -> The Pasture (status=exact, score=100)
[2026-09-08T18:24:32.709+0000] {matching.py:235} INFO - [1189630] Path Of Wuxia -> Path Of Wuxia (status=exact, score=100)
[2026-09-08T18:24:32.709+0000] {matching.py:235} INFO - [442120] Pinball FX3 -> Pinball FX3 (status=exact, score=100)
[2026-09-08T18:24:32.710+0000] {matching.py:235} INFO - [2384580] DYNASTY WARRIORS: ORIGINS -> Dynasty Warriors: Origins (status=exact, score=100)
[2026-09-08T18:24:32.710+0000] {matching.py:235} INFO - [330830] Tales from the Borderlands -> Tales from the Borderlands - Episode One: Zer0 Sum (status=high_confidence, score=71)
[2026-09-08T18:24:32.710+0000] {matching.py:235} INFO - [2218750] Halls of Torment -> Halls Of Torment (status=exact, score=100)
[2026-09-08T18:24:32.711+0000] {matching.py:235} INFO - [29900] Dark Sector -> Dark Sector (status=exact, score=100)
[2026-09-08T18:24:32.711+0000] {matching.py:235} INFO - [1343240] Thymesia -> Thymesia (status=exact, score=100)
[2026-09-08T18:24:32.711+0000] {matching.py:235} INFO - [658850] Do Not Feed the Monkeys -> Do Not Feed the Monkeys (status=exact, score=100)
[2026-09-08T18:24:32.712+0000] {matching.py:235} INFO - [1934680] Age of Mythology: Retold -> Age of Mythology: Retold (status=exact, score=100)
[2026-09-08T18:24:32.712+0000] {matching.py:235} INFO - [1859910] Legend of Mortal -> Legend of Mortal (status=exact, score=100)
[2026-09-08T18:24:32.712+0000] {matching.py:235} INFO - [865360] We Were Here Together -> We Were Here Together (status=exact, score=100)
[2026-09-08T18:24:32.713+0000] {matching.py:235} INFO - [1170950] Mortal Online 2 -> Mortal Online 2 (status=exact, score=100)
[2026-09-08T18:24:32.713+0000] {matching.py:235} INFO - [405640] Pony Island -> Pony Island (status=exact, score=100)
[2026-09-08T18:24:32.714+0000] {matching.py:235} INFO - [215790] Dream Pinball 3D -> Dream Pinball 3D (status=exact, score=100)
[2026-09-08T18:24:32.714+0000] {matching.py:235} INFO - [1278480] Smart Game Booster -> Smart Girl's Party Game (status=unmatched, score=50)
[2026-09-08T18:24:32.714+0000] {matching.py:235} INFO - [345180] Victor Vran ARPG -> Victor Vran (status=high_confidence, score=81)
[2026-09-08T18:24:32.715+0000] {matching.py:235} INFO - [611660] Fallout 4 VR -> Fallout 4 VR (status=exact, score=100)
[2026-09-08T18:24:32.715+0000] {matching.py:235} INFO - [274900] Murder Miners -> Murder Miners (status=exact, score=100)
[2026-09-08T18:24:32.715+0000] {matching.py:235} INFO - [874390] The Battle of Polytopia -> The Battle of Polytopia (status=exact, score=100)
[2026-09-08T18:24:32.716+0000] {matching.py:235} INFO - [360830] Yooka-Laylee -> Yooka-Laylee (status=exact, score=100)
[2026-09-08T18:24:32.716+0000] {matching.py:235} INFO - [851100] Touhou Luna Nights -> Touhou Luna Nights (status=exact, score=100)
[2026-09-08T18:24:32.717+0000] {matching.py:235} INFO - [1173770] FINAL FANTASY -> FINAL FANTASY (status=exact, score=100)
[2026-09-08T18:24:32.717+0000] {matching.py:235} INFO - [249650] Blackguards -> Blackguards (status=exact, score=100)
[2026-09-08T18:24:32.718+0000] {matching.py:235} INFO - [834530] Yakuza Kiwami -> Yakuza Kiwami (status=exact, score=100)
[2026-09-08T18:24:32.718+0000] {matching.py:235} INFO - [557180] League of Maidens -> League of Maidens (status=exact, score=100)
[2026-09-08T18:24:32.719+0000] {matching.py:235} INFO - [6030] STAR WARS Jedi Knight II - Jedi Outcast -> Star Wars Jedi Knight II: Jedi Outcast (status=exact, score=100)
[2026-09-08T18:24:32.719+0000] {matching.py:235} INFO - [288160] The Room -> The Room (status=exact, score=100)
[2026-09-08T18:24:32.720+0000] {matching.py:235} INFO - [1113560] NieR Replicant ver.1.22474487139... -> NieR Replicant v1.22474487139... (status=high_confidence, score=97)
[2026-09-08T18:24:32.720+0000] {matching.py:235} INFO - [2378900] The Coffin of Andy and Leyley -> The Coffin of Andy and Leyley (status=exact, score=100)
[2026-09-08T18:24:32.720+0000] {matching.py:235} INFO - [32360] The Secret of Monkey Island: Special Edition -> The Secret of Monkey Island: Special Edition (status=exact, score=100)
[2026-09-08T18:24:32.721+0000] {matching.py:235} INFO - [2114740] Blasphemous 2 -> Blasphemous (status=high_confidence, score=92)
[2026-09-08T18:24:32.721+0000] {matching.py:235} INFO - [3017860] DOOM: The Dark Ages -> Doom: The Dark Ages (status=exact, score=100)
[2026-09-08T18:24:32.722+0000] {matching.py:235} INFO - [1275350] Ninja Kiwi Archive -> Ninja Kiwi Archive (status=exact, score=100)
[2026-09-08T18:24:32.722+0000] {matching.py:235} INFO - [385760] NBA 2K17 -> NBA 2K17 (status=exact, score=100)
[2026-09-08T18:24:32.723+0000] {matching.py:235} INFO - [2058190] Lost Judgment -> Lost Judgment (status=exact, score=100)
[2026-09-08T18:24:32.723+0000] {matching.py:235} INFO - [6980] Thief: Deadly Shadows -> Thief 3: Deadly Shadows (status=high_confidence, score=95)
[2026-09-08T18:24:32.724+0000] {matching.py:235} INFO - [360940] The Mean Greens - Plastic Warfare -> The Mean Greens - Plastic Warfare (status=exact, score=100)
[2026-09-08T18:24:32.725+0000] {matching.py:235} INFO - [503940] Railway Empire -> Railway Empire (status=exact, score=100)
[2026-09-08T18:24:32.725+0000] {matching.py:235} INFO - [424030] War of Rights -> War of Rights (status=exact, score=100)
[2026-09-08T18:24:32.725+0000] {matching.py:235} INFO - [1244090] Sea of Stars: Sunset Edition -> Sea of Stars (status=high_confidence, score=62)
[2026-09-08T18:24:32.726+0000] {matching.py:235} INFO - [1104640] New Frontier -> New Frontier (status=exact, score=100)
[2026-09-08T18:24:32.726+0000] {matching.py:235} INFO - [1458560] I'm on Observation Duty 3 -> I'm on Observation Duty 3 (status=exact, score=100)
[2026-09-08T18:24:32.727+0000] {matching.py:235} INFO - [539470] Police Stories -> Police Stories (status=exact, score=100)
[2026-09-08T18:24:32.727+0000] {matching.py:235} INFO - [252150] Grimm -> Grimm's Hollow (status=high_confidence, score=56)
[2026-09-08T18:24:32.728+0000] {matching.py:235} INFO - [22350] BRINK -> Brink (status=exact, score=100)
[2026-09-08T18:24:32.728+0000] {matching.py:235} INFO - [761620] Beholder 2 -> Beholder 2 (status=exact, score=100)
[2026-09-08T18:24:32.728+0000] {matching.py:235} INFO - [1128000] Cube World -> Cube World (status=exact, score=100)
[2026-09-08T18:24:32.729+0000] {matching.py:235} INFO - [1089130] Quake II RTX -> Quake II RTX (status=exact, score=100)
[2026-09-08T18:24:32.729+0000] {matching.py:235} INFO - [326360] Warspear Online -> Warspear Online (status=exact, score=100)
[2026-09-08T18:24:32.729+0000] {matching.py:235} INFO - [305260] Battle Islands -> Battle Islands (status=exact, score=100)
[2026-09-08T18:24:32.730+0000] {matching.py:235} INFO - [753650] Due Process -> Due Process (status=exact, score=100)
[2026-09-08T18:24:32.730+0000] {matching.py:235} INFO - [2849080] Kingdom Rush 5: Alliance TD -> Kingdom Rush 5: Alliance TD (status=exact, score=100)
[2026-09-08T18:24:32.731+0000] {matching.py:235} INFO - [939850] The Dark Pictures Anthology: Man of Medan -> The Dark Pictures Anthology: Man of Medan (status=exact, score=100)
[2026-09-08T18:24:32.731+0000] {matching.py:235} INFO - [550470] NosTale - Anime MMORPG -> SoulWorker - Anime Action MMO (status=unmatched, score=55)
[2026-09-08T18:24:32.731+0000] {matching.py:235} INFO - [343360] Particula -> Particula (status=exact, score=100)
[2026-09-08T18:24:32.732+0000] {matching.py:235} INFO - [2300] DOOM II -> DOOM II (status=exact, score=100)
[2026-09-08T18:24:32.732+0000] {matching.py:235} INFO - [397340] SimplePlanes -> SimplePlanes (status=exact, score=100)
[2026-09-08T18:24:32.732+0000] {matching.py:235} INFO - [255220] GRID Autosport -> GRID Autosport (status=exact, score=100)
[2026-09-08T18:24:32.733+0000] {matching.py:235} INFO - [774801] Crab Champions -> Crab Champions (status=exact, score=100)
[2026-09-08T18:24:32.733+0000] {matching.py:235} INFO - [464060] RUINER -> Ruiner (status=exact, score=100)
[2026-09-08T18:24:32.734+0000] {matching.py:235} INFO - [49600] Beat Hazard -> Beat Hazard (status=exact, score=100)
[2026-09-08T18:24:32.734+0000] {matching.py:235} INFO - [1158160] Coral Island -> Coral Island (status=exact, score=100)
[2026-09-08T18:24:32.735+0000] {matching.py:235} INFO - [728530] SD GUNDAM G GENERATION CROSS RAYS -> SD GUNDAM G GENERATION CROSS RAYS (status=exact, score=100)
[2026-09-08T18:24:32.735+0000] {matching.py:235} INFO - [2135150] Elin -> Elin (status=exact, score=100)
[2026-09-08T18:24:32.735+0000] {matching.py:235} INFO - [2142790] Fields of Mistria -> Fields Of Mistria (status=exact, score=100)
[2026-09-08T18:24:32.736+0000] {matching.py:235} INFO - [252870] PULSAR: Lost Colony -> PULSAR: Lost Colony (status=exact, score=100)
[2026-09-08T18:24:32.736+0000] {matching.py:235} INFO - [336390] System Shock 2 (1999) -> System Shock (1994) (status=high_confidence, score=89)
[2026-09-08T18:24:32.736+0000] {matching.py:235} INFO - [223830] Xenonauts -> Xenonauts (status=exact, score=100)
[2026-09-08T18:24:32.737+0000] {matching.py:235} INFO - [1843760] Rogue Tower -> Rogue Tower (status=exact, score=100)
[2026-09-08T18:24:32.737+0000] {matching.py:235} INFO - [360170] How to Survive 2 -> How to Survive 2 (status=exact, score=100)
[2026-09-08T18:24:32.738+0000] {matching.py:235} INFO - [644830] The Surge 2 -> The Surge 2 (status=exact, score=100)
[2026-09-08T18:24:32.738+0000] {matching.py:235} INFO - [248820] Risk of Rain (2013) -> Risk of Rain 2 (status=high_confidence, score=90)
[2026-09-08T18:24:32.738+0000] {matching.py:235} INFO - [1681430] RoboCop: Rogue City -> RoboCop: Rogue City (status=exact, score=100)
[2026-09-08T18:24:32.739+0000] {matching.py:235} INFO - [72200] Universe Sandbox Legacy -> Universe Sandbox (status=high_confidence, score=82)
[2026-09-08T18:24:32.739+0000] {matching.py:235} INFO - [97100] Section 8: Prejudice -> Section 8: Prejudice (status=exact, score=100)
[2026-09-08T18:24:32.740+0000] {matching.py:235} INFO - [1026680] FINAL FANTASY VIII - REMASTERED -> Final Fantasy VIII Remastered (status=exact, score=100)
[2026-09-08T18:24:32.740+0000] {matching.py:235} INFO - [462770] Pyre -> Pyre (status=exact, score=100)
[2026-09-08T18:24:32.741+0000] {matching.py:235} INFO - [681280] Descenders -> Descenders (status=exact, score=100)
[2026-09-08T18:24:32.741+0000] {matching.py:235} INFO - [774241] Warhammer: Chaosbane -> Warhammer: Chaosbane (status=exact, score=100)
[2026-09-08T18:24:32.742+0000] {matching.py:235} INFO - [95400] ibb & obb -> ibb & obb (status=exact, score=100)
[2026-09-08T18:24:32.742+0000] {matching.py:235} INFO - [276810] Mordheim: City of the Damned -> Mordheim: City of the Damned (status=exact, score=100)
[2026-09-08T18:24:32.743+0000] {matching.py:235} INFO - [548570] RAGE 2 -> Rage 2 (status=exact, score=100)
[2026-09-08T18:24:32.743+0000] {matching.py:235} INFO - [574820] Cat or Bread? -> Cat or Bread? (status=exact, score=100)
[2026-09-08T18:24:32.743+0000] {matching.py:235} INFO - [203630] Warlock - Master of the Arcane -> Warlock - Master of the Arcane (status=exact, score=100)
[2026-09-08T18:24:32.744+0000] {matching.py:235} INFO - [593600] PixARK -> PixARK (status=exact, score=100)
[2026-09-08T18:24:32.744+0000] {matching.py:235} INFO - [1510] Uplink -> Uplink (status=exact, score=100)
[2026-09-08T18:24:32.745+0000] {matching.py:235} INFO - [1041320] Lords Mobile -> Lords Mobile (status=exact, score=100)
[2026-09-08T18:24:32.745+0000] {matching.py:235} INFO - [1547000] Grand Theft Auto: San Andreas – The Definitive Edition -> Grand Theft Auto: San Andreas – The Definitive Edition (status=exact, score=100)
[2026-09-08T18:24:32.745+0000] {matching.py:235} INFO - [3700] Sniper Elite -> Sniper Elite (status=exact, score=100)
[2026-09-08T18:24:32.746+0000] {matching.py:235} INFO - [473690] Absolver -> Absolver (status=exact, score=100)
[2026-09-08T18:24:32.746+0000] {matching.py:235} INFO - [413420] Danganronpa 2: Goodbye Despair -> Danganronpa 2: Goodbye Despair (status=exact, score=100)
[2026-09-08T18:24:32.747+0000] {matching.py:235} INFO - [447530] VA-11 Hall-A: Cyberpunk Bartender Action -> VA-11 Hall-A: Cyberpunk Bartender Action (status=exact, score=100)
[2026-09-08T18:24:32.747+0000] {matching.py:235} INFO - [315430] Polarity -> Polarity (status=exact, score=100)
[2026-09-08T18:24:32.747+0000] {matching.py:235} INFO - [508170] BlackSmith HIT -> BlackSmith HIT (status=exact, score=100)
[2026-09-08T18:24:32.748+0000] {matching.py:235} INFO - [248610] Door Kickers -> Door Kickers (status=exact, score=100)
[2026-09-08T18:24:32.748+0000] {matching.py:235} INFO - [256290] Child of Light -> Child of Light (status=exact, score=100)
[2026-09-08T18:24:32.748+0000] {matching.py:235} INFO - [13250] Unreal Gold -> Unreal Gold (status=exact, score=100)
[2026-09-08T18:24:32.749+0000] {matching.py:235} INFO - [758190] Dragon Cliff -> Dragon Cliff 龙崖 (status=exact, score=100)
[2026-09-08T18:24:32.749+0000] {matching.py:235} INFO - [1195460] Last Year -> Last Year (status=exact, score=100)
[2026-09-08T18:24:32.749+0000] {matching.py:235} INFO - [252850] Streamline -> Streamline (status=exact, score=100)
[2026-09-08T18:24:32.750+0000] {matching.py:235} INFO - [2381590] Only Up -> Only Up (status=exact, score=100)
[2026-09-08T18:24:32.750+0000] {matching.py:235} INFO - [212390] Continent of the Ninth Seal -> Continent of the Ninth Seal (status=exact, score=100)
[2026-09-08T18:24:32.751+0000] {matching.py:235} INFO - [260230] Valiant Hearts: The Great War / Soldats Inconnus : Mémoires de la Grande Guerre -> Valiant Hearts: The Great War (status=high_confidence, score=55)
[2026-09-08T18:24:32.751+0000] {matching.py:235} INFO - [296470] Mount Your Friends -> Mount Your Friends (status=exact, score=100)
[2026-09-08T18:24:32.751+0000] {matching.py:235} INFO - [219830] King Arthur's Gold -> King Arthur's Gold (status=exact, score=100)
[2026-09-08T18:24:32.752+0000] {matching.py:235} INFO - [200210] Realm of the Mad God Exalt -> Realm of the Mad God (status=high_confidence, score=87)
[2026-09-08T18:24:32.752+0000] {matching.py:235} INFO - [824550] SD GUNDAM BATTLE ALLIANCE -> SD GUNDAM BATTLE ALLIANCE (status=exact, score=100)
[2026-09-08T18:24:32.752+0000] {matching.py:235} INFO - [1135690] Unpacking -> Unpacking (status=exact, score=100)
[2026-09-08T18:24:32.753+0000] {matching.py:235} INFO - [372800] RPG MO -> RPG MO (status=exact, score=100)
[2026-09-08T18:24:32.753+0000] {matching.py:235} INFO - [2437170] SMITE 2 -> SMITE 2 (status=exact, score=100)
[2026-09-08T18:24:32.754+0000] {matching.py:235} INFO - [666860] Bit Heroes Quest -> Bit Heroes (status=high_confidence, score=77)
[2026-09-08T18:24:32.754+0000] {matching.py:235} INFO - [2140510] Town of Salem 2 -> Town of Salem 2 (status=exact, score=100)
[2026-09-08T18:24:32.754+0000] {matching.py:235} INFO - [78000] Bejeweled 3 -> Bejeweled 3 (status=exact, score=100)
[2026-09-08T18:24:32.755+0000] {matching.py:235} INFO - [503560] 911 Operator -> 911 Operator (status=exact, score=100)
[2026-09-08T18:24:32.755+0000] {matching.py:235} INFO - [429050] Feed and Grow: Fish -> Feed and Grow: Fish (status=exact, score=100)
[2026-09-08T18:24:32.756+0000] {matching.py:235} INFO - [33229] Tom Clancy's Splinter Cell Conviction -> Tom Clancy's Splinter Cell: Conviction (status=exact, score=100)
[2026-09-08T18:24:32.756+0000] {matching.py:235} INFO - [909080] Cube Escape: Paradox -> Cube Escape: Paradox (status=exact, score=100)
[2026-09-08T18:24:32.757+0000] {matching.py:235} INFO - [1496790] Gotham Knights -> Gotham Knights (status=exact, score=100)
[2026-09-08T18:24:32.758+0000] {matching.py:235} INFO - [285330] RollerCoaster Tycoon 2: Triple Thrill Pack -> RollerCoaster Tycoon 2: Triple Thrill Pack (status=exact, score=100)
[2026-09-08T18:24:32.758+0000] {matching.py:235} INFO - [1782120] ZERO Sievert -> ZERO Sievert (status=exact, score=100)
[2026-09-08T18:24:32.759+0000] {matching.py:235} INFO - [1259980] RIDE 4 -> RIDE 4 (status=exact, score=100)
[2026-09-08T18:24:32.760+0000] {matching.py:235} INFO - [732690] FIVE NIGHTS AT FREDDY'S: HELP WANTED -> Five Nights at Freddy’s: Help Wanted (status=exact, score=100)
[2026-09-08T18:24:32.760+0000] {matching.py:235} INFO - [311290] SpellForce 3 Reforced -> SpellForce 3 Reforced (status=exact, score=100)
[2026-09-08T18:24:32.760+0000] {matching.py:235} INFO - [954740] Terminator: Resistance -> Terminator: Resistance (status=exact, score=100)
[2026-09-08T18:24:32.761+0000] {matching.py:235} INFO - [784080] MechWarrior 5: Mercenaries -> MechWarrior 5: Mercenaries (status=exact, score=100)
[2026-09-08T18:24:32.761+0000] {matching.py:235} INFO - [941460] Death Trash -> Death Trash (status=exact, score=100)
[2026-09-08T18:24:32.762+0000] {matching.py:235} INFO - [2336220] Feed the Cups -> Feed the Cups (status=exact, score=100)
[2026-09-08T18:24:32.762+0000] {matching.py:235} INFO - [362490] Exanima -> Exanima (status=exact, score=100)
[2026-09-08T18:24:32.763+0000] {matching.py:235} INFO - [2772750] Age of History 3 -> Age of History 3 (status=exact, score=100)
[2026-09-08T18:24:32.763+0000] {matching.py:235} INFO - [784150] Workers & Resources: Soviet Republic -> Workers & Resources: Soviet Republic (status=exact, score=100)
[2026-09-08T18:24:32.764+0000] {matching.py:235} INFO - [236150] Starpoint Gemini 2 -> Starpoint Gemini 2 (status=exact, score=100)
[2026-09-08T18:24:32.764+0000] {matching.py:235} INFO - [921590] DISSIDIA FINAL FANTASY NT Free Edition -> DISSIDIA FINAL FANTASY NT Free Edition (status=exact, score=100)
[2026-09-08T18:24:32.764+0000] {matching.py:235} INFO - [434050] Duke Nukem 3D: 20th Anniversary World Tour -> Duke Nukem 3D: 20th Anniversary World Tour (status=exact, score=100)
[2026-09-08T18:24:32.765+0000] {matching.py:235} INFO - [533540] MONMUSU -> MONMUSU (status=exact, score=100)
[2026-09-08T18:24:32.765+0000] {matching.py:235} INFO - [232910] TrackMania² Stadium -> TrackMania² Stadium (status=exact, score=100)
[2026-09-08T18:24:32.766+0000] {matching.py:235} INFO - [382310] Eco -> Eco (status=exact, score=100)
[2026-09-08T18:24:32.766+0000] {matching.py:235} INFO - [1471410] SYNTHETIK 2 -> SYNTHETIK 2 (status=exact, score=100)
[2026-09-08T18:24:32.767+0000] {matching.py:235} INFO - [398710] Timberman -> Timberman (status=exact, score=100)
[2026-09-08T18:24:32.767+0000] {matching.py:235} INFO - [272510] NARUTO SHIPPUDEN: Ultimate Ninja STORM Revolution -> NARUTO SHIPPUDEN: Ultimate Ninja STORM Revolution (status=exact, score=100)
[2026-09-08T18:24:32.767+0000] {matching.py:235} INFO - [448630] Rabiez: Epidemic -> Rabiez: Epidemic (status=exact, score=100)
[2026-09-08T18:24:32.768+0000] {matching.py:235} INFO - [2095300] Breakout 13 -> Breakout 13 (status=exact, score=100)
[2026-09-08T18:24:32.768+0000] {matching.py:235} INFO - [326960] Killing Floor - Toy Master -> Killing Floor - Toy Master (status=exact, score=100)
[2026-09-08T18:24:32.768+0000] {matching.py:235} INFO - [94400] Nidhogg -> Nidhogg (status=exact, score=100)
[2026-09-08T18:24:32.769+0000] {matching.py:235} INFO - [248860] NEO Scavenger -> NEO Scavenger (status=exact, score=100)
[2026-09-08T18:24:32.769+0000] {matching.py:235} INFO - [1235140] Yakuza: Like a Dragon -> Yakuza: Like a Dragon (status=exact, score=100)
[2026-09-08T18:24:32.770+0000] {matching.py:235} INFO - [1562700] SANABI -> Sanabi (status=exact, score=100)
[2026-09-08T18:24:32.770+0000] {matching.py:235} INFO - [764790] The Messenger -> The Messenger (status=exact, score=100)
[2026-09-08T18:24:32.771+0000] {matching.py:235} INFO - [320040] Moon Hunters -> Moon Hunters (status=exact, score=100)
[2026-09-08T18:24:32.771+0000] {matching.py:235} INFO - [231160] The Swapper -> The Swapper (status=exact, score=100)
[2026-09-08T18:24:32.772+0000] {matching.py:235} INFO - [1206610] Rubber Bandits -> Rubber Bandits (status=exact, score=100)
[2026-09-08T18:24:32.772+0000] {matching.py:235} INFO - [2144740] Ghostrunner 2 -> Ghostrunner 2 (status=exact, score=100)
[2026-09-08T18:24:32.772+0000] {matching.py:235} INFO - [799960] Wizard101 -> Wizard101 (status=exact, score=100)
[2026-09-08T18:24:32.773+0000] {matching.py:235} INFO - [1021210] Cyber Knights: Flashpoint -> Cyber Knights: Flashpoint (status=exact, score=100)
[2026-09-08T18:24:32.773+0000] {matching.py:235} INFO - [343780] Cat Goes Fishing -> Cat Goes Fishing (status=exact, score=100)
[2026-09-08T18:24:32.774+0000] {matching.py:235} INFO - [1142500] Fun with Ragdolls: The Game -> Fun with Ragdolls: The Game (status=exact, score=100)
[2026-09-08T18:24:32.774+0000] {matching.py:235} INFO - [234080] Castlevania: Lords of Shadow – Ultimate Edition -> Castlevania: Lords of Shadow – Ultimate Edition (status=exact, score=100)
[2026-09-08T18:24:32.775+0000] {matching.py:235} INFO - [994730] Banner of the Maid -> Banner of the Maid (status=exact, score=100)
[2026-09-08T18:24:32.775+0000] {matching.py:235} INFO - [745920] Temtem -> Temtem (status=exact, score=100)
[2026-09-08T18:24:32.775+0000] {matching.py:235} INFO - [281610] Homeworld: Deserts of Kharak -> Homeworld: Deserts of Kharak (status=exact, score=100)
[2026-09-08T18:24:32.776+0000] {matching.py:235} INFO - [2488620] F1 24 -> F1 24 (status=exact, score=100)
[2026-09-08T18:24:32.776+0000] {matching.py:235} INFO - [1064610] Neon Beats -> Neon Beats (status=exact, score=100)
[2026-09-08T18:24:32.777+0000] {matching.py:235} INFO - [2600] Vampire: The Masquerade - Bloodlines -> Vampire: The Masquerade - Bloodlines (status=exact, score=100)
[2026-09-08T18:24:32.777+0000] {matching.py:235} INFO - [242880] Sir, You Are Being Hunted -> Sir, You Are Being Hunted (status=exact, score=100)
[2026-09-08T18:24:32.778+0000] {matching.py:235} INFO - [598980] The Coin Game -> The Coin Game (status=exact, score=100)
[2026-09-08T18:24:32.778+0000] {matching.py:235} INFO - [616560] Ultimate Epic Battle Simulator -> Ultimate Epic Battle Simulator (status=exact, score=100)
[2026-09-08T18:24:32.778+0000] {matching.py:235} INFO - [371970] Barony -> Barony (status=exact, score=100)
[2026-09-08T18:24:32.779+0000] {matching.py:235} INFO - [718670] Cultist Simulator -> Cultist Simulator (status=exact, score=100)
[2026-09-08T18:24:32.779+0000] {matching.py:235} INFO - [443810] This Is the Police -> This is the Police (status=exact, score=100)
[2026-09-08T18:24:32.780+0000] {matching.py:235} INFO - [401680] POSTAL Redux -> POSTAL Redux (status=exact, score=100)
[2026-09-08T18:24:32.780+0000] {matching.py:235} INFO - [202200] Galactic Civilizations II: Ultimate Edition -> Galactic Civilizations II: Ultimate Edition (status=exact, score=100)
[2026-09-08T18:24:32.780+0000] {matching.py:235} INFO - [40100] Supreme Commander 2 -> Supreme Commander 2 (status=exact, score=100)
[2026-09-08T18:24:32.781+0000] {matching.py:235} INFO - [1402020] SCP: Labrat -> SCP: Labrat (status=exact, score=100)
[2026-09-08T18:24:32.781+0000] {matching.py:235} INFO - [1238020] Mass Effect 3 N7 Digital Deluxe Edition (2012) -> Mass Effect 3 N7 Digital Deluxe Edition (status=high_confidence, score=94)
[2026-09-08T18:24:32.782+0000] {matching.py:235} INFO - [576120] Purgatory II -> Purgatory II (status=exact, score=100)
[2026-09-08T18:24:32.782+0000] {matching.py:235} INFO - [2820] X3: Terran Conflict -> X3: Terran Conflict (status=exact, score=100)
[2026-09-08T18:24:32.782+0000] {matching.py:235} INFO - [1243830] Overcooked! All You Can Eat -> Overcooked! All You Can Eat (status=exact, score=100)
[2026-09-08T18:24:32.783+0000] {matching.py:235} INFO - [418500] Rising Storm 2: Vietnam -> Rising Storm 2: VIETNAM (status=exact, score=100)
[2026-09-08T18:24:32.783+0000] {matching.py:235} INFO - [2707900] NIGHT-RUNNERS PROLOGUE -> NIGHT-RUNNERS™ PROLOGUE (status=exact, score=100)
[2026-09-08T18:24:32.784+0000] {matching.py:235} INFO - [382120] Journey To The Center Of The Earth -> Journey to the Center of the Earth (status=exact, score=100)
[2026-09-08T18:24:32.784+0000] {matching.py:235} INFO - [459220] Halo Wars: Definitive Edition -> Halo Wars: Definitive Edition (status=exact, score=100)
[2026-09-08T18:24:32.785+0000] {matching.py:235} INFO - [1180660] Tell Me Why -> Tell Me Why (status=exact, score=100)
[2026-09-08T18:24:32.785+0000] {matching.py:235} INFO - [39150] FINAL FANTASY VIII -> FINAL FANTASY VIII (status=exact, score=100)
[2026-09-08T18:24:32.786+0000] {matching.py:235} INFO - [220780] Thomas Was Alone -> Thomas Was Alone (status=exact, score=100)
[2026-09-08T18:24:32.786+0000] {matching.py:235} INFO - [335670] LISA: The Painful -> Elisa: The Innkeeper - Prequel (status=unmatched, score=60)
[2026-09-08T18:24:32.787+0000] {matching.py:235} INFO - [1227690] Severed Steel -> Severed Steel (status=exact, score=100)
[2026-09-08T18:24:32.787+0000] {matching.py:235} INFO - [927350] Hood: Outlaws & Legends -> Hood: Outlaws & Legends (status=exact, score=100)
[2026-09-08T18:24:32.788+0000] {matching.py:235} INFO - [587620] Okami HD -> OKAMI HD (status=exact, score=100)
[2026-09-08T18:24:32.788+0000] {matching.py:235} INFO - [405900] Disgaea PC -> Disgaea PC (status=exact, score=100)
[2026-09-08T18:24:32.788+0000] {matching.py:235} INFO - [18500] Defense Grid: The Awakening -> Defense Grid: The Awakening (status=exact, score=100)
[2026-09-08T18:24:32.789+0000] {matching.py:235} INFO - [351030] Pixel Puzzles Ultimate Jigsaw Puzzles -> Nob Puzzles - Ultimate Jigsaw (status=review, score=75)
[2026-09-08T18:24:32.789+0000] {matching.py:235} INFO - [302590] Of Guards And Thieves -> Of Guards And Thieves (status=exact, score=100)
[2026-09-08T18:24:32.790+0000] {matching.py:235} INFO - [369990] Gremlins, Inc. -> Gremlins, Inc. (status=exact, score=100)
[2026-09-08T18:24:32.790+0000] {matching.py:235} INFO - [11450] Overlord -> Overlord (status=exact, score=100)
[2026-09-08T18:24:32.791+0000] {matching.py:235} INFO - [954850] Kerbal Space Program 2 -> Kerbal Space Program 2 (status=exact, score=100)
[2026-09-08T18:24:32.791+0000] {matching.py:235} INFO - [1046030] ISLANDERS -> ISLANDERS (status=exact, score=100)
[2026-09-08T18:24:32.792+0000] {matching.py:235} INFO - [293260] Card Hunter -> Card Hunter (status=exact, score=100)
[2026-09-08T18:24:32.793+0000] {matching.py:235} INFO - [1677770] The Case of the Golden Idol -> The Case of the Golden Idol (status=exact, score=100)
[2026-09-08T18:24:32.793+0000] {matching.py:235} INFO - [506140] Shop Heroes -> Shop Heroes (status=exact, score=100)
[2026-09-08T18:24:32.794+0000] {matching.py:235} INFO - [39510] Gothic II: Gold Edition -> Gothic II: Gold Edition (status=exact, score=100)
[2026-09-08T18:24:32.794+0000] {matching.py:235} INFO - [1182620] Impostor Factory -> Impostor Factory (status=exact, score=100)
[2026-09-08T18:24:32.795+0000] {matching.py:235} INFO - [429570] The Walking Dead: Michonne - A Telltale Miniseries -> The Walking Dead: The Telltale Definitive Series (status=review, score=77)
[2026-09-08T18:24:32.795+0000] {matching.py:235} INFO - [622650] Bendy and the Ink Machine -> Bendy and the Ink Machine (status=exact, score=100)
[2026-09-08T18:24:32.796+0000] {matching.py:235} INFO - [1367550] Kingdom Rush Vengeance - Tower Defense -> Kingdom Rush Vengeance (status=high_confidence, score=76)
[2026-09-08T18:24:32.796+0000] {matching.py:235} INFO - [1611600] WARNO -> WARNO (status=exact, score=100)
[2026-09-08T18:24:32.797+0000] {matching.py:235} INFO - [421050] Deponia Doomsday -> Deponia Doomsday (status=exact, score=100)
[2026-09-08T18:24:32.797+0000] {matching.py:235} INFO - [2230410] Eaten by Darkness -> Eaten by Darkness (status=exact, score=100)
[2026-09-08T18:24:32.798+0000] {matching.py:235} INFO - [1182900] A Plague Tale: Requiem -> A Plague Tale: Requiem (status=exact, score=100)
[2026-09-08T18:24:32.798+0000] {matching.py:235} INFO - [613830] CHRONO TRIGGER -> Chrono Trigger (status=exact, score=100)
[2026-09-08T18:24:32.799+0000] {matching.py:235} INFO - [375510] New kind of adventure -> New kind of adventure (status=exact, score=100)
[2026-09-08T18:24:32.799+0000] {matching.py:235} INFO - [505230] Pathologic 2 -> Pathologic 2 (status=exact, score=100)
[2026-09-08T18:24:32.799+0000] {matching.py:235} INFO - [270570] Reversion - The Escape (1st Chapter) -> Reversion - The Escape (1st Chapter) (status=exact, score=100)
[2026-09-08T18:24:32.800+0000] {matching.py:235} INFO - [712100] A Total War Saga: THRONES OF BRITANNIA -> Total War Saga: Thrones of Britannia (status=high_confidence, score=97)
[2026-09-08T18:24:32.800+0000] {matching.py:235} INFO - [1012790] Into the Radius VR -> Into the Radius VR (status=exact, score=100)
[2026-09-08T18:24:32.801+0000] {matching.py:235} INFO - [504130] Manual Samuel - Last Tuesday Edition -> Manual Samuel (status=high_confidence, score=55)
[2026-09-08T18:24:32.801+0000] {matching.py:235} INFO - [253430] CastleMiner Z -> CastleMiner Z (status=exact, score=100)
[2026-09-08T18:24:32.802+0000] {matching.py:235} INFO - [2129810] Reignbreaker -> Reignbreaker (status=exact, score=100)
[2026-09-08T18:24:32.802+0000] {matching.py:235} INFO - [1948980] Hero's Adventure: Road to Passion -> Hero's Adventure (status=high_confidence, score=65)
[2026-09-08T18:24:32.802+0000] {matching.py:235} INFO - [451880] Catch a Falling Star -> Catch a Falling Star (status=exact, score=100)
[2026-09-08T18:24:32.803+0000] {matching.py:235} INFO - [597220] West of Loathing -> West of Loathing (status=exact, score=100)
[2026-09-08T18:24:32.803+0000] {matching.py:235} INFO - [647830] LEGO Marvel Super Heroes 2 -> LEGO Marvel Super Heroes 2 (status=exact, score=100)
[2026-09-08T18:24:32.804+0000] {matching.py:235} INFO - [536280] Disintegration -> Disintegration (status=exact, score=100)
[2026-09-08T18:24:32.804+0000] {matching.py:235} INFO - [552620] ATOM RPG: Post-apocalyptic indie game -> TRANSIT: Post-apocalyptic indie game (status=review, score=81)
[2026-09-08T18:24:32.804+0000] {matching.py:235} INFO - [31290] Back to the Future: The Game -> Back to the Future: The Game (status=exact, score=100)
[2026-09-08T18:24:32.805+0000] {matching.py:235} INFO - [621830] WRC 7 FIA World Rally Championship -> WRC 7 FIA World Rally Championship (status=exact, score=100)
[2026-09-08T18:24:32.805+0000] {matching.py:235} INFO - [364050] Face It - A game to fight inner demons -> Face It - A game to fight inner demons (status=exact, score=100)
[2026-09-08T18:24:32.806+0000] {matching.py:235} INFO - [2060130] Return to Monkey Island -> Return to Monkey Island (status=exact, score=100)
[2026-09-08T18:24:32.806+0000] {matching.py:235} INFO - [15700] Oddworld: Abe's Oddysee -> Oddworld: Abe's Oddysee (status=exact, score=100)
[2026-09-08T18:24:32.806+0000] {matching.py:235} INFO - [1414850] Nickelodeon All-Star Brawl -> Nickelodeon All-Star Brawl (status=exact, score=100)
[2026-09-08T18:24:32.807+0000] {matching.py:235} INFO - [1794960] Sonic Origins -> Sonic Origins (status=exact, score=100)
[2026-09-08T18:24:32.807+0000] {matching.py:235} INFO - [265300] Lords Of The Fallen 2014 -> Lords of the Fallen (2014) (status=exact, score=100)
[2026-09-08T18:24:32.808+0000] {matching.py:235} INFO - [816090] Space Hulk: Deathwing Enhanced Edition -> Space Hulk: Deathwing - Enhanced Edition (status=exact, score=100)
[2026-09-08T18:24:32.808+0000] {matching.py:235} INFO - [1180380] Stay Out -> Stay Out (status=exact, score=100)
[2026-09-08T18:24:32.809+0000] {matching.py:235} INFO - [482920] Hero Zero -> Hero Zero (status=exact, score=100)
[2026-09-08T18:24:32.809+0000] {matching.py:235} INFO - [1434950] HighFleet -> HighFleet (status=exact, score=100)
[2026-09-08T18:24:32.810+0000] {matching.py:235} INFO - [1676840] For The King II -> For The King II (status=exact, score=100)
[2026-09-08T18:24:32.810+0000] {matching.py:235} INFO - [15120] Tom Clancy's Rainbow Six Vegas 2 -> Tom Clancy's Rainbow Six Vegas 2 (status=exact, score=100)
[2026-09-08T18:24:32.811+0000] {matching.py:235} INFO - [1182020] WGT Golf -> WGT Golf (status=exact, score=100)
[2026-09-08T18:24:32.811+0000] {matching.py:235} INFO - [934700] Dead Island 2 -> Dead Island 2 (status=exact, score=100)
[2026-09-08T18:24:32.811+0000] {matching.py:235} INFO - [253230] A Hat in Time -> A Hat in Time (status=exact, score=100)
[2026-09-08T18:24:32.812+0000] {matching.py:235} INFO - [533780] Zombie Defense -> Zombie Defense (status=exact, score=100)
[2026-09-08T18:24:32.812+0000] {matching.py:235} INFO - [632350] Cyberdimension Neptunia: 4 Goddesses Online -> Cyberdimension Neptunia: 4 Goddesses Online (status=exact, score=100)
[2026-09-08T18:24:32.813+0000] {matching.py:235} INFO - [230190] War for the Overworld -> War for the Overworld (status=exact, score=100)
[2026-09-08T18:24:32.813+0000] {matching.py:235} INFO - [1408680] Nine to Five -> Nine to Five (status=exact, score=100)
[2026-09-08T18:24:32.814+0000] {matching.py:235} INFO - [2200] Quake III Arena -> Quake III Arena (status=exact, score=100)
[2026-09-08T18:24:32.814+0000] {matching.py:235} INFO - [604240] Shotgun Farmers -> Shotgun Farmers (status=exact, score=100)
[2026-09-08T18:24:32.815+0000] {matching.py:235} INFO - [2088570] Tiny Rogues -> Tiny Rogues (status=exact, score=100)
[2026-09-08T18:24:32.815+0000] {matching.py:235} INFO - [1331550] Big Ambitions -> Big Ambitions (status=exact, score=100)
[2026-09-08T18:24:32.816+0000] {matching.py:235} INFO - [224960] Tomb Raider I (1996) -> Tomb Raider (status=high_confidence, score=76)
[2026-09-08T18:24:32.816+0000] {matching.py:235} INFO - [250600] The Plan -> The Plan (status=exact, score=100)
[2026-09-08T18:24:32.817+0000] {matching.py:235} INFO - [6840] Commandos 3: Destination Berlin -> Commandos 3: Destination Berlin (status=exact, score=100)
[2026-09-08T18:24:32.817+0000] {matching.py:235} INFO - [601840] Griftlands -> Griftlands (status=exact, score=100)
[2026-09-08T18:24:32.818+0000] {matching.py:235} INFO - [32510] LEGO Star Wars III - The Clone Wars -> LEGO Star Wars III - The Clone Wars (status=exact, score=100)
[2026-09-08T18:24:32.818+0000] {matching.py:235} INFO - [2334730] Death Must Die -> Death Must Die (status=exact, score=100)
[2026-09-08T18:24:32.819+0000] {matching.py:235} INFO - [268130] Heat Signature -> Heat Signature (status=exact, score=100)
[2026-09-08T18:24:32.819+0000] {matching.py:235} INFO - [22490] Fallout: New Vegas -> Fallout: New Vegas (status=exact, score=100)
[2026-09-08T18:24:32.820+0000] {matching.py:235} INFO - [1097200] Twelve Minutes -> Twelve Minutes (status=exact, score=100)
[2026-09-08T18:24:32.820+0000] {matching.py:235} INFO - [298180] The Desolate Hope -> The Desolate Hope (status=exact, score=100)
[2026-09-08T18:24:32.821+0000] {matching.py:235} INFO - [692890] Roboquest -> Roboquest (status=exact, score=100)
[2026-09-08T18:24:32.821+0000] {matching.py:235} INFO - [396160] Secret Of Magia -> Secret Of Magia (status=exact, score=100)
[2026-09-08T18:24:32.822+0000] {matching.py:235} INFO - [449680] SAMOLIOTIK -> SAMOLIOTIK (status=exact, score=100)
[2026-09-08T18:24:32.823+0000] {matching.py:235} INFO - [429470] Space Pilgrim Episode I: Alpha Centauri -> Space Pilgrim Episode I: Alpha Centauri (status=exact, score=100)
[2026-09-08T18:24:32.823+0000] {matching.py:235} INFO - [242680] Nuclear Throne -> Nuclear Throne (status=exact, score=100)
[2026-09-08T18:24:32.824+0000] {matching.py:235} INFO - [790740] Tick Tock: A Tale for Two -> Tick Tock: A Tale for Two (status=exact, score=100)
[2026-09-08T18:24:32.825+0000] {matching.py:235} INFO - [213850] Magic 2014 — Duels of the Planeswalkers -> Magic: Duels of the Planeswalkers 2015 (status=high_confidence, score=97)
[2026-09-08T18:24:32.825+0000] {matching.py:235} INFO - [334920] Zero-K -> Zero-K (status=exact, score=100)
[2026-09-08T18:24:32.826+0000] {matching.py:235} INFO - [385080] Guardians of Victoria -> Guardians of Victoria (status=exact, score=100)
[2026-09-08T18:24:32.826+0000] {matching.py:235} INFO - [8800] Civilization IV: Beyond the Sword -> Civilization IV: Beyond the Sword (status=exact, score=100)
[2026-09-08T18:24:32.826+0000] {matching.py:235} INFO - [398850] Epistory - Typing Chronicles -> Epistory - Typing Chronicles (status=exact, score=100)
[2026-09-08T18:24:32.827+0000] {matching.py:235} INFO - [2273430] BlazBlue Entropy Effect -> BlazBlue Entropy Effect (status=exact, score=100)
[2026-09-08T18:24:32.827+0000] {matching.py:235} INFO - [323060] Tharsis -> Tharsis (status=exact, score=100)
[2026-09-08T18:24:32.828+0000] {matching.py:235} INFO - [1056600] Home Sweet Home : Survive -> Home Sweet Home: Survive (status=exact, score=100)
[2026-09-08T18:24:32.828+0000] {matching.py:235} INFO - [2828860] The Forever Winter -> The Forever Winter (status=exact, score=100)
[2026-09-08T18:24:32.829+0000] {matching.py:235} INFO - [98200] Frozen Synapse -> Frozen Synapse (status=exact, score=100)
[2026-09-08T18:24:32.829+0000] {matching.py:235} INFO - [47400] Stronghold 3 Gold -> Stronghold 3 Gold (status=exact, score=100)
[2026-09-08T18:24:32.829+0000] {matching.py:235} INFO - [233980] UnEpic -> Unepic (status=exact, score=100)
[2026-09-08T18:24:32.830+0000] {matching.py:235} INFO - [667530] Drunken Wrestlers 2 -> Drunken Wrestlers 2 (status=exact, score=100)
[2026-09-08T18:24:32.830+0000] {matching.py:235} INFO - [1895880] Ratchet & Clank: Rift Apart -> Ratchet & Clank: Rift Apart (status=exact, score=100)
[2026-09-08T18:24:32.830+0000] {matching.py:235} INFO - [384180] Prominence Poker -> Prominence Poker (status=exact, score=100)
[2026-09-08T18:24:32.831+0000] {matching.py:235} INFO - [353380] Steam Link -> Steam Marines (status=review, score=70)
[2026-09-08T18:24:32.831+0000] {matching.py:235} INFO - [11610] Dragon Nest -> Dragon Nest (status=exact, score=100)
[2026-09-08T18:24:32.831+0000] {matching.py:235} INFO - [769560] 月圆之夜 (Night of Full Moon) -> Night of the Full Moon (status=high_confidence, score=90)
[2026-09-08T18:24:32.832+0000] {matching.py:235} INFO - [287920] Mortal Online -> Mortal Online (status=exact, score=100)
[2026-09-08T18:24:32.832+0000] {matching.py:235} INFO - [453090] Parkitect -> Parkitect (status=exact, score=100)
[2026-09-08T18:24:32.833+0000] {matching.py:235} INFO - [695630] Chinese Paladin：Sword and Fairy -> 仙劍奇俠傳六 (Chinese Paladin：Sword and Fairy 6) (status=high_confidence, score=97)
[2026-09-08T18:24:32.833+0000] {matching.py:235} INFO - [933820] Endzone - A World Apart -> Endzone - A World Apart (status=exact, score=100)
[2026-09-08T18:24:32.834+0000] {matching.py:235} INFO - [438020] AI: Rampage -> AI: Rampage (status=exact, score=100)
[2026-09-08T18:24:32.834+0000] {matching.py:235} INFO - [3020] Call of Juarez -> Call of Juarez (status=exact, score=100)
[2026-09-08T18:24:32.834+0000] {matching.py:235} INFO - [4770] Rome: Total War - Alexander -> Rome: Total War - Alexander (status=exact, score=100)
[2026-09-08T18:24:32.835+0000] {matching.py:235} INFO - [498240] Batman - The Telltale Series -> Batman: The Telltale Series (status=exact, score=100)
[2026-09-08T18:24:32.835+0000] {matching.py:235} INFO - [12710] Overlord: Raising Hell -> Overlord: Raising Hell (status=exact, score=100)
[2026-09-08T18:24:32.835+0000] {matching.py:235} INFO - [1170880] Grimm's Hollow -> Grimm's Hollow (status=exact, score=100)
[2026-09-08T18:24:32.836+0000] {matching.py:235} INFO - [410340] Liftoff: FPV Drone Racing -> Liftoff: Drone Racing (status=high_confidence, score=91)
[2026-09-08T18:24:32.836+0000] {matching.py:235} INFO - [214190] Minimum -> Minimum (status=exact, score=100)
[2026-09-08T18:24:32.837+0000] {matching.py:235} INFO - [341310] Greyfox RPG -> Greyfox RPG (status=exact, score=100)
[2026-09-08T18:24:32.837+0000] {matching.py:235} INFO - [667720] Red Faction Guerrilla Re-Mars-tered -> Red Faction Guerrilla Re-Mars-tered (status=exact, score=100)
[2026-09-08T18:24:32.838+0000] {matching.py:235} INFO - [495910] Dungeon Fighter Online -> Dungeon Fighter Online (status=exact, score=100)
[2026-09-08T18:24:32.839+0000] {matching.py:235} INFO - [1645820] SurrounDead -> SurrounDead (status=exact, score=100)
[2026-09-08T18:24:32.839+0000] {matching.py:235} INFO - [227180] Kingdom Wars -> Kingdom Wars (status=exact, score=100)
[2026-09-08T18:24:32.839+0000] {matching.py:235} INFO - [597760] Yuppie Psycho: Executive Edition -> Executive Execution (status=unmatched, score=60)
[2026-09-08T18:24:32.840+0000] {matching.py:235} INFO - [486310] Meadow - A Shelter Game -> Paws: A Shelter 2 Game (status=review, score=81)
[2026-09-08T18:24:32.840+0000] {matching.py:235} INFO - [1488200] Symphony of War: The Nephilim Saga -> Symphony of War: The Nephilim Saga (status=exact, score=100)
[2026-09-08T18:24:32.841+0000] {matching.py:235} INFO - [108200] Ticket to Ride: Classic Edition -> Ticket to Ride: First Journey (status=unmatched, score=66)
[2026-09-08T18:24:32.841+0000] {matching.py:235} INFO - [2270] Wolfenstein 3D -> Wolfenstein 3D (status=exact, score=100)
[2026-09-08T18:24:32.842+0000] {matching.py:235} INFO - [1649080] Two Point Campus -> Two Point Campus (status=exact, score=100)
[2026-09-08T18:24:32.842+0000] {matching.py:235} INFO - [1144400] Senren＊Banka -> Senren＊Banka (status=exact, score=100)
[2026-09-08T18:24:32.842+0000] {matching.py:235} INFO - [249590] Teslagrad -> Teslagrad (status=exact, score=100)
[2026-09-08T18:24:32.843+0000] {matching.py:235} INFO - [572890] Pikuniku -> Pikuniku (status=exact, score=100)
[2026-09-08T18:24:32.843+0000] {matching.py:235} INFO - [219780] Divinity II: Developer's Cut -> Divinity II: Developer's Cut (status=exact, score=100)
[2026-09-08T18:24:32.843+0000] {matching.py:235} INFO - [444480] Broken Dreams -> Broken Dreams (status=exact, score=100)
[2026-09-08T18:24:32.844+0000] {matching.py:235} INFO - [1608070] CRISIS CORE –FINAL FANTASY VII– REUNION -> Crisis Core: Final Fantasy VII Reunion (status=exact, score=100)
[2026-09-08T18:24:32.844+0000] {matching.py:235} INFO - [1071870] Biped -> Biped (status=exact, score=100)
[2026-09-08T18:24:32.844+0000] {matching.py:235} INFO - [874240] MU Legend -> MU Legend (status=exact, score=100)
[2026-09-08T18:24:32.845+0000] {matching.py:235} INFO - [1766740] Choo-Choo Charles -> Choo-Choo Charles (status=exact, score=100)
[2026-09-08T18:24:32.845+0000] {matching.py:235} INFO - [1448530] Soccer Manager 2021 -> Soccer Manager 2021 (status=exact, score=100)
[2026-09-08T18:24:32.846+0000] {matching.py:235} INFO - [1330470] F.I.S.T.: Forged In Shadow Torch -> F.I.S.T.: Forged In Shadow Torch (status=exact, score=100)
[2026-09-08T18:24:32.846+0000] {matching.py:235} INFO - [1273400] Construction Simulator -> Construction Simulator (status=exact, score=100)
[2026-09-08T18:24:32.846+0000] {matching.py:235} INFO - [1106850] Totally Reliable Delivery Service Beta -> Totally Reliable Delivery Service Beta (status=exact, score=100)
[2026-09-08T18:24:32.847+0000] {matching.py:235} INFO - [1372810] Teamfight Manager -> Teamfight Manager (status=exact, score=100)
[2026-09-08T18:24:32.847+0000] {matching.py:235} INFO - [1437880] Heroes of the Three Kingdoms 7 -> Heroes of the Three Kingdoms 7 (status=exact, score=100)
[2026-09-08T18:24:32.848+0000] {matching.py:235} INFO - [950100] PRO EVOLUTION SOCCER 2019 LITE -> PRO EVOLUTION SOCCER 2019 LITE (status=exact, score=100)
[2026-09-08T18:24:32.848+0000] {matching.py:235} INFO - [438640] LEGO STAR WARS: The Force Awakens -> LEGO Star Wars: The Force Awakens (status=exact, score=100)
[2026-09-08T18:24:32.848+0000] {matching.py:235} INFO - [458710] Kingdom Rush Frontiers - Tower Defense -> Kingdom Rush Frontiers (status=high_confidence, score=76)
[2026-09-08T18:24:32.849+0000] {matching.py:235} INFO - [291410] Duelyst -> Duelyst (status=exact, score=100)
[2026-09-08T18:24:32.849+0000] {matching.py:235} INFO - [611670] The Elder Scrolls V: Skyrim VR -> The Elder Scrolls V: Skyrim VR (status=exact, score=100)
[2026-09-08T18:24:32.850+0000] {matching.py:235} INFO - [588030] Derail Valley -> Derail Valley (status=exact, score=100)
[2026-09-08T18:24:32.850+0000] {matching.py:235} INFO - [356570] Party Hard -> Party Hard (status=exact, score=100)
[2026-09-08T18:24:32.850+0000] {matching.py:235} INFO - [274290] Gods Will Be Watching -> Gods Will Be Watching (status=exact, score=100)
[2026-09-08T18:24:32.851+0000] {matching.py:235} INFO - [7600] Sid Meier's Railroads! -> Sid Meier's Railroads! (status=exact, score=100)
[2026-09-08T18:24:32.851+0000] {matching.py:235} INFO - [290300] Rebel Galaxy -> Rebel Galaxy (status=exact, score=100)
[2026-09-08T18:24:32.852+0000] {matching.py:235} INFO - [1421250] Tiny Bunny -> Tiny Bunny (status=exact, score=100)
[2026-09-08T18:24:32.852+0000] {matching.py:235} INFO - [513590] So Many Cubes -> So Many Cubes (status=exact, score=100)
[2026-09-08T18:24:32.853+0000] {matching.py:235} INFO - [882790] Fate Seeker -> 天命奇御 Fate Seeker (status=exact, score=100)
[2026-09-08T18:24:32.853+0000] {matching.py:235} INFO - [897330] Coloring Pixels -> Coloring Pixels (status=exact, score=100)
[2026-09-08T18:24:32.854+0000] {matching.py:235} INFO - [2187290] Wall World -> Wall World (status=exact, score=100)
[2026-09-08T18:24:32.854+0000] {matching.py:235} INFO - [229480] Dungeons & Dragons: Chronicles of Mystara -> Dungeons & Dragons: Chronicles of Mystara (status=exact, score=100)
[2026-09-08T18:24:32.855+0000] {matching.py:235} INFO - [239120] Final Fantasy III (3D Remake) -> FINAL FANTASY III (3D REMAKE) (status=exact, score=100)
[2026-09-08T18:24:32.855+0000] {matching.py:235} INFO - [480430] Hide and Shriek -> Hide and Shriek (status=exact, score=100)
[2026-09-08T18:24:32.856+0000] {matching.py:235} INFO - [363490] Escape Machines -> Escape Machines (status=exact, score=100)
[2026-09-08T18:24:32.857+0000] {matching.py:235} INFO - [814370] Monster Sanctuary -> Monster Sanctuary (status=exact, score=100)
[2026-09-08T18:24:32.858+0000] {matching.py:235} INFO - [619150] while True: learn() -> while True: learn() (status=exact, score=100)
[2026-09-08T18:24:32.858+0000] {matching.py:235} INFO - [222940] THE KING OF FIGHTERS XIII STEAM EDITION -> The King of Fighters XIII (status=high_confidence, score=78)
[2026-09-08T18:24:32.859+0000] {matching.py:235} INFO - [44340] Operation Flashpoint: Red River -> Operation Flashpoint: Red River (status=exact, score=100)
[2026-09-08T18:24:32.860+0000] {matching.py:235} INFO - [13560] Tom Clancy's Splinter Cell -> Tom Clancy's Splinter Cell (status=exact, score=100)
[2026-09-08T18:24:32.860+0000] {matching.py:235} INFO - [315210] Suicide Squad: Kill the Justice League -> Suicide Squad: Kill The Justice League (status=exact, score=100)
[2026-09-08T18:24:32.861+0000] {matching.py:235} INFO - [454200] Neon Hardcorps -> Neon Hardcorps (status=exact, score=100)
[2026-09-08T18:24:32.861+0000] {matching.py:235} INFO - [307290] Velvet Sundown -> Velvet Sundown (status=exact, score=100)
[2026-09-08T18:24:32.862+0000] {matching.py:235} INFO - [1374490] RuneScape: Dragonwilds -> RuneScape: Dragonwilds (status=exact, score=100)
[2026-09-08T18:24:32.862+0000] {matching.py:235} INFO - [1458140] Pacific Drive -> Pacific Drive (status=exact, score=100)
[2026-09-08T18:24:32.863+0000] {matching.py:235} INFO - [2515020] FINAL FANTASY XVI -> Final Fantasy XVI (status=exact, score=100)
[2026-09-08T18:24:32.863+0000] {matching.py:235} INFO - [303210] The Beginner's Guide -> The Beginner's Guide (status=exact, score=100)
[2026-09-08T18:24:32.864+0000] {matching.py:235} INFO - [3480] Peggle Deluxe -> Peggle Deluxe (status=exact, score=100)
[2026-09-08T18:24:32.864+0000] {matching.py:235} INFO - [734750] PickCrafter -> PickCrafter (status=exact, score=100)
[2026-09-08T18:24:32.864+0000] {matching.py:235} INFO - [314650] SpaceEngine -> SpaceEngine (status=exact, score=100)
[2026-09-08T18:24:32.865+0000] {matching.py:235} INFO - [6370] Bloodline Champions -> Bloodline Champions (status=exact, score=100)
[2026-09-08T18:24:32.865+0000] {matching.py:235} INFO - [289690] LARA CROFT AND THE TEMPLE OF OSIRIS -> Lara Croft and the Temple of Osiris (status=exact, score=100)
[2026-09-08T18:24:32.866+0000] {matching.py:235} INFO - [277590] Assassin's Creed Freedom Cry -> Assassin's Creed Freedom Cry (status=exact, score=100)
[2026-09-08T18:24:32.866+0000] {matching.py:235} INFO - [33100] Alien Shooter -> Alien Shooter (status=exact, score=100)
[2026-09-08T18:24:32.867+0000] {matching.py:235} INFO - [2457220] Avowed -> Avowed (status=exact, score=100)
[2026-09-08T18:24:32.867+0000] {matching.py:235} INFO - [1577120] The Quarry -> The Quarry (status=exact, score=100)
[2026-09-08T18:24:32.868+0000] {matching.py:235} INFO - [8140] Tomb Raider: Underworld -> Tomb Raider: Underworld (status=exact, score=100)
[2026-09-08T18:24:32.868+0000] {matching.py:235} INFO - [1281630] Anno 1404 - History Edition -> Anno 1404 - History Edition (status=exact, score=100)
[2026-09-08T18:24:32.869+0000] {matching.py:235} INFO - [1403370] Zenith: Nexus -> Zenith (status=high_confidence, score=67)
[2026-09-08T18:24:32.869+0000] {matching.py:235} INFO - [469820] Genital Jousting -> Genital Jousting (status=exact, score=100)
[2026-09-08T18:24:32.870+0000] {matching.py:235} INFO - [637100] Sonic Forces -> Sonic Forces (status=exact, score=100)
[2026-09-08T18:24:32.870+0000] {matching.py:235} INFO - [70300] VVVVVV -> VVVVVV (status=exact, score=100)
[2026-09-08T18:24:32.870+0000] {matching.py:235} INFO - [266210] One Way Heroics -> One Way Heroics (status=exact, score=100)
[2026-09-08T18:24:32.871+0000] {matching.py:235} INFO - [70600] Worms Ultimate Mayhem -> Worms Ultimate Mayhem (status=exact, score=100)
[2026-09-08T18:24:32.871+0000] {matching.py:235} INFO - [2108180] Swordhaven: Iron Conspiracy -> Swordhaven: Iron Conspiracy (status=exact, score=100)
[2026-09-08T18:24:32.872+0000] {matching.py:235} INFO - [322190] SteamWorld Heist -> SteamWorld Heist (status=exact, score=100)
[2026-09-08T18:24:32.872+0000] {matching.py:235} INFO - [1216710] Cyber Manhunt -> Cyber Manhunt (status=exact, score=100)
[2026-09-08T18:24:32.872+0000] {matching.py:235} INFO - [1401590] Disney Dreamlight Valley -> Disney Dreamlight Valley (status=exact, score=100)
[2026-09-08T18:24:32.873+0000] {matching.py:235} INFO - [1282590] Train Sim World 2 -> Train Sim World 2 (status=exact, score=100)
[2026-09-08T18:24:32.873+0000] {matching.py:235} INFO - [422250] ShipLord -> ShipLord (status=exact, score=100)
[2026-09-08T18:24:32.874+0000] {matching.py:235} INFO - [928600] F1 2019 -> F1 2019 (status=exact, score=100)
[2026-09-08T18:24:32.874+0000] {matching.py:235} INFO - [1115690] Yes, Your Grace -> Yes, Your Grace (status=exact, score=100)
[2026-09-08T18:24:32.875+0000] {matching.py:235} INFO - [1111460] 小白兔电商~Bunny e-Shop -> 小白兔电商~Bunny e-Shop (status=exact, score=100)
[2026-09-08T18:24:32.876+0000] {matching.py:235} INFO - [3330] Zuma Deluxe -> Zuma Deluxe (status=exact, score=100)
[2026-09-08T18:24:32.876+0000] {matching.py:235} INFO - [1364100] Lacuna – A Sci-Fi Noir Adventure -> Lacuna – A Sci-Fi Noir Adventure (status=exact, score=100)
[2026-09-08T18:24:32.877+0000] {matching.py:235} INFO - [1164940] Trepang2 -> Trepang2 (status=exact, score=100)
[2026-09-08T18:24:32.877+0000] {matching.py:235} INFO - [6870] Battlestations: Midway -> Battlestations: Midway (status=exact, score=100)
[2026-09-08T18:24:32.878+0000] {matching.py:235} INFO - [300040] Divine Souls F2P MMO -> Divine Souls F2P MMO (status=exact, score=100)
[2026-09-08T18:24:32.878+0000] {matching.py:235} INFO - [1294660] Divine Knockout (DKO) -> Divine Knockout (DKO) (status=exact, score=100)
[2026-09-08T18:24:32.878+0000] {matching.py:235} INFO - [674140] Bugsnax -> Bugsnax (status=exact, score=100)
[2026-09-08T18:24:32.879+0000] {matching.py:235} INFO - [1373500] Mist of the Undead -> Mist of the Undead (status=exact, score=100)
[2026-09-08T18:24:32.879+0000] {matching.py:235} INFO - [394690] Tower Unite -> Tower Unite (status=exact, score=100)
[2026-09-08T18:24:32.880+0000] {matching.py:235} INFO - [474750] Reigns -> Reigns (status=exact, score=100)
[2026-09-08T18:24:32.880+0000] {matching.py:235} INFO - [303610] Suicide Guy -> Suicide Guy (status=exact, score=100)
[2026-09-08T18:24:32.881+0000] {matching.py:235} INFO - [1939970] Nobody Wants to Die -> Nobody Wants to Die (status=exact, score=100)
[2026-09-08T18:24:32.881+0000] {matching.py:235} INFO - [1240210] There Is No Game: Wrong Dimension -> There Is No Game: Wrong Dimension (status=exact, score=100)
[2026-09-08T18:24:32.882+0000] {matching.py:235} INFO - [1227530] Partisans 1941 -> Partisans 1941 (status=exact, score=100)
[2026-09-08T18:24:32.882+0000] {matching.py:235} INFO - [298050] Master of Orion -> Master of Orion (status=exact, score=100)
[2026-09-08T18:24:32.882+0000] {matching.py:235} INFO - [999730] Secret Neighbor Beta -> Secret Neighbor Beta (status=exact, score=100)
[2026-09-08T18:24:32.883+0000] {matching.py:235} INFO - [553790] Once in Yaissor -> Once in Yaissor (status=exact, score=100)
[2026-09-08T18:24:32.883+0000] {matching.py:235} INFO - [241560] The Crew -> The Crew (status=exact, score=100)
[2026-09-08T18:24:32.884+0000] {matching.py:235} INFO - [408900] Unfortunate Spacemen -> Unfortunate Spacemen (status=exact, score=100)
[2026-09-08T18:24:32.884+0000] {matching.py:235} INFO - [1150440] Aliens: Dark Descent -> Aliens: Dark Descent (status=exact, score=100)
[2026-09-08T18:24:32.884+0000] {matching.py:235} INFO - [1329500] SpiderHeck -> SpiderHeck (status=exact, score=100)
[2026-09-08T18:24:32.885+0000] {matching.py:235} INFO - [1122750] 异化之恶〇Abnormal Treatment -> 异化之恶〇Abnormal Treatment (status=exact, score=100)
[2026-09-08T18:24:32.885+0000] {matching.py:235} INFO - [513510] Intralism -> Intralism (status=exact, score=100)
[2026-09-08T18:24:32.886+0000] {matching.py:235} INFO - [665360] Comedy Night -> Comedy Night (status=exact, score=100)
[2026-09-08T18:24:32.886+0000] {matching.py:235} INFO - [1049890] Little Witch Nobeta -> Little Witch Nobeta (status=exact, score=100)
[2026-09-08T18:24:32.887+0000] {matching.py:235} INFO - [71250] Sonic Adventure DX -> Sonic Adventure Dx (status=exact, score=100)
[2026-09-08T18:24:32.887+0000] {matching.py:235} INFO - [410210] Ampersand -> Ampersand (status=exact, score=100)
[2026-09-08T18:24:32.888+0000] {matching.py:235} INFO - [707030] POSTAL 4: No Regerts -> Postal 4: No Regrets (status=high_confidence, score=95)
[2026-09-08T18:24:32.888+0000] {matching.py:235} INFO - [1465460] Infection Free Zone -> Infection Free Zone (status=exact, score=100)
[2026-09-08T18:24:32.889+0000] {matching.py:235} INFO - [91700] E.Y.E: Divine Cybermancy -> E.Y.E: Divine Cybermancy (status=exact, score=100)
[2026-09-08T18:24:32.890+0000] {matching.py:235} INFO - [98400] Hard Reset Extended Edition -> Hard Reset Extended Edition (status=exact, score=100)
[2026-09-08T18:24:32.890+0000] {matching.py:235} INFO - [1874490] Potionomics -> Potionomics (status=exact, score=100)
[2026-09-08T18:24:32.891+0000] {matching.py:235} INFO - [324310] Bus Simulator 16 -> Bus Simulator 16 (status=exact, score=100)
[2026-09-08T18:24:32.892+0000] {matching.py:235} INFO - [438180] Super Mustache -> Super Mustache (status=exact, score=100)
[2026-09-08T18:24:32.899+0000] {matching.py:235} INFO - [221260] Little Inferno -> Little Inferno (status=exact, score=100)
[2026-09-08T18:24:32.900+0000] {matching.py:235} INFO - [586380] VITATIO 2 -> VITATIO 2 (status=exact, score=100)
[2026-09-08T18:24:32.900+0000] {matching.py:235} INFO - [39690] ArcaniA -> ArcaniA (status=exact, score=100)
[2026-09-08T18:24:32.901+0000] {matching.py:235} INFO - [327640] CaesarIA -> CaesarIA (status=exact, score=100)
[2026-09-08T18:24:32.901+0000] {matching.py:235} INFO - [378760] Pixel Starships -> Pixel Starships (status=exact, score=100)
[2026-09-08T18:24:32.901+0000] {matching.py:235} INFO - [1578650] Citizen Sleeper -> Citizen Sleeper (status=exact, score=100)
[2026-09-08T18:24:32.902+0000] {matching.py:235} INFO - [258520] The Vanishing of Ethan Carter -> The Vanishing of Ethan Carter (status=exact, score=100)
[2026-09-08T18:24:32.902+0000] {matching.py:235} INFO - [1903620] Killer Frequency -> Killer Frequency (status=exact, score=100)
[2026-09-08T18:24:32.903+0000] {matching.py:235} INFO - [321400] Supraball -> Supraball (status=exact, score=100)
[2026-09-08T18:24:32.903+0000] {matching.py:235} INFO - [927380] Yakuza Kiwami 2 -> Yakuza Kiwami 2 (status=exact, score=100)
[2026-09-08T18:24:32.904+0000] {matching.py:235} INFO - [313690] LEGO Batman 3: Beyond Gotham -> LEGO Batman 3: Beyond Gotham (status=exact, score=100)
[2026-09-08T18:24:32.904+0000] {matching.py:235} INFO - [420110] NEKOPARA Vol. 2 -> NEKOPARA Vol. 2 (status=exact, score=100)
[2026-09-08T18:24:32.905+0000] {matching.py:235} INFO - [1876890] Wandering Sword -> Wandering Sword (status=exact, score=100)
[2026-09-08T18:24:32.905+0000] {matching.py:235} INFO - [1110910] Mortal Shell -> Mortal Shell (status=exact, score=100)
[2026-09-08T18:24:32.906+0000] {matching.py:235} INFO - [990630] The Last Campfire -> The Last Campfire (status=exact, score=100)
[2026-09-08T18:24:32.906+0000] {matching.py:235} INFO - [636150] Cyberhunt -> Cyberhunt (status=exact, score=100)
[2026-09-08T18:24:32.906+0000] {matching.py:235} INFO - [496240] Onward -> Onward (status=exact, score=100)
[2026-09-08T18:24:32.907+0000] {matching.py:235} INFO - [362930] Garfield Kart -> Garfield Kart (status=exact, score=100)
[2026-09-08T18:24:32.907+0000] {matching.py:235} INFO - [293760] Automation - The Car Company Tycoon Game -> Automation - The Car Company Tycoon Game (status=exact, score=100)
[2026-09-08T18:24:32.908+0000] {matching.py:235} INFO - [1281590] The Dark Pictures Anthology: House of Ashes -> The Dark Pictures Anthology: House of Ashes (status=exact, score=100)
[2026-09-08T18:24:32.908+0000] {matching.py:235} INFO - [964440] Hell is Others -> Hell is Others (status=exact, score=100)
[2026-09-08T18:24:32.909+0000] {matching.py:235} INFO - [2072450] Like a Dragon: Infinite Wealth -> Like a Dragon: Infinite Wealth (status=exact, score=100)
[2026-09-08T18:24:32.909+0000] {matching.py:235} INFO - [1436990] Feign -> Feign (status=exact, score=100)
[2026-09-08T18:24:32.910+0000] {matching.py:235} INFO - [790820] Valkyria Chronicles 4 Complete Edition -> Valkyria Chronicles II (status=review, score=73)
[2026-09-08T18:24:32.910+0000] {matching.py:235} INFO - [1241110] ANARCHY -> Anarchy (status=exact, score=100)
[2026-09-08T18:24:32.910+0000] {matching.py:235} INFO - [1840080] Homeworld 3 -> Homeworld 3 (status=exact, score=100)
[2026-09-08T18:24:32.911+0000] {matching.py:235} INFO - [535760] Unforgiving Trials: The Space Crusade -> Unforgiving Trials: The Space Crusade (status=exact, score=100)
[2026-09-08T18:24:32.911+0000] {matching.py:235} INFO - [1466640] Road 96  -> Road 96 (status=exact, score=100)
[2026-09-08T18:24:32.912+0000] {matching.py:235} INFO - [233840] Worms Clan Wars -> Worms Clan Wars (status=exact, score=100)
[2026-09-08T18:24:32.912+0000] {matching.py:235} INFO - [15170] Heroes of Might & Magic V -> Might & Magic: Heroes VI (status=high_confidence, score=91)
[2026-09-08T18:24:32.913+0000] {matching.py:235} INFO - [2620] Call of Duty (2003) -> Call of Duty (status=high_confidence, score=83)
[2026-09-08T18:24:32.913+0000] {matching.py:235} INFO - [311260] The Guild 3 -> The Guild 3 (status=exact, score=100)
[2026-09-08T18:24:32.914+0000] {matching.py:235} INFO - [1000360] Hellish Quart -> Hellish Quart (status=exact, score=100)
[2026-09-08T18:24:32.914+0000] {matching.py:235} INFO - [809140] Cliff Empire -> Cliff Empire (status=exact, score=100)
[2026-09-08T18:24:32.914+0000] {matching.py:235} INFO - [12130] Manhunt -> Manhunt (status=exact, score=100)
[2026-09-08T18:24:32.915+0000] {matching.py:235} INFO - [822240] Animal Jam -> Animal Jam (status=exact, score=100)
[2026-09-08T18:24:32.915+0000] {matching.py:235} INFO - [1009560] The Tenants -> The Tenants (status=exact, score=100)
[2026-09-08T18:24:32.916+0000] {matching.py:235} INFO - [415200] Motorsport Manager -> Motorsport Manager (status=exact, score=100)
[2026-09-08T18:24:32.916+0000] {matching.py:235} INFO - [21970] R.U.S.E. -> R.U.S.E. (status=exact, score=100)
[2026-09-08T18:24:32.917+0000] {matching.py:235} INFO - [1634680] Ficket: 追剧引擎 -> Racket: Nx (status=unmatched, score=53)
[2026-09-08T18:24:32.917+0000] {matching.py:235} INFO - [777130] Blush Blush -> Blush Blush (status=exact, score=100)
[2026-09-08T18:24:32.917+0000] {matching.py:235} INFO - [313340] Mountain -> Mountain (status=exact, score=100)
[2026-09-08T18:24:32.918+0000] {matching.py:235} INFO - [356880] Eron -> Eron (status=exact, score=100)
[2026-09-08T18:24:32.918+0000] {matching.py:235} INFO - [2415010] A Date with Death -> A Date with Death (status=exact, score=100)
[2026-09-08T18:24:32.919+0000] {matching.py:235} INFO - [270850] Car Mechanic Simulator 2014 -> Car Mechanic Simulator 2014 (status=exact, score=100)
[2026-09-08T18:24:32.920+0000] {matching.py:235} INFO - [599390] Battle for Wesnoth -> Battle for Wesnoth (status=exact, score=100)
[2026-09-08T18:24:32.920+0000] {matching.py:235} INFO - [400910] Rabi-Ribi -> Rabi-Ribi (status=exact, score=100)
[2026-09-08T18:24:32.921+0000] {matching.py:235} INFO - [463530] Empires of the Undergrowth -> Empires of the Undergrowth (status=exact, score=100)
[2026-09-08T18:24:32.921+0000] {matching.py:235} INFO - [25890] Hearts of Iron III -> Hearts of Iron III (status=exact, score=100)
[2026-09-08T18:24:32.922+0000] {matching.py:235} INFO - [732430] Superflight -> Superflight (status=exact, score=100)
[2026-09-08T18:24:32.922+0000] {matching.py:235} INFO - [258180] Deus Ex: The Fall -> Deus Ex: The Fall (status=exact, score=100)
[2026-09-08T18:24:32.923+0000] {matching.py:235} INFO - [232430] Gone Home -> Gone Home (status=exact, score=100)
[2026-09-08T18:24:32.923+0000] {matching.py:235} INFO - [2063400] Descension -> Descension (status=exact, score=100)
[2026-09-08T18:24:32.924+0000] {matching.py:235} INFO - [494840] UBOAT -> UBOAT (status=exact, score=100)
[2026-09-08T18:24:32.925+0000] {matching.py:235} INFO - [773951] Freeman: Guerrilla Warfare -> Freeman: Guerrilla Warfare (status=exact, score=100)
[2026-09-08T18:24:32.925+0000] {matching.py:235} INFO - [799600] Cosmoteer: Starship Architect & Commander -> Cosmoteer: Starship Architect & Commander (status=exact, score=100)
[2026-09-08T18:24:32.926+0000] {matching.py:235} INFO - [236430] DARK SOULS II -> Dark Souls II (status=exact, score=100)
[2026-09-08T18:24:32.927+0000] {matching.py:235} INFO - [981890] Olympic Games Tokyo 2020 – The Official Video Game -> Olympic Games Tokyo 2020 – The Official Video Game (status=exact, score=100)
[2026-09-08T18:24:32.927+0000] {matching.py:235} INFO - [349720] Audition Online -> Audition Online (status=exact, score=100)
[2026-09-08T18:24:32.928+0000] {matching.py:235} INFO - [546980] Midnight Carnival -> Midnight Carnival (status=exact, score=100)
[2026-09-08T18:24:32.928+0000] {matching.py:235} INFO - [285310] RollerCoaster Tycoon: Deluxe -> RollerCoaster Tycoon: Deluxe (status=exact, score=100)
[2026-09-08T18:24:32.929+0000] {matching.py:235} INFO - [874260] The Forgotten City -> The Forgotten City (status=exact, score=100)
[2026-09-08T18:24:32.930+0000] {matching.py:235} INFO - [263760] Turbo Dismount -> Turbo Dismount (status=exact, score=100)
[2026-09-08T18:24:32.930+0000] {matching.py:235} INFO - [898750] Super Robot Wars 30 -> Super Robot Wars 30 (status=exact, score=100)
[2026-09-08T18:24:32.931+0000] {matching.py:235} INFO - [637310] Stream Service -> Stream Service (status=exact, score=100)
[2026-09-08T18:24:32.931+0000] {matching.py:235} INFO - [245280] ENSLAVED: Odyssey to the West Premium Edition -> ENSLAVED: Odyssey to the West Premium Edition (status=exact, score=100)
[2026-09-08T18:24:32.932+0000] {matching.py:235} INFO - [756800] Contraband Police -> Contraband Police (status=exact, score=100)
[2026-09-08T18:24:32.932+0000] {matching.py:235} INFO - [1222370] Necromunda: Hired Gun -> Necromunda: Hired Gun (status=exact, score=100)
[2026-09-08T18:24:32.933+0000] {matching.py:235} INFO - [967250] DOKA 2 KISHKI EDITION -> DOKA 2 KISHKI EDITION (status=exact, score=100)
[2026-09-08T18:24:32.933+0000] {matching.py:235} INFO - [2651280] Marvel's Spider-Man 2 -> Marvel's Spider-Man 2 (status=exact, score=100)
[2026-09-08T18:24:32.934+0000] {matching.py:235} INFO - [3340270] Revelations -> Revelations (status=exact, score=100)
[2026-09-08T18:24:32.934+0000] {matching.py:235} INFO - [1486350] VRoid Studio v0.13.1 -> BIT.TRIP VOID (status=unmatched, score=47)
[2026-09-08T18:24:32.935+0000] {matching.py:235} INFO - [247950] Sacred 3 -> Sacred 3 (status=exact, score=100)
[2026-09-08T18:24:32.935+0000] {matching.py:235} INFO - [1186640] Pumpkin Jack -> Pumpkin Jack (status=exact, score=100)
[2026-09-08T18:24:32.936+0000] {matching.py:235} INFO - [776960] Mouse (Sneaking) -> Vivaland: Dream House (status=unmatched, score=47)
[2026-09-08T18:24:32.936+0000] {matching.py:235} INFO - [253250] Stonehearth -> Stonehearth (status=exact, score=100)
[2026-09-08T18:24:32.936+0000] {matching.py:235} INFO - [382110] Virtual Desktop Classic -> Virtual Desktop (status=high_confidence, score=79)
[2026-09-08T18:24:32.937+0000] {matching.py:235} INFO - [13600] Prince of Persia: The Sands of Time -> Prince of Persia: The Sands of Time (status=exact, score=100)
[2026-09-08T18:24:32.937+0000] {matching.py:235} INFO - [1140620] CosmicBreak Universal -> CosmicBreak Universal (status=exact, score=100)
[2026-09-08T18:24:32.938+0000] {matching.py:235} INFO - [314970] Age of Conquest IV -> Age of Conquest IV (status=exact, score=100)
[2026-09-08T18:24:32.938+0000] {matching.py:235} INFO - [914620] Mist Survival -> Mist Survival (status=exact, score=100)
[2026-09-08T18:24:32.939+0000] {matching.py:235} INFO - [1486920] Tempest Rising -> Tempest Rising (status=exact, score=100)
[2026-09-08T18:24:32.939+0000] {matching.py:235} INFO - [1140440] OMON Simulator -> OMON Simulator (status=exact, score=100)
[2026-09-08T18:24:32.939+0000] {matching.py:235} INFO - [427100] Fernbus Simulator -> Fernbus Simulator (status=exact, score=100)
[2026-09-08T18:24:32.940+0000] {matching.py:235} INFO - [372360] Tales of Symphonia -> Tales of Symphonia (2014) (status=high_confidence, score=88)
[2026-09-08T18:24:32.940+0000] {matching.py:235} INFO - [2796010] Party Club -> Party Club (status=exact, score=100)
[2026-09-08T18:24:32.941+0000] {matching.py:235} INFO - [205910] Tiny and Big: Grandpa's Leftovers -> Tiny and Big: Grandpa's Leftovers (status=exact, score=100)
[2026-09-08T18:24:32.941+0000] {matching.py:235} INFO - [2109460] VillageRhapsody -> VillageRhapsody (status=exact, score=100)
[2026-09-08T18:24:32.941+0000] {matching.py:235} INFO - [491530] Notruf 112 | Emergency Call 112 -> Notruf 112 | Emergency Call 112 (status=exact, score=100)
[2026-09-08T18:24:32.942+0000] {matching.py:235} INFO - [1070330] Russian Life Simulator -> Russian Life Simulator (status=exact, score=100)
[2026-09-08T18:24:32.942+0000] {matching.py:235} INFO - [2446550] STAR WARS: Battlefront Classic Collection -> STAR WARS: Battlefront Classic Collection (status=exact, score=100)
[2026-09-08T18:24:32.943+0000] {matching.py:235} INFO - [2080690] Sunkenland -> Sunkenland (status=exact, score=100)
[2026-09-08T18:24:32.943+0000] {matching.py:235} INFO - [388880] Oxenfree -> Oxenfree (status=exact, score=100)
[2026-09-08T18:24:32.944+0000] {matching.py:235} INFO - [8080] Kane and Lynch: Dead Men -> Kane and Lynch: Dead Men (status=exact, score=100)
[2026-09-08T18:24:32.944+0000] {matching.py:235} INFO - [555220] Detention -> Detention (status=exact, score=100)
[2026-09-08T18:24:32.945+0000] {matching.py:235} INFO - [213650] Dwarfs - F2P -> Dwarfs - F2P (status=exact, score=100)
[2026-09-08T18:24:32.945+0000] {matching.py:235} INFO - [1921980] Between Horizons – A Sci-Fi Detective Adventure -> Lacuna – A Sci-Fi Noir Adventure (status=unmatched, score=60)
[2026-09-08T18:24:32.945+0000] {matching.py:235} INFO - [218410] Defender's Quest: Valley of the Forgotten (DX edition) -> Defender's Quest: Valley of the Forgotten DX (status=high_confidence, score=91)
[2026-09-08T18:24:32.946+0000] {matching.py:235} INFO - [482400] System Shock -> System Shock (status=exact, score=100)
[2026-09-08T18:24:32.946+0000] {matching.py:235} INFO - [523660] HYPERCHARGE: Unboxed -> HYPERCHARGE: Unboxed (status=exact, score=100)
[2026-09-08T18:24:32.947+0000] {matching.py:235} INFO - [2810] X3: Reunion -> X3: Reunion (status=exact, score=100)
[2026-09-08T18:24:32.947+0000] {matching.py:235} INFO - [1218740] Rakion Chaos Force -> Rakion Chaos Force (status=exact, score=100)
[2026-09-08T18:24:32.948+0000] {matching.py:235} INFO - [49540] Aliens: Colonial Marines Collection -> Aliens: Colonial Marines Collection (status=exact, score=100)
[2026-09-08T18:24:32.948+0000] {matching.py:235} INFO - [1157390] King Arthur: Knight's Tale -> King Arthur: Knight's Tale (status=exact, score=100)
[2026-09-08T18:24:32.948+0000] {matching.py:235} INFO - [353130] Time of Dragons -> Time of Dragons (status=exact, score=100)
[2026-09-08T18:24:32.949+0000] {matching.py:235} INFO - [1493640] Banishers: Ghosts of New Eden -> Banishers: Ghosts of New Eden (status=exact, score=100)
[2026-09-08T18:24:32.949+0000] {matching.py:235} INFO - [107200] Space Pirates and Zombies -> Space Pirates and Zombies (status=exact, score=100)
[2026-09-08T18:24:32.950+0000] {matching.py:235} INFO - [235210] STRIDER / ストライダー飛竜 -> Strider (status=exact, score=100)
[2026-09-08T18:24:32.950+0000] {matching.py:235} INFO - [378370] Nomad -> Nomad (status=exact, score=100)
[2026-09-08T18:24:32.950+0000] {matching.py:235} INFO - [1332720] Thief Simulator 2 -> Thief Simulator 2 (status=exact, score=100)
[2026-09-08T18:24:32.951+0000] {matching.py:235} INFO - [420290] Blackwake -> Blackwake (status=exact, score=100)
[2026-09-08T18:24:32.951+0000] {matching.py:235} INFO - [737800] F1 2018 -> F1 2018 (status=exact, score=100)
[2026-09-08T18:24:32.951+0000] {matching.py:235} INFO - [592600] PRO EVOLUTION SOCCER 2018 LITE -> PRO EVOLUTION SOCCER 2018 LITE (status=exact, score=100)
[2026-09-08T18:24:32.952+0000] {matching.py:235} INFO - [375820] Human Resource Machine -> Human Resource Machine (status=exact, score=100)
[2026-09-08T18:24:32.952+0000] {matching.py:235} INFO - [1486630] Intravenous -> Intravenous (status=exact, score=100)
[2026-09-08T18:24:32.953+0000] {matching.py:235} INFO - [209540] Strike Suit Zero -> Strike Suit Zero (status=exact, score=100)
[2026-09-08T18:24:32.953+0000] {matching.py:235} INFO - [1031140] The Horus Heresy: Legions -> The Horus Heresy: Legions (status=exact, score=100)
[2026-09-08T18:24:32.954+0000] {matching.py:235} INFO - [1191840] Legend Creatures(传奇生物) -> Legend Creatures(传奇生物) (status=exact, score=100)
[2026-09-08T18:24:32.954+0000] {matching.py:235} INFO - [1562420] FOREWARNED -> FOREWARNED (status=exact, score=100)
[2026-09-08T18:24:32.955+0000] {matching.py:235} INFO - [1307890] Kingdoms Reborn -> Kingdoms Reborn (status=exact, score=100)
[2026-09-08T18:24:32.955+0000] {matching.py:235} INFO - [272470] The Incredible Adventures of Van Helsing II -> The Incredible Adventures of Van Helsing II (status=exact, score=100)
[2026-09-08T18:24:32.956+0000] {matching.py:235} INFO - [1574580] Strange Horticulture -> Strange Horticulture (status=exact, score=100)
[2026-09-08T18:24:32.956+0000] {matching.py:235} INFO - [287370] COH 2 - The Western Front Armies: US Forces -> Company of Heroes 2 - The Western Front Armies: US Forces (status=review, score=83)
[2026-09-08T18:24:32.957+0000] {matching.py:235} INFO - [3320] Insaniquarium Deluxe -> Insaniquarium Deluxe (status=exact, score=100)
[2026-09-08T18:24:32.958+0000] {matching.py:235} INFO - [9050] DOOM 3 -> Doom 3 (status=exact, score=100)
[2026-09-08T18:24:32.959+0000] {matching.py:235} INFO - [314000] Pool Nation FX Lite -> Pool Nation FX Lite (status=exact, score=100)
[2026-09-08T18:24:32.959+0000] {matching.py:235} INFO - [1594940] Little Witch in the Woods -> Little Witch in the Woods (status=exact, score=100)
[2026-09-08T18:24:32.960+0000] {matching.py:235} INFO - [35130] Lara Croft and the Guardian of Light -> Lara Croft and the Guardian of Light (status=exact, score=100)
[2026-09-08T18:24:32.960+0000] {matching.py:235} INFO - [290730] My Lands: Black Gem Hunting -> My Lands: Black Gem Hunting (status=exact, score=100)
[2026-09-08T18:24:32.960+0000] {matching.py:235} INFO - [1532690] BLACKTAIL -> Blacktail (status=exact, score=100)
[2026-09-08T18:24:32.961+0000] {matching.py:235} INFO - [104200] BEEP -> BEEP (status=exact, score=100)
[2026-09-08T18:24:32.961+0000] {matching.py:235} INFO - [338540] Navy Field 2 : Conqueror of the Ocean -> Navy Field 2: Conqueror of the Ocean (status=exact, score=100)
[2026-09-08T18:24:32.962+0000] {matching.py:235} INFO - [2870] X Rebirth -> X Rebirth (status=exact, score=100)
[2026-09-08T18:24:32.962+0000] {matching.py:235} INFO - [438680] One Troll Army -> One Troll Army (status=exact, score=100)
[2026-09-08T18:24:32.962+0000] {matching.py:235} INFO - [342980] Destination Sol -> Destination Sol (status=exact, score=100)
[2026-09-08T18:24:32.963+0000] {matching.py:235} INFO - [705220] Tactical Monsters Rumble Arena -> Tactical Monsters Rumble Arena (status=exact, score=100)
[2026-09-08T18:24:32.963+0000] {matching.py:235} INFO - [260430] The Four Kings Casino and Slots -> The Four Kings Casino and Slots (status=exact, score=100)
[2026-09-08T18:24:32.963+0000] {matching.py:235} INFO - [423710] Invasion: Brain Craving -> Invasion: Brain Craving (status=exact, score=100)
[2026-09-08T18:24:32.964+0000] {matching.py:235} INFO - [244090] Sid Meier’s Ace Patrol: Pacific Skies -> Sid Meier’s Ace Patrol: Pacific Skies (status=exact, score=100)
[2026-09-08T18:24:32.964+0000] {matching.py:235} INFO - [435120] Rusty Lake Hotel -> Rusty Lake Hotel (status=exact, score=100)
[2026-09-08T18:24:32.965+0000] {matching.py:235} INFO - [211400] Deadlight -> Deadlight (status=exact, score=100)
[2026-09-08T18:24:32.965+0000] {matching.py:235} INFO - [1811990] Wildfrost -> Wildfrost (status=exact, score=100)
[2026-09-08T18:24:32.965+0000] {matching.py:235} INFO - [2732820] The Great Rebellion -> The Great Rebellion (status=exact, score=100)
[2026-09-08T18:24:32.966+0000] {matching.py:235} INFO - [517710] Redout: Enhanced Edition -> Seven: Enhanced Edition (status=review, score=80)
[2026-09-08T18:24:32.966+0000] {matching.py:235} INFO - [70400] Recettear: An Item Shop's Tale -> Recettear: An Item Shop's Tale (status=exact, score=100)
[2026-09-08T18:24:32.966+0000] {matching.py:235} INFO - [1283220] Devolverland Expo -> Devolverland Expo (status=exact, score=100)
[2026-09-08T18:24:32.967+0000] {matching.py:235} INFO - [402560] Tabletopia -> Tabletopia (status=exact, score=100)
[2026-09-08T18:24:32.967+0000] {matching.py:235} INFO - [338180] Batla -> Batla (status=exact, score=100)
[2026-09-08T18:24:32.968+0000] {matching.py:235} INFO - [39680] The Guild II Renaissance -> The Guild II Renaissance (status=exact, score=100)
[2026-09-08T18:24:32.968+0000] {matching.py:235} INFO - [7000] Tomb Raider: Legend -> Tomb Raider: Legend (status=exact, score=100)
[2026-09-08T18:24:32.969+0000] {matching.py:235} INFO - [1286350] BPM: BULLETS PER MINUTE -> BPM: BULLETS PER MINUTE (status=exact, score=100)
[2026-09-08T18:24:32.969+0000] {matching.py:235} INFO - [433950] Bit Blaster XL -> Bit Blaster XL (status=exact, score=100)
[2026-09-08T18:24:32.969+0000] {matching.py:235} INFO - [641080] Trials Rising -> Trials Rising (status=exact, score=100)
[2026-09-08T18:24:32.970+0000] {matching.py:235} INFO - [224920] Legacy of Kain: Soul Reaver -> Legacy of Kain: Soul Reaver (status=exact, score=100)
[2026-09-08T18:24:32.970+0000] {matching.py:235} INFO - [1094710] Royal Crown -> Royal Crown (status=exact, score=100)
[2026-09-08T18:24:32.970+0000] {matching.py:235} INFO - [244050] Rise of Flight United -> Rise of Flight United (status=exact, score=100)
[2026-09-08T18:24:32.971+0000] {matching.py:235} INFO - [1238080] Burnout Paradise Remastered -> Burnout Paradise Remastered (status=exact, score=100)
[2026-09-08T18:24:32.971+0000] {matching.py:235} INFO - [403900] Clergy Splode -> Clergy Splode (status=exact, score=100)
[2026-09-08T18:24:32.971+0000] {matching.py:235} INFO - [570780] 古剑奇谭(GuJian) -> GuJian 古剑奇谭 (status=exact, score=100)
[2026-09-08T18:24:32.972+0000] {matching.py:235} INFO - [1392820] Milk inside a bag of milk inside a bag of milk -> Milk inside a bag of milk inside a bag of milk (status=exact, score=100)
[2026-09-08T18:24:32.972+0000] {matching.py:235} INFO - [45740] Dead Rising 2 -> Dead Rising 2 (status=exact, score=100)
[2026-09-08T18:24:32.972+0000] {matching.py:235} INFO - [420560] Firefighting Simulator - The Squad -> Firefighting Simulator (status=high_confidence, score=81)
[2026-09-08T18:24:32.973+0000] {matching.py:235} INFO - [603360] CryptoMoneya -> CryptoMoneya (status=exact, score=100)
[2026-09-08T18:24:32.973+0000] {matching.py:235} INFO - [205650] The Testament of Sherlock Holmes -> The Testament of Sherlock Holmes (status=exact, score=100)
[2026-09-08T18:24:32.974+0000] {matching.py:235} INFO - [341000] Mad Games Tycoon -> Mad Games Tycoon (status=exact, score=100)
[2026-09-08T18:24:32.974+0000] {matching.py:235} INFO - [665180] Dark Elf -> Dark Elf (status=exact, score=100)
[2026-09-08T18:24:32.974+0000] {matching.py:235} INFO - [261180] Lethal League -> Lethal League (status=exact, score=100)
[2026-09-08T18:24:32.975+0000] {matching.py:235} INFO - [1928980] Nightingale -> Nightingale (status=exact, score=100)
[2026-09-08T18:24:32.975+0000] {matching.py:235} INFO - [234390] Teleglitch: Die More Edition -> Teleglitch: Die More Edition (status=exact, score=100)
[2026-09-08T18:24:32.975+0000] {matching.py:235} INFO - [1112400] Project Torque - Free 2 Play MMO Racing Game -> Romans from Mars (Free-to-Play) (status=unmatched, score=46)
[2026-09-08T18:24:32.976+0000] {matching.py:235} INFO - [2909400] FINAL FANTASY VII REBIRTH -> Final Fantasy VII Rebirth (status=exact, score=100)
[2026-09-08T18:24:32.976+0000] {matching.py:235} INFO - [1948800] Yi Xian: The Cultivation Card Game -> Yi Xian: The Cultivation Card Game (status=exact, score=100)
[2026-09-08T18:24:32.977+0000] {matching.py:235} INFO - [846470] Moss VR -> Moss (status=high_confidence, score=73)
[2026-09-08T18:24:32.977+0000] {matching.py:235} INFO - [22650] Alien Breed 2: Assault -> Alien Breed 2: Assault (status=exact, score=100)
[2026-09-08T18:24:32.977+0000] {matching.py:235} INFO - [805850] Wrecked -> Wrecked (status=exact, score=100)
[2026-09-08T18:24:32.978+0000] {matching.py:235} INFO - [7650] X-COM: Terror From the Deep -> X-COM: Terror From the Deep (status=exact, score=100)
[2026-09-08T18:24:32.978+0000] {matching.py:235} INFO - [743890] Mega Man X Legacy Collection -> Mega Man X Legacy Collection (status=exact, score=100)
[2026-09-08T18:24:32.978+0000] {matching.py:235} INFO - [1048540] Kao the Kangaroo: Round 2 (2003 re-release) -> Kao the Kangaroo (2000 re-release) (status=high_confidence, score=86)
[2026-09-08T18:24:32.979+0000] {matching.py:235} INFO - [1364390] Animaze by FaceRig -> Anima: Gate of memories (status=unmatched, score=50)
[2026-09-08T18:24:32.979+0000] {matching.py:235} INFO - [1363430] Propagation VR -> Propagation VR (status=exact, score=100)
[2026-09-08T18:24:32.980+0000] {matching.py:235} INFO - [385070] Atonement: Scourge of Time -> Atonement: Scourge of Time (status=exact, score=100)
[2026-09-08T18:24:32.980+0000] {matching.py:235} INFO - [460810] Vanquish -> Vanquish (status=exact, score=100)
[2026-09-08T18:24:32.980+0000] {matching.py:235} INFO - [740250] Neos VR -> Neos VR (status=exact, score=100)
[2026-09-08T18:24:32.981+0000] {matching.py:235} INFO - [1801110] BOKURA -> BOKURA (status=exact, score=100)
[2026-09-08T18:24:32.981+0000] {matching.py:235} INFO - [293540] Guns and Robots -> Guns and Robots (status=exact, score=100)
[2026-09-08T18:24:32.981+0000] {matching.py:235} INFO - [407130] Tank Mechanic Simulator -> Tank Mechanic Simulator (status=exact, score=100)
[2026-09-08T18:24:32.982+0000] {matching.py:235} INFO - [282900] Hyperdimension Neptunia Re;Birth1 -> Hyperdimension Neptunia Re ; Birth1 (status=review, score=80)
[2026-09-08T18:24:32.982+0000] {matching.py:235} INFO - [1085510] Garfield Kart - Furious Racing -> Garfield Kart - Furious Racing (status=exact, score=100)
[2026-09-08T18:24:32.983+0000] {matching.py:235} INFO - [1069160] SKALD: Against the Black Priory -> SKALD: Against the Black Priory (status=exact, score=100)
[2026-09-08T18:24:32.983+0000] {matching.py:235} INFO - [356500] STAR WARS Galactic Battlegrounds Saga -> STAR WARS Galactic Battlegrounds Saga (status=exact, score=100)
[2026-09-08T18:24:32.983+0000] {matching.py:235} INFO - [284950] Pixel Puzzles: Japan -> Pixel Puzzles: Japan (status=exact, score=100)
[2026-09-08T18:24:32.984+0000] {matching.py:235} INFO - [447850] The Next Door -> The Next Door (status=exact, score=100)
[2026-09-08T18:24:32.984+0000] {matching.py:235} INFO - [304530] Agents of Mayhem -> Agents of Mayhem (status=exact, score=100)
[2026-09-08T18:24:32.984+0000] {matching.py:235} INFO - [1123770] Curse of the Dead Gods -> Curse of the Dead Gods (status=exact, score=100)
[2026-09-08T18:24:32.985+0000] {matching.py:235} INFO - [691260] POPULATION: ONE -> Population: One (status=exact, score=100)
[2026-09-08T18:24:32.985+0000] {matching.py:235} INFO - [690530] 灵魂筹码 Soul at Stake -> BULLET SOUL / バレットソウル -弾魂 (status=unmatched, score=50)
[2026-09-08T18:24:32.986+0000] {matching.py:235} INFO - [1275670] Outcore: Desktop Adventure -> Outcore: Desktop Adventure (status=exact, score=100)
[2026-09-08T18:24:32.986+0000] {matching.py:235} INFO - [2365810] Pseudoregalia -> Pseudoregalia (status=exact, score=100)
[2026-09-08T18:24:32.986+0000] {matching.py:235} INFO - [512790] Quern - Undying Thoughts -> Quern - Undying Thoughts (status=exact, score=100)
[2026-09-08T18:24:32.987+0000] {matching.py:235} INFO - [530330] Blameless -> Blameless (status=exact, score=100)
[2026-09-08T18:24:32.987+0000] {matching.py:235} INFO - [239430] Q.U.B.E: Director's Cut -> Q.U.B.E: Director's Cut (status=exact, score=100)
[2026-09-08T18:24:32.988+0000] {matching.py:235} INFO - [94200] Jamestown -> Jamestown Plus (status=high_confidence, score=78)
[2026-09-08T18:24:32.989+0000] {matching.py:235} INFO - [94590] Puzzle Agent 2 -> Puzzle Agent 2 (status=exact, score=100)
[2026-09-08T18:24:32.989+0000] {matching.py:235} INFO - [393530] Insanity Clicker -> Insanity Clicker (status=exact, score=100)
[2026-09-08T18:24:32.990+0000] {matching.py:235} INFO - [368990] Despair -> Despair (status=exact, score=100)
[2026-09-08T18:24:32.990+0000] {matching.py:235} INFO - [234510] Rising Storm Game of the Year Edition -> Rising Storm Game of the Year Edition (status=exact, score=100)
[2026-09-08T18:24:32.991+0000] {matching.py:235} INFO - [986130] Shadows of Doubt -> Shadows of Doubt (status=exact, score=100)
[2026-09-08T18:24:32.991+0000] {matching.py:235} INFO - [351920] Crazy Machines 3 -> Crazy Machines 3 (status=exact, score=100)
[2026-09-08T18:24:32.992+0000] {matching.py:235} INFO - [340840] The Corridor: On Behalf Of The Dead -> The Corridor: On Behalf Of The Dead (status=exact, score=100)
[2026-09-08T18:24:32.992+0000] {matching.py:235} INFO - [1293160] The Medium -> The Medium (status=exact, score=100)
[2026-09-08T18:24:32.993+0000] {matching.py:235} INFO - [1340530] Mr. Prepper: Prologue -> Mr. Prepper: Prologue (status=exact, score=100)
[2026-09-08T18:24:32.993+0000] {matching.py:235} INFO - [547960] Space Beret -> Space Beret (status=exact, score=100)
[2026-09-08T18:24:32.994+0000] {matching.py:235} INFO - [586980] MadOut2 BigCityOnline [CLOSED] -> MadOut2 BigCityOnline (status=high_confidence, score=86)
[2026-09-08T18:24:32.994+0000] {matching.py:235} INFO - [1660080] Aloft -> Aloft (status=exact, score=100)
[2026-09-08T18:24:32.994+0000] {matching.py:235} INFO - [671510] DESOLATE -> DESOLATE (status=exact, score=100)
[2026-09-08T18:24:32.995+0000] {matching.py:235} INFO - [38420] Fallout Tactics: Brotherhood of Steel -> Fallout Tactics: Brotherhood of Steel (status=exact, score=100)
[2026-09-08T18:24:32.995+0000] {matching.py:235} INFO - [607080] Psychonauts 2 -> Psychonauts 2 (status=exact, score=100)
[2026-09-08T18:24:32.996+0000] {matching.py:235} INFO - [22610] Alien Breed: Impact -> Alien Breed: Impact (status=exact, score=100)
[2026-09-08T18:24:32.996+0000] {matching.py:235} INFO - [357190] ULTIMATE MARVEL VS. CAPCOM 3 -> Ultimate Marvel vs. Capcom 3 (status=exact, score=100)
[2026-09-08T18:24:32.996+0000] {matching.py:235} INFO - [1296610] Peglin -> Peglin (status=exact, score=100)
[2026-09-08T18:24:32.997+0000] {matching.py:235} INFO - [977880] Eastward -> Eastward (status=exact, score=100)
[2026-09-08T18:24:32.997+0000] {matching.py:235} INFO - [1792250] Serious Sam: Siberian Mayhem -> Serious Sam: Siberian Mayhem (status=exact, score=100)
[2026-09-08T18:24:32.998+0000] {matching.py:235} INFO - [1096710] Hello Neighbor Alpha 4 -> Hello Neighbor Alpha 4 (status=exact, score=100)
[2026-09-08T18:24:32.998+0000] {matching.py:235} INFO - [298160] Eldevin -> Eldevin (status=exact, score=100)
[2026-09-08T18:24:32.998+0000] {matching.py:235} INFO - [385730] WWE 2K16 -> WWE 2K16 (status=exact, score=100)
[2026-09-08T18:24:32.999+0000] {matching.py:235} INFO - [1364020] Boundary -> Boundary (status=exact, score=100)
[2026-09-08T18:24:32.999+0000] {matching.py:235} INFO - [824270] KovaaK's -> Kovacs (status=review, score=77)
[2026-09-08T18:24:32.999+0000] {matching.py:235} INFO - [1179680] Wurm Online -> Wurm Online (status=exact, score=100)
[2026-09-08T18:24:33.000+0000] {matching.py:235} INFO - [8600] RACE 07 -> RACE 07 (status=exact, score=100)
[2026-09-08T18:24:33.000+0000] {matching.py:235} INFO - [442070] Drawful 2 -> Drawful 2 (status=exact, score=100)
[2026-09-08T18:24:33.000+0000] {matching.py:235} INFO - [2015270] Rotwood -> Rotwood (status=exact, score=100)
[2026-09-08T18:24:33.001+0000] {matching.py:235} INFO - [318600] The Flame in the Flood -> The Flame in the Flood (status=exact, score=100)
[2026-09-08T18:24:33.001+0000] {matching.py:235} INFO - [883860] Cadria Item Shop -> Cadria Item Shop (status=exact, score=100)
[2026-09-08T18:24:33.002+0000] {matching.py:235} INFO - [226580] F1 2014 -> F1 2014 (status=exact, score=100)
[2026-09-08T18:24:33.002+0000] {matching.py:235} INFO - [1079260] Fireworks Mania - An Explosive Simulator -> Fireworks Mania - An Explosive Simulator (status=exact, score=100)
[2026-09-08T18:24:33.002+0000] {matching.py:235} INFO - [214770] Guacamelee! Gold Edition -> Guacamelee! Gold Edition (status=exact, score=100)
[2026-09-08T18:24:33.003+0000] {matching.py:235} INFO - [418030] Subsistence -> Subsistence (status=exact, score=100)
[2026-09-08T18:24:33.003+0000] {matching.py:235} INFO - [402710] Osiris: New Dawn -> Osiris: New Dawn (status=exact, score=100)
[2026-09-08T18:24:33.004+0000] {matching.py:235} INFO - [2294450] CaseCracker2 -> CaseCracker2 (status=exact, score=100)
[2026-09-08T18:24:33.004+0000] {matching.py:235} INFO - [673750] Super Bunny Man -> Super Bunny Man (status=exact, score=100)
[2026-09-08T18:24:33.004+0000] {matching.py:235} INFO - [449200] Calcu-Late -> Calcu-Late (status=exact, score=100)
[2026-09-08T18:24:33.005+0000] {matching.py:235} INFO - [1281800] Samsara Room -> Samsara Room (status=exact, score=100)
[2026-09-08T18:24:33.005+0000] {matching.py:235} INFO - [2194780] BeachHead Rogue -> BeachHead Rogue (status=exact, score=100)
[2026-09-08T18:24:33.005+0000] {matching.py:235} INFO - [1353300] Idle Slayer -> Idle Slayer (status=exact, score=100)
[2026-09-08T18:24:33.006+0000] {matching.py:235} INFO - [562860] Ion Fury -> Ion Fury (status=exact, score=100)
[2026-09-08T18:24:33.006+0000] {matching.py:235} INFO - [34010] Alpha Protocol -> Alpha Protocol (status=exact, score=100)
[2026-09-08T18:24:33.007+0000] {matching.py:235} INFO - [1504570] Cultivation Tales -> Sammy's Cultivation (status=review, score=80)
[2026-09-08T18:24:33.007+0000] {matching.py:235} INFO - [436180] Spacelords -> Spacelords (status=exact, score=100)
[2026-09-08T18:24:33.008+0000] {matching.py:235} INFO - [1218210] Coromon -> Coromon (status=exact, score=100)
[2026-09-08T18:24:33.008+0000] {matching.py:235} INFO - [872670] SCP: 5K -> SCP: Blackout (status=unmatched, score=56)
[2026-09-08T18:24:33.009+0000] {matching.py:235} INFO - [421120] Samorost 3 -> Samorost 3 (status=exact, score=100)
[2026-09-08T18:24:33.009+0000] {matching.py:235} INFO - [353640] Train Valley -> Train Valley (status=exact, score=100)
[2026-09-08T18:24:33.009+0000] {matching.py:235} INFO - [266410] iRacing -> iRacing (status=exact, score=100)
[2026-09-08T18:24:33.010+0000] {matching.py:235} INFO - [2172180] Howl -> Howl (status=exact, score=100)
[2026-09-08T18:24:33.010+0000] {matching.py:235} INFO - [1129310] Receiver 2 -> Receiver 2 (status=exact, score=100)
[2026-09-08T18:24:33.010+0000] {matching.py:235} INFO - [333600] NEKOPARA Vol. 1 -> NEKOPARA Vol. 1 (status=exact, score=100)
[2026-09-08T18:24:33.011+0000] {matching.py:235} INFO - [2967460] RED TREES RAIL. CO. -> RED TREES RAIL. CO. (status=exact, score=100)
[2026-09-08T18:24:33.011+0000] {matching.py:235} INFO - [929010] Swag and Sorcery -> Swag and Sorcery (status=exact, score=100)
[2026-09-08T18:24:33.011+0000] {matching.py:235} INFO - [785740] This Is the Police 2 -> This Is the Police 2 (status=exact, score=100)
[2026-09-08T18:24:33.012+0000] {matching.py:235} INFO - [723780] Modern Combat Versus -> Modern Combat Versus (status=exact, score=100)
[2026-09-08T18:24:33.012+0000] {matching.py:235} INFO - [1571440] Lunch Lady -> Lunch Lady (status=exact, score=100)
[2026-09-08T18:24:33.012+0000] {matching.py:235} INFO - [313730] Sunrider: Mask of Arcadius -> Sunrider: Mask of Arcadius (status=exact, score=100)
[2026-09-08T18:24:33.013+0000] {matching.py:235} INFO - [248550] Megabyte Punch -> Megabyte Punch (status=exact, score=100)
[2026-09-08T18:24:33.013+0000] {matching.py:235} INFO - [1275890] Baldi's Basics Plus -> Baldi's Basics Plus (status=exact, score=100)
[2026-09-08T18:24:33.014+0000] {matching.py:235} INFO - [1135230] Ember Knights -> Ember Knights (status=exact, score=100)
[2026-09-08T18:24:33.014+0000] {matching.py:235} INFO - [1963040] The Lost Village -> The Lost Village (status=exact, score=100)
[2026-09-08T18:24:33.014+0000] {matching.py:235} INFO - [344760] Reign Of Kings -> Reign Of Kings (status=exact, score=100)
[2026-09-08T18:24:33.015+0000] {matching.py:235} INFO - [675260] Batman: The Enemy Within - The Telltale Series -> Batman: The Telltale Series (status=review, score=75)
[2026-09-08T18:24:33.015+0000] {matching.py:235} INFO - [893180] Catherine Classic -> Catherine (status=high_confidence, score=69)
[2026-09-08T18:24:33.015+0000] {matching.py:235} INFO - [919640] Steel Division 2 -> Steel Division 2 (status=exact, score=100)
[2026-09-08T18:24:33.016+0000] {matching.py:235} INFO - [1276790] Ruined King: A League of Legends Story -> Ruined King: A League of Legends Story (status=exact, score=100)
[2026-09-08T18:24:33.016+0000] {matching.py:235} INFO - [1506630] Minicraft Shooter -> Minicraft Shooter (status=exact, score=100)
[2026-09-08T18:24:33.017+0000] {matching.py:235} INFO - [12360] FlatOut: Ultimate Carnage Collector's Edition -> FlatOut: Ultimate Carnage — Collector's Edition (status=exact, score=100)
[2026-09-08T18:24:33.017+0000] {matching.py:235} INFO - [316790] Grim Fandango Remastered -> Grim Fandango Remastered (status=exact, score=100)
[2026-09-08T18:24:33.018+0000] {matching.py:235} INFO - [1583230] High On Life -> High on Life (status=exact, score=100)
[2026-09-08T18:24:33.018+0000] {matching.py:235} INFO - [624270] The Painscreek Killings -> The Painscreek Killings (status=exact, score=100)
[2026-09-08T18:24:33.019+0000] {matching.py:235} INFO - [1098292] DOOM Eternal: The Ancient Gods - Part One -> Doom Eternal: The Ancient Gods - Part One (status=exact, score=100)
[2026-09-08T18:24:33.020+0000] {matching.py:235} INFO - [629380] Cosmic Pioneer -> Cosmic Pioneer (status=exact, score=100)
[2026-09-08T18:24:33.020+0000] {matching.py:235} INFO - [656350] UnderMine -> UnderMine (status=exact, score=100)
[2026-09-08T18:24:33.021+0000] {matching.py:235} INFO - [1173820] FINAL FANTASY VI -> FINAL FANTASY VI (status=exact, score=100)
[2026-09-08T18:24:33.021+0000] {matching.py:235} INFO - [587790] Deadly Animal Duel -> Deadly Animal Duel (status=exact, score=100)
[2026-09-08T18:24:33.021+0000] {matching.py:235} INFO - [314020] Morphopolis -> Morphopolis (status=exact, score=100)
[2026-09-08T18:24:33.022+0000] {matching.py:235} INFO - [1761390] Hatsune Miku: Project DIVA Mega Mix+ -> Hatsune Miku: Project DIVA Mega Mix+ (status=exact, score=100)
[2026-09-08T18:24:33.022+0000] {matching.py:235} INFO - [1114940] I Wanna Maker -> I Wanna Maker (status=exact, score=100)
[2026-09-08T18:24:33.023+0000] {matching.py:235} INFO - [406970] The Uncertain: Last Quiet Day -> The Uncertain: Last Quiet Day (status=exact, score=100)
[2026-09-08T18:24:33.023+0000] {matching.py:235} INFO - [677160] We Were Here Too -> We Were Here Too (status=exact, score=100)
[2026-09-08T18:24:33.024+0000] {matching.py:235} INFO - [202530] Sonic the Hedgehog 4 - Episode I -> Sonic the Hedgehog 4 - Episode I (status=exact, score=100)
[2026-09-08T18:24:33.024+0000] {matching.py:235} INFO - [24840] Medal of Honor: Airborne -> Medal of Honor: Airborne (status=exact, score=100)
[2026-09-08T18:24:33.025+0000] {matching.py:235} INFO - [337340] Finding Paradise -> Finding Paradise (status=exact, score=100)
[2026-09-08T18:24:33.025+0000] {matching.py:235} INFO - [319150] Hazard Ops -> Hazard Ops (status=exact, score=100)
[2026-09-08T18:24:33.026+0000] {matching.py:235} INFO - [1158980] Idle Big Devil -> Idle Big Devil (status=exact, score=100)
[2026-09-08T18:24:33.026+0000] {matching.py:235} INFO - [24800] Command & Conquer: Red Alert 3 - Uprising -> Command & Conquer: Red Alert 3 - Uprising (status=exact, score=100)
[2026-09-08T18:24:33.027+0000] {matching.py:235} INFO - [200940] Sonic CD -> Sonic CD (status=exact, score=100)
[2026-09-08T18:24:33.027+0000] {matching.py:235} INFO - [846770] DYSMANTLE -> DYSMANTLE (status=exact, score=100)
[2026-09-08T18:24:33.028+0000] {matching.py:235} INFO - [1335790] Operation: Tango -> Operation: Tango (status=exact, score=100)
[2026-09-08T18:24:33.028+0000] {matching.py:235} INFO - [295790] Never Alone (Kisima Ingitchuna) -> Never Alone: Ki Edition (status=review, score=71)
[2026-09-08T18:24:33.028+0000] {matching.py:235} INFO - [388210] Day of the Tentacle Remastered -> Day of the Tentacle Remastered (status=exact, score=100)
[2026-09-08T18:24:33.029+0000] {matching.py:235} INFO - [355790] Styx: Shards of Darkness -> Styx: Shards of Darkness (status=exact, score=100)
[2026-09-08T18:24:33.029+0000] {matching.py:235} INFO - [267530] The LEGO Movie - Videogame -> The LEGO Movie - Videogame (status=exact, score=100)
[2026-09-08T18:24:33.029+0000] {matching.py:235} INFO - [24780] SimCity 4 Deluxe Edition -> SimCity 4 Deluxe Edition (status=exact, score=100)
[2026-09-08T18:24:33.030+0000] {matching.py:235} INFO - [211740] Thief II: The Metal Age -> Thief II: The Metal Age (status=exact, score=100)
[2026-09-08T18:24:33.030+0000] {matching.py:235} INFO - [1000010] Crown Trick -> Crown Trick (status=exact, score=100)
[2026-09-08T18:24:33.031+0000] {matching.py:235} INFO - [224940] Legacy of Kain: Soul Reaver 2 (2001) -> Legacy of Kain: Soul Reaver 2 (status=high_confidence, score=92)
[2026-09-08T18:24:33.031+0000] {matching.py:235} INFO - [900270] Reventure -> Reventure (status=exact, score=100)
[2026-09-08T18:24:33.032+0000] {matching.py:235} INFO - [334310] Plebby Quest: The Crusades -> Plebby Quest: The Crusades (status=exact, score=100)
[2026-09-08T18:24:33.032+0000] {matching.py:235} INFO - [435790] 10 Second Ninja X -> 10 Second Ninja X (status=exact, score=100)
[2026-09-08T18:24:33.032+0000] {matching.py:235} INFO - [434460] Rock of Ages 2: Bigger & Boulder -> Rock of Ages 2: Bigger & Boulder (status=exact, score=100)
[2026-09-08T18:24:33.033+0000] {matching.py:235} INFO - [301970] Screencheat -> Screencheat (status=exact, score=100)
[2026-09-08T18:24:33.033+0000] {matching.py:235} INFO - [438480] Rock 'N' Roll Defense -> Rock 'N' Roll Defense (status=exact, score=100)
[2026-09-08T18:24:33.033+0000] {matching.py:235} INFO - [2683150] Ale & Tale Tavern -> Ale & Tale Tavern: First Pints (status=high_confidence, score=71)
[2026-09-08T18:24:33.034+0000] {matching.py:235} INFO - [2128940] THE 4 SINS -> THE 4 SINS (status=exact, score=100)
[2026-09-08T18:24:33.034+0000] {matching.py:235} INFO - [420740] The Deed -> The Deed (status=exact, score=100)
[2026-09-08T18:24:33.034+0000] {matching.py:235} INFO - [1880330] Sanfu -> Sanfu (status=exact, score=100)
[2026-09-08T18:24:33.035+0000] {matching.py:235} INFO - [569860] Thimbleweed Park -> Thimbleweed Park (status=exact, score=100)
[2026-09-08T18:24:33.035+0000] {matching.py:235} INFO - [588140] ESCAPE FROM VOYNA: Dead Forest -> ESCAPE FROM VOYNA: Dead Forest (status=exact, score=100)
[2026-09-08T18:24:33.035+0000] {matching.py:235} INFO - [215510] Rocketbirds: Hardboiled Chicken -> Rocketbirds: Hardboiled Chicken (status=exact, score=100)
[2026-09-08T18:24:33.036+0000] {matching.py:235} INFO - [1072420] DRAGON QUEST BUILDERS 2 -> Dragon Quest Builders 2 (status=exact, score=100)
[2026-09-08T18:24:33.036+0000] {matching.py:235} INFO - [65780] ARMA: Gold Edition -> ARMA: Gold Edition (status=exact, score=100)
[2026-09-08T18:24:33.036+0000] {matching.py:235} INFO - [586140] BlazBlue Centralfiction -> BlazBlue: Central Fiction (status=high_confidence, score=98)
[2026-09-08T18:24:33.037+0000] {matching.py:235} INFO - [1519350] Madden NFL 22 -> Madden NFL 22 (status=exact, score=100)
[2026-09-08T18:24:33.037+0000] {matching.py:235} INFO - [1197570] Until We Die -> Until We Die (status=exact, score=100)
[2026-09-08T18:24:33.038+0000] {matching.py:235} INFO - [218740] Pid -> Pid (status=exact, score=100)
[2026-09-08T18:24:33.038+0000] {matching.py:235} INFO - [7830] Men of War -> Men of War (status=exact, score=100)
[2026-09-08T18:24:33.038+0000] {matching.py:235} INFO - [1367590] Tormented Souls -> Tormented Souls (status=exact, score=100)
[2026-09-08T18:24:33.039+0000] {matching.py:235} INFO - [812810] missed messages. -> missed messages. (status=exact, score=100)
[2026-09-08T18:24:33.039+0000] {matching.py:235} INFO - [1604000] Milk outside a bag of milk outside a bag of milk -> Milk outside a bag of milk outside a bag of milk (status=exact, score=100)
[2026-09-08T18:24:33.039+0000] {matching.py:235} INFO - [332500] GRAV -> GRAV (status=exact, score=100)
[2026-09-08T18:24:33.040+0000] {matching.py:235} INFO - [2665680] Tower of Babel: Survivors of Chaos -> Tower of Babel: Survivors of Chaos (status=exact, score=100)
[2026-09-08T18:24:33.040+0000] {matching.py:235} INFO - [218510] Planets Under Attack -> Planets Under Attack (status=exact, score=100)
[2026-09-08T18:24:33.040+0000] {matching.py:235} INFO - [488210] JDM Tuner Racing -> JDM Tuner Racing (status=exact, score=100)
[2026-09-08T18:24:33.041+0000] {matching.py:235} INFO - [1615290] Ravenous Devils -> Ravenous Devils (status=exact, score=100)
[2026-09-08T18:24:33.041+0000] {matching.py:235} INFO - [563120] Desolate Wastes: Vendor Chronicles -> Desolate Wastes: Vendor Chronicles (status=exact, score=100)
[2026-09-08T18:24:33.042+0000] {matching.py:235} INFO - [1036890] Shadow Warrior 3: Definitive Edition -> Hyrule Warriors: Definitive Edition (status=review, score=81)
[2026-09-08T18:24:33.042+0000] {matching.py:235} INFO - [311730] DEAD OR ALIVE 5 Last Round: Core Fighters -> DEAD OR ALIVE 5 Last Round: Core Fighters (status=exact, score=100)
[2026-09-08T18:24:33.043+0000] {matching.py:235} INFO - [1590910] Forgive Me Father -> Forgive Me Father (status=exact, score=100)
[2026-09-08T18:24:33.043+0000] {matching.py:235} INFO - [575860] Tomb Joe -> Tomb Joe (status=exact, score=100)
[2026-09-08T18:24:33.044+0000] {matching.py:235} INFO - [6830] Commandos 2: Men of Courage -> Commandos 2: Men of Courage (status=exact, score=100)
[2026-09-08T18:24:33.044+0000] {matching.py:235} INFO - [383270] Hue -> Hue (status=exact, score=100)
[2026-09-08T18:24:33.045+0000] {matching.py:235} INFO - [1286580] Ship of Fools -> Ship of Fools (status=exact, score=100)
[2026-09-08T18:24:33.045+0000] {matching.py:235} INFO - [1579380] Shadow Tactics: Aiko's Choice -> Shadow Tactics: Aiko's Choice (status=exact, score=100)
[2026-09-08T18:24:33.046+0000] {matching.py:235} INFO - [1371580] Myth of Empires -> Myth of Empires (status=exact, score=100)
[2026-09-08T18:24:33.046+0000] {matching.py:235} INFO - [239250] Castlevania: Lords of Shadow 2 -> Castlevania: Lords of Shadow 2 (status=exact, score=100)
[2026-09-08T18:24:33.047+0000] {matching.py:235} INFO - [792300] The Beast Inside -> The Beast Inside (status=exact, score=100)
[2026-09-08T18:24:33.047+0000] {matching.py:235} INFO - [220860] McPixel -> McPixel (status=exact, score=100)
[2026-09-08T18:24:33.047+0000] {matching.py:235} INFO - [375950] Viridi -> Viridi (status=exact, score=100)
[2026-09-08T18:24:33.048+0000] {matching.py:235} INFO - [225600] Blade Symphony -> Blade Symphony (status=exact, score=100)
[2026-09-08T18:24:33.049+0000] {matching.py:235} INFO - [1166290] Death and Taxes -> Death and Taxes (status=exact, score=100)
[2026-09-08T18:24:33.049+0000] {matching.py:235} INFO - [1110390] Unturned - Dedicated Server -> The Bus - Dedicated Server (status=review, score=78)
[2026-09-08T18:24:33.049+0000] {matching.py:235} INFO - [426000] HunieCam Studio -> HunieCam Studio (status=exact, score=100)
[2026-09-08T18:24:33.050+0000] {matching.py:235} INFO - [402390] Hyperdrive Massacre -> Hyperdrive Massacre (status=exact, score=100)
[2026-09-08T18:24:33.050+0000] {matching.py:235} INFO - [2475490] Mouthwashing -> Mouthwashing (status=exact, score=100)
[2026-09-08T18:24:33.051+0000] {matching.py:235} INFO - [1546970] Grand Theft Auto III – The Definitive Edition -> Grand Theft Auto III: The Definitive Edition (status=exact, score=100)
[2026-09-08T18:24:33.051+0000] {matching.py:235} INFO - [280180] Hover -> HOVER (status=exact, score=100)
[2026-09-08T18:24:33.052+0000] {matching.py:235} INFO - [1849250] EA SPORTS WRC -> EA Sports WRC 24 (status=high_confidence, score=90)
[2026-09-08T18:24:33.052+0000] {matching.py:235} INFO - [1237320] Sonic Frontiers -> Sonic Frontiers (status=exact, score=100)
[2026-09-08T18:24:33.052+0000] {matching.py:235} INFO - [278460] Skyborn -> Skyborn (status=exact, score=100)
[2026-09-08T18:24:33.053+0000] {matching.py:235} INFO - [730310] DYNASTY WARRIORS 9 -> DYNASTY WARRIORS 9 (status=exact, score=100)
[2026-09-08T18:24:33.053+0000] {matching.py:235} INFO - [643270] OLDTV -> OLDTV (status=exact, score=100)
[2026-09-08T18:24:33.054+0000] {matching.py:235} INFO - [1119980] In Sound Mind -> In Sound Mind (status=exact, score=100)
[2026-09-08T18:24:33.054+0000] {matching.py:235} INFO - [1078730] Soccer Manager 2020 -> Soccer Manager 2020 (status=exact, score=100)
[2026-09-08T18:24:33.055+0000] {matching.py:235} INFO - [714120] Little Misfortune -> Little Misfortune (status=exact, score=100)
[2026-09-08T18:24:33.055+0000] {matching.py:235} INFO - [680780] DEATH TRAIN - Warning: Unsafe VR Experience -> DEATH TRAIN - Warning: Unsafe VR Experience (status=exact, score=100)
[2026-09-08T18:24:33.056+0000] {matching.py:235} INFO - [501080] Fishing: Barents Sea -> Fishing: Barents Sea (status=exact, score=100)
[2026-09-08T18:24:33.056+0000] {matching.py:235} INFO - [1812450] Bellwright -> Bellwright (status=exact, score=100)
[2026-09-08T18:24:33.057+0000] {matching.py:235} INFO - [207690] Botanicula -> Botanicula (status=exact, score=100)
[2026-09-08T18:24:33.058+0000] {matching.py:235} INFO - [236370] Interstellar Marines -> Interstellar Marines (status=exact, score=100)
[2026-09-08T18:24:33.058+0000] {matching.py:235} INFO - [1339140] BATTLE OF REBELS -> BATTLE OF REBELS (status=exact, score=100)
[2026-09-08T18:24:33.059+0000] {matching.py:235} INFO - [757240] Aimtastic -> Aimtastic (status=exact, score=100)
[2026-09-08T18:24:33.059+0000] {matching.py:235} INFO - [705210] Cube Racer -> Cube Racer (status=exact, score=100)
[2026-09-08T18:24:33.060+0000] {matching.py:235} INFO - [1568440] Sands of Fire -> Sands of Fire (status=exact, score=100)
[2026-09-08T18:24:33.061+0000] {matching.py:235} INFO - [1178030] Star Fetchers -> Star Fetchers (status=exact, score=100)
[2026-09-08T18:24:33.061+0000] {matching.py:235} INFO - [699170] Fell Seal: Arbiter's Mark -> Fell Seal: Arbiter's Mark (status=exact, score=100)
[2026-09-08T18:24:33.061+0000] {matching.py:235} INFO - [250340] Blockland -> Blockland (status=exact, score=100)
[2026-09-08T18:24:33.062+0000] {matching.py:235} INFO - [365960] rFactor 2 -> rFactor 2 (status=exact, score=100)
[2026-09-08T18:24:33.062+0000] {matching.py:235} INFO - [2878200] Supreme Ruler Global Outbreak -> Supreme Ruler Global Outbreak (status=exact, score=100)
[2026-09-08T18:24:33.062+0000] {matching.py:235} INFO - [1179580] KAKU: Ancient Seal -> KAKU: Ancient Seal (status=exact, score=100)
[2026-09-08T18:24:33.063+0000] {matching.py:235} INFO - [251150] The Legend of Heroes: Trails in the Sky -> The Legend of Heroes: Trails in the Sky (status=exact, score=100)
[2026-09-08T18:24:33.064+0000] {matching.py:235} INFO - [587860] Tales of Escape -> Tales of Escape (status=exact, score=100)
[2026-09-08T18:24:33.064+0000] {matching.py:235} INFO - [2361390] 全球戒备 -> 全球戒备 (status=exact, score=100)
[2026-09-08T18:24:33.064+0000] {matching.py:235} INFO - [2302660] Homicipher -> Homicipher (status=exact, score=100)
[2026-09-08T18:24:33.065+0000] {matching.py:235} INFO - [2695940] PANICORE -> PANICORE (status=exact, score=100)
[2026-09-08T18:24:33.065+0000] {matching.py:235} INFO - [1286530] Black Skylands: Origins -> Black Skylands: Origins (status=exact, score=100)
[2026-09-08T18:24:33.066+0000] {matching.py:235} INFO - [26900] Crayon Physics Deluxe -> Crayon Physics Deluxe (status=exact, score=100)
[2026-09-08T18:24:33.066+0000] {matching.py:235} INFO - [1477830] HudSight - crosshair overlay -> Avoid - Sensory Overload (status=unmatched, score=46)
[2026-09-08T18:24:33.066+0000] {matching.py:235} INFO - [963330] Nya Nya Nya Girls (ʻʻʻ)_(=^･ω･^=)_(ʻʻʻ) -> Nya Nya Nya Girls (ʻʻʻ)_(=^･ω･^=)_(ʻʻʻ) (status=exact, score=100)
[2026-09-08T18:24:33.067+0000] {matching.py:235} INFO - [222750] Wargame: Airland Battle -> Wargame: Airland Battle (status=exact, score=100)
[2026-09-08T18:24:33.067+0000] {matching.py:235} INFO - [449140] Istrolid -> Istrolid (status=exact, score=100)
[2026-09-08T18:24:33.068+0000] {matching.py:235} INFO - [1342330] Mad Games Tycoon 2 -> Mad Games Tycoon 2 (status=exact, score=100)
[2026-09-08T18:24:33.068+0000] {matching.py:235} INFO - [218820] Mercenary Kings: Reloaded Edition -> Mercenary Kings Reloaded (status=high_confidence, score=86)
[2026-09-08T18:24:33.069+0000] {matching.py:235} INFO - [215930] Jagged Alliance 2 - Wildfire -> Jagged Alliance 2 - Wildfire (status=exact, score=100)
[2026-09-08T18:24:33.069+0000] {matching.py:235} INFO - [1032430] Blood Trail -> Blood Trail (status=exact, score=100)
[2026-09-08T18:24:33.070+0000] {matching.py:235} INFO - [1172650] INDUSTRIA -> Industria (status=exact, score=100)
[2026-09-08T18:24:33.070+0000] {matching.py:235} INFO - [40960] Stronghold 2: Steam Edition -> Stronghold: Definitive Edition (status=unmatched, score=69)
[2026-09-08T18:24:33.071+0000] {matching.py:235} INFO - [688420] Bad North: Jotunn Edition -> Bad North: Jotunn Edition (status=exact, score=100)
[2026-09-08T18:24:33.071+0000] {matching.py:235} INFO - [292410] Street Racing Syndicate -> Street Racing Syndicate (status=exact, score=100)
[2026-09-08T18:24:33.071+0000] {matching.py:235} INFO - [1150760] Gloomwood -> Gloomwood (status=exact, score=100)
[2026-09-08T18:24:33.072+0000] {matching.py:235} INFO - [1191330] Inferna -> Inferna (status=exact, score=100)
[2026-09-08T18:24:33.072+0000] {matching.py:235} INFO - [1407530] Warrior Beneath Heaven -> Warrior Beneath Heaven (status=exact, score=100)
[2026-09-08T18:24:33.072+0000] {matching.py:235} INFO - [266310] GameGuru Classic -> Mob Rule Classic (status=unmatched, score=69)
[2026-09-08T18:24:33.073+0000] {matching.py:235} INFO - [2531310] The Last of Us Part II Remastered -> The Last of Us Part II Remastered (status=exact, score=100)
[2026-09-08T18:24:33.073+0000] {matching.py:235} INFO - [924140] Hand Simulator: Survival -> Hand Simulator: Survival (status=exact, score=100)
[2026-09-08T18:24:33.074+0000] {matching.py:235} INFO - [425580] The Room Two -> The Room Two (status=exact, score=100)
[2026-09-08T18:24:33.074+0000] {matching.py:235} INFO - [239660] Soldier Front 2 -> Soldier Front 2 (status=exact, score=100)
[2026-09-08T18:24:33.075+0000] {matching.py:235} INFO - [1160220] Paradise Killer -> Paradise Killer (status=exact, score=100)
[2026-09-08T18:24:33.075+0000] {matching.py:235} INFO - [1129190] Our Life: Beginnings & Always -> Our Life: Beginnings & Always (status=exact, score=100)
[2026-09-08T18:24:33.076+0000] {matching.py:235} INFO - [9310] Warhammer 40,000: Dawn of War – Winter Assault -> Warhammer 40,000: Dawn of War – Winter Assault (status=exact, score=100)
[2026-09-08T18:24:33.076+0000] {matching.py:235} INFO - [952070] RESIDENT EVIL RESISTANCE -> Resident Evil: Resistance (status=exact, score=100)
[2026-09-08T18:24:33.076+0000] {matching.py:235} INFO - [2059790] 再刷一把 PlayAgain -> 再刷一把 PlayAgain (status=exact, score=100)
[2026-09-08T18:24:33.077+0000] {matching.py:235} INFO - [410710] System Shock: Enhanced Edition -> Seven: Enhanced Edition (status=review, score=75)
[2026-09-08T18:24:33.077+0000] {matching.py:235} INFO - [6800] Commandos: Behind Enemy Lines -> Commandos: Behind Enemy Lines (status=exact, score=100)
[2026-09-08T18:24:33.078+0000] {matching.py:235} INFO - [1730590] The Entropy Centre -> The Entropy Centre (status=exact, score=100)
[2026-09-08T18:24:33.078+0000] {matching.py:235} INFO - [618140] Barro -> Barro (status=exact, score=100)
[2026-09-08T18:24:33.078+0000] {matching.py:235} INFO - [34900] Bad Rats: the Rats' Revenge -> Bad Rats: the Rats' Revenge (status=exact, score=100)
[2026-09-08T18:24:33.079+0000] {matching.py:235} INFO - [965200] Walking Zombie 2 -> Walking Zombie 2 (status=exact, score=100)
[2026-09-08T18:24:33.079+0000] {matching.py:235} INFO - [797430] HD Poker: Texas Hold'em -> HD Poker: Texas Hold’em (status=exact, score=100)
[2026-09-08T18:24:33.079+0000] {matching.py:235} INFO - [1252600] ANOTHER EDEN -> ANOTHER EDEN (status=exact, score=100)
[2026-09-08T18:24:33.080+0000] {matching.py:235} INFO - [800270] Terraforming Mars -> Terraforming Mars (status=exact, score=100)
[2026-09-08T18:24:33.080+0000] {matching.py:235} INFO - [298900] Space Hulk: Deathwing -> Space Hulk: Deathwing (status=exact, score=100)
[2026-09-08T18:24:33.080+0000] {matching.py:235} INFO - [368390] The Darkside Detective -> The Darkside Detective (status=exact, score=100)
[2026-09-08T18:24:33.081+0000] {matching.py:235} INFO - [283880] Heroine's Quest: The Herald of Ragnarok -> Heroine's Quest: The Herald of Ragnarok (status=exact, score=100)
[2026-09-08T18:24:33.081+0000] {matching.py:235} INFO - [314410] Rampage Knights -> Rampage Knights (status=exact, score=100)
[2026-09-08T18:24:33.082+0000] {matching.py:235} INFO - [403560] Eaten Alive -> Eaten Alive (status=exact, score=100)
[2026-09-08T18:24:33.082+0000] {matching.py:235} INFO - [375530] Football, Tactics & Glory -> Football Tactics (status=high_confidence, score=84)
[2026-09-08T18:24:33.082+0000] {matching.py:235} INFO - [2351560] Apocalypse Party -> Apocalypse Party (status=exact, score=100)
[2026-09-08T18:24:33.083+0000] {matching.py:235} INFO - [691020] Fog Of War - Free Edition -> Fog Of War - Free Edition (status=exact, score=100)
[2026-09-08T18:24:33.083+0000] {matching.py:235} INFO - [1712840] Tiny Tina's Assault on Dragon Keep: A Wonderlands One-shot Adventure -> Tiny Tina's Assault on Dragon Keep: A Wonderlands One-shot Adventure (status=exact, score=100)
[2026-09-08T18:24:33.084+0000] {matching.py:235} INFO - [381990] Dragon Saga -> Dragon Saga (status=exact, score=100)
[2026-09-08T18:24:33.084+0000] {matching.py:235} INFO - [1556200] Predator: Hunting Grounds -> Predator: Hunting Grounds (status=exact, score=100)
[2026-09-08T18:24:33.084+0000] {matching.py:235} INFO - [33110] Alien Shooter: Revisited -> Alien Shooter: Revisited (status=exact, score=100)
[2026-09-08T18:24:33.085+0000] {matching.py:235} INFO - [328080] Rise to Ruins -> Rise to Ruins (status=exact, score=100)
[2026-09-08T18:24:33.085+0000] {matching.py:235} INFO - [429180] Project CARS - Pagani Edition -> Project CARS - Pagani Edition (status=exact, score=100)
[2026-09-08T18:24:33.086+0000] {matching.py:235} INFO - [1386900] Observer: System Redux -> Observer: System Redux (status=exact, score=100)
[2026-09-08T18:24:33.086+0000] {matching.py:235} INFO - [2445690] Lost Castle 2 -> Lost Castle 2 (status=exact, score=100)
[2026-09-08T18:24:33.086+0000] {matching.py:235} INFO - [1084520] 雀姬/姫麻雀 -> 雀姬 (status=exact, score=100)
[2026-09-08T18:24:33.087+0000] {matching.py:235} INFO - [757320] Atomicrops -> Atomicrops (status=exact, score=100)
[2026-09-08T18:24:33.087+0000] {matching.py:235} INFO - [2803960] VR NINJA DOJO -> VR NINJA DOJO (status=exact, score=100)
[2026-09-08T18:24:33.088+0000] {matching.py:235} INFO - [1204050] Pixel Studio for pixel art -> Super Pixels - Pixel Art Drawing (status=review, score=71)
[2026-09-08T18:24:33.088+0000] {matching.py:235} INFO - [3320100] Drowned God: Conspiracy of the Ages. -> Drowned God: Conspiracy of the Ages. (status=exact, score=100)
[2026-09-08T18:24:33.088+0000] {matching.py:235} INFO - [200900] Cave Story+ -> Cave Story+ (status=exact, score=100)
[2026-09-08T18:24:33.089+0000] {matching.py:235} INFO - [920490] Driver Booster for Steam -> Driver Booster 3 for STEAM (status=high_confidence, score=96)
[2026-09-08T18:24:33.089+0000] {matching.py:235} INFO - [436110] Medusa's Labyrinth -> Medusa's Labyrinth (status=exact, score=100)
[2026-09-08T18:24:33.090+0000] {matching.py:235} INFO - [400940] Budget Cuts -> Budget Cuts (status=exact, score=100)
[2026-09-08T18:24:33.090+0000] {matching.py:235} INFO - [1220010] Home Behind 2 -> Home Behind 2 (status=exact, score=100)
[2026-09-08T18:24:33.091+0000] {matching.py:235} INFO - [757310] Sable -> Sable (status=exact, score=100)
[2026-09-08T18:24:33.091+0000] {matching.py:235} INFO - [39650] The Guild II -> The Guild II (status=exact, score=100)
[2026-09-08T18:24:33.092+0000] {matching.py:235} INFO - [2666510] Rusty's Retirement -> Rusty's Retirement (status=exact, score=100)
[2026-09-08T18:24:33.092+0000] {matching.py:235} INFO - [1433140] The Texas Chain Saw Massacre -> The Texas Chain Saw Massacre (status=exact, score=100)
[2026-09-08T18:24:33.093+0000] {matching.py:235} INFO - [1024380] Second Extinction -> Second Extinction (status=exact, score=100)
[2026-09-08T18:24:33.093+0000] {matching.py:235} INFO - [466300] Planescape: Torment: Enhanced Edition -> Planescape: Torment: Enhanced Edition (status=exact, score=100)
[2026-09-08T18:24:33.094+0000] {matching.py:235} INFO - [816340] Kingdom Rush Origins - Tower Defense -> Kingdom Rush Origins (status=high_confidence, score=74)
[2026-09-08T18:24:33.094+0000] {matching.py:235} INFO - [1239520] Madden NFL 21 -> Madden NFL 21 (status=exact, score=100)
[2026-09-08T18:24:33.094+0000] {matching.py:235} INFO - [1003890] Blacksad: Under the Skin -> Blacksad: Under the Skin (status=exact, score=100)
[2026-09-08T18:24:33.095+0000] {matching.py:235} INFO - [837380] DeoVR Video Player -> SourVR Video Player (status=unmatched, score=65)
[2026-09-08T18:24:33.095+0000] {matching.py:235} INFO - [280640] Dark Shadows - Army of Evil -> Dark Shadows - Army of Evil (status=exact, score=100)
[2026-09-08T18:24:33.096+0000] {matching.py:235} INFO - [359900] The Incredible Adventures of Van Helsing III -> The Incredible Adventures of Van Helsing III (status=exact, score=100)
[2026-09-08T18:24:33.096+0000] {matching.py:235} INFO - [684410] Bridge Constructor Portal -> Bridge Constructor Portal (status=exact, score=100)
[2026-09-08T18:24:33.096+0000] {matching.py:235} INFO - [892420] 懒人修仙传 -> 懒人修仙传 (status=exact, score=100)
[2026-09-08T18:24:33.097+0000] {matching.py:235} INFO - [209650] Call of Duty: Advanced Warfare - Gold Edition -> Call of Duty: Advanced Warfare - Gold Edition (status=exact, score=100)
[2026-09-08T18:24:33.097+0000] {matching.py:235} INFO - [1318690] shapez -> shapez (status=exact, score=100)
[2026-09-08T18:24:33.098+0000] {matching.py:235} INFO - [764030] Realm Revolutions -> Realm Revolutions (status=exact, score=100)
[2026-09-08T18:24:33.098+0000] {matching.py:235} INFO - [443580] Antenna -> Antenna (status=exact, score=100)
[2026-09-08T18:24:33.098+0000] {matching.py:235} INFO - [1404850] Luck be a Landlord -> Luck be a Landlord (status=exact, score=100)
[2026-09-08T18:24:33.099+0000] {matching.py:235} INFO - [764050] Maelstrom -> Maelstrom (status=exact, score=100)
[2026-09-08T18:24:33.099+0000] {matching.py:235} INFO - [245470] Democracy 3 -> Democracy 3 (status=exact, score=100)
[2026-09-08T18:24:33.099+0000] {matching.py:235} INFO - [39160] Dungeon Siege III -> Dungeon Siege (status=high_confidence, score=87)
[2026-09-08T18:24:33.100+0000] {matching.py:235} INFO - [530070] Train Sim World 2020 -> Train Sim World 2020 (status=exact, score=100)
[2026-09-08T18:24:33.100+0000] {matching.py:235} INFO - [466500] 35MM -> 35MM (status=exact, score=100)
[2026-09-08T18:24:33.101+0000] {matching.py:235} INFO - [274500] Brigador: Up-Armored Edition -> Brigador: Up-Armored Edition (status=exact, score=100)
[2026-09-08T18:24:33.101+0000] {matching.py:235} INFO - [861540] Dicey Dungeons -> Dicey Dungeons (status=exact, score=100)
[2026-09-08T18:24:33.101+0000] {matching.py:235} INFO - [755800] Hades' Star -> Hades' Star (status=exact, score=100)
[2026-09-08T18:24:33.101+0000] {matching.py:235} INFO - [60] Ricochet -> Ricochet (status=exact, score=100)
[2026-09-08T18:24:33.102+0000] {matching.py:235} INFO - [277430] Halo: Spartan Assault -> Halo: Spartan Assault (status=exact, score=100)
[2026-09-08T18:24:33.102+0000] {matching.py:235} INFO - [520440] GUILTY GEAR Xrd REV 2 -> Guilty Gear Xrd REV 2 (status=exact, score=100)
[2026-09-08T18:24:33.103+0000] {matching.py:235} INFO - [526160] The Wild Eight -> The Wild Eight (status=exact, score=100)
[2026-09-08T18:24:33.103+0000] {matching.py:235} INFO - [547680] Guild Quest -> Guild Quest (status=exact, score=100)
[2026-09-08T18:24:33.103+0000] {matching.py:235} INFO - [1170760] XIII - Classic -> Kingdom: Classic (status=unmatched, score=67)
[2026-09-08T18:24:33.104+0000] {matching.py:235} INFO - [2993780] FANTASY LIFE i: The Girl Who Steals Time -> Fantasy Life i: The Girl Who Steals Time (status=exact, score=100)
[2026-09-08T18:24:33.104+0000] {matching.py:235} INFO - [976590] Bus Simulator 21 Next Stop -> Bus Simulator 21 Next Stop (status=exact, score=100)
[2026-09-08T18:24:33.104+0000] {matching.py:235} INFO - [518150] Intruder -> Intruder (status=exact, score=100)
[2026-09-08T18:24:33.105+0000] {matching.py:235} INFO - [321270] UNLOVED -> UNLOVED (status=exact, score=100)
[2026-09-08T18:24:33.105+0000] {matching.py:235} INFO - [1469330] Unlimited Fight -> Unlimited Fight (status=exact, score=100)
[2026-09-08T18:24:33.105+0000] {matching.py:235} INFO - [1229380] Everhood -> Everhood (status=exact, score=100)
[2026-09-08T18:24:33.106+0000] {matching.py:235} INFO - [512250] Oh...Sir!! The Insult Simulator -> Oh...Sir!! The Insult Simulator (status=exact, score=100)
[2026-09-08T18:24:33.106+0000] {matching.py:235} INFO - [98800] Dungeons of Dredmor -> Dungeons of Dredmor (status=exact, score=100)
[2026-09-08T18:24:33.106+0000] {matching.py:235} INFO - [384490] NECROPOLIS: BRUTAL EDITION -> 8bitWar: Necropolis (status=unmatched, score=65)
[2026-09-08T18:24:33.107+0000] {matching.py:235} INFO - [2763670] Arctic Eggs -> Arctic Eggs (status=exact, score=100)
[2026-09-08T18:24:33.107+0000] {matching.py:235} INFO - [360740] Downwell -> Downwell (status=exact, score=100)
[2026-09-08T18:24:33.107+0000] {matching.py:235} INFO - [258760] Scania Truck Driving Simulator -> Scania Truck Driving Simulator (status=exact, score=100)
[2026-09-08T18:24:33.108+0000] {matching.py:235} INFO - [435530] The Final Station -> The Final Station (status=exact, score=100)
[2026-09-08T18:24:33.108+0000] {matching.py:235} INFO - [412470] Metal War Online: Retribution -> Metal War Online: Retribution (status=exact, score=100)
[2026-09-08T18:24:33.109+0000] {matching.py:235} INFO - [692530] Community Garden -> Community Garden (status=exact, score=100)
[2026-09-08T18:24:33.109+0000] {matching.py:235} INFO - [1410640] Syberia: The World Before -> Syberia: The World Before (status=exact, score=100)
[2026-09-08T18:24:33.109+0000] {matching.py:235} INFO - [1662940] Anatomy of Fear -> Anatomy of Fear (status=exact, score=100)
[2026-09-08T18:24:33.110+0000] {matching.py:235} INFO - [264140] Pixel Piracy -> Pixel Piracy (status=exact, score=100)
[2026-09-08T18:24:33.110+0000] {matching.py:235} INFO - [1016120] PGA TOUR 2K21 -> PGA TOUR 2K21 (status=exact, score=100)
[2026-09-08T18:24:33.110+0000] {matching.py:235} INFO - [1591520] Clownfield 2042 -> Clownfield 2042 (status=exact, score=100)
[2026-09-08T18:24:33.111+0000] {matching.py:235} INFO - [2071280] Ravenswatch -> Ravenswatch (status=exact, score=100)
[2026-09-08T18:24:33.111+0000] {matching.py:235} INFO - [13570] Tom Clancy's Splinter Cell Chaos Theory -> Tom Clancy's Splinter Cell Chaos Theory (status=exact, score=100)
[2026-09-08T18:24:33.111+0000] {matching.py:235} INFO - [893030] Music Racer -> Music Racer (status=exact, score=100)
[2026-09-08T18:24:33.112+0000] {matching.py:235} INFO - [1563180] Internet Cafe Simulator 2 -> Internet Cafe Simulator 2 (status=exact, score=100)
[2026-09-08T18:24:33.112+0000] {matching.py:235} INFO - [829590] CryoFall -> CryoFall (status=exact, score=100)
[2026-09-08T18:24:33.112+0000] {matching.py:235} INFO - [102840] Shank 2 -> Shank 2 (status=exact, score=100)
[2026-09-08T18:24:33.113+0000] {matching.py:235} INFO - [1283410] Tails of Iron -> Tails of Iron (status=exact, score=100)
[2026-09-08T18:24:33.113+0000] {matching.py:235} INFO - [233700] Sword of the Stars: The Pit -> Sword of the Stars: The Pit (status=exact, score=100)
[2026-09-08T18:24:33.114+0000] {matching.py:235} INFO - [1525700] Tavern Master -> Tavern Master (status=exact, score=100)
[2026-09-08T18:24:33.114+0000] {matching.py:235} INFO - [496680] SweatShop -> SweatShop (status=exact, score=100)
[2026-09-08T18:24:33.114+0000] {matching.py:235} INFO - [1583320] Pro Soccer Online -> Pro Soccer Online (status=exact, score=100)
[2026-09-08T18:24:33.115+0000] {matching.py:235} INFO - [1533420] Neon White -> Neon White (status=exact, score=100)
[2026-09-08T18:24:33.115+0000] {matching.py:235} INFO - [243040] Startopia -> Startopia (status=exact, score=100)
[2026-09-08T18:24:33.116+0000] {matching.py:235} INFO - [333950] Medieval Engineers -> Medieval Engineers (status=exact, score=100)
[2026-09-08T18:24:33.116+0000] {matching.py:235} INFO - [557810] Clicker Guild -> Clicker Guild (status=exact, score=100)
[2026-09-08T18:24:33.116+0000] {matching.py:235} INFO - [293780] Crawl -> Crawl (status=exact, score=100)
[2026-09-08T18:24:33.117+0000] {matching.py:235} INFO - [1275630] Drug Dealer Simulator: Free Sample -> Drug Dealer Simulator: Free Sample (status=exact, score=100)
[2026-09-08T18:24:33.117+0000] {matching.py:235} INFO - [595280] Throne of Lies: Medieval Politics -> Throne of Lies®: Medieval Politics (status=exact, score=100)
[2026-09-08T18:24:33.118+0000] {matching.py:235} INFO - [386280] Vendetta - Curse of Raven's Cry -> Vendetta - Curse of Raven's Cry (status=exact, score=100)
[2026-09-08T18:24:33.118+0000] {matching.py:235} INFO - [493370] Ragnarok Clicker -> Ragnarok Clicker (status=exact, score=100)
[2026-09-08T18:24:33.119+0000] {matching.py:235} INFO - [333640] Caves of Qud -> Caves of Qud (status=exact, score=100)
[2026-09-08T18:24:33.119+0000] {matching.py:235} INFO - [934780] American Fugitive -> American Fugitive (status=exact, score=100)
[2026-09-08T18:24:33.120+0000] {matching.py:235} INFO - [2194530] Yog-Sothoth’s Yard -> Yog-Sothoth’s Yard (status=exact, score=100)
[2026-09-08T18:24:33.120+0000] {matching.py:235} INFO - [408410] X-Morph: Defense -> X-Morph: Defense (status=exact, score=100)
[2026-09-08T18:24:33.121+0000] {matching.py:235} INFO - [262940] Broken Sword 5 - the Serpent's Curse -> Broken Sword 5 - The Serpent's Curse (status=exact, score=100)
[2026-09-08T18:24:33.121+0000] {matching.py:235} INFO - [979060] Bloons Adventure Time TD -> Bloons Adventure Time TD (status=exact, score=100)
[2026-09-08T18:24:33.122+0000] {matching.py:235} INFO - [868360] Project Hospital -> Project Hospital (status=exact, score=100)
[2026-09-08T18:24:33.122+0000] {matching.py:235} INFO - [1148590] DOOM 64 -> Doom 64 (status=exact, score=100)
[2026-09-08T18:24:33.122+0000] {matching.py:235} INFO - [329070] SpyParty -> SpyParty (status=exact, score=100)
[2026-09-08T18:24:33.123+0000] {matching.py:235} INFO - [498660] Mind Spheres -> Mind Spheres (status=exact, score=100)
[2026-09-08T18:24:33.123+0000] {matching.py:235} INFO - [456670] Hand of Fate 2 -> Hand of Fate 2 (status=exact, score=100)
[2026-09-08T18:24:33.124+0000] {matching.py:235} INFO - [897450] The Survivalists -> The Survivalists (status=exact, score=100)
[2026-09-08T18:24:33.124+0000] {matching.py:235} INFO - [253940] Septerra Core -> Subterra (status=unmatched, score=57)
[2026-09-08T18:24:33.125+0000] {matching.py:235} INFO - [1084160] Jagged Alliance 3 -> Jagged Alliance 3 (status=exact, score=100)
[2026-09-08T18:24:33.126+0000] {matching.py:235} INFO - [589780] The Red Strings Club -> The Red Strings Club (status=exact, score=100)
[2026-09-08T18:24:33.126+0000] {matching.py:235} INFO - [979110] Space Haven -> Space Haven (status=exact, score=100)
[2026-09-08T18:24:33.126+0000] {matching.py:235} INFO - [1138850] Heavenly Bodies -> Heavenly Bodies (status=exact, score=100)
[2026-09-08T18:24:33.127+0000] {matching.py:235} INFO - [2495450] Winter Memories -> Winter Memories (status=exact, score=100)
[2026-09-08T18:24:33.127+0000] {matching.py:235} INFO - [3920] Sid Meier's Pirates! -> Sid Meier's Pirates! (status=exact, score=100)
[2026-09-08T18:24:33.128+0000] {matching.py:235} INFO - [753420] Dungreed -> Dungreed (status=exact, score=100)
[2026-09-08T18:24:33.128+0000] {matching.py:235} INFO - [513560] Hunger Dungeon -> Hunger Dungeon (status=exact, score=100)
[2026-09-08T18:24:33.128+0000] {matching.py:235} INFO - [231140] Cities XL Platinum -> Cities XL Platinum (status=exact, score=100)
[2026-09-08T18:24:33.129+0000] {matching.py:235} INFO - [1476720] Retro Run -> Retro Run (status=exact, score=100)
[2026-09-08T18:24:33.129+0000] {matching.py:235} INFO - [729000] Wytchwood -> Wytchwood (status=exact, score=100)
[2026-09-08T18:24:33.130+0000] {matching.py:235} INFO - [249990] FORCED: Slightly Better Edition -> Paper Beast - Folded Edition (status=unmatched, score=61)
[2026-09-08T18:24:33.130+0000] {matching.py:235} INFO - [2768430] ATLYSS -> ATLYSS (status=exact, score=100)
[2026-09-08T18:24:33.130+0000] {matching.py:235} INFO - [299740] Miscreated -> Miscreated (status=exact, score=100)
[2026-09-08T18:24:33.131+0000] {matching.py:235} INFO - [2155180] Pioneers of Pagonia -> Pioneers of Pagonia (status=exact, score=100)
[2026-09-08T18:24:33.131+0000] {matching.py:235} INFO - [514900] >observer_ -> Observer2 (status=high_confidence, score=94)
[2026-09-08T18:24:33.132+0000] {matching.py:235} INFO - [470310] TROUBLESHOOTER: Abandoned Children -> TROUBLESHOOTER: Abandoned Children (status=exact, score=100)
[2026-09-08T18:24:33.132+0000] {matching.py:235} INFO - [314660] Oddworld: New 'n' Tasty -> Oddworld: New 'n' Tasty (status=exact, score=100)
[2026-09-08T18:24:33.132+0000] {matching.py:235} INFO - [294040] Loot Hero DX -> Loot Hero DX (status=exact, score=100)
[2026-09-08T18:24:33.133+0000] {matching.py:235} INFO - [875310] LIBERATED -> Liberated (status=exact, score=100)
[2026-09-08T18:24:33.133+0000] {matching.py:235} INFO - [1255630] WWE 2K22 -> WWE 2K22 (status=exact, score=100)
[2026-09-08T18:24:33.133+0000] {matching.py:235} INFO - [1351080] Pharaoh: A New Era -> Pharaoh: A New Era (status=exact, score=100)
[2026-09-08T18:24:33.134+0000] {matching.py:235} INFO - [382560] Hot Lava -> Hot Lava (status=exact, score=100)
[2026-09-08T18:24:33.134+0000] {matching.py:235} INFO - [1267470] Warriors of the Nile -> Warriors of the Nile (status=exact, score=100)
[2026-09-08T18:24:33.134+0000] {matching.py:235} INFO - [571310] SteamWorld Dig 2 -> SteamWorld Dig 2 (status=exact, score=100)
[2026-09-08T18:24:33.135+0000] {matching.py:235} INFO - [401190] Dinosaur Hunt -> Dinosaur Hunt (status=exact, score=100)
[2026-09-08T18:24:33.135+0000] {matching.py:235} INFO - [2646460] Soulmask -> Soulmask (status=exact, score=100)
[2026-09-08T18:24:33.136+0000] {matching.py:235} INFO - [926990] WolfQuest: Anniversary Edition -> WolfQuest: Anniversary Edition (status=exact, score=100)
[2026-09-08T18:24:33.136+0000] {matching.py:235} INFO - [1024480] Immortal Realms: Vampire Wars -> Immortal Realms: Vampire Wars (status=exact, score=100)
[2026-09-08T18:24:33.136+0000] {matching.py:235} INFO - [1651560] Fabledom -> Fabledom (status=exact, score=100)
[2026-09-08T18:24:33.137+0000] {matching.py:235} INFO - [699920] Despotism 3k -> Despotism 3k (status=exact, score=100)
[2026-09-08T18:24:33.137+0000] {matching.py:235} INFO - [839770] Phoenix Point -> Phoenix Point (status=exact, score=100)
[2026-09-08T18:24:33.138+0000] {matching.py:235} INFO - [402840] Crusaders of the Lost Idols -> Crusaders of the Lost Idols (status=exact, score=100)
[2026-09-08T18:24:33.138+0000] {matching.py:235} INFO - [979080] Rebel Forces -> Rebel Forces (status=exact, score=100)
[2026-09-08T18:24:33.138+0000] {matching.py:235} INFO - [674750] Yet Another Zombie Defense HD -> Yet Another Zombie Defense HD (status=exact, score=100)
[2026-09-08T18:24:33.139+0000] {matching.py:235} INFO - [268650] From the Depths -> From the Depths (status=exact, score=100)
[2026-09-08T18:24:33.139+0000] {matching.py:235} INFO - [2232840] Garten of Banban -> Garten of Banban (status=exact, score=100)
[2026-09-08T18:24:33.139+0000] {matching.py:235} INFO - [33120] Alien Shooter 2: Reloaded -> Alien Shooter 2: Reloaded (status=exact, score=100)
[2026-09-08T18:24:33.140+0000] {matching.py:235} INFO - [915810] Midnight Ghost Hunt -> Midnight Ghost Hunt (status=exact, score=100)
[2026-09-08T18:24:33.140+0000] {matching.py:235} INFO - [336510] Anno Online -> Anno Online (status=exact, score=100)
[2026-09-08T18:24:33.140+0000] {matching.py:235} INFO - [25900] King's Bounty: The Legend -> King's Bounty: The Legend (status=exact, score=100)
[2026-09-08T18:24:33.141+0000] {matching.py:235} INFO - [952860] 河洛群俠傳 (Ho Tu Lo Shu ： The Books of Dragon) -> 河洛群俠傳 (Ho Tu Lo Shu ： The Books of Dragon) (status=exact, score=100)
[2026-09-08T18:24:33.141+0000] {matching.py:235} INFO - [2248760] Car For Sale Simulator -> Car For Sale Simulator 2023 (status=high_confidence, score=90)
[2026-09-08T18:24:33.142+0000] {matching.py:235} INFO - [1105420] Game of Thrones Winter is Coming -> Game of Thrones Winter is Coming (status=exact, score=100)
[2026-09-08T18:24:33.142+0000] {matching.py:235} INFO - [572410] Steel Division: Normandy 44 -> Steel Division: Normandy 44 (status=exact, score=100)
[2026-09-08T18:24:33.142+0000] {matching.py:235} INFO - [750130] The Sinking City Remastered -> The Sinking City Remastered (status=exact, score=100)
[2026-09-08T18:24:33.143+0000] {matching.py:235} INFO - [40400] AI War: Fleet Command -> AI War: Fleet Command (status=exact, score=100)
[2026-09-08T18:24:33.143+0000] {matching.py:235} INFO - [1220140] Cartel Tycoon -> Cartel Tycoon (status=exact, score=100)
[2026-09-08T18:24:33.144+0000] {matching.py:235} INFO - [805940] RUSSIA BATTLEGROUNDS -> RUSSIA BATTLEGROUNDS (status=exact, score=100)
[2026-09-08T18:24:33.144+0000] {matching.py:235} INFO - [38700] Toki Tori -> Toki Tori (status=exact, score=100)
[2026-09-08T18:24:33.144+0000] {matching.py:235} INFO - [26500] Cogs -> Cogs (status=exact, score=100)
[2026-09-08T18:24:33.145+0000] {matching.py:235} INFO - [667600] Sky Force Reloaded -> Sky Force Reloaded (status=exact, score=100)
[2026-09-08T18:24:33.145+0000] {matching.py:235} INFO - [3297010] Futon and Rocket Launcher -> Futon and Rocket Launcher (status=exact, score=100)
[2026-09-08T18:24:33.145+0000] {matching.py:235} INFO - [578620] GORN -> GORN (status=exact, score=100)
[2026-09-08T18:24:33.146+0000] {matching.py:235} INFO - [17440] SPORE Creepy & Cute Parts Pack -> SPORE Creepy & Cute Parts Pack (status=exact, score=100)
[2026-09-08T18:24:33.146+0000] {matching.py:235} INFO - [1104280] The Slormancer -> The Slormancer (status=exact, score=100)
[2026-09-08T18:24:33.147+0000] {matching.py:235} INFO - [1203630] Record of Lodoss War-Deedlit in Wonder Labyrinth- -> Record of Lodoss War: Deedlit in Wonder Labyrinth (status=review, score=84)
[2026-09-08T18:24:33.147+0000] {matching.py:235} INFO - [252610] Death Road to Canada -> Death Road to Canada (status=exact, score=100)
[2026-09-08T18:24:33.147+0000] {matching.py:235} INFO - [220740] Chaos on Deponia -> Chaos on Deponia (status=exact, score=100)
[2026-09-08T18:24:33.148+0000] {matching.py:235} INFO - [1140270] Monster Prom 2: Monster Camp -> Monster Prom 2: Monster Camp (status=exact, score=100)
[2026-09-08T18:24:33.148+0000] {matching.py:235} INFO - [340050] Survivalist -> Survivalist (status=exact, score=100)
[2026-09-08T18:24:33.148+0000] {matching.py:235} INFO - [493650] Deep Space Dash -> Deep Space Dash (status=exact, score=100)
[2026-09-08T18:24:33.149+0000] {matching.py:235} INFO - [447920] Drift (Over) Drive -> Drift (Over) Drive (status=exact, score=100)
[2026-09-08T18:24:33.149+0000] {matching.py:235} INFO - [327070] Gloria Victis: Medieval MMORPG -> Gloria Victis: Medieval (status=high_confidence, score=86)
[2026-09-08T18:24:33.150+0000] {matching.py:235} INFO - [2162800] shapez 2 - Factory -> shapez 2 (status=high_confidence, score=67)
[2026-09-08T18:24:33.150+0000] {matching.py:235} INFO - [813230] ANIMAL WELL -> Animal Well (status=exact, score=100)
[2026-09-08T18:24:33.150+0000] {matching.py:235} INFO - [7660] X-COM: Apocalypse -> X-COM: Apocalypse (status=exact, score=100)
[2026-09-08T18:24:33.151+0000] {matching.py:235} INFO - [598330] SimAirport -> SimAirport (status=exact, score=100)
[2026-09-08T18:24:33.151+0000] {matching.py:235} INFO - [2217000] Rivals of Aether II -> Rivals of Aether II (status=exact, score=100)
[2026-09-08T18:24:33.151+0000] {matching.py:235} INFO - [234270] Ken Follett's The Pillars of the Earth -> Ken Follett's The Pillars of the Earth (status=exact, score=100)
[2026-09-08T18:24:33.152+0000] {matching.py:235} INFO - [1808800] Duck Simulator 2 -> Duck Simulator 2 (status=exact, score=100)
[2026-09-08T18:24:33.152+0000] {matching.py:235} INFO - [304730] Train Fever -> Train Fever (status=exact, score=100)
[2026-09-08T18:24:33.153+0000] {matching.py:235} INFO - [1126290] Lost -> Lost (status=exact, score=100)
[2026-09-08T18:24:33.153+0000] {matching.py:235} INFO - [825310] Dude Simulator 2 -> Dude Simulator 2 (status=exact, score=100)
[2026-09-08T18:24:33.153+0000] {matching.py:235} INFO - [435400] Hidden Folks -> Hidden Folks (status=exact, score=100)
[2026-09-08T18:24:33.154+0000] {matching.py:235} INFO - [600750] Star Trek Timelines -> Star Trek Timelines (status=exact, score=100)
[2026-09-08T18:24:33.154+0000] {matching.py:235} INFO - [326160] Shroud of the Avatar: Forsaken Virtues -> Shroud of the Avatar: Forsaken Virtues (status=exact, score=100)
[2026-09-08T18:24:33.155+0000] {matching.py:235} INFO - [1079800] Pistol Whip -> Pistol Whip (status=exact, score=100)
[2026-09-08T18:24:33.155+0000] {matching.py:235} INFO - [562360] Planes, Bullets and Vodka -> Planes, Bullets and Vodka (status=exact, score=100)
[2026-09-08T18:24:33.156+0000] {matching.py:235} INFO - [327410] A Bird Story -> A Bird Story (status=exact, score=100)
[2026-09-08T18:24:33.156+0000] {matching.py:235} INFO - [984110] SYNTHETIK: Arena -> SYNTHETIK: Arena (status=exact, score=100)
[2026-09-08T18:24:33.158+0000] {matching.py:235} INFO - [1624540] Storyteller -> Storyteller (status=exact, score=100)
[2026-09-08T18:24:33.158+0000] {matching.py:235} INFO - [983970] Haven -> Haven (status=exact, score=100)
[2026-09-08T18:24:33.159+0000] {matching.py:235} INFO - [1271700] HOT WHEELS UNLEASHED -> Hot Wheels Unleashed (status=exact, score=100)
[2026-09-08T18:24:33.159+0000] {matching.py:235} INFO - [2290] Final DOOM -> Final DOOM (status=exact, score=100)
[2026-09-08T18:24:33.160+0000] {matching.py:235} INFO - [550010] Happy Room -> Happy Room (status=exact, score=100)
[2026-09-08T18:24:33.160+0000] {matching.py:235} INFO - [400240] The Deer -> The Deer (status=exact, score=100)
[2026-09-08T18:24:33.161+0000] {matching.py:235} INFO - [444490] POLYWAR -> POLYWAR (status=exact, score=100)
[2026-09-08T18:24:33.161+0000] {matching.py:235} INFO - [1971650] OCTOPATH TRAVELER II -> OCTOPATH TRAVELER II (status=exact, score=100)
[2026-09-08T18:24:33.161+0000] {matching.py:235} INFO - [254960] Silent Storm Gold Edition -> Silent Storm Gold Edition (status=exact, score=100)
[2026-09-08T18:24:33.162+0000] {matching.py:235} INFO - [2315690] WWE 2K24 -> WWE 2K24 (status=exact, score=100)
[2026-09-08T18:24:33.162+0000] {matching.py:235} INFO - [1587130] Blood West -> Blood West (status=exact, score=100)
[2026-09-08T18:24:33.163+0000] {matching.py:235} INFO - [1559390] Fate Seeker II -> Fate Seeker II (status=exact, score=100)
[2026-09-08T18:24:33.163+0000] {matching.py:235} INFO - [3321220] Escape from Nightmare School -> Escape from Nightmare School (status=exact, score=100)
[2026-09-08T18:24:33.163+0000] {matching.py:235} INFO - [570770] 古剑奇谭二(GuJian2) -> GuJian 古剑奇谭 (status=high_confidence, score=92)
[2026-09-08T18:24:33.164+0000] {matching.py:235} INFO - [966330] Flower -> Flower (status=exact, score=100)
[2026-09-08T18:24:33.164+0000] {matching.py:235} INFO - [498320] Trolley Gold -> Trolley Gold (status=exact, score=100)
[2026-09-08T18:24:33.164+0000] {matching.py:235} INFO - [808290] Runes of Magic -> Runes of Magic (status=exact, score=100)
[2026-09-08T18:24:33.165+0000] {matching.py:235} INFO - [1377380] Night of the Dead -> Night of the Dead (status=exact, score=100)
[2026-09-08T18:24:33.165+0000] {matching.py:235} INFO - [1035930] Nyasha -> Nyasha (status=exact, score=100)
[2026-09-08T18:24:33.166+0000] {matching.py:235} INFO - [1714320] Find Love or Die Trying -> Find Love or Die Trying (status=exact, score=100)
[2026-09-08T18:24:33.166+0000] {matching.py:235} INFO - [2210] Quake 4 -> Quake IV (status=review, score=80)
[2026-09-08T18:24:33.166+0000] {matching.py:235} INFO - [1197260] The Perfect Tower II -> The Perfect Tower II (status=exact, score=100)
[2026-09-08T18:24:33.167+0000] {matching.py:235} INFO - [857980] Void Bastards -> Void Bastards (status=exact, score=100)
[2026-09-08T18:24:33.167+0000] {matching.py:235} INFO - [326410] Windward -> Windward (status=exact, score=100)
[2026-09-08T18:24:33.167+0000] {matching.py:235} INFO - [99910] Puzzle Pirates -> Puzzle Pirates (status=exact, score=100)
[2026-09-08T18:24:33.168+0000] {matching.py:235} INFO - [2084030] Pitch Black: A Dusklight Story - Episode One -> Pitch Black: A Dusklight Story - Episode One (status=exact, score=100)
[2026-09-08T18:24:33.168+0000] {matching.py:235} INFO - [387860] the static speaks my name -> the static speaks my name (status=exact, score=100)
[2026-09-08T18:24:33.169+0000] {matching.py:235} INFO - [487120] Citadel: Forged with Fire -> Citadel: Forged with Fire (status=exact, score=100)
[2026-09-08T18:24:33.169+0000] {matching.py:235} INFO - [1328350] Turbo Overkill -> Turbo Overkill (status=exact, score=100)
[2026-09-08T18:24:33.170+0000] {matching.py:235} INFO - [269770] Secrets of Grindea -> Secrets of Grindea (status=exact, score=100)
[2026-09-08T18:24:33.170+0000] {matching.py:235} INFO - [3483] Peggle Extreme -> Peggle Extreme (status=exact, score=100)
[2026-09-08T18:24:33.170+0000] {matching.py:235} INFO - [370360] TIS-100 -> TIS-100 (status=exact, score=100)
[2026-09-08T18:24:33.171+0000] {matching.py:235} INFO - [1900] Earth 2160 -> Earth 2160 (status=exact, score=100)
[2026-09-08T18:24:33.171+0000] {matching.py:235} INFO - [204240] The Bridge -> The Bridge (status=exact, score=100)
[2026-09-08T18:24:33.171+0000] {matching.py:235} INFO - [1190970] House Flipper 2 -> House Flipper 2 (status=exact, score=100)
[2026-09-08T18:24:33.172+0000] {matching.py:235} INFO - [540840] Lara Croft GO -> Lara Croft GO (status=exact, score=100)
[2026-09-08T18:24:33.172+0000] {matching.py:235} INFO - [9160] Master Levels for Doom II -> Master Levels for Doom II (status=exact, score=100)
[2026-09-08T18:24:33.172+0000] {matching.py:235} INFO - [695920] Super Seducer : How to Talk to Girls -> Super Monsters’n Girls (status=unmatched, score=58)
[2026-09-08T18:24:33.173+0000] {matching.py:235} INFO - [340540] TDP4:Team Battle -> TDP4:Team Battle (status=exact, score=100)
[2026-09-08T18:24:33.173+0000] {matching.py:235} INFO - [25800] Europa Universalis III Complete -> Europa Universalis III Complete (status=exact, score=100)
[2026-09-08T18:24:33.174+0000] {matching.py:235} INFO - [363890] RPG Maker MV -> RPG Maker MV (status=exact, score=100)
[2026-09-08T18:24:33.174+0000] {matching.py:235} INFO - [243930] Bound By Flame -> Bound by Flame (status=exact, score=100)
[2026-09-08T18:24:33.174+0000] {matching.py:235} INFO - [1121640] The Wandering Village -> The Wandering Village (status=exact, score=100)
[2026-09-08T18:24:33.175+0000] {matching.py:235} INFO - [2068280] Nordic Ashes: Survivors of Ragnarok -> Nordic Ashes: Survivors of Ragnarok (status=exact, score=100)
[2026-09-08T18:24:33.175+0000] {matching.py:235} INFO - [19980] Prince of Persia -> prince of Persia (status=exact, score=100)
[2026-09-08T18:24:33.176+0000] {matching.py:235} INFO - [1368030] ANNO: Mutationem -> Anno: Mutationem (status=exact, score=100)
[2026-09-08T18:24:33.176+0000] {matching.py:235} INFO - [528510] Turbo Pug 3D -> Turbo Pug 3D (status=exact, score=100)
[2026-09-08T18:24:33.176+0000] {matching.py:235} INFO - [1310520] Occupy Mars: Prologue -> Occupy Mars: Prologue (status=exact, score=100)
[2026-09-08T18:24:33.177+0000] {matching.py:235} INFO - [354640] The Settlers Online -> The Settlers Online (status=exact, score=100)
[2026-09-08T18:24:33.177+0000] {matching.py:235} INFO - [1874880] Arma Reforger -> Arma Reforger (status=exact, score=100)
[2026-09-08T18:24:33.178+0000] {matching.py:235} INFO - [208750] Apotheon -> Apotheon (status=exact, score=100)
[2026-09-08T18:24:33.178+0000] {matching.py:235} INFO - [386620] Cook, Serve, Delicious! 2!! -> Cook, Serve, Delicious! 2!! (status=exact, score=100)
[2026-09-08T18:24:33.178+0000] {matching.py:235} INFO - [215470] Primal Carnage -> Primal Carnage (status=exact, score=100)
[2026-09-08T18:24:33.179+0000] {matching.py:235} INFO - [57650] Dungeons -> DUNGEONS (status=exact, score=100)
[2026-09-08T18:24:33.179+0000] {matching.py:235} INFO - [1205520] Pentiment -> Pentiment (status=exact, score=100)
[2026-09-08T18:24:33.179+0000] {matching.py:235} INFO - [226720] LOST PLANET 3 -> Lost Planet 3 (status=exact, score=100)
[2026-09-08T18:24:33.180+0000] {matching.py:235} INFO - [434170] The Jackbox Party Pack 3 -> The Jackbox Party Pack 3 (status=exact, score=100)
[2026-09-08T18:24:33.180+0000] {matching.py:235} INFO - [663390] Rento Fortune: Online Dice Board Game (大富翁) -> Rento - Dice Board Game Online (status=high_confidence, score=88)
[2026-09-08T18:24:33.181+0000] {matching.py:235} INFO - [2555030] Limsod -> Limsod (status=exact, score=100)
[2026-09-08T18:24:33.181+0000] {matching.py:235} INFO - [212630] Tom Clancy's Ghost Recon: Future Soldier -> Tom Clancy's Ghost Recon: Future Soldier (status=exact, score=100)
[2026-09-08T18:24:33.181+0000] {matching.py:235} INFO - [115110] Stacking -> Stacking (status=exact, score=100)
[2026-09-08T18:24:33.182+0000] {matching.py:235} INFO - [224300] Legacy of Kain: Defiance (2003) -> Legacy of Kain: Defiance (status=high_confidence, score=90)
[2026-09-08T18:24:33.182+0000] {matching.py:235} INFO - [608990] The Archotek Project -> The Archotek Project (status=exact, score=100)
[2026-09-08T18:24:33.182+0000] {matching.py:235} INFO - [41100] Hammerfight -> Hammerfight (status=exact, score=100)
[2026-09-08T18:24:33.183+0000] {matching.py:235} INFO - [1362420] Siege Survival: Gloria Victis Prologue -> Siege Survival: Gloria Victis Prologue (status=exact, score=100)
[2026-09-08T18:24:33.183+0000] {matching.py:235} INFO - [2357910] Home Safety Hotline -> Home Safety Hotline (status=exact, score=100)
[2026-09-08T18:24:33.183+0000] {matching.py:235} INFO - [1278060] Orqa FPV.SkyDive -> Orqa FPV.SkyDive (status=exact, score=100)
[2026-09-08T18:24:33.184+0000] {matching.py:235} INFO - [869760] Stoneshard: Prologue -> Stoneshard: Prologue (status=exact, score=100)
[2026-09-08T18:24:33.184+0000] {matching.py:235} INFO - [422970] Devil Daggers -> Devil Daggers (status=exact, score=100)
[2026-09-08T18:24:33.184+0000] {matching.py:235} INFO - [1412190] BEACHED -> Beached (status=exact, score=100)
[2026-09-08T18:24:33.185+0000] {matching.py:235} INFO - [372540] The Lost Mythologies -> The Lost Mythologies (status=exact, score=100)
[2026-09-08T18:24:33.185+0000] {matching.py:235} INFO - [558990] Opus Magnum -> Opus Magnum (status=exact, score=100)
[2026-09-08T18:24:33.185+0000] {matching.py:235} INFO - [1938010] WILD HEARTS -> Wild Hearts (status=exact, score=100)
[2026-09-08T18:24:33.186+0000] {matching.py:235} INFO - [1556790] Isonzo -> Isonzo (status=exact, score=100)
[2026-09-08T18:24:33.186+0000] {matching.py:235} INFO - [296870] Dreaming Sarah -> Dreaming Sarah (status=exact, score=100)
[2026-09-08T18:24:33.187+0000] {matching.py:235} INFO - [1484720] Dead Estate -> Dead Estate (status=exact, score=100)
[2026-09-08T18:24:33.187+0000] {matching.py:235} INFO - [1097130] Circuit Superstars -> Circuit Superstars (status=exact, score=100)
[2026-09-08T18:24:33.187+0000] {matching.py:235} INFO - [237630] DuckTales: Remastered -> DuckTales: Remastered (status=exact, score=100)
[2026-09-08T18:24:33.188+0000] {matching.py:235} INFO - [265210] Viscera Cleanup Detail: Santa's Rampage -> Viscera Cleanup Detail: Santa's Rampage (status=exact, score=100)
[2026-09-08T18:24:33.189+0000] {matching.py:235} INFO - [1264280] Slipways -> Slipways (status=exact, score=100)
[2026-09-08T18:24:33.189+0000] {matching.py:235} INFO - [95300] Capsized -> Capsized (status=exact, score=100)
[2026-09-08T18:24:33.190+0000] {matching.py:235} INFO - [363930] Dead Age -> Dead Age (status=exact, score=100)
[2026-09-08T18:24:33.191+0000] {matching.py:235} INFO - [1252780] Bloons Monkey City -> Bloons Monkey City (status=exact, score=100)
[2026-09-08T18:24:33.191+0000] {matching.py:235} INFO - [1272320] Diplomacy is Not an Option -> Diplomacy is Not an Option (status=exact, score=100)
[2026-09-08T18:24:33.192+0000] {matching.py:235} INFO - [522470] The House of Da Vinci -> The House of da Vinci (status=exact, score=100)
[2026-09-08T18:24:33.192+0000] {matching.py:235} INFO - [207490] Rayman Origins -> Rayman Origins (status=exact, score=100)
[2026-09-08T18:24:33.192+0000] {matching.py:235} INFO - [1822030] The Library of Babel -> The Library of Babel (status=exact, score=100)
[2026-09-08T18:24:33.193+0000] {matching.py:235} INFO - [40950] Stronghold HD (2012) -> Stronghold (2010) (status=high_confidence, score=85)
[2026-09-08T18:24:33.193+0000] {matching.py:235} INFO - [466170] Idling to Rule the Gods -> Idling to Rule the Gods (status=exact, score=100)
[2026-09-08T18:24:33.193+0000] {matching.py:235} INFO - [423880] Carpe Diem -> Carpe Diem (status=exact, score=100)
[2026-09-08T18:24:33.194+0000] {matching.py:235} INFO - [108210] Memoir '44 Online -> Memoir '44 Online (status=exact, score=100)
[2026-09-08T18:24:33.194+0000] {matching.py:235} INFO - [8170] Battlestations Pacific -> Battlestations: Pacific (status=exact, score=100)
[2026-09-08T18:24:33.194+0000] {matching.py:235} INFO - [2378620] Anomaly Agent -> Anomaly Agent (status=exact, score=100)
[2026-09-08T18:24:33.195+0000] {matching.py:235} INFO - [222520] Champions of Regnum -> Champions of Regnum (status=exact, score=100)
[2026-09-08T18:24:33.195+0000] {matching.py:235} INFO - [312450] Order of Battle: World War II -> Order of Battle: World War II (status=exact, score=100)
[2026-09-08T18:24:33.195+0000] {matching.py:235} INFO - [647960] Rusted Warfare - RTS -> Rusted Warfare - RTS (status=exact, score=100)
[2026-09-08T18:24:33.196+0000] {matching.py:235} INFO - [1288320] Way of the Hunter -> Way of the Hunter (status=exact, score=100)
[2026-09-08T18:24:33.196+0000] {matching.py:235} INFO - [895620] Spellcaster University -> Spellcaster University (status=exact, score=100)
[2026-09-08T18:24:33.197+0000] {matching.py:235} INFO - [1732190] FATAL FRAME / PROJECT ZERO: Maiden of Black Water -> Fatal Frame: Maiden of Black Water (status=review, score=84)
[2026-09-08T18:24:33.197+0000] {matching.py:235} INFO - [318430] Squishy the Suicidal Pig -> Squishy the Suicidal Pig (status=exact, score=100)
[2026-09-08T18:24:33.198+0000] {matching.py:235} INFO - [297020] The Culling Of The Cows -> The Culling Of The Cows (status=exact, score=100)
[2026-09-08T18:24:33.198+0000] {matching.py:235} INFO - [746580] HARDCORE MECHA -> HARDCORE MECHA (status=exact, score=100)
[2026-09-08T18:24:33.198+0000] {matching.py:235} INFO - [2056220] Bloody Hell -> Bloody Hell (status=exact, score=100)
[2026-09-08T18:24:33.199+0000] {matching.py:235} INFO - [1468720] Ultimate Epic Battle Simulator 2 -> Ultimate Epic Battle Simulator 2 (status=exact, score=100)
[2026-09-08T18:24:33.199+0000] {matching.py:235} INFO - [307960] IL-2 Sturmovik: Battle of Stalingrad -> IL-2 Sturmovik: Battle of Stalingrad (status=exact, score=100)
[2026-09-08T18:24:33.200+0000] {matching.py:235} INFO - [32390] STAR WARS Jedi Knight - Mysteries of the Sith -> STAR WARS Jedi Knight - Mysteries of the Sith (status=exact, score=100)
[2026-09-08T18:24:33.200+0000] {matching.py:235} INFO - [1216320] Shieldwall -> Shieldwall (status=exact, score=100)
[2026-09-08T18:24:33.200+0000] {matching.py:235} INFO - [214870] Painkiller Hell & Damnation -> Painkiller Hell & Damnation (status=exact, score=100)
[2026-09-08T18:24:33.201+0000] {matching.py:235} INFO - [471550] Nine Parchments -> Nine Parchments (status=exact, score=100)
[2026-09-08T18:24:33.459+0000] {postgres.py:108} INFO - Berhasil upsert 3000 baris ke game_source_mapping
[2026-09-08T18:24:33.637+0000] {postgres.py:159} INFO - Berhasil insert 2887 game baru ke dim_game
[2026-09-08T18:24:43.731+0000] {postgres.py:257} INFO - Selesai upsert dim_genre/dim_platform + bridge table untuk 2887 game baru
[2026-09-08T18:24:43.732+0000] {steam_analytics.py:185} INFO - Silver dimensions selesai. Game baru diproses: 3000
[2026-09-08T18:24:44.015+0000] {python.py:237} INFO - Done. Returned value was: None
[2026-09-08T18:24:44.016+0000] {taskinstance.py:441} INFO - ::group::Post task execution logs
[2026-09-08T18:24:44.032+0000] {taskinstance.py:1206} INFO - Marking task as SUCCESS. dag_id=steam_analytics_daily, task_id=process_new_games_and_dimensions, run_id=scheduled__2026-09-07T02:00:00+00:00, execution_date=20260907T020000, start_date=20260908T182429, end_date=20260908T182444
[2026-09-08T18:24:44.077+0000] {local_task_job_runner.py:243} INFO - Task exited with return code 0
[2026-09-08T18:24:44.116+0000] {taskinstance.py:3503} INFO - 1 downstream tasks scheduled from follow-on schedule check
[2026-09-08T18:24:44.119+0000] {local_task_job_runner.py:222} INFO - ::endgroup::
