[2026-09-04T07:33:54.032+0000] {local_task_job_runner.py:120} INFO - ::group::Pre task execution logs
[2026-09-04T07:33:54.063+0000] {taskinstance.py:2076} INFO - Dependencies all met for dep_context=non-requeueable deps ti=<TaskInstance: steam_analytics_daily.extract_rawg_to_bronze scheduled__2026-09-03T02:00:00+00:00 [queued]>
[2026-09-04T07:33:54.070+0000] {taskinstance.py:2076} INFO - Dependencies all met for dep_context=requeueable deps ti=<TaskInstance: steam_analytics_daily.extract_rawg_to_bronze scheduled__2026-09-03T02:00:00+00:00 [queued]>
[2026-09-04T07:33:54.070+0000] {taskinstance.py:2306} INFO - Starting attempt 1 of 2
[2026-09-04T07:33:54.081+0000] {taskinstance.py:2330} INFO - Executing <Task(_PythonDecoratedOperator): extract_rawg_to_bronze> on 2026-09-03 02:00:00+00:00
[2026-09-04T07:33:54.088+0000] {logging_mixin.py:188} WARNING - /home/***/.local/lib/python3.12/site-packages/***/task/task_runner/standard_task_runner.py:62 DeprecationWarning: This process (pid=238) is multi-threaded, use of fork() may lead to deadlocks in the child.
[2026-09-04T07:33:54.087+0000] {standard_task_runner.py:90} INFO - Running: ['***', 'tasks', 'run', 'steam_analytics_daily', 'extract_rawg_to_bronze', 'scheduled__2026-09-03T02:00:00+00:00', '--job-id', '3', '--raw', '--subdir', 'DAGS_FOLDER/steam_analytics.py', '--cfg-path', '/tmp/tmpyso6j8x_']
[2026-09-04T07:33:54.088+0000] {standard_task_runner.py:64} INFO - Started process 239 to run task
[2026-09-04T07:33:54.089+0000] {standard_task_runner.py:91} INFO - Job 3: Subtask extract_rawg_to_bronze
[2026-09-04T07:33:54.129+0000] {task_command.py:426} INFO - Running <TaskInstance: steam_analytics_daily.extract_rawg_to_bronze scheduled__2026-09-03T02:00:00+00:00 [running]> on host 3762623e3598
[2026-09-04T07:33:54.210+0000] {taskinstance.py:2648} INFO - Exporting env vars: AIRFLOW_CTX_DAG_OWNER='data_engineer' AIRFLOW_CTX_DAG_ID='steam_analytics_daily' AIRFLOW_CTX_TASK_ID='extract_rawg_to_bronze' AIRFLOW_CTX_EXECUTION_DATE='2026-09-03T02:00:00+00:00' AIRFLOW_CTX_TRY_NUMBER='1' AIRFLOW_CTX_DAG_RUN_ID='scheduled__2026-09-03T02:00:00+00:00'
[2026-09-04T07:33:54.211+0000] {taskinstance.py:430} INFO - ::endgroup::
[2026-09-04T07:33:54.211+0000] {steam_analytics.py:101} INFO - Memulai extract RAWG untuk 2026-09-03
[2026-09-04T07:33:54.324+0000] {minio_client.py:91} INFO - Berhasil membaca 1000 record dari s3://steam-analytics/bronze/steamspy/2026-09-03/data.json
[2026-09-04T07:33:54.346+0000] {taskinstance.py:441} INFO - ::group::Post task execution logs
[2026-09-04T07:33:54.356+0000] {taskinstance.py:2905} ERROR - Task failed with exception
Traceback (most recent call last):
  File "/home/airflow/.local/lib/python3.12/site-packages/airflow/models/taskinstance.py", line 465, in _execute_task
    result = _execute_callable(context=context, **execute_callable_kwargs)
             ^^^^^^^^^^^^^^^^^^^^^^^^^^^^^^^^^^^^^^^^^^^^^^^^^^^^^^^^^^^^^
  File "/home/airflow/.local/lib/python3.12/site-packages/airflow/models/taskinstance.py", line 432, in _execute_callable
    return execute_callable(context=context, **execute_callable_kwargs)
           ^^^^^^^^^^^^^^^^^^^^^^^^^^^^^^^^^^^^^^^^^^^^^^^^^^^^^^^^^^^^
  File "/home/airflow/.local/lib/python3.12/site-packages/airflow/models/baseoperator.py", line 401, in wrapper
    return func(self, *args, **kwargs)
           ^^^^^^^^^^^^^^^^^^^^^^^^^^^
  File "/home/airflow/.local/lib/python3.12/site-packages/airflow/decorators/base.py", line 265, in execute
    return_value = super().execute(context)
                   ^^^^^^^^^^^^^^^^^^^^^^^^
  File "/home/airflow/.local/lib/python3.12/site-packages/airflow/models/baseoperator.py", line 401, in wrapper
    return func(self, *args, **kwargs)
           ^^^^^^^^^^^^^^^^^^^^^^^^^^^
  File "/home/airflow/.local/lib/python3.12/site-packages/airflow/operators/python.py", line 235, in execute
    return_value = self.execute_callable()
                   ^^^^^^^^^^^^^^^^^^^^^^^
  File "/home/airflow/.local/lib/python3.12/site-packages/airflow/operators/python.py", line 252, in execute_callable
    return self.python_callable(*self.op_args, **self.op_kwargs)
           ^^^^^^^^^^^^^^^^^^^^^^^^^^^^^^^^^^^^^^^^^^^^^^^^^^^^^
  File "/opt/airflow/dags/steam_analytics.py", line 138, in extract_rawg_to_bronze
    conn = postgres.get_connection()
           ^^^^^^^^^^^^^^^^^^^^^^^^^
  File "/opt/airflow/src/load/postgres.py", line 49, in get_connection
    return hook.get_conn()
           ^^^^^^^^^^^^^^^
  File "/home/airflow/.local/lib/python3.12/site-packages/airflow/providers/postgres/hooks/postgres.py", line 145, in get_conn
    conn = deepcopy(self.connection or self.get_connection(conn_id))
                                       ^^^^^^^^^^^^^^^^^^^^^^^^^^^^
  File "/home/airflow/.local/lib/python3.12/site-packages/airflow/hooks/base.py", line 83, in get_connection
    conn = Connection.get_connection_from_secrets(conn_id)
           ^^^^^^^^^^^^^^^^^^^^^^^^^^^^^^^^^^^^^^^^^^^^^^^
  File "/home/airflow/.local/lib/python3.12/site-packages/airflow/models/connection.py", line 519, in get_connection_from_secrets
    raise AirflowNotFoundException(f"The conn_id `{conn_id}` isn't defined")
airflow.exceptions.AirflowNotFoundException: The conn_id `postgres_warehouse` isn't defined
[2026-09-04T07:33:54.366+0000] {taskinstance.py:1206} INFO - Marking task as UP_FOR_RETRY. dag_id=steam_analytics_daily, task_id=extract_rawg_to_bronze, run_id=scheduled__2026-09-03T02:00:00+00:00, execution_date=20260903T020000, start_date=20260904T073354, end_date=20260904T073354
[2026-09-04T07:33:54.378+0000] {standard_task_runner.py:110} ERROR - Failed to execute job 3 for task extract_rawg_to_bronze (The conn_id `postgres_warehouse` isn't defined; 239)
[2026-09-04T07:33:54.422+0000] {local_task_job_runner.py:243} INFO - Task exited with return code 1
[2026-09-04T07:33:54.445+0000] {taskinstance.py:3503} INFO - 0 downstream tasks scheduled from follow-on schedule check
[2026-09-04T07:33:54.446+0000] {local_task_job_runner.py:222} INFO - ::endgroup::
[2026-09-04T07:47:25.885+0000] {local_task_job_runner.py:120} INFO - ::group::Pre task execution logs
[2026-09-04T07:47:25.916+0000] {taskinstance.py:2076} INFO - Dependencies all met for dep_context=non-requeueable deps ti=<TaskInstance: steam_analytics_daily.extract_rawg_to_bronze scheduled__2026-09-03T02:00:00+00:00 [queued]>
[2026-09-04T07:47:25.923+0000] {taskinstance.py:2076} INFO - Dependencies all met for dep_context=requeueable deps ti=<TaskInstance: steam_analytics_daily.extract_rawg_to_bronze scheduled__2026-09-03T02:00:00+00:00 [queued]>
[2026-09-04T07:47:25.924+0000] {taskinstance.py:2306} INFO - Starting attempt 1 of 2
[2026-09-04T07:47:25.934+0000] {taskinstance.py:2330} INFO - Executing <Task(_PythonDecoratedOperator): extract_rawg_to_bronze> on 2026-09-03 02:00:00+00:00
[2026-09-04T07:47:25.941+0000] {logging_mixin.py:188} WARNING - /home/***/.local/lib/python3.12/site-packages/***/task/task_runner/standard_task_runner.py:62 DeprecationWarning: This process (pid=203) is multi-threaded, use of fork() may lead to deadlocks in the child.
[2026-09-04T07:47:25.942+0000] {standard_task_runner.py:64} INFO - Started process 204 to run task
[2026-09-04T07:47:25.941+0000] {standard_task_runner.py:90} INFO - Running: ['***', 'tasks', 'run', 'steam_analytics_daily', 'extract_rawg_to_bronze', 'scheduled__2026-09-03T02:00:00+00:00', '--job-id', '3', '--raw', '--subdir', 'DAGS_FOLDER/steam_analytics.py', '--cfg-path', '/tmp/tmpace2rr28']
[2026-09-04T07:47:25.942+0000] {standard_task_runner.py:91} INFO - Job 3: Subtask extract_rawg_to_bronze
[2026-09-04T07:47:25.984+0000] {task_command.py:426} INFO - Running <TaskInstance: steam_analytics_daily.extract_rawg_to_bronze scheduled__2026-09-03T02:00:00+00:00 [running]> on host 735f0d5a1378
[2026-09-04T07:47:26.068+0000] {taskinstance.py:2648} INFO - Exporting env vars: AIRFLOW_CTX_DAG_OWNER='data_engineer' AIRFLOW_CTX_DAG_ID='steam_analytics_daily' AIRFLOW_CTX_TASK_ID='extract_rawg_to_bronze' AIRFLOW_CTX_EXECUTION_DATE='2026-09-03T02:00:00+00:00' AIRFLOW_CTX_TRY_NUMBER='1' AIRFLOW_CTX_DAG_RUN_ID='scheduled__2026-09-03T02:00:00+00:00'
[2026-09-04T07:47:26.069+0000] {taskinstance.py:430} INFO - ::endgroup::
[2026-09-04T07:47:26.069+0000] {steam_analytics.py:101} INFO - Memulai extract RAWG untuk 2026-09-03
[2026-09-04T07:47:26.184+0000] {minio_client.py:91} INFO - Berhasil membaca 1000 record dari s3://steam-analytics/bronze/steamspy/2026-09-03/data.json
[2026-09-04T07:47:26.204+0000] {taskinstance.py:441} INFO - ::group::Post task execution logs
[2026-09-04T07:47:26.214+0000] {taskinstance.py:2905} ERROR - Task failed with exception
Traceback (most recent call last):
  File "/home/airflow/.local/lib/python3.12/site-packages/airflow/models/taskinstance.py", line 465, in _execute_task
    result = _execute_callable(context=context, **execute_callable_kwargs)
             ^^^^^^^^^^^^^^^^^^^^^^^^^^^^^^^^^^^^^^^^^^^^^^^^^^^^^^^^^^^^^
  File "/home/airflow/.local/lib/python3.12/site-packages/airflow/models/taskinstance.py", line 432, in _execute_callable
    return execute_callable(context=context, **execute_callable_kwargs)
           ^^^^^^^^^^^^^^^^^^^^^^^^^^^^^^^^^^^^^^^^^^^^^^^^^^^^^^^^^^^^
  File "/home/airflow/.local/lib/python3.12/site-packages/airflow/models/baseoperator.py", line 401, in wrapper
    return func(self, *args, **kwargs)
           ^^^^^^^^^^^^^^^^^^^^^^^^^^^
  File "/home/airflow/.local/lib/python3.12/site-packages/airflow/decorators/base.py", line 265, in execute
    return_value = super().execute(context)
                   ^^^^^^^^^^^^^^^^^^^^^^^^
  File "/home/airflow/.local/lib/python3.12/site-packages/airflow/models/baseoperator.py", line 401, in wrapper
    return func(self, *args, **kwargs)
           ^^^^^^^^^^^^^^^^^^^^^^^^^^^
  File "/home/airflow/.local/lib/python3.12/site-packages/airflow/operators/python.py", line 235, in execute
    return_value = self.execute_callable()
                   ^^^^^^^^^^^^^^^^^^^^^^^
  File "/home/airflow/.local/lib/python3.12/site-packages/airflow/operators/python.py", line 252, in execute_callable
    return self.python_callable(*self.op_args, **self.op_kwargs)
           ^^^^^^^^^^^^^^^^^^^^^^^^^^^^^^^^^^^^^^^^^^^^^^^^^^^^^
  File "/opt/airflow/dags/steam_analytics.py", line 138, in extract_rawg_to_bronze
    conn = postgres.get_connection()
           ^^^^^^^^^^^^^^^^^^^^^^^^^
  File "/opt/airflow/src/load/postgres.py", line 49, in get_connection
    return hook.get_conn()
           ^^^^^^^^^^^^^^^
  File "/home/airflow/.local/lib/python3.12/site-packages/airflow/providers/postgres/hooks/postgres.py", line 145, in get_conn
    conn = deepcopy(self.connection or self.get_connection(conn_id))
                                       ^^^^^^^^^^^^^^^^^^^^^^^^^^^^
  File "/home/airflow/.local/lib/python3.12/site-packages/airflow/hooks/base.py", line 83, in get_connection
    conn = Connection.get_connection_from_secrets(conn_id)
           ^^^^^^^^^^^^^^^^^^^^^^^^^^^^^^^^^^^^^^^^^^^^^^^
  File "/home/airflow/.local/lib/python3.12/site-packages/airflow/models/connection.py", line 519, in get_connection_from_secrets
    raise AirflowNotFoundException(f"The conn_id `{conn_id}` isn't defined")
airflow.exceptions.AirflowNotFoundException: The conn_id `postgres_warehouse` isn't defined
[2026-09-04T07:47:26.224+0000] {taskinstance.py:1206} INFO - Marking task as UP_FOR_RETRY. dag_id=steam_analytics_daily, task_id=extract_rawg_to_bronze, run_id=scheduled__2026-09-03T02:00:00+00:00, execution_date=20260903T020000, start_date=20260904T074725, end_date=20260904T074726
[2026-09-04T07:47:26.235+0000] {standard_task_runner.py:110} ERROR - Failed to execute job 3 for task extract_rawg_to_bronze (The conn_id `postgres_warehouse` isn't defined; 204)
[2026-09-04T07:47:26.276+0000] {local_task_job_runner.py:243} INFO - Task exited with return code 1
[2026-09-04T07:47:26.298+0000] {taskinstance.py:3503} INFO - 0 downstream tasks scheduled from follow-on schedule check
[2026-09-04T07:47:26.300+0000] {local_task_job_runner.py:222} INFO - ::endgroup::
[2026-09-04T07:57:56.318+0000] {local_task_job_runner.py:120} INFO - ::group::Pre task execution logs
[2026-09-04T07:57:56.354+0000] {taskinstance.py:2076} INFO - Dependencies all met for dep_context=non-requeueable deps ti=<TaskInstance: steam_analytics_daily.extract_rawg_to_bronze scheduled__2026-09-03T02:00:00+00:00 [queued]>
[2026-09-04T07:57:56.362+0000] {taskinstance.py:2076} INFO - Dependencies all met for dep_context=requeueable deps ti=<TaskInstance: steam_analytics_daily.extract_rawg_to_bronze scheduled__2026-09-03T02:00:00+00:00 [queued]>
[2026-09-04T07:57:56.363+0000] {taskinstance.py:2306} INFO - Starting attempt 1 of 2
[2026-09-04T07:57:56.374+0000] {taskinstance.py:2330} INFO - Executing <Task(_PythonDecoratedOperator): extract_rawg_to_bronze> on 2026-09-03 02:00:00+00:00
[2026-09-04T07:57:56.381+0000] {standard_task_runner.py:90} INFO - Running: ['***', 'tasks', 'run', 'steam_analytics_daily', 'extract_rawg_to_bronze', 'scheduled__2026-09-03T02:00:00+00:00', '--job-id', '3', '--raw', '--subdir', 'DAGS_FOLDER/steam_analytics.py', '--cfg-path', '/tmp/tmpqhft15fj']
[2026-09-04T07:57:56.382+0000] {logging_mixin.py:188} WARNING - /home/***/.local/lib/python3.12/site-packages/***/task/task_runner/standard_task_runner.py:62 DeprecationWarning: This process (pid=208) is multi-threaded, use of fork() may lead to deadlocks in the child.
[2026-09-04T07:57:56.383+0000] {standard_task_runner.py:91} INFO - Job 3: Subtask extract_rawg_to_bronze
[2026-09-04T07:57:56.383+0000] {standard_task_runner.py:64} INFO - Started process 209 to run task
[2026-09-04T07:57:56.427+0000] {task_command.py:426} INFO - Running <TaskInstance: steam_analytics_daily.extract_rawg_to_bronze scheduled__2026-09-03T02:00:00+00:00 [running]> on host 70e81768a14c
[2026-09-04T07:57:56.508+0000] {taskinstance.py:2648} INFO - Exporting env vars: AIRFLOW_CTX_DAG_OWNER='data_engineer' AIRFLOW_CTX_DAG_ID='steam_analytics_daily' AIRFLOW_CTX_TASK_ID='extract_rawg_to_bronze' AIRFLOW_CTX_EXECUTION_DATE='2026-09-03T02:00:00+00:00' AIRFLOW_CTX_TRY_NUMBER='1' AIRFLOW_CTX_DAG_RUN_ID='scheduled__2026-09-03T02:00:00+00:00'
[2026-09-04T07:57:56.509+0000] {taskinstance.py:430} INFO - ::endgroup::
[2026-09-04T07:57:56.510+0000] {steam_analytics.py:101} INFO - Memulai extract RAWG untuk 2026-09-03
[2026-09-04T07:57:56.623+0000] {minio_client.py:91} INFO - Berhasil membaca 1000 record dari s3://steam-analytics/bronze/steamspy/2026-09-03/data.json
[2026-09-04T07:57:56.644+0000] {taskinstance.py:441} INFO - ::group::Post task execution logs
[2026-09-04T07:57:56.654+0000] {taskinstance.py:2905} ERROR - Task failed with exception
Traceback (most recent call last):
  File "/home/airflow/.local/lib/python3.12/site-packages/airflow/models/taskinstance.py", line 465, in _execute_task
    result = _execute_callable(context=context, **execute_callable_kwargs)
             ^^^^^^^^^^^^^^^^^^^^^^^^^^^^^^^^^^^^^^^^^^^^^^^^^^^^^^^^^^^^^
  File "/home/airflow/.local/lib/python3.12/site-packages/airflow/models/taskinstance.py", line 432, in _execute_callable
    return execute_callable(context=context, **execute_callable_kwargs)
           ^^^^^^^^^^^^^^^^^^^^^^^^^^^^^^^^^^^^^^^^^^^^^^^^^^^^^^^^^^^^
  File "/home/airflow/.local/lib/python3.12/site-packages/airflow/models/baseoperator.py", line 401, in wrapper
    return func(self, *args, **kwargs)
           ^^^^^^^^^^^^^^^^^^^^^^^^^^^
  File "/home/airflow/.local/lib/python3.12/site-packages/airflow/decorators/base.py", line 265, in execute
    return_value = super().execute(context)
                   ^^^^^^^^^^^^^^^^^^^^^^^^
  File "/home/airflow/.local/lib/python3.12/site-packages/airflow/models/baseoperator.py", line 401, in wrapper
    return func(self, *args, **kwargs)
           ^^^^^^^^^^^^^^^^^^^^^^^^^^^
  File "/home/airflow/.local/lib/python3.12/site-packages/airflow/operators/python.py", line 235, in execute
    return_value = self.execute_callable()
                   ^^^^^^^^^^^^^^^^^^^^^^^
  File "/home/airflow/.local/lib/python3.12/site-packages/airflow/operators/python.py", line 252, in execute_callable
    return self.python_callable(*self.op_args, **self.op_kwargs)
           ^^^^^^^^^^^^^^^^^^^^^^^^^^^^^^^^^^^^^^^^^^^^^^^^^^^^^
  File "/opt/airflow/dags/steam_analytics.py", line 138, in extract_rawg_to_bronze
    conn = postgres.get_connection()
           ^^^^^^^^^^^^^^^^^^^^^^^^^
  File "/opt/airflow/src/load/postgres.py", line 49, in get_connection
    return hook.get_conn()
           ^^^^^^^^^^^^^^^
  File "/home/airflow/.local/lib/python3.12/site-packages/airflow/providers/postgres/hooks/postgres.py", line 145, in get_conn
    conn = deepcopy(self.connection or self.get_connection(conn_id))
                                       ^^^^^^^^^^^^^^^^^^^^^^^^^^^^
  File "/home/airflow/.local/lib/python3.12/site-packages/airflow/hooks/base.py", line 83, in get_connection
    conn = Connection.get_connection_from_secrets(conn_id)
           ^^^^^^^^^^^^^^^^^^^^^^^^^^^^^^^^^^^^^^^^^^^^^^^
  File "/home/airflow/.local/lib/python3.12/site-packages/airflow/models/connection.py", line 519, in get_connection_from_secrets
    raise AirflowNotFoundException(f"The conn_id `{conn_id}` isn't defined")
airflow.exceptions.AirflowNotFoundException: The conn_id `postgres_warehouse` isn't defined
[2026-09-04T07:57:56.663+0000] {taskinstance.py:1206} INFO - Marking task as UP_FOR_RETRY. dag_id=steam_analytics_daily, task_id=extract_rawg_to_bronze, run_id=scheduled__2026-09-03T02:00:00+00:00, execution_date=20260903T020000, start_date=20260904T075756, end_date=20260904T075756
[2026-09-04T07:57:56.673+0000] {standard_task_runner.py:110} ERROR - Failed to execute job 3 for task extract_rawg_to_bronze (The conn_id `postgres_warehouse` isn't defined; 209)
[2026-09-04T07:57:56.717+0000] {local_task_job_runner.py:243} INFO - Task exited with return code 1
[2026-09-04T07:57:56.740+0000] {taskinstance.py:3503} INFO - 0 downstream tasks scheduled from follow-on schedule check
[2026-09-04T07:57:56.742+0000] {local_task_job_runner.py:222} INFO - ::endgroup::
[2026-09-04T08:07:35.640+0000] {local_task_job_runner.py:120} INFO - ::group::Pre task execution logs
[2026-09-04T08:07:35.670+0000] {taskinstance.py:2076} INFO - Dependencies all met for dep_context=non-requeueable deps ti=<TaskInstance: steam_analytics_daily.extract_rawg_to_bronze scheduled__2026-09-03T02:00:00+00:00 [queued]>
[2026-09-04T08:07:35.677+0000] {taskinstance.py:2076} INFO - Dependencies all met for dep_context=requeueable deps ti=<TaskInstance: steam_analytics_daily.extract_rawg_to_bronze scheduled__2026-09-03T02:00:00+00:00 [queued]>
[2026-09-04T08:07:35.678+0000] {taskinstance.py:2306} INFO - Starting attempt 1 of 2
[2026-09-04T08:07:35.689+0000] {taskinstance.py:2330} INFO - Executing <Task(_PythonDecoratedOperator): extract_rawg_to_bronze> on 2026-09-03 02:00:00+00:00
[2026-09-04T08:07:35.696+0000] {logging_mixin.py:188} WARNING - /home/***/.local/lib/python3.12/site-packages/***/task/task_runner/standard_task_runner.py:62 DeprecationWarning: This process (pid=198) is multi-threaded, use of fork() may lead to deadlocks in the child.
[2026-09-04T08:07:35.696+0000] {standard_task_runner.py:64} INFO - Started process 199 to run task
[2026-09-04T08:07:35.695+0000] {standard_task_runner.py:90} INFO - Running: ['***', 'tasks', 'run', 'steam_analytics_daily', 'extract_rawg_to_bronze', 'scheduled__2026-09-03T02:00:00+00:00', '--job-id', '3', '--raw', '--subdir', 'DAGS_FOLDER/steam_analytics.py', '--cfg-path', '/tmp/tmpmwpq4_z2']
[2026-09-04T08:07:35.697+0000] {standard_task_runner.py:91} INFO - Job 3: Subtask extract_rawg_to_bronze
[2026-09-04T08:07:35.737+0000] {task_command.py:426} INFO - Running <TaskInstance: steam_analytics_daily.extract_rawg_to_bronze scheduled__2026-09-03T02:00:00+00:00 [running]> on host 77b425fa5bb6
[2026-09-04T08:07:35.807+0000] {taskinstance.py:2648} INFO - Exporting env vars: AIRFLOW_CTX_DAG_OWNER='data_engineer' AIRFLOW_CTX_DAG_ID='steam_analytics_daily' AIRFLOW_CTX_TASK_ID='extract_rawg_to_bronze' AIRFLOW_CTX_EXECUTION_DATE='2026-09-03T02:00:00+00:00' AIRFLOW_CTX_TRY_NUMBER='1' AIRFLOW_CTX_DAG_RUN_ID='scheduled__2026-09-03T02:00:00+00:00'
[2026-09-04T08:07:35.808+0000] {taskinstance.py:430} INFO - ::endgroup::
[2026-09-04T08:07:35.809+0000] {steam_analytics.py:101} INFO - Memulai extract RAWG untuk 2026-09-03
[2026-09-04T08:07:35.907+0000] {minio_client.py:91} INFO - Berhasil membaca 1000 record dari s3://steam-analytics/bronze/steamspy/2026-09-03/data.json
[2026-09-04T08:07:35.930+0000] {taskinstance.py:441} INFO - ::group::Post task execution logs
[2026-09-04T08:07:35.930+0000] {taskinstance.py:2905} ERROR - Task failed with exception
Traceback (most recent call last):
  File "/home/airflow/.local/lib/python3.12/site-packages/airflow/models/taskinstance.py", line 465, in _execute_task
    result = _execute_callable(context=context, **execute_callable_kwargs)
             ^^^^^^^^^^^^^^^^^^^^^^^^^^^^^^^^^^^^^^^^^^^^^^^^^^^^^^^^^^^^^
  File "/home/airflow/.local/lib/python3.12/site-packages/airflow/models/taskinstance.py", line 432, in _execute_callable
    return execute_callable(context=context, **execute_callable_kwargs)
           ^^^^^^^^^^^^^^^^^^^^^^^^^^^^^^^^^^^^^^^^^^^^^^^^^^^^^^^^^^^^
  File "/home/airflow/.local/lib/python3.12/site-packages/airflow/models/baseoperator.py", line 401, in wrapper
    return func(self, *args, **kwargs)
           ^^^^^^^^^^^^^^^^^^^^^^^^^^^
  File "/home/airflow/.local/lib/python3.12/site-packages/airflow/decorators/base.py", line 265, in execute
    return_value = super().execute(context)
                   ^^^^^^^^^^^^^^^^^^^^^^^^
  File "/home/airflow/.local/lib/python3.12/site-packages/airflow/models/baseoperator.py", line 401, in wrapper
    return func(self, *args, **kwargs)
           ^^^^^^^^^^^^^^^^^^^^^^^^^^^
  File "/home/airflow/.local/lib/python3.12/site-packages/airflow/operators/python.py", line 235, in execute
    return_value = self.execute_callable()
                   ^^^^^^^^^^^^^^^^^^^^^^^
  File "/home/airflow/.local/lib/python3.12/site-packages/airflow/operators/python.py", line 252, in execute_callable
    return self.python_callable(*self.op_args, **self.op_kwargs)
           ^^^^^^^^^^^^^^^^^^^^^^^^^^^^^^^^^^^^^^^^^^^^^^^^^^^^^
  File "/opt/airflow/dags/steam_analytics.py", line 138, in extract_rawg_to_bronze
    conn = postgres.get_connection()
           ^^^^^^^^^^^^^^^^^^^^^^^^^
  File "/opt/airflow/src/load/postgres.py", line 36, in get_connection
    return psycopg2.connect(
           ^^^^^^^^^^^^^^^^^
  File "/home/airflow/.local/lib/python3.12/site-packages/psycopg2/__init__.py", line 122, in connect
    conn = _connect(dsn, connection_factory=connection_factory, **kwasync)
           ^^^^^^^^^^^^^^^^^^^^^^^^^^^^^^^^^^^^^^^^^^^^^^^^^^^^^^^^^^^^^^^
psycopg2.OperationalError: connection to server at "postgres-warehouse" (172.18.0.3), port 5432 failed: FATAL:  password authentication failed for user "postgres"

[2026-09-04T08:07:35.946+0000] {taskinstance.py:1206} INFO - Marking task as UP_FOR_RETRY. dag_id=steam_analytics_daily, task_id=extract_rawg_to_bronze, run_id=scheduled__2026-09-03T02:00:00+00:00, execution_date=20260903T020000, start_date=20260904T080735, end_date=20260904T080735
[2026-09-04T08:07:35.956+0000] {standard_task_runner.py:110} ERROR - Failed to execute job 3 for task extract_rawg_to_bronze (connection to server at "postgres-warehouse" (172.18.0.3), port 5432 failed: FATAL:  password authentication failed for user "postgres"
; 199)
[2026-09-04T08:07:35.990+0000] {local_task_job_runner.py:243} INFO - Task exited with return code 1
[2026-09-04T08:07:36.010+0000] {taskinstance.py:3503} INFO - 0 downstream tasks scheduled from follow-on schedule check
[2026-09-04T08:07:36.012+0000] {local_task_job_runner.py:222} INFO - ::endgroup::
[2026-09-04T08:13:38.927+0000] {local_task_job_runner.py:120} INFO - ::group::Pre task execution logs
[2026-09-04T08:13:38.956+0000] {taskinstance.py:2076} INFO - Dependencies all met for dep_context=non-requeueable deps ti=<TaskInstance: steam_analytics_daily.extract_rawg_to_bronze scheduled__2026-09-03T02:00:00+00:00 [queued]>
[2026-09-04T08:13:38.963+0000] {taskinstance.py:2076} INFO - Dependencies all met for dep_context=requeueable deps ti=<TaskInstance: steam_analytics_daily.extract_rawg_to_bronze scheduled__2026-09-03T02:00:00+00:00 [queued]>
[2026-09-04T08:13:38.964+0000] {taskinstance.py:2306} INFO - Starting attempt 1 of 2
[2026-09-04T08:13:38.975+0000] {taskinstance.py:2330} INFO - Executing <Task(_PythonDecoratedOperator): extract_rawg_to_bronze> on 2026-09-03 02:00:00+00:00
[2026-09-04T08:13:38.981+0000] {logging_mixin.py:188} WARNING - /home/***/.local/lib/python3.12/site-packages/***/task/task_runner/standard_task_runner.py:62 DeprecationWarning: This process (pid=208) is multi-threaded, use of fork() may lead to deadlocks in the child.
[2026-09-04T08:13:38.981+0000] {standard_task_runner.py:90} INFO - Running: ['***', 'tasks', 'run', 'steam_analytics_daily', 'extract_rawg_to_bronze', 'scheduled__2026-09-03T02:00:00+00:00', '--job-id', '3', '--raw', '--subdir', 'DAGS_FOLDER/steam_analytics.py', '--cfg-path', '/tmp/tmppnecj_nj']
[2026-09-04T08:13:38.982+0000] {standard_task_runner.py:64} INFO - Started process 209 to run task
[2026-09-04T08:13:38.982+0000] {standard_task_runner.py:91} INFO - Job 3: Subtask extract_rawg_to_bronze
[2026-09-04T08:13:39.023+0000] {task_command.py:426} INFO - Running <TaskInstance: steam_analytics_daily.extract_rawg_to_bronze scheduled__2026-09-03T02:00:00+00:00 [running]> on host 56029f1728e2
[2026-09-04T08:13:39.097+0000] {taskinstance.py:2648} INFO - Exporting env vars: AIRFLOW_CTX_DAG_OWNER='data_engineer' AIRFLOW_CTX_DAG_ID='steam_analytics_daily' AIRFLOW_CTX_TASK_ID='extract_rawg_to_bronze' AIRFLOW_CTX_EXECUTION_DATE='2026-09-03T02:00:00+00:00' AIRFLOW_CTX_TRY_NUMBER='1' AIRFLOW_CTX_DAG_RUN_ID='scheduled__2026-09-03T02:00:00+00:00'
[2026-09-04T08:13:39.098+0000] {taskinstance.py:430} INFO - ::endgroup::
[2026-09-04T08:13:39.099+0000] {steam_analytics.py:101} INFO - Memulai extract RAWG untuk 2026-09-03
[2026-09-04T08:13:39.206+0000] {minio_client.py:91} INFO - Berhasil membaca 1000 record dari s3://steam-analytics/bronze/steamspy/2026-09-03/data.json
[2026-09-04T08:13:39.228+0000] {taskinstance.py:441} INFO - ::group::Post task execution logs
[2026-09-04T08:13:39.229+0000] {taskinstance.py:2905} ERROR - Task failed with exception
Traceback (most recent call last):
  File "/home/airflow/.local/lib/python3.12/site-packages/airflow/models/taskinstance.py", line 465, in _execute_task
    result = _execute_callable(context=context, **execute_callable_kwargs)
             ^^^^^^^^^^^^^^^^^^^^^^^^^^^^^^^^^^^^^^^^^^^^^^^^^^^^^^^^^^^^^
  File "/home/airflow/.local/lib/python3.12/site-packages/airflow/models/taskinstance.py", line 432, in _execute_callable
    return execute_callable(context=context, **execute_callable_kwargs)
           ^^^^^^^^^^^^^^^^^^^^^^^^^^^^^^^^^^^^^^^^^^^^^^^^^^^^^^^^^^^^
  File "/home/airflow/.local/lib/python3.12/site-packages/airflow/models/baseoperator.py", line 401, in wrapper
    return func(self, *args, **kwargs)
           ^^^^^^^^^^^^^^^^^^^^^^^^^^^
  File "/home/airflow/.local/lib/python3.12/site-packages/airflow/decorators/base.py", line 265, in execute
    return_value = super().execute(context)
                   ^^^^^^^^^^^^^^^^^^^^^^^^
  File "/home/airflow/.local/lib/python3.12/site-packages/airflow/models/baseoperator.py", line 401, in wrapper
    return func(self, *args, **kwargs)
           ^^^^^^^^^^^^^^^^^^^^^^^^^^^
  File "/home/airflow/.local/lib/python3.12/site-packages/airflow/operators/python.py", line 235, in execute
    return_value = self.execute_callable()
                   ^^^^^^^^^^^^^^^^^^^^^^^
  File "/home/airflow/.local/lib/python3.12/site-packages/airflow/operators/python.py", line 252, in execute_callable
    return self.python_callable(*self.op_args, **self.op_kwargs)
           ^^^^^^^^^^^^^^^^^^^^^^^^^^^^^^^^^^^^^^^^^^^^^^^^^^^^^
  File "/opt/airflow/dags/steam_analytics.py", line 138, in extract_rawg_to_bronze
    conn = postgres.get_connection()
           ^^^^^^^^^^^^^^^^^^^^^^^^^
  File "/opt/airflow/src/load/postgres.py", line 17, in get_connection
    return psycopg2.connect(
           ^^^^^^^^^^^^^^^^^
  File "/home/airflow/.local/lib/python3.12/site-packages/psycopg2/__init__.py", line 122, in connect
    conn = _connect(dsn, connection_factory=connection_factory, **kwasync)
           ^^^^^^^^^^^^^^^^^^^^^^^^^^^^^^^^^^^^^^^^^^^^^^^^^^^^^^^^^^^^^^^
psycopg2.OperationalError: connection to server at "postgres-warehouse" (172.18.0.3), port 5432 failed: FATAL:  password authentication failed for user "postgres"

[2026-09-04T08:13:39.244+0000] {taskinstance.py:1206} INFO - Marking task as UP_FOR_RETRY. dag_id=steam_analytics_daily, task_id=extract_rawg_to_bronze, run_id=scheduled__2026-09-03T02:00:00+00:00, execution_date=20260903T020000, start_date=20260904T081338, end_date=20260904T081339
[2026-09-04T08:13:39.254+0000] {standard_task_runner.py:110} ERROR - Failed to execute job 3 for task extract_rawg_to_bronze (connection to server at "postgres-warehouse" (172.18.0.3), port 5432 failed: FATAL:  password authentication failed for user "postgres"
; 209)
[2026-09-04T08:13:39.276+0000] {local_task_job_runner.py:243} INFO - Task exited with return code 1
[2026-09-04T08:13:39.298+0000] {taskinstance.py:3503} INFO - 0 downstream tasks scheduled from follow-on schedule check
[2026-09-04T08:13:39.300+0000] {local_task_job_runner.py:222} INFO - ::endgroup::
[2026-09-04T08:40:22.571+0000] {local_task_job_runner.py:120} INFO - ::group::Pre task execution logs
[2026-09-04T08:40:22.605+0000] {taskinstance.py:2076} INFO - Dependencies all met for dep_context=non-requeueable deps ti=<TaskInstance: steam_analytics_daily.extract_rawg_to_bronze scheduled__2026-09-03T02:00:00+00:00 [queued]>
[2026-09-04T08:40:22.613+0000] {taskinstance.py:2076} INFO - Dependencies all met for dep_context=requeueable deps ti=<TaskInstance: steam_analytics_daily.extract_rawg_to_bronze scheduled__2026-09-03T02:00:00+00:00 [queued]>
[2026-09-04T08:40:22.613+0000] {taskinstance.py:2306} INFO - Starting attempt 1 of 2
[2026-09-04T08:40:22.624+0000] {taskinstance.py:2330} INFO - Executing <Task(_PythonDecoratedOperator): extract_rawg_to_bronze> on 2026-09-03 02:00:00+00:00
[2026-09-04T08:40:22.631+0000] {logging_mixin.py:188} WARNING - /home/***/.local/lib/python3.12/site-packages/***/task/task_runner/standard_task_runner.py:62 DeprecationWarning: This process (pid=257) is multi-threaded, use of fork() may lead to deadlocks in the child.
[2026-09-04T08:40:22.632+0000] {standard_task_runner.py:64} INFO - Started process 258 to run task
[2026-09-04T08:40:22.631+0000] {standard_task_runner.py:90} INFO - Running: ['***', 'tasks', 'run', 'steam_analytics_daily', 'extract_rawg_to_bronze', 'scheduled__2026-09-03T02:00:00+00:00', '--job-id', '3', '--raw', '--subdir', 'DAGS_FOLDER/steam_analytics.py', '--cfg-path', '/tmp/tmpdpq56b64']
[2026-09-04T08:40:22.632+0000] {standard_task_runner.py:91} INFO - Job 3: Subtask extract_rawg_to_bronze
[2026-09-04T08:40:22.678+0000] {task_command.py:426} INFO - Running <TaskInstance: steam_analytics_daily.extract_rawg_to_bronze scheduled__2026-09-03T02:00:00+00:00 [running]> on host 69bb381b179f
[2026-09-04T08:40:22.759+0000] {taskinstance.py:2648} INFO - Exporting env vars: AIRFLOW_CTX_DAG_OWNER='data_engineer' AIRFLOW_CTX_DAG_ID='steam_analytics_daily' AIRFLOW_CTX_TASK_ID='extract_rawg_to_bronze' AIRFLOW_CTX_EXECUTION_DATE='2026-09-03T02:00:00+00:00' AIRFLOW_CTX_TRY_NUMBER='1' AIRFLOW_CTX_DAG_RUN_ID='scheduled__2026-09-03T02:00:00+00:00'
[2026-09-04T08:40:22.760+0000] {taskinstance.py:430} INFO - ::endgroup::
[2026-09-04T08:40:22.761+0000] {steam_analytics.py:101} INFO - Memulai extract RAWG untuk 2026-09-03
[2026-09-04T08:40:22.876+0000] {minio_client.py:91} INFO - Berhasil membaca 1000 record dari s3://steam-analytics/bronze/steamspy/2026-09-03/data.json
[2026-09-04T08:40:22.891+0000] {crypto.py:82} WARNING - empty cryptography key - values will not be stored encrypted.
[2026-09-04T08:40:22.892+0000] {base.py:84} INFO - Using connection ID 'postgres_***' for task execution.
[2026-09-04T08:40:22.898+0000] {matching.py:69} INFO - Deteksi game baru: 1000 dari 1000 game hari ini belum punya mapping
[2026-09-04T08:40:22.899+0000] {steam_analytics.py:159} INFO - Game belum memiliki mapping: 1000
[2026-09-04T08:40:23.479+0000] {rawg.py:151} INFO - [1/1000] RAWG: Counter-Strike: Global Offensive (AppID 730) -> 5 kandidat
[2026-09-04T08:40:24.190+0000] {rawg.py:151} INFO - [2/1000] RAWG: Apex Legends (AppID 1172470) -> 5 kandidat
[2026-09-04T08:40:24.928+0000] {rawg.py:151} INFO - [3/1000] RAWG: PUBG: BATTLEGROUNDS (AppID 578080) -> 5 kandidat
[2026-09-04T08:40:25.828+0000] {rawg.py:151} INFO - [4/1000] RAWG: Palworld (AppID 1623730) -> 5 kandidat
[2026-09-04T08:40:26.551+0000] {rawg.py:151} INFO - [5/1000] RAWG: Team Fortress 2 (AppID 440) -> 5 kandidat
[2026-09-04T08:40:27.692+0000] {rawg.py:151} INFO - [6/1000] RAWG: Call of Duty: Modern Warfare II (AppID 1938090) -> 5 kandidat
[2026-09-04T08:40:28.504+0000] {rawg.py:151} INFO - [7/1000] RAWG: New World: Aeternum (AppID 1063730) -> 5 kandidat
[2026-09-04T08:40:29.199+0000] {rawg.py:151} INFO - [8/1000] RAWG: Black Myth: Wukong (AppID 2358720) -> 5 kandidat
[2026-09-04T08:40:29.923+0000] {rawg.py:151} INFO - [9/1000] RAWG: Grand Theft Auto V Legacy (AppID 271590) -> 5 kandidat
[2026-09-04T08:40:30.626+0000] {rawg.py:151} INFO - [10/1000] RAWG: Left 4 Dead 2 (AppID 550) -> 5 kandidat
[2026-09-04T08:40:31.329+0000] {rawg.py:151} INFO - [11/1000] RAWG: Unturned (AppID 304930) -> 5 kandidat
[2026-09-04T08:40:32.853+0000] {rawg.py:151} INFO - [12/1000] RAWG: Lost Ark (AppID 1599340) -> 5 kandidat
[2026-09-04T08:40:33.982+0000] {rawg.py:151} INFO - [13/1000] RAWG: War Thunder (AppID 236390) -> 5 kandidat
[2026-09-04T08:40:35.008+0000] {rawg.py:151} INFO - [14/1000] RAWG: Monster Hunter Wilds (AppID 2246340) -> 5 kandidat
[2026-09-04T08:40:36.089+0000] {rawg.py:151} INFO - [15/1000] RAWG: HELLDIVERS 2 (AppID 553850) -> 5 kandidat
[2026-09-04T08:40:36.770+0000] {rawg.py:151} INFO - [16/1000] RAWG: Warframe (AppID 230410) -> 5 kandidat
[2026-09-04T08:40:37.614+0000] {rawg.py:151} INFO - [17/1000] RAWG: ELDEN RING (AppID 1245620) -> 5 kandidat
[2026-09-04T08:40:38.385+0000] {rawg.py:151} INFO - [18/1000] RAWG: Terraria (AppID 105600) -> 5 kandidat
[2026-09-04T08:40:39.119+0000] {rawg.py:151} INFO - [19/1000] RAWG: Path of Exile 2 (AppID 2694490) -> 5 kandidat
[2026-09-04T08:40:40.077+0000] {rawg.py:151} INFO - [20/1000] RAWG: Wallpaper Engine (AppID 431960) -> 5 kandidat
[2026-09-04T08:40:40.939+0000] {rawg.py:151} INFO - [21/1000] RAWG: Baldur's Gate 3 (AppID 1086940) -> 5 kandidat
[2026-09-04T08:40:47.161+0000] {rawg.py:151} INFO - [22/1000] RAWG: Brawlhalla (AppID 291550) -> 5 kandidat
[2026-09-04T08:40:47.921+0000] {rawg.py:151} INFO - [23/1000] RAWG: Garry's Mod (AppID 4000) -> 5 kandidat
[2026-09-04T08:40:49.504+0000] {rawg.py:151} INFO - [24/1000] RAWG: Destiny 2 (AppID 1085660) -> 5 kandidat
[2026-09-04T08:40:50.503+0000] {rawg.py:151} INFO - [25/1000] RAWG: Tom Clancy's Rainbow Six Siege (AppID 359550) -> 5 kandidat
[2026-09-04T08:40:51.144+0000] {rawg.py:151} INFO - [26/1000] RAWG: Rust (AppID 252490) -> 5 kandidat
[2026-09-04T08:40:52.101+0000] {rawg.py:151} INFO - [27/1000] RAWG: World of Warships (AppID 552990) -> 5 kandidat
[2026-09-04T08:40:52.914+0000] {rawg.py:151} INFO - [28/1000] RAWG: ARK: Survival Evolved (AppID 346110) -> 5 kandidat
[2026-09-04T08:40:53.639+0000] {rawg.py:151} INFO - [29/1000] RAWG: Stardew Valley (AppID 413150) -> 5 kandidat
[2026-09-04T08:40:54.347+0000] {rawg.py:151} INFO - [30/1000] RAWG: The Forest (AppID 242760) -> 5 kandidat
[2026-09-04T08:40:55.263+0000] {rawg.py:151} INFO - [31/1000] RAWG: War Robots: Frontiers (AppID 1491000) -> 5 kandidat
[2026-09-04T08:40:56.077+0000] {rawg.py:151} INFO - [32/1000] RAWG: Path of Exile (AppID 238960) -> 5 kandidat
[2026-09-04T08:40:56.973+0000] {rawg.py:151} INFO - [33/1000] RAWG: PAYDAY 2 (AppID 218620) -> 5 kandidat
[2026-09-04T08:40:57.699+0000] {rawg.py:151} INFO - [34/1000] RAWG: Warface: Clutch (AppID 291480) -> 5 kandidat
[2026-09-04T08:40:58.500+0000] {rawg.py:151} INFO - [35/1000] RAWG: Grand Theft Auto IV: Complete Edition (AppID 901583) -> 5 kandidat
[2026-09-04T08:40:59.206+0000] {rawg.py:151} INFO - [36/1000] RAWG: Last Epoch (AppID 899770) -> 5 kandidat
[2026-09-04T08:41:00.057+0000] {rawg.py:151} INFO - [37/1000] RAWG: Half-Life 2: Lost Coast (AppID 340) -> 5 kandidat
[2026-09-04T08:41:00.802+0000] {rawg.py:151} INFO - [38/1000] RAWG: Cyberpunk 2077 (AppID 1091500) -> 5 kandidat
[2026-09-04T08:41:01.646+0000] {rawg.py:151} INFO - [39/1000] RAWG: Dead by Daylight (AppID 381210) -> 5 kandidat
[2026-09-04T08:41:02.435+0000] {rawg.py:151} INFO - [40/1000] RAWG: Hogwarts Legacy (AppID 990080) -> 5 kandidat
[2026-09-04T08:41:03.125+0000] {rawg.py:151} INFO - [41/1000] RAWG: VRChat (AppID 438100) -> 5 kandidat
[2026-09-04T08:41:04.034+0000] {rawg.py:151} INFO - [42/1000] RAWG: The Witcher 3: Wild Hunt - Complete Edition (AppID 292030) -> 5 kandidat
[2026-09-04T08:41:04.679+0000] {rawg.py:151} INFO - [43/1000] RAWG: Among Us (AppID 945360) -> 5 kandidat
[2026-09-04T08:41:05.620+0000] {rawg.py:151} INFO - [44/1000] RAWG: Fall Guys: Ultimate Knockout (AppID 1097150) -> 5 kandidat
[2026-09-04T08:41:06.308+0000] {rawg.py:151} INFO - [45/1000] RAWG: Borderlands 2 (AppID 49520) -> 5 kandidat
[2026-09-04T08:41:07.001+0000] {rawg.py:151} INFO - [46/1000] RAWG: Euro Truck Simulator 2 (AppID 227300) -> 5 kandidat
[2026-09-04T08:41:08.260+0000] {rawg.py:151} INFO - [47/1000] RAWG: Valheim (AppID 892970) -> 5 kandidat
[2026-09-04T08:41:11.396+0000] {rawg.py:151} INFO - [48/1000] RAWG: Phasmophobia (AppID 739630) -> 5 kandidat
[2026-09-04T08:41:12.169+0000] {rawg.py:151} INFO - [49/1000] RAWG: Paladins (AppID 444090) -> 5 kandidat
[2026-09-04T08:41:13.060+0000] {rawg.py:151} INFO - [50/1000] RAWG: NARAKA: BLADEPOINT (AppID 1203220) -> 5 kandidat
[2026-09-04T08:41:13.892+0000] {rawg.py:151} INFO - [51/1000] RAWG: Half-Life 2: Deathmatch (AppID 320) -> 5 kandidat
[2026-09-04T08:41:14.559+0000] {rawg.py:151} INFO - [52/1000] RAWG: Half-Life (AppID 70) -> 5 kandidat
[2026-09-04T08:41:16.522+0000] {rawg.py:151} INFO - [53/1000] RAWG: Monster Hunter: World (AppID 582010) -> 5 kandidat
[2026-09-04T08:41:17.412+0000] {rawg.py:151} INFO - [54/1000] RAWG: Heroes & Generals (AppID 227940) -> 5 kandidat
[2026-09-04T08:41:18.287+0000] {rawg.py:151} INFO - [55/1000] RAWG: Rocket League (AppID 252950) -> 5 kandidat
[2026-09-04T08:41:19.010+0000] {rawg.py:151} INFO - [56/1000] RAWG: Project Zomboid (AppID 108600) -> 5 kandidat
[2026-09-04T08:41:19.997+0000] {rawg.py:151} INFO - [57/1000] RAWG: Lethal Company (AppID 1966720) -> 5 kandidat
[2026-09-04T08:41:20.725+0000] {rawg.py:151} INFO - [58/1000] RAWG: Red Dead Redemption 2 (AppID 1174180) -> 5 kandidat
[2026-09-04T08:41:21.655+0000] {rawg.py:151} INFO - [59/1000] RAWG: Battlefield 2042 (AppID 1517290) -> 5 kandidat
[2026-09-04T08:41:22.483+0000] {rawg.py:151} INFO - [60/1000] RAWG: Halo Infinite (AppID 1240440) -> 5 kandidat
[2026-09-04T08:41:23.216+0000] {rawg.py:151} INFO - [61/1000] RAWG: Raft (AppID 648800) -> 5 kandidat
[2026-09-04T08:41:23.811+0000] {rawg.py:151} INFO - [62/1000] RAWG: SMITE (AppID 386360) -> 5 kandidat
[2026-09-04T08:41:24.525+0000] {rawg.py:151} INFO - [63/1000] RAWG: World of Tanks Blitz (AppID 444200) -> 5 kandidat
[2026-09-04T08:41:25.171+0000] {rawg.py:151} INFO - [64/1000] RAWG: Counter-Strike (AppID 10) -> 5 kandidat
[2026-09-04T08:41:26.012+0000] {rawg.py:151} INFO - [65/1000] RAWG: Counter-Strike: Source (AppID 240) -> 5 kandidat
[2026-09-04T08:41:26.846+0000] {rawg.py:151} INFO - [66/1000] RAWG: Schedule I (AppID 3164500) -> 5 kandidat
[2026-09-04T08:41:27.517+0000] {rawg.py:151} INFO - [67/1000] RAWG: Ring of Elysium (AppID 755790) -> 5 kandidat
[2026-09-04T08:41:28.336+0000] {rawg.py:151} INFO - [68/1000] RAWG: Portal (AppID 400) -> 5 kandidat
[2026-09-04T08:41:28.987+0000] {rawg.py:151} INFO - [69/1000] RAWG: The Sims 4 (AppID 1222670) -> 5 kandidat
[2026-09-04T08:41:29.669+0000] {rawg.py:151} INFO - [70/1000] RAWG: Black Squad (AppID 550650) -> 5 kandidat
[2026-09-04T08:41:30.501+0000] {rawg.py:151} INFO - [71/1000] RAWG: Don't Starve Together (AppID 322330) -> 5 kandidat
[2026-09-04T08:41:31.230+0000] {rawg.py:151} INFO - [72/1000] RAWG: Dying Light (AppID 239140) -> 5 kandidat
[2026-09-04T08:41:32.134+0000] {rawg.py:151} INFO - [73/1000] RAWG: Human Fall Flat (AppID 477160) -> 5 kandidat
[2026-09-04T08:41:32.789+0000] {rawg.py:151} INFO - [74/1000] RAWG: 7 Days to Die (AppID 251570) -> 5 kandidat
[2026-09-04T08:41:33.701+0000] {rawg.py:151} INFO - [75/1000] RAWG: Counter-Strike: Condition Zero (AppID 100) -> 5 kandidat
[2026-09-04T08:41:34.568+0000] {rawg.py:151} INFO - [76/1000] RAWG: eFootball (AppID 1665460) -> 5 kandidat
[2026-09-04T08:41:35.337+0000] {rawg.py:151} INFO - [77/1000] RAWG: Street Warriors Online (AppID 417910) -> 5 kandidat
[2026-09-04T08:41:36.197+0000] {rawg.py:151} INFO - [78/1000] RAWG: Z1 Battle Royale (AppID 433850) -> 5 kandidat
[2026-09-04T08:41:36.924+0000] {rawg.py:151} INFO - [79/1000] RAWG: Hunt: Showdown 1896 (AppID 594650) -> 5 kandidat
[2026-09-04T08:41:37.867+0000] {rawg.py:151} INFO - [80/1000] RAWG: Sekiro: Shadows Die Twice - GOTY Edition (AppID 814380) -> 5 kandidat
[2026-09-04T08:41:38.559+0000] {rawg.py:151} INFO - [81/1000] RAWG: CyberCorp (AppID 1116170) -> 5 kandidat
[2026-09-04T08:41:39.347+0000] {rawg.py:151} INFO - [82/1000] RAWG: Half-Life 2 (AppID 220) -> 5 kandidat
[2026-09-04T08:41:40.113+0000] {rawg.py:151} INFO - [83/1000] RAWG: Arma 3 (AppID 107410) -> 5 kandidat
[2026-09-04T08:41:41.086+0000] {rawg.py:151} INFO - [84/1000] RAWG: Sons Of The Forest (AppID 1326470) -> 5 kandidat
[2026-09-04T08:41:41.916+0000] {rawg.py:151} INFO - [85/1000] RAWG: Grim Dawn (AppID 219990) -> 5 kandidat
[2026-09-04T08:41:43.303+0000] {rawg.py:151} INFO - [86/1000] RAWG: Cities: Skylines (AppID 255710) -> 5 kandidat
[2026-09-04T08:41:44.084+0000] {rawg.py:151} INFO - [87/1000] RAWG: Mount & Blade II: Bannerlord (AppID 261550) -> 5 kandidat
[2026-09-04T08:41:48.627+0000] {rawg.py:151} INFO - [88/1000] RAWG: Sid Meier's Civilization V (AppID 8930) -> 5 kandidat
[2026-09-04T08:41:50.017+0000] {rawg.py:151} INFO - [89/1000] RAWG: Trove (AppID 304050) -> 5 kandidat
[2026-09-04T08:41:51.105+0000] {rawg.py:151} INFO - [90/1000] RAWG: Sid Meier’s Civilization VI (AppID 289070) -> 5 kandidat
[2026-09-04T08:41:51.864+0000] {rawg.py:151} INFO - [91/1000] RAWG: Fallout 4 (AppID 377160) -> 5 kandidat
[2026-09-04T08:41:52.693+0000] {rawg.py:151} INFO - [92/1000] RAWG: Life is Strange 2 (AppID 532210) -> 5 kandidat
[2026-09-04T08:41:53.481+0000] {rawg.py:151} INFO - [93/1000] RAWG: Warhammer 40,000: Rogue Trader (AppID 2186680) -> 5 kandidat
[2026-09-04T08:41:54.140+0000] {rawg.py:151} INFO - [94/1000] RAWG: Battlefield V (AppID 1238810) -> 5 kandidat
[2026-09-04T08:42:02.463+0000] {rawg.py:151} INFO - [95/1000] RAWG: R.E.P.O. (AppID 3241660) -> 5 kandidat
[2026-09-04T08:42:04.201+0000] {rawg.py:151} INFO - [96/1000] RAWG: DayZ (AppID 221100) -> 5 kandidat
[2026-09-04T08:42:05.023+0000] {rawg.py:151} INFO - [97/1000] RAWG: Satisfactory (AppID 526870) -> 2 kandidat
[2026-09-04T08:42:05.732+0000] {rawg.py:151} INFO - [98/1000] RAWG: NBA 2K20 (AppID 1089350) -> 5 kandidat
[2026-09-04T08:42:07.109+0000] {rawg.py:151} INFO - [99/1000] RAWG: Risk of Rain 2 (AppID 632360) -> 5 kandidat
[2026-09-04T08:42:07.959+0000] {rawg.py:151} INFO - [100/1000] RAWG: EA SPORTS FIFA 23 (AppID 1811260) -> 5 kandidat
[2026-09-04T08:42:08.863+0000] {rawg.py:151} INFO - [101/1000] RAWG: Castle Crashers (AppID 204360) -> 5 kandidat
[2026-09-04T08:42:09.532+0000] {rawg.py:151} INFO - [102/1000] RAWG: PlanetSide 2 (AppID 218230) -> 5 kandidat
[2026-09-04T08:42:10.416+0000] {rawg.py:151} INFO - [103/1000] RAWG: The Elder Scrolls V: Skyrim (AppID 72850) -> 5 kandidat
[2026-09-04T08:42:11.212+0000] {rawg.py:151} INFO - [104/1000] RAWG: Hearts of Iron IV (AppID 394360) -> 5 kandidat
[2026-09-04T08:42:12.129+0000] {rawg.py:151} INFO - [105/1000] RAWG: The Elder Scrolls V: Skyrim Special Edition (AppID 489830) -> 5 kandidat
[2026-09-04T08:42:13.294+0000] {rawg.py:151} INFO - [106/1000] RAWG: Geometry Dash (AppID 322170) -> 5 kandidat
[2026-09-04T08:42:14.111+0000] {rawg.py:151} INFO - [107/1000] RAWG: MONSTER HUNTER RISE (AppID 1446780) -> 5 kandidat
[2026-09-04T08:42:14.832+0000] {rawg.py:151} INFO - [108/1000] RAWG: No More Room in Hell (AppID 224260) -> 5 kandidat
[2026-09-04T08:42:15.671+0000] {rawg.py:151} INFO - [109/1000] RAWG: Tomb Raider Game of the Year (AppID 203160) -> 5 kandidat
[2026-09-04T08:42:16.297+0000] {rawg.py:151} INFO - [110/1000] RAWG: No Man's Sky (AppID 275850) -> 5 kandidat
[2026-09-04T08:42:17.116+0000] {rawg.py:151} INFO - [111/1000] RAWG: Hollow Knight (AppID 367520) -> 5 kandidat
[2026-09-04T08:42:17.805+0000] {rawg.py:151} INFO - [112/1000] RAWG: Robocraft (AppID 301520) -> 5 kandidat
[2026-09-04T08:42:18.563+0000] {rawg.py:151} INFO - [113/1000] RAWG: War Robots (AppID 767560) -> 5 kandidat
[2026-09-04T08:42:19.463+0000] {rawg.py:151} INFO - [114/1000] RAWG: Resident Evil 4 (AppID 2050650) -> 5 kandidat
[2026-09-04T08:42:20.665+0000] {rawg.py:151} INFO - [115/1000] RAWG: Deceit (AppID 466240) -> 5 kandidat
[2026-09-04T08:42:21.353+0000] {rawg.py:151} INFO - [116/1000] RAWG: BeamNG.drive (AppID 284160) -> 1 kandidat
[2026-09-04T08:42:22.089+0000] {rawg.py:151} INFO - [117/1000] RAWG: A Story About My Uncle (AppID 278360) -> 5 kandidat
[2026-09-04T08:42:22.769+0000] {rawg.py:151} INFO - [118/1000] RAWG: Subnautica (AppID 264710) -> 5 kandidat
[2026-09-04T08:42:23.590+0000] {rawg.py:151} INFO - [119/1000] RAWG: Counter-Strike: Condition Zero (AppID 80) -> 5 kandidat
[2026-09-04T08:42:24.369+0000] {rawg.py:151} INFO - [120/1000] RAWG: Kathy Rain (AppID 370910) -> 5 kandidat
[2026-09-04T08:42:25.164+0000] {rawg.py:151} INFO - [121/1000] RAWG: Deathmatch Classic (AppID 40) -> 5 kandidat
[2026-09-04T08:42:28.832+0000] {rawg.py:151} INFO - [122/1000] RAWG: Guacamelee! Super Turbo Championship Edition (AppID 275390) -> 5 kandidat
[2026-09-04T08:42:29.945+0000] {rawg.py:151} INFO - [123/1000] RAWG: Content Warning (AppID 2881650) -> 5 kandidat
[2026-09-04T08:42:31.124+0000] {rawg.py:151} INFO - [124/1000] RAWG: Call of Duty: Black Ops III (AppID 311210) -> 5 kandidat
[2026-09-04T08:42:31.907+0000] {rawg.py:151} INFO - [125/1000] RAWG: Dirty Bomb (AppID 333930) -> 5 kandidat
[2026-09-04T08:42:32.721+0000] {rawg.py:151} INFO - [126/1000] RAWG: Sea of Thieves: 2026 Edition (AppID 1172620) -> 5 kandidat
[2026-09-04T08:42:33.365+0000] {rawg.py:151} INFO - [127/1000] RAWG: Fallout: New Vegas (AppID 22380) -> 5 kandidat
[2026-09-04T08:42:46.134+0000] {rawg.py:151} INFO - [128/1000] RAWG: The Binding of Isaac: Rebirth (AppID 250900) -> 5 kandidat
[2026-09-04T08:42:47.163+0000] {rawg.py:151} INFO - [129/1000] RAWG: SCP: Secret Laboratory (AppID 700330) -> 5 kandidat
[2026-09-04T08:42:48.402+0000] {rawg.py:151} INFO - [130/1000] RAWG: Call of Duty: Modern Warfare 2 (2009) (AppID 10180) -> 5 kandidat
[2026-09-04T08:42:50.342+0000] {rawg.py:151} INFO - [131/1000] RAWG: Black Desert (AppID 582660) -> 5 kandidat
[2026-09-04T08:42:51.019+0000] {rawg.py:151} INFO - [132/1000] RAWG: ULTRAKILL (AppID 1229490) -> 5 kandidat
[2026-09-04T08:42:51.788+0000] {rawg.py:151} INFO - [133/1000] RAWG: Dota Underlords (AppID 1046930) -> 5 kandidat
[2026-09-04T08:42:53.501+0000] {rawg.py:151} INFO - [134/1000] RAWG: It Takes Two (AppID 1426210) -> 5 kandidat
[2026-09-04T08:42:54.280+0000] {rawg.py:151} INFO - [135/1000] RAWG: EA SPORTS FC 24 (AppID 2195250) -> 5 kandidat
[2026-09-04T08:42:55.138+0000] {rawg.py:151} INFO - [136/1000] RAWG: Warhammer 40,000: Space Marine 2 (AppID 2183900) -> 5 kandidat
[2026-09-04T08:42:55.965+0000] {rawg.py:151} INFO - [137/1000] RAWG: Resident Evil 2 (AppID 883710) -> 5 kandidat
[2026-09-04T08:42:56.758+0000] {rawg.py:151} INFO - [138/1000] RAWG: Chivalry: Medieval Warfare (AppID 219640) -> 5 kandidat
[2026-09-04T08:42:57.584+0000] {rawg.py:151} INFO - [139/1000] RAWG: The Elder Scrolls Online (AppID 306130) -> 5 kandidat
[2026-09-04T08:42:58.262+0000] {rawg.py:151} INFO - [140/1000] RAWG: Assetto Corsa (AppID 244210) -> 5 kandidat
[2026-09-04T08:42:58.894+0000] {rawg.py:151} INFO - [141/1000] RAWG: XCOM 2 (AppID 268500) -> 5 kandidat
[2026-09-04T08:42:59.668+0000] {rawg.py:151} INFO - [142/1000] RAWG: Vampire Survivors (AppID 1794680) -> 5 kandidat
[2026-09-04T08:43:00.307+0000] {rawg.py:151} INFO - [143/1000] RAWG: MultiVersus (AppID 1818750) -> 5 kandidat
[2026-09-04T08:43:01.542+0000] {rawg.py:151} INFO - [144/1000] RAWG: Assassin’s Creed IV Black Flag (AppID 242050) -> 5 kandidat
[2026-09-04T08:43:02.723+0000] {rawg.py:151} INFO - [145/1000] RAWG: Day of Defeat (AppID 30) -> 5 kandidat
[2026-09-04T08:43:03.477+0000] {rawg.py:151} INFO - [146/1000] RAWG: Europa Universalis IV (AppID 236850) -> 5 kandidat
[2026-09-04T08:43:04.426+0000] {rawg.py:151} INFO - [147/1000] RAWG: Clicker Heroes (AppID 363970) -> 5 kandidat
[2026-09-04T08:43:05.378+0000] {rawg.py:151} INFO - [148/1000] RAWG: theHunter Classic (AppID 253710) -> 5 kandidat
[2026-09-04T08:43:06.098+0000] {rawg.py:151} INFO - [149/1000] RAWG: DOOM (AppID 379720) -> 5 kandidat
[2026-09-04T08:43:06.754+0000] {rawg.py:151} INFO - [150/1000] RAWG: Evolve Stage 2 (AppID 273350) -> 5 kandidat
[2026-09-04T08:43:07.438+0000] {rawg.py:151} INFO - [151/1000] RAWG: Crab Game (AppID 1782210) -> 5 kandidat
[2026-09-04T08:43:08.102+0000] {rawg.py:151} INFO - [152/1000] RAWG: KurtzPel (AppID 844870) -> 2 kandidat
[2026-09-04T08:43:08.886+0000] {rawg.py:151} INFO - [153/1000] RAWG: Devil May Cry 5 (AppID 601150) -> 5 kandidat
[2026-09-04T08:43:09.539+0000] {rawg.py:151} INFO - [154/1000] RAWG: STAR WARS: The Old Republic (AppID 1286830) -> 5 kandidat
[2026-09-04T08:43:10.188+0000] {rawg.py:151} INFO - [155/1000] RAWG: Blender (AppID 365670) -> 5 kandidat
[2026-09-04T08:43:11.374+0000] {rawg.py:151} INFO - [156/1000] RAWG: Life is Strange - Episode 1 (AppID 319630) -> 5 kandidat
[2026-09-04T08:43:12.298+0000] {rawg.py:151} INFO - [157/1000] RAWG: Forza Horizon 4 (AppID 1293830) -> 5 kandidat
[2026-09-04T08:43:13.138+0000] {rawg.py:151} INFO - [158/1000] RAWG: Hades (AppID 1145360) -> 5 kandidat
[2026-09-04T08:43:14.132+0000] {rawg.py:151} INFO - [159/1000] RAWG: BattleBit Remastered (AppID 671860) -> 5 kandidat
[2026-09-04T08:43:14.783+0000] {rawg.py:151} INFO - [160/1000] RAWG: Factorio (AppID 427520) -> 5 kandidat
[2026-09-04T08:43:15.580+0000] {rawg.py:151} INFO - [161/1000] RAWG: Age of Empires II (Retired) (AppID 221380) -> 5 kandidat
[2026-09-04T08:43:16.350+0000] {rawg.py:151} INFO - [162/1000] RAWG: Company of Heroes 2 (AppID 231430) -> 5 kandidat
[2026-09-04T08:43:17.097+0000] {rawg.py:151} INFO - [163/1000] RAWG: Realm Royale (AppID 813820) -> 5 kandidat
[2026-09-04T08:43:17.877+0000] {rawg.py:151} INFO - [164/1000] RAWG: Total War: WARHAMMER II (AppID 594570) -> 5 kandidat
[2026-09-04T08:43:18.579+0000] {rawg.py:151} INFO - [165/1000] RAWG: Undertale (AppID 391540) -> 5 kandidat
[2026-09-04T08:43:19.567+0000] {rawg.py:151} INFO - [166/1000] RAWG: Halo: The Master Chief Collection (AppID 976730) -> 5 kandidat
[2026-09-04T08:43:20.376+0000] {rawg.py:151} INFO - [167/1000] RAWG: Slay the Spire (AppID 646570) -> 5 kandidat
[2026-09-04T08:43:21.053+0000] {rawg.py:151} INFO - [168/1000] RAWG: Dead Cells (AppID 588650) -> 5 kandidat
[2026-09-04T08:43:21.713+0000] {rawg.py:151} INFO - [169/1000] RAWG: Cuphead (AppID 268910) -> 5 kandidat
[2026-09-04T08:43:22.713+0000] {rawg.py:151} INFO - [170/1000] RAWG: Z1 Battle Royale: Test Server (AppID 439700) -> 5 kandidat
[2026-09-04T08:43:23.435+0000] {rawg.py:151} INFO - [171/1000] RAWG: Left 4 Dead (AppID 500) -> 5 kandidat
[2026-09-04T08:43:24.150+0000] {rawg.py:151} INFO - [172/1000] RAWG: People Playground (AppID 1118200) -> 5 kandidat
[2026-09-04T08:43:24.812+0000] {rawg.py:151} INFO - [173/1000] RAWG: Portal 2 (AppID 620) -> 5 kandidat
[2026-09-04T08:43:25.531+0000] {rawg.py:151} INFO - [174/1000] RAWG: Forza Horizon 5 (AppID 1551360) -> 5 kandidat
[2026-09-04T08:43:26.378+0000] {rawg.py:151} INFO - [175/1000] RAWG: Eternal Return (AppID 1049590) -> 5 kandidat
[2026-09-04T08:43:27.136+0000] {rawg.py:151} INFO - [176/1000] RAWG: Half-Life 2: Episode One (AppID 380) -> 5 kandidat
[2026-09-04T08:43:27.888+0000] {rawg.py:151} INFO - [177/1000] RAWG: Half-Life Deathmatch: Source (AppID 360) -> 5 kandidat
[2026-09-04T08:43:28.765+0000] {rawg.py:151} INFO - [178/1000] RAWG: Total War: THREE KINGDOMS (AppID 779340) -> 5 kandidat
[2026-09-04T08:43:29.499+0000] {rawg.py:151} INFO - [179/1000] RAWG: Prison Architect (AppID 233450) -> 5 kandidat
[2026-09-04T08:43:30.287+0000] {rawg.py:151} INFO - [180/1000] RAWG: DOOM Eternal (AppID 782330) -> 5 kandidat
[2026-09-04T08:43:31.082+0000] {rawg.py:151} INFO - [181/1000] RAWG: Cry of Fear (AppID 223710) -> 5 kandidat
[2026-09-04T08:43:31.725+0000] {rawg.py:151} INFO - [182/1000] RAWG: SCUM (AppID 513710) -> 5 kandidat
[2026-09-04T08:43:32.540+0000] {rawg.py:151} INFO - [183/1000] RAWG: Splitgate: Arena Warfare (AppID 677620) -> 5 kandidat
[2026-09-04T08:43:33.274+0000] {rawg.py:151} INFO - [184/1000] RAWG: Stumble Guys (AppID 1677740) -> 5 kandidat
[2026-09-04T08:43:34.228+0000] {rawg.py:151} INFO - [185/1000] RAWG: Neverwinter (AppID 109600) -> 5 kandidat
[2026-09-04T08:43:34.954+0000] {rawg.py:151} INFO - [186/1000] RAWG: Half-Life 2: Episode Two (AppID 420) -> 5 kandidat
[2026-09-04T08:43:35.937+0000] {rawg.py:151} INFO - [187/1000] RAWG: Business Tour - Board Game with Online Multiplayer (AppID 397900) -> 5 kandidat
[2026-09-04T08:43:36.797+0000] {rawg.py:151} INFO - [188/1000] RAWG: Doki Doki Literature Club! (AppID 698780) -> 5 kandidat
[2026-09-04T08:43:37.644+0000] {rawg.py:151} INFO - [189/1000] RAWG: Divinity: Original Sin 2 - Definitive Edition (AppID 435150) -> 5 kandidat
[2026-09-04T08:43:38.448+0000] {rawg.py:151} INFO - [190/1000] RAWG: Football Manager 2020 (AppID 1100600) -> 5 kandidat
[2026-09-04T08:43:39.105+0000] {rawg.py:151} INFO - [191/1000] RAWG: V Rising (AppID 1604030) -> 5 kandidat
[2026-09-04T08:43:39.980+0000] {rawg.py:151} INFO - [192/1000] RAWG: Dying Light 2 Stay Human: Reloaded Edition (AppID 534380) -> 5 kandidat
[2026-09-04T08:43:40.785+0000] {rawg.py:151} INFO - [193/1000] RAWG: Russian Fishing 4 (AppID 766570) -> 5 kandidat
[2026-09-04T08:43:41.561+0000] {rawg.py:151} INFO - [194/1000] RAWG: Deep Rock Galactic (AppID 548430) -> 5 kandidat
[2026-09-04T08:43:42.187+0000] {rawg.py:151} INFO - [195/1000] RAWG: RimWorld (AppID 294100) -> 5 kandidat
[2026-09-04T08:43:42.888+0000] {rawg.py:151} INFO - [196/1000] RAWG: Counter-Strike Nexon: Studio (AppID 273110) -> 5 kandidat
[2026-09-04T08:43:43.556+0000] {rawg.py:151} INFO - [197/1000] RAWG: The Cycle: Frontier (AppID 868270) -> 5 kandidat
[2026-09-04T08:43:44.369+0000] {rawg.py:151} INFO - [198/1000] RAWG: HITMAN 2 (AppID 863550) -> 5 kandidat
[2026-09-04T08:43:45.005+0000] {rawg.py:151} INFO - [199/1000] RAWG: Titanfall 2 (AppID 1237970) -> 5 kandidat
[2026-09-04T08:43:45.664+0000] {rawg.py:151} INFO - [200/1000] RAWG: Infestation: The New Z (AppID 555570) -> 5 kandidat
[2026-09-04T08:43:46.515+0000] {rawg.py:151} INFO - [201/1000] RAWG: Call of Duty: Modern Warfare 2 (2009) (AppID 10190) -> 5 kandidat
[2026-09-04T08:43:59.426+0000] {rawg.py:151} INFO - [202/1000] RAWG: Little Nightmares (AppID 424840) -> 5 kandidat
[2026-09-04T08:44:00.106+0000] {rawg.py:151} INFO - [203/1000] RAWG: EA SPORTS FC 25 (AppID 2669320) -> 5 kandidat
[2026-09-04T08:44:01.190+0000] {rawg.py:151} INFO - [204/1000] RAWG: theHunter: Call of the Wild (AppID 518790) -> 5 kandidat
[2026-09-04T08:44:02.612+0000] {rawg.py:151} INFO - [205/1000] RAWG: Tom Clancy’s The Division (AppID 365590) -> 5 kandidat
[2026-09-04T08:44:03.682+0000] {rawg.py:151} INFO - [206/1000] RAWG: POSTAL 2 (AppID 223470) -> 5 kandidat
[2026-09-04T08:44:04.690+0000] {rawg.py:151} INFO - [207/1000] RAWG: Middle-earth: Shadow of Mordor (AppID 241930) -> 5 kandidat
[2026-09-04T08:44:05.565+0000] {rawg.py:151} INFO - [208/1000] RAWG: AdVenture Capitalist (AppID 346900) -> 5 kandidat
[2026-09-04T08:44:06.410+0000] {rawg.py:151} INFO - [209/1000] RAWG: Grand Theft Auto V Enhanced (AppID 3240220) -> 5 kandidat
[2026-09-04T08:44:07.467+0000] {rawg.py:151} INFO - [210/1000] RAWG: Conan Exiles Enhanced (AppID 440900) -> 5 kandidat
[2026-09-04T08:44:08.350+0000] {rawg.py:151} INFO - [211/1000] RAWG: DARK SOULS III (AppID 374320) -> 5 kandidat
[2026-09-04T08:44:09.152+0000] {rawg.py:151} INFO - [212/1000] RAWG: DAVE THE DIVER (AppID 1868140) -> 5 kandidat
[2026-09-04T08:44:09.866+0000] {rawg.py:151} INFO - [213/1000] RAWG: FOR HONOR (AppID 304390) -> 5 kandidat
[2026-09-04T08:44:10.691+0000] {rawg.py:151} INFO - [214/1000] RAWG: Loadout (AppID 208090) -> 5 kandidat
[2026-09-04T08:44:11.751+0000] {rawg.py:151} INFO - [215/1000] RAWG: Mount & Blade: Warband (AppID 48700) -> 5 kandidat
[2026-09-04T08:44:12.488+0000] {rawg.py:151} INFO - [216/1000] RAWG: Call of Duty 2 (AppID 2630) -> 5 kandidat
[2026-09-04T08:44:13.364+0000] {rawg.py:151} INFO - [217/1000] RAWG: Grand Theft Auto IV: The Complete Edition (AppID 12210) -> 5 kandidat
[2026-09-04T08:44:13.974+0000] {rawg.py:151} INFO - [218/1000] RAWG: Ready or Not (AppID 1144200) -> 5 kandidat
[2026-09-04T08:44:14.672+0000] {rawg.py:151} INFO - [219/1000] RAWG: APB Reloaded (AppID 113400) -> 5 kandidat
[2026-09-04T08:44:15.318+0000] {rawg.py:151} INFO - [220/1000] RAWG: Stray (AppID 1332010) -> 5 kandidat
[2026-09-04T08:44:16.249+0000] {rawg.py:151} INFO - [221/1000] RAWG: Saints Row IV: Re-Elected (AppID 206420) -> 5 kandidat
[2026-09-04T08:44:16.964+0000] {rawg.py:151} INFO - [222/1000] RAWG: Fishing Planet (AppID 380600) -> 5 kandidat
[2026-09-04T08:44:17.696+0000] {rawg.py:151} INFO - [223/1000] RAWG: Just Cause 3 (AppID 225540) -> 5 kandidat
[2026-09-04T08:44:18.354+0000] {rawg.py:151} INFO - [224/1000] RAWG: Braveland (AppID 285800) -> 5 kandidat
[2026-09-04T08:44:18.945+0000] {rawg.py:151} INFO - [225/1000] RAWG: Metro 2033 Redux (AppID 286690) -> 5 kandidat
[2026-09-04T08:44:19.949+0000] {rawg.py:151} INFO - [226/1000] RAWG: DCS World Steam Edition (AppID 223750) -> 5 kandidat
[2026-09-04T08:44:20.622+0000] {rawg.py:151} INFO - [227/1000] RAWG: God of War (AppID 1593500) -> 5 kandidat
[2026-09-04T08:44:21.223+0000] {rawg.py:151} INFO - [228/1000] RAWG: Crossout (AppID 386180) -> 5 kandidat
[2026-09-04T08:44:21.897+0000] {rawg.py:151} INFO - [229/1000] RAWG: Battlefield 1 (AppID 1238840) -> 5 kandidat
[2026-09-04T08:44:22.760+0000] {rawg.py:151} INFO - [230/1000] RAWG: Assassin's Creed Odyssey (AppID 812140) -> 5 kandidat
[2026-09-04T08:44:23.559+0000] {rawg.py:151} INFO - [231/1000] RAWG: Poppy Playtime (AppID 1721470) -> 5 kandidat
[2026-09-04T08:44:24.239+0000] {rawg.py:151} INFO - [232/1000] RAWG: Bloons TD 6 (AppID 960090) -> 5 kandidat
[2026-09-04T08:44:29.656+0000] {rawg.py:151} INFO - [233/1000] RAWG: Saints Row: The Third (AppID 55230) -> 5 kandidat
[2026-09-04T08:44:30.708+0000] {rawg.py:151} INFO - [234/1000] RAWG: Darkest Dungeon (AppID 262060) -> 5 kandidat
[2026-09-04T08:44:32.174+0000] {rawg.py:151} INFO - [235/1000] RAWG: Albion Online (AppID 761890) -> 5 kandidat
[2026-09-04T08:44:33.153+0000] {rawg.py:151} INFO - [236/1000] RAWG: Split Fiction (AppID 2001120) -> 5 kandidat
[2026-09-04T08:44:34.272+0000] {rawg.py:151} INFO - [237/1000] RAWG: Stellaris (AppID 281990) -> 5 kandidat
[2026-09-04T08:44:34.938+0000] {rawg.py:151} INFO - [238/1000] RAWG: Divide By Sheep (AppID 252130) -> 5 kandidat
[2026-09-04T08:44:35.677+0000] {rawg.py:151} INFO - [239/1000] RAWG: Starbound (AppID 211820) -> 5 kandidat
[2026-09-04T08:44:36.624+0000] {rawg.py:151} INFO - [240/1000] RAWG: Just Cause 2 (AppID 8190) -> 5 kandidat
[2026-09-04T08:44:38.034+0000] {rawg.py:151} INFO - [241/1000] RAWG: STAR WARS Battlefront II (Classic, 2005) (AppID 6060) -> 5 kandidat
[2026-09-04T08:44:38.846+0000] {rawg.py:151} INFO - [242/1000] RAWG: Totally Accurate Battle Simulator (AppID 508440) -> 5 kandidat
[2026-09-04T08:44:39.778+0000] {rawg.py:151} INFO - [243/1000] RAWG: Call of Duty: Modern Warfare 3 (2011) (AppID 115300) -> 5 kandidat
[2026-09-04T08:44:40.458+0000] {rawg.py:151} INFO - [244/1000] RAWG: Magicka (AppID 42910) -> 5 kandidat
[2026-09-04T08:44:41.196+0000] {rawg.py:151} INFO - [245/1000] RAWG: FINAL FANTASY XIV Online (AppID 39210) -> 5 kandidat
[2026-09-04T08:44:44.074+0000] {rawg.py:151} INFO - [246/1000] RAWG: Need for Speed Heat (AppID 1222680) -> 5 kandidat
[2026-09-04T08:44:44.989+0000] {rawg.py:151} INFO - [247/1000] RAWG: The Descendant (AppID 351940) -> 5 kandidat
[2026-09-04T08:44:45.708+0000] {rawg.py:151} INFO - [248/1000] RAWG: Killing Floor (AppID 1250) -> 5 kandidat
[2026-09-04T08:44:46.580+0000] {rawg.py:151} INFO - [249/1000] RAWG: The Elder Scrolls IV: Oblivion Remastered (AppID 2623190) -> 5 kandidat
[2026-09-04T08:44:47.357+0000] {rawg.py:151} INFO - [250/1000] RAWG: Frostpunk (AppID 323190) -> 5 kandidat
[2026-09-04T08:44:48.081+0000] {rawg.py:151} INFO - [251/1000] RAWG: Starfield (AppID 1716740) -> 5 kandidat
[2026-09-04T08:44:49.029+0000] {rawg.py:151} INFO - [252/1000] RAWG: Age of Empires II: Definitive Edition (AppID 813780) -> 5 kandidat
[2026-09-04T08:44:50.673+0000] {rawg.py:151} INFO - [253/1000] RAWG: Alien Swarm (AppID 630) -> 5 kandidat
[2026-09-04T08:44:51.454+0000] {rawg.py:151} INFO - [254/1000] RAWG: Amnesia: The Dark Descent (AppID 57300) -> 5 kandidat
[2026-09-04T08:44:52.127+0000] {rawg.py:151} INFO - [255/1000] RAWG: DISTRAINT: Deluxe Edition (AppID 395170) -> 5 kandidat
[2026-09-04T08:44:53.057+0000] {rawg.py:151} INFO - [256/1000] RAWG: The Witcher 2: Assassins of Kings Enhanced Edition (AppID 20920) -> 5 kandidat
[2026-09-04T08:44:53.931+0000] {rawg.py:151} INFO - [257/1000] RAWG: FTL: Faster Than Light (AppID 212680) -> 5 kandidat
[2026-09-04T08:44:54.607+0000] {rawg.py:151} INFO - [258/1000] RAWG: Battlerite (AppID 504370) -> 5 kandidat
[2026-09-04T08:44:55.703+0000] {rawg.py:151} INFO - [259/1000] RAWG: Tabletop Simulator (AppID 286160) -> 5 kandidat
[2026-09-04T08:44:56.403+0000] {rawg.py:151} INFO - [260/1000] RAWG: Enter the Gungeon (AppID 311690) -> 5 kandidat
[2026-09-04T08:44:57.194+0000] {rawg.py:151} INFO - [261/1000] RAWG: Survarium (AppID 355840) -> 1 kandidat
[2026-09-04T08:44:57.802+0000] {rawg.py:151} INFO - [262/1000] RAWG: Hades II (AppID 1145350) -> 5 kandidat
[2026-09-04T08:44:58.467+0000] {rawg.py:151} INFO - [263/1000] RAWG: Crosshair X (AppID 1366800) -> 5 kandidat
[2026-09-04T08:44:59.408+0000] {rawg.py:151} INFO - [264/1000] RAWG: Resident Evil Village (AppID 1196590) -> 5 kandidat
[2026-09-04T08:45:00.124+0000] {rawg.py:151} INFO - [265/1000] RAWG: House Flipper (AppID 613100) -> 5 kandidat
[2026-09-04T08:45:00.962+0000] {rawg.py:151} INFO - [266/1000] RAWG: STAR WARS Jedi: Fallen Order (AppID 1172380) -> 5 kandidat
[2026-09-04T08:45:01.924+0000] {rawg.py:151} INFO - [267/1000] RAWG: Call of Duty: Black Ops II (AppID 202970) -> 5 kandidat
[2026-09-04T08:45:10.004+0000] {rawg.py:151} INFO - [268/1000] RAWG: INSIDE (AppID 304430) -> 5 kandidat
[2026-09-04T08:45:12.506+0000] {rawg.py:151} INFO - [269/1000] RAWG: Plants vs. Zombies GOTY Edition (AppID 3590) -> 5 kandidat
[2026-09-04T08:45:14.210+0000] {rawg.py:151} INFO - [270/1000] RAWG: Party Animals (AppID 1260320) -> 5 kandidat
[2026-09-04T08:45:17.140+0000] {rawg.py:151} INFO - [271/1000] RAWG: Arma 2: Operation Arrowhead (AppID 33930) -> 5 kandidat
[2026-09-04T08:45:17.921+0000] {rawg.py:151} INFO - [272/1000] RAWG: The Lord of the Rings Online (AppID 212500) -> 5 kandidat
[2026-09-04T08:45:18.677+0000] {rawg.py:151} INFO - [273/1000] RAWG: Oxygen Not Included (AppID 457140) -> 5 kandidat
[2026-09-04T08:45:19.631+0000] {rawg.py:151} INFO - [274/1000] RAWG: Beat Saber (AppID 620980) -> 5 kandidat
[2026-09-04T08:45:20.523+0000] {rawg.py:151} INFO - [275/1000] RAWG: Detroit: Become Human (AppID 1222140) -> 5 kandidat
[2026-09-04T08:45:21.724+0000] {rawg.py:151} INFO - [276/1000] RAWG: Marvel’s Spider-Man Remastered (AppID 1817070) -> 5 kandidat
[2026-09-04T08:45:22.588+0000] {rawg.py:151} INFO - [277/1000] RAWG: Dishonored (AppID 205100) -> 5 kandidat
[2026-09-04T08:45:23.619+0000] {rawg.py:151} INFO - [278/1000] RAWG: PAYDAY The Heist (AppID 24240) -> 5 kandidat
[2026-09-04T08:45:24.676+0000] {rawg.py:151} INFO - [279/1000] RAWG: FIFA 22 (AppID 1506830) -> 5 kandidat
[2026-09-04T08:45:25.721+0000] {rawg.py:151} INFO - [280/1000] RAWG: Ultimate Custom Night (AppID 871720) -> 5 kandidat
[2026-09-04T08:45:26.399+0000] {rawg.py:151} INFO - [281/1000] RAWG: Grounded (AppID 962130) -> 5 kandidat
[2026-09-04T08:45:27.228+0000] {rawg.py:151} INFO - [282/1000] RAWG: Middle-earth: Shadow of War (AppID 356190) -> 5 kandidat
[2026-09-04T08:45:27.913+0000] {rawg.py:151} INFO - [283/1000] RAWG: Broforce (AppID 274190) -> 5 kandidat
[2026-09-04T08:45:28.629+0000] {rawg.py:151} INFO - [284/1000] RAWG: Mad Max (AppID 234140) -> 5 kandidat
[2026-09-04T08:45:29.241+0000] {rawg.py:151} INFO - [285/1000] RAWG: EVE Online (AppID 8500) -> 5 kandidat
[2026-09-04T08:45:30.266+0000] {rawg.py:151} INFO - [286/1000] RAWG: Far Cry 5 (AppID 552520) -> 5 kandidat
[2026-09-04T08:45:30.945+0000] {rawg.py:151} INFO - [287/1000] RAWG: BioShock (AppID 7670) -> 5 kandidat
[2026-09-04T08:45:31.647+0000] {rawg.py:151} INFO - [288/1000] RAWG: Vampire: The Masquerade - Bloodhunt (AppID 760160) -> 5 kandidat
[2026-09-04T08:45:32.511+0000] {rawg.py:151} INFO - [289/1000] RAWG: American Truck Simulator (AppID 270880) -> 5 kandidat
[2026-09-04T08:45:33.391+0000] {rawg.py:151} INFO - [290/1000] RAWG: Enshrouded (AppID 1203620) -> 5 kandidat
[2026-09-04T08:45:34.043+0000] {rawg.py:151} INFO - [291/1000] RAWG: Yu-Gi-Oh! Duel Links (AppID 601510) -> 5 kandidat
[2026-09-04T08:45:34.662+0000] {rawg.py:151} INFO - [292/1000] RAWG: Borderlands 3 (AppID 397540) -> 5 kandidat
[2026-09-04T08:45:35.461+0000] {rawg.py:151} INFO - [293/1000] RAWG: Grand Theft Auto: San Andreas (AppID 12120) -> 5 kandidat
[2026-09-04T08:45:36.182+0000] {rawg.py:151} INFO - [294/1000] RAWG: HITMAN (AppID 236870) -> 5 kandidat
[2026-09-04T08:45:36.989+0000] {rawg.py:151} INFO - [295/1000] RAWG: Stick Fight: The Game (AppID 674940) -> 5 kandidat
[2026-09-04T08:45:37.811+0000] {rawg.py:151} INFO - [296/1000] RAWG: CRSED: F.O.A.D. (AppID 884660) -> 5 kandidat
[2026-09-04T08:45:38.675+0000] {rawg.py:151} INFO - [297/1000] RAWG: Kingdom Two Crowns (AppID 701160) -> 5 kandidat
[2026-09-04T08:45:39.656+0000] {rawg.py:151} INFO - [298/1000] RAWG: Mirror 2: Project X (AppID 1832640) -> 5 kandidat
[2026-09-04T08:45:40.470+0000] {rawg.py:151} INFO - [299/1000] RAWG: Batman: Arkham Knight (AppID 208650) -> 5 kandidat
[2026-09-04T08:45:41.450+0000] {rawg.py:151} INFO - [300/1000] RAWG: LIMBO (AppID 48000) -> 5 kandidat
[2026-09-04T08:45:42.176+0000] {rawg.py:151} INFO - [301/1000] RAWG: Balatro (AppID 2379780) -> 5 kandidat
[2026-09-04T08:45:42.815+0000] {rawg.py:151} INFO - [302/1000] RAWG: Far Cry 4 (AppID 298110) -> 5 kandidat
[2026-09-04T08:45:43.735+0000] {rawg.py:151} INFO - [303/1000] RAWG: Call of Duty: Black Ops (AppID 42710) -> 5 kandidat
[2026-09-04T08:45:44.766+0000] {rawg.py:151} INFO - [304/1000] RAWG: Torchlight II (AppID 200710) -> 5 kandidat
[2026-09-04T08:45:45.764+0000] {rawg.py:151} INFO - [305/1000] RAWG: Crusader Kings II (AppID 203770) -> 5 kandidat
[2026-09-04T08:45:46.562+0000] {rawg.py:151} INFO - [306/1000] RAWG: Clair Obscur: Expedition 33 (AppID 1903340) -> 5 kandidat
[2026-09-04T08:45:47.240+0000] {rawg.py:151} INFO - [307/1000] RAWG: Space Engineers (AppID 244850) -> 5 kandidat
[2026-09-04T08:45:50.505+0000] {rawg.py:151} INFO - [308/1000] RAWG: Dyson Sphere Program (AppID 1366540) -> 5 kandidat
[2026-09-04T08:45:52.087+0000] {rawg.py:151} INFO - [309/1000] RAWG: Supermarket Together (AppID 2709570) -> 5 kandidat
[2026-09-04T08:45:52.896+0000] {rawg.py:151} INFO - [310/1000] RAWG: Total War: SHOGUN 2 (AppID 201270) -> 5 kandidat
[2026-09-04T08:45:53.661+0000] {rawg.py:151} INFO - [311/1000] RAWG: TEKKEN 7 (AppID 389730) -> 5 kandidat
[2026-09-04T08:45:54.397+0000] {rawg.py:151} INFO - [312/1000] RAWG: Call of Duty: World at War (AppID 10090) -> 5 kandidat
[2026-09-04T08:45:55.059+0000] {rawg.py:151} INFO - [313/1000] RAWG: Days Gone (AppID 1259420) -> 5 kandidat
[2026-09-04T08:45:55.855+0000] {rawg.py:151} INFO - [314/1000] RAWG: Borderlands: The Pre-Sequel (AppID 261640) -> 5 kandidat
[2026-09-04T08:45:56.772+0000] {rawg.py:151} INFO - [315/1000] RAWG: Kerbal Space Program (AppID 220200) -> 5 kandidat
[2026-09-04T08:45:57.530+0000] {rawg.py:151} INFO - [316/1000] RAWG: Total War: WARHAMMER III (AppID 1142710) -> 5 kandidat
[2026-09-04T08:46:07.812+0000] {rawg.py:151} INFO - [317/1000] RAWG: Fistful of Frags (AppID 265630) -> 5 kandidat
[2026-09-04T08:46:09.697+0000] {rawg.py:151} INFO - [318/1000] RAWG: Hotline Miami (AppID 219150) -> 5 kandidat
[2026-09-04T08:46:11.886+0000] {rawg.py:151} INFO - [319/1000] RAWG: The Expendabros (AppID 312990) -> 5 kandidat
[2026-09-04T08:46:12.558+0000] {rawg.py:151} INFO - [320/1000] RAWG: Rising Storm 2: Vietnam (AppID 418460) -> 5 kandidat
[2026-09-04T08:46:13.280+0000] {rawg.py:151} INFO - [321/1000] RAWG: RaceRoom Racing Experience (AppID 211500) -> 5 kandidat
[2026-09-04T08:46:14.004+0000] {rawg.py:151} INFO - [322/1000] RAWG: Last Man Standing (AppID 506540) -> 5 kandidat
[2026-09-04T08:46:15.412+0000] {rawg.py:151} INFO - [323/1000] RAWG: The Witcher: Enhanced Edition Director's Cut (AppID 20900) -> 5 kandidat
[2026-09-04T08:46:16.336+0000] {rawg.py:151} INFO - [324/1000] RAWG: Warhammer: Vermintide 2 (AppID 552500) -> 5 kandidat
[2026-09-04T08:46:17.614+0000] {rawg.py:151} INFO - [325/1000] RAWG: Ori and the Will of the Wisps (AppID 1057090) -> 5 kandidat
[2026-09-04T08:46:18.370+0000] {rawg.py:151} INFO - [326/1000] RAWG: Elite Dangerous (AppID 359320) -> 5 kandidat
[2026-09-04T08:46:19.260+0000] {rawg.py:151} INFO - [327/1000] RAWG: Total War: ROME II - Emperor Edition (AppID 214950) -> 5 kandidat
[2026-09-04T08:46:20.017+0000] {rawg.py:151} INFO - [328/1000] RAWG: Saints Row 2 (AppID 9480) -> 5 kandidat
[2026-09-04T08:46:20.714+0000] {rawg.py:151} INFO - [329/1000] RAWG: Skullgirls 2nd Encore (AppID 245170) -> 5 kandidat
[2026-09-04T08:46:21.421+0000] {rawg.py:151} INFO - [330/1000] RAWG: The Walking Dead (AppID 207610) -> 5 kandidat
[2026-09-04T08:46:22.496+0000] {rawg.py:151} INFO - [331/1000] RAWG: Red Orchestra 2: Heroes of Stalingrad with Rising Storm (AppID 35450) -> 5 kandidat
[2026-09-04T08:46:24.682+0000] {rawg.py:151} INFO - [332/1000] RAWG: Gang Beasts (AppID 285900) -> 5 kandidat
[2026-09-04T08:46:27.455+0000] {rawg.py:151} INFO - [333/1000] RAWG: Killing Floor 2 (AppID 232090) -> 5 kandidat
[2026-09-04T08:46:28.480+0000] {rawg.py:151} INFO - [334/1000] RAWG: Call of Duty: Modern Warfare 3 (2011) (AppID 42680) -> 5 kandidat
[2026-09-04T08:46:29.292+0000] {rawg.py:151} INFO - [335/1000] RAWG: Century: Age of Ashes (AppID 918570) -> 5 kandidat
[2026-09-04T08:46:30.169+0000] {rawg.py:151} INFO - [336/1000] RAWG: Kingdom Come: Deliverance II (AppID 1771300) -> 5 kandidat
[2026-09-04T08:46:30.923+0000] {rawg.py:151} INFO - [337/1000] RAWG: Watch_Dogs 2 (AppID 447040) -> 5 kandidat
[2026-09-04T08:46:38.274+0000] {rawg.py:151} INFO - [338/1000] RAWG: XCOM: Enemy Unknown (AppID 200510) -> 5 kandidat
[2026-09-04T08:46:39.559+0000] {rawg.py:151} INFO - [339/1000] RAWG: ASTRONEER (AppID 361420) -> 5 kandidat
[2026-09-04T08:46:40.331+0000] {rawg.py:151} INFO - [340/1000] RAWG: Arma 2 (AppID 33900) -> 5 kandidat
[2026-09-04T08:46:41.169+0000] {rawg.py:151} INFO - [341/1000] RAWG: Guns of Icarus Online (AppID 209080) -> 5 kandidat
[2026-09-04T08:46:42.357+0000] {rawg.py:151} INFO - [342/1000] RAWG: Mortal Kombat X (AppID 307780) -> 5 kandidat
[2026-09-04T08:46:42.999+0000] {rawg.py:151} INFO - [343/1000] RAWG: Transformice (AppID 335240) -> 5 kandidat
[2026-09-04T08:46:43.913+0000] {rawg.py:151} INFO - [344/1000] RAWG: Dishonored 2 (AppID 403640) -> 5 kandidat
[2026-09-04T08:46:44.647+0000] {rawg.py:151} INFO - [345/1000] RAWG: Spiral Knights (AppID 99900) -> 5 kandidat
[2026-09-04T08:46:45.333+0000] {rawg.py:151} INFO - [346/1000] RAWG: Helltaker (AppID 1289310) -> 5 kandidat
[2026-09-04T08:46:46.298+0000] {rawg.py:151} INFO - [347/1000] RAWG: METAL GEAR SOLID V: THE PHANTOM PAIN (AppID 287700) -> 5 kandidat
[2026-09-04T08:46:47.040+0000] {rawg.py:151} INFO - [348/1000] RAWG: Tom Clancy's Ghost Recon Wildlands (AppID 460930) -> 5 kandidat
[2026-09-04T08:46:47.703+0000] {rawg.py:151} INFO - [349/1000] RAWG: Don't Starve (AppID 219740) -> 5 kandidat
[2026-09-04T08:46:48.397+0000] {rawg.py:151} INFO - [350/1000] RAWG: The Tiny Bang Story (AppID 96000) -> 5 kandidat
[2026-09-04T08:46:49.147+0000] {rawg.py:151} INFO - [351/1000] RAWG: Trine 2: Complete Story (AppID 35720) -> 5 kandidat
[2026-09-04T08:46:50.125+0000] {rawg.py:151} INFO - [352/1000] RAWG: Pummel Party (AppID 880940) -> 5 kandidat
[2026-09-04T08:46:50.788+0000] {rawg.py:151} INFO - [353/1000] RAWG: Scrap Mechanic (AppID 387990) -> 5 kandidat
[2026-09-04T08:46:51.495+0000] {rawg.py:151} INFO - [354/1000] RAWG: Hell Let Loose (AppID 686810) -> 5 kandidat
[2026-09-04T08:46:52.273+0000] {rawg.py:151} INFO - [355/1000] RAWG: BioShock Remastered (AppID 409710) -> 5 kandidat
[2026-09-04T08:46:53.127+0000] {rawg.py:151} INFO - [356/1000] RAWG: Resident Evil 7 Biohazard (AppID 418370) -> 5 kandidat
[2026-09-04T08:46:53.812+0000] {rawg.py:151} INFO - [357/1000] RAWG: Mafia II (Classic) (AppID 50130) -> 5 kandidat
[2026-09-04T08:46:54.526+0000] {rawg.py:151} INFO - [358/1000] RAWG: Cookie Clicker (AppID 1454400) -> 5 kandidat
[2026-09-04T08:46:55.587+0000] {rawg.py:151} INFO - [359/1000] RAWG: Kingdom Come: Deliverance (AppID 379430) -> 5 kandidat
[2026-09-04T08:46:56.503+0000] {rawg.py:151} INFO - [360/1000] RAWG: Hotline Miami 2: Wrong Number (AppID 274170) -> 5 kandidat
[2026-09-04T08:46:57.409+0000] {rawg.py:151} INFO - [361/1000] RAWG: POSTAL (AppID 232770) -> 5 kandidat
[2026-09-04T08:46:58.346+0000] {rawg.py:151} INFO - [362/1000] RAWG: Manor Lords (AppID 1363080) -> 5 kandidat
[2026-09-04T08:47:00.683+0000] {rawg.py:151} INFO - [363/1000] RAWG: Minimalism (AppID 585690) -> 5 kandidat
[2026-09-04T08:47:01.377+0000] {rawg.py:151} INFO - [364/1000] RAWG: Assassin's Creed Unity (AppID 289650) -> 5 kandidat
[2026-09-04T08:47:03.411+0000] {rawg.py:151} INFO - [365/1000] RAWG: Mirror's Edge (AppID 17410) -> 5 kandidat
[2026-09-04T08:47:04.782+0000] {rawg.py:151} INFO - [366/1000] RAWG: Company of Heroes - Legacy Edition (AppID 4560) -> 5 kandidat
[2026-09-04T08:47:05.947+0000] {rawg.py:151} INFO - [367/1000] RAWG: Gray Zone Warfare (AppID 2479810) -> 5 kandidat
[2026-09-04T08:47:06.776+0000] {rawg.py:151} INFO - [368/1000] RAWG: Shadow Warrior (AppID 233130) -> 5 kandidat
[2026-09-04T08:47:07.513+0000] {rawg.py:151} INFO - [369/1000] RAWG: Wolfenstein: Youngblood (AppID 1056960) -> 5 kandidat
[2026-09-04T08:47:08.238+0000] {rawg.py:151} INFO - [370/1000] RAWG: Mortal Kombat 11 (AppID 976310) -> 5 kandidat
[2026-09-04T08:47:09.141+0000] {rawg.py:151} INFO - [371/1000] RAWG: Call of Duty: Black Ops II (AppID 202990) -> 5 kandidat
[2026-09-04T08:47:10.383+0000] {rawg.py:151} INFO - [372/1000] RAWG: Codename CURE (AppID 355180) -> 5 kandidat
[2026-09-04T08:47:11.288+0000] {rawg.py:151} INFO - [373/1000] RAWG: DRAGON BALL FighterZ (AppID 678950) -> 5 kandidat
[2026-09-04T08:47:12.077+0000] {rawg.py:151} INFO - [374/1000] RAWG: Fallout 76 (AppID 1151340) -> 5 kandidat
[2026-09-04T08:47:12.818+0000] {rawg.py:151} INFO - [375/1000] RAWG: Block N Load (AppID 299360) -> 5 kandidat
[2026-09-04T08:47:13.560+0000] {rawg.py:151} INFO - [376/1000] RAWG: South Park: The Stick of Truth (AppID 213670) -> 5 kandidat
[2026-09-04T08:47:14.330+0000] {rawg.py:151} INFO - [377/1000] RAWG: World of Guns: Gun Disassembly (AppID 262410) -> 5 kandidat
[2026-09-04T08:47:15.338+0000] {rawg.py:151} INFO - [378/1000] RAWG: Defiance (AppID 224600) -> 5 kandidat
[2026-09-04T08:47:16.313+0000] {rawg.py:151} INFO - [379/1000] RAWG: Kingdom: Classic (AppID 368230) -> 5 kandidat
[2026-09-04T08:47:17.067+0000] {rawg.py:151} INFO - [380/1000] RAWG: Liar's Bar (AppID 3097560) -> 5 kandidat
[2026-09-04T08:47:17.851+0000] {rawg.py:151} INFO - [381/1000] RAWG: DARK SOULS II: Scholar of the First Sin (AppID 335300) -> 5 kandidat
[2026-09-04T08:47:18.474+0000] {rawg.py:151} INFO - [382/1000] RAWG: Kenshi (AppID 233860) -> 5 kandidat
[2026-09-04T08:47:19.151+0000] {rawg.py:151} INFO - [383/1000] RAWG: Getting Over It with Bennett Foddy (AppID 240720) -> 5 kandidat
[2026-09-04T08:47:19.778+0000] {rawg.py:151} INFO - [384/1000] RAWG: Layers of Fear (2016) (AppID 391720) -> 5 kandidat
[2026-09-04T08:47:20.504+0000] {rawg.py:151} INFO - [385/1000] RAWG: The Scroll of Taiwu : Beyond The Dome (AppID 838350) -> 5 kandidat
[2026-09-04T08:47:21.148+0000] {rawg.py:151} INFO - [386/1000] RAWG: Outlast (AppID 238320) -> 5 kandidat
[2026-09-04T08:47:21.885+0000] {rawg.py:151} INFO - [387/1000] RAWG: This War of Mine (AppID 282070) -> 5 kandidat
[2026-09-04T08:47:22.540+0000] {rawg.py:151} INFO - [388/1000] RAWG: Metro Exodus (AppID 412020) -> 5 kandidat
[2026-09-04T08:47:23.226+0000] {rawg.py:151} INFO - [389/1000] RAWG: Crusader Kings III (AppID 1158310) -> 5 kandidat
[2026-09-04T08:47:23.878+0000] {rawg.py:151} INFO - [390/1000] RAWG: Chained Together (AppID 2567870) -> 5 kandidat
[2026-09-04T08:47:24.510+0000] {rawg.py:151} INFO - [391/1000] RAWG: Goat Simulator (AppID 265930) -> 5 kandidat
[2026-09-04T08:47:25.166+0000] {rawg.py:151} INFO - [392/1000] RAWG: Alien: Isolation (AppID 214490) -> 5 kandidat
[2026-09-04T08:47:25.803+0000] {rawg.py:151} INFO - [393/1000] RAWG: Black Mesa (AppID 362890) -> 5 kandidat
[2026-09-04T08:47:26.665+0000] {rawg.py:151} INFO - [394/1000] RAWG: Friday the 13th: The Game (AppID 438740) -> 5 kandidat
[2026-09-04T08:47:27.409+0000] {rawg.py:151} INFO - [395/1000] RAWG: Remnant: From the Ashes (AppID 617290) -> 5 kandidat
[2026-09-04T08:47:28.127+0000] {rawg.py:151} INFO - [396/1000] RAWG: Fallout Shelter (AppID 588430) -> 5 kandidat
[2026-09-04T08:47:28.960+0000] {rawg.py:151} INFO - [397/1000] RAWG: Escape the Backrooms (AppID 1943950) -> 5 kandidat
[2026-09-04T08:47:29.770+0000] {rawg.py:151} INFO - [398/1000] RAWG: Hitman: Absolution (AppID 203140) -> 5 kandidat
[2026-09-04T08:47:30.528+0000] {rawg.py:151} INFO - [399/1000] RAWG: Grand Theft Auto III (AppID 12100) -> 5 kandidat
[2026-09-04T08:47:31.361+0000] {rawg.py:151} INFO - [400/1000] RAWG: Conqueror's Blade (AppID 905370) -> 5 kandidat
[2026-09-04T08:47:35.646+0000] {rawg.py:151} INFO - [401/1000] RAWG: Phantasy Star Online 2 (AppID 1056640) -> 5 kandidat
[2026-09-04T08:47:36.684+0000] {rawg.py:151} INFO - [402/1000] RAWG: Brotato (AppID 1942280) -> 5 kandidat
[2026-09-04T08:47:37.446+0000] {rawg.py:151} INFO - [403/1000] RAWG: BattleBlock Theater (AppID 238460) -> 5 kandidat
[2026-09-04T08:47:38.631+0000] {rawg.py:151} INFO - [404/1000] RAWG: Fallout: A Post Nuclear Role Playing Game (AppID 38400) -> 5 kandidat
[2026-09-04T08:47:39.530+0000] {rawg.py:151} INFO - [405/1000] RAWG: Granblue Fantasy: Relink (AppID 881020) -> 5 kandidat
[2026-09-04T08:47:44.256+0000] {rawg.py:151} INFO - [406/1000] RAWG: Dungeon Defenders (AppID 65800) -> 5 kandidat
[2026-09-04T08:47:45.391+0000] {rawg.py:151} INFO - [407/1000] RAWG: Sins of a Solar Empire: Rebellion (AppID 204880) -> 5 kandidat
[2026-09-04T08:47:46.999+0000] {rawg.py:151} INFO - [408/1000] RAWG: METAL GEAR RISING: REVENGEANCE (AppID 235460) -> 5 kandidat
[2026-09-04T08:47:47.900+0000] {rawg.py:151} INFO - [409/1000] RAWG: Insurgency: Sandstorm (AppID 581320) -> 5 kandidat
[2026-09-04T08:47:48.920+0000] {rawg.py:151} INFO - [410/1000] RAWG: Total War: SHOGUN 2 (AppID 34330) -> 5 kandidat
[2026-09-04T08:47:49.823+0000] {rawg.py:151} INFO - [411/1000] RAWG: Ori and the Blind Forest: Definitive Edition (AppID 387290) -> 5 kandidat
[2026-09-04T08:47:50.810+0000] {rawg.py:151} INFO - [412/1000] RAWG: Overcooked! 2 (AppID 728880) -> 5 kandidat
[2026-09-04T08:47:51.615+0000] {rawg.py:151} INFO - [413/1000] RAWG: Rise of the Tomb Raider (AppID 391220) -> 5 kandidat
[2026-09-04T08:47:52.346+0000] {rawg.py:151} INFO - [414/1000] RAWG: BioShock Infinite (AppID 8870) -> 5 kandidat
[2026-09-04T08:47:53.061+0000] {rawg.py:151} INFO - [415/1000] RAWG: Tree of Savior (English Ver.) (AppID 372000) -> 5 kandidat
[2026-09-04T08:47:53.833+0000] {rawg.py:151} INFO - [416/1000] RAWG: Papers, Please (AppID 239030) -> 5 kandidat
[2026-09-04T08:47:54.515+0000] {rawg.py:151} INFO - [417/1000] RAWG: MORDHAU (AppID 629760) -> 5 kandidat
[2026-09-04T08:47:55.382+0000] {rawg.py:151} INFO - [418/1000] RAWG: The Crew 2 (AppID 646910) -> 5 kandidat
[2026-09-04T08:47:56.995+0000] {rawg.py:151} INFO - [419/1000] RAWG: Dragon's Dogma: Dark Arisen (AppID 367500) -> 5 kandidat
[2026-09-04T08:47:57.570+0000] {rawg.py:151} INFO - [420/1000] RAWG: Far Cry (AppID 13520) -> 5 kandidat
[2026-09-04T08:47:58.312+0000] {rawg.py:151} INFO - [421/1000] RAWG: Pacify (AppID 967050) -> 5 kandidat
[2026-09-04T08:47:59.046+0000] {rawg.py:151} INFO - [422/1000] RAWG: ARK: Survival Ascended (AppID 2399830) -> 5 kandidat
[2026-09-04T08:47:59.772+0000] {rawg.py:151} INFO - [423/1000] RAWG: Jurassic World Evolution (AppID 648350) -> 5 kandidat
[2026-09-04T08:48:00.404+0000] {rawg.py:151} INFO - [424/1000] RAWG: Rec Room (AppID 471710) -> 5 kandidat
[2026-09-04T08:48:01.326+0000] {rawg.py:151} INFO - [425/1000] RAWG: The Day Before (AppID 1372880) -> 5 kandidat
[2026-09-04T08:48:01.928+0000] {rawg.py:151} INFO - [426/1000] RAWG: NieR:Automata (AppID 524220) -> 4 kandidat
[2026-09-04T08:48:02.660+0000] {rawg.py:151} INFO - [427/1000] RAWG: The Long Dark (AppID 305620) -> 5 kandidat
[2026-09-04T08:48:03.500+0000] {rawg.py:151} INFO - [428/1000] RAWG: Titan Quest Anniversary Edition (AppID 475150) -> 5 kandidat
[2026-09-04T08:48:04.184+0000] {rawg.py:151} INFO - [429/1000] RAWG: Need For Speed: Hot Pursuit (AppID 47870) -> 5 kandidat
[2026-09-04T08:48:04.907+0000] {rawg.py:151} INFO - [430/1000] RAWG: Soundpad (AppID 629520) -> 5 kandidat
[2026-09-04T08:48:05.598+0000] {rawg.py:151} INFO - [431/1000] RAWG: Quake Live (AppID 282440) -> 5 kandidat
[2026-09-04T08:48:06.317+0000] {rawg.py:151} INFO - [432/1000] RAWG: Governor of Poker 3 (AppID 436150) -> 5 kandidat
[2026-09-04T08:48:07.071+0000] {rawg.py:151} INFO - [433/1000] RAWG: The Outlast Trials (AppID 1304930) -> 5 kandidat
[2026-09-04T08:48:08.658+0000] {rawg.py:151} INFO - [434/1000] RAWG: Metin2 (AppID 550900) -> 5 kandidat
[2026-09-04T08:48:10.245+0000] {rawg.py:151} INFO - [435/1000] RAWG: Assassin's Creed 2 (AppID 33230) -> 5 kandidat
[2026-09-04T08:48:10.925+0000] {rawg.py:151} INFO - [436/1000] RAWG: Who's Your Daddy?! (AppID 427730) -> 5 kandidat
[2026-09-04T08:48:11.801+0000] {rawg.py:151} INFO - [437/1000] RAWG: Resident Evil 6 (AppID 221040) -> 5 kandidat
[2026-09-04T08:48:12.449+0000] {rawg.py:151} INFO - [438/1000] RAWG: DEVOUR (AppID 1274570) -> 5 kandidat
[2026-09-04T08:48:13.173+0000] {rawg.py:151} INFO - [439/1000] RAWG: A Way Out (AppID 1222700) -> 5 kandidat
[2026-09-04T08:48:14.054+0000] {rawg.py:151} INFO - [440/1000] RAWG: 鬼谷八荒 Tale of Immortal (AppID 1468810) -> 5 kandidat
[2026-09-04T08:48:14.866+0000] {rawg.py:151} INFO - [441/1000] RAWG: Metro: Last Light Redux (AppID 287390) -> 5 kandidat
[2026-09-04T08:48:15.725+0000] {rawg.py:151} INFO - [442/1000] RAWG: DARK SOULS: REMASTERED (AppID 570940) -> 5 kandidat
[2026-09-04T08:48:16.396+0000] {rawg.py:151} INFO - [443/1000] RAWG: PAYDAY 3 (AppID 1272080) -> 5 kandidat
[2026-09-04T08:48:20.787+0000] {rawg.py:151} INFO - [444/1000] RAWG: Magic Duels (AppID 316010) -> 5 kandidat
[2026-09-04T08:48:23.789+0000] {rawg.py:151} INFO - [445/1000] RAWG: Age of Empires III (2007) (AppID 105450) -> 5 kandidat
[2026-09-04T08:48:24.962+0000] {rawg.py:151} INFO - [446/1000] RAWG: Teardown (AppID 1167630) -> 5 kandidat
[2026-09-04T08:48:26.173+0000] {rawg.py:151} INFO - [447/1000] RAWG: TrackMania Nations Forever (AppID 11020) -> 5 kandidat
[2026-09-04T08:48:26.993+0000] {rawg.py:151} INFO - [448/1000] RAWG: Bully: Scholarship Edition (AppID 12200) -> 5 kandidat
[2026-09-04T08:48:27.583+0000] {rawg.py:151} INFO - [449/1000] RAWG: Noita (AppID 881100) -> 5 kandidat
[2026-09-04T08:48:28.285+0000] {rawg.py:151} INFO - [450/1000] RAWG: Cult of the Lamb (AppID 1313140) -> 5 kandidat
[2026-09-04T08:48:29.022+0000] {rawg.py:151} INFO - [451/1000] RAWG: Ori and the Blind Forest (AppID 261570) -> 5 kandidat
[2026-09-04T08:48:29.747+0000] {rawg.py:151} INFO - [452/1000] RAWG: Warhammer 40,000: Darktide (AppID 1361210) -> 5 kandidat
[2026-09-04T08:48:30.581+0000] {rawg.py:151} INFO - [453/1000] RAWG: The Stanley Parable (AppID 221910) -> 5 kandidat
[2026-09-04T08:48:31.298+0000] {rawg.py:151} INFO - [454/1000] RAWG: Sniper Elite 3 (AppID 238090) -> 5 kandidat
[2026-09-04T08:48:31.950+0000] {rawg.py:151} INFO - [455/1000] RAWG: GunZ 2: The Second Duel (AppID 242720) -> 5 kandidat
[2026-09-04T08:48:33.212+0000] {rawg.py:151} INFO - [456/1000] RAWG: Microsoft Flight Simulator (2020) 40th Anniversary Edition (AppID 1250410) -> 5 kandidat
[2026-09-04T08:48:34.157+0000] {rawg.py:151} INFO - [457/1000] RAWG: They Are Billions (AppID 644930) -> 5 kandidat
[2026-09-04T08:48:35.106+0000] {rawg.py:151} INFO - [458/1000] RAWG: The Escapists 2 (AppID 641990) -> 5 kandidat
[2026-09-04T08:48:35.717+0000] {rawg.py:151} INFO - [459/1000] RAWG: Bless Unleashed (AppID 1254120) -> 5 kandidat
[2026-09-04T08:48:36.309+0000] {rawg.py:151} INFO - [460/1000] RAWG: Insurgency (AppID 222880) -> 5 kandidat
[2026-09-04T08:48:36.945+0000] {rawg.py:151} INFO - [461/1000] RAWG: Orcs Must Die! 2 (AppID 201790) -> 5 kandidat
[2026-09-04T08:48:37.721+0000] {rawg.py:151} INFO - [462/1000] RAWG: Football Manager 2022 (AppID 1569040) -> 5 kandidat
[2026-09-04T08:48:38.506+0000] {rawg.py:151} INFO - [463/1000] RAWG: America's Army: Proving Grounds (AppID 203290) -> 5 kandidat
[2026-09-04T08:48:39.504+0000] {rawg.py:151} INFO - [464/1000] RAWG: Supermarket Simulator (AppID 2670630) -> 5 kandidat
[2026-09-04T08:48:40.316+0000] {rawg.py:151} INFO - [465/1000] RAWG: F1 2015 (AppID 286570) -> 5 kandidat
[2026-09-04T08:48:41.003+0000] {rawg.py:151} INFO - [466/1000] RAWG: Farming Simulator 19 (AppID 787860) -> 5 kandidat
[2026-09-04T08:48:41.772+0000] {rawg.py:151} INFO - [467/1000] RAWG: Northgard: Definitive Edition (AppID 466560) -> 5 kandidat
[2026-09-04T08:48:42.486+0000] {rawg.py:151} INFO - [468/1000] RAWG: SpeedRunners (AppID 207140) -> 5 kandidat
[2026-09-04T08:48:43.113+0000] {rawg.py:151} INFO - [469/1000] RAWG: Inscryption (AppID 1092790) -> 5 kandidat
[2026-09-04T08:48:43.855+0000] {rawg.py:151} INFO - [470/1000] RAWG: Golf With Your Friends (AppID 431240) -> 5 kandidat
[2026-09-04T08:48:44.688+0000] {rawg.py:151} INFO - [471/1000] RAWG: Toribash (AppID 248570) -> 3 kandidat
[2026-09-04T08:48:45.358+0000] {rawg.py:151} INFO - [472/1000] RAWG: Bastion (AppID 107100) -> 5 kandidat
[2026-09-04T08:48:46.196+0000] {rawg.py:151} INFO - [473/1000] RAWG: Batman: Arkham Origins (AppID 209000) -> 5 kandidat
[2026-09-04T08:48:46.956+0000] {rawg.py:151} INFO - [474/1000] RAWG: Battlefield: Bad Company 2 (AppID 24960) -> 5 kandidat
[2026-09-04T08:48:47.737+0000] {rawg.py:151} INFO - [475/1000] RAWG: Subnautica: Below Zero (AppID 848450) -> 5 kandidat
[2026-09-04T08:48:48.812+0000] {rawg.py:151} INFO - [476/1000] RAWG: S.K.I.L.L. - Special Force 2 (Shooter) (AppID 286940) -> 5 kandidat
[2026-09-04T08:48:49.584+0000] {rawg.py:151} INFO - [477/1000] RAWG: Tales of ARISE (AppID 740130) -> 5 kandidat
[2026-09-04T08:48:50.220+0000] {rawg.py:151} INFO - [478/1000] RAWG: SPORE (AppID 17390) -> 5 kandidat
[2026-09-04T08:48:50.829+0000] {rawg.py:151} INFO - [479/1000] RAWG: Argo (AppID 530700) -> 5 kandidat
[2026-09-04T08:48:51.603+0000] {rawg.py:151} INFO - [480/1000] RAWG: ELDEN RING NIGHTREIGN (AppID 2622380) -> 5 kandidat
[2026-09-04T08:48:52.727+0000] {rawg.py:151} INFO - [481/1000] RAWG: Far Cry 3 (AppID 220240) -> 5 kandidat
[2026-09-04T08:48:53.499+0000] {rawg.py:151} INFO - [482/1000] RAWG: Gunfire Reborn (AppID 1217060) -> 5 kandidat
[2026-09-04T08:48:54.237+0000] {rawg.py:151} INFO - [483/1000] RAWG: Farming Simulator 22 (AppID 1248130) -> 5 kandidat
[2026-09-04T08:48:54.953+0000] {rawg.py:151} INFO - [484/1000] RAWG: Party Jousting (AppID 437900) -> 5 kandidat
[2026-09-04T08:48:55.723+0000] {rawg.py:151} INFO - [485/1000] RAWG: CarX Drift Racing Online (AppID 635260) -> 5 kandidat
[2026-09-04T08:48:56.445+0000] {rawg.py:151} INFO - [486/1000] RAWG: Just Cause 2: Multiplayer Mod (AppID 259080) -> 5 kandidat
[2026-09-04T08:48:57.233+0000] {rawg.py:151} INFO - [487/1000] RAWG: Hellblade: Senua's Sacrifice (AppID 414340) -> 5 kandidat
[2026-09-04T08:48:58.009+0000] {rawg.py:151} INFO - [488/1000] RAWG: Call of Duty: Black Ops (AppID 42700) -> 5 kandidat
[2026-09-04T08:48:58.868+0000] {rawg.py:151} INFO - [489/1000] RAWG: Alan Wake (AppID 108710) -> 5 kandidat
[2026-09-04T08:48:59.725+0000] {rawg.py:151} INFO - [490/1000] RAWG: Homefront (AppID 55100) -> 5 kandidat
[2026-09-04T08:49:00.801+0000] {rawg.py:151} INFO - [491/1000] RAWG: 封灵档案 (AppID 1520470) -> 5 kandidat
[2026-09-04T08:49:01.462+0000] {rawg.py:151} INFO - [492/1000] RAWG: Mirror (AppID 644560) -> 5 kandidat
[2026-09-04T08:49:02.870+0000] {rawg.py:151} INFO - [493/1000] RAWG: Football Manager 2021 (AppID 1263850) -> 5 kandidat
[2026-09-04T08:49:03.711+0000] {rawg.py:151} INFO - [494/1000] RAWG: ARK: Survival Of The Fittest (AppID 407530) -> 5 kandidat
[2026-09-04T08:49:04.690+0000] {rawg.py:151} INFO - [495/1000] RAWG: Muse Dash (AppID 774171) -> 5 kandidat
[2026-09-04T08:49:05.465+0000] {rawg.py:151} INFO - [496/1000] RAWG: The I of the Dragon (AppID 279720) -> 5 kandidat
[2026-09-04T08:49:06.437+0000] {rawg.py:151} INFO - [497/1000] RAWG: Wolfenstein: The New Order (AppID 201810) -> 5 kandidat
[2026-09-04T08:49:07.288+0000] {rawg.py:151} INFO - [498/1000] RAWG: Five Nights at Freddy's (AppID 319510) -> 5 kandidat
[2026-09-04T08:49:08.013+0000] {rawg.py:151} INFO - [499/1000] RAWG: ARMORED CORE VI FIRES OF RUBICON (AppID 1888160) -> 5 kandidat
[2026-09-04T08:49:08.612+0000] {rawg.py:151} INFO - [500/1000] RAWG: World War 3 (AppID 674020) -> 5 kandidat
[2026-09-04T08:49:09.341+0000] {rawg.py:151} INFO - [501/1000] RAWG: Street Fighter V (AppID 310950) -> 5 kandidat
[2026-09-04T08:49:10.356+0000] {rawg.py:151} INFO - [502/1000] RAWG: Resident Evil 3 (AppID 952060) -> 5 kandidat
[2026-09-04T08:49:11.222+0000] {rawg.py:151} INFO - [503/1000] RAWG: Cities: Skylines II (AppID 949230) -> 5 kandidat
[2026-09-04T08:49:12.138+0000] {rawg.py:151} INFO - [504/1000] RAWG: Age of Empires IV: Anniversary Edition (AppID 1466860) -> 5 kandidat
[2026-09-04T08:49:12.993+0000] {rawg.py:151} INFO - [505/1000] RAWG: Football Manager 2023 (AppID 1904540) -> 5 kandidat
[2026-09-04T08:49:13.765+0000] {rawg.py:151} INFO - [506/1000] RAWG: Darksiders II Deathinitive Edition (AppID 388410) -> 5 kandidat
[2026-09-04T08:49:14.494+0000] {rawg.py:151} INFO - [507/1000] RAWG: KARDS - The WWII Card Game (AppID 544810) -> 5 kandidat
[2026-09-04T08:49:15.112+0000] {rawg.py:151} INFO - [508/1000] RAWG: Quake Champions (AppID 611500) -> 5 kandidat
[2026-09-04T08:49:15.906+0000] {rawg.py:151} INFO - [509/1000] RAWG: Half-Life: Opposing Force (AppID 50) -> 5 kandidat
[2026-09-04T08:49:16.517+0000] {rawg.py:151} INFO - [510/1000] RAWG: Krunker (AppID 1408720) -> 5 kandidat
[2026-09-04T08:49:17.155+0000] {rawg.py:151} INFO - [511/1000] RAWG: DiRT Rally (AppID 310560) -> 5 kandidat
[2026-09-04T08:49:18.175+0000] {rawg.py:151} INFO - [512/1000] RAWG: Dragon Age: The Veilguard (AppID 1845910) -> 5 kandidat
[2026-09-04T08:49:18.978+0000] {rawg.py:151} INFO - [513/1000] RAWG: Resident Evil 4 (2005) (AppID 254700) -> 5 kandidat
[2026-09-04T08:49:19.846+0000] {rawg.py:151} INFO - [514/1000] RAWG: Sniper Elite 5 (AppID 1029690) -> 5 kandidat
[2026-09-04T08:49:20.695+0000] {rawg.py:151} INFO - [515/1000] RAWG: Grand Theft Auto: Episodes from Liberty City (AppID 12220) -> 5 kandidat
[2026-09-04T08:49:21.335+0000] {rawg.py:151} INFO - [516/1000] RAWG: Green Hell (AppID 815370) -> 5 kandidat
[2026-09-04T08:49:22.037+0000] {rawg.py:151} INFO - [517/1000] RAWG: Back to Bed (AppID 308040) -> 5 kandidat
[2026-09-04T08:49:22.979+0000] {rawg.py:151} INFO - [518/1000] RAWG: UNO (AppID 470220) -> 5 kandidat
[2026-09-04T08:49:23.737+0000] {rawg.py:151} INFO - [519/1000] RAWG: BLOCKADE 3D (AppID 302830) -> 5 kandidat
[2026-09-04T08:49:24.404+0000] {rawg.py:151} INFO - [520/1000] RAWG: Banished (AppID 242920) -> 5 kandidat
[2026-09-04T08:49:25.189+0000] {rawg.py:151} INFO - [521/1000] RAWG: Dungeon Defenders II (AppID 236110) -> 5 kandidat
[2026-09-04T08:49:25.993+0000] {rawg.py:151} INFO - [522/1000] RAWG: Firewatch (AppID 383870) -> 5 kandidat
[2026-09-04T08:49:26.930+0000] {rawg.py:151} INFO - [523/1000] RAWG: STAR WARS Battlefront II (AppID 1237950) -> 5 kandidat
[2026-09-04T08:49:28.001+0000] {rawg.py:151} INFO - [524/1000] RAWG: Spellbreak (AppID 1399780) -> 5 kandidat
[2026-09-04T08:49:28.687+0000] {rawg.py:151} INFO - [525/1000] RAWG: Sniper Elite 4 (AppID 312660) -> 5 kandidat
[2026-09-04T08:49:29.515+0000] {rawg.py:151} INFO - [526/1000] RAWG: ACE COMBAT 7: SKIES UNKNOWN (AppID 502500) -> 5 kandidat
[2026-09-04T08:49:30.297+0000] {rawg.py:151} INFO - [527/1000] RAWG: Disco Elysium - The Final Cut (AppID 632470) -> 5 kandidat
[2026-09-04T08:49:31.436+0000] {rawg.py:151} INFO - [528/1000] RAWG: Batman: Arkham City - Game of the Year Edition (AppID 200260) -> 5 kandidat
[2026-09-04T08:49:32.117+0000] {rawg.py:151} INFO - [529/1000] RAWG: Squad (AppID 393380) -> 5 kandidat
[2026-09-04T08:49:32.963+0000] {rawg.py:151} INFO - [530/1000] RAWG: Super Meat Boy (AppID 40800) -> 5 kandidat
[2026-09-04T08:49:33.827+0000] {rawg.py:151} INFO - [531/1000] RAWG: Dead Bits (AppID 303390) -> 5 kandidat
[2026-09-04T08:49:34.525+0000] {rawg.py:151} INFO - [532/1000] RAWG: Half-Life: Source (AppID 280) -> 5 kandidat
[2026-09-04T08:49:35.334+0000] {rawg.py:151} INFO - [533/1000] RAWG: Ironsight (AppID 783770) -> 5 kandidat
[2026-09-04T08:49:36.201+0000] {rawg.py:151} INFO - [534/1000] RAWG: Star Conflict (AppID 212070) -> 5 kandidat
[2026-09-04T08:49:36.859+0000] {rawg.py:151} INFO - [535/1000] RAWG: L.A. Noire (AppID 110800) -> 5 kandidat
[2026-09-04T08:49:37.657+0000] {rawg.py:151} INFO - [536/1000] RAWG: Serious Sam 3: BFE (AppID 41070) -> 5 kandidat
[2026-09-04T08:49:38.424+0000] {rawg.py:151} INFO - [537/1000] RAWG: Spec Ops: The Line (AppID 50300) -> 5 kandidat
[2026-09-04T08:49:39.106+0000] {rawg.py:151} INFO - [538/1000] RAWG: Guild Wars 2 (AppID 1284210) -> 5 kandidat
[2026-09-04T08:49:40.005+0000] {rawg.py:151} INFO - [539/1000] RAWG: Nioh: Complete Edition (AppID 485510) -> 5 kandidat
[2026-09-04T08:49:40.761+0000] {rawg.py:151} INFO - [540/1000] RAWG: Trine Enchanted Edition (AppID 35700) -> 5 kandidat
[2026-09-04T08:49:41.431+0000] {rawg.py:151} INFO - [541/1000] RAWG: Sanctum 2 (AppID 210770) -> 5 kandidat
[2026-09-04T08:49:42.019+0000] {rawg.py:151} INFO - [542/1000] RAWG: SOMA (AppID 282140) -> 5 kandidat
[2026-09-04T08:49:42.822+0000] {rawg.py:151} INFO - [543/1000] RAWG: State of Decay 2: Juggernaut Edition (AppID 495420) -> 5 kandidat
[2026-09-04T08:49:43.607+0000] {rawg.py:151} INFO - [544/1000] RAWG: Jotun: Valhalla Edition (AppID 323580) -> 5 kandidat
[2026-09-04T08:49:44.508+0000] {rawg.py:151} INFO - [545/1000] RAWG: Brutal Legend (AppID 225260) -> 5 kandidat
[2026-09-04T08:49:45.247+0000] {rawg.py:151} INFO - [546/1000] RAWG: Buckshot Roulette (AppID 2835570) -> 5 kandidat
[2026-09-04T08:49:45.870+0000] {rawg.py:151} INFO - [547/1000] RAWG: Surviving Mars (AppID 464920) -> 5 kandidat
[2026-09-04T08:49:46.602+0000] {rawg.py:151} INFO - [548/1000] RAWG: Star Trek Online (AppID 9900) -> 5 kandidat
[2026-09-04T08:49:47.301+0000] {rawg.py:151} INFO - [549/1000] RAWG: Call of Duty 4: Modern Warfare (2007) (AppID 7940) -> 5 kandidat
[2026-09-04T08:49:47.941+0000] {rawg.py:151} INFO - [550/1000] RAWG: Planet Coaster (AppID 493340) -> 5 kandidat
[2026-09-04T08:49:48.591+0000] {rawg.py:151} INFO - [551/1000] RAWG: Kholat (AppID 343710) -> 5 kandidat
[2026-09-04T08:49:49.513+0000] {rawg.py:151} INFO - [552/1000] RAWG: Celeste (AppID 504230) -> 5 kandidat
[2026-09-04T08:49:50.483+0000] {rawg.py:151} INFO - [553/1000] RAWG: The Red Solstice (AppID 265590) -> 5 kandidat
[2026-09-04T08:49:51.662+0000] {rawg.py:151} INFO - [554/1000] RAWG: HELLDIVERS Dive Harder Edition (AppID 394510) -> 5 kandidat
[2026-09-04T08:49:52.477+0000] {rawg.py:151} INFO - [555/1000] RAWG: RISK: Global Domination (AppID 1128810) -> 5 kandidat
[2026-09-04T08:49:53.490+0000] {rawg.py:151} INFO - [556/1000] RAWG: Total War: ATTILA (AppID 325610) -> 5 kandidat
[2026-09-04T08:49:54.394+0000] {rawg.py:151} INFO - [557/1000] RAWG: S.T.A.L.K.E.R. 2: Heart of Chornobyl (AppID 1643320) -> 5 kandidat
[2026-09-04T08:49:55.163+0000] {rawg.py:151} INFO - [558/1000] RAWG: Call of Juarez: Gunslinger (AppID 204450) -> 5 kandidat
[2026-09-04T08:49:55.885+0000] {rawg.py:151} INFO - [559/1000] RAWG: Sniper Elite V2 (AppID 63380) -> 5 kandidat
[2026-09-04T08:49:56.624+0000] {rawg.py:151} INFO - [560/1000] RAWG: Aura Kingdom (AppID 268420) -> 5 kandidat
[2026-09-04T08:49:57.494+0000] {rawg.py:151} INFO - [561/1000] RAWG: Football Manager 2017 (AppID 482730) -> 5 kandidat
[2026-09-04T08:49:58.312+0000] {rawg.py:151} INFO - [562/1000] RAWG: Heaven Forest NIGHTS (AppID 360970) -> 5 kandidat
[2026-09-04T08:49:59.279+0000] {rawg.py:151} INFO - [563/1000] RAWG: Fallout 3: Game of the Year Edition (AppID 22370) -> 5 kandidat
[2026-09-04T08:50:00.186+0000] {rawg.py:151} INFO - [564/1000] RAWG: NARUTO SHIPPUDEN: Ultimate Ninja STORM 4 (AppID 349040) -> 5 kandidat
[2026-09-04T08:50:00.950+0000] {rawg.py:151} INFO - [565/1000] RAWG: Totally Accurate Battlegrounds (AppID 823130) -> 5 kandidat
[2026-09-04T08:50:01.615+0000] {rawg.py:151} INFO - [566/1000] RAWG: Max Payne 3 (AppID 204100) -> 5 kandidat
[2026-09-04T08:50:02.996+0000] {rawg.py:151} INFO - [567/1000] RAWG: Pathfinder: Wrath of the Righteous - Enhanced Edition (AppID 1184370) -> 5 kandidat
[2026-09-04T08:50:04.138+0000] {rawg.py:151} INFO - [568/1000] RAWG: Pathfinder: Kingmaker — Enhanced Plus Edition (AppID 640820) -> 5 kandidat
[2026-09-04T08:50:04.831+0000] {rawg.py:151} INFO - [569/1000] RAWG: The Sims 3 (AppID 47890) -> 5 kandidat
[2026-09-04T08:50:05.707+0000] {rawg.py:151} INFO - [570/1000] RAWG: FINAL FANTASY XV WINDOWS EDITION (AppID 637650) -> 5 kandidat
[2026-09-04T08:50:06.491+0000] {rawg.py:151} INFO - [571/1000] RAWG: Planet Zoo (AppID 703080) -> 5 kandidat
[2026-09-04T08:50:07.530+0000] {rawg.py:151} INFO - [572/1000] RAWG: Batman: Arkham Asylum Game of the Year Edition (AppID 35140) -> 5 kandidat
[2026-09-04T08:50:08.213+0000] {rawg.py:151} INFO - [573/1000] RAWG: Katana ZERO (AppID 460950) -> 5 kandidat
[2026-09-04T08:50:08.873+0000] {rawg.py:151} INFO - [574/1000] RAWG: Darksiders (AppID 50620) -> 5 kandidat
[2026-09-04T08:50:09.741+0000] {rawg.py:151} INFO - [575/1000] RAWG: Deus Ex: Mankind Divided (AppID 337000) -> 5 kandidat
[2026-09-04T08:50:10.508+0000] {rawg.py:151} INFO - [576/1000] RAWG: Slime Rancher (AppID 433340) -> 5 kandidat
[2026-09-04T08:50:11.356+0000] {rawg.py:151} INFO - [577/1000] RAWG: Deus Ex: Human Revolution - Director's Cut (AppID 238010) -> 5 kandidat
[2026-09-04T08:50:12.036+0000] {rawg.py:151} INFO - [578/1000] RAWG: For The King (AppID 527230) -> 5 kandidat
[2026-09-04T08:50:12.664+0000] {rawg.py:151} INFO - [579/1000] RAWG: RIFT (AppID 39120) -> 5 kandidat
[2026-09-04T08:50:13.472+0000] {rawg.py:151} INFO - [580/1000] RAWG: Sleeping Dogs: Definitive Edition (AppID 307690) -> 5 kandidat
[2026-09-04T08:50:14.423+0000] {rawg.py:151} INFO - [581/1000] RAWG: Age of Mythology: Extended Edition (AppID 266840) -> 5 kandidat
[2026-09-04T08:50:15.426+0000] {rawg.py:151} INFO - [582/1000] RAWG: Dragon's Dogma 2 (AppID 2054970) -> 5 kandidat
[2026-09-04T08:50:16.296+0000] {rawg.py:151} INFO - [583/1000] RAWG: Car Mechanic Simulator 2018 (AppID 645630) -> 5 kandidat
[2026-09-04T08:50:17.054+0000] {rawg.py:151} INFO - [584/1000] RAWG: Day of Defeat: Source (AppID 300) -> 5 kandidat
[2026-09-04T08:50:17.948+0000] {rawg.py:151} INFO - [585/1000] RAWG: DRAGON BALL: Sparking! ZERO (AppID 1790600) -> 5 kandidat
[2026-09-04T08:50:18.864+0000] {rawg.py:151} INFO - [586/1000] RAWG: Marvel's Midnight Suns (AppID 368260) -> 5 kandidat
[2026-09-04T08:50:19.622+0000] {rawg.py:151} INFO - [587/1000] RAWG: Mitos.is: The Game (AppID 389570) -> 5 kandidat
[2026-09-04T08:50:20.353+0000] {rawg.py:151} INFO - [588/1000] RAWG: Operation: Harsh Doorstop (AppID 736590) -> 5 kandidat
[2026-09-04T08:50:21.240+0000] {rawg.py:151} INFO - [589/1000] RAWG: Dome Keeper (AppID 1637320) -> 5 kandidat
[2026-09-04T08:50:22.208+0000] {rawg.py:151} INFO - [590/1000] RAWG: BioShock 2 Remastered (AppID 409720) -> 5 kandidat
[2026-09-04T08:50:22.860+0000] {rawg.py:151} INFO - [591/1000] RAWG: Dwarf Fortress (AppID 975370) -> 5 kandidat
[2026-09-04T08:50:23.729+0000] {rawg.py:151} INFO - [592/1000] RAWG: Warhammer 40,000: Dawn of War II - Anniversary Edition (Classic) (AppID 15620) -> 5 kandidat
[2026-09-04T08:50:24.412+0000] {rawg.py:151} INFO - [593/1000] RAWG: No Rest for the Wicked (AppID 1371980) -> 5 kandidat
[2026-09-04T08:50:25.148+0000] {rawg.py:151} INFO - [594/1000] RAWG: Lossless Scaling (AppID 993090) -> 5 kandidat
[2026-09-04T08:50:26.155+0000] {rawg.py:151} INFO - [595/1000] RAWG: Heaven Forest - VR MMO (AppID 476480) -> 5 kandidat
[2026-09-04T08:50:26.954+0000] {rawg.py:151} INFO - [596/1000] RAWG: The Bureau: XCOM Declassified (AppID 65930) -> 5 kandidat
[2026-09-04T08:50:27.773+0000] {rawg.py:151} INFO - [597/1000] RAWG: Black Myth: Wukong Benchmark Tool (AppID 3132990) -> 5 kandidat
[2026-09-04T08:50:28.551+0000] {rawg.py:151} INFO - [598/1000] RAWG: Monster Hunter Stories 2: Wings of Ruin (AppID 1277400) -> 5 kandidat
[2026-09-04T08:50:30.063+0000] {rawg.py:151} INFO - [599/1000] RAWG: Ghost of Tsushima DIRECTOR'S CUT (AppID 2215430) -> 5 kandidat
[2026-09-04T08:50:30.651+0000] {rawg.py:151} INFO - [600/1000] RAWG: Barotrauma (AppID 602960) -> 3 kandidat
[2026-09-04T08:50:31.344+0000] {rawg.py:151} INFO - [601/1000] RAWG: Moonlighter (AppID 606150) -> 5 kandidat
[2026-09-04T08:50:32.125+0000] {rawg.py:151} INFO - [602/1000] RAWG: MechWarrior Online Solaris 7 (AppID 342200) -> 5 kandidat
[2026-09-04T08:50:32.822+0000] {rawg.py:151} INFO - [603/1000] RAWG: Chivalry 2 (AppID 1824220) -> 5 kandidat
[2026-09-04T08:50:34.042+0000] {rawg.py:151} INFO - [604/1000] RAWG: Warhammer 40,000: Space Marine - Anniversary Edition (AppID 55150) -> 5 kandidat
[2026-09-04T08:50:34.830+0000] {rawg.py:151} INFO - [605/1000] RAWG: Borderlands Game of the Year (AppID 8980) -> 5 kandidat
[2026-09-04T08:50:38.333+0000] {rawg.py:151} INFO - [606/1000] RAWG: The Elder Scrolls IV: Oblivion Game of the Year Edition Deluxe (2009) (AppID 900883) -> 5 kandidat
[2026-09-04T08:50:39.059+0000] {rawg.py:151} INFO - [607/1000] RAWG: Duck Game (AppID 312530) -> 5 kandidat
[2026-09-04T08:50:40.068+0000] {rawg.py:151} INFO - [608/1000] RAWG: Ghostrunner (AppID 1139900) -> 5 kandidat
[2026-09-04T08:50:40.743+0000] {rawg.py:151} INFO - [609/1000] RAWG: RuneScape  (AppID 1343400) -> 5 kandidat
[2026-09-04T08:50:41.587+0000] {rawg.py:151} INFO - [610/1000] RAWG: Freddy Fazbear's Pizzeria Simulator (AppID 738060) -> 5 kandidat
[2026-09-04T08:50:42.558+0000] {rawg.py:151} INFO - [611/1000] RAWG: Creative Destruction (AppID 893520) -> 5 kandidat
[2026-09-04T08:50:43.518+0000] {rawg.py:151} INFO - [612/1000] RAWG: Shadowrun Returns (AppID 234650) -> 5 kandidat
[2026-09-04T08:50:44.661+0000] {rawg.py:151} INFO - [613/1000] RAWG: Dead Frontier 2 (AppID 744900) -> 5 kandidat
[2026-09-04T08:50:45.592+0000] {rawg.py:151} INFO - [614/1000] RAWG: Microsoft Flight Simulator X: Steam Edition (AppID 314160) -> 5 kandidat
[2026-09-04T08:50:46.296+0000] {rawg.py:151} INFO - [615/1000] RAWG: Street Fighter 6 (AppID 1364780) -> 5 kandidat
[2026-09-04T08:50:47.599+0000] {rawg.py:151} INFO - [616/1000] RAWG: Return to Castle Wolfenstein (AppID 9010) -> 5 kandidat
[2026-09-04T08:51:02.961+0000] {rawg.py:239} WARNING - Request RAWG gagal (percobaan 1/3): HTTPSConnectionPool(host='api.rawg.io', port=443): Read timed out. (read timeout=15). Menunggu 2s sebelum retry.
[2026-09-04T08:51:07.475+0000] {rawg.py:151} INFO - [617/1000] RAWG: Life is Strange: Before the Storm (AppID 554620) -> 5 kandidat
[2026-09-04T08:51:09.448+0000] {rawg.py:151} INFO - [618/1000] RAWG: Assassin's Creed Syndicate (AppID 368500) -> 5 kandidat
[2026-09-04T08:51:10.224+0000] {rawg.py:151} INFO - [619/1000] RAWG: Dead Space (2008) (AppID 17470) -> 5 kandidat
[2026-09-04T08:51:10.979+0000] {rawg.py:151} INFO - [620/1000] RAWG: Awesomenauts (AppID 204300) -> 5 kandidat
[2026-09-04T08:51:12.132+0000] {rawg.py:151} INFO - [621/1000] RAWG: SoulWorker - Anime Action MMO (AppID 630100) -> 5 kandidat
[2026-09-04T08:51:13.195+0000] {rawg.py:151} INFO - [622/1000] RAWG: Shadow of the Tomb Raider: Definitive Edition (AppID 750920) -> 5 kandidat
[2026-09-04T08:51:14.114+0000] {rawg.py:151} INFO - [623/1000] RAWG: Line of Sight (AppID 436520) -> 5 kandidat
[2026-09-04T08:51:15.229+0000] {rawg.py:151} INFO - [624/1000] RAWG: HITMAN World of Assassination (AppID 1659040) -> 5 kandidat
[2026-09-04T08:51:15.846+0000] {rawg.py:151} INFO - [625/1000] RAWG: Neon Abyss (AppID 788100) -> 5 kandidat
[2026-09-04T08:51:16.584+0000] {rawg.py:151} INFO - [626/1000] RAWG: Tribes of Midgard (AppID 858820) -> 5 kandidat
[2026-09-04T08:51:17.870+0000] {rawg.py:151} INFO - [627/1000] RAWG: OUTRIDERS (AppID 680420) -> 5 kandidat
[2026-09-04T08:51:18.682+0000] {rawg.py:151} INFO - [628/1000] RAWG: CODE VEIN (AppID 678960) -> 5 kandidat
[2026-09-04T08:51:19.552+0000] {rawg.py:151} INFO - [629/1000] RAWG: Warhammer 40,000: Chaos Gate - Daemonhunters (AppID 1611910) -> 5 kandidat
[2026-09-04T08:51:20.288+0000] {rawg.py:151} INFO - [630/1000] RAWG: To the Moon (AppID 206440) -> 5 kandidat
[2026-09-04T08:51:21.129+0000] {rawg.py:151} INFO - [631/1000] RAWG: Secret in Story (AppID 613010) -> 5 kandidat
[2026-09-04T08:51:21.842+0000] {rawg.py:151} INFO - [632/1000] RAWG: Iron Snout (AppID 424280) -> 5 kandidat
[2026-09-04T08:51:22.477+0000] {rawg.py:151} INFO - [633/1000] RAWG: Vindictus (AppID 212160) -> 5 kandidat
[2026-09-04T08:51:23.122+0000] {rawg.py:151} INFO - [634/1000] RAWG: Mafia II: Definitive Edition (AppID 1030830) -> 5 kandidat
[2026-09-04T08:51:23.857+0000] {rawg.py:151} INFO - [635/1000] RAWG: Hacknet (AppID 365450) -> 5 kandidat
[2026-09-04T08:51:24.542+0000] {rawg.py:151} INFO - [636/1000] RAWG: Ryse: Son of Rome (AppID 302510) -> 5 kandidat
[2026-09-04T08:51:25.969+0000] {rawg.py:151} INFO - [637/1000] RAWG: The Elder Scrolls IV: Oblivion Game of the Year Edition (2009) (AppID 22330) -> 5 kandidat
[2026-09-04T08:51:26.829+0000] {rawg.py:151} INFO - [638/1000] RAWG: Persona 5 Royal (AppID 1687950) -> 5 kandidat
[2026-09-04T08:51:27.585+0000] {rawg.py:151} INFO - [639/1000] RAWG: Magicka 2 (AppID 238370) -> 5 kandidat
[2026-09-04T08:51:28.494+0000] {rawg.py:151} INFO - [640/1000] RAWG: Monaco: What's Yours Is Mine (AppID 113020) -> 5 kandidat
[2026-09-04T08:51:29.414+0000] {rawg.py:151} INFO - [641/1000] RAWG: TCG Card Shop Simulator (AppID 3070070) -> 5 kandidat
[2026-09-04T08:51:30.100+0000] {rawg.py:151} INFO - [642/1000] RAWG: A Dance of Fire and Ice (AppID 977950) -> 5 kandidat
[2026-09-04T08:51:31.128+0000] {rawg.py:151} INFO - [643/1000] RAWG: Hitman: Blood Money (AppID 6860) -> 5 kandidat
[2026-09-04T08:51:31.751+0000] {rawg.py:151} INFO - [644/1000] RAWG: Crucible Beta (AppID 1057240) -> 5 kandidat
[2026-09-04T08:51:32.551+0000] {rawg.py:151} INFO - [645/1000] RAWG: The Evil Within (AppID 268050) -> 5 kandidat
[2026-09-04T08:51:33.231+0000] {rawg.py:151} INFO - [646/1000] RAWG: Glass Masquerade (AppID 511470) -> 5 kandidat
[2026-09-04T08:51:34.019+0000] {rawg.py:151} INFO - [647/1000] RAWG: Knight Online (AppID 389430) -> 5 kandidat
[2026-09-04T08:51:34.692+0000] {rawg.py:151} INFO - [648/1000] RAWG: ENDLESS Legend (AppID 289130) -> 5 kandidat
[2026-09-04T08:51:35.423+0000] {rawg.py:151} INFO - [649/1000] RAWG: South Park: The Fractured But Whole (AppID 488790) -> 5 kandidat
[2026-09-04T08:51:36.052+0000] {rawg.py:151} INFO - [650/1000] RAWG: GTFO (AppID 493520) -> 5 kandidat
[2026-09-04T08:51:36.792+0000] {rawg.py:151} INFO - [651/1000] RAWG: Half-Life: Alyx (AppID 546560) -> 5 kandidat
[2026-09-04T08:51:37.641+0000] {rawg.py:151} INFO - [652/1000] RAWG: Stories: The Path of Destinies (AppID 439190) -> 5 kandidat
[2026-09-04T08:51:38.520+0000] {rawg.py:151} INFO - [653/1000] RAWG: The Darkness II (AppID 67370) -> 5 kandidat
[2026-09-04T08:51:39.501+0000] {rawg.py:151} INFO - [654/1000] RAWG: The Awesome Adventures of Captain Spirit (AppID 845070) -> 5 kandidat
[2026-09-04T08:51:40.384+0000] {rawg.py:151} INFO - [655/1000] RAWG: Shadowverse CCG (AppID 453480) -> 5 kandidat
[2026-09-04T08:51:41.253+0000] {rawg.py:151} INFO - [656/1000] RAWG: NARUTO TO BORUTO: SHINOBI STRIKER (AppID 633230) -> 5 kandidat
[2026-09-04T08:51:41.920+0000] {rawg.py:151} INFO - [657/1000] RAWG: STAR WARS Knights of the Old Republic (AppID 32370) -> 5 kandidat
[2026-09-04T08:51:52.308+0000] {rawg.py:151} INFO - [658/1000] RAWG: Call of Duty: WWII (AppID 476600) -> 5 kandidat
[2026-09-04T08:51:54.144+0000] {rawg.py:151} INFO - [659/1000] RAWG: Red Dead Online (AppID 1404210) -> 5 kandidat
[2026-09-04T08:51:55.105+0000] {rawg.py:151} INFO - [660/1000] RAWG: ROUNDS (AppID 1557740) -> 5 kandidat
[2026-09-04T08:51:56.101+0000] {rawg.py:151} INFO - [661/1000] RAWG: Heart of a Warrior (AppID 1619450) -> 5 kandidat
[2026-09-04T08:51:56.704+0000] {rawg.py:151} INFO - [662/1000] RAWG: GRIS (AppID 683320) -> 5 kandidat
[2026-09-04T08:51:57.363+0000] {rawg.py:151} INFO - [663/1000] RAWG: One-armed robber (AppID 2551020) -> 5 kandidat
[2026-09-04T08:51:58.196+0000] {rawg.py:151} INFO - [664/1000] RAWG: OpenTTD (AppID 1536610) -> 5 kandidat
[2026-09-04T08:51:59.237+0000] {rawg.py:151} INFO - [665/1000] RAWG: Ultimate Chicken Horse (AppID 386940) -> 5 kandidat
[2026-09-04T08:51:59.980+0000] {rawg.py:151} INFO - [666/1000] RAWG: Besiege (AppID 346010) -> 5 kandidat
[2026-09-04T08:52:00.634+0000] {rawg.py:151} INFO - [667/1000] RAWG: Back 4 Blood (AppID 924970) -> 5 kandidat
[2026-09-04T08:52:01.393+0000] {rawg.py:151} INFO - [668/1000] RAWG: Romero's Aftermath (AppID 349700) -> 5 kandidat
[2026-09-04T08:52:02.412+0000] {rawg.py:151} INFO - [669/1000] RAWG: ENDLESS Space - Definitive Edition (AppID 208140) -> 5 kandidat
[2026-09-04T08:52:03.200+0000] {rawg.py:151} INFO - [670/1000] RAWG: AirMech Strike (AppID 206500) -> 5 kandidat
[2026-09-04T08:52:03.937+0000] {rawg.py:151} INFO - [671/1000] RAWG: Tropico 4 (AppID 57690) -> 5 kandidat
[2026-09-04T08:52:04.667+0000] {rawg.py:151} INFO - [672/1000] RAWG: God of War Ragnarök (AppID 2322010) -> 5 kandidat
[2026-09-04T08:52:05.701+0000] {rawg.py:151} INFO - [673/1000] RAWG: Depth (AppID 274940) -> 5 kandidat
[2026-09-04T08:52:06.568+0000] {rawg.py:151} INFO - [674/1000] RAWG: DDraceNetwork (AppID 412220) -> 1 kandidat
[2026-09-04T08:52:07.325+0000] {rawg.py:151} INFO - [675/1000] RAWG: PowerWash Simulator (AppID 1290000) -> 5 kandidat
[2026-09-04T08:52:07.967+0000] {rawg.py:151} INFO - [676/1000] RAWG: Tiny Tina's Wonderlands (AppID 1286680) -> 5 kandidat
[2026-09-04T08:52:08.562+0000] {rawg.py:151} INFO - [677/1000] RAWG: Gothic 3 (AppID 39500) -> 5 kandidat
[2026-09-04T08:52:09.299+0000] {rawg.py:151} INFO - [678/1000] RAWG: Football Manager 2019 (AppID 872790) -> 5 kandidat
[2026-09-04T08:52:10.023+0000] {rawg.py:151} INFO - [679/1000] RAWG: Pillars of Eternity (AppID 291650) -> 5 kandidat
[2026-09-04T08:52:10.836+0000] {rawg.py:151} INFO - [680/1000] RAWG: Crysis Warhead (AppID 17330) -> 5 kandidat
[2026-09-04T08:52:11.481+0000] {rawg.py:151} INFO - [681/1000] RAWG: Gorilla Tag (AppID 1533390) -> 5 kandidat
[2026-09-04T08:52:12.112+0000] {rawg.py:151} INFO - [682/1000] RAWG: Darksiders III (AppID 606280) -> 5 kandidat
[2026-09-04T08:52:12.928+0000] {rawg.py:151} INFO - [683/1000] RAWG: Total War: EMPIRE – Definitive Edition (AppID 10500) -> 5 kandidat
[2026-09-04T08:52:13.558+0000] {rawg.py:151} INFO - [684/1000] RAWG: Legends of IdleOn - Idle MMO (AppID 1476970) -> 5 kandidat
[2026-09-04T08:52:14.254+0000] {rawg.py:151} INFO - [685/1000] RAWG: Need for Speed Payback (AppID 1262580) -> 5 kandidat
[2026-09-04T08:52:14.941+0000] {rawg.py:151} INFO - [686/1000] RAWG: Plague Inc: Evolved (AppID 246620) -> 5 kandidat
[2026-09-04T08:52:15.551+0000] {rawg.py:151} INFO - [687/1000] RAWG: AX:EL - Air XenoDawn (AppID 319830) -> 5 kandidat
[2026-09-04T08:52:16.310+0000] {rawg.py:151} INFO - [688/1000] RAWG: Shadow Warrior 2 (AppID 324800) -> 5 kandidat
[2026-09-04T08:52:16.982+0000] {rawg.py:151} INFO - [689/1000] RAWG: Keep Talking and Nobody Explodes (AppID 341800) -> 5 kandidat
[2026-09-04T08:52:17.760+0000] {rawg.py:151} INFO - [690/1000] RAWG: SUPERHOT (AppID 322500) -> 5 kandidat
[2026-09-04T08:52:18.411+0000] {rawg.py:151} INFO - [691/1000] RAWG: Far Cry New Dawn (AppID 939960) -> 5 kandidat
[2026-09-04T08:52:19.144+0000] {rawg.py:151} INFO - [692/1000] RAWG: Game Dev Tycoon (AppID 239820) -> 5 kandidat
[2026-09-04T08:52:20.109+0000] {rawg.py:151} INFO - [693/1000] RAWG: BIGFOOT (AppID 509980) -> 5 kandidat
[2026-09-04T08:52:20.986+0000] {rawg.py:151} INFO - [694/1000] RAWG: Total War: WARHAMMER (AppID 364360) -> 5 kandidat
[2026-09-04T08:52:21.637+0000] {rawg.py:151} INFO - [695/1000] RAWG: Tropico 6 (AppID 492720) -> 5 kandidat
[2026-09-04T08:52:22.360+0000] {rawg.py:151} INFO - [696/1000] RAWG: Grand Theft Auto: Vice City (AppID 12110) -> 5 kandidat
[2026-09-04T08:52:22.985+0000] {rawg.py:151} INFO - [697/1000] RAWG: Bayonetta (AppID 460790) -> 5 kandidat
[2026-09-04T08:52:28.301+0000] {rawg.py:151} INFO - [698/1000] RAWG: Command & Conquer Remastered Collection (AppID 1213210) -> 5 kandidat
[2026-09-04T08:52:29.757+0000] {rawg.py:151} INFO - [699/1000] RAWG: Idle Champions of the Forgotten Realms (AppID 627690) -> 5 kandidat
[2026-09-04T08:52:30.506+0000] {rawg.py:151} INFO - [700/1000] RAWG: Kingdoms and Castles (AppID 569480) -> 5 kandidat
[2026-09-04T08:52:31.165+0000] {rawg.py:151} INFO - [701/1000] RAWG: FPS Chess (AppID 2021910) -> 5 kandidat
[2026-09-04T08:52:31.820+0000] {rawg.py:151} INFO - [702/1000] RAWG: Verdun (AppID 242860) -> 5 kandidat
[2026-09-04T08:52:32.420+0000] {rawg.py:151} INFO - [703/1000] RAWG: Thief (AppID 239160) -> 5 kandidat
[2026-09-04T08:52:33.296+0000] {rawg.py:151} INFO - [704/1000] RAWG: WARMODE (AppID 391460) -> 5 kandidat
[2026-09-04T08:52:39.967+0000] {rawg.py:151} INFO - [705/1000] RAWG: Ravenfield (AppID 636480) -> 5 kandidat
[2026-09-04T08:52:41.559+0000] {rawg.py:151} INFO - [706/1000] RAWG: Dark Messiah of Might & Magic (AppID 2100) -> 5 kandidat
[2026-09-04T08:52:44.015+0000] {rawg.py:151} INFO - [707/1000] RAWG: Baldur's Gate: Enhanced Edition (AppID 228280) -> 5 kandidat
[2026-09-04T08:52:45.182+0000] {rawg.py:151} INFO - [708/1000] RAWG: Resident Evil 5 (AppID 21690) -> 5 kandidat
[2026-09-04T08:52:46.007+0000] {rawg.py:151} INFO - [709/1000] RAWG: HoloCure - Save the Fans! (AppID 2420510) -> 5 kandidat
[2026-09-04T08:52:46.872+0000] {rawg.py:151} INFO - [710/1000] RAWG: Blade and Sorcery (AppID 629730) -> 5 kandidat
[2026-09-04T08:52:47.589+0000] {rawg.py:151} INFO - [711/1000] RAWG: Fallen Earth Free2Play (AppID 113420) -> 5 kandidat
[2026-09-04T08:52:48.411+0000] {rawg.py:151} INFO - [712/1000] RAWG: Resident Evil (AppID 304240) -> 5 kandidat
[2026-09-04T08:52:49.322+0000] {rawg.py:151} INFO - [713/1000] RAWG: Hero Siege (AppID 269210) -> 5 kandidat
[2026-09-04T08:52:49.974+0000] {rawg.py:151} INFO - [714/1000] RAWG: BLOCKPOST (AppID 706990) -> 5 kandidat
[2026-09-04T08:52:50.706+0000] {rawg.py:151} INFO - [715/1000] RAWG: PC Building Simulator (AppID 621060) -> 5 kandidat
[2026-09-04T08:52:51.565+0000] {rawg.py:151} INFO - [716/1000] RAWG: Assassin’s Creed Brotherhood (AppID 48190) -> 5 kandidat
[2026-09-04T08:52:52.331+0000] {rawg.py:151} INFO - [717/1000] RAWG: Yakuza 0 (AppID 638970) -> 5 kandidat
[2026-09-04T08:52:53.096+0000] {rawg.py:151} INFO - [718/1000] RAWG: Train Simulator Classic (AppID 24010) -> 5 kandidat
[2026-09-04T08:52:53.691+0000] {rawg.py:151} INFO - [719/1000] RAWG: Wreckfest (AppID 228380) -> 5 kandidat
[2026-09-04T08:52:54.361+0000] {rawg.py:151} INFO - [720/1000] RAWG: Gigantic (AppID 327690) -> 5 kandidat
[2026-09-04T08:52:55.002+0000] {rawg.py:151} INFO - [721/1000] RAWG: Emily is Away (AppID 417860) -> 5 kandidat
[2026-09-04T08:52:55.706+0000] {rawg.py:151} INFO - [722/1000] RAWG: SIGNALIS (AppID 1262350) -> 5 kandidat
[2026-09-04T08:52:56.677+0000] {rawg.py:151} INFO - [723/1000] RAWG: STAR WARS Battlefront (Classic, 2004) (AppID 1058020) -> 5 kandidat
[2026-09-04T08:52:57.467+0000] {rawg.py:151} INFO - [724/1000] RAWG: Assassin's Creed Origins (AppID 582160) -> 5 kandidat
[2026-09-04T08:52:58.268+0000] {rawg.py:151} INFO - [725/1000] RAWG: Rise of Nations: Extended Edition (AppID 287450) -> 5 kandidat
[2026-09-04T08:52:58.970+0000] {rawg.py:151} INFO - [726/1000] RAWG: We Were Here (AppID 582500) -> 5 kandidat
[2026-09-04T08:52:59.992+0000] {rawg.py:151} INFO - [727/1000] RAWG: Riders of Icarus (AppID 442080) -> 5 kandidat
[2026-09-04T08:53:00.658+0000] {rawg.py:151} INFO - [728/1000] RAWG: DUSK (AppID 519860) -> 5 kandidat
[2026-09-04T08:53:01.603+0000] {rawg.py:151} INFO - [729/1000] RAWG: The Elder Scrolls III: Morrowind Game of the Year Edition (AppID 22320) -> 5 kandidat
[2026-09-04T08:53:02.543+0000] {rawg.py:151} INFO - [730/1000] RAWG: Generation Zero (AppID 704270) -> 5 kandidat
[2026-09-04T08:53:03.344+0000] {rawg.py:151} INFO - [731/1000] RAWG: Mafia (AppID 40990) -> 5 kandidat
[2026-09-04T08:53:04.045+0000] {rawg.py:151} INFO - [732/1000] RAWG: Sabre Team (AppID 1627140) -> 5 kandidat
[2026-09-04T08:53:04.887+0000] {rawg.py:151} INFO - [733/1000] RAWG: Wolfenstein II: The New Colossus (AppID 612880) -> 5 kandidat
[2026-09-04T08:53:07.853+0000] {rawg.py:151} INFO - [734/1000] RAWG: Murderous Pursuits (AppID 638070) -> 5 kandidat
[2026-09-04T08:53:08.549+0000] {rawg.py:151} INFO - [735/1000] RAWG: WEBFISHING (AppID 3146520) -> 5 kandidat
[2026-09-04T08:53:09.409+0000] {rawg.py:151} INFO - [736/1000] RAWG: Digimon Masters Online (AppID 537180) -> 5 kandidat
[2026-09-04T08:53:10.168+0000] {rawg.py:151} INFO - [737/1000] RAWG: Stronghold Crusader 2 (AppID 232890) -> 5 kandidat
[2026-09-04T08:53:11.110+0000] {rawg.py:151} INFO - [738/1000] RAWG: STAR WARS Republic Commando (AppID 6000) -> 5 kandidat
[2026-09-04T08:53:12.038+0000] {rawg.py:151} INFO - [739/1000] RAWG: Superliminal (AppID 1049410) -> 5 kandidat
[2026-09-04T08:53:12.913+0000] {rawg.py:151} INFO - [740/1000] RAWG: Old School RuneScape (AppID 1343370) -> 5 kandidat
[2026-09-04T08:53:13.562+0000] {rawg.py:151} INFO - [741/1000] RAWG: Battlefield 4 (AppID 1238860) -> 5 kandidat
[2026-09-04T08:53:14.295+0000] {rawg.py:151} INFO - [742/1000] RAWG: Predecessor (AppID 961200) -> 2 kandidat
[2026-09-04T08:53:14.915+0000] {rawg.py:151} INFO - [743/1000] RAWG: Orcs Must Die! (AppID 102600) -> 5 kandidat
[2026-09-04T08:53:15.596+0000] {rawg.py:151} INFO - [744/1000] RAWG: MiSide (AppID 2527500) -> 5 kandidat
[2026-09-04T08:53:21.857+0000] {rawg.py:151} INFO - [745/1000] RAWG: CONTROL Ultimate Edition (AppID 870780) -> 5 kandidat
[2026-09-04T08:53:23.094+0000] {rawg.py:151} INFO - [746/1000] RAWG: Mass Effect 2 (2010 Edition) (AppID 24980) -> 5 kandidat
[2026-09-04T08:53:24.620+0000] {rawg.py:151} INFO - [747/1000] RAWG: Rain World (AppID 312520) -> 5 kandidat
[2026-09-04T08:53:25.869+0000] {rawg.py:151} INFO - [748/1000] RAWG: Warhammer 40,000: Dawn of War III (AppID 285190) -> 5 kandidat
[2026-09-04T08:53:26.503+0000] {rawg.py:151} INFO - [749/1000] RAWG: Sleeping Dogs (AppID 202170) -> 5 kandidat
[2026-09-04T08:53:27.518+0000] {rawg.py:151} INFO - [750/1000] RAWG: Tom Clancy’s Splinter Cell Blacklist (AppID 235600) -> 5 kandidat
[2026-09-04T08:53:28.425+0000] {rawg.py:151} INFO - [751/1000] RAWG: Total War: NAPOLEON – Definitive Edition (AppID 34030) -> 5 kandidat
[2026-09-04T08:53:29.036+0000] {rawg.py:151} INFO - [752/1000] RAWG: Crush Crush (AppID 459820) -> 5 kandidat
[2026-09-04T08:53:29.732+0000] {rawg.py:151} INFO - [753/1000] RAWG: Dragon Age: Origins - Ultimate Edition (AppID 47810) -> 5 kandidat
[2026-09-04T08:53:30.337+0000] {rawg.py:151} INFO - [754/1000] RAWG: EA SPORTS FIFA 21 (AppID 1313860) -> 5 kandidat
[2026-09-04T08:53:30.980+0000] {rawg.py:151} INFO - [755/1000] RAWG: Creativerse (AppID 280790) -> 5 kandidat
[2026-09-04T08:53:31.853+0000] {rawg.py:151} INFO - [756/1000] RAWG: DOOM + DOOM II (AppID 2280) -> 5 kandidat
[2026-09-04T08:53:32.570+0000] {rawg.py:151} INFO - [757/1000] RAWG: BATTLETECH (AppID 637090) -> 5 kandidat
[2026-09-04T08:53:33.238+0000] {rawg.py:151} INFO - [758/1000] RAWG: DiRT Rally 2.0 (AppID 690790) -> 5 kandidat
[2026-09-04T08:53:33.924+0000] {rawg.py:151} INFO - [759/1000] RAWG: Thief Simulator (AppID 704850) -> 5 kandidat
[2026-09-04T08:53:34.772+0000] {rawg.py:151} INFO - [760/1000] RAWG: Wolcen: Lords of Mayhem (AppID 424370) -> 5 kandidat
[2026-09-04T08:53:35.793+0000] {rawg.py:151} INFO - [761/1000] RAWG: DRAGON BALL Z: KAKAROT (AppID 851850) -> 5 kandidat
[2026-09-04T08:53:36.549+0000] {rawg.py:151} INFO - [762/1000] RAWG: Watch_Dogs (AppID 243470) -> 5 kandidat
[2026-09-04T08:53:37.323+0000] {rawg.py:151} INFO - [763/1000] RAWG: GUILTY GEAR -STRIVE- (AppID 1384160) -> 5 kandidat
[2026-09-04T08:53:38.004+0000] {rawg.py:151} INFO - [764/1000] RAWG: Orwell: Keeping an Eye On You (AppID 491950) -> 5 kandidat
[2026-09-04T08:53:38.757+0000] {rawg.py:151} INFO - [765/1000] RAWG: Astral Party  (AppID 2622000) -> 5 kandidat
[2026-09-04T08:53:39.709+0000] {rawg.py:151} INFO - [766/1000] RAWG: Metal: Hellsinger (AppID 1061910) -> 5 kandidat
[2026-09-04T08:53:40.600+0000] {rawg.py:151} INFO - [767/1000] RAWG: Crypt of the NecroDancer (AppID 247080) -> 5 kandidat
[2026-09-04T08:53:41.594+0000] {rawg.py:151} INFO - [768/1000] RAWG: ENDLESS Space 2 (AppID 392110) -> 5 kandidat
[2026-09-04T08:53:42.572+0000] {rawg.py:151} INFO - [769/1000] RAWG: Medal of Honor (AppID 47830) -> 5 kandidat
[2026-09-04T08:53:43.660+0000] {rawg.py:151} INFO - [770/1000] RAWG: Company of Heroes: Opposing Fronts (AppID 9340) -> 5 kandidat
[2026-09-04T08:53:44.280+0000] {rawg.py:151} INFO - [771/1000] RAWG: Gear Up (AppID 214420) -> 5 kandidat
[2026-09-04T08:53:45.117+0000] {rawg.py:151} INFO - [772/1000] RAWG: Shakes and Fidget (AppID 438040) -> 5 kandidat
[2026-09-04T08:53:49.719+0000] {rawg.py:151} INFO - [773/1000] RAWG: A Plague Tale: Innocence (AppID 752590) -> 5 kandidat
[2026-09-04T08:53:50.926+0000] {rawg.py:151} INFO - [774/1000] RAWG: Squad 44 (AppID 736220) -> 5 kandidat
[2026-09-04T08:53:51.933+0000] {rawg.py:151} INFO - [775/1000] RAWG: Age of Empires III: Definitive Edition (AppID 933110) -> 5 kandidat
[2026-09-04T08:53:52.824+0000] {rawg.py:151} INFO - [776/1000] RAWG: DC Universe Online (AppID 24200) -> 5 kandidat
[2026-09-04T08:53:53.776+0000] {rawg.py:151} INFO - [777/1000] RAWG: Aeon Command (AppID 304670) -> 5 kandidat
[2026-09-04T08:53:54.698+0000] {rawg.py:151} INFO - [778/1000] RAWG: Company of Heroes (AppID 228200) -> 5 kandidat
[2026-09-04T08:53:55.406+0000] {rawg.py:151} INFO - [779/1000] RAWG: Surgeon Simulator (AppID 233720) -> 5 kandidat
[2026-09-04T08:54:00.092+0000] {rawg.py:151} INFO - [780/1000] RAWG: Draw & Guess (AppID 1483870) -> 5 kandidat
[2026-09-04T08:54:00.802+0000] {rawg.py:151} INFO - [781/1000] RAWG: Bloodstained: Ritual of the Night (AppID 692850) -> 5 kandidat
[2026-09-04T08:54:04.541+0000] {rawg.py:151} INFO - [782/1000] RAWG: Assassin's Creed: Director's Cut Edition (AppID 15100) -> 5 kandidat
[2026-09-04T08:54:05.249+0000] {rawg.py:151} INFO - [783/1000] RAWG: POLYGON: Multiplayer Shooter (AppID 1241100) -> 5 kandidat
[2026-09-04T08:54:06.932+0000] {rawg.py:151} INFO - [784/1000] RAWG: REMNANT II (AppID 1282100) -> 5 kandidat
[2026-09-04T08:54:08.339+0000] {rawg.py:151} INFO - [785/1000] RAWG: Resident Evil Revelations 2 (AppID 287290) -> 5 kandidat
[2026-09-04T08:54:09.039+0000] {rawg.py:151} INFO - [786/1000] RAWG: NBA 2K21 (AppID 1225330) -> 5 kandidat
[2026-09-04T08:54:09.898+0000] {rawg.py:151} INFO - [787/1000] RAWG: Natural Selection 2 (AppID 4920) -> 5 kandidat
[2026-09-04T08:54:10.658+0000] {rawg.py:151} INFO - [788/1000] RAWG: Capcom Arcade Stadium (AppID 1515950) -> 5 kandidat
[2026-09-04T08:54:11.333+0000] {rawg.py:151} INFO - [789/1000] RAWG: Far Cry 2 (AppID 19900) -> 5 kandidat
[2026-09-04T08:54:12.044+0000] {rawg.py:151} INFO - [790/1000] RAWG: The Ascent (AppID 979690) -> 5 kandidat
[2026-09-04T08:54:13.069+0000] {rawg.py:151} INFO - [791/1000] RAWG: Eador. Masters of the Broken World (AppID 232050) -> 5 kandidat
[2026-09-04T08:54:13.852+0000] {rawg.py:151} INFO - [792/1000] RAWG: Half-Life: Blue Shift (AppID 130) -> 5 kandidat
[2026-09-04T08:54:14.548+0000] {rawg.py:151} INFO - [793/1000] RAWG: Radical Heights (AppID 809960) -> 5 kandidat
[2026-09-04T08:54:15.293+0000] {rawg.py:151} INFO - [794/1000] RAWG: Medal of Honor (AppID 47790) -> 5 kandidat
[2026-09-04T08:54:16.402+0000] {rawg.py:151} INFO - [795/1000] RAWG: Enclave (AppID 253980) -> 5 kandidat
[2026-09-04T08:54:17.301+0000] {rawg.py:151} INFO - [796/1000] RAWG: Call of Duty: Infinite Warfare (AppID 292730) -> 5 kandidat
[2026-09-04T08:54:18.185+0000] {rawg.py:151} INFO - [797/1000] RAWG: Blasphemous (AppID 774361) -> 5 kandidat
[2026-09-04T08:54:19.221+0000] {rawg.py:151} INFO - [798/1000] RAWG: SEGA Mega Drive and Genesis Classics (AppID 34270) -> 5 kandidat
[2026-09-04T08:54:19.935+0000] {rawg.py:151} INFO - [799/1000] RAWG: Wargame: Red Dragon (AppID 251060) -> 5 kandidat
[2026-09-04T08:54:20.834+0000] {rawg.py:151} INFO - [800/1000] RAWG: S.T.A.L.K.E.R.: Shadow of Chernobyl (AppID 4500) -> 5 kandidat
[2026-09-04T08:54:21.687+0000] {rawg.py:151} INFO - [801/1000] RAWG: STAR WARS Empire at War - Gold Pack (AppID 32470) -> 5 kandidat
[2026-09-04T08:54:22.425+0000] {rawg.py:151} INFO - [802/1000] RAWG: Untitled Goose Game (AppID 837470) -> 5 kandidat
[2026-09-04T08:54:23.027+0000] {rawg.py:151} INFO - [803/1000] RAWG: ATLAS (AppID 834910) -> 5 kandidat
[2026-09-04T08:54:24.086+0000] {rawg.py:151} INFO - [804/1000] RAWG: DRAGON BALL XENOVERSE 2 (AppID 454650) -> 5 kandidat
[2026-09-04T08:54:24.877+0000] {rawg.py:151} INFO - [805/1000] RAWG: GWENT: The Witcher Card Game (AppID 1284410) -> 5 kandidat
[2026-09-04T08:54:25.801+0000] {rawg.py:151} INFO - [806/1000] RAWG: Battlefield 3 (AppID 1238820) -> 5 kandidat
[2026-09-04T08:54:26.626+0000] {rawg.py:151} INFO - [807/1000] RAWG: DRAGON BALL XENOVERSE (AppID 323470) -> 5 kandidat
[2026-09-04T08:54:27.598+0000] {rawg.py:151} INFO - [808/1000] RAWG: The Henry Stickmin Collection (AppID 1089980) -> 5 kandidat
[2026-09-04T08:54:28.476+0000] {rawg.py:151} INFO - [809/1000] RAWG: Skul: The Hero Slayer (AppID 1147560) -> 5 kandidat
[2026-09-04T08:54:29.307+0000] {rawg.py:151} INFO - [810/1000] RAWG: Mark of the Ninja (AppID 214560) -> 5 kandidat
[2026-09-04T08:54:30.173+0000] {rawg.py:151} INFO - [811/1000] RAWG: Brothers - A Tale of Two Sons (AppID 225080) -> 5 kandidat
[2026-09-04T08:54:30.892+0000] {rawg.py:151} INFO - [812/1000] RAWG: Transistor (AppID 237930) -> 5 kandidat
[2026-09-04T08:54:31.712+0000] {rawg.py:151} INFO - [813/1000] RAWG: Defy Gravity Extended (AppID 96100) -> 5 kandidat
[2026-09-04T08:54:32.459+0000] {rawg.py:151} INFO - [814/1000] RAWG: The Binding of Isaac (AppID 113200) -> 5 kandidat
[2026-09-04T08:54:33.054+0000] {rawg.py:151} INFO - [815/1000] RAWG: Quake (AppID 2310) -> 5 kandidat
[2026-09-04T08:54:33.854+0000] {rawg.py:151} INFO - [816/1000] RAWG: Graveyard Keeper (AppID 599140) -> 5 kandidat
[2026-09-04T08:54:34.546+0000] {rawg.py:151} INFO - [817/1000] RAWG: Source Filmmaker (AppID 1840) -> 5 kandidat
[2026-09-04T08:54:35.217+0000] {rawg.py:151} INFO - [818/1000] RAWG: Sid Meier's Civilization: Beyond Earth (AppID 65980) -> 5 kandidat
[2026-09-04T08:54:36.038+0000] {rawg.py:151} INFO - [819/1000] RAWG: Divinity: Original Sin - Enhanced Edition (AppID 373420) -> 5 kandidat
[2026-09-04T08:54:36.863+0000] {rawg.py:151} INFO - [820/1000] RAWG: Core Keeper (AppID 1621690) -> 5 kandidat
[2026-09-04T08:54:37.558+0000] {rawg.py:151} INFO - [821/1000] RAWG: ONE PIECE: PIRATE WARRIORS 4 (AppID 1089090) -> 5 kandidat
[2026-09-04T08:54:38.256+0000] {rawg.py:151} INFO - [822/1000] RAWG: Data Hacker: Initiation (AppID 311860) -> 5 kandidat
[2026-09-04T08:54:39.019+0000] {rawg.py:151} INFO - [823/1000] RAWG: Unheard - Voices of Crime (AppID 942970) -> 5 kandidat
[2026-09-04T08:54:40.090+0000] {rawg.py:151} INFO - [824/1000] RAWG: Torchlight (AppID 41500) -> 5 kandidat
[2026-09-04T08:54:40.836+0000] {rawg.py:151} INFO - [825/1000] RAWG: Tribes: Ascend (AppID 17080) -> 5 kandidat
[2026-09-04T08:54:41.527+0000] {rawg.py:151} INFO - [826/1000] RAWG: TEKKEN 8 (AppID 1778820) -> 5 kandidat
[2026-09-04T08:54:42.219+0000] {rawg.py:151} INFO - [827/1000] RAWG: Orcs Must Die! 3 (AppID 1522820) -> 5 kandidat
[2026-09-04T08:54:42.952+0000] {rawg.py:151} INFO - [828/1000] RAWG: The Last Remnant (AppID 23310) -> 5 kandidat
[2026-09-04T08:54:43.652+0000] {rawg.py:151} INFO - [829/1000] RAWG: Freebie (AppID 487220) -> 5 kandidat
[2026-09-04T08:54:44.465+0000] {rawg.py:151} INFO - [830/1000] RAWG: Sid Meier's Civilization IV (AppID 34440) -> 5 kandidat
[2026-09-04T08:54:45.394+0000] {rawg.py:151} INFO - [831/1000] RAWG: Warhammer 40,000: Dawn of War - Anniversary Edition (Classic) (AppID 4570) -> 5 kandidat
[2026-09-04T08:54:46.156+0000] {rawg.py:151} INFO - [832/1000] RAWG: Love Is All Around (AppID 2322560) -> 5 kandidat
[2026-09-04T08:54:46.801+0000] {rawg.py:151} INFO - [833/1000] RAWG: Diablo IV (AppID 2344520) -> 5 kandidat
[2026-09-04T08:54:47.563+0000] {rawg.py:151} INFO - [834/1000] RAWG: Just Cause (AppID 6880) -> 5 kandidat
[2026-09-04T08:54:48.378+0000] {rawg.py:151} INFO - [835/1000] RAWG: Aliens vs. Predator (AppID 10680) -> 5 kandidat
[2026-09-04T08:54:49.074+0000] {rawg.py:151} INFO - [836/1000] RAWG: MapleStory (AppID 216150) -> 5 kandidat
[2026-09-04T08:54:49.785+0000] {rawg.py:151} INFO - [837/1000] RAWG: Armored Warfare (AppID 443110) -> 5 kandidat
[2026-09-04T08:54:50.466+0000] {rawg.py:151} INFO - [838/1000] RAWG: The Surge (AppID 378540) -> 5 kandidat
[2026-09-04T08:54:51.550+0000] {rawg.py:151} INFO - [839/1000] RAWG: Warhammer 40,000: Inquisitor - Martyr (AppID 527430) -> 5 kandidat
[2026-09-04T08:54:52.309+0000] {rawg.py:151} INFO - [840/1000] RAWG: Outer Wilds (AppID 753640) -> 5 kandidat
[2026-09-04T08:54:53.279+0000] {rawg.py:151} INFO - [841/1000] RAWG: Artifact (AppID 583950) -> 5 kandidat
[2026-09-04T08:54:54.193+0000] {rawg.py:151} INFO - [842/1000] RAWG: Dungeons & Dragons Online (AppID 206480) -> 5 kandidat
[2026-09-04T08:54:54.838+0000] {rawg.py:151} INFO - [843/1000] RAWG: Fortified (AppID 334210) -> 5 kandidat
[2026-09-04T08:54:55.817+0000] {rawg.py:151} INFO - [844/1000] RAWG: 音灵 INVAXION (AppID 921630) -> 5 kandidat
[2026-09-04T08:54:56.569+0000] {rawg.py:151} INFO - [845/1000] RAWG: WAKFU (AppID 215080) -> 5 kandidat
[2026-09-04T08:54:57.334+0000] {rawg.py:151} INFO - [846/1000] RAWG: Arma: Cold War Assault Remastered (AppID 65790) -> 5 kandidat
[2026-09-04T08:54:58.125+0000] {rawg.py:151} INFO - [847/1000] RAWG: School of Dragons (AppID 332070) -> 5 kandidat
[2026-09-04T08:54:58.944+0000] {rawg.py:151} INFO - [848/1000] RAWG: METAL GEAR SOLID V: GROUND ZEROES (AppID 311340) -> 5 kandidat
[2026-09-04T08:55:00.118+0000] {rawg.py:151} INFO - [849/1000] RAWG: Two Point Hospital (AppID 535930) -> 5 kandidat
[2026-09-04T08:55:02.104+0000] {rawg.py:151} INFO - [850/1000] RAWG: Outlast 2 (AppID 414700) -> 5 kandidat
[2026-09-04T08:55:03.105+0000] {rawg.py:151} INFO - [851/1000] RAWG: RUNNING WITH RIFLES (AppID 270150) -> 5 kandidat
[2026-09-04T08:55:03.946+0000] {rawg.py:151} INFO - [852/1000] RAWG: Deponia: The Complete Journey (AppID 292910) -> 5 kandidat
[2026-09-04T08:55:04.952+0000] {rawg.py:151} INFO - [853/1000] RAWG: Farming Simulator 17 (AppID 447020) -> 5 kandidat
[2026-09-04T08:55:05.783+0000] {rawg.py:151} INFO - [854/1000] RAWG: Loop Hero (AppID 1282730) -> 5 kandidat
[2026-09-04T08:55:06.456+0000] {rawg.py:151} INFO - [855/1000] RAWG: Crysis (AppID 17300) -> 5 kandidat
[2026-09-04T08:55:07.130+0000] {rawg.py:151} INFO - [856/1000] RAWG: Kingdoms of Amalur: Reckoning (AppID 102500) -> 5 kandidat
[2026-09-04T08:55:07.783+0000] {rawg.py:151} INFO - [857/1000] RAWG: Lord of the Rings: War in the North (AppID 32800) -> 5 kandidat
[2026-09-04T08:55:08.678+0000] {rawg.py:151} INFO - [858/1000] RAWG: BioShock 2 (AppID 8850) -> 5 kandidat
[2026-09-04T08:55:17.408+0000] {rawg.py:151} INFO - [859/1000] RAWG: GOD EATER 3 (AppID 899440) -> 5 kandidat
[2026-09-04T08:55:19.579+0000] {rawg.py:151} INFO - [860/1000] RAWG: Shadow Tactics: Blades of the Shogun (AppID 418240) -> 5 kandidat
[2026-09-04T08:55:20.286+0000] {rawg.py:151} INFO - [861/1000] RAWG: ArcheBlade (AppID 207230) -> 5 kandidat
[2026-09-04T08:55:21.201+0000] {rawg.py:151} INFO - [862/1000] RAWG: Warhammer 40,000: Dawn of War II Chaos Rising (AppID 20570) -> 5 kandidat
[2026-09-04T08:55:21.969+0000] {rawg.py:151} INFO - [863/1000] RAWG: Mass Effect (2007) (AppID 17460) -> 5 kandidat
[2026-09-04T08:55:22.928+0000] {rawg.py:151} INFO - [864/1000] RAWG: Dead Island Definitive Edition (AppID 383150) -> 5 kandidat
[2026-09-04T08:55:23.601+0000] {rawg.py:151} INFO - [865/1000] RAWG: FEZ (AppID 224760) -> 3 kandidat
[2026-09-04T08:55:24.395+0000] {rawg.py:151} INFO - [866/1000] RAWG: Bright Memory: Infinite (AppID 1178830) -> 5 kandidat
[2026-09-04T08:55:25.028+0000] {rawg.py:151} INFO - [867/1000] RAWG: Stormgate (AppID 2012510) -> 5 kandidat
[2026-09-04T08:55:25.855+0000] {rawg.py:151} INFO - [868/1000] RAWG: Evolvation (AppID 510840) -> 5 kandidat
[2026-09-04T08:55:26.757+0000] {rawg.py:151} INFO - [869/1000] RAWG: Heroes of Might & Magic III - HD Edition (AppID 297000) -> 5 kandidat
[2026-09-04T08:55:27.768+0000] {rawg.py:151} INFO - [870/1000] RAWG: Horizon Zero Dawn Complete Edition (AppID 1151640) -> 5 kandidat
[2026-09-04T08:55:28.679+0000] {rawg.py:151} INFO - [871/1000] RAWG: Town of Salem (AppID 334230) -> 5 kandidat
[2026-09-04T08:55:29.379+0000] {rawg.py:151} INFO - [872/1000] RAWG: Turbo Pug (AppID 418070) -> 5 kandidat
[2026-09-04T08:55:30.286+0000] {rawg.py:151} INFO - [873/1000] RAWG: The Elder Scrolls: Legends (AppID 364470) -> 5 kandidat
[2026-09-04T08:55:31.114+0000] {rawg.py:151} INFO - [874/1000] RAWG: The Evil Within 2 (AppID 601430) -> 5 kandidat
[2026-09-04T08:55:31.910+0000] {rawg.py:151} INFO - [875/1000] RAWG: Car Mechanic Simulator 2021 (AppID 1190000) -> 5 kandidat
[2026-09-04T08:55:32.964+0000] {rawg.py:151} INFO - [876/1000] RAWG: FINAL FANTASY VII (AppID 39140) -> 5 kandidat
[2026-09-04T08:55:33.935+0000] {rawg.py:151} INFO - [877/1000] RAWG: Total War: MEDIEVAL II – Definitive Edition (AppID 4700) -> 5 kandidat
[2026-09-04T08:55:34.644+0000] {rawg.py:151} INFO - [878/1000] RAWG: Dragons and Titans (AppID 263500) -> 5 kandidat
[2026-09-04T08:55:35.546+0000] {rawg.py:151} INFO - [879/1000] RAWG: MudRunner (AppID 675010) -> 5 kandidat
[2026-09-04T08:55:42.592+0000] {rawg.py:151} INFO - [880/1000] RAWG: DmC: Devil May Cry (AppID 220440) -> 5 kandidat
[2026-09-04T08:55:43.881+0000] {rawg.py:151} INFO - [881/1000] RAWG: Panzar (AppID 240320) -> 5 kandidat
[2026-09-04T08:55:45.367+0000] {rawg.py:151} INFO - [882/1000] RAWG: Catan Universe (AppID 544730) -> 5 kandidat
[2026-09-04T08:55:45.996+0000] {rawg.py:151} INFO - [883/1000] RAWG: Paint the Town Red (AppID 337320) -> 5 kandidat
[2026-09-04T08:55:46.752+0000] {rawg.py:151} INFO - [884/1000] RAWG: Sherlock Holmes: The Devil's Daughter (AppID 350640) -> 5 kandidat
[2026-09-04T08:55:47.378+0000] {rawg.py:151} INFO - [885/1000] RAWG: Pizza Tower (AppID 2231450) -> 5 kandidat
[2026-09-04T08:55:48.024+0000] {rawg.py:151} INFO - [886/1000] RAWG: Brick Rigs (AppID 552100) -> 5 kandidat
[2026-09-04T08:55:48.864+0000] {rawg.py:151} INFO - [887/1000] RAWG: Ghostwire: Tokyo (AppID 1475810) -> 5 kandidat
[2026-09-04T08:55:49.558+0000] {rawg.py:151} INFO - [888/1000] RAWG: Orcs Must Die! Unchained (AppID 427270) -> 5 kandidat
[2026-09-04T08:55:50.241+0000] {rawg.py:151} INFO - [889/1000] RAWG: X4: Foundations (AppID 392160) -> 5 kandidat
[2026-09-04T08:55:51.007+0000] {rawg.py:151} INFO - [890/1000] RAWG: BrainBread 2 (AppID 346330) -> 5 kandidat
[2026-09-04T08:55:51.819+0000] {rawg.py:151} INFO - [891/1000] RAWG: Sid Meier's Civilization III Complete (AppID 3910) -> 5 kandidat
[2026-09-04T08:55:52.519+0000] {rawg.py:151} INFO - [892/1000] RAWG: Saving Grace (AppID 1380400) -> 5 kandidat
[2026-09-04T08:55:53.346+0000] {rawg.py:151} INFO - [893/1000] RAWG: Assetto Corsa Competizione (AppID 805550) -> 5 kandidat
[2026-09-04T08:55:54.146+0000] {rawg.py:151} INFO - [894/1000] RAWG: Serious Sam HD: The First Encounter (AppID 41000) -> 5 kandidat
[2026-09-04T08:55:55.351+0000] {rawg.py:151} INFO - [895/1000] RAWG: The Planet Crafter (AppID 1284190) -> 5 kandidat
[2026-09-04T08:55:56.130+0000] {rawg.py:151} INFO - [896/1000] RAWG: Tower of Fantasy (AppID 2064650) -> 5 kandidat
[2026-09-04T08:55:57.141+0000] {rawg.py:151} INFO - [897/1000] RAWG: Warhammer 40,000: Dawn of War II: Retribution (AppID 56437) -> 5 kandidat
[2026-09-04T08:55:58.424+0000] {rawg.py:151} INFO - [898/1000] RAWG: Trailmakers (AppID 585420) -> 5 kandidat
[2026-09-04T08:55:59.287+0000] {rawg.py:151} INFO - [899/1000] RAWG: DREDGE (AppID 1562430) -> 5 kandidat
[2026-09-04T08:56:00.143+0000] {rawg.py:151} INFO - [900/1000] RAWG: Inside the Backrooms (AppID 1987080) -> 5 kandidat
[2026-09-04T08:56:00.737+0000] {rawg.py:151} INFO - [901/1000] RAWG: CS2D (AppID 666220) -> 5 kandidat
[2026-09-04T08:56:01.521+0000] {rawg.py:151} INFO - [902/1000] RAWG: Victoria 3 (AppID 529340) -> 5 kandidat
[2026-09-04T08:56:02.230+0000] {rawg.py:151} INFO - [903/1000] RAWG: Tropico 5 (AppID 245620) -> 5 kandidat
[2026-09-04T08:56:03.029+0000] {rawg.py:151} INFO - [904/1000] RAWG: Hand Simulator (AppID 657200) -> 5 kandidat
[2026-09-04T08:56:03.827+0000] {rawg.py:151} INFO - [905/1000] RAWG: Hitman 2: Silent Assassin (AppID 6850) -> 5 kandidat
[2026-09-04T08:56:04.960+0000] {rawg.py:151} INFO - [906/1000] RAWG: Call of Duty: Ghosts (AppID 209160) -> 5 kandidat
[2026-09-04T08:56:05.677+0000] {rawg.py:151} INFO - [907/1000] RAWG: Cruelty Squad (AppID 1388770) -> 5 kandidat
[2026-09-04T08:56:06.590+0000] {rawg.py:151} INFO - [908/1000] RAWG: Age of History II (AppID 603850) -> 5 kandidat
[2026-09-04T08:56:08.522+0000] {rawg.py:151} INFO - [909/1000] RAWG: STAR WARS - The Force Unleashed Ultimate Sith Edition (AppID 32430) -> 5 kandidat
[2026-09-04T08:56:09.415+0000] {rawg.py:151} INFO - [910/1000] RAWG: Knights and Merchants (AppID 253900) -> 5 kandidat
[2026-09-04T08:56:10.346+0000] {rawg.py:151} INFO - [911/1000] RAWG: Persona 4 Golden (AppID 1113000) -> 5 kandidat
[2026-09-04T08:56:11.129+0000] {rawg.py:151} INFO - [912/1000] RAWG: Unrailed! (AppID 1016920) -> 5 kandidat
[2026-09-04T08:56:11.831+0000] {rawg.py:151} INFO - [913/1000] RAWG: Bright Memory (AppID 955050) -> 5 kandidat
[2026-09-04T08:56:12.578+0000] {rawg.py:151} INFO - [914/1000] RAWG: Demonologist (AppID 1929610) -> 4 kandidat
[2026-09-04T08:56:13.383+0000] {rawg.py:151} INFO - [915/1000] RAWG: Crysis 3 Remastered (AppID 2096610) -> 5 kandidat
[2026-09-04T08:56:14.135+0000] {rawg.py:151} INFO - [916/1000] RAWG: DEATH STRANDING DIRECTOR'S CUT (AppID 1850570) -> 5 kandidat
[2026-09-04T08:56:14.923+0000] {rawg.py:151} INFO - [917/1000] RAWG: Transport Fever (AppID 446800) -> 5 kandidat
[2026-09-04T08:56:15.652+0000] {rawg.py:151} INFO - [918/1000] RAWG: Call of Duty: Ghosts (AppID 209170) -> 5 kandidat
[2026-09-04T08:56:16.302+0000] {rawg.py:151} INFO - [919/1000] RAWG: How to Survive (AppID 250400) -> 5 kandidat
[2026-09-04T08:56:17.005+0000] {rawg.py:151} INFO - [920/1000] RAWG: 暖雪 Warm Snow (AppID 1296830) -> 5 kandidat
[2026-09-04T08:56:17.805+0000] {rawg.py:151} INFO - [921/1000] RAWG: Wobbly Life (AppID 1211020) -> 5 kandidat
[2026-09-04T08:56:18.591+0000] {rawg.py:151} INFO - [922/1000] RAWG: EARTH DEFENSE FORCE 4.1 The Shadow of New Despair (AppID 410320) -> 5 kandidat
[2026-09-04T08:56:19.359+0000] {rawg.py:151} INFO - [923/1000] RAWG: Killer is Dead - Nightmare Edition (AppID 261110) -> 5 kandidat
[2026-09-04T08:56:20.162+0000] {rawg.py:151} INFO - [924/1000] RAWG: STAR WARS Knights of the Old Republic II - The Sith Lords (AppID 208580) -> 5 kandidat
[2026-09-04T08:56:20.839+0000] {rawg.py:151} INFO - [925/1000] RAWG: SCARLET NEXUS (AppID 775500) -> 5 kandidat
[2026-09-04T08:56:21.478+0000] {rawg.py:151} INFO - [926/1000] RAWG: Day of Infamy (AppID 447820) -> 5 kandidat
[2026-09-04T08:56:22.165+0000] {rawg.py:151} INFO - [927/1000] RAWG: PlateUp! (AppID 1599600) -> 5 kandidat
[2026-09-04T08:56:23.155+0000] {rawg.py:151} INFO - [928/1000] RAWG: Beholder (AppID 475550) -> 5 kandidat
[2026-09-04T08:56:24.087+0000] {rawg.py:151} INFO - [929/1000] RAWG: The Talos Principle (AppID 257510) -> 5 kandidat
[2026-09-04T08:56:24.749+0000] {rawg.py:151} INFO - [930/1000] RAWG: Quantum Break (AppID 474960) -> 5 kandidat
[2026-09-04T08:56:25.604+0000] {rawg.py:151} INFO - [931/1000] RAWG: Mortal Kombat Komplete Edition (AppID 237110) -> 5 kandidat
[2026-09-04T08:56:26.479+0000] {rawg.py:151} INFO - [932/1000] RAWG: Bloons TD Battles (AppID 444640) -> 5 kandidat
[2026-09-04T08:56:27.256+0000] {rawg.py:151} INFO - [933/1000] RAWG: Super Animal Royale (AppID 843380) -> 5 kandidat
[2026-09-04T08:56:28.286+0000] {rawg.py:151} INFO - [934/1000] RAWG: Pillars of Eternity II: Deadfire (AppID 560130) -> 5 kandidat
[2026-09-04T08:56:29.221+0000] {rawg.py:151} INFO - [935/1000] RAWG: Rome: Total War - Collection (AppID 4760) -> 5 kandidat
[2026-09-04T08:56:30.114+0000] {rawg.py:151} INFO - [936/1000] RAWG: Lobotomy Corporation | Monster Management Simulation (AppID 568220) -> 5 kandidat
[2026-09-04T08:56:31.109+0000] {rawg.py:151} INFO - [937/1000] RAWG: Baldur's Gate II: Enhanced Edition (AppID 257350) -> 5 kandidat
[2026-09-04T08:56:32.152+0000] {rawg.py:151} INFO - [938/1000] RAWG: Alan Wake's American Nightmare (AppID 202750) -> 5 kandidat
[2026-09-04T08:56:33.987+0000] {rawg.py:151} INFO - [939/1000] RAWG: Sniper: Ghost Warrior 2 (AppID 34870) -> 5 kandidat
[2026-09-04T08:56:34.639+0000] {rawg.py:151} INFO - [940/1000] RAWG: Deadlink (AppID 1676130) -> 5 kandidat
[2026-09-04T08:56:35.941+0000] {rawg.py:151} INFO - [941/1000] RAWG: Ace of Spades: Battle Builder (AppID 224540) -> 5 kandidat
[2026-09-04T08:56:37.446+0000] {rawg.py:151} INFO - [942/1000] RAWG: World War Z (AppID 699130) -> 5 kandidat
[2026-09-04T08:56:38.502+0000] {rawg.py:151} INFO - [943/1000] RAWG: JUMP FORCE (AppID 816020) -> 5 kandidat
[2026-09-04T08:56:39.391+0000] {rawg.py:151} INFO - [944/1000] RAWG: Darksiders Warmastered Edition (AppID 462780) -> 5 kandidat
[2026-09-04T08:56:40.071+0000] {rawg.py:151} INFO - [945/1000] RAWG: Bless Online (AppID 681660) -> 5 kandidat
[2026-09-04T08:56:40.915+0000] {rawg.py:151} INFO - [946/1000] RAWG: Civilization IV: Beyond the Sword (AppID 34460) -> 5 kandidat
[2026-09-04T08:56:41.593+0000] {rawg.py:151} INFO - [947/1000] RAWG: Overcooked (AppID 448510) -> 5 kandidat
[2026-09-04T08:56:42.263+0000] {rawg.py:151} INFO - [948/1000] RAWG: Craftopia (AppID 1307550) -> 5 kandidat
[2026-09-04T08:56:49.946+0000] {rawg.py:151} INFO - [949/1000] RAWG: Medieval Dynasty (AppID 1129580) -> 5 kandidat
[2026-09-04T08:56:52.193+0000] {rawg.py:151} INFO - [950/1000] RAWG: Steep (AppID 460920) -> 5 kandidat
[2026-09-04T08:56:53.084+0000] {rawg.py:151} INFO - [951/1000] RAWG: Red Faction: Armageddon (AppID 55110) -> 5 kandidat
[2026-09-04T08:56:54.208+0000] {rawg.py:151} INFO - [952/1000] RAWG: DYNASTY WARRIORS 8: Xtreme Legends Complete Edition (AppID 278080) -> 5 kandidat
[2026-09-04T08:56:55.095+0000] {rawg.py:151} INFO - [953/1000] RAWG: Spyro Reignited Trilogy (AppID 996580) -> 5 kandidat
[2026-09-04T08:56:55.763+0000] {rawg.py:151} INFO - [954/1000] RAWG: Ragnarok Online 2 (AppID 231060) -> 5 kandidat
[2026-09-04T08:56:57.013+0000] {rawg.py:151} INFO - [955/1000] RAWG: Crysis 2 - Maximum Edition (AppID 108800) -> 5 kandidat
[2026-09-04T08:56:57.780+0000] {rawg.py:151} INFO - [956/1000] RAWG: Farm Together (AppID 673950) -> 5 kandidat
[2026-09-04T08:56:58.624+0000] {rawg.py:151} INFO - [957/1000] RAWG: Sands of Salzaar (AppID 1094520) -> 5 kandidat
[2026-09-04T08:57:00.003+0000] {rawg.py:151} INFO - [958/1000] RAWG: Five Nights at Freddy's: Security Breach (AppID 747660) -> 5 kandidat
[2026-09-04T08:57:00.910+0000] {rawg.py:151} INFO - [959/1000] RAWG: Deus Ex: Game of the Year Edition (AppID 6910) -> 5 kandidat
[2026-09-04T08:57:01.556+0000] {rawg.py:151} INFO - [960/1000] RAWG: Spelunky (AppID 239350) -> 5 kandidat
[2026-09-04T08:57:02.454+0000] {rawg.py:151} INFO - [961/1000] RAWG: Secret World Legends (AppID 215280) -> 5 kandidat
[2026-09-04T08:57:03.593+0000] {rawg.py:151} INFO - [962/1000] RAWG: Mafia III: Definitive Edition (AppID 360430) -> 5 kandidat
[2026-09-04T08:57:04.283+0000] {rawg.py:151} INFO - [963/1000] RAWG: AMID EVIL (AppID 673130) -> 5 kandidat
[2026-09-04T08:57:04.993+0000] {rawg.py:151} INFO - [964/1000] RAWG: Thunder Tier One (AppID 377300) -> 5 kandidat
[2026-09-04T08:57:05.764+0000] {rawg.py:151} INFO - [965/1000] RAWG: KINGDOM HEARTS -HD 1.5+2.5 ReMIX- (AppID 2552430) -> 5 kandidat
[2026-09-04T08:57:06.491+0000] {rawg.py:151} INFO - [966/1000] RAWG: Move or Die (AppID 323850) -> 5 kandidat
[2026-09-04T08:57:07.265+0000] {rawg.py:151} INFO - [967/1000] RAWG: Mafia: Definitive Edition (AppID 1030840) -> 5 kandidat
[2026-09-04T08:57:07.916+0000] {rawg.py:151} INFO - [968/1000] RAWG: BONEWORKS (AppID 823500) -> 5 kandidat
[2026-09-04T08:57:08.810+0000] {rawg.py:151} INFO - [969/1000] RAWG: NBA 2K19 (AppID 841370) -> 5 kandidat
[2026-09-04T08:57:09.540+0000] {rawg.py:151} INFO - [970/1000] RAWG: Serious Sam II (AppID 204340) -> 5 kandidat
[2026-09-04T08:57:10.397+0000] {rawg.py:151} INFO - [971/1000] RAWG: Outward Definitive Edition (AppID 794260) -> 5 kandidat
[2026-09-04T08:57:11.205+0000] {rawg.py:151} INFO - [972/1000] RAWG: The First Berserker: Khazan (AppID 2680010) -> 5 kandidat
[2026-09-04T08:57:12.019+0000] {rawg.py:151} INFO - [973/1000] RAWG: Woodle Tree Adventures (AppID 299460) -> 5 kandidat
[2026-09-04T08:57:14.106+0000] {rawg.py:151} INFO - [974/1000] RAWG: Capcom Arcade 2nd Stadium (AppID 1755910) -> 5 kandidat
[2026-09-04T08:57:14.923+0000] {rawg.py:151} INFO - [975/1000] RAWG: Strobophagia | Rave Horror (AppID 1266680) -> 5 kandidat
[2026-09-04T08:57:16.416+0000] {rawg.py:151} INFO - [976/1000] RAWG: Dead Rising 3 Apocalypse Edition (AppID 265550) -> 5 kandidat
[2026-09-04T08:57:17.283+0000] {rawg.py:151} INFO - [977/1000] RAWG: Viscera Cleanup Detail (AppID 246900) -> 5 kandidat
[2026-09-04T08:57:18.018+0000] {rawg.py:151} INFO - [978/1000] RAWG: Jack Orlando: Director's Cut (AppID 253960) -> 5 kandidat
[2026-09-04T08:57:18.672+0000] {rawg.py:151} INFO - [979/1000] RAWG: The Lab (AppID 450390) -> 5 kandidat
[2026-09-04T08:57:19.570+0000] {rawg.py:151} INFO - [980/1000] RAWG: LEGO Star Wars: The Skywalker Saga (AppID 920210) -> 5 kandidat
[2026-09-04T08:57:20.505+0000] {rawg.py:151} INFO - [981/1000] RAWG: Command & Conquer: Red Alert 3 (AppID 17480) -> 5 kandidat
[2026-09-04T08:57:21.590+0000] {rawg.py:151} INFO - [982/1000] RAWG: LEGO Marvel Super Heroes (AppID 249130) -> 5 kandidat
[2026-09-04T08:57:22.526+0000] {rawg.py:151} INFO - [983/1000] RAWG: The Long Drive (AppID 1017180) -> 5 kandidat
[2026-09-04T08:57:23.147+0000] {rawg.py:151} INFO - [984/1000] RAWG: Braid (AppID 26800) -> 5 kandidat
[2026-09-04T08:57:23.959+0000] {rawg.py:151} INFO - [985/1000] RAWG: The LEGO NINJAGO Movie Video Game (AppID 640590) -> 5 kandidat
[2026-09-04T08:57:24.769+0000] {rawg.py:151} INFO - [986/1000] RAWG: The Past Within (AppID 1515210) -> 5 kandidat
[2026-09-04T08:57:25.476+0000] {rawg.py:151} INFO - [987/1000] RAWG: Not For Broadcast (AppID 1147550) -> 5 kandidat
[2026-09-04T08:57:26.248+0000] {rawg.py:151} INFO - [988/1000] RAWG: Lost Castle / 失落城堡 (AppID 434650) -> 5 kandidat
[2026-09-04T08:57:27.046+0000] {rawg.py:151} INFO - [989/1000] RAWG: STAR WARS Jedi: Survivor (AppID 1774580) -> 5 kandidat
[2026-09-04T08:57:27.810+0000] {rawg.py:151} INFO - [990/1000] RAWG: Aseprite (AppID 431730) -> 5 kandidat
[2026-09-04T08:57:28.715+0000] {rawg.py:151} INFO - [991/1000] RAWG: The Riftbreaker (AppID 780310) -> 5 kandidat
[2026-09-04T08:57:29.603+0000] {rawg.py:151} INFO - [992/1000] RAWG: The Walking Dead: Season Two (AppID 261030) -> 5 kandidat
[2026-09-04T08:57:30.676+0000] {rawg.py:151} INFO - [993/1000] RAWG: Mass Effect Legendary Edition (AppID 1328670) -> 5 kandidat
[2026-09-04T08:57:31.316+0000] {rawg.py:151} INFO - [994/1000] RAWG: Age of Wonders III (AppID 226840) -> 5 kandidat
[2026-09-04T08:57:32.038+0000] {rawg.py:151} INFO - [995/1000] RAWG: Portal Knights (AppID 374040) -> 5 kandidat
[2026-09-04T08:57:32.913+0000] {rawg.py:151} INFO - [996/1000] RAWG: Atomic Heart (AppID 668580) -> 5 kandidat
[2026-09-04T08:57:33.961+0000] {rawg.py:151} INFO - [997/1000] RAWG: Farthest Frontier (AppID 1044720) -> 5 kandidat
[2026-09-04T08:57:34.627+0000] {rawg.py:151} INFO - [998/1000] RAWG: SOULCALIBUR VI (AppID 544750) -> 5 kandidat
[2026-09-04T08:57:35.434+0000] {rawg.py:151} INFO - [999/1000] RAWG: Spiritfarer: Farewell Edition (AppID 972660) -> 5 kandidat
[2026-09-04T08:57:35.998+0000] {rawg.py:151} INFO - [1000/1000] RAWG: OMORI (AppID 1150690) -> 5 kandidat
[2026-09-04T08:57:36.298+0000] {rawg.py:176} INFO - RAWG fetch selesai: 1000 game diproses.
[2026-09-04T08:57:36.857+0000] {minio_client.py:74} INFO - Berhasil menulis 1000 record ke s3://steam-analytics/bronze/rawg/2026-09-03/data.json
[2026-09-04T08:57:36.861+0000] {steam_analytics.py:206} INFO - Bronze RAWG 2026-09-03 berhasil disimpan. Game yang diproses: 1000
[2026-09-04T08:57:36.913+0000] {python.py:237} INFO - Done. Returned value was: None
[2026-09-04T08:57:36.914+0000] {taskinstance.py:441} INFO - ::group::Post task execution logs
[2026-09-04T08:57:36.924+0000] {taskinstance.py:1206} INFO - Marking task as SUCCESS. dag_id=steam_analytics_daily, task_id=extract_rawg_to_bronze, run_id=scheduled__2026-09-03T02:00:00+00:00, execution_date=20260903T020000, start_date=20260904T084022, end_date=20260904T085736
[2026-09-04T08:57:36.967+0000] {local_task_job_runner.py:243} INFO - Task exited with return code 0
[2026-09-04T08:57:36.988+0000] {taskinstance.py:3503} INFO - 1 downstream tasks scheduled from follow-on schedule check
[2026-09-04T08:57:36.990+0000] {local_task_job_runner.py:222} INFO - ::endgroup::
