[2026-09-05T03:23:37.163+0000] {processor.py:161} INFO - Started process (PID=185) to work on /opt/airflow/dags/steam_analytics.py
[2026-09-05T03:23:37.164+0000] {processor.py:830} INFO - Processing file /opt/airflow/dags/steam_analytics.py for tasks to queue
[2026-09-05T03:23:37.167+0000] {logging_mixin.py:188} INFO - [2026-09-05T03:23:37.166+0000] {dagbag.py:545} INFO - Filling up the DagBag from /opt/airflow/dags/steam_analytics.py
[2026-09-05T03:23:37.552+0000] {processor.py:840} INFO - DAG(s) 'steam_analytics_daily' retrieved from /opt/airflow/dags/steam_analytics.py
[2026-09-05T03:23:37.846+0000] {logging_mixin.py:188} INFO - [2026-09-05T03:23:37.846+0000] {dag.py:3089} INFO - Sync 1 DAGs
[2026-09-05T03:23:37.874+0000] {logging_mixin.py:188} INFO - [2026-09-05T03:23:37.873+0000] {dag.py:3947} INFO - Setting next_dagrun for steam_analytics_daily to 2026-09-04 02:00:00+00:00, run_after=2026-09-05 02:00:00+00:00
[2026-09-05T03:23:37.899+0000] {processor.py:183} INFO - Processing /opt/airflow/dags/steam_analytics.py took 0.743 seconds
[2026-09-05T03:24:08.061+0000] {processor.py:161} INFO - Started process (PID=198) to work on /opt/airflow/dags/steam_analytics.py
[2026-09-05T03:24:08.062+0000] {processor.py:830} INFO - Processing file /opt/airflow/dags/steam_analytics.py for tasks to queue
[2026-09-05T03:24:08.064+0000] {logging_mixin.py:188} INFO - [2026-09-05T03:24:08.064+0000] {dagbag.py:545} INFO - Filling up the DagBag from /opt/airflow/dags/steam_analytics.py
[2026-09-05T03:24:08.213+0000] {processor.py:840} INFO - DAG(s) 'steam_analytics_daily' retrieved from /opt/airflow/dags/steam_analytics.py
[2026-09-05T03:24:08.242+0000] {logging_mixin.py:188} INFO - [2026-09-05T03:24:08.242+0000] {dag.py:3089} INFO - Sync 1 DAGs
[2026-09-05T03:24:08.263+0000] {logging_mixin.py:188} INFO - [2026-09-05T03:24:08.263+0000] {dag.py:3947} INFO - Setting next_dagrun for steam_analytics_daily to 2026-09-05 02:00:00+00:00, run_after=2026-09-06 02:00:00+00:00
[2026-09-05T03:24:08.282+0000] {processor.py:183} INFO - Processing /opt/airflow/dags/steam_analytics.py took 0.226 seconds
[2026-09-05T03:24:38.406+0000] {processor.py:161} INFO - Started process (PID=203) to work on /opt/airflow/dags/steam_analytics.py
[2026-09-05T03:24:38.407+0000] {processor.py:830} INFO - Processing file /opt/airflow/dags/steam_analytics.py for tasks to queue
[2026-09-05T03:24:38.409+0000] {logging_mixin.py:188} INFO - [2026-09-05T03:24:38.408+0000] {dagbag.py:545} INFO - Filling up the DagBag from /opt/airflow/dags/steam_analytics.py
[2026-09-05T03:24:38.565+0000] {processor.py:840} INFO - DAG(s) 'steam_analytics_daily' retrieved from /opt/airflow/dags/steam_analytics.py
[2026-09-05T03:24:38.593+0000] {logging_mixin.py:188} INFO - [2026-09-05T03:24:38.593+0000] {dag.py:3089} INFO - Sync 1 DAGs
[2026-09-05T03:24:38.616+0000] {logging_mixin.py:188} INFO - [2026-09-05T03:24:38.616+0000] {dag.py:3947} INFO - Setting next_dagrun for steam_analytics_daily to 2026-09-05 02:00:00+00:00, run_after=2026-09-06 02:00:00+00:00
[2026-09-05T03:24:38.633+0000] {processor.py:183} INFO - Processing /opt/airflow/dags/steam_analytics.py took 0.232 seconds
[2026-09-05T03:25:08.757+0000] {processor.py:161} INFO - Started process (PID=208) to work on /opt/airflow/dags/steam_analytics.py
[2026-09-05T03:25:08.758+0000] {processor.py:830} INFO - Processing file /opt/airflow/dags/steam_analytics.py for tasks to queue
[2026-09-05T03:25:08.759+0000] {logging_mixin.py:188} INFO - [2026-09-05T03:25:08.759+0000] {dagbag.py:545} INFO - Filling up the DagBag from /opt/airflow/dags/steam_analytics.py
[2026-09-05T03:25:08.894+0000] {processor.py:840} INFO - DAG(s) 'steam_analytics_daily' retrieved from /opt/airflow/dags/steam_analytics.py
[2026-09-05T03:25:08.920+0000] {logging_mixin.py:188} INFO - [2026-09-05T03:25:08.920+0000] {dag.py:3089} INFO - Sync 1 DAGs
[2026-09-05T03:25:08.939+0000] {logging_mixin.py:188} INFO - [2026-09-05T03:25:08.939+0000] {dag.py:3947} INFO - Setting next_dagrun for steam_analytics_daily to 2026-09-05 02:00:00+00:00, run_after=2026-09-06 02:00:00+00:00
[2026-09-05T03:25:08.955+0000] {processor.py:183} INFO - Processing /opt/airflow/dags/steam_analytics.py took 0.202 seconds
[2026-09-05T03:25:39.077+0000] {processor.py:161} INFO - Started process (PID=213) to work on /opt/airflow/dags/steam_analytics.py
[2026-09-05T03:25:39.078+0000] {processor.py:830} INFO - Processing file /opt/airflow/dags/steam_analytics.py for tasks to queue
[2026-09-05T03:25:39.079+0000] {logging_mixin.py:188} INFO - [2026-09-05T03:25:39.079+0000] {dagbag.py:545} INFO - Filling up the DagBag from /opt/airflow/dags/steam_analytics.py
[2026-09-05T03:25:39.289+0000] {processor.py:840} INFO - DAG(s) 'steam_analytics_daily' retrieved from /opt/airflow/dags/steam_analytics.py
[2026-09-05T03:25:39.317+0000] {logging_mixin.py:188} INFO - [2026-09-05T03:25:39.317+0000] {dag.py:3089} INFO - Sync 1 DAGs
[2026-09-05T03:25:39.337+0000] {logging_mixin.py:188} INFO - [2026-09-05T03:25:39.337+0000] {dag.py:3947} INFO - Setting next_dagrun for steam_analytics_daily to 2026-09-05 02:00:00+00:00, run_after=2026-09-06 02:00:00+00:00
[2026-09-05T03:25:39.354+0000] {processor.py:183} INFO - Processing /opt/airflow/dags/steam_analytics.py took 0.282 seconds
[2026-09-05T03:26:09.477+0000] {processor.py:161} INFO - Started process (PID=218) to work on /opt/airflow/dags/steam_analytics.py
[2026-09-05T03:26:09.478+0000] {processor.py:830} INFO - Processing file /opt/airflow/dags/steam_analytics.py for tasks to queue
[2026-09-05T03:26:09.479+0000] {logging_mixin.py:188} INFO - [2026-09-05T03:26:09.479+0000] {dagbag.py:545} INFO - Filling up the DagBag from /opt/airflow/dags/steam_analytics.py
[2026-09-05T03:26:09.616+0000] {processor.py:840} INFO - DAG(s) 'steam_analytics_daily' retrieved from /opt/airflow/dags/steam_analytics.py
[2026-09-05T03:26:09.643+0000] {logging_mixin.py:188} INFO - [2026-09-05T03:26:09.643+0000] {dag.py:3089} INFO - Sync 1 DAGs
[2026-09-05T03:26:09.664+0000] {logging_mixin.py:188} INFO - [2026-09-05T03:26:09.663+0000] {dag.py:3947} INFO - Setting next_dagrun for steam_analytics_daily to 2026-09-05 02:00:00+00:00, run_after=2026-09-06 02:00:00+00:00
[2026-09-05T03:26:09.682+0000] {processor.py:183} INFO - Processing /opt/airflow/dags/steam_analytics.py took 0.209 seconds
[2026-09-05T03:26:39.802+0000] {processor.py:161} INFO - Started process (PID=223) to work on /opt/airflow/dags/steam_analytics.py
[2026-09-05T03:26:39.803+0000] {processor.py:830} INFO - Processing file /opt/airflow/dags/steam_analytics.py for tasks to queue
[2026-09-05T03:26:39.804+0000] {logging_mixin.py:188} INFO - [2026-09-05T03:26:39.804+0000] {dagbag.py:545} INFO - Filling up the DagBag from /opt/airflow/dags/steam_analytics.py
[2026-09-05T03:26:39.947+0000] {processor.py:840} INFO - DAG(s) 'steam_analytics_daily' retrieved from /opt/airflow/dags/steam_analytics.py
[2026-09-05T03:26:39.973+0000] {logging_mixin.py:188} INFO - [2026-09-05T03:26:39.973+0000] {dag.py:3089} INFO - Sync 1 DAGs
[2026-09-05T03:26:39.995+0000] {logging_mixin.py:188} INFO - [2026-09-05T03:26:39.995+0000] {dag.py:3947} INFO - Setting next_dagrun for steam_analytics_daily to 2026-09-05 02:00:00+00:00, run_after=2026-09-06 02:00:00+00:00
[2026-09-05T03:26:40.014+0000] {processor.py:183} INFO - Processing /opt/airflow/dags/steam_analytics.py took 0.216 seconds
[2026-09-05T03:27:10.137+0000] {processor.py:161} INFO - Started process (PID=228) to work on /opt/airflow/dags/steam_analytics.py
[2026-09-05T03:27:10.138+0000] {processor.py:830} INFO - Processing file /opt/airflow/dags/steam_analytics.py for tasks to queue
[2026-09-05T03:27:10.139+0000] {logging_mixin.py:188} INFO - [2026-09-05T03:27:10.139+0000] {dagbag.py:545} INFO - Filling up the DagBag from /opt/airflow/dags/steam_analytics.py
[2026-09-05T03:27:10.275+0000] {processor.py:840} INFO - DAG(s) 'steam_analytics_daily' retrieved from /opt/airflow/dags/steam_analytics.py
[2026-09-05T03:27:10.299+0000] {logging_mixin.py:188} INFO - [2026-09-05T03:27:10.298+0000] {dag.py:3089} INFO - Sync 1 DAGs
[2026-09-05T03:27:10.317+0000] {logging_mixin.py:188} INFO - [2026-09-05T03:27:10.317+0000] {dag.py:3947} INFO - Setting next_dagrun for steam_analytics_daily to 2026-09-05 02:00:00+00:00, run_after=2026-09-06 02:00:00+00:00
[2026-09-05T03:27:10.335+0000] {processor.py:183} INFO - Processing /opt/airflow/dags/steam_analytics.py took 0.202 seconds
[2026-09-05T03:27:40.449+0000] {processor.py:161} INFO - Started process (PID=233) to work on /opt/airflow/dags/steam_analytics.py
[2026-09-05T03:27:40.450+0000] {processor.py:830} INFO - Processing file /opt/airflow/dags/steam_analytics.py for tasks to queue
[2026-09-05T03:27:40.451+0000] {logging_mixin.py:188} INFO - [2026-09-05T03:27:40.451+0000] {dagbag.py:545} INFO - Filling up the DagBag from /opt/airflow/dags/steam_analytics.py
[2026-09-05T03:27:40.585+0000] {processor.py:840} INFO - DAG(s) 'steam_analytics_daily' retrieved from /opt/airflow/dags/steam_analytics.py
[2026-09-05T03:27:40.609+0000] {logging_mixin.py:188} INFO - [2026-09-05T03:27:40.609+0000] {dag.py:3089} INFO - Sync 1 DAGs
[2026-09-05T03:27:40.629+0000] {logging_mixin.py:188} INFO - [2026-09-05T03:27:40.629+0000] {dag.py:3947} INFO - Setting next_dagrun for steam_analytics_daily to 2026-09-05 02:00:00+00:00, run_after=2026-09-06 02:00:00+00:00
[2026-09-05T03:27:40.644+0000] {processor.py:183} INFO - Processing /opt/airflow/dags/steam_analytics.py took 0.199 seconds
[2026-09-05T03:28:10.759+0000] {processor.py:161} INFO - Started process (PID=238) to work on /opt/airflow/dags/steam_analytics.py
[2026-09-05T03:28:10.760+0000] {processor.py:830} INFO - Processing file /opt/airflow/dags/steam_analytics.py for tasks to queue
[2026-09-05T03:28:10.761+0000] {logging_mixin.py:188} INFO - [2026-09-05T03:28:10.761+0000] {dagbag.py:545} INFO - Filling up the DagBag from /opt/airflow/dags/steam_analytics.py
[2026-09-05T03:28:10.900+0000] {processor.py:840} INFO - DAG(s) 'steam_analytics_daily' retrieved from /opt/airflow/dags/steam_analytics.py
[2026-09-05T03:28:10.925+0000] {logging_mixin.py:188} INFO - [2026-09-05T03:28:10.925+0000] {dag.py:3089} INFO - Sync 1 DAGs
[2026-09-05T03:28:10.943+0000] {logging_mixin.py:188} INFO - [2026-09-05T03:28:10.943+0000] {dag.py:3947} INFO - Setting next_dagrun for steam_analytics_daily to 2026-09-05 02:00:00+00:00, run_after=2026-09-06 02:00:00+00:00
[2026-09-05T03:28:10.958+0000] {processor.py:183} INFO - Processing /opt/airflow/dags/steam_analytics.py took 0.203 seconds
[2026-09-05T03:28:41.108+0000] {processor.py:161} INFO - Started process (PID=243) to work on /opt/airflow/dags/steam_analytics.py
[2026-09-05T03:28:41.109+0000] {processor.py:830} INFO - Processing file /opt/airflow/dags/steam_analytics.py for tasks to queue
[2026-09-05T03:28:41.110+0000] {logging_mixin.py:188} INFO - [2026-09-05T03:28:41.110+0000] {dagbag.py:545} INFO - Filling up the DagBag from /opt/airflow/dags/steam_analytics.py
[2026-09-05T03:28:41.259+0000] {processor.py:840} INFO - DAG(s) 'steam_analytics_daily' retrieved from /opt/airflow/dags/steam_analytics.py
[2026-09-05T03:28:41.285+0000] {logging_mixin.py:188} INFO - [2026-09-05T03:28:41.285+0000] {dag.py:3089} INFO - Sync 1 DAGs
[2026-09-05T03:28:41.305+0000] {logging_mixin.py:188} INFO - [2026-09-05T03:28:41.305+0000] {dag.py:3947} INFO - Setting next_dagrun for steam_analytics_daily to 2026-09-05 02:00:00+00:00, run_after=2026-09-06 02:00:00+00:00
[2026-09-05T03:28:41.328+0000] {processor.py:183} INFO - Processing /opt/airflow/dags/steam_analytics.py took 0.226 seconds
[2026-09-05T03:29:11.468+0000] {processor.py:161} INFO - Started process (PID=248) to work on /opt/airflow/dags/steam_analytics.py
[2026-09-05T03:29:11.469+0000] {processor.py:830} INFO - Processing file /opt/airflow/dags/steam_analytics.py for tasks to queue
[2026-09-05T03:29:11.470+0000] {logging_mixin.py:188} INFO - [2026-09-05T03:29:11.470+0000] {dagbag.py:545} INFO - Filling up the DagBag from /opt/airflow/dags/steam_analytics.py
[2026-09-05T03:29:11.604+0000] {processor.py:840} INFO - DAG(s) 'steam_analytics_daily' retrieved from /opt/airflow/dags/steam_analytics.py
[2026-09-05T03:29:11.629+0000] {logging_mixin.py:188} INFO - [2026-09-05T03:29:11.629+0000] {dag.py:3089} INFO - Sync 1 DAGs
[2026-09-05T03:29:11.649+0000] {logging_mixin.py:188} INFO - [2026-09-05T03:29:11.649+0000] {dag.py:3947} INFO - Setting next_dagrun for steam_analytics_daily to 2026-09-05 02:00:00+00:00, run_after=2026-09-06 02:00:00+00:00
[2026-09-05T03:29:11.664+0000] {processor.py:183} INFO - Processing /opt/airflow/dags/steam_analytics.py took 0.200 seconds
[2026-09-05T03:29:41.785+0000] {processor.py:161} INFO - Started process (PID=253) to work on /opt/airflow/dags/steam_analytics.py
[2026-09-05T03:29:41.786+0000] {processor.py:830} INFO - Processing file /opt/airflow/dags/steam_analytics.py for tasks to queue
[2026-09-05T03:29:41.787+0000] {logging_mixin.py:188} INFO - [2026-09-05T03:29:41.787+0000] {dagbag.py:545} INFO - Filling up the DagBag from /opt/airflow/dags/steam_analytics.py
[2026-09-05T03:29:41.925+0000] {processor.py:840} INFO - DAG(s) 'steam_analytics_daily' retrieved from /opt/airflow/dags/steam_analytics.py
[2026-09-05T03:29:41.951+0000] {logging_mixin.py:188} INFO - [2026-09-05T03:29:41.951+0000] {dag.py:3089} INFO - Sync 1 DAGs
[2026-09-05T03:29:41.969+0000] {logging_mixin.py:188} INFO - [2026-09-05T03:29:41.969+0000] {dag.py:3947} INFO - Setting next_dagrun for steam_analytics_daily to 2026-09-05 02:00:00+00:00, run_after=2026-09-06 02:00:00+00:00
[2026-09-05T03:29:41.985+0000] {processor.py:183} INFO - Processing /opt/airflow/dags/steam_analytics.py took 0.204 seconds
[2026-09-05T03:30:12.099+0000] {processor.py:161} INFO - Started process (PID=258) to work on /opt/airflow/dags/steam_analytics.py
[2026-09-05T03:30:12.100+0000] {processor.py:830} INFO - Processing file /opt/airflow/dags/steam_analytics.py for tasks to queue
[2026-09-05T03:30:12.101+0000] {logging_mixin.py:188} INFO - [2026-09-05T03:30:12.101+0000] {dagbag.py:545} INFO - Filling up the DagBag from /opt/airflow/dags/steam_analytics.py
[2026-09-05T03:30:12.238+0000] {processor.py:840} INFO - DAG(s) 'steam_analytics_daily' retrieved from /opt/airflow/dags/steam_analytics.py
[2026-09-05T03:30:12.262+0000] {logging_mixin.py:188} INFO - [2026-09-05T03:30:12.262+0000] {dag.py:3089} INFO - Sync 1 DAGs
[2026-09-05T03:30:12.281+0000] {logging_mixin.py:188} INFO - [2026-09-05T03:30:12.281+0000] {dag.py:3947} INFO - Setting next_dagrun for steam_analytics_daily to 2026-09-05 02:00:00+00:00, run_after=2026-09-06 02:00:00+00:00
[2026-09-05T03:30:12.296+0000] {processor.py:183} INFO - Processing /opt/airflow/dags/steam_analytics.py took 0.201 seconds
[2026-09-05T03:30:42.414+0000] {processor.py:161} INFO - Started process (PID=263) to work on /opt/airflow/dags/steam_analytics.py
[2026-09-05T03:30:42.414+0000] {processor.py:830} INFO - Processing file /opt/airflow/dags/steam_analytics.py for tasks to queue
[2026-09-05T03:30:42.416+0000] {logging_mixin.py:188} INFO - [2026-09-05T03:30:42.415+0000] {dagbag.py:545} INFO - Filling up the DagBag from /opt/airflow/dags/steam_analytics.py
[2026-09-05T03:30:42.551+0000] {processor.py:840} INFO - DAG(s) 'steam_analytics_daily' retrieved from /opt/airflow/dags/steam_analytics.py
[2026-09-05T03:30:42.575+0000] {logging_mixin.py:188} INFO - [2026-09-05T03:30:42.574+0000] {dag.py:3089} INFO - Sync 1 DAGs
[2026-09-05T03:30:42.593+0000] {logging_mixin.py:188} INFO - [2026-09-05T03:30:42.593+0000] {dag.py:3947} INFO - Setting next_dagrun for steam_analytics_daily to 2026-09-05 02:00:00+00:00, run_after=2026-09-06 02:00:00+00:00
[2026-09-05T03:30:42.609+0000] {processor.py:183} INFO - Processing /opt/airflow/dags/steam_analytics.py took 0.200 seconds
[2026-09-05T03:31:12.727+0000] {processor.py:161} INFO - Started process (PID=268) to work on /opt/airflow/dags/steam_analytics.py
[2026-09-05T03:31:12.728+0000] {processor.py:830} INFO - Processing file /opt/airflow/dags/steam_analytics.py for tasks to queue
[2026-09-05T03:31:12.729+0000] {logging_mixin.py:188} INFO - [2026-09-05T03:31:12.729+0000] {dagbag.py:545} INFO - Filling up the DagBag from /opt/airflow/dags/steam_analytics.py
[2026-09-05T03:31:12.863+0000] {processor.py:840} INFO - DAG(s) 'steam_analytics_daily' retrieved from /opt/airflow/dags/steam_analytics.py
[2026-09-05T03:31:12.888+0000] {logging_mixin.py:188} INFO - [2026-09-05T03:31:12.888+0000] {dag.py:3089} INFO - Sync 1 DAGs
[2026-09-05T03:31:12.908+0000] {logging_mixin.py:188} INFO - [2026-09-05T03:31:12.908+0000] {dag.py:3947} INFO - Setting next_dagrun for steam_analytics_daily to 2026-09-05 02:00:00+00:00, run_after=2026-09-06 02:00:00+00:00
[2026-09-05T03:31:12.923+0000] {processor.py:183} INFO - Processing /opt/airflow/dags/steam_analytics.py took 0.200 seconds
[2026-09-05T03:31:43.039+0000] {processor.py:161} INFO - Started process (PID=273) to work on /opt/airflow/dags/steam_analytics.py
[2026-09-05T03:31:43.040+0000] {processor.py:830} INFO - Processing file /opt/airflow/dags/steam_analytics.py for tasks to queue
[2026-09-05T03:31:43.041+0000] {logging_mixin.py:188} INFO - [2026-09-05T03:31:43.041+0000] {dagbag.py:545} INFO - Filling up the DagBag from /opt/airflow/dags/steam_analytics.py
[2026-09-05T03:31:43.179+0000] {processor.py:840} INFO - DAG(s) 'steam_analytics_daily' retrieved from /opt/airflow/dags/steam_analytics.py
[2026-09-05T03:31:43.205+0000] {logging_mixin.py:188} INFO - [2026-09-05T03:31:43.205+0000] {dag.py:3089} INFO - Sync 1 DAGs
[2026-09-05T03:31:43.224+0000] {logging_mixin.py:188} INFO - [2026-09-05T03:31:43.224+0000] {dag.py:3947} INFO - Setting next_dagrun for steam_analytics_daily to 2026-09-05 02:00:00+00:00, run_after=2026-09-06 02:00:00+00:00
[2026-09-05T03:31:43.239+0000] {processor.py:183} INFO - Processing /opt/airflow/dags/steam_analytics.py took 0.204 seconds
[2026-09-05T03:32:13.356+0000] {processor.py:161} INFO - Started process (PID=278) to work on /opt/airflow/dags/steam_analytics.py
[2026-09-05T03:32:13.356+0000] {processor.py:830} INFO - Processing file /opt/airflow/dags/steam_analytics.py for tasks to queue
[2026-09-05T03:32:13.358+0000] {logging_mixin.py:188} INFO - [2026-09-05T03:32:13.357+0000] {dagbag.py:545} INFO - Filling up the DagBag from /opt/airflow/dags/steam_analytics.py
[2026-09-05T03:32:13.492+0000] {processor.py:840} INFO - DAG(s) 'steam_analytics_daily' retrieved from /opt/airflow/dags/steam_analytics.py
[2026-09-05T03:32:13.518+0000] {logging_mixin.py:188} INFO - [2026-09-05T03:32:13.517+0000] {dag.py:3089} INFO - Sync 1 DAGs
[2026-09-05T03:32:13.538+0000] {logging_mixin.py:188} INFO - [2026-09-05T03:32:13.538+0000] {dag.py:3947} INFO - Setting next_dagrun for steam_analytics_daily to 2026-09-05 02:00:00+00:00, run_after=2026-09-06 02:00:00+00:00
[2026-09-05T03:32:13.554+0000] {processor.py:183} INFO - Processing /opt/airflow/dags/steam_analytics.py took 0.203 seconds
[2026-09-05T03:32:43.672+0000] {processor.py:161} INFO - Started process (PID=283) to work on /opt/airflow/dags/steam_analytics.py
[2026-09-05T03:32:43.673+0000] {processor.py:830} INFO - Processing file /opt/airflow/dags/steam_analytics.py for tasks to queue
[2026-09-05T03:32:43.674+0000] {logging_mixin.py:188} INFO - [2026-09-05T03:32:43.674+0000] {dagbag.py:545} INFO - Filling up the DagBag from /opt/airflow/dags/steam_analytics.py
[2026-09-05T03:32:43.810+0000] {processor.py:840} INFO - DAG(s) 'steam_analytics_daily' retrieved from /opt/airflow/dags/steam_analytics.py
[2026-09-05T03:32:43.837+0000] {logging_mixin.py:188} INFO - [2026-09-05T03:32:43.837+0000] {dag.py:3089} INFO - Sync 1 DAGs
[2026-09-05T03:32:43.860+0000] {logging_mixin.py:188} INFO - [2026-09-05T03:32:43.859+0000] {dag.py:3947} INFO - Setting next_dagrun for steam_analytics_daily to 2026-09-05 02:00:00+00:00, run_after=2026-09-06 02:00:00+00:00
[2026-09-05T03:32:43.878+0000] {processor.py:183} INFO - Processing /opt/airflow/dags/steam_analytics.py took 0.210 seconds
[2026-09-05T03:33:13.993+0000] {processor.py:161} INFO - Started process (PID=288) to work on /opt/airflow/dags/steam_analytics.py
[2026-09-05T03:33:13.994+0000] {processor.py:830} INFO - Processing file /opt/airflow/dags/steam_analytics.py for tasks to queue
[2026-09-05T03:33:13.995+0000] {logging_mixin.py:188} INFO - [2026-09-05T03:33:13.995+0000] {dagbag.py:545} INFO - Filling up the DagBag from /opt/airflow/dags/steam_analytics.py
[2026-09-05T03:33:14.129+0000] {processor.py:840} INFO - DAG(s) 'steam_analytics_daily' retrieved from /opt/airflow/dags/steam_analytics.py
[2026-09-05T03:33:14.155+0000] {logging_mixin.py:188} INFO - [2026-09-05T03:33:14.155+0000] {dag.py:3089} INFO - Sync 1 DAGs
[2026-09-05T03:33:14.173+0000] {logging_mixin.py:188} INFO - [2026-09-05T03:33:14.173+0000] {dag.py:3947} INFO - Setting next_dagrun for steam_analytics_daily to 2026-09-05 02:00:00+00:00, run_after=2026-09-06 02:00:00+00:00
[2026-09-05T03:33:14.190+0000] {processor.py:183} INFO - Processing /opt/airflow/dags/steam_analytics.py took 0.201 seconds
[2026-09-05T03:33:44.308+0000] {processor.py:161} INFO - Started process (PID=293) to work on /opt/airflow/dags/steam_analytics.py
[2026-09-05T03:33:44.308+0000] {processor.py:830} INFO - Processing file /opt/airflow/dags/steam_analytics.py for tasks to queue
[2026-09-05T03:33:44.310+0000] {logging_mixin.py:188} INFO - [2026-09-05T03:33:44.310+0000] {dagbag.py:545} INFO - Filling up the DagBag from /opt/airflow/dags/steam_analytics.py
[2026-09-05T03:33:44.444+0000] {processor.py:840} INFO - DAG(s) 'steam_analytics_daily' retrieved from /opt/airflow/dags/steam_analytics.py
[2026-09-05T03:33:44.469+0000] {logging_mixin.py:188} INFO - [2026-09-05T03:33:44.469+0000] {dag.py:3089} INFO - Sync 1 DAGs
[2026-09-05T03:33:44.489+0000] {logging_mixin.py:188} INFO - [2026-09-05T03:33:44.489+0000] {dag.py:3947} INFO - Setting next_dagrun for steam_analytics_daily to 2026-09-05 02:00:00+00:00, run_after=2026-09-06 02:00:00+00:00
[2026-09-05T03:33:44.505+0000] {processor.py:183} INFO - Processing /opt/airflow/dags/steam_analytics.py took 0.202 seconds
[2026-09-05T03:34:14.628+0000] {processor.py:161} INFO - Started process (PID=298) to work on /opt/airflow/dags/steam_analytics.py
[2026-09-05T03:34:14.629+0000] {processor.py:830} INFO - Processing file /opt/airflow/dags/steam_analytics.py for tasks to queue
[2026-09-05T03:34:14.630+0000] {logging_mixin.py:188} INFO - [2026-09-05T03:34:14.630+0000] {dagbag.py:545} INFO - Filling up the DagBag from /opt/airflow/dags/steam_analytics.py
[2026-09-05T03:34:14.768+0000] {processor.py:840} INFO - DAG(s) 'steam_analytics_daily' retrieved from /opt/airflow/dags/steam_analytics.py
[2026-09-05T03:34:14.794+0000] {logging_mixin.py:188} INFO - [2026-09-05T03:34:14.794+0000] {dag.py:3089} INFO - Sync 1 DAGs
[2026-09-05T03:34:14.814+0000] {logging_mixin.py:188} INFO - [2026-09-05T03:34:14.814+0000] {dag.py:3947} INFO - Setting next_dagrun for steam_analytics_daily to 2026-09-05 02:00:00+00:00, run_after=2026-09-06 02:00:00+00:00
[2026-09-05T03:34:14.831+0000] {processor.py:183} INFO - Processing /opt/airflow/dags/steam_analytics.py took 0.208 seconds
[2026-09-05T03:34:44.953+0000] {processor.py:161} INFO - Started process (PID=303) to work on /opt/airflow/dags/steam_analytics.py
[2026-09-05T03:34:44.954+0000] {processor.py:830} INFO - Processing file /opt/airflow/dags/steam_analytics.py for tasks to queue
[2026-09-05T03:34:44.955+0000] {logging_mixin.py:188} INFO - [2026-09-05T03:34:44.955+0000] {dagbag.py:545} INFO - Filling up the DagBag from /opt/airflow/dags/steam_analytics.py
[2026-09-05T03:34:45.093+0000] {processor.py:840} INFO - DAG(s) 'steam_analytics_daily' retrieved from /opt/airflow/dags/steam_analytics.py
[2026-09-05T03:34:45.117+0000] {logging_mixin.py:188} INFO - [2026-09-05T03:34:45.116+0000] {dag.py:3089} INFO - Sync 1 DAGs
[2026-09-05T03:34:45.135+0000] {logging_mixin.py:188} INFO - [2026-09-05T03:34:45.135+0000] {dag.py:3947} INFO - Setting next_dagrun for steam_analytics_daily to 2026-09-05 02:00:00+00:00, run_after=2026-09-06 02:00:00+00:00
[2026-09-05T03:34:45.153+0000] {processor.py:183} INFO - Processing /opt/airflow/dags/steam_analytics.py took 0.204 seconds
[2026-09-05T03:35:15.276+0000] {processor.py:161} INFO - Started process (PID=308) to work on /opt/airflow/dags/steam_analytics.py
[2026-09-05T03:35:15.277+0000] {processor.py:830} INFO - Processing file /opt/airflow/dags/steam_analytics.py for tasks to queue
[2026-09-05T03:35:15.279+0000] {logging_mixin.py:188} INFO - [2026-09-05T03:35:15.279+0000] {dagbag.py:545} INFO - Filling up the DagBag from /opt/airflow/dags/steam_analytics.py
[2026-09-05T03:35:15.426+0000] {processor.py:840} INFO - DAG(s) 'steam_analytics_daily' retrieved from /opt/airflow/dags/steam_analytics.py
[2026-09-05T03:35:15.454+0000] {logging_mixin.py:188} INFO - [2026-09-05T03:35:15.454+0000] {dag.py:3089} INFO - Sync 1 DAGs
[2026-09-05T03:35:15.475+0000] {logging_mixin.py:188} INFO - [2026-09-05T03:35:15.475+0000] {dag.py:3947} INFO - Setting next_dagrun for steam_analytics_daily to 2026-09-05 02:00:00+00:00, run_after=2026-09-06 02:00:00+00:00
[2026-09-05T03:35:15.492+0000] {processor.py:183} INFO - Processing /opt/airflow/dags/steam_analytics.py took 0.222 seconds
[2026-09-05T03:35:45.615+0000] {processor.py:161} INFO - Started process (PID=313) to work on /opt/airflow/dags/steam_analytics.py
[2026-09-05T03:35:45.615+0000] {processor.py:830} INFO - Processing file /opt/airflow/dags/steam_analytics.py for tasks to queue
[2026-09-05T03:35:45.617+0000] {logging_mixin.py:188} INFO - [2026-09-05T03:35:45.616+0000] {dagbag.py:545} INFO - Filling up the DagBag from /opt/airflow/dags/steam_analytics.py
[2026-09-05T03:35:45.745+0000] {processor.py:840} INFO - DAG(s) 'steam_analytics_daily' retrieved from /opt/airflow/dags/steam_analytics.py
[2026-09-05T03:35:45.770+0000] {logging_mixin.py:188} INFO - [2026-09-05T03:35:45.770+0000] {dag.py:3089} INFO - Sync 1 DAGs
[2026-09-05T03:35:45.791+0000] {logging_mixin.py:188} INFO - [2026-09-05T03:35:45.791+0000] {dag.py:3947} INFO - Setting next_dagrun for steam_analytics_daily to 2026-09-05 02:00:00+00:00, run_after=2026-09-06 02:00:00+00:00
[2026-09-05T03:35:45.806+0000] {processor.py:183} INFO - Processing /opt/airflow/dags/steam_analytics.py took 0.196 seconds
[2026-09-05T03:36:15.928+0000] {processor.py:161} INFO - Started process (PID=318) to work on /opt/airflow/dags/steam_analytics.py
[2026-09-05T03:36:15.929+0000] {processor.py:830} INFO - Processing file /opt/airflow/dags/steam_analytics.py for tasks to queue
[2026-09-05T03:36:15.930+0000] {logging_mixin.py:188} INFO - [2026-09-05T03:36:15.930+0000] {dagbag.py:545} INFO - Filling up the DagBag from /opt/airflow/dags/steam_analytics.py
[2026-09-05T03:36:16.073+0000] {processor.py:840} INFO - DAG(s) 'steam_analytics_daily' retrieved from /opt/airflow/dags/steam_analytics.py
[2026-09-05T03:36:16.098+0000] {logging_mixin.py:188} INFO - [2026-09-05T03:36:16.097+0000] {dag.py:3089} INFO - Sync 1 DAGs
[2026-09-05T03:36:16.116+0000] {logging_mixin.py:188} INFO - [2026-09-05T03:36:16.116+0000] {dag.py:3947} INFO - Setting next_dagrun for steam_analytics_daily to 2026-09-05 02:00:00+00:00, run_after=2026-09-06 02:00:00+00:00
[2026-09-05T03:36:16.131+0000] {processor.py:183} INFO - Processing /opt/airflow/dags/steam_analytics.py took 0.208 seconds
[2026-09-05T03:36:46.252+0000] {processor.py:161} INFO - Started process (PID=323) to work on /opt/airflow/dags/steam_analytics.py
[2026-09-05T03:36:46.252+0000] {processor.py:830} INFO - Processing file /opt/airflow/dags/steam_analytics.py for tasks to queue
[2026-09-05T03:36:46.254+0000] {logging_mixin.py:188} INFO - [2026-09-05T03:36:46.254+0000] {dagbag.py:545} INFO - Filling up the DagBag from /opt/airflow/dags/steam_analytics.py
[2026-09-05T03:36:46.384+0000] {processor.py:840} INFO - DAG(s) 'steam_analytics_daily' retrieved from /opt/airflow/dags/steam_analytics.py
[2026-09-05T03:36:46.411+0000] {logging_mixin.py:188} INFO - [2026-09-05T03:36:46.410+0000] {dag.py:3089} INFO - Sync 1 DAGs
[2026-09-05T03:36:46.429+0000] {logging_mixin.py:188} INFO - [2026-09-05T03:36:46.429+0000] {dag.py:3947} INFO - Setting next_dagrun for steam_analytics_daily to 2026-09-05 02:00:00+00:00, run_after=2026-09-06 02:00:00+00:00
[2026-09-05T03:36:46.444+0000] {processor.py:183} INFO - Processing /opt/airflow/dags/steam_analytics.py took 0.196 seconds
[2026-09-05T03:37:16.563+0000] {processor.py:161} INFO - Started process (PID=328) to work on /opt/airflow/dags/steam_analytics.py
[2026-09-05T03:37:16.564+0000] {processor.py:830} INFO - Processing file /opt/airflow/dags/steam_analytics.py for tasks to queue
[2026-09-05T03:37:16.565+0000] {logging_mixin.py:188} INFO - [2026-09-05T03:37:16.565+0000] {dagbag.py:545} INFO - Filling up the DagBag from /opt/airflow/dags/steam_analytics.py
[2026-09-05T03:37:16.696+0000] {processor.py:840} INFO - DAG(s) 'steam_analytics_daily' retrieved from /opt/airflow/dags/steam_analytics.py
[2026-09-05T03:37:16.720+0000] {logging_mixin.py:188} INFO - [2026-09-05T03:37:16.720+0000] {dag.py:3089} INFO - Sync 1 DAGs
[2026-09-05T03:37:16.738+0000] {logging_mixin.py:188} INFO - [2026-09-05T03:37:16.737+0000] {dag.py:3947} INFO - Setting next_dagrun for steam_analytics_daily to 2026-09-05 02:00:00+00:00, run_after=2026-09-06 02:00:00+00:00
[2026-09-05T03:37:16.753+0000] {processor.py:183} INFO - Processing /opt/airflow/dags/steam_analytics.py took 0.195 seconds
[2026-09-05T03:37:46.874+0000] {processor.py:161} INFO - Started process (PID=333) to work on /opt/airflow/dags/steam_analytics.py
[2026-09-05T03:37:46.875+0000] {processor.py:830} INFO - Processing file /opt/airflow/dags/steam_analytics.py for tasks to queue
[2026-09-05T03:37:46.877+0000] {logging_mixin.py:188} INFO - [2026-09-05T03:37:46.876+0000] {dagbag.py:545} INFO - Filling up the DagBag from /opt/airflow/dags/steam_analytics.py
[2026-09-05T03:37:47.014+0000] {processor.py:840} INFO - DAG(s) 'steam_analytics_daily' retrieved from /opt/airflow/dags/steam_analytics.py
[2026-09-05T03:37:47.038+0000] {logging_mixin.py:188} INFO - [2026-09-05T03:37:47.038+0000] {dag.py:3089} INFO - Sync 1 DAGs
[2026-09-05T03:37:47.058+0000] {logging_mixin.py:188} INFO - [2026-09-05T03:37:47.057+0000] {dag.py:3947} INFO - Setting next_dagrun for steam_analytics_daily to 2026-09-05 02:00:00+00:00, run_after=2026-09-06 02:00:00+00:00
[2026-09-05T03:37:47.072+0000] {processor.py:183} INFO - Processing /opt/airflow/dags/steam_analytics.py took 0.202 seconds
[2026-09-05T03:38:17.190+0000] {processor.py:161} INFO - Started process (PID=338) to work on /opt/airflow/dags/steam_analytics.py
[2026-09-05T03:38:17.191+0000] {processor.py:830} INFO - Processing file /opt/airflow/dags/steam_analytics.py for tasks to queue
[2026-09-05T03:38:17.192+0000] {logging_mixin.py:188} INFO - [2026-09-05T03:38:17.192+0000] {dagbag.py:545} INFO - Filling up the DagBag from /opt/airflow/dags/steam_analytics.py
[2026-09-05T03:38:17.334+0000] {processor.py:840} INFO - DAG(s) 'steam_analytics_daily' retrieved from /opt/airflow/dags/steam_analytics.py
[2026-09-05T03:38:17.360+0000] {logging_mixin.py:188} INFO - [2026-09-05T03:38:17.360+0000] {dag.py:3089} INFO - Sync 1 DAGs
[2026-09-05T03:38:17.380+0000] {logging_mixin.py:188} INFO - [2026-09-05T03:38:17.380+0000] {dag.py:3947} INFO - Setting next_dagrun for steam_analytics_daily to 2026-09-05 02:00:00+00:00, run_after=2026-09-06 02:00:00+00:00
[2026-09-05T03:38:17.402+0000] {processor.py:183} INFO - Processing /opt/airflow/dags/steam_analytics.py took 0.216 seconds
[2026-09-05T03:38:47.521+0000] {processor.py:161} INFO - Started process (PID=343) to work on /opt/airflow/dags/steam_analytics.py
[2026-09-05T03:38:47.522+0000] {processor.py:830} INFO - Processing file /opt/airflow/dags/steam_analytics.py for tasks to queue
[2026-09-05T03:38:47.523+0000] {logging_mixin.py:188} INFO - [2026-09-05T03:38:47.523+0000] {dagbag.py:545} INFO - Filling up the DagBag from /opt/airflow/dags/steam_analytics.py
[2026-09-05T03:38:47.652+0000] {processor.py:840} INFO - DAG(s) 'steam_analytics_daily' retrieved from /opt/airflow/dags/steam_analytics.py
[2026-09-05T03:38:47.677+0000] {logging_mixin.py:188} INFO - [2026-09-05T03:38:47.677+0000] {dag.py:3089} INFO - Sync 1 DAGs
[2026-09-05T03:38:47.696+0000] {logging_mixin.py:188} INFO - [2026-09-05T03:38:47.696+0000] {dag.py:3947} INFO - Setting next_dagrun for steam_analytics_daily to 2026-09-05 02:00:00+00:00, run_after=2026-09-06 02:00:00+00:00
[2026-09-05T03:38:47.716+0000] {processor.py:183} INFO - Processing /opt/airflow/dags/steam_analytics.py took 0.200 seconds
[2026-09-05T03:39:17.838+0000] {processor.py:161} INFO - Started process (PID=348) to work on /opt/airflow/dags/steam_analytics.py
[2026-09-05T03:39:17.838+0000] {processor.py:830} INFO - Processing file /opt/airflow/dags/steam_analytics.py for tasks to queue
[2026-09-05T03:39:17.840+0000] {logging_mixin.py:188} INFO - [2026-09-05T03:39:17.839+0000] {dagbag.py:545} INFO - Filling up the DagBag from /opt/airflow/dags/steam_analytics.py
[2026-09-05T03:39:17.974+0000] {processor.py:840} INFO - DAG(s) 'steam_analytics_daily' retrieved from /opt/airflow/dags/steam_analytics.py
[2026-09-05T03:39:18.000+0000] {logging_mixin.py:188} INFO - [2026-09-05T03:39:17.999+0000] {dag.py:3089} INFO - Sync 1 DAGs
[2026-09-05T03:39:18.019+0000] {logging_mixin.py:188} INFO - [2026-09-05T03:39:18.019+0000] {dag.py:3947} INFO - Setting next_dagrun for steam_analytics_daily to 2026-09-05 02:00:00+00:00, run_after=2026-09-06 02:00:00+00:00
[2026-09-05T03:39:18.034+0000] {processor.py:183} INFO - Processing /opt/airflow/dags/steam_analytics.py took 0.200 seconds
[2026-09-05T03:39:48.159+0000] {processor.py:161} INFO - Started process (PID=353) to work on /opt/airflow/dags/steam_analytics.py
[2026-09-05T03:39:48.159+0000] {processor.py:830} INFO - Processing file /opt/airflow/dags/steam_analytics.py for tasks to queue
[2026-09-05T03:39:48.161+0000] {logging_mixin.py:188} INFO - [2026-09-05T03:39:48.161+0000] {dagbag.py:545} INFO - Filling up the DagBag from /opt/airflow/dags/steam_analytics.py
[2026-09-05T03:39:48.296+0000] {processor.py:840} INFO - DAG(s) 'steam_analytics_daily' retrieved from /opt/airflow/dags/steam_analytics.py
[2026-09-05T03:39:48.321+0000] {logging_mixin.py:188} INFO - [2026-09-05T03:39:48.320+0000] {dag.py:3089} INFO - Sync 1 DAGs
[2026-09-05T03:39:48.339+0000] {logging_mixin.py:188} INFO - [2026-09-05T03:39:48.339+0000] {dag.py:3947} INFO - Setting next_dagrun for steam_analytics_daily to 2026-09-05 02:00:00+00:00, run_after=2026-09-06 02:00:00+00:00
[2026-09-05T03:39:48.355+0000] {processor.py:183} INFO - Processing /opt/airflow/dags/steam_analytics.py took 0.200 seconds
[2026-09-05T03:40:18.474+0000] {processor.py:161} INFO - Started process (PID=358) to work on /opt/airflow/dags/steam_analytics.py
[2026-09-05T03:40:18.474+0000] {processor.py:830} INFO - Processing file /opt/airflow/dags/steam_analytics.py for tasks to queue
[2026-09-05T03:40:18.476+0000] {logging_mixin.py:188} INFO - [2026-09-05T03:40:18.476+0000] {dagbag.py:545} INFO - Filling up the DagBag from /opt/airflow/dags/steam_analytics.py
[2026-09-05T03:40:18.612+0000] {processor.py:840} INFO - DAG(s) 'steam_analytics_daily' retrieved from /opt/airflow/dags/steam_analytics.py
[2026-09-05T03:40:18.637+0000] {logging_mixin.py:188} INFO - [2026-09-05T03:40:18.637+0000] {dag.py:3089} INFO - Sync 1 DAGs
[2026-09-05T03:40:18.656+0000] {logging_mixin.py:188} INFO - [2026-09-05T03:40:18.656+0000] {dag.py:3947} INFO - Setting next_dagrun for steam_analytics_daily to 2026-09-05 02:00:00+00:00, run_after=2026-09-06 02:00:00+00:00
[2026-09-05T03:40:18.672+0000] {processor.py:183} INFO - Processing /opt/airflow/dags/steam_analytics.py took 0.203 seconds
[2026-09-05T03:40:48.792+0000] {processor.py:161} INFO - Started process (PID=363) to work on /opt/airflow/dags/steam_analytics.py
[2026-09-05T03:40:48.793+0000] {processor.py:830} INFO - Processing file /opt/airflow/dags/steam_analytics.py for tasks to queue
[2026-09-05T03:40:48.795+0000] {logging_mixin.py:188} INFO - [2026-09-05T03:40:48.794+0000] {dagbag.py:545} INFO - Filling up the DagBag from /opt/airflow/dags/steam_analytics.py
[2026-09-05T03:40:48.935+0000] {processor.py:840} INFO - DAG(s) 'steam_analytics_daily' retrieved from /opt/airflow/dags/steam_analytics.py
[2026-09-05T03:40:48.960+0000] {logging_mixin.py:188} INFO - [2026-09-05T03:40:48.960+0000] {dag.py:3089} INFO - Sync 1 DAGs
[2026-09-05T03:40:48.979+0000] {logging_mixin.py:188} INFO - [2026-09-05T03:40:48.979+0000] {dag.py:3947} INFO - Setting next_dagrun for steam_analytics_daily to 2026-09-05 02:00:00+00:00, run_after=2026-09-06 02:00:00+00:00
[2026-09-05T03:40:48.995+0000] {processor.py:183} INFO - Processing /opt/airflow/dags/steam_analytics.py took 0.208 seconds
[2026-09-05T03:41:19.118+0000] {processor.py:161} INFO - Started process (PID=368) to work on /opt/airflow/dags/steam_analytics.py
[2026-09-05T03:41:19.118+0000] {processor.py:830} INFO - Processing file /opt/airflow/dags/steam_analytics.py for tasks to queue
[2026-09-05T03:41:19.120+0000] {logging_mixin.py:188} INFO - [2026-09-05T03:41:19.120+0000] {dagbag.py:545} INFO - Filling up the DagBag from /opt/airflow/dags/steam_analytics.py
[2026-09-05T03:41:19.252+0000] {processor.py:840} INFO - DAG(s) 'steam_analytics_daily' retrieved from /opt/airflow/dags/steam_analytics.py
[2026-09-05T03:41:19.277+0000] {logging_mixin.py:188} INFO - [2026-09-05T03:41:19.276+0000] {dag.py:3089} INFO - Sync 1 DAGs
[2026-09-05T03:41:19.295+0000] {logging_mixin.py:188} INFO - [2026-09-05T03:41:19.295+0000] {dag.py:3947} INFO - Setting next_dagrun for steam_analytics_daily to 2026-09-05 02:00:00+00:00, run_after=2026-09-06 02:00:00+00:00
[2026-09-05T03:41:19.310+0000] {processor.py:183} INFO - Processing /opt/airflow/dags/steam_analytics.py took 0.197 seconds
[2026-09-05T03:41:49.430+0000] {processor.py:161} INFO - Started process (PID=373) to work on /opt/airflow/dags/steam_analytics.py
[2026-09-05T03:41:49.430+0000] {processor.py:830} INFO - Processing file /opt/airflow/dags/steam_analytics.py for tasks to queue
[2026-09-05T03:41:49.432+0000] {logging_mixin.py:188} INFO - [2026-09-05T03:41:49.431+0000] {dagbag.py:545} INFO - Filling up the DagBag from /opt/airflow/dags/steam_analytics.py
[2026-09-05T03:41:49.566+0000] {processor.py:840} INFO - DAG(s) 'steam_analytics_daily' retrieved from /opt/airflow/dags/steam_analytics.py
[2026-09-05T03:41:49.591+0000] {logging_mixin.py:188} INFO - [2026-09-05T03:41:49.591+0000] {dag.py:3089} INFO - Sync 1 DAGs
[2026-09-05T03:41:49.610+0000] {logging_mixin.py:188} INFO - [2026-09-05T03:41:49.610+0000] {dag.py:3947} INFO - Setting next_dagrun for steam_analytics_daily to 2026-09-05 02:00:00+00:00, run_after=2026-09-06 02:00:00+00:00
[2026-09-05T03:41:49.626+0000] {processor.py:183} INFO - Processing /opt/airflow/dags/steam_analytics.py took 0.200 seconds
[2026-09-05T03:42:19.743+0000] {processor.py:161} INFO - Started process (PID=378) to work on /opt/airflow/dags/steam_analytics.py
[2026-09-05T03:42:19.744+0000] {processor.py:830} INFO - Processing file /opt/airflow/dags/steam_analytics.py for tasks to queue
[2026-09-05T03:42:19.745+0000] {logging_mixin.py:188} INFO - [2026-09-05T03:42:19.745+0000] {dagbag.py:545} INFO - Filling up the DagBag from /opt/airflow/dags/steam_analytics.py
[2026-09-05T03:42:19.879+0000] {processor.py:840} INFO - DAG(s) 'steam_analytics_daily' retrieved from /opt/airflow/dags/steam_analytics.py
[2026-09-05T03:42:19.904+0000] {logging_mixin.py:188} INFO - [2026-09-05T03:42:19.903+0000] {dag.py:3089} INFO - Sync 1 DAGs
[2026-09-05T03:42:19.923+0000] {logging_mixin.py:188} INFO - [2026-09-05T03:42:19.923+0000] {dag.py:3947} INFO - Setting next_dagrun for steam_analytics_daily to 2026-09-05 02:00:00+00:00, run_after=2026-09-06 02:00:00+00:00
[2026-09-05T03:42:19.938+0000] {processor.py:183} INFO - Processing /opt/airflow/dags/steam_analytics.py took 0.199 seconds
[2026-09-05T03:42:50.064+0000] {processor.py:161} INFO - Started process (PID=383) to work on /opt/airflow/dags/steam_analytics.py
[2026-09-05T03:42:50.066+0000] {processor.py:830} INFO - Processing file /opt/airflow/dags/steam_analytics.py for tasks to queue
[2026-09-05T03:42:50.068+0000] {logging_mixin.py:188} INFO - [2026-09-05T03:42:50.067+0000] {dagbag.py:545} INFO - Filling up the DagBag from /opt/airflow/dags/steam_analytics.py
[2026-09-05T03:42:50.224+0000] {processor.py:840} INFO - DAG(s) 'steam_analytics_daily' retrieved from /opt/airflow/dags/steam_analytics.py
[2026-09-05T03:42:50.250+0000] {logging_mixin.py:188} INFO - [2026-09-05T03:42:50.250+0000] {dag.py:3089} INFO - Sync 1 DAGs
[2026-09-05T03:42:50.268+0000] {logging_mixin.py:188} INFO - [2026-09-05T03:42:50.268+0000] {dag.py:3947} INFO - Setting next_dagrun for steam_analytics_daily to 2026-09-05 02:00:00+00:00, run_after=2026-09-06 02:00:00+00:00
[2026-09-05T03:42:50.283+0000] {processor.py:183} INFO - Processing /opt/airflow/dags/steam_analytics.py took 0.225 seconds
[2026-09-05T03:43:20.405+0000] {processor.py:161} INFO - Started process (PID=388) to work on /opt/airflow/dags/steam_analytics.py
[2026-09-05T03:43:20.406+0000] {processor.py:830} INFO - Processing file /opt/airflow/dags/steam_analytics.py for tasks to queue
[2026-09-05T03:43:20.407+0000] {logging_mixin.py:188} INFO - [2026-09-05T03:43:20.407+0000] {dagbag.py:545} INFO - Filling up the DagBag from /opt/airflow/dags/steam_analytics.py
[2026-09-05T03:43:20.554+0000] {processor.py:840} INFO - DAG(s) 'steam_analytics_daily' retrieved from /opt/airflow/dags/steam_analytics.py
[2026-09-05T03:43:20.581+0000] {logging_mixin.py:188} INFO - [2026-09-05T03:43:20.580+0000] {dag.py:3089} INFO - Sync 1 DAGs
[2026-09-05T03:43:20.599+0000] {logging_mixin.py:188} INFO - [2026-09-05T03:43:20.599+0000] {dag.py:3947} INFO - Setting next_dagrun for steam_analytics_daily to 2026-09-05 02:00:00+00:00, run_after=2026-09-06 02:00:00+00:00
[2026-09-05T03:43:20.615+0000] {processor.py:183} INFO - Processing /opt/airflow/dags/steam_analytics.py took 0.215 seconds
[2026-09-05T03:43:50.747+0000] {processor.py:161} INFO - Started process (PID=393) to work on /opt/airflow/dags/steam_analytics.py
[2026-09-05T03:43:50.747+0000] {processor.py:830} INFO - Processing file /opt/airflow/dags/steam_analytics.py for tasks to queue
[2026-09-05T03:43:50.749+0000] {logging_mixin.py:188} INFO - [2026-09-05T03:43:50.749+0000] {dagbag.py:545} INFO - Filling up the DagBag from /opt/airflow/dags/steam_analytics.py
[2026-09-05T03:43:50.884+0000] {processor.py:840} INFO - DAG(s) 'steam_analytics_daily' retrieved from /opt/airflow/dags/steam_analytics.py
[2026-09-05T03:43:50.909+0000] {logging_mixin.py:188} INFO - [2026-09-05T03:43:50.909+0000] {dag.py:3089} INFO - Sync 1 DAGs
[2026-09-05T03:43:50.928+0000] {logging_mixin.py:188} INFO - [2026-09-05T03:43:50.927+0000] {dag.py:3947} INFO - Setting next_dagrun for steam_analytics_daily to 2026-09-05 02:00:00+00:00, run_after=2026-09-06 02:00:00+00:00
[2026-09-05T03:43:50.942+0000] {processor.py:183} INFO - Processing /opt/airflow/dags/steam_analytics.py took 0.200 seconds
[2026-09-05T03:44:21.063+0000] {processor.py:161} INFO - Started process (PID=398) to work on /opt/airflow/dags/steam_analytics.py
[2026-09-05T03:44:21.063+0000] {processor.py:830} INFO - Processing file /opt/airflow/dags/steam_analytics.py for tasks to queue
[2026-09-05T03:44:21.065+0000] {logging_mixin.py:188} INFO - [2026-09-05T03:44:21.065+0000] {dagbag.py:545} INFO - Filling up the DagBag from /opt/airflow/dags/steam_analytics.py
[2026-09-05T03:44:21.202+0000] {processor.py:840} INFO - DAG(s) 'steam_analytics_daily' retrieved from /opt/airflow/dags/steam_analytics.py
[2026-09-05T03:44:21.227+0000] {logging_mixin.py:188} INFO - [2026-09-05T03:44:21.227+0000] {dag.py:3089} INFO - Sync 1 DAGs
[2026-09-05T03:44:21.247+0000] {logging_mixin.py:188} INFO - [2026-09-05T03:44:21.247+0000] {dag.py:3947} INFO - Setting next_dagrun for steam_analytics_daily to 2026-09-05 02:00:00+00:00, run_after=2026-09-06 02:00:00+00:00
[2026-09-05T03:44:21.262+0000] {processor.py:183} INFO - Processing /opt/airflow/dags/steam_analytics.py took 0.204 seconds
[2026-09-05T03:44:51.385+0000] {processor.py:161} INFO - Started process (PID=403) to work on /opt/airflow/dags/steam_analytics.py
[2026-09-05T03:44:51.385+0000] {processor.py:830} INFO - Processing file /opt/airflow/dags/steam_analytics.py for tasks to queue
[2026-09-05T03:44:51.387+0000] {logging_mixin.py:188} INFO - [2026-09-05T03:44:51.386+0000] {dagbag.py:545} INFO - Filling up the DagBag from /opt/airflow/dags/steam_analytics.py
[2026-09-05T03:44:51.536+0000] {processor.py:840} INFO - DAG(s) 'steam_analytics_daily' retrieved from /opt/airflow/dags/steam_analytics.py
[2026-09-05T03:44:51.561+0000] {logging_mixin.py:188} INFO - [2026-09-05T03:44:51.561+0000] {dag.py:3089} INFO - Sync 1 DAGs
[2026-09-05T03:44:51.580+0000] {logging_mixin.py:188} INFO - [2026-09-05T03:44:51.580+0000] {dag.py:3947} INFO - Setting next_dagrun for steam_analytics_daily to 2026-09-05 02:00:00+00:00, run_after=2026-09-06 02:00:00+00:00
[2026-09-05T03:44:51.596+0000] {processor.py:183} INFO - Processing /opt/airflow/dags/steam_analytics.py took 0.216 seconds
[2026-09-05T03:45:21.715+0000] {processor.py:161} INFO - Started process (PID=408) to work on /opt/airflow/dags/steam_analytics.py
[2026-09-05T03:45:21.716+0000] {processor.py:830} INFO - Processing file /opt/airflow/dags/steam_analytics.py for tasks to queue
[2026-09-05T03:45:21.717+0000] {logging_mixin.py:188} INFO - [2026-09-05T03:45:21.717+0000] {dagbag.py:545} INFO - Filling up the DagBag from /opt/airflow/dags/steam_analytics.py
[2026-09-05T03:45:21.854+0000] {processor.py:840} INFO - DAG(s) 'steam_analytics_daily' retrieved from /opt/airflow/dags/steam_analytics.py
[2026-09-05T03:45:21.879+0000] {logging_mixin.py:188} INFO - [2026-09-05T03:45:21.879+0000] {dag.py:3089} INFO - Sync 1 DAGs
[2026-09-05T03:45:21.898+0000] {logging_mixin.py:188} INFO - [2026-09-05T03:45:21.898+0000] {dag.py:3947} INFO - Setting next_dagrun for steam_analytics_daily to 2026-09-05 02:00:00+00:00, run_after=2026-09-06 02:00:00+00:00
[2026-09-05T03:45:21.912+0000] {processor.py:183} INFO - Processing /opt/airflow/dags/steam_analytics.py took 0.202 seconds
[2026-09-05T03:45:52.029+0000] {processor.py:161} INFO - Started process (PID=413) to work on /opt/airflow/dags/steam_analytics.py
[2026-09-05T03:45:52.030+0000] {processor.py:830} INFO - Processing file /opt/airflow/dags/steam_analytics.py for tasks to queue
[2026-09-05T03:45:52.031+0000] {logging_mixin.py:188} INFO - [2026-09-05T03:45:52.031+0000] {dagbag.py:545} INFO - Filling up the DagBag from /opt/airflow/dags/steam_analytics.py
[2026-09-05T03:45:52.174+0000] {processor.py:840} INFO - DAG(s) 'steam_analytics_daily' retrieved from /opt/airflow/dags/steam_analytics.py
[2026-09-05T03:45:52.198+0000] {logging_mixin.py:188} INFO - [2026-09-05T03:45:52.198+0000] {dag.py:3089} INFO - Sync 1 DAGs
[2026-09-05T03:45:52.218+0000] {logging_mixin.py:188} INFO - [2026-09-05T03:45:52.218+0000] {dag.py:3947} INFO - Setting next_dagrun for steam_analytics_daily to 2026-09-05 02:00:00+00:00, run_after=2026-09-06 02:00:00+00:00
[2026-09-05T03:45:52.233+0000] {processor.py:183} INFO - Processing /opt/airflow/dags/steam_analytics.py took 0.208 seconds
[2026-09-05T03:46:22.355+0000] {processor.py:161} INFO - Started process (PID=418) to work on /opt/airflow/dags/steam_analytics.py
[2026-09-05T03:46:22.355+0000] {processor.py:830} INFO - Processing file /opt/airflow/dags/steam_analytics.py for tasks to queue
[2026-09-05T03:46:22.357+0000] {logging_mixin.py:188} INFO - [2026-09-05T03:46:22.357+0000] {dagbag.py:545} INFO - Filling up the DagBag from /opt/airflow/dags/steam_analytics.py
[2026-09-05T03:46:22.502+0000] {processor.py:840} INFO - DAG(s) 'steam_analytics_daily' retrieved from /opt/airflow/dags/steam_analytics.py
[2026-09-05T03:46:22.529+0000] {logging_mixin.py:188} INFO - [2026-09-05T03:46:22.528+0000] {dag.py:3089} INFO - Sync 1 DAGs
[2026-09-05T03:46:22.550+0000] {logging_mixin.py:188} INFO - [2026-09-05T03:46:22.550+0000] {dag.py:3947} INFO - Setting next_dagrun for steam_analytics_daily to 2026-09-05 02:00:00+00:00, run_after=2026-09-06 02:00:00+00:00
[2026-09-05T03:46:22.566+0000] {processor.py:183} INFO - Processing /opt/airflow/dags/steam_analytics.py took 0.216 seconds
[2026-09-05T03:46:52.685+0000] {processor.py:161} INFO - Started process (PID=423) to work on /opt/airflow/dags/steam_analytics.py
[2026-09-05T03:46:52.686+0000] {processor.py:830} INFO - Processing file /opt/airflow/dags/steam_analytics.py for tasks to queue
[2026-09-05T03:46:52.687+0000] {logging_mixin.py:188} INFO - [2026-09-05T03:46:52.687+0000] {dagbag.py:545} INFO - Filling up the DagBag from /opt/airflow/dags/steam_analytics.py
[2026-09-05T03:46:52.820+0000] {processor.py:840} INFO - DAG(s) 'steam_analytics_daily' retrieved from /opt/airflow/dags/steam_analytics.py
[2026-09-05T03:46:52.844+0000] {logging_mixin.py:188} INFO - [2026-09-05T03:46:52.844+0000] {dag.py:3089} INFO - Sync 1 DAGs
[2026-09-05T03:46:52.864+0000] {logging_mixin.py:188} INFO - [2026-09-05T03:46:52.863+0000] {dag.py:3947} INFO - Setting next_dagrun for steam_analytics_daily to 2026-09-05 02:00:00+00:00, run_after=2026-09-06 02:00:00+00:00
[2026-09-05T03:46:52.879+0000] {processor.py:183} INFO - Processing /opt/airflow/dags/steam_analytics.py took 0.198 seconds
[2026-09-05T03:47:22.999+0000] {processor.py:161} INFO - Started process (PID=428) to work on /opt/airflow/dags/steam_analytics.py
[2026-09-05T03:47:23.000+0000] {processor.py:830} INFO - Processing file /opt/airflow/dags/steam_analytics.py for tasks to queue
[2026-09-05T03:47:23.001+0000] {logging_mixin.py:188} INFO - [2026-09-05T03:47:23.001+0000] {dagbag.py:545} INFO - Filling up the DagBag from /opt/airflow/dags/steam_analytics.py
[2026-09-05T03:47:23.131+0000] {processor.py:840} INFO - DAG(s) 'steam_analytics_daily' retrieved from /opt/airflow/dags/steam_analytics.py
[2026-09-05T03:47:23.155+0000] {logging_mixin.py:188} INFO - [2026-09-05T03:47:23.155+0000] {dag.py:3089} INFO - Sync 1 DAGs
[2026-09-05T03:47:23.174+0000] {logging_mixin.py:188} INFO - [2026-09-05T03:47:23.174+0000] {dag.py:3947} INFO - Setting next_dagrun for steam_analytics_daily to 2026-09-05 02:00:00+00:00, run_after=2026-09-06 02:00:00+00:00
[2026-09-05T03:47:23.189+0000] {processor.py:183} INFO - Processing /opt/airflow/dags/steam_analytics.py took 0.194 seconds
[2026-09-05T03:47:53.312+0000] {processor.py:161} INFO - Started process (PID=433) to work on /opt/airflow/dags/steam_analytics.py
[2026-09-05T03:47:53.313+0000] {processor.py:830} INFO - Processing file /opt/airflow/dags/steam_analytics.py for tasks to queue
[2026-09-05T03:47:53.314+0000] {logging_mixin.py:188} INFO - [2026-09-05T03:47:53.314+0000] {dagbag.py:545} INFO - Filling up the DagBag from /opt/airflow/dags/steam_analytics.py
[2026-09-05T03:47:53.447+0000] {processor.py:840} INFO - DAG(s) 'steam_analytics_daily' retrieved from /opt/airflow/dags/steam_analytics.py
[2026-09-05T03:47:53.482+0000] {logging_mixin.py:188} INFO - [2026-09-05T03:47:53.481+0000] {dag.py:3089} INFO - Sync 1 DAGs
[2026-09-05T03:47:53.500+0000] {logging_mixin.py:188} INFO - [2026-09-05T03:47:53.500+0000] {dag.py:3947} INFO - Setting next_dagrun for steam_analytics_daily to 2026-09-05 02:00:00+00:00, run_after=2026-09-06 02:00:00+00:00
[2026-09-05T03:47:53.515+0000] {processor.py:183} INFO - Processing /opt/airflow/dags/steam_analytics.py took 0.207 seconds
[2026-09-05T03:48:23.636+0000] {processor.py:161} INFO - Started process (PID=438) to work on /opt/airflow/dags/steam_analytics.py
[2026-09-05T03:48:23.637+0000] {processor.py:830} INFO - Processing file /opt/airflow/dags/steam_analytics.py for tasks to queue
[2026-09-05T03:48:23.638+0000] {logging_mixin.py:188} INFO - [2026-09-05T03:48:23.638+0000] {dagbag.py:545} INFO - Filling up the DagBag from /opt/airflow/dags/steam_analytics.py
[2026-09-05T03:48:23.775+0000] {processor.py:840} INFO - DAG(s) 'steam_analytics_daily' retrieved from /opt/airflow/dags/steam_analytics.py
[2026-09-05T03:48:23.802+0000] {logging_mixin.py:188} INFO - [2026-09-05T03:48:23.802+0000] {dag.py:3089} INFO - Sync 1 DAGs
[2026-09-05T03:48:23.821+0000] {logging_mixin.py:188} INFO - [2026-09-05T03:48:23.821+0000] {dag.py:3947} INFO - Setting next_dagrun for steam_analytics_daily to 2026-09-05 02:00:00+00:00, run_after=2026-09-06 02:00:00+00:00
[2026-09-05T03:48:23.838+0000] {processor.py:183} INFO - Processing /opt/airflow/dags/steam_analytics.py took 0.206 seconds
[2026-09-05T03:48:53.968+0000] {processor.py:161} INFO - Started process (PID=443) to work on /opt/airflow/dags/steam_analytics.py
[2026-09-05T03:48:53.969+0000] {processor.py:830} INFO - Processing file /opt/airflow/dags/steam_analytics.py for tasks to queue
[2026-09-05T03:48:53.970+0000] {logging_mixin.py:188} INFO - [2026-09-05T03:48:53.970+0000] {dagbag.py:545} INFO - Filling up the DagBag from /opt/airflow/dags/steam_analytics.py
[2026-09-05T03:48:54.103+0000] {processor.py:840} INFO - DAG(s) 'steam_analytics_daily' retrieved from /opt/airflow/dags/steam_analytics.py
[2026-09-05T03:48:54.128+0000] {logging_mixin.py:188} INFO - [2026-09-05T03:48:54.128+0000] {dag.py:3089} INFO - Sync 1 DAGs
[2026-09-05T03:48:54.148+0000] {logging_mixin.py:188} INFO - [2026-09-05T03:48:54.148+0000] {dag.py:3947} INFO - Setting next_dagrun for steam_analytics_daily to 2026-09-05 02:00:00+00:00, run_after=2026-09-06 02:00:00+00:00
[2026-09-05T03:48:54.164+0000] {processor.py:183} INFO - Processing /opt/airflow/dags/steam_analytics.py took 0.200 seconds
[2026-09-05T03:49:24.285+0000] {processor.py:161} INFO - Started process (PID=448) to work on /opt/airflow/dags/steam_analytics.py
[2026-09-05T03:49:24.286+0000] {processor.py:830} INFO - Processing file /opt/airflow/dags/steam_analytics.py for tasks to queue
[2026-09-05T03:49:24.287+0000] {logging_mixin.py:188} INFO - [2026-09-05T03:49:24.287+0000] {dagbag.py:545} INFO - Filling up the DagBag from /opt/airflow/dags/steam_analytics.py
[2026-09-05T03:49:24.422+0000] {processor.py:840} INFO - DAG(s) 'steam_analytics_daily' retrieved from /opt/airflow/dags/steam_analytics.py
[2026-09-05T03:49:24.448+0000] {logging_mixin.py:188} INFO - [2026-09-05T03:49:24.448+0000] {dag.py:3089} INFO - Sync 1 DAGs
[2026-09-05T03:49:24.477+0000] {logging_mixin.py:188} INFO - [2026-09-05T03:49:24.476+0000] {dag.py:3947} INFO - Setting next_dagrun for steam_analytics_daily to 2026-09-05 02:00:00+00:00, run_after=2026-09-06 02:00:00+00:00
[2026-09-05T03:49:24.494+0000] {processor.py:183} INFO - Processing /opt/airflow/dags/steam_analytics.py took 0.214 seconds
[2026-09-05T03:49:54.620+0000] {processor.py:161} INFO - Started process (PID=453) to work on /opt/airflow/dags/steam_analytics.py
[2026-09-05T03:49:54.621+0000] {processor.py:830} INFO - Processing file /opt/airflow/dags/steam_analytics.py for tasks to queue
[2026-09-05T03:49:54.623+0000] {logging_mixin.py:188} INFO - [2026-09-05T03:49:54.622+0000] {dagbag.py:545} INFO - Filling up the DagBag from /opt/airflow/dags/steam_analytics.py
[2026-09-05T03:49:54.757+0000] {processor.py:840} INFO - DAG(s) 'steam_analytics_daily' retrieved from /opt/airflow/dags/steam_analytics.py
[2026-09-05T03:49:54.785+0000] {logging_mixin.py:188} INFO - [2026-09-05T03:49:54.785+0000] {dag.py:3089} INFO - Sync 1 DAGs
[2026-09-05T03:49:54.803+0000] {logging_mixin.py:188} INFO - [2026-09-05T03:49:54.803+0000] {dag.py:3947} INFO - Setting next_dagrun for steam_analytics_daily to 2026-09-05 02:00:00+00:00, run_after=2026-09-06 02:00:00+00:00
[2026-09-05T03:49:54.818+0000] {processor.py:183} INFO - Processing /opt/airflow/dags/steam_analytics.py took 0.203 seconds
[2026-09-05T03:50:24.933+0000] {processor.py:161} INFO - Started process (PID=458) to work on /opt/airflow/dags/steam_analytics.py
[2026-09-05T03:50:24.934+0000] {processor.py:830} INFO - Processing file /opt/airflow/dags/steam_analytics.py for tasks to queue
[2026-09-05T03:50:24.935+0000] {logging_mixin.py:188} INFO - [2026-09-05T03:50:24.935+0000] {dagbag.py:545} INFO - Filling up the DagBag from /opt/airflow/dags/steam_analytics.py
[2026-09-05T03:50:25.079+0000] {processor.py:840} INFO - DAG(s) 'steam_analytics_daily' retrieved from /opt/airflow/dags/steam_analytics.py
[2026-09-05T03:50:25.104+0000] {logging_mixin.py:188} INFO - [2026-09-05T03:50:25.103+0000] {dag.py:3089} INFO - Sync 1 DAGs
[2026-09-05T03:50:25.126+0000] {logging_mixin.py:188} INFO - [2026-09-05T03:50:25.125+0000] {dag.py:3947} INFO - Setting next_dagrun for steam_analytics_daily to 2026-09-05 02:00:00+00:00, run_after=2026-09-06 02:00:00+00:00
[2026-09-05T03:50:25.144+0000] {processor.py:183} INFO - Processing /opt/airflow/dags/steam_analytics.py took 0.216 seconds
[2026-09-05T03:50:55.266+0000] {processor.py:161} INFO - Started process (PID=463) to work on /opt/airflow/dags/steam_analytics.py
[2026-09-05T03:50:55.267+0000] {processor.py:830} INFO - Processing file /opt/airflow/dags/steam_analytics.py for tasks to queue
[2026-09-05T03:50:55.268+0000] {logging_mixin.py:188} INFO - [2026-09-05T03:50:55.268+0000] {dagbag.py:545} INFO - Filling up the DagBag from /opt/airflow/dags/steam_analytics.py
[2026-09-05T03:50:55.400+0000] {processor.py:840} INFO - DAG(s) 'steam_analytics_daily' retrieved from /opt/airflow/dags/steam_analytics.py
[2026-09-05T03:50:55.429+0000] {logging_mixin.py:188} INFO - [2026-09-05T03:50:55.428+0000] {dag.py:3089} INFO - Sync 1 DAGs
[2026-09-05T03:50:55.451+0000] {logging_mixin.py:188} INFO - [2026-09-05T03:50:55.451+0000] {dag.py:3947} INFO - Setting next_dagrun for steam_analytics_daily to 2026-09-05 02:00:00+00:00, run_after=2026-09-06 02:00:00+00:00
[2026-09-05T03:50:55.467+0000] {processor.py:183} INFO - Processing /opt/airflow/dags/steam_analytics.py took 0.205 seconds
[2026-09-05T03:51:25.587+0000] {processor.py:161} INFO - Started process (PID=468) to work on /opt/airflow/dags/steam_analytics.py
[2026-09-05T03:51:25.587+0000] {processor.py:830} INFO - Processing file /opt/airflow/dags/steam_analytics.py for tasks to queue
[2026-09-05T03:51:25.590+0000] {logging_mixin.py:188} INFO - [2026-09-05T03:51:25.589+0000] {dagbag.py:545} INFO - Filling up the DagBag from /opt/airflow/dags/steam_analytics.py
[2026-09-05T03:51:25.729+0000] {processor.py:840} INFO - DAG(s) 'steam_analytics_daily' retrieved from /opt/airflow/dags/steam_analytics.py
[2026-09-05T03:51:25.755+0000] {logging_mixin.py:188} INFO - [2026-09-05T03:51:25.755+0000] {dag.py:3089} INFO - Sync 1 DAGs
[2026-09-05T03:51:25.777+0000] {logging_mixin.py:188} INFO - [2026-09-05T03:51:25.777+0000] {dag.py:3947} INFO - Setting next_dagrun for steam_analytics_daily to 2026-09-05 02:00:00+00:00, run_after=2026-09-06 02:00:00+00:00
[2026-09-05T03:51:25.795+0000] {processor.py:183} INFO - Processing /opt/airflow/dags/steam_analytics.py took 0.213 seconds
[2026-09-05T03:51:55.914+0000] {processor.py:161} INFO - Started process (PID=473) to work on /opt/airflow/dags/steam_analytics.py
[2026-09-05T03:51:55.915+0000] {processor.py:830} INFO - Processing file /opt/airflow/dags/steam_analytics.py for tasks to queue
[2026-09-05T03:51:55.916+0000] {logging_mixin.py:188} INFO - [2026-09-05T03:51:55.916+0000] {dagbag.py:545} INFO - Filling up the DagBag from /opt/airflow/dags/steam_analytics.py
[2026-09-05T03:51:56.051+0000] {processor.py:840} INFO - DAG(s) 'steam_analytics_daily' retrieved from /opt/airflow/dags/steam_analytics.py
[2026-09-05T03:51:56.077+0000] {logging_mixin.py:188} INFO - [2026-09-05T03:51:56.076+0000] {dag.py:3089} INFO - Sync 1 DAGs
[2026-09-05T03:51:56.096+0000] {logging_mixin.py:188} INFO - [2026-09-05T03:51:56.095+0000] {dag.py:3947} INFO - Setting next_dagrun for steam_analytics_daily to 2026-09-05 02:00:00+00:00, run_after=2026-09-06 02:00:00+00:00
[2026-09-05T03:51:56.111+0000] {processor.py:183} INFO - Processing /opt/airflow/dags/steam_analytics.py took 0.202 seconds
[2026-09-05T03:52:26.229+0000] {processor.py:161} INFO - Started process (PID=478) to work on /opt/airflow/dags/steam_analytics.py
[2026-09-05T03:52:26.230+0000] {processor.py:830} INFO - Processing file /opt/airflow/dags/steam_analytics.py for tasks to queue
[2026-09-05T03:52:26.231+0000] {logging_mixin.py:188} INFO - [2026-09-05T03:52:26.231+0000] {dagbag.py:545} INFO - Filling up the DagBag from /opt/airflow/dags/steam_analytics.py
[2026-09-05T03:52:26.364+0000] {processor.py:840} INFO - DAG(s) 'steam_analytics_daily' retrieved from /opt/airflow/dags/steam_analytics.py
[2026-09-05T03:52:26.391+0000] {logging_mixin.py:188} INFO - [2026-09-05T03:52:26.390+0000] {dag.py:3089} INFO - Sync 1 DAGs
[2026-09-05T03:52:26.410+0000] {logging_mixin.py:188} INFO - [2026-09-05T03:52:26.410+0000] {dag.py:3947} INFO - Setting next_dagrun for steam_analytics_daily to 2026-09-05 02:00:00+00:00, run_after=2026-09-06 02:00:00+00:00
[2026-09-05T03:52:26.425+0000] {processor.py:183} INFO - Processing /opt/airflow/dags/steam_analytics.py took 0.200 seconds
[2026-09-05T03:52:56.558+0000] {processor.py:161} INFO - Started process (PID=483) to work on /opt/airflow/dags/steam_analytics.py
[2026-09-05T03:52:56.559+0000] {processor.py:830} INFO - Processing file /opt/airflow/dags/steam_analytics.py for tasks to queue
[2026-09-05T03:52:56.561+0000] {logging_mixin.py:188} INFO - [2026-09-05T03:52:56.560+0000] {dagbag.py:545} INFO - Filling up the DagBag from /opt/airflow/dags/steam_analytics.py
[2026-09-05T03:52:56.691+0000] {processor.py:840} INFO - DAG(s) 'steam_analytics_daily' retrieved from /opt/airflow/dags/steam_analytics.py
[2026-09-05T03:52:56.716+0000] {logging_mixin.py:188} INFO - [2026-09-05T03:52:56.716+0000] {dag.py:3089} INFO - Sync 1 DAGs
[2026-09-05T03:52:56.736+0000] {logging_mixin.py:188} INFO - [2026-09-05T03:52:56.736+0000] {dag.py:3947} INFO - Setting next_dagrun for steam_analytics_daily to 2026-09-05 02:00:00+00:00, run_after=2026-09-06 02:00:00+00:00
[2026-09-05T03:52:56.752+0000] {processor.py:183} INFO - Processing /opt/airflow/dags/steam_analytics.py took 0.197 seconds
[2026-09-05T03:53:26.871+0000] {processor.py:161} INFO - Started process (PID=488) to work on /opt/airflow/dags/steam_analytics.py
[2026-09-05T03:53:26.872+0000] {processor.py:830} INFO - Processing file /opt/airflow/dags/steam_analytics.py for tasks to queue
[2026-09-05T03:53:26.873+0000] {logging_mixin.py:188} INFO - [2026-09-05T03:53:26.873+0000] {dagbag.py:545} INFO - Filling up the DagBag from /opt/airflow/dags/steam_analytics.py
[2026-09-05T03:53:27.011+0000] {processor.py:840} INFO - DAG(s) 'steam_analytics_daily' retrieved from /opt/airflow/dags/steam_analytics.py
[2026-09-05T03:53:27.036+0000] {logging_mixin.py:188} INFO - [2026-09-05T03:53:27.035+0000] {dag.py:3089} INFO - Sync 1 DAGs
[2026-09-05T03:53:27.055+0000] {logging_mixin.py:188} INFO - [2026-09-05T03:53:27.055+0000] {dag.py:3947} INFO - Setting next_dagrun for steam_analytics_daily to 2026-09-05 02:00:00+00:00, run_after=2026-09-06 02:00:00+00:00
[2026-09-05T03:53:27.070+0000] {processor.py:183} INFO - Processing /opt/airflow/dags/steam_analytics.py took 0.204 seconds
[2026-09-05T03:53:57.200+0000] {processor.py:161} INFO - Started process (PID=493) to work on /opt/airflow/dags/steam_analytics.py
[2026-09-05T03:53:57.201+0000] {processor.py:830} INFO - Processing file /opt/airflow/dags/steam_analytics.py for tasks to queue
[2026-09-05T03:53:57.203+0000] {logging_mixin.py:188} INFO - [2026-09-05T03:53:57.203+0000] {dagbag.py:545} INFO - Filling up the DagBag from /opt/airflow/dags/steam_analytics.py
[2026-09-05T03:53:57.356+0000] {processor.py:840} INFO - DAG(s) 'steam_analytics_daily' retrieved from /opt/airflow/dags/steam_analytics.py
[2026-09-05T03:53:57.382+0000] {logging_mixin.py:188} INFO - [2026-09-05T03:53:57.382+0000] {dag.py:3089} INFO - Sync 1 DAGs
[2026-09-05T03:53:57.403+0000] {logging_mixin.py:188} INFO - [2026-09-05T03:53:57.403+0000] {dag.py:3947} INFO - Setting next_dagrun for steam_analytics_daily to 2026-09-05 02:00:00+00:00, run_after=2026-09-06 02:00:00+00:00
[2026-09-05T03:53:57.419+0000] {processor.py:183} INFO - Processing /opt/airflow/dags/steam_analytics.py took 0.224 seconds
[2026-09-05T03:54:27.570+0000] {processor.py:161} INFO - Started process (PID=498) to work on /opt/airflow/dags/steam_analytics.py
[2026-09-05T03:54:27.570+0000] {processor.py:830} INFO - Processing file /opt/airflow/dags/steam_analytics.py for tasks to queue
[2026-09-05T03:54:27.572+0000] {logging_mixin.py:188} INFO - [2026-09-05T03:54:27.572+0000] {dagbag.py:545} INFO - Filling up the DagBag from /opt/airflow/dags/steam_analytics.py
[2026-09-05T03:54:27.707+0000] {processor.py:840} INFO - DAG(s) 'steam_analytics_daily' retrieved from /opt/airflow/dags/steam_analytics.py
[2026-09-05T03:54:27.732+0000] {logging_mixin.py:188} INFO - [2026-09-05T03:54:27.732+0000] {dag.py:3089} INFO - Sync 1 DAGs
[2026-09-05T03:54:27.752+0000] {logging_mixin.py:188} INFO - [2026-09-05T03:54:27.751+0000] {dag.py:3947} INFO - Setting next_dagrun for steam_analytics_daily to 2026-09-05 02:00:00+00:00, run_after=2026-09-06 02:00:00+00:00
[2026-09-05T03:54:27.767+0000] {processor.py:183} INFO - Processing /opt/airflow/dags/steam_analytics.py took 0.202 seconds
[2026-09-05T03:54:57.884+0000] {processor.py:161} INFO - Started process (PID=503) to work on /opt/airflow/dags/steam_analytics.py
[2026-09-05T03:54:57.885+0000] {processor.py:830} INFO - Processing file /opt/airflow/dags/steam_analytics.py for tasks to queue
[2026-09-05T03:54:57.887+0000] {logging_mixin.py:188} INFO - [2026-09-05T03:54:57.886+0000] {dagbag.py:545} INFO - Filling up the DagBag from /opt/airflow/dags/steam_analytics.py
[2026-09-05T03:54:58.019+0000] {processor.py:840} INFO - DAG(s) 'steam_analytics_daily' retrieved from /opt/airflow/dags/steam_analytics.py
[2026-09-05T03:54:58.044+0000] {logging_mixin.py:188} INFO - [2026-09-05T03:54:58.044+0000] {dag.py:3089} INFO - Sync 1 DAGs
[2026-09-05T03:54:58.062+0000] {logging_mixin.py:188} INFO - [2026-09-05T03:54:58.062+0000] {dag.py:3947} INFO - Setting next_dagrun for steam_analytics_daily to 2026-09-05 02:00:00+00:00, run_after=2026-09-06 02:00:00+00:00
[2026-09-05T03:54:58.079+0000] {processor.py:183} INFO - Processing /opt/airflow/dags/steam_analytics.py took 0.199 seconds
[2026-09-05T03:55:28.199+0000] {processor.py:161} INFO - Started process (PID=508) to work on /opt/airflow/dags/steam_analytics.py
[2026-09-05T03:55:28.199+0000] {processor.py:830} INFO - Processing file /opt/airflow/dags/steam_analytics.py for tasks to queue
[2026-09-05T03:55:28.201+0000] {logging_mixin.py:188} INFO - [2026-09-05T03:55:28.200+0000] {dagbag.py:545} INFO - Filling up the DagBag from /opt/airflow/dags/steam_analytics.py
[2026-09-05T03:55:28.332+0000] {processor.py:840} INFO - DAG(s) 'steam_analytics_daily' retrieved from /opt/airflow/dags/steam_analytics.py
[2026-09-05T03:55:28.356+0000] {logging_mixin.py:188} INFO - [2026-09-05T03:55:28.356+0000] {dag.py:3089} INFO - Sync 1 DAGs
[2026-09-05T03:55:28.376+0000] {logging_mixin.py:188} INFO - [2026-09-05T03:55:28.376+0000] {dag.py:3947} INFO - Setting next_dagrun for steam_analytics_daily to 2026-09-05 02:00:00+00:00, run_after=2026-09-06 02:00:00+00:00
[2026-09-05T03:55:28.392+0000] {processor.py:183} INFO - Processing /opt/airflow/dags/steam_analytics.py took 0.197 seconds
[2026-09-05T03:55:58.510+0000] {processor.py:161} INFO - Started process (PID=513) to work on /opt/airflow/dags/steam_analytics.py
[2026-09-05T03:55:58.511+0000] {processor.py:830} INFO - Processing file /opt/airflow/dags/steam_analytics.py for tasks to queue
[2026-09-05T03:55:58.513+0000] {logging_mixin.py:188} INFO - [2026-09-05T03:55:58.512+0000] {dagbag.py:545} INFO - Filling up the DagBag from /opt/airflow/dags/steam_analytics.py
[2026-09-05T03:55:58.642+0000] {processor.py:840} INFO - DAG(s) 'steam_analytics_daily' retrieved from /opt/airflow/dags/steam_analytics.py
[2026-09-05T03:55:58.667+0000] {logging_mixin.py:188} INFO - [2026-09-05T03:55:58.667+0000] {dag.py:3089} INFO - Sync 1 DAGs
[2026-09-05T03:55:58.686+0000] {logging_mixin.py:188} INFO - [2026-09-05T03:55:58.686+0000] {dag.py:3947} INFO - Setting next_dagrun for steam_analytics_daily to 2026-09-05 02:00:00+00:00, run_after=2026-09-06 02:00:00+00:00
[2026-09-05T03:55:58.701+0000] {processor.py:183} INFO - Processing /opt/airflow/dags/steam_analytics.py took 0.195 seconds
[2026-09-05T03:56:28.821+0000] {processor.py:161} INFO - Started process (PID=518) to work on /opt/airflow/dags/steam_analytics.py
[2026-09-05T03:56:28.822+0000] {processor.py:830} INFO - Processing file /opt/airflow/dags/steam_analytics.py for tasks to queue
[2026-09-05T03:56:28.823+0000] {logging_mixin.py:188} INFO - [2026-09-05T03:56:28.823+0000] {dagbag.py:545} INFO - Filling up the DagBag from /opt/airflow/dags/steam_analytics.py
[2026-09-05T03:56:28.962+0000] {processor.py:840} INFO - DAG(s) 'steam_analytics_daily' retrieved from /opt/airflow/dags/steam_analytics.py
[2026-09-05T03:56:28.987+0000] {logging_mixin.py:188} INFO - [2026-09-05T03:56:28.987+0000] {dag.py:3089} INFO - Sync 1 DAGs
[2026-09-05T03:56:29.006+0000] {logging_mixin.py:188} INFO - [2026-09-05T03:56:29.006+0000] {dag.py:3947} INFO - Setting next_dagrun for steam_analytics_daily to 2026-09-05 02:00:00+00:00, run_after=2026-09-06 02:00:00+00:00
[2026-09-05T03:56:29.022+0000] {processor.py:183} INFO - Processing /opt/airflow/dags/steam_analytics.py took 0.205 seconds
[2026-09-05T03:56:59.143+0000] {processor.py:161} INFO - Started process (PID=523) to work on /opt/airflow/dags/steam_analytics.py
[2026-09-05T03:56:59.144+0000] {processor.py:830} INFO - Processing file /opt/airflow/dags/steam_analytics.py for tasks to queue
[2026-09-05T03:56:59.145+0000] {logging_mixin.py:188} INFO - [2026-09-05T03:56:59.145+0000] {dagbag.py:545} INFO - Filling up the DagBag from /opt/airflow/dags/steam_analytics.py
[2026-09-05T03:56:59.280+0000] {processor.py:840} INFO - DAG(s) 'steam_analytics_daily' retrieved from /opt/airflow/dags/steam_analytics.py
[2026-09-05T03:56:59.304+0000] {logging_mixin.py:188} INFO - [2026-09-05T03:56:59.304+0000] {dag.py:3089} INFO - Sync 1 DAGs
[2026-09-05T03:56:59.323+0000] {logging_mixin.py:188} INFO - [2026-09-05T03:56:59.323+0000] {dag.py:3947} INFO - Setting next_dagrun for steam_analytics_daily to 2026-09-05 02:00:00+00:00, run_after=2026-09-06 02:00:00+00:00
[2026-09-05T03:56:59.339+0000] {processor.py:183} INFO - Processing /opt/airflow/dags/steam_analytics.py took 0.201 seconds
[2026-09-05T03:57:29.455+0000] {processor.py:161} INFO - Started process (PID=528) to work on /opt/airflow/dags/steam_analytics.py
[2026-09-05T03:57:29.456+0000] {processor.py:830} INFO - Processing file /opt/airflow/dags/steam_analytics.py for tasks to queue
[2026-09-05T03:57:29.457+0000] {logging_mixin.py:188} INFO - [2026-09-05T03:57:29.457+0000] {dagbag.py:545} INFO - Filling up the DagBag from /opt/airflow/dags/steam_analytics.py
[2026-09-05T03:57:29.586+0000] {processor.py:840} INFO - DAG(s) 'steam_analytics_daily' retrieved from /opt/airflow/dags/steam_analytics.py
[2026-09-05T03:57:29.610+0000] {logging_mixin.py:188} INFO - [2026-09-05T03:57:29.609+0000] {dag.py:3089} INFO - Sync 1 DAGs
[2026-09-05T03:57:29.630+0000] {logging_mixin.py:188} INFO - [2026-09-05T03:57:29.629+0000] {dag.py:3947} INFO - Setting next_dagrun for steam_analytics_daily to 2026-09-05 02:00:00+00:00, run_after=2026-09-06 02:00:00+00:00
[2026-09-05T03:57:29.644+0000] {processor.py:183} INFO - Processing /opt/airflow/dags/steam_analytics.py took 0.193 seconds
[2026-09-05T03:57:59.766+0000] {processor.py:161} INFO - Started process (PID=533) to work on /opt/airflow/dags/steam_analytics.py
[2026-09-05T03:57:59.766+0000] {processor.py:830} INFO - Processing file /opt/airflow/dags/steam_analytics.py for tasks to queue
[2026-09-05T03:57:59.768+0000] {logging_mixin.py:188} INFO - [2026-09-05T03:57:59.767+0000] {dagbag.py:545} INFO - Filling up the DagBag from /opt/airflow/dags/steam_analytics.py
[2026-09-05T03:57:59.896+0000] {processor.py:840} INFO - DAG(s) 'steam_analytics_daily' retrieved from /opt/airflow/dags/steam_analytics.py
[2026-09-05T03:57:59.921+0000] {logging_mixin.py:188} INFO - [2026-09-05T03:57:59.921+0000] {dag.py:3089} INFO - Sync 1 DAGs
[2026-09-05T03:57:59.939+0000] {logging_mixin.py:188} INFO - [2026-09-05T03:57:59.939+0000] {dag.py:3947} INFO - Setting next_dagrun for steam_analytics_daily to 2026-09-05 02:00:00+00:00, run_after=2026-09-06 02:00:00+00:00
[2026-09-05T03:57:59.954+0000] {processor.py:183} INFO - Processing /opt/airflow/dags/steam_analytics.py took 0.192 seconds
[2026-09-05T03:58:30.076+0000] {processor.py:161} INFO - Started process (PID=546) to work on /opt/airflow/dags/steam_analytics.py
[2026-09-05T03:58:30.076+0000] {processor.py:830} INFO - Processing file /opt/airflow/dags/steam_analytics.py for tasks to queue
[2026-09-05T03:58:30.078+0000] {logging_mixin.py:188} INFO - [2026-09-05T03:58:30.078+0000] {dagbag.py:545} INFO - Filling up the DagBag from /opt/airflow/dags/steam_analytics.py
[2026-09-05T03:58:30.203+0000] {processor.py:840} INFO - DAG(s) 'steam_analytics_daily' retrieved from /opt/airflow/dags/steam_analytics.py
[2026-09-05T03:58:30.231+0000] {logging_mixin.py:188} INFO - [2026-09-05T03:58:30.231+0000] {dag.py:3089} INFO - Sync 1 DAGs
[2026-09-05T03:58:30.250+0000] {logging_mixin.py:188} INFO - [2026-09-05T03:58:30.250+0000] {dag.py:3947} INFO - Setting next_dagrun for steam_analytics_daily to 2026-09-05 02:00:00+00:00, run_after=2026-09-06 02:00:00+00:00
[2026-09-05T03:58:30.266+0000] {processor.py:183} INFO - Processing /opt/airflow/dags/steam_analytics.py took 0.195 seconds
[2026-09-05T03:59:00.386+0000] {processor.py:161} INFO - Started process (PID=551) to work on /opt/airflow/dags/steam_analytics.py
[2026-09-05T03:59:00.386+0000] {processor.py:830} INFO - Processing file /opt/airflow/dags/steam_analytics.py for tasks to queue
[2026-09-05T03:59:00.388+0000] {logging_mixin.py:188} INFO - [2026-09-05T03:59:00.388+0000] {dagbag.py:545} INFO - Filling up the DagBag from /opt/airflow/dags/steam_analytics.py
[2026-09-05T03:59:00.517+0000] {processor.py:840} INFO - DAG(s) 'steam_analytics_daily' retrieved from /opt/airflow/dags/steam_analytics.py
[2026-09-05T03:59:00.542+0000] {logging_mixin.py:188} INFO - [2026-09-05T03:59:00.542+0000] {dag.py:3089} INFO - Sync 1 DAGs
[2026-09-05T03:59:00.560+0000] {logging_mixin.py:188} INFO - [2026-09-05T03:59:00.560+0000] {dag.py:3947} INFO - Setting next_dagrun for steam_analytics_daily to 2026-09-05 02:00:00+00:00, run_after=2026-09-06 02:00:00+00:00
[2026-09-05T03:59:00.575+0000] {processor.py:183} INFO - Processing /opt/airflow/dags/steam_analytics.py took 0.193 seconds
[2026-09-05T03:59:30.692+0000] {processor.py:161} INFO - Started process (PID=556) to work on /opt/airflow/dags/steam_analytics.py
[2026-09-05T03:59:30.692+0000] {processor.py:830} INFO - Processing file /opt/airflow/dags/steam_analytics.py for tasks to queue
[2026-09-05T03:59:30.694+0000] {logging_mixin.py:188} INFO - [2026-09-05T03:59:30.693+0000] {dagbag.py:545} INFO - Filling up the DagBag from /opt/airflow/dags/steam_analytics.py
[2026-09-05T03:59:30.822+0000] {processor.py:840} INFO - DAG(s) 'steam_analytics_daily' retrieved from /opt/airflow/dags/steam_analytics.py
[2026-09-05T03:59:30.853+0000] {logging_mixin.py:188} INFO - [2026-09-05T03:59:30.852+0000] {dag.py:3089} INFO - Sync 1 DAGs
[2026-09-05T03:59:30.883+0000] {logging_mixin.py:188} INFO - [2026-09-05T03:59:30.883+0000] {dag.py:3947} INFO - Setting next_dagrun for steam_analytics_daily to 2026-09-05 02:00:00+00:00, run_after=2026-09-06 02:00:00+00:00
[2026-09-05T03:59:30.906+0000] {processor.py:183} INFO - Processing /opt/airflow/dags/steam_analytics.py took 0.219 seconds
[2026-09-05T04:00:01.029+0000] {processor.py:161} INFO - Started process (PID=561) to work on /opt/airflow/dags/steam_analytics.py
[2026-09-05T04:00:01.030+0000] {processor.py:830} INFO - Processing file /opt/airflow/dags/steam_analytics.py for tasks to queue
[2026-09-05T04:00:01.031+0000] {logging_mixin.py:188} INFO - [2026-09-05T04:00:01.031+0000] {dagbag.py:545} INFO - Filling up the DagBag from /opt/airflow/dags/steam_analytics.py
[2026-09-05T04:00:01.166+0000] {processor.py:840} INFO - DAG(s) 'steam_analytics_daily' retrieved from /opt/airflow/dags/steam_analytics.py
[2026-09-05T04:00:01.193+0000] {logging_mixin.py:188} INFO - [2026-09-05T04:00:01.193+0000] {dag.py:3089} INFO - Sync 1 DAGs
[2026-09-05T04:00:01.215+0000] {logging_mixin.py:188} INFO - [2026-09-05T04:00:01.215+0000] {dag.py:3947} INFO - Setting next_dagrun for steam_analytics_daily to 2026-09-05 02:00:00+00:00, run_after=2026-09-06 02:00:00+00:00
[2026-09-05T04:00:01.231+0000] {processor.py:183} INFO - Processing /opt/airflow/dags/steam_analytics.py took 0.206 seconds
[2026-09-05T04:00:31.352+0000] {processor.py:161} INFO - Started process (PID=566) to work on /opt/airflow/dags/steam_analytics.py
[2026-09-05T04:00:31.353+0000] {processor.py:830} INFO - Processing file /opt/airflow/dags/steam_analytics.py for tasks to queue
[2026-09-05T04:00:31.354+0000] {logging_mixin.py:188} INFO - [2026-09-05T04:00:31.354+0000] {dagbag.py:545} INFO - Filling up the DagBag from /opt/airflow/dags/steam_analytics.py
[2026-09-05T04:00:31.487+0000] {processor.py:840} INFO - DAG(s) 'steam_analytics_daily' retrieved from /opt/airflow/dags/steam_analytics.py
[2026-09-05T04:00:31.512+0000] {logging_mixin.py:188} INFO - [2026-09-05T04:00:31.512+0000] {dag.py:3089} INFO - Sync 1 DAGs
[2026-09-05T04:00:31.531+0000] {logging_mixin.py:188} INFO - [2026-09-05T04:00:31.531+0000] {dag.py:3947} INFO - Setting next_dagrun for steam_analytics_daily to 2026-09-05 02:00:00+00:00, run_after=2026-09-06 02:00:00+00:00
[2026-09-05T04:00:31.545+0000] {processor.py:183} INFO - Processing /opt/airflow/dags/steam_analytics.py took 0.198 seconds
[2026-09-05T04:01:01.659+0000] {processor.py:161} INFO - Started process (PID=571) to work on /opt/airflow/dags/steam_analytics.py
[2026-09-05T04:01:01.660+0000] {processor.py:830} INFO - Processing file /opt/airflow/dags/steam_analytics.py for tasks to queue
[2026-09-05T04:01:01.661+0000] {logging_mixin.py:188} INFO - [2026-09-05T04:01:01.661+0000] {dagbag.py:545} INFO - Filling up the DagBag from /opt/airflow/dags/steam_analytics.py
[2026-09-05T04:01:01.795+0000] {processor.py:840} INFO - DAG(s) 'steam_analytics_daily' retrieved from /opt/airflow/dags/steam_analytics.py
[2026-09-05T04:01:01.820+0000] {logging_mixin.py:188} INFO - [2026-09-05T04:01:01.820+0000] {dag.py:3089} INFO - Sync 1 DAGs
[2026-09-05T04:01:01.839+0000] {logging_mixin.py:188} INFO - [2026-09-05T04:01:01.839+0000] {dag.py:3947} INFO - Setting next_dagrun for steam_analytics_daily to 2026-09-05 02:00:00+00:00, run_after=2026-09-06 02:00:00+00:00
[2026-09-05T04:01:01.856+0000] {processor.py:183} INFO - Processing /opt/airflow/dags/steam_analytics.py took 0.201 seconds
[2026-09-05T04:01:31.973+0000] {processor.py:161} INFO - Started process (PID=576) to work on /opt/airflow/dags/steam_analytics.py
[2026-09-05T04:01:31.974+0000] {processor.py:830} INFO - Processing file /opt/airflow/dags/steam_analytics.py for tasks to queue
[2026-09-05T04:01:31.976+0000] {logging_mixin.py:188} INFO - [2026-09-05T04:01:31.975+0000] {dagbag.py:545} INFO - Filling up the DagBag from /opt/airflow/dags/steam_analytics.py
[2026-09-05T04:01:32.112+0000] {processor.py:840} INFO - DAG(s) 'steam_analytics_daily' retrieved from /opt/airflow/dags/steam_analytics.py
[2026-09-05T04:01:32.138+0000] {logging_mixin.py:188} INFO - [2026-09-05T04:01:32.138+0000] {dag.py:3089} INFO - Sync 1 DAGs
[2026-09-05T04:01:32.157+0000] {logging_mixin.py:188} INFO - [2026-09-05T04:01:32.157+0000] {dag.py:3947} INFO - Setting next_dagrun for steam_analytics_daily to 2026-09-05 02:00:00+00:00, run_after=2026-09-06 02:00:00+00:00
[2026-09-05T04:01:32.172+0000] {processor.py:183} INFO - Processing /opt/airflow/dags/steam_analytics.py took 0.203 seconds
[2026-09-05T04:02:02.288+0000] {processor.py:161} INFO - Started process (PID=581) to work on /opt/airflow/dags/steam_analytics.py
[2026-09-05T04:02:02.289+0000] {processor.py:830} INFO - Processing file /opt/airflow/dags/steam_analytics.py for tasks to queue
[2026-09-05T04:02:02.290+0000] {logging_mixin.py:188} INFO - [2026-09-05T04:02:02.290+0000] {dagbag.py:545} INFO - Filling up the DagBag from /opt/airflow/dags/steam_analytics.py
[2026-09-05T04:02:02.418+0000] {processor.py:840} INFO - DAG(s) 'steam_analytics_daily' retrieved from /opt/airflow/dags/steam_analytics.py
[2026-09-05T04:02:02.441+0000] {logging_mixin.py:188} INFO - [2026-09-05T04:02:02.441+0000] {dag.py:3089} INFO - Sync 1 DAGs
[2026-09-05T04:02:02.460+0000] {logging_mixin.py:188} INFO - [2026-09-05T04:02:02.459+0000] {dag.py:3947} INFO - Setting next_dagrun for steam_analytics_daily to 2026-09-05 02:00:00+00:00, run_after=2026-09-06 02:00:00+00:00
[2026-09-05T04:02:02.474+0000] {processor.py:183} INFO - Processing /opt/airflow/dags/steam_analytics.py took 0.190 seconds
[2026-09-05T04:02:32.592+0000] {processor.py:161} INFO - Started process (PID=586) to work on /opt/airflow/dags/steam_analytics.py
[2026-09-05T04:02:32.593+0000] {processor.py:830} INFO - Processing file /opt/airflow/dags/steam_analytics.py for tasks to queue
[2026-09-05T04:02:32.594+0000] {logging_mixin.py:188} INFO - [2026-09-05T04:02:32.594+0000] {dagbag.py:545} INFO - Filling up the DagBag from /opt/airflow/dags/steam_analytics.py
[2026-09-05T04:02:32.726+0000] {processor.py:840} INFO - DAG(s) 'steam_analytics_daily' retrieved from /opt/airflow/dags/steam_analytics.py
[2026-09-05T04:02:32.752+0000] {logging_mixin.py:188} INFO - [2026-09-05T04:02:32.752+0000] {dag.py:3089} INFO - Sync 1 DAGs
[2026-09-05T04:02:32.772+0000] {logging_mixin.py:188} INFO - [2026-09-05T04:02:32.772+0000] {dag.py:3947} INFO - Setting next_dagrun for steam_analytics_daily to 2026-09-05 02:00:00+00:00, run_after=2026-09-06 02:00:00+00:00
[2026-09-05T04:02:32.789+0000] {processor.py:183} INFO - Processing /opt/airflow/dags/steam_analytics.py took 0.201 seconds
[2026-09-05T04:03:02.907+0000] {processor.py:161} INFO - Started process (PID=591) to work on /opt/airflow/dags/steam_analytics.py
[2026-09-05T04:03:02.908+0000] {processor.py:830} INFO - Processing file /opt/airflow/dags/steam_analytics.py for tasks to queue
[2026-09-05T04:03:02.909+0000] {logging_mixin.py:188} INFO - [2026-09-05T04:03:02.909+0000] {dagbag.py:545} INFO - Filling up the DagBag from /opt/airflow/dags/steam_analytics.py
[2026-09-05T04:03:03.039+0000] {processor.py:840} INFO - DAG(s) 'steam_analytics_daily' retrieved from /opt/airflow/dags/steam_analytics.py
[2026-09-05T04:03:03.062+0000] {logging_mixin.py:188} INFO - [2026-09-05T04:03:03.062+0000] {dag.py:3089} INFO - Sync 1 DAGs
[2026-09-05T04:03:03.080+0000] {logging_mixin.py:188} INFO - [2026-09-05T04:03:03.080+0000] {dag.py:3947} INFO - Setting next_dagrun for steam_analytics_daily to 2026-09-05 02:00:00+00:00, run_after=2026-09-06 02:00:00+00:00
[2026-09-05T04:03:03.094+0000] {processor.py:183} INFO - Processing /opt/airflow/dags/steam_analytics.py took 0.191 seconds
[2026-09-05T04:03:33.214+0000] {processor.py:161} INFO - Started process (PID=596) to work on /opt/airflow/dags/steam_analytics.py
[2026-09-05T04:03:33.215+0000] {processor.py:830} INFO - Processing file /opt/airflow/dags/steam_analytics.py for tasks to queue
[2026-09-05T04:03:33.216+0000] {logging_mixin.py:188} INFO - [2026-09-05T04:03:33.216+0000] {dagbag.py:545} INFO - Filling up the DagBag from /opt/airflow/dags/steam_analytics.py
[2026-09-05T04:03:33.348+0000] {processor.py:840} INFO - DAG(s) 'steam_analytics_daily' retrieved from /opt/airflow/dags/steam_analytics.py
[2026-09-05T04:03:33.372+0000] {logging_mixin.py:188} INFO - [2026-09-05T04:03:33.372+0000] {dag.py:3089} INFO - Sync 1 DAGs
[2026-09-05T04:03:33.391+0000] {logging_mixin.py:188} INFO - [2026-09-05T04:03:33.391+0000] {dag.py:3947} INFO - Setting next_dagrun for steam_analytics_daily to 2026-09-05 02:00:00+00:00, run_after=2026-09-06 02:00:00+00:00
[2026-09-05T04:03:33.406+0000] {processor.py:183} INFO - Processing /opt/airflow/dags/steam_analytics.py took 0.197 seconds
[2026-09-05T04:04:03.521+0000] {processor.py:161} INFO - Started process (PID=601) to work on /opt/airflow/dags/steam_analytics.py
[2026-09-05T04:04:03.521+0000] {processor.py:830} INFO - Processing file /opt/airflow/dags/steam_analytics.py for tasks to queue
[2026-09-05T04:04:03.523+0000] {logging_mixin.py:188} INFO - [2026-09-05T04:04:03.523+0000] {dagbag.py:545} INFO - Filling up the DagBag from /opt/airflow/dags/steam_analytics.py
[2026-09-05T04:04:03.654+0000] {processor.py:840} INFO - DAG(s) 'steam_analytics_daily' retrieved from /opt/airflow/dags/steam_analytics.py
[2026-09-05T04:04:03.678+0000] {logging_mixin.py:188} INFO - [2026-09-05T04:04:03.677+0000] {dag.py:3089} INFO - Sync 1 DAGs
[2026-09-05T04:04:03.697+0000] {logging_mixin.py:188} INFO - [2026-09-05T04:04:03.697+0000] {dag.py:3947} INFO - Setting next_dagrun for steam_analytics_daily to 2026-09-05 02:00:00+00:00, run_after=2026-09-06 02:00:00+00:00
[2026-09-05T04:04:03.711+0000] {processor.py:183} INFO - Processing /opt/airflow/dags/steam_analytics.py took 0.195 seconds
[2026-09-05T04:04:33.829+0000] {processor.py:161} INFO - Started process (PID=606) to work on /opt/airflow/dags/steam_analytics.py
[2026-09-05T04:04:33.830+0000] {processor.py:830} INFO - Processing file /opt/airflow/dags/steam_analytics.py for tasks to queue
[2026-09-05T04:04:33.831+0000] {logging_mixin.py:188} INFO - [2026-09-05T04:04:33.831+0000] {dagbag.py:545} INFO - Filling up the DagBag from /opt/airflow/dags/steam_analytics.py
[2026-09-05T04:04:33.963+0000] {processor.py:840} INFO - DAG(s) 'steam_analytics_daily' retrieved from /opt/airflow/dags/steam_analytics.py
[2026-09-05T04:04:33.988+0000] {logging_mixin.py:188} INFO - [2026-09-05T04:04:33.988+0000] {dag.py:3089} INFO - Sync 1 DAGs
[2026-09-05T04:04:34.007+0000] {logging_mixin.py:188} INFO - [2026-09-05T04:04:34.007+0000] {dag.py:3947} INFO - Setting next_dagrun for steam_analytics_daily to 2026-09-05 02:00:00+00:00, run_after=2026-09-06 02:00:00+00:00
[2026-09-05T04:04:34.022+0000] {processor.py:183} INFO - Processing /opt/airflow/dags/steam_analytics.py took 0.197 seconds
[2026-09-05T04:05:04.140+0000] {processor.py:161} INFO - Started process (PID=611) to work on /opt/airflow/dags/steam_analytics.py
[2026-09-05T04:05:04.141+0000] {processor.py:830} INFO - Processing file /opt/airflow/dags/steam_analytics.py for tasks to queue
[2026-09-05T04:05:04.142+0000] {logging_mixin.py:188} INFO - [2026-09-05T04:05:04.142+0000] {dagbag.py:545} INFO - Filling up the DagBag from /opt/airflow/dags/steam_analytics.py
[2026-09-05T04:05:04.273+0000] {processor.py:840} INFO - DAG(s) 'steam_analytics_daily' retrieved from /opt/airflow/dags/steam_analytics.py
[2026-09-05T04:05:04.298+0000] {logging_mixin.py:188} INFO - [2026-09-05T04:05:04.298+0000] {dag.py:3089} INFO - Sync 1 DAGs
[2026-09-05T04:05:04.318+0000] {logging_mixin.py:188} INFO - [2026-09-05T04:05:04.317+0000] {dag.py:3947} INFO - Setting next_dagrun for steam_analytics_daily to 2026-09-05 02:00:00+00:00, run_after=2026-09-06 02:00:00+00:00
[2026-09-05T04:05:04.333+0000] {processor.py:183} INFO - Processing /opt/airflow/dags/steam_analytics.py took 0.197 seconds
[2026-09-05T04:05:34.449+0000] {processor.py:161} INFO - Started process (PID=616) to work on /opt/airflow/dags/steam_analytics.py
[2026-09-05T04:05:34.449+0000] {processor.py:830} INFO - Processing file /opt/airflow/dags/steam_analytics.py for tasks to queue
[2026-09-05T04:05:34.451+0000] {logging_mixin.py:188} INFO - [2026-09-05T04:05:34.451+0000] {dagbag.py:545} INFO - Filling up the DagBag from /opt/airflow/dags/steam_analytics.py
[2026-09-05T04:05:34.583+0000] {processor.py:840} INFO - DAG(s) 'steam_analytics_daily' retrieved from /opt/airflow/dags/steam_analytics.py
[2026-09-05T04:05:34.609+0000] {logging_mixin.py:188} INFO - [2026-09-05T04:05:34.608+0000] {dag.py:3089} INFO - Sync 1 DAGs
[2026-09-05T04:05:34.630+0000] {logging_mixin.py:188} INFO - [2026-09-05T04:05:34.630+0000] {dag.py:3947} INFO - Setting next_dagrun for steam_analytics_daily to 2026-09-05 02:00:00+00:00, run_after=2026-09-06 02:00:00+00:00
[2026-09-05T04:05:34.647+0000] {processor.py:183} INFO - Processing /opt/airflow/dags/steam_analytics.py took 0.202 seconds
[2026-09-05T04:06:04.763+0000] {processor.py:161} INFO - Started process (PID=621) to work on /opt/airflow/dags/steam_analytics.py
[2026-09-05T04:06:04.764+0000] {processor.py:830} INFO - Processing file /opt/airflow/dags/steam_analytics.py for tasks to queue
[2026-09-05T04:06:04.765+0000] {logging_mixin.py:188} INFO - [2026-09-05T04:06:04.765+0000] {dagbag.py:545} INFO - Filling up the DagBag from /opt/airflow/dags/steam_analytics.py
[2026-09-05T04:06:04.897+0000] {processor.py:840} INFO - DAG(s) 'steam_analytics_daily' retrieved from /opt/airflow/dags/steam_analytics.py
[2026-09-05T04:06:04.924+0000] {logging_mixin.py:188} INFO - [2026-09-05T04:06:04.923+0000] {dag.py:3089} INFO - Sync 1 DAGs
[2026-09-05T04:06:04.947+0000] {logging_mixin.py:188} INFO - [2026-09-05T04:06:04.946+0000] {dag.py:3947} INFO - Setting next_dagrun for steam_analytics_daily to 2026-09-05 02:00:00+00:00, run_after=2026-09-06 02:00:00+00:00
[2026-09-05T04:06:04.962+0000] {processor.py:183} INFO - Processing /opt/airflow/dags/steam_analytics.py took 0.204 seconds
[2026-09-05T04:06:35.080+0000] {processor.py:161} INFO - Started process (PID=626) to work on /opt/airflow/dags/steam_analytics.py
[2026-09-05T04:06:35.081+0000] {processor.py:830} INFO - Processing file /opt/airflow/dags/steam_analytics.py for tasks to queue
[2026-09-05T04:06:35.082+0000] {logging_mixin.py:188} INFO - [2026-09-05T04:06:35.082+0000] {dagbag.py:545} INFO - Filling up the DagBag from /opt/airflow/dags/steam_analytics.py
[2026-09-05T04:06:35.211+0000] {processor.py:840} INFO - DAG(s) 'steam_analytics_daily' retrieved from /opt/airflow/dags/steam_analytics.py
[2026-09-05T04:06:35.237+0000] {logging_mixin.py:188} INFO - [2026-09-05T04:06:35.237+0000] {dag.py:3089} INFO - Sync 1 DAGs
[2026-09-05T04:06:35.257+0000] {logging_mixin.py:188} INFO - [2026-09-05T04:06:35.257+0000] {dag.py:3947} INFO - Setting next_dagrun for steam_analytics_daily to 2026-09-05 02:00:00+00:00, run_after=2026-09-06 02:00:00+00:00
[2026-09-05T04:06:35.272+0000] {processor.py:183} INFO - Processing /opt/airflow/dags/steam_analytics.py took 0.197 seconds
[2026-09-05T04:07:05.391+0000] {processor.py:161} INFO - Started process (PID=631) to work on /opt/airflow/dags/steam_analytics.py
[2026-09-05T04:07:05.392+0000] {processor.py:830} INFO - Processing file /opt/airflow/dags/steam_analytics.py for tasks to queue
[2026-09-05T04:07:05.393+0000] {logging_mixin.py:188} INFO - [2026-09-05T04:07:05.393+0000] {dagbag.py:545} INFO - Filling up the DagBag from /opt/airflow/dags/steam_analytics.py
[2026-09-05T04:07:05.519+0000] {processor.py:840} INFO - DAG(s) 'steam_analytics_daily' retrieved from /opt/airflow/dags/steam_analytics.py
[2026-09-05T04:07:05.545+0000] {logging_mixin.py:188} INFO - [2026-09-05T04:07:05.545+0000] {dag.py:3089} INFO - Sync 1 DAGs
[2026-09-05T04:07:05.565+0000] {logging_mixin.py:188} INFO - [2026-09-05T04:07:05.565+0000] {dag.py:3947} INFO - Setting next_dagrun for steam_analytics_daily to 2026-09-05 02:00:00+00:00, run_after=2026-09-06 02:00:00+00:00
[2026-09-05T04:07:05.580+0000] {processor.py:183} INFO - Processing /opt/airflow/dags/steam_analytics.py took 0.194 seconds
[2026-09-05T04:07:35.692+0000] {processor.py:161} INFO - Started process (PID=636) to work on /opt/airflow/dags/steam_analytics.py
[2026-09-05T04:07:35.692+0000] {processor.py:830} INFO - Processing file /opt/airflow/dags/steam_analytics.py for tasks to queue
[2026-09-05T04:07:35.694+0000] {logging_mixin.py:188} INFO - [2026-09-05T04:07:35.694+0000] {dagbag.py:545} INFO - Filling up the DagBag from /opt/airflow/dags/steam_analytics.py
[2026-09-05T04:07:35.823+0000] {processor.py:840} INFO - DAG(s) 'steam_analytics_daily' retrieved from /opt/airflow/dags/steam_analytics.py
[2026-09-05T04:07:35.847+0000] {logging_mixin.py:188} INFO - [2026-09-05T04:07:35.847+0000] {dag.py:3089} INFO - Sync 1 DAGs
[2026-09-05T04:07:35.866+0000] {logging_mixin.py:188} INFO - [2026-09-05T04:07:35.866+0000] {dag.py:3947} INFO - Setting next_dagrun for steam_analytics_daily to 2026-09-05 02:00:00+00:00, run_after=2026-09-06 02:00:00+00:00
[2026-09-05T04:07:35.882+0000] {processor.py:183} INFO - Processing /opt/airflow/dags/steam_analytics.py took 0.195 seconds
[2026-09-05T04:08:05.998+0000] {processor.py:161} INFO - Started process (PID=641) to work on /opt/airflow/dags/steam_analytics.py
[2026-09-05T04:08:05.999+0000] {processor.py:830} INFO - Processing file /opt/airflow/dags/steam_analytics.py for tasks to queue
[2026-09-05T04:08:06.000+0000] {logging_mixin.py:188} INFO - [2026-09-05T04:08:06.000+0000] {dagbag.py:545} INFO - Filling up the DagBag from /opt/airflow/dags/steam_analytics.py
[2026-09-05T04:08:06.134+0000] {processor.py:840} INFO - DAG(s) 'steam_analytics_daily' retrieved from /opt/airflow/dags/steam_analytics.py
[2026-09-05T04:08:06.161+0000] {logging_mixin.py:188} INFO - [2026-09-05T04:08:06.161+0000] {dag.py:3089} INFO - Sync 1 DAGs
[2026-09-05T04:08:06.181+0000] {logging_mixin.py:188} INFO - [2026-09-05T04:08:06.181+0000] {dag.py:3947} INFO - Setting next_dagrun for steam_analytics_daily to 2026-09-05 02:00:00+00:00, run_after=2026-09-06 02:00:00+00:00
[2026-09-05T04:08:06.197+0000] {processor.py:183} INFO - Processing /opt/airflow/dags/steam_analytics.py took 0.202 seconds
[2026-09-05T04:08:36.317+0000] {processor.py:161} INFO - Started process (PID=646) to work on /opt/airflow/dags/steam_analytics.py
[2026-09-05T04:08:36.318+0000] {processor.py:830} INFO - Processing file /opt/airflow/dags/steam_analytics.py for tasks to queue
[2026-09-05T04:08:36.319+0000] {logging_mixin.py:188} INFO - [2026-09-05T04:08:36.319+0000] {dagbag.py:545} INFO - Filling up the DagBag from /opt/airflow/dags/steam_analytics.py
[2026-09-05T04:08:36.448+0000] {processor.py:840} INFO - DAG(s) 'steam_analytics_daily' retrieved from /opt/airflow/dags/steam_analytics.py
[2026-09-05T04:08:36.472+0000] {logging_mixin.py:188} INFO - [2026-09-05T04:08:36.472+0000] {dag.py:3089} INFO - Sync 1 DAGs
[2026-09-05T04:08:36.491+0000] {logging_mixin.py:188} INFO - [2026-09-05T04:08:36.491+0000] {dag.py:3947} INFO - Setting next_dagrun for steam_analytics_daily to 2026-09-05 02:00:00+00:00, run_after=2026-09-06 02:00:00+00:00
[2026-09-05T04:08:36.506+0000] {processor.py:183} INFO - Processing /opt/airflow/dags/steam_analytics.py took 0.193 seconds
[2026-09-05T04:09:06.624+0000] {processor.py:161} INFO - Started process (PID=651) to work on /opt/airflow/dags/steam_analytics.py
[2026-09-05T04:09:06.624+0000] {processor.py:830} INFO - Processing file /opt/airflow/dags/steam_analytics.py for tasks to queue
[2026-09-05T04:09:06.626+0000] {logging_mixin.py:188} INFO - [2026-09-05T04:09:06.626+0000] {dagbag.py:545} INFO - Filling up the DagBag from /opt/airflow/dags/steam_analytics.py
[2026-09-05T04:09:06.764+0000] {processor.py:840} INFO - DAG(s) 'steam_analytics_daily' retrieved from /opt/airflow/dags/steam_analytics.py
[2026-09-05T04:09:06.790+0000] {logging_mixin.py:188} INFO - [2026-09-05T04:09:06.790+0000] {dag.py:3089} INFO - Sync 1 DAGs
[2026-09-05T04:09:06.808+0000] {logging_mixin.py:188} INFO - [2026-09-05T04:09:06.808+0000] {dag.py:3947} INFO - Setting next_dagrun for steam_analytics_daily to 2026-09-05 02:00:00+00:00, run_after=2026-09-06 02:00:00+00:00
[2026-09-05T04:09:06.823+0000] {processor.py:183} INFO - Processing /opt/airflow/dags/steam_analytics.py took 0.204 seconds
[2026-09-05T04:09:36.937+0000] {processor.py:161} INFO - Started process (PID=656) to work on /opt/airflow/dags/steam_analytics.py
[2026-09-05T04:09:36.937+0000] {processor.py:830} INFO - Processing file /opt/airflow/dags/steam_analytics.py for tasks to queue
[2026-09-05T04:09:36.939+0000] {logging_mixin.py:188} INFO - [2026-09-05T04:09:36.939+0000] {dagbag.py:545} INFO - Filling up the DagBag from /opt/airflow/dags/steam_analytics.py
[2026-09-05T04:09:37.080+0000] {processor.py:840} INFO - DAG(s) 'steam_analytics_daily' retrieved from /opt/airflow/dags/steam_analytics.py
[2026-09-05T04:09:37.105+0000] {logging_mixin.py:188} INFO - [2026-09-05T04:09:37.104+0000] {dag.py:3089} INFO - Sync 1 DAGs
[2026-09-05T04:09:37.123+0000] {logging_mixin.py:188} INFO - [2026-09-05T04:09:37.122+0000] {dag.py:3947} INFO - Setting next_dagrun for steam_analytics_daily to 2026-09-05 02:00:00+00:00, run_after=2026-09-06 02:00:00+00:00
[2026-09-05T04:09:37.140+0000] {processor.py:183} INFO - Processing /opt/airflow/dags/steam_analytics.py took 0.208 seconds
[2026-09-05T04:10:07.261+0000] {processor.py:161} INFO - Started process (PID=661) to work on /opt/airflow/dags/steam_analytics.py
[2026-09-05T04:10:07.261+0000] {processor.py:830} INFO - Processing file /opt/airflow/dags/steam_analytics.py for tasks to queue
[2026-09-05T04:10:07.263+0000] {logging_mixin.py:188} INFO - [2026-09-05T04:10:07.262+0000] {dagbag.py:545} INFO - Filling up the DagBag from /opt/airflow/dags/steam_analytics.py
[2026-09-05T04:10:07.403+0000] {processor.py:840} INFO - DAG(s) 'steam_analytics_daily' retrieved from /opt/airflow/dags/steam_analytics.py
[2026-09-05T04:10:07.427+0000] {logging_mixin.py:188} INFO - [2026-09-05T04:10:07.427+0000] {dag.py:3089} INFO - Sync 1 DAGs
[2026-09-05T04:10:07.447+0000] {logging_mixin.py:188} INFO - [2026-09-05T04:10:07.447+0000] {dag.py:3947} INFO - Setting next_dagrun for steam_analytics_daily to 2026-09-05 02:00:00+00:00, run_after=2026-09-06 02:00:00+00:00
[2026-09-05T04:10:07.463+0000] {processor.py:183} INFO - Processing /opt/airflow/dags/steam_analytics.py took 0.207 seconds
[2026-09-05T04:10:37.578+0000] {processor.py:161} INFO - Started process (PID=666) to work on /opt/airflow/dags/steam_analytics.py
[2026-09-05T04:10:37.579+0000] {processor.py:830} INFO - Processing file /opt/airflow/dags/steam_analytics.py for tasks to queue
[2026-09-05T04:10:37.580+0000] {logging_mixin.py:188} INFO - [2026-09-05T04:10:37.580+0000] {dagbag.py:545} INFO - Filling up the DagBag from /opt/airflow/dags/steam_analytics.py
[2026-09-05T04:10:37.717+0000] {processor.py:840} INFO - DAG(s) 'steam_analytics_daily' retrieved from /opt/airflow/dags/steam_analytics.py
[2026-09-05T04:10:37.740+0000] {logging_mixin.py:188} INFO - [2026-09-05T04:10:37.740+0000] {dag.py:3089} INFO - Sync 1 DAGs
[2026-09-05T04:10:37.761+0000] {logging_mixin.py:188} INFO - [2026-09-05T04:10:37.761+0000] {dag.py:3947} INFO - Setting next_dagrun for steam_analytics_daily to 2026-09-05 02:00:00+00:00, run_after=2026-09-06 02:00:00+00:00
[2026-09-05T04:10:37.776+0000] {processor.py:183} INFO - Processing /opt/airflow/dags/steam_analytics.py took 0.202 seconds
[2026-09-05T04:11:07.891+0000] {processor.py:161} INFO - Started process (PID=671) to work on /opt/airflow/dags/steam_analytics.py
[2026-09-05T04:11:07.892+0000] {processor.py:830} INFO - Processing file /opt/airflow/dags/steam_analytics.py for tasks to queue
[2026-09-05T04:11:07.893+0000] {logging_mixin.py:188} INFO - [2026-09-05T04:11:07.893+0000] {dagbag.py:545} INFO - Filling up the DagBag from /opt/airflow/dags/steam_analytics.py
[2026-09-05T04:11:08.028+0000] {processor.py:840} INFO - DAG(s) 'steam_analytics_daily' retrieved from /opt/airflow/dags/steam_analytics.py
[2026-09-05T04:11:08.054+0000] {logging_mixin.py:188} INFO - [2026-09-05T04:11:08.054+0000] {dag.py:3089} INFO - Sync 1 DAGs
[2026-09-05T04:11:08.073+0000] {logging_mixin.py:188} INFO - [2026-09-05T04:11:08.073+0000] {dag.py:3947} INFO - Setting next_dagrun for steam_analytics_daily to 2026-09-05 02:00:00+00:00, run_after=2026-09-06 02:00:00+00:00
[2026-09-05T04:11:08.088+0000] {processor.py:183} INFO - Processing /opt/airflow/dags/steam_analytics.py took 0.201 seconds
[2026-09-05T04:11:38.201+0000] {processor.py:161} INFO - Started process (PID=676) to work on /opt/airflow/dags/steam_analytics.py
[2026-09-05T04:11:38.202+0000] {processor.py:830} INFO - Processing file /opt/airflow/dags/steam_analytics.py for tasks to queue
[2026-09-05T04:11:38.203+0000] {logging_mixin.py:188} INFO - [2026-09-05T04:11:38.203+0000] {dagbag.py:545} INFO - Filling up the DagBag from /opt/airflow/dags/steam_analytics.py
[2026-09-05T04:11:38.332+0000] {processor.py:840} INFO - DAG(s) 'steam_analytics_daily' retrieved from /opt/airflow/dags/steam_analytics.py
[2026-09-05T04:11:38.359+0000] {logging_mixin.py:188} INFO - [2026-09-05T04:11:38.358+0000] {dag.py:3089} INFO - Sync 1 DAGs
[2026-09-05T04:11:38.381+0000] {logging_mixin.py:188} INFO - [2026-09-05T04:11:38.381+0000] {dag.py:3947} INFO - Setting next_dagrun for steam_analytics_daily to 2026-09-05 02:00:00+00:00, run_after=2026-09-06 02:00:00+00:00
[2026-09-05T04:11:38.397+0000] {processor.py:183} INFO - Processing /opt/airflow/dags/steam_analytics.py took 0.200 seconds
[2026-09-05T04:12:08.518+0000] {processor.py:161} INFO - Started process (PID=681) to work on /opt/airflow/dags/steam_analytics.py
[2026-09-05T04:12:08.519+0000] {processor.py:830} INFO - Processing file /opt/airflow/dags/steam_analytics.py for tasks to queue
[2026-09-05T04:12:08.520+0000] {logging_mixin.py:188} INFO - [2026-09-05T04:12:08.520+0000] {dagbag.py:545} INFO - Filling up the DagBag from /opt/airflow/dags/steam_analytics.py
[2026-09-05T04:12:08.650+0000] {processor.py:840} INFO - DAG(s) 'steam_analytics_daily' retrieved from /opt/airflow/dags/steam_analytics.py
[2026-09-05T04:12:08.674+0000] {logging_mixin.py:188} INFO - [2026-09-05T04:12:08.674+0000] {dag.py:3089} INFO - Sync 1 DAGs
[2026-09-05T04:12:08.693+0000] {logging_mixin.py:188} INFO - [2026-09-05T04:12:08.693+0000] {dag.py:3947} INFO - Setting next_dagrun for steam_analytics_daily to 2026-09-05 02:00:00+00:00, run_after=2026-09-06 02:00:00+00:00
[2026-09-05T04:12:08.713+0000] {processor.py:183} INFO - Processing /opt/airflow/dags/steam_analytics.py took 0.199 seconds
[2026-09-05T04:12:38.833+0000] {processor.py:161} INFO - Started process (PID=686) to work on /opt/airflow/dags/steam_analytics.py
[2026-09-05T04:12:38.833+0000] {processor.py:830} INFO - Processing file /opt/airflow/dags/steam_analytics.py for tasks to queue
[2026-09-05T04:12:38.835+0000] {logging_mixin.py:188} INFO - [2026-09-05T04:12:38.835+0000] {dagbag.py:545} INFO - Filling up the DagBag from /opt/airflow/dags/steam_analytics.py
[2026-09-05T04:12:38.968+0000] {processor.py:840} INFO - DAG(s) 'steam_analytics_daily' retrieved from /opt/airflow/dags/steam_analytics.py
[2026-09-05T04:12:38.995+0000] {logging_mixin.py:188} INFO - [2026-09-05T04:12:38.995+0000] {dag.py:3089} INFO - Sync 1 DAGs
[2026-09-05T04:12:39.015+0000] {logging_mixin.py:188} INFO - [2026-09-05T04:12:39.015+0000] {dag.py:3947} INFO - Setting next_dagrun for steam_analytics_daily to 2026-09-05 02:00:00+00:00, run_after=2026-09-06 02:00:00+00:00
[2026-09-05T04:12:39.030+0000] {processor.py:183} INFO - Processing /opt/airflow/dags/steam_analytics.py took 0.201 seconds
[2026-09-05T04:13:09.147+0000] {processor.py:161} INFO - Started process (PID=691) to work on /opt/airflow/dags/steam_analytics.py
[2026-09-05T04:13:09.148+0000] {processor.py:830} INFO - Processing file /opt/airflow/dags/steam_analytics.py for tasks to queue
[2026-09-05T04:13:09.149+0000] {logging_mixin.py:188} INFO - [2026-09-05T04:13:09.149+0000] {dagbag.py:545} INFO - Filling up the DagBag from /opt/airflow/dags/steam_analytics.py
[2026-09-05T04:13:09.276+0000] {processor.py:840} INFO - DAG(s) 'steam_analytics_daily' retrieved from /opt/airflow/dags/steam_analytics.py
[2026-09-05T04:13:09.301+0000] {logging_mixin.py:188} INFO - [2026-09-05T04:13:09.300+0000] {dag.py:3089} INFO - Sync 1 DAGs
[2026-09-05T04:13:09.319+0000] {logging_mixin.py:188} INFO - [2026-09-05T04:13:09.319+0000] {dag.py:3947} INFO - Setting next_dagrun for steam_analytics_daily to 2026-09-05 02:00:00+00:00, run_after=2026-09-06 02:00:00+00:00
[2026-09-05T04:13:09.334+0000] {processor.py:183} INFO - Processing /opt/airflow/dags/steam_analytics.py took 0.191 seconds
[2026-09-05T04:13:39.477+0000] {processor.py:161} INFO - Started process (PID=696) to work on /opt/airflow/dags/steam_analytics.py
[2026-09-05T04:13:39.478+0000] {processor.py:830} INFO - Processing file /opt/airflow/dags/steam_analytics.py for tasks to queue
[2026-09-05T04:13:39.479+0000] {logging_mixin.py:188} INFO - [2026-09-05T04:13:39.479+0000] {dagbag.py:545} INFO - Filling up the DagBag from /opt/airflow/dags/steam_analytics.py
[2026-09-05T04:13:39.607+0000] {processor.py:840} INFO - DAG(s) 'steam_analytics_daily' retrieved from /opt/airflow/dags/steam_analytics.py
[2026-09-05T04:13:39.632+0000] {logging_mixin.py:188} INFO - [2026-09-05T04:13:39.631+0000] {dag.py:3089} INFO - Sync 1 DAGs
[2026-09-05T04:13:39.650+0000] {logging_mixin.py:188} INFO - [2026-09-05T04:13:39.650+0000] {dag.py:3947} INFO - Setting next_dagrun for steam_analytics_daily to 2026-09-05 02:00:00+00:00, run_after=2026-09-06 02:00:00+00:00
[2026-09-05T04:13:39.665+0000] {processor.py:183} INFO - Processing /opt/airflow/dags/steam_analytics.py took 0.192 seconds
[2026-09-05T04:14:09.783+0000] {processor.py:161} INFO - Started process (PID=701) to work on /opt/airflow/dags/steam_analytics.py
[2026-09-05T04:14:09.783+0000] {processor.py:830} INFO - Processing file /opt/airflow/dags/steam_analytics.py for tasks to queue
[2026-09-05T04:14:09.785+0000] {logging_mixin.py:188} INFO - [2026-09-05T04:14:09.784+0000] {dagbag.py:545} INFO - Filling up the DagBag from /opt/airflow/dags/steam_analytics.py
[2026-09-05T04:14:09.912+0000] {processor.py:840} INFO - DAG(s) 'steam_analytics_daily' retrieved from /opt/airflow/dags/steam_analytics.py
[2026-09-05T04:14:09.936+0000] {logging_mixin.py:188} INFO - [2026-09-05T04:14:09.936+0000] {dag.py:3089} INFO - Sync 1 DAGs
[2026-09-05T04:14:09.954+0000] {logging_mixin.py:188} INFO - [2026-09-05T04:14:09.954+0000] {dag.py:3947} INFO - Setting next_dagrun for steam_analytics_daily to 2026-09-05 02:00:00+00:00, run_after=2026-09-06 02:00:00+00:00
[2026-09-05T04:14:09.968+0000] {processor.py:183} INFO - Processing /opt/airflow/dags/steam_analytics.py took 0.190 seconds
[2026-09-05T04:14:40.080+0000] {processor.py:161} INFO - Started process (PID=706) to work on /opt/airflow/dags/steam_analytics.py
[2026-09-05T04:14:40.081+0000] {processor.py:830} INFO - Processing file /opt/airflow/dags/steam_analytics.py for tasks to queue
[2026-09-05T04:14:40.083+0000] {logging_mixin.py:188} INFO - [2026-09-05T04:14:40.082+0000] {dagbag.py:545} INFO - Filling up the DagBag from /opt/airflow/dags/steam_analytics.py
[2026-09-05T04:14:40.208+0000] {processor.py:840} INFO - DAG(s) 'steam_analytics_daily' retrieved from /opt/airflow/dags/steam_analytics.py
[2026-09-05T04:14:40.233+0000] {logging_mixin.py:188} INFO - [2026-09-05T04:14:40.233+0000] {dag.py:3089} INFO - Sync 1 DAGs
[2026-09-05T04:14:40.252+0000] {logging_mixin.py:188} INFO - [2026-09-05T04:14:40.252+0000] {dag.py:3947} INFO - Setting next_dagrun for steam_analytics_daily to 2026-09-05 02:00:00+00:00, run_after=2026-09-06 02:00:00+00:00
[2026-09-05T04:14:40.266+0000] {processor.py:183} INFO - Processing /opt/airflow/dags/steam_analytics.py took 0.190 seconds
[2026-09-05T04:15:10.379+0000] {processor.py:161} INFO - Started process (PID=711) to work on /opt/airflow/dags/steam_analytics.py
[2026-09-05T04:15:10.380+0000] {processor.py:830} INFO - Processing file /opt/airflow/dags/steam_analytics.py for tasks to queue
[2026-09-05T04:15:10.381+0000] {logging_mixin.py:188} INFO - [2026-09-05T04:15:10.381+0000] {dagbag.py:545} INFO - Filling up the DagBag from /opt/airflow/dags/steam_analytics.py
[2026-09-05T04:15:10.509+0000] {processor.py:840} INFO - DAG(s) 'steam_analytics_daily' retrieved from /opt/airflow/dags/steam_analytics.py
[2026-09-05T04:15:10.533+0000] {logging_mixin.py:188} INFO - [2026-09-05T04:15:10.533+0000] {dag.py:3089} INFO - Sync 1 DAGs
[2026-09-05T04:15:10.551+0000] {logging_mixin.py:188} INFO - [2026-09-05T04:15:10.551+0000] {dag.py:3947} INFO - Setting next_dagrun for steam_analytics_daily to 2026-09-05 02:00:00+00:00, run_after=2026-09-06 02:00:00+00:00
[2026-09-05T04:15:10.567+0000] {processor.py:183} INFO - Processing /opt/airflow/dags/steam_analytics.py took 0.192 seconds
[2026-09-05T04:15:40.690+0000] {processor.py:161} INFO - Started process (PID=716) to work on /opt/airflow/dags/steam_analytics.py
[2026-09-05T04:15:40.691+0000] {processor.py:830} INFO - Processing file /opt/airflow/dags/steam_analytics.py for tasks to queue
[2026-09-05T04:15:40.692+0000] {logging_mixin.py:188} INFO - [2026-09-05T04:15:40.692+0000] {dagbag.py:545} INFO - Filling up the DagBag from /opt/airflow/dags/steam_analytics.py
[2026-09-05T04:15:40.824+0000] {processor.py:840} INFO - DAG(s) 'steam_analytics_daily' retrieved from /opt/airflow/dags/steam_analytics.py
[2026-09-05T04:15:40.849+0000] {logging_mixin.py:188} INFO - [2026-09-05T04:15:40.849+0000] {dag.py:3089} INFO - Sync 1 DAGs
[2026-09-05T04:15:40.869+0000] {logging_mixin.py:188} INFO - [2026-09-05T04:15:40.868+0000] {dag.py:3947} INFO - Setting next_dagrun for steam_analytics_daily to 2026-09-05 02:00:00+00:00, run_after=2026-09-06 02:00:00+00:00
[2026-09-05T04:15:40.884+0000] {processor.py:183} INFO - Processing /opt/airflow/dags/steam_analytics.py took 0.199 seconds
[2026-09-05T04:16:11.001+0000] {processor.py:161} INFO - Started process (PID=721) to work on /opt/airflow/dags/steam_analytics.py
[2026-09-05T04:16:11.002+0000] {processor.py:830} INFO - Processing file /opt/airflow/dags/steam_analytics.py for tasks to queue
[2026-09-05T04:16:11.003+0000] {logging_mixin.py:188} INFO - [2026-09-05T04:16:11.003+0000] {dagbag.py:545} INFO - Filling up the DagBag from /opt/airflow/dags/steam_analytics.py
[2026-09-05T04:16:11.132+0000] {processor.py:840} INFO - DAG(s) 'steam_analytics_daily' retrieved from /opt/airflow/dags/steam_analytics.py
[2026-09-05T04:16:11.156+0000] {logging_mixin.py:188} INFO - [2026-09-05T04:16:11.155+0000] {dag.py:3089} INFO - Sync 1 DAGs
[2026-09-05T04:16:11.173+0000] {logging_mixin.py:188} INFO - [2026-09-05T04:16:11.173+0000] {dag.py:3947} INFO - Setting next_dagrun for steam_analytics_daily to 2026-09-05 02:00:00+00:00, run_after=2026-09-06 02:00:00+00:00
[2026-09-05T04:16:11.188+0000] {processor.py:183} INFO - Processing /opt/airflow/dags/steam_analytics.py took 0.191 seconds
[2026-09-05T04:16:41.302+0000] {processor.py:161} INFO - Started process (PID=726) to work on /opt/airflow/dags/steam_analytics.py
[2026-09-05T04:16:41.302+0000] {processor.py:830} INFO - Processing file /opt/airflow/dags/steam_analytics.py for tasks to queue
[2026-09-05T04:16:41.304+0000] {logging_mixin.py:188} INFO - [2026-09-05T04:16:41.304+0000] {dagbag.py:545} INFO - Filling up the DagBag from /opt/airflow/dags/steam_analytics.py
[2026-09-05T04:16:41.439+0000] {processor.py:840} INFO - DAG(s) 'steam_analytics_daily' retrieved from /opt/airflow/dags/steam_analytics.py
[2026-09-05T04:16:41.462+0000] {logging_mixin.py:188} INFO - [2026-09-05T04:16:41.462+0000] {dag.py:3089} INFO - Sync 1 DAGs
[2026-09-05T04:16:41.481+0000] {logging_mixin.py:188} INFO - [2026-09-05T04:16:41.480+0000] {dag.py:3947} INFO - Setting next_dagrun for steam_analytics_daily to 2026-09-05 02:00:00+00:00, run_after=2026-09-06 02:00:00+00:00
[2026-09-05T04:16:41.496+0000] {processor.py:183} INFO - Processing /opt/airflow/dags/steam_analytics.py took 0.198 seconds
[2026-09-05T04:17:11.608+0000] {processor.py:161} INFO - Started process (PID=731) to work on /opt/airflow/dags/steam_analytics.py
[2026-09-05T04:17:11.609+0000] {processor.py:830} INFO - Processing file /opt/airflow/dags/steam_analytics.py for tasks to queue
[2026-09-05T04:17:11.611+0000] {logging_mixin.py:188} INFO - [2026-09-05T04:17:11.610+0000] {dagbag.py:545} INFO - Filling up the DagBag from /opt/airflow/dags/steam_analytics.py
[2026-09-05T04:17:11.774+0000] {processor.py:840} INFO - DAG(s) 'steam_analytics_daily' retrieved from /opt/airflow/dags/steam_analytics.py
[2026-09-05T04:17:11.804+0000] {logging_mixin.py:188} INFO - [2026-09-05T04:17:11.804+0000] {dag.py:3089} INFO - Sync 1 DAGs
[2026-09-05T04:17:11.825+0000] {logging_mixin.py:188} INFO - [2026-09-05T04:17:11.825+0000] {dag.py:3947} INFO - Setting next_dagrun for steam_analytics_daily to 2026-09-05 02:00:00+00:00, run_after=2026-09-06 02:00:00+00:00
[2026-09-05T04:17:11.840+0000] {processor.py:183} INFO - Processing /opt/airflow/dags/steam_analytics.py took 0.236 seconds
[2026-09-05T04:17:41.959+0000] {processor.py:161} INFO - Started process (PID=736) to work on /opt/airflow/dags/steam_analytics.py
[2026-09-05T04:17:41.960+0000] {processor.py:830} INFO - Processing file /opt/airflow/dags/steam_analytics.py for tasks to queue
[2026-09-05T04:17:41.961+0000] {logging_mixin.py:188} INFO - [2026-09-05T04:17:41.961+0000] {dagbag.py:545} INFO - Filling up the DagBag from /opt/airflow/dags/steam_analytics.py
[2026-09-05T04:17:42.088+0000] {processor.py:840} INFO - DAG(s) 'steam_analytics_daily' retrieved from /opt/airflow/dags/steam_analytics.py
[2026-09-05T04:17:42.112+0000] {logging_mixin.py:188} INFO - [2026-09-05T04:17:42.112+0000] {dag.py:3089} INFO - Sync 1 DAGs
[2026-09-05T04:17:42.130+0000] {logging_mixin.py:188} INFO - [2026-09-05T04:17:42.130+0000] {dag.py:3947} INFO - Setting next_dagrun for steam_analytics_daily to 2026-09-05 02:00:00+00:00, run_after=2026-09-06 02:00:00+00:00
[2026-09-05T04:17:42.144+0000] {processor.py:183} INFO - Processing /opt/airflow/dags/steam_analytics.py took 0.189 seconds
[2026-09-05T04:18:12.259+0000] {processor.py:161} INFO - Started process (PID=741) to work on /opt/airflow/dags/steam_analytics.py
[2026-09-05T04:18:12.260+0000] {processor.py:830} INFO - Processing file /opt/airflow/dags/steam_analytics.py for tasks to queue
[2026-09-05T04:18:12.261+0000] {logging_mixin.py:188} INFO - [2026-09-05T04:18:12.261+0000] {dagbag.py:545} INFO - Filling up the DagBag from /opt/airflow/dags/steam_analytics.py
[2026-09-05T04:18:12.390+0000] {processor.py:840} INFO - DAG(s) 'steam_analytics_daily' retrieved from /opt/airflow/dags/steam_analytics.py
[2026-09-05T04:18:12.414+0000] {logging_mixin.py:188} INFO - [2026-09-05T04:18:12.413+0000] {dag.py:3089} INFO - Sync 1 DAGs
[2026-09-05T04:18:12.432+0000] {logging_mixin.py:188} INFO - [2026-09-05T04:18:12.432+0000] {dag.py:3947} INFO - Setting next_dagrun for steam_analytics_daily to 2026-09-05 02:00:00+00:00, run_after=2026-09-06 02:00:00+00:00
[2026-09-05T04:18:12.446+0000] {processor.py:183} INFO - Processing /opt/airflow/dags/steam_analytics.py took 0.191 seconds
[2026-09-05T04:18:42.579+0000] {processor.py:161} INFO - Started process (PID=746) to work on /opt/airflow/dags/steam_analytics.py
[2026-09-05T04:18:42.579+0000] {processor.py:830} INFO - Processing file /opt/airflow/dags/steam_analytics.py for tasks to queue
[2026-09-05T04:18:42.581+0000] {logging_mixin.py:188} INFO - [2026-09-05T04:18:42.580+0000] {dagbag.py:545} INFO - Filling up the DagBag from /opt/airflow/dags/steam_analytics.py
[2026-09-05T04:18:42.712+0000] {processor.py:840} INFO - DAG(s) 'steam_analytics_daily' retrieved from /opt/airflow/dags/steam_analytics.py
[2026-09-05T04:18:42.736+0000] {logging_mixin.py:188} INFO - [2026-09-05T04:18:42.736+0000] {dag.py:3089} INFO - Sync 1 DAGs
[2026-09-05T04:18:42.754+0000] {logging_mixin.py:188} INFO - [2026-09-05T04:18:42.754+0000] {dag.py:3947} INFO - Setting next_dagrun for steam_analytics_daily to 2026-09-05 02:00:00+00:00, run_after=2026-09-06 02:00:00+00:00
[2026-09-05T04:18:42.769+0000] {processor.py:183} INFO - Processing /opt/airflow/dags/steam_analytics.py took 0.195 seconds
[2026-09-05T04:19:12.891+0000] {processor.py:161} INFO - Started process (PID=751) to work on /opt/airflow/dags/steam_analytics.py
[2026-09-05T04:19:12.892+0000] {processor.py:830} INFO - Processing file /opt/airflow/dags/steam_analytics.py for tasks to queue
[2026-09-05T04:19:12.893+0000] {logging_mixin.py:188} INFO - [2026-09-05T04:19:12.893+0000] {dagbag.py:545} INFO - Filling up the DagBag from /opt/airflow/dags/steam_analytics.py
[2026-09-05T04:19:13.021+0000] {processor.py:840} INFO - DAG(s) 'steam_analytics_daily' retrieved from /opt/airflow/dags/steam_analytics.py
[2026-09-05T04:19:13.045+0000] {logging_mixin.py:188} INFO - [2026-09-05T04:19:13.044+0000] {dag.py:3089} INFO - Sync 1 DAGs
[2026-09-05T04:19:13.063+0000] {logging_mixin.py:188} INFO - [2026-09-05T04:19:13.063+0000] {dag.py:3947} INFO - Setting next_dagrun for steam_analytics_daily to 2026-09-05 02:00:00+00:00, run_after=2026-09-06 02:00:00+00:00
[2026-09-05T04:19:13.078+0000] {processor.py:183} INFO - Processing /opt/airflow/dags/steam_analytics.py took 0.191 seconds
[2026-09-05T04:19:43.194+0000] {processor.py:161} INFO - Started process (PID=756) to work on /opt/airflow/dags/steam_analytics.py
[2026-09-05T04:19:43.195+0000] {processor.py:830} INFO - Processing file /opt/airflow/dags/steam_analytics.py for tasks to queue
[2026-09-05T04:19:43.196+0000] {logging_mixin.py:188} INFO - [2026-09-05T04:19:43.196+0000] {dagbag.py:545} INFO - Filling up the DagBag from /opt/airflow/dags/steam_analytics.py
[2026-09-05T04:19:43.325+0000] {processor.py:840} INFO - DAG(s) 'steam_analytics_daily' retrieved from /opt/airflow/dags/steam_analytics.py
[2026-09-05T04:19:43.350+0000] {logging_mixin.py:188} INFO - [2026-09-05T04:19:43.350+0000] {dag.py:3089} INFO - Sync 1 DAGs
[2026-09-05T04:19:43.372+0000] {logging_mixin.py:188} INFO - [2026-09-05T04:19:43.372+0000] {dag.py:3947} INFO - Setting next_dagrun for steam_analytics_daily to 2026-09-05 02:00:00+00:00, run_after=2026-09-06 02:00:00+00:00
[2026-09-05T04:19:43.386+0000] {processor.py:183} INFO - Processing /opt/airflow/dags/steam_analytics.py took 0.196 seconds
[2026-09-05T04:20:13.501+0000] {processor.py:161} INFO - Started process (PID=761) to work on /opt/airflow/dags/steam_analytics.py
[2026-09-05T04:20:13.501+0000] {processor.py:830} INFO - Processing file /opt/airflow/dags/steam_analytics.py for tasks to queue
[2026-09-05T04:20:13.503+0000] {logging_mixin.py:188} INFO - [2026-09-05T04:20:13.502+0000] {dagbag.py:545} INFO - Filling up the DagBag from /opt/airflow/dags/steam_analytics.py
[2026-09-05T04:20:13.630+0000] {processor.py:840} INFO - DAG(s) 'steam_analytics_daily' retrieved from /opt/airflow/dags/steam_analytics.py
[2026-09-05T04:20:13.654+0000] {logging_mixin.py:188} INFO - [2026-09-05T04:20:13.654+0000] {dag.py:3089} INFO - Sync 1 DAGs
[2026-09-05T04:20:13.672+0000] {logging_mixin.py:188} INFO - [2026-09-05T04:20:13.672+0000] {dag.py:3947} INFO - Setting next_dagrun for steam_analytics_daily to 2026-09-05 02:00:00+00:00, run_after=2026-09-06 02:00:00+00:00
[2026-09-05T04:20:13.687+0000] {processor.py:183} INFO - Processing /opt/airflow/dags/steam_analytics.py took 0.190 seconds
[2026-09-05T04:20:43.802+0000] {processor.py:161} INFO - Started process (PID=766) to work on /opt/airflow/dags/steam_analytics.py
[2026-09-05T04:20:43.802+0000] {processor.py:830} INFO - Processing file /opt/airflow/dags/steam_analytics.py for tasks to queue
[2026-09-05T04:20:43.804+0000] {logging_mixin.py:188} INFO - [2026-09-05T04:20:43.803+0000] {dagbag.py:545} INFO - Filling up the DagBag from /opt/airflow/dags/steam_analytics.py
[2026-09-05T04:20:43.931+0000] {processor.py:840} INFO - DAG(s) 'steam_analytics_daily' retrieved from /opt/airflow/dags/steam_analytics.py
[2026-09-05T04:20:43.955+0000] {logging_mixin.py:188} INFO - [2026-09-05T04:20:43.954+0000] {dag.py:3089} INFO - Sync 1 DAGs
[2026-09-05T04:20:43.978+0000] {logging_mixin.py:188} INFO - [2026-09-05T04:20:43.977+0000] {dag.py:3947} INFO - Setting next_dagrun for steam_analytics_daily to 2026-09-05 02:00:00+00:00, run_after=2026-09-06 02:00:00+00:00
[2026-09-05T04:20:43.997+0000] {processor.py:183} INFO - Processing /opt/airflow/dags/steam_analytics.py took 0.200 seconds
[2026-09-05T04:21:14.116+0000] {processor.py:161} INFO - Started process (PID=771) to work on /opt/airflow/dags/steam_analytics.py
[2026-09-05T04:21:14.117+0000] {processor.py:830} INFO - Processing file /opt/airflow/dags/steam_analytics.py for tasks to queue
[2026-09-05T04:21:14.119+0000] {logging_mixin.py:188} INFO - [2026-09-05T04:21:14.119+0000] {dagbag.py:545} INFO - Filling up the DagBag from /opt/airflow/dags/steam_analytics.py
[2026-09-05T04:21:14.253+0000] {processor.py:840} INFO - DAG(s) 'steam_analytics_daily' retrieved from /opt/airflow/dags/steam_analytics.py
[2026-09-05T04:21:14.278+0000] {logging_mixin.py:188} INFO - [2026-09-05T04:21:14.277+0000] {dag.py:3089} INFO - Sync 1 DAGs
[2026-09-05T04:21:14.297+0000] {logging_mixin.py:188} INFO - [2026-09-05T04:21:14.297+0000] {dag.py:3947} INFO - Setting next_dagrun for steam_analytics_daily to 2026-09-05 02:00:00+00:00, run_after=2026-09-06 02:00:00+00:00
[2026-09-05T04:21:14.312+0000] {processor.py:183} INFO - Processing /opt/airflow/dags/steam_analytics.py took 0.200 seconds
[2026-09-05T04:21:44.431+0000] {processor.py:161} INFO - Started process (PID=776) to work on /opt/airflow/dags/steam_analytics.py
[2026-09-05T04:21:44.431+0000] {processor.py:830} INFO - Processing file /opt/airflow/dags/steam_analytics.py for tasks to queue
[2026-09-05T04:21:44.433+0000] {logging_mixin.py:188} INFO - [2026-09-05T04:21:44.432+0000] {dagbag.py:545} INFO - Filling up the DagBag from /opt/airflow/dags/steam_analytics.py
[2026-09-05T04:21:44.559+0000] {processor.py:840} INFO - DAG(s) 'steam_analytics_daily' retrieved from /opt/airflow/dags/steam_analytics.py
[2026-09-05T04:21:44.584+0000] {logging_mixin.py:188} INFO - [2026-09-05T04:21:44.583+0000] {dag.py:3089} INFO - Sync 1 DAGs
[2026-09-05T04:21:44.602+0000] {logging_mixin.py:188} INFO - [2026-09-05T04:21:44.602+0000] {dag.py:3947} INFO - Setting next_dagrun for steam_analytics_daily to 2026-09-05 02:00:00+00:00, run_after=2026-09-06 02:00:00+00:00
[2026-09-05T04:21:44.617+0000] {processor.py:183} INFO - Processing /opt/airflow/dags/steam_analytics.py took 0.191 seconds
[2026-09-05T04:22:14.732+0000] {processor.py:161} INFO - Started process (PID=781) to work on /opt/airflow/dags/steam_analytics.py
[2026-09-05T04:22:14.733+0000] {processor.py:830} INFO - Processing file /opt/airflow/dags/steam_analytics.py for tasks to queue
[2026-09-05T04:22:14.734+0000] {logging_mixin.py:188} INFO - [2026-09-05T04:22:14.734+0000] {dagbag.py:545} INFO - Filling up the DagBag from /opt/airflow/dags/steam_analytics.py
[2026-09-05T04:22:14.877+0000] {processor.py:840} INFO - DAG(s) 'steam_analytics_daily' retrieved from /opt/airflow/dags/steam_analytics.py
[2026-09-05T04:22:14.903+0000] {logging_mixin.py:188} INFO - [2026-09-05T04:22:14.902+0000] {dag.py:3089} INFO - Sync 1 DAGs
[2026-09-05T04:22:14.922+0000] {logging_mixin.py:188} INFO - [2026-09-05T04:22:14.921+0000] {dag.py:3947} INFO - Setting next_dagrun for steam_analytics_daily to 2026-09-05 02:00:00+00:00, run_after=2026-09-06 02:00:00+00:00
[2026-09-05T04:22:14.939+0000] {processor.py:183} INFO - Processing /opt/airflow/dags/steam_analytics.py took 0.211 seconds
[2026-09-05T04:22:45.053+0000] {processor.py:161} INFO - Started process (PID=786) to work on /opt/airflow/dags/steam_analytics.py
[2026-09-05T04:22:45.054+0000] {processor.py:830} INFO - Processing file /opt/airflow/dags/steam_analytics.py for tasks to queue
[2026-09-05T04:22:45.055+0000] {logging_mixin.py:188} INFO - [2026-09-05T04:22:45.055+0000] {dagbag.py:545} INFO - Filling up the DagBag from /opt/airflow/dags/steam_analytics.py
[2026-09-05T04:22:45.181+0000] {processor.py:840} INFO - DAG(s) 'steam_analytics_daily' retrieved from /opt/airflow/dags/steam_analytics.py
[2026-09-05T04:22:45.206+0000] {logging_mixin.py:188} INFO - [2026-09-05T04:22:45.206+0000] {dag.py:3089} INFO - Sync 1 DAGs
[2026-09-05T04:22:45.225+0000] {logging_mixin.py:188} INFO - [2026-09-05T04:22:45.225+0000] {dag.py:3947} INFO - Setting next_dagrun for steam_analytics_daily to 2026-09-05 02:00:00+00:00, run_after=2026-09-06 02:00:00+00:00
[2026-09-05T04:22:45.240+0000] {processor.py:183} INFO - Processing /opt/airflow/dags/steam_analytics.py took 0.191 seconds
[2026-09-05T04:23:15.361+0000] {processor.py:161} INFO - Started process (PID=791) to work on /opt/airflow/dags/steam_analytics.py
[2026-09-05T04:23:15.361+0000] {processor.py:830} INFO - Processing file /opt/airflow/dags/steam_analytics.py for tasks to queue
[2026-09-05T04:23:15.363+0000] {logging_mixin.py:188} INFO - [2026-09-05T04:23:15.363+0000] {dagbag.py:545} INFO - Filling up the DagBag from /opt/airflow/dags/steam_analytics.py
[2026-09-05T04:23:15.491+0000] {processor.py:840} INFO - DAG(s) 'steam_analytics_daily' retrieved from /opt/airflow/dags/steam_analytics.py
[2026-09-05T04:23:15.514+0000] {logging_mixin.py:188} INFO - [2026-09-05T04:23:15.514+0000] {dag.py:3089} INFO - Sync 1 DAGs
[2026-09-05T04:23:15.534+0000] {logging_mixin.py:188} INFO - [2026-09-05T04:23:15.534+0000] {dag.py:3947} INFO - Setting next_dagrun for steam_analytics_daily to 2026-09-05 02:00:00+00:00, run_after=2026-09-06 02:00:00+00:00
[2026-09-05T04:23:15.548+0000] {processor.py:183} INFO - Processing /opt/airflow/dags/steam_analytics.py took 0.192 seconds
[2026-09-05T04:23:45.683+0000] {processor.py:161} INFO - Started process (PID=796) to work on /opt/airflow/dags/steam_analytics.py
[2026-09-05T04:23:45.684+0000] {processor.py:830} INFO - Processing file /opt/airflow/dags/steam_analytics.py for tasks to queue
[2026-09-05T04:23:45.685+0000] {logging_mixin.py:188} INFO - [2026-09-05T04:23:45.685+0000] {dagbag.py:545} INFO - Filling up the DagBag from /opt/airflow/dags/steam_analytics.py
[2026-09-05T04:23:45.815+0000] {processor.py:840} INFO - DAG(s) 'steam_analytics_daily' retrieved from /opt/airflow/dags/steam_analytics.py
[2026-09-05T04:23:45.839+0000] {logging_mixin.py:188} INFO - [2026-09-05T04:23:45.839+0000] {dag.py:3089} INFO - Sync 1 DAGs
[2026-09-05T04:23:45.859+0000] {logging_mixin.py:188} INFO - [2026-09-05T04:23:45.858+0000] {dag.py:3947} INFO - Setting next_dagrun for steam_analytics_daily to 2026-09-05 02:00:00+00:00, run_after=2026-09-06 02:00:00+00:00
[2026-09-05T04:23:45.873+0000] {processor.py:183} INFO - Processing /opt/airflow/dags/steam_analytics.py took 0.195 seconds
[2026-09-05T04:24:15.986+0000] {processor.py:161} INFO - Started process (PID=801) to work on /opt/airflow/dags/steam_analytics.py
[2026-09-05T04:24:15.986+0000] {processor.py:830} INFO - Processing file /opt/airflow/dags/steam_analytics.py for tasks to queue
[2026-09-05T04:24:15.988+0000] {logging_mixin.py:188} INFO - [2026-09-05T04:24:15.988+0000] {dagbag.py:545} INFO - Filling up the DagBag from /opt/airflow/dags/steam_analytics.py
[2026-09-05T04:24:16.120+0000] {processor.py:840} INFO - DAG(s) 'steam_analytics_daily' retrieved from /opt/airflow/dags/steam_analytics.py
[2026-09-05T04:24:16.145+0000] {logging_mixin.py:188} INFO - [2026-09-05T04:24:16.144+0000] {dag.py:3089} INFO - Sync 1 DAGs
[2026-09-05T04:24:16.163+0000] {logging_mixin.py:188} INFO - [2026-09-05T04:24:16.163+0000] {dag.py:3947} INFO - Setting next_dagrun for steam_analytics_daily to 2026-09-05 02:00:00+00:00, run_after=2026-09-06 02:00:00+00:00
[2026-09-05T04:24:16.179+0000] {processor.py:183} INFO - Processing /opt/airflow/dags/steam_analytics.py took 0.197 seconds
[2026-09-05T04:24:46.290+0000] {processor.py:161} INFO - Started process (PID=806) to work on /opt/airflow/dags/steam_analytics.py
[2026-09-05T04:24:46.291+0000] {processor.py:830} INFO - Processing file /opt/airflow/dags/steam_analytics.py for tasks to queue
[2026-09-05T04:24:46.292+0000] {logging_mixin.py:188} INFO - [2026-09-05T04:24:46.292+0000] {dagbag.py:545} INFO - Filling up the DagBag from /opt/airflow/dags/steam_analytics.py
[2026-09-05T04:24:46.423+0000] {processor.py:840} INFO - DAG(s) 'steam_analytics_daily' retrieved from /opt/airflow/dags/steam_analytics.py
[2026-09-05T04:24:46.447+0000] {logging_mixin.py:188} INFO - [2026-09-05T04:24:46.447+0000] {dag.py:3089} INFO - Sync 1 DAGs
[2026-09-05T04:24:46.465+0000] {logging_mixin.py:188} INFO - [2026-09-05T04:24:46.465+0000] {dag.py:3947} INFO - Setting next_dagrun for steam_analytics_daily to 2026-09-05 02:00:00+00:00, run_after=2026-09-06 02:00:00+00:00
[2026-09-05T04:24:46.480+0000] {processor.py:183} INFO - Processing /opt/airflow/dags/steam_analytics.py took 0.195 seconds
[2026-09-05T04:25:16.597+0000] {processor.py:161} INFO - Started process (PID=811) to work on /opt/airflow/dags/steam_analytics.py
[2026-09-05T04:25:16.597+0000] {processor.py:830} INFO - Processing file /opt/airflow/dags/steam_analytics.py for tasks to queue
[2026-09-05T04:25:16.599+0000] {logging_mixin.py:188} INFO - [2026-09-05T04:25:16.598+0000] {dagbag.py:545} INFO - Filling up the DagBag from /opt/airflow/dags/steam_analytics.py
[2026-09-05T04:25:16.727+0000] {processor.py:840} INFO - DAG(s) 'steam_analytics_daily' retrieved from /opt/airflow/dags/steam_analytics.py
[2026-09-05T04:25:16.751+0000] {logging_mixin.py:188} INFO - [2026-09-05T04:25:16.751+0000] {dag.py:3089} INFO - Sync 1 DAGs
[2026-09-05T04:25:16.770+0000] {logging_mixin.py:188} INFO - [2026-09-05T04:25:16.769+0000] {dag.py:3947} INFO - Setting next_dagrun for steam_analytics_daily to 2026-09-05 02:00:00+00:00, run_after=2026-09-06 02:00:00+00:00
[2026-09-05T04:25:16.785+0000] {processor.py:183} INFO - Processing /opt/airflow/dags/steam_analytics.py took 0.193 seconds
[2026-09-05T04:25:46.901+0000] {processor.py:161} INFO - Started process (PID=816) to work on /opt/airflow/dags/steam_analytics.py
[2026-09-05T04:25:46.902+0000] {processor.py:830} INFO - Processing file /opt/airflow/dags/steam_analytics.py for tasks to queue
[2026-09-05T04:25:46.903+0000] {logging_mixin.py:188} INFO - [2026-09-05T04:25:46.903+0000] {dagbag.py:545} INFO - Filling up the DagBag from /opt/airflow/dags/steam_analytics.py
[2026-09-05T04:25:47.034+0000] {processor.py:840} INFO - DAG(s) 'steam_analytics_daily' retrieved from /opt/airflow/dags/steam_analytics.py
[2026-09-05T04:25:47.058+0000] {logging_mixin.py:188} INFO - [2026-09-05T04:25:47.058+0000] {dag.py:3089} INFO - Sync 1 DAGs
[2026-09-05T04:25:47.077+0000] {logging_mixin.py:188} INFO - [2026-09-05T04:25:47.077+0000] {dag.py:3947} INFO - Setting next_dagrun for steam_analytics_daily to 2026-09-05 02:00:00+00:00, run_after=2026-09-06 02:00:00+00:00
[2026-09-05T04:25:47.092+0000] {processor.py:183} INFO - Processing /opt/airflow/dags/steam_analytics.py took 0.195 seconds
[2026-09-05T04:26:17.206+0000] {processor.py:161} INFO - Started process (PID=821) to work on /opt/airflow/dags/steam_analytics.py
[2026-09-05T04:26:17.206+0000] {processor.py:830} INFO - Processing file /opt/airflow/dags/steam_analytics.py for tasks to queue
[2026-09-05T04:26:17.208+0000] {logging_mixin.py:188} INFO - [2026-09-05T04:26:17.207+0000] {dagbag.py:545} INFO - Filling up the DagBag from /opt/airflow/dags/steam_analytics.py
[2026-09-05T04:26:17.335+0000] {processor.py:840} INFO - DAG(s) 'steam_analytics_daily' retrieved from /opt/airflow/dags/steam_analytics.py
[2026-09-05T04:26:17.361+0000] {logging_mixin.py:188} INFO - [2026-09-05T04:26:17.360+0000] {dag.py:3089} INFO - Sync 1 DAGs
[2026-09-05T04:26:17.379+0000] {logging_mixin.py:188} INFO - [2026-09-05T04:26:17.379+0000] {dag.py:3947} INFO - Setting next_dagrun for steam_analytics_daily to 2026-09-05 02:00:00+00:00, run_after=2026-09-06 02:00:00+00:00
[2026-09-05T04:26:17.394+0000] {processor.py:183} INFO - Processing /opt/airflow/dags/steam_analytics.py took 0.192 seconds
[2026-09-05T04:26:47.509+0000] {processor.py:161} INFO - Started process (PID=826) to work on /opt/airflow/dags/steam_analytics.py
[2026-09-05T04:26:47.510+0000] {processor.py:830} INFO - Processing file /opt/airflow/dags/steam_analytics.py for tasks to queue
[2026-09-05T04:26:47.512+0000] {logging_mixin.py:188} INFO - [2026-09-05T04:26:47.511+0000] {dagbag.py:545} INFO - Filling up the DagBag from /opt/airflow/dags/steam_analytics.py
[2026-09-05T04:26:47.644+0000] {processor.py:840} INFO - DAG(s) 'steam_analytics_daily' retrieved from /opt/airflow/dags/steam_analytics.py
[2026-09-05T04:26:47.668+0000] {logging_mixin.py:188} INFO - [2026-09-05T04:26:47.667+0000] {dag.py:3089} INFO - Sync 1 DAGs
[2026-09-05T04:26:47.686+0000] {logging_mixin.py:188} INFO - [2026-09-05T04:26:47.686+0000] {dag.py:3947} INFO - Setting next_dagrun for steam_analytics_daily to 2026-09-05 02:00:00+00:00, run_after=2026-09-06 02:00:00+00:00
[2026-09-05T04:26:47.700+0000] {processor.py:183} INFO - Processing /opt/airflow/dags/steam_analytics.py took 0.195 seconds
[2026-09-05T04:27:17.818+0000] {processor.py:161} INFO - Started process (PID=831) to work on /opt/airflow/dags/steam_analytics.py
[2026-09-05T04:27:17.818+0000] {processor.py:830} INFO - Processing file /opt/airflow/dags/steam_analytics.py for tasks to queue
[2026-09-05T04:27:17.820+0000] {logging_mixin.py:188} INFO - [2026-09-05T04:27:17.819+0000] {dagbag.py:545} INFO - Filling up the DagBag from /opt/airflow/dags/steam_analytics.py
[2026-09-05T04:27:17.947+0000] {processor.py:840} INFO - DAG(s) 'steam_analytics_daily' retrieved from /opt/airflow/dags/steam_analytics.py
[2026-09-05T04:27:17.971+0000] {logging_mixin.py:188} INFO - [2026-09-05T04:27:17.971+0000] {dag.py:3089} INFO - Sync 1 DAGs
[2026-09-05T04:27:17.989+0000] {logging_mixin.py:188} INFO - [2026-09-05T04:27:17.988+0000] {dag.py:3947} INFO - Setting next_dagrun for steam_analytics_daily to 2026-09-05 02:00:00+00:00, run_after=2026-09-06 02:00:00+00:00
[2026-09-05T04:27:18.004+0000] {processor.py:183} INFO - Processing /opt/airflow/dags/steam_analytics.py took 0.190 seconds
[2026-09-05T04:27:48.121+0000] {processor.py:161} INFO - Started process (PID=836) to work on /opt/airflow/dags/steam_analytics.py
[2026-09-05T04:27:48.122+0000] {processor.py:830} INFO - Processing file /opt/airflow/dags/steam_analytics.py for tasks to queue
[2026-09-05T04:27:48.123+0000] {logging_mixin.py:188} INFO - [2026-09-05T04:27:48.123+0000] {dagbag.py:545} INFO - Filling up the DagBag from /opt/airflow/dags/steam_analytics.py
[2026-09-05T04:27:48.254+0000] {processor.py:840} INFO - DAG(s) 'steam_analytics_daily' retrieved from /opt/airflow/dags/steam_analytics.py
[2026-09-05T04:27:48.278+0000] {logging_mixin.py:188} INFO - [2026-09-05T04:27:48.278+0000] {dag.py:3089} INFO - Sync 1 DAGs
[2026-09-05T04:27:48.299+0000] {logging_mixin.py:188} INFO - [2026-09-05T04:27:48.299+0000] {dag.py:3947} INFO - Setting next_dagrun for steam_analytics_daily to 2026-09-05 02:00:00+00:00, run_after=2026-09-06 02:00:00+00:00
[2026-09-05T04:27:48.314+0000] {processor.py:183} INFO - Processing /opt/airflow/dags/steam_analytics.py took 0.197 seconds
[2026-09-05T04:28:18.434+0000] {processor.py:161} INFO - Started process (PID=841) to work on /opt/airflow/dags/steam_analytics.py
[2026-09-05T04:28:18.435+0000] {processor.py:830} INFO - Processing file /opt/airflow/dags/steam_analytics.py for tasks to queue
[2026-09-05T04:28:18.436+0000] {logging_mixin.py:188} INFO - [2026-09-05T04:28:18.436+0000] {dagbag.py:545} INFO - Filling up the DagBag from /opt/airflow/dags/steam_analytics.py
[2026-09-05T04:28:18.565+0000] {processor.py:840} INFO - DAG(s) 'steam_analytics_daily' retrieved from /opt/airflow/dags/steam_analytics.py
[2026-09-05T04:28:18.590+0000] {logging_mixin.py:188} INFO - [2026-09-05T04:28:18.590+0000] {dag.py:3089} INFO - Sync 1 DAGs
[2026-09-05T04:28:18.608+0000] {logging_mixin.py:188} INFO - [2026-09-05T04:28:18.608+0000] {dag.py:3947} INFO - Setting next_dagrun for steam_analytics_daily to 2026-09-05 02:00:00+00:00, run_after=2026-09-06 02:00:00+00:00
[2026-09-05T04:28:18.623+0000] {processor.py:183} INFO - Processing /opt/airflow/dags/steam_analytics.py took 0.194 seconds
[2026-09-05T04:28:48.760+0000] {processor.py:161} INFO - Started process (PID=846) to work on /opt/airflow/dags/steam_analytics.py
[2026-09-05T04:28:48.761+0000] {processor.py:830} INFO - Processing file /opt/airflow/dags/steam_analytics.py for tasks to queue
[2026-09-05T04:28:48.762+0000] {logging_mixin.py:188} INFO - [2026-09-05T04:28:48.762+0000] {dagbag.py:545} INFO - Filling up the DagBag from /opt/airflow/dags/steam_analytics.py
[2026-09-05T04:28:48.888+0000] {processor.py:840} INFO - DAG(s) 'steam_analytics_daily' retrieved from /opt/airflow/dags/steam_analytics.py
[2026-09-05T04:28:48.913+0000] {logging_mixin.py:188} INFO - [2026-09-05T04:28:48.913+0000] {dag.py:3089} INFO - Sync 1 DAGs
[2026-09-05T04:28:48.931+0000] {logging_mixin.py:188} INFO - [2026-09-05T04:28:48.931+0000] {dag.py:3947} INFO - Setting next_dagrun for steam_analytics_daily to 2026-09-05 02:00:00+00:00, run_after=2026-09-06 02:00:00+00:00
[2026-09-05T04:28:48.946+0000] {processor.py:183} INFO - Processing /opt/airflow/dags/steam_analytics.py took 0.190 seconds
[2026-09-05T04:29:19.067+0000] {processor.py:161} INFO - Started process (PID=851) to work on /opt/airflow/dags/steam_analytics.py
[2026-09-05T04:29:19.068+0000] {processor.py:830} INFO - Processing file /opt/airflow/dags/steam_analytics.py for tasks to queue
[2026-09-05T04:29:19.069+0000] {logging_mixin.py:188} INFO - [2026-09-05T04:29:19.069+0000] {dagbag.py:545} INFO - Filling up the DagBag from /opt/airflow/dags/steam_analytics.py
[2026-09-05T04:29:19.198+0000] {processor.py:840} INFO - DAG(s) 'steam_analytics_daily' retrieved from /opt/airflow/dags/steam_analytics.py
[2026-09-05T04:29:19.222+0000] {logging_mixin.py:188} INFO - [2026-09-05T04:29:19.222+0000] {dag.py:3089} INFO - Sync 1 DAGs
[2026-09-05T04:29:19.241+0000] {logging_mixin.py:188} INFO - [2026-09-05T04:29:19.240+0000] {dag.py:3947} INFO - Setting next_dagrun for steam_analytics_daily to 2026-09-05 02:00:00+00:00, run_after=2026-09-06 02:00:00+00:00
[2026-09-05T04:29:19.255+0000] {processor.py:183} INFO - Processing /opt/airflow/dags/steam_analytics.py took 0.192 seconds
[2026-09-05T04:29:49.369+0000] {processor.py:161} INFO - Started process (PID=856) to work on /opt/airflow/dags/steam_analytics.py
[2026-09-05T04:29:49.370+0000] {processor.py:830} INFO - Processing file /opt/airflow/dags/steam_analytics.py for tasks to queue
[2026-09-05T04:29:49.371+0000] {logging_mixin.py:188} INFO - [2026-09-05T04:29:49.371+0000] {dagbag.py:545} INFO - Filling up the DagBag from /opt/airflow/dags/steam_analytics.py
[2026-09-05T04:29:49.500+0000] {processor.py:840} INFO - DAG(s) 'steam_analytics_daily' retrieved from /opt/airflow/dags/steam_analytics.py
[2026-09-05T04:29:49.523+0000] {logging_mixin.py:188} INFO - [2026-09-05T04:29:49.523+0000] {dag.py:3089} INFO - Sync 1 DAGs
[2026-09-05T04:29:49.542+0000] {logging_mixin.py:188} INFO - [2026-09-05T04:29:49.542+0000] {dag.py:3947} INFO - Setting next_dagrun for steam_analytics_daily to 2026-09-05 02:00:00+00:00, run_after=2026-09-06 02:00:00+00:00
[2026-09-05T04:29:49.556+0000] {processor.py:183} INFO - Processing /opt/airflow/dags/steam_analytics.py took 0.192 seconds
[2026-09-05T04:30:19.668+0000] {processor.py:161} INFO - Started process (PID=861) to work on /opt/airflow/dags/steam_analytics.py
[2026-09-05T04:30:19.668+0000] {processor.py:830} INFO - Processing file /opt/airflow/dags/steam_analytics.py for tasks to queue
[2026-09-05T04:30:19.670+0000] {logging_mixin.py:188} INFO - [2026-09-05T04:30:19.669+0000] {dagbag.py:545} INFO - Filling up the DagBag from /opt/airflow/dags/steam_analytics.py
[2026-09-05T04:30:19.804+0000] {processor.py:840} INFO - DAG(s) 'steam_analytics_daily' retrieved from /opt/airflow/dags/steam_analytics.py
[2026-09-05T04:30:19.828+0000] {logging_mixin.py:188} INFO - [2026-09-05T04:30:19.828+0000] {dag.py:3089} INFO - Sync 1 DAGs
[2026-09-05T04:30:19.847+0000] {logging_mixin.py:188} INFO - [2026-09-05T04:30:19.846+0000] {dag.py:3947} INFO - Setting next_dagrun for steam_analytics_daily to 2026-09-05 02:00:00+00:00, run_after=2026-09-06 02:00:00+00:00
[2026-09-05T04:30:19.861+0000] {processor.py:183} INFO - Processing /opt/airflow/dags/steam_analytics.py took 0.197 seconds
[2026-09-05T04:30:49.975+0000] {processor.py:161} INFO - Started process (PID=866) to work on /opt/airflow/dags/steam_analytics.py
[2026-09-05T04:30:49.976+0000] {processor.py:830} INFO - Processing file /opt/airflow/dags/steam_analytics.py for tasks to queue
[2026-09-05T04:30:49.977+0000] {logging_mixin.py:188} INFO - [2026-09-05T04:30:49.977+0000] {dagbag.py:545} INFO - Filling up the DagBag from /opt/airflow/dags/steam_analytics.py
[2026-09-05T04:30:50.106+0000] {processor.py:840} INFO - DAG(s) 'steam_analytics_daily' retrieved from /opt/airflow/dags/steam_analytics.py
[2026-09-05T04:30:50.131+0000] {logging_mixin.py:188} INFO - [2026-09-05T04:30:50.131+0000] {dag.py:3089} INFO - Sync 1 DAGs
[2026-09-05T04:30:50.149+0000] {logging_mixin.py:188} INFO - [2026-09-05T04:30:50.148+0000] {dag.py:3947} INFO - Setting next_dagrun for steam_analytics_daily to 2026-09-05 02:00:00+00:00, run_after=2026-09-06 02:00:00+00:00
[2026-09-05T04:30:50.163+0000] {processor.py:183} INFO - Processing /opt/airflow/dags/steam_analytics.py took 0.192 seconds
[2026-09-05T04:31:20.276+0000] {processor.py:161} INFO - Started process (PID=871) to work on /opt/airflow/dags/steam_analytics.py
[2026-09-05T04:31:20.277+0000] {processor.py:830} INFO - Processing file /opt/airflow/dags/steam_analytics.py for tasks to queue
[2026-09-05T04:31:20.278+0000] {logging_mixin.py:188} INFO - [2026-09-05T04:31:20.278+0000] {dagbag.py:545} INFO - Filling up the DagBag from /opt/airflow/dags/steam_analytics.py
[2026-09-05T04:31:20.408+0000] {processor.py:840} INFO - DAG(s) 'steam_analytics_daily' retrieved from /opt/airflow/dags/steam_analytics.py
[2026-09-05T04:31:20.432+0000] {logging_mixin.py:188} INFO - [2026-09-05T04:31:20.431+0000] {dag.py:3089} INFO - Sync 1 DAGs
[2026-09-05T04:31:20.451+0000] {logging_mixin.py:188} INFO - [2026-09-05T04:31:20.450+0000] {dag.py:3947} INFO - Setting next_dagrun for steam_analytics_daily to 2026-09-05 02:00:00+00:00, run_after=2026-09-06 02:00:00+00:00
[2026-09-05T04:31:20.465+0000] {processor.py:183} INFO - Processing /opt/airflow/dags/steam_analytics.py took 0.193 seconds
[2026-09-05T04:31:50.582+0000] {processor.py:161} INFO - Started process (PID=876) to work on /opt/airflow/dags/steam_analytics.py
[2026-09-05T04:31:50.583+0000] {processor.py:830} INFO - Processing file /opt/airflow/dags/steam_analytics.py for tasks to queue
[2026-09-05T04:31:50.584+0000] {logging_mixin.py:188} INFO - [2026-09-05T04:31:50.584+0000] {dagbag.py:545} INFO - Filling up the DagBag from /opt/airflow/dags/steam_analytics.py
[2026-09-05T04:31:50.712+0000] {processor.py:840} INFO - DAG(s) 'steam_analytics_daily' retrieved from /opt/airflow/dags/steam_analytics.py
[2026-09-05T04:31:50.736+0000] {logging_mixin.py:188} INFO - [2026-09-05T04:31:50.736+0000] {dag.py:3089} INFO - Sync 1 DAGs
[2026-09-05T04:31:50.754+0000] {logging_mixin.py:188} INFO - [2026-09-05T04:31:50.754+0000] {dag.py:3947} INFO - Setting next_dagrun for steam_analytics_daily to 2026-09-05 02:00:00+00:00, run_after=2026-09-06 02:00:00+00:00
[2026-09-05T04:31:50.770+0000] {processor.py:183} INFO - Processing /opt/airflow/dags/steam_analytics.py took 0.192 seconds
[2026-09-05T04:32:20.884+0000] {processor.py:161} INFO - Started process (PID=881) to work on /opt/airflow/dags/steam_analytics.py
[2026-09-05T04:32:20.885+0000] {processor.py:830} INFO - Processing file /opt/airflow/dags/steam_analytics.py for tasks to queue
[2026-09-05T04:32:20.887+0000] {logging_mixin.py:188} INFO - [2026-09-05T04:32:20.886+0000] {dagbag.py:545} INFO - Filling up the DagBag from /opt/airflow/dags/steam_analytics.py
[2026-09-05T04:32:21.018+0000] {processor.py:840} INFO - DAG(s) 'steam_analytics_daily' retrieved from /opt/airflow/dags/steam_analytics.py
[2026-09-05T04:32:21.041+0000] {logging_mixin.py:188} INFO - [2026-09-05T04:32:21.041+0000] {dag.py:3089} INFO - Sync 1 DAGs
[2026-09-05T04:32:21.060+0000] {logging_mixin.py:188} INFO - [2026-09-05T04:32:21.060+0000] {dag.py:3947} INFO - Setting next_dagrun for steam_analytics_daily to 2026-09-05 02:00:00+00:00, run_after=2026-09-06 02:00:00+00:00
[2026-09-05T04:32:21.074+0000] {processor.py:183} INFO - Processing /opt/airflow/dags/steam_analytics.py took 0.194 seconds
[2026-09-05T04:32:51.190+0000] {processor.py:161} INFO - Started process (PID=886) to work on /opt/airflow/dags/steam_analytics.py
[2026-09-05T04:32:51.190+0000] {processor.py:830} INFO - Processing file /opt/airflow/dags/steam_analytics.py for tasks to queue
[2026-09-05T04:32:51.192+0000] {logging_mixin.py:188} INFO - [2026-09-05T04:32:51.191+0000] {dagbag.py:545} INFO - Filling up the DagBag from /opt/airflow/dags/steam_analytics.py
[2026-09-05T04:32:51.320+0000] {processor.py:840} INFO - DAG(s) 'steam_analytics_daily' retrieved from /opt/airflow/dags/steam_analytics.py
[2026-09-05T04:32:51.345+0000] {logging_mixin.py:188} INFO - [2026-09-05T04:32:51.344+0000] {dag.py:3089} INFO - Sync 1 DAGs
[2026-09-05T04:32:51.363+0000] {logging_mixin.py:188} INFO - [2026-09-05T04:32:51.363+0000] {dag.py:3947} INFO - Setting next_dagrun for steam_analytics_daily to 2026-09-05 02:00:00+00:00, run_after=2026-09-06 02:00:00+00:00
[2026-09-05T04:32:51.377+0000] {processor.py:183} INFO - Processing /opt/airflow/dags/steam_analytics.py took 0.192 seconds
[2026-09-05T04:33:21.496+0000] {processor.py:161} INFO - Started process (PID=891) to work on /opt/airflow/dags/steam_analytics.py
[2026-09-05T04:33:21.497+0000] {processor.py:830} INFO - Processing file /opt/airflow/dags/steam_analytics.py for tasks to queue
[2026-09-05T04:33:21.498+0000] {logging_mixin.py:188} INFO - [2026-09-05T04:33:21.498+0000] {dagbag.py:545} INFO - Filling up the DagBag from /opt/airflow/dags/steam_analytics.py
[2026-09-05T04:33:21.626+0000] {processor.py:840} INFO - DAG(s) 'steam_analytics_daily' retrieved from /opt/airflow/dags/steam_analytics.py
[2026-09-05T04:33:21.649+0000] {logging_mixin.py:188} INFO - [2026-09-05T04:33:21.649+0000] {dag.py:3089} INFO - Sync 1 DAGs
[2026-09-05T04:33:21.667+0000] {logging_mixin.py:188} INFO - [2026-09-05T04:33:21.667+0000] {dag.py:3947} INFO - Setting next_dagrun for steam_analytics_daily to 2026-09-05 02:00:00+00:00, run_after=2026-09-06 02:00:00+00:00
[2026-09-05T04:33:21.682+0000] {processor.py:183} INFO - Processing /opt/airflow/dags/steam_analytics.py took 0.189 seconds
[2026-09-05T04:33:51.814+0000] {processor.py:161} INFO - Started process (PID=896) to work on /opt/airflow/dags/steam_analytics.py
[2026-09-05T04:33:51.815+0000] {processor.py:830} INFO - Processing file /opt/airflow/dags/steam_analytics.py for tasks to queue
[2026-09-05T04:33:51.816+0000] {logging_mixin.py:188} INFO - [2026-09-05T04:33:51.816+0000] {dagbag.py:545} INFO - Filling up the DagBag from /opt/airflow/dags/steam_analytics.py
[2026-09-05T04:33:51.948+0000] {processor.py:840} INFO - DAG(s) 'steam_analytics_daily' retrieved from /opt/airflow/dags/steam_analytics.py
[2026-09-05T04:33:51.973+0000] {logging_mixin.py:188} INFO - [2026-09-05T04:33:51.973+0000] {dag.py:3089} INFO - Sync 1 DAGs
[2026-09-05T04:33:51.992+0000] {logging_mixin.py:188} INFO - [2026-09-05T04:33:51.992+0000] {dag.py:3947} INFO - Setting next_dagrun for steam_analytics_daily to 2026-09-05 02:00:00+00:00, run_after=2026-09-06 02:00:00+00:00
[2026-09-05T04:33:52.008+0000] {processor.py:183} INFO - Processing /opt/airflow/dags/steam_analytics.py took 0.198 seconds
[2026-09-05T04:34:22.126+0000] {processor.py:161} INFO - Started process (PID=901) to work on /opt/airflow/dags/steam_analytics.py
[2026-09-05T04:34:22.127+0000] {processor.py:830} INFO - Processing file /opt/airflow/dags/steam_analytics.py for tasks to queue
[2026-09-05T04:34:22.128+0000] {logging_mixin.py:188} INFO - [2026-09-05T04:34:22.128+0000] {dagbag.py:545} INFO - Filling up the DagBag from /opt/airflow/dags/steam_analytics.py
[2026-09-05T04:34:22.257+0000] {processor.py:840} INFO - DAG(s) 'steam_analytics_daily' retrieved from /opt/airflow/dags/steam_analytics.py
[2026-09-05T04:34:22.280+0000] {logging_mixin.py:188} INFO - [2026-09-05T04:34:22.280+0000] {dag.py:3089} INFO - Sync 1 DAGs
[2026-09-05T04:34:22.299+0000] {logging_mixin.py:188} INFO - [2026-09-05T04:34:22.299+0000] {dag.py:3947} INFO - Setting next_dagrun for steam_analytics_daily to 2026-09-05 02:00:00+00:00, run_after=2026-09-06 02:00:00+00:00
[2026-09-05T04:34:22.315+0000] {processor.py:183} INFO - Processing /opt/airflow/dags/steam_analytics.py took 0.194 seconds
[2026-09-05T04:34:52.429+0000] {processor.py:161} INFO - Started process (PID=906) to work on /opt/airflow/dags/steam_analytics.py
[2026-09-05T04:34:52.430+0000] {processor.py:830} INFO - Processing file /opt/airflow/dags/steam_analytics.py for tasks to queue
[2026-09-05T04:34:52.431+0000] {logging_mixin.py:188} INFO - [2026-09-05T04:34:52.431+0000] {dagbag.py:545} INFO - Filling up the DagBag from /opt/airflow/dags/steam_analytics.py
[2026-09-05T04:34:52.557+0000] {processor.py:840} INFO - DAG(s) 'steam_analytics_daily' retrieved from /opt/airflow/dags/steam_analytics.py
[2026-09-05T04:34:52.582+0000] {logging_mixin.py:188} INFO - [2026-09-05T04:34:52.582+0000] {dag.py:3089} INFO - Sync 1 DAGs
[2026-09-05T04:34:52.601+0000] {logging_mixin.py:188} INFO - [2026-09-05T04:34:52.601+0000] {dag.py:3947} INFO - Setting next_dagrun for steam_analytics_daily to 2026-09-05 02:00:00+00:00, run_after=2026-09-06 02:00:00+00:00
[2026-09-05T04:34:52.617+0000] {processor.py:183} INFO - Processing /opt/airflow/dags/steam_analytics.py took 0.192 seconds
[2026-09-05T04:35:22.741+0000] {processor.py:161} INFO - Started process (PID=911) to work on /opt/airflow/dags/steam_analytics.py
[2026-09-05T04:35:22.743+0000] {processor.py:830} INFO - Processing file /opt/airflow/dags/steam_analytics.py for tasks to queue
[2026-09-05T04:35:22.745+0000] {logging_mixin.py:188} INFO - [2026-09-05T04:35:22.744+0000] {dagbag.py:545} INFO - Filling up the DagBag from /opt/airflow/dags/steam_analytics.py
[2026-09-05T04:35:22.889+0000] {processor.py:840} INFO - DAG(s) 'steam_analytics_daily' retrieved from /opt/airflow/dags/steam_analytics.py
[2026-09-05T04:35:22.914+0000] {logging_mixin.py:188} INFO - [2026-09-05T04:35:22.914+0000] {dag.py:3089} INFO - Sync 1 DAGs
[2026-09-05T04:35:22.934+0000] {logging_mixin.py:188} INFO - [2026-09-05T04:35:22.934+0000] {dag.py:3947} INFO - Setting next_dagrun for steam_analytics_daily to 2026-09-05 02:00:00+00:00, run_after=2026-09-06 02:00:00+00:00
[2026-09-05T04:35:22.949+0000] {processor.py:183} INFO - Processing /opt/airflow/dags/steam_analytics.py took 0.213 seconds
[2026-09-05T04:35:53.063+0000] {processor.py:161} INFO - Started process (PID=916) to work on /opt/airflow/dags/steam_analytics.py
[2026-09-05T04:35:53.064+0000] {processor.py:830} INFO - Processing file /opt/airflow/dags/steam_analytics.py for tasks to queue
[2026-09-05T04:35:53.065+0000] {logging_mixin.py:188} INFO - [2026-09-05T04:35:53.065+0000] {dagbag.py:545} INFO - Filling up the DagBag from /opt/airflow/dags/steam_analytics.py
[2026-09-05T04:35:53.195+0000] {processor.py:840} INFO - DAG(s) 'steam_analytics_daily' retrieved from /opt/airflow/dags/steam_analytics.py
[2026-09-05T04:35:53.219+0000] {logging_mixin.py:188} INFO - [2026-09-05T04:35:53.219+0000] {dag.py:3089} INFO - Sync 1 DAGs
[2026-09-05T04:35:53.237+0000] {logging_mixin.py:188} INFO - [2026-09-05T04:35:53.237+0000] {dag.py:3947} INFO - Setting next_dagrun for steam_analytics_daily to 2026-09-05 02:00:00+00:00, run_after=2026-09-06 02:00:00+00:00
[2026-09-05T04:35:53.255+0000] {processor.py:183} INFO - Processing /opt/airflow/dags/steam_analytics.py took 0.196 seconds
[2026-09-05T04:36:23.375+0000] {processor.py:161} INFO - Started process (PID=921) to work on /opt/airflow/dags/steam_analytics.py
[2026-09-05T04:36:23.376+0000] {processor.py:830} INFO - Processing file /opt/airflow/dags/steam_analytics.py for tasks to queue
[2026-09-05T04:36:23.377+0000] {logging_mixin.py:188} INFO - [2026-09-05T04:36:23.377+0000] {dagbag.py:545} INFO - Filling up the DagBag from /opt/airflow/dags/steam_analytics.py
[2026-09-05T04:36:23.506+0000] {processor.py:840} INFO - DAG(s) 'steam_analytics_daily' retrieved from /opt/airflow/dags/steam_analytics.py
[2026-09-05T04:36:23.529+0000] {logging_mixin.py:188} INFO - [2026-09-05T04:36:23.529+0000] {dag.py:3089} INFO - Sync 1 DAGs
[2026-09-05T04:36:23.548+0000] {logging_mixin.py:188} INFO - [2026-09-05T04:36:23.548+0000] {dag.py:3947} INFO - Setting next_dagrun for steam_analytics_daily to 2026-09-05 02:00:00+00:00, run_after=2026-09-06 02:00:00+00:00
[2026-09-05T04:36:23.564+0000] {processor.py:183} INFO - Processing /opt/airflow/dags/steam_analytics.py took 0.193 seconds
[2026-09-05T04:36:53.678+0000] {processor.py:161} INFO - Started process (PID=926) to work on /opt/airflow/dags/steam_analytics.py
[2026-09-05T04:36:53.679+0000] {processor.py:830} INFO - Processing file /opt/airflow/dags/steam_analytics.py for tasks to queue
[2026-09-05T04:36:53.680+0000] {logging_mixin.py:188} INFO - [2026-09-05T04:36:53.680+0000] {dagbag.py:545} INFO - Filling up the DagBag from /opt/airflow/dags/steam_analytics.py
[2026-09-05T04:36:53.807+0000] {processor.py:840} INFO - DAG(s) 'steam_analytics_daily' retrieved from /opt/airflow/dags/steam_analytics.py
[2026-09-05T04:36:53.831+0000] {logging_mixin.py:188} INFO - [2026-09-05T04:36:53.831+0000] {dag.py:3089} INFO - Sync 1 DAGs
[2026-09-05T04:36:53.849+0000] {logging_mixin.py:188} INFO - [2026-09-05T04:36:53.849+0000] {dag.py:3947} INFO - Setting next_dagrun for steam_analytics_daily to 2026-09-05 02:00:00+00:00, run_after=2026-09-06 02:00:00+00:00
[2026-09-05T04:36:53.864+0000] {processor.py:183} INFO - Processing /opt/airflow/dags/steam_analytics.py took 0.190 seconds
[2026-09-05T04:37:23.980+0000] {processor.py:161} INFO - Started process (PID=931) to work on /opt/airflow/dags/steam_analytics.py
[2026-09-05T04:37:23.981+0000] {processor.py:830} INFO - Processing file /opt/airflow/dags/steam_analytics.py for tasks to queue
[2026-09-05T04:37:23.982+0000] {logging_mixin.py:188} INFO - [2026-09-05T04:37:23.982+0000] {dagbag.py:545} INFO - Filling up the DagBag from /opt/airflow/dags/steam_analytics.py
[2026-09-05T04:37:24.113+0000] {processor.py:840} INFO - DAG(s) 'steam_analytics_daily' retrieved from /opt/airflow/dags/steam_analytics.py
[2026-09-05T04:37:24.140+0000] {logging_mixin.py:188} INFO - [2026-09-05T04:37:24.139+0000] {dag.py:3089} INFO - Sync 1 DAGs
[2026-09-05T04:37:24.158+0000] {logging_mixin.py:188} INFO - [2026-09-05T04:37:24.158+0000] {dag.py:3947} INFO - Setting next_dagrun for steam_analytics_daily to 2026-09-05 02:00:00+00:00, run_after=2026-09-06 02:00:00+00:00
[2026-09-05T04:37:24.173+0000] {processor.py:183} INFO - Processing /opt/airflow/dags/steam_analytics.py took 0.197 seconds
[2026-09-05T04:37:54.292+0000] {processor.py:161} INFO - Started process (PID=936) to work on /opt/airflow/dags/steam_analytics.py
[2026-09-05T04:37:54.292+0000] {processor.py:830} INFO - Processing file /opt/airflow/dags/steam_analytics.py for tasks to queue
[2026-09-05T04:37:54.294+0000] {logging_mixin.py:188} INFO - [2026-09-05T04:37:54.293+0000] {dagbag.py:545} INFO - Filling up the DagBag from /opt/airflow/dags/steam_analytics.py
[2026-09-05T04:37:54.428+0000] {processor.py:840} INFO - DAG(s) 'steam_analytics_daily' retrieved from /opt/airflow/dags/steam_analytics.py
[2026-09-05T04:37:54.454+0000] {logging_mixin.py:188} INFO - [2026-09-05T04:37:54.454+0000] {dag.py:3089} INFO - Sync 1 DAGs
[2026-09-05T04:37:54.473+0000] {logging_mixin.py:188} INFO - [2026-09-05T04:37:54.473+0000] {dag.py:3947} INFO - Setting next_dagrun for steam_analytics_daily to 2026-09-05 02:00:00+00:00, run_after=2026-09-06 02:00:00+00:00
[2026-09-05T04:37:54.489+0000] {processor.py:183} INFO - Processing /opt/airflow/dags/steam_analytics.py took 0.202 seconds
[2026-09-05T04:38:24.605+0000] {processor.py:161} INFO - Started process (PID=941) to work on /opt/airflow/dags/steam_analytics.py
[2026-09-05T04:38:24.606+0000] {processor.py:830} INFO - Processing file /opt/airflow/dags/steam_analytics.py for tasks to queue
[2026-09-05T04:38:24.607+0000] {logging_mixin.py:188} INFO - [2026-09-05T04:38:24.607+0000] {dagbag.py:545} INFO - Filling up the DagBag from /opt/airflow/dags/steam_analytics.py
[2026-09-05T04:38:24.732+0000] {processor.py:840} INFO - DAG(s) 'steam_analytics_daily' retrieved from /opt/airflow/dags/steam_analytics.py
[2026-09-05T04:38:24.756+0000] {logging_mixin.py:188} INFO - [2026-09-05T04:38:24.756+0000] {dag.py:3089} INFO - Sync 1 DAGs
[2026-09-05T04:38:24.775+0000] {logging_mixin.py:188} INFO - [2026-09-05T04:38:24.775+0000] {dag.py:3947} INFO - Setting next_dagrun for steam_analytics_daily to 2026-09-05 02:00:00+00:00, run_after=2026-09-06 02:00:00+00:00
[2026-09-05T04:38:24.790+0000] {processor.py:183} INFO - Processing /opt/airflow/dags/steam_analytics.py took 0.190 seconds
[2026-09-05T04:38:54.929+0000] {processor.py:161} INFO - Started process (PID=946) to work on /opt/airflow/dags/steam_analytics.py
[2026-09-05T04:38:54.930+0000] {processor.py:830} INFO - Processing file /opt/airflow/dags/steam_analytics.py for tasks to queue
[2026-09-05T04:38:54.931+0000] {logging_mixin.py:188} INFO - [2026-09-05T04:38:54.931+0000] {dagbag.py:545} INFO - Filling up the DagBag from /opt/airflow/dags/steam_analytics.py
[2026-09-05T04:38:55.073+0000] {processor.py:840} INFO - DAG(s) 'steam_analytics_daily' retrieved from /opt/airflow/dags/steam_analytics.py
[2026-09-05T04:38:55.096+0000] {logging_mixin.py:188} INFO - [2026-09-05T04:38:55.096+0000] {dag.py:3089} INFO - Sync 1 DAGs
[2026-09-05T04:38:55.115+0000] {logging_mixin.py:188} INFO - [2026-09-05T04:38:55.115+0000] {dag.py:3947} INFO - Setting next_dagrun for steam_analytics_daily to 2026-09-05 02:00:00+00:00, run_after=2026-09-06 02:00:00+00:00
[2026-09-05T04:38:55.130+0000] {processor.py:183} INFO - Processing /opt/airflow/dags/steam_analytics.py took 0.205 seconds
[2026-09-05T04:39:25.253+0000] {processor.py:161} INFO - Started process (PID=951) to work on /opt/airflow/dags/steam_analytics.py
[2026-09-05T04:39:25.254+0000] {processor.py:830} INFO - Processing file /opt/airflow/dags/steam_analytics.py for tasks to queue
[2026-09-05T04:39:25.255+0000] {logging_mixin.py:188} INFO - [2026-09-05T04:39:25.255+0000] {dagbag.py:545} INFO - Filling up the DagBag from /opt/airflow/dags/steam_analytics.py
[2026-09-05T04:39:25.392+0000] {processor.py:840} INFO - DAG(s) 'steam_analytics_daily' retrieved from /opt/airflow/dags/steam_analytics.py
[2026-09-05T04:39:25.416+0000] {logging_mixin.py:188} INFO - [2026-09-05T04:39:25.416+0000] {dag.py:3089} INFO - Sync 1 DAGs
[2026-09-05T04:39:25.435+0000] {logging_mixin.py:188} INFO - [2026-09-05T04:39:25.435+0000] {dag.py:3947} INFO - Setting next_dagrun for steam_analytics_daily to 2026-09-05 02:00:00+00:00, run_after=2026-09-06 02:00:00+00:00
[2026-09-05T04:39:25.449+0000] {processor.py:183} INFO - Processing /opt/airflow/dags/steam_analytics.py took 0.201 seconds
[2026-09-05T04:39:55.562+0000] {processor.py:161} INFO - Started process (PID=956) to work on /opt/airflow/dags/steam_analytics.py
[2026-09-05T04:39:55.563+0000] {processor.py:830} INFO - Processing file /opt/airflow/dags/steam_analytics.py for tasks to queue
[2026-09-05T04:39:55.564+0000] {logging_mixin.py:188} INFO - [2026-09-05T04:39:55.564+0000] {dagbag.py:545} INFO - Filling up the DagBag from /opt/airflow/dags/steam_analytics.py
[2026-09-05T04:39:55.696+0000] {processor.py:840} INFO - DAG(s) 'steam_analytics_daily' retrieved from /opt/airflow/dags/steam_analytics.py
[2026-09-05T04:39:55.720+0000] {logging_mixin.py:188} INFO - [2026-09-05T04:39:55.719+0000] {dag.py:3089} INFO - Sync 1 DAGs
[2026-09-05T04:39:55.737+0000] {logging_mixin.py:188} INFO - [2026-09-05T04:39:55.737+0000] {dag.py:3947} INFO - Setting next_dagrun for steam_analytics_daily to 2026-09-05 02:00:00+00:00, run_after=2026-09-06 02:00:00+00:00
[2026-09-05T04:39:55.752+0000] {processor.py:183} INFO - Processing /opt/airflow/dags/steam_analytics.py took 0.193 seconds
[2026-09-05T04:40:25.865+0000] {processor.py:161} INFO - Started process (PID=961) to work on /opt/airflow/dags/steam_analytics.py
[2026-09-05T04:40:25.866+0000] {processor.py:830} INFO - Processing file /opt/airflow/dags/steam_analytics.py for tasks to queue
[2026-09-05T04:40:25.867+0000] {logging_mixin.py:188} INFO - [2026-09-05T04:40:25.867+0000] {dagbag.py:545} INFO - Filling up the DagBag from /opt/airflow/dags/steam_analytics.py
[2026-09-05T04:40:25.997+0000] {processor.py:840} INFO - DAG(s) 'steam_analytics_daily' retrieved from /opt/airflow/dags/steam_analytics.py
[2026-09-05T04:40:26.021+0000] {logging_mixin.py:188} INFO - [2026-09-05T04:40:26.021+0000] {dag.py:3089} INFO - Sync 1 DAGs
[2026-09-05T04:40:26.039+0000] {logging_mixin.py:188} INFO - [2026-09-05T04:40:26.039+0000] {dag.py:3947} INFO - Setting next_dagrun for steam_analytics_daily to 2026-09-05 02:00:00+00:00, run_after=2026-09-06 02:00:00+00:00
[2026-09-05T04:40:26.055+0000] {processor.py:183} INFO - Processing /opt/airflow/dags/steam_analytics.py took 0.194 seconds
[2026-09-05T04:40:56.175+0000] {processor.py:161} INFO - Started process (PID=966) to work on /opt/airflow/dags/steam_analytics.py
[2026-09-05T04:40:56.175+0000] {processor.py:830} INFO - Processing file /opt/airflow/dags/steam_analytics.py for tasks to queue
[2026-09-05T04:40:56.177+0000] {logging_mixin.py:188} INFO - [2026-09-05T04:40:56.177+0000] {dagbag.py:545} INFO - Filling up the DagBag from /opt/airflow/dags/steam_analytics.py
[2026-09-05T04:40:56.303+0000] {processor.py:840} INFO - DAG(s) 'steam_analytics_daily' retrieved from /opt/airflow/dags/steam_analytics.py
[2026-09-05T04:40:56.326+0000] {logging_mixin.py:188} INFO - [2026-09-05T04:40:56.326+0000] {dag.py:3089} INFO - Sync 1 DAGs
[2026-09-05T04:40:56.345+0000] {logging_mixin.py:188} INFO - [2026-09-05T04:40:56.344+0000] {dag.py:3947} INFO - Setting next_dagrun for steam_analytics_daily to 2026-09-05 02:00:00+00:00, run_after=2026-09-06 02:00:00+00:00
[2026-09-05T04:40:56.359+0000] {processor.py:183} INFO - Processing /opt/airflow/dags/steam_analytics.py took 0.188 seconds
[2026-09-05T04:41:26.473+0000] {processor.py:161} INFO - Started process (PID=971) to work on /opt/airflow/dags/steam_analytics.py
[2026-09-05T04:41:26.474+0000] {processor.py:830} INFO - Processing file /opt/airflow/dags/steam_analytics.py for tasks to queue
[2026-09-05T04:41:26.475+0000] {logging_mixin.py:188} INFO - [2026-09-05T04:41:26.475+0000] {dagbag.py:545} INFO - Filling up the DagBag from /opt/airflow/dags/steam_analytics.py
[2026-09-05T04:41:26.601+0000] {processor.py:840} INFO - DAG(s) 'steam_analytics_daily' retrieved from /opt/airflow/dags/steam_analytics.py
[2026-09-05T04:41:26.625+0000] {logging_mixin.py:188} INFO - [2026-09-05T04:41:26.625+0000] {dag.py:3089} INFO - Sync 1 DAGs
[2026-09-05T04:41:26.643+0000] {logging_mixin.py:188} INFO - [2026-09-05T04:41:26.643+0000] {dag.py:3947} INFO - Setting next_dagrun for steam_analytics_daily to 2026-09-05 02:00:00+00:00, run_after=2026-09-06 02:00:00+00:00
[2026-09-05T04:41:26.657+0000] {processor.py:183} INFO - Processing /opt/airflow/dags/steam_analytics.py took 0.189 seconds
[2026-09-05T04:41:56.770+0000] {processor.py:161} INFO - Started process (PID=976) to work on /opt/airflow/dags/steam_analytics.py
[2026-09-05T04:41:56.771+0000] {processor.py:830} INFO - Processing file /opt/airflow/dags/steam_analytics.py for tasks to queue
[2026-09-05T04:41:56.772+0000] {logging_mixin.py:188} INFO - [2026-09-05T04:41:56.772+0000] {dagbag.py:545} INFO - Filling up the DagBag from /opt/airflow/dags/steam_analytics.py
[2026-09-05T04:41:56.904+0000] {processor.py:840} INFO - DAG(s) 'steam_analytics_daily' retrieved from /opt/airflow/dags/steam_analytics.py
[2026-09-05T04:41:56.928+0000] {logging_mixin.py:188} INFO - [2026-09-05T04:41:56.928+0000] {dag.py:3089} INFO - Sync 1 DAGs
[2026-09-05T04:41:56.946+0000] {logging_mixin.py:188} INFO - [2026-09-05T04:41:56.946+0000] {dag.py:3947} INFO - Setting next_dagrun for steam_analytics_daily to 2026-09-05 02:00:00+00:00, run_after=2026-09-06 02:00:00+00:00
[2026-09-05T04:41:56.960+0000] {processor.py:183} INFO - Processing /opt/airflow/dags/steam_analytics.py took 0.195 seconds
[2026-09-05T04:42:27.079+0000] {processor.py:161} INFO - Started process (PID=981) to work on /opt/airflow/dags/steam_analytics.py
[2026-09-05T04:42:27.080+0000] {processor.py:830} INFO - Processing file /opt/airflow/dags/steam_analytics.py for tasks to queue
[2026-09-05T04:42:27.081+0000] {logging_mixin.py:188} INFO - [2026-09-05T04:42:27.081+0000] {dagbag.py:545} INFO - Filling up the DagBag from /opt/airflow/dags/steam_analytics.py
[2026-09-05T04:42:27.211+0000] {processor.py:840} INFO - DAG(s) 'steam_analytics_daily' retrieved from /opt/airflow/dags/steam_analytics.py
[2026-09-05T04:42:27.235+0000] {logging_mixin.py:188} INFO - [2026-09-05T04:42:27.235+0000] {dag.py:3089} INFO - Sync 1 DAGs
[2026-09-05T04:42:27.253+0000] {logging_mixin.py:188} INFO - [2026-09-05T04:42:27.253+0000] {dag.py:3947} INFO - Setting next_dagrun for steam_analytics_daily to 2026-09-05 02:00:00+00:00, run_after=2026-09-06 02:00:00+00:00
[2026-09-05T04:42:27.269+0000] {processor.py:183} INFO - Processing /opt/airflow/dags/steam_analytics.py took 0.194 seconds
[2026-09-05T04:42:57.386+0000] {processor.py:161} INFO - Started process (PID=986) to work on /opt/airflow/dags/steam_analytics.py
[2026-09-05T04:42:57.386+0000] {processor.py:830} INFO - Processing file /opt/airflow/dags/steam_analytics.py for tasks to queue
[2026-09-05T04:42:57.388+0000] {logging_mixin.py:188} INFO - [2026-09-05T04:42:57.387+0000] {dagbag.py:545} INFO - Filling up the DagBag from /opt/airflow/dags/steam_analytics.py
[2026-09-05T04:42:57.546+0000] {processor.py:840} INFO - DAG(s) 'steam_analytics_daily' retrieved from /opt/airflow/dags/steam_analytics.py
[2026-09-05T04:42:57.580+0000] {logging_mixin.py:188} INFO - [2026-09-05T04:42:57.579+0000] {dag.py:3089} INFO - Sync 1 DAGs
[2026-09-05T04:42:57.606+0000] {logging_mixin.py:188} INFO - [2026-09-05T04:42:57.605+0000] {dag.py:3947} INFO - Setting next_dagrun for steam_analytics_daily to 2026-09-05 02:00:00+00:00, run_after=2026-09-06 02:00:00+00:00
[2026-09-05T04:42:57.625+0000] {processor.py:183} INFO - Processing /opt/airflow/dags/steam_analytics.py took 0.243 seconds
[2026-09-05T04:43:27.743+0000] {processor.py:161} INFO - Started process (PID=991) to work on /opt/airflow/dags/steam_analytics.py
[2026-09-05T04:43:27.744+0000] {processor.py:830} INFO - Processing file /opt/airflow/dags/steam_analytics.py for tasks to queue
[2026-09-05T04:43:27.745+0000] {logging_mixin.py:188} INFO - [2026-09-05T04:43:27.745+0000] {dagbag.py:545} INFO - Filling up the DagBag from /opt/airflow/dags/steam_analytics.py
[2026-09-05T04:43:27.873+0000] {processor.py:840} INFO - DAG(s) 'steam_analytics_daily' retrieved from /opt/airflow/dags/steam_analytics.py
[2026-09-05T04:43:27.899+0000] {logging_mixin.py:188} INFO - [2026-09-05T04:43:27.898+0000] {dag.py:3089} INFO - Sync 1 DAGs
[2026-09-05T04:43:27.918+0000] {logging_mixin.py:188} INFO - [2026-09-05T04:43:27.917+0000] {dag.py:3947} INFO - Setting next_dagrun for steam_analytics_daily to 2026-09-05 02:00:00+00:00, run_after=2026-09-06 02:00:00+00:00
[2026-09-05T04:43:27.932+0000] {processor.py:183} INFO - Processing /opt/airflow/dags/steam_analytics.py took 0.193 seconds
[2026-09-05T04:43:58.064+0000] {processor.py:161} INFO - Started process (PID=996) to work on /opt/airflow/dags/steam_analytics.py
[2026-09-05T04:43:58.065+0000] {processor.py:830} INFO - Processing file /opt/airflow/dags/steam_analytics.py for tasks to queue
[2026-09-05T04:43:58.066+0000] {logging_mixin.py:188} INFO - [2026-09-05T04:43:58.066+0000] {dagbag.py:545} INFO - Filling up the DagBag from /opt/airflow/dags/steam_analytics.py
[2026-09-05T04:43:58.191+0000] {processor.py:840} INFO - DAG(s) 'steam_analytics_daily' retrieved from /opt/airflow/dags/steam_analytics.py
[2026-09-05T04:43:58.216+0000] {logging_mixin.py:188} INFO - [2026-09-05T04:43:58.216+0000] {dag.py:3089} INFO - Sync 1 DAGs
[2026-09-05T04:43:58.234+0000] {logging_mixin.py:188} INFO - [2026-09-05T04:43:58.234+0000] {dag.py:3947} INFO - Setting next_dagrun for steam_analytics_daily to 2026-09-05 02:00:00+00:00, run_after=2026-09-06 02:00:00+00:00
[2026-09-05T04:43:58.249+0000] {processor.py:183} INFO - Processing /opt/airflow/dags/steam_analytics.py took 0.189 seconds
[2026-09-05T04:44:28.370+0000] {processor.py:161} INFO - Started process (PID=1001) to work on /opt/airflow/dags/steam_analytics.py
[2026-09-05T04:44:28.371+0000] {processor.py:830} INFO - Processing file /opt/airflow/dags/steam_analytics.py for tasks to queue
[2026-09-05T04:44:28.373+0000] {logging_mixin.py:188} INFO - [2026-09-05T04:44:28.372+0000] {dagbag.py:545} INFO - Filling up the DagBag from /opt/airflow/dags/steam_analytics.py
[2026-09-05T04:44:28.503+0000] {processor.py:840} INFO - DAG(s) 'steam_analytics_daily' retrieved from /opt/airflow/dags/steam_analytics.py
[2026-09-05T04:44:28.528+0000] {logging_mixin.py:188} INFO - [2026-09-05T04:44:28.528+0000] {dag.py:3089} INFO - Sync 1 DAGs
[2026-09-05T04:44:28.546+0000] {logging_mixin.py:188} INFO - [2026-09-05T04:44:28.546+0000] {dag.py:3947} INFO - Setting next_dagrun for steam_analytics_daily to 2026-09-05 02:00:00+00:00, run_after=2026-09-06 02:00:00+00:00
[2026-09-05T04:44:28.560+0000] {processor.py:183} INFO - Processing /opt/airflow/dags/steam_analytics.py took 0.195 seconds
[2026-09-05T04:44:58.675+0000] {processor.py:161} INFO - Started process (PID=1006) to work on /opt/airflow/dags/steam_analytics.py
[2026-09-05T04:44:58.676+0000] {processor.py:830} INFO - Processing file /opt/airflow/dags/steam_analytics.py for tasks to queue
[2026-09-05T04:44:58.678+0000] {logging_mixin.py:188} INFO - [2026-09-05T04:44:58.677+0000] {dagbag.py:545} INFO - Filling up the DagBag from /opt/airflow/dags/steam_analytics.py
[2026-09-05T04:44:58.807+0000] {processor.py:840} INFO - DAG(s) 'steam_analytics_daily' retrieved from /opt/airflow/dags/steam_analytics.py
[2026-09-05T04:44:58.833+0000] {logging_mixin.py:188} INFO - [2026-09-05T04:44:58.832+0000] {dag.py:3089} INFO - Sync 1 DAGs
[2026-09-05T04:44:58.853+0000] {logging_mixin.py:188} INFO - [2026-09-05T04:44:58.853+0000] {dag.py:3947} INFO - Setting next_dagrun for steam_analytics_daily to 2026-09-05 02:00:00+00:00, run_after=2026-09-06 02:00:00+00:00
[2026-09-05T04:44:58.993+0000] {processor.py:183} INFO - Processing /opt/airflow/dags/steam_analytics.py took 0.322 seconds
[2026-09-05T04:45:29.122+0000] {processor.py:161} INFO - Started process (PID=1011) to work on /opt/airflow/dags/steam_analytics.py
[2026-09-05T04:45:29.123+0000] {processor.py:830} INFO - Processing file /opt/airflow/dags/steam_analytics.py for tasks to queue
[2026-09-05T04:45:29.124+0000] {logging_mixin.py:188} INFO - [2026-09-05T04:45:29.124+0000] {dagbag.py:545} INFO - Filling up the DagBag from /opt/airflow/dags/steam_analytics.py
[2026-09-05T04:45:29.252+0000] {processor.py:840} INFO - DAG(s) 'steam_analytics_daily' retrieved from /opt/airflow/dags/steam_analytics.py
[2026-09-05T04:45:29.275+0000] {logging_mixin.py:188} INFO - [2026-09-05T04:45:29.275+0000] {dag.py:3089} INFO - Sync 1 DAGs
[2026-09-05T04:45:29.295+0000] {logging_mixin.py:188} INFO - [2026-09-05T04:45:29.295+0000] {dag.py:3947} INFO - Setting next_dagrun for steam_analytics_daily to 2026-09-05 02:00:00+00:00, run_after=2026-09-06 02:00:00+00:00
[2026-09-05T04:45:29.309+0000] {processor.py:183} INFO - Processing /opt/airflow/dags/steam_analytics.py took 0.192 seconds
[2026-09-05T04:45:59.425+0000] {processor.py:161} INFO - Started process (PID=1016) to work on /opt/airflow/dags/steam_analytics.py
[2026-09-05T04:45:59.426+0000] {processor.py:830} INFO - Processing file /opt/airflow/dags/steam_analytics.py for tasks to queue
[2026-09-05T04:45:59.427+0000] {logging_mixin.py:188} INFO - [2026-09-05T04:45:59.427+0000] {dagbag.py:545} INFO - Filling up the DagBag from /opt/airflow/dags/steam_analytics.py
[2026-09-05T04:45:59.554+0000] {processor.py:840} INFO - DAG(s) 'steam_analytics_daily' retrieved from /opt/airflow/dags/steam_analytics.py
[2026-09-05T04:45:59.580+0000] {logging_mixin.py:188} INFO - [2026-09-05T04:45:59.579+0000] {dag.py:3089} INFO - Sync 1 DAGs
[2026-09-05T04:45:59.599+0000] {logging_mixin.py:188} INFO - [2026-09-05T04:45:59.599+0000] {dag.py:3947} INFO - Setting next_dagrun for steam_analytics_daily to 2026-09-05 02:00:00+00:00, run_after=2026-09-06 02:00:00+00:00
[2026-09-05T04:45:59.614+0000] {processor.py:183} INFO - Processing /opt/airflow/dags/steam_analytics.py took 0.193 seconds
[2026-09-05T04:46:29.732+0000] {processor.py:161} INFO - Started process (PID=1021) to work on /opt/airflow/dags/steam_analytics.py
[2026-09-05T04:46:29.732+0000] {processor.py:830} INFO - Processing file /opt/airflow/dags/steam_analytics.py for tasks to queue
[2026-09-05T04:46:29.734+0000] {logging_mixin.py:188} INFO - [2026-09-05T04:46:29.734+0000] {dagbag.py:545} INFO - Filling up the DagBag from /opt/airflow/dags/steam_analytics.py
[2026-09-05T04:46:29.866+0000] {processor.py:840} INFO - DAG(s) 'steam_analytics_daily' retrieved from /opt/airflow/dags/steam_analytics.py
[2026-09-05T04:46:29.891+0000] {logging_mixin.py:188} INFO - [2026-09-05T04:46:29.890+0000] {dag.py:3089} INFO - Sync 1 DAGs
[2026-09-05T04:46:29.908+0000] {logging_mixin.py:188} INFO - [2026-09-05T04:46:29.908+0000] {dag.py:3947} INFO - Setting next_dagrun for steam_analytics_daily to 2026-09-05 02:00:00+00:00, run_after=2026-09-06 02:00:00+00:00
[2026-09-05T04:46:29.923+0000] {processor.py:183} INFO - Processing /opt/airflow/dags/steam_analytics.py took 0.196 seconds
[2026-09-05T04:47:00.039+0000] {processor.py:161} INFO - Started process (PID=1026) to work on /opt/airflow/dags/steam_analytics.py
[2026-09-05T04:47:00.040+0000] {processor.py:830} INFO - Processing file /opt/airflow/dags/steam_analytics.py for tasks to queue
[2026-09-05T04:47:00.041+0000] {logging_mixin.py:188} INFO - [2026-09-05T04:47:00.041+0000] {dagbag.py:545} INFO - Filling up the DagBag from /opt/airflow/dags/steam_analytics.py
[2026-09-05T04:47:00.172+0000] {processor.py:840} INFO - DAG(s) 'steam_analytics_daily' retrieved from /opt/airflow/dags/steam_analytics.py
[2026-09-05T04:47:00.195+0000] {logging_mixin.py:188} INFO - [2026-09-05T04:47:00.195+0000] {dag.py:3089} INFO - Sync 1 DAGs
[2026-09-05T04:47:00.213+0000] {logging_mixin.py:188} INFO - [2026-09-05T04:47:00.213+0000] {dag.py:3947} INFO - Setting next_dagrun for steam_analytics_daily to 2026-09-05 02:00:00+00:00, run_after=2026-09-06 02:00:00+00:00
[2026-09-05T04:47:00.229+0000] {processor.py:183} INFO - Processing /opt/airflow/dags/steam_analytics.py took 0.194 seconds
[2026-09-05T04:47:30.351+0000] {processor.py:161} INFO - Started process (PID=1031) to work on /opt/airflow/dags/steam_analytics.py
[2026-09-05T04:47:30.352+0000] {processor.py:830} INFO - Processing file /opt/airflow/dags/steam_analytics.py for tasks to queue
[2026-09-05T04:47:30.353+0000] {logging_mixin.py:188} INFO - [2026-09-05T04:47:30.353+0000] {dagbag.py:545} INFO - Filling up the DagBag from /opt/airflow/dags/steam_analytics.py
[2026-09-05T04:47:30.484+0000] {processor.py:840} INFO - DAG(s) 'steam_analytics_daily' retrieved from /opt/airflow/dags/steam_analytics.py
[2026-09-05T04:47:30.508+0000] {logging_mixin.py:188} INFO - [2026-09-05T04:47:30.507+0000] {dag.py:3089} INFO - Sync 1 DAGs
[2026-09-05T04:47:30.527+0000] {logging_mixin.py:188} INFO - [2026-09-05T04:47:30.527+0000] {dag.py:3947} INFO - Setting next_dagrun for steam_analytics_daily to 2026-09-05 02:00:00+00:00, run_after=2026-09-06 02:00:00+00:00
[2026-09-05T04:47:30.541+0000] {processor.py:183} INFO - Processing /opt/airflow/dags/steam_analytics.py took 0.195 seconds
[2026-09-05T04:48:00.659+0000] {processor.py:161} INFO - Started process (PID=1036) to work on /opt/airflow/dags/steam_analytics.py
[2026-09-05T04:48:00.660+0000] {processor.py:830} INFO - Processing file /opt/airflow/dags/steam_analytics.py for tasks to queue
[2026-09-05T04:48:00.662+0000] {logging_mixin.py:188} INFO - [2026-09-05T04:48:00.661+0000] {dagbag.py:545} INFO - Filling up the DagBag from /opt/airflow/dags/steam_analytics.py
[2026-09-05T04:48:00.793+0000] {processor.py:840} INFO - DAG(s) 'steam_analytics_daily' retrieved from /opt/airflow/dags/steam_analytics.py
[2026-09-05T04:48:00.818+0000] {logging_mixin.py:188} INFO - [2026-09-05T04:48:00.818+0000] {dag.py:3089} INFO - Sync 1 DAGs
[2026-09-05T04:48:00.836+0000] {logging_mixin.py:188} INFO - [2026-09-05T04:48:00.836+0000] {dag.py:3947} INFO - Setting next_dagrun for steam_analytics_daily to 2026-09-05 02:00:00+00:00, run_after=2026-09-06 02:00:00+00:00
[2026-09-05T04:48:00.851+0000] {processor.py:183} INFO - Processing /opt/airflow/dags/steam_analytics.py took 0.195 seconds
[2026-09-05T04:48:30.963+0000] {processor.py:161} INFO - Started process (PID=1041) to work on /opt/airflow/dags/steam_analytics.py
[2026-09-05T04:48:30.964+0000] {processor.py:830} INFO - Processing file /opt/airflow/dags/steam_analytics.py for tasks to queue
[2026-09-05T04:48:30.965+0000] {logging_mixin.py:188} INFO - [2026-09-05T04:48:30.965+0000] {dagbag.py:545} INFO - Filling up the DagBag from /opt/airflow/dags/steam_analytics.py
[2026-09-05T04:48:31.093+0000] {processor.py:840} INFO - DAG(s) 'steam_analytics_daily' retrieved from /opt/airflow/dags/steam_analytics.py
[2026-09-05T04:48:31.116+0000] {logging_mixin.py:188} INFO - [2026-09-05T04:48:31.116+0000] {dag.py:3089} INFO - Sync 1 DAGs
[2026-09-05T04:48:31.134+0000] {logging_mixin.py:188} INFO - [2026-09-05T04:48:31.134+0000] {dag.py:3947} INFO - Setting next_dagrun for steam_analytics_daily to 2026-09-05 02:00:00+00:00, run_after=2026-09-06 02:00:00+00:00
[2026-09-05T04:48:31.149+0000] {processor.py:183} INFO - Processing /opt/airflow/dags/steam_analytics.py took 0.190 seconds
[2026-09-05T04:49:01.263+0000] {processor.py:161} INFO - Started process (PID=1046) to work on /opt/airflow/dags/steam_analytics.py
[2026-09-05T04:49:01.264+0000] {processor.py:830} INFO - Processing file /opt/airflow/dags/steam_analytics.py for tasks to queue
[2026-09-05T04:49:01.265+0000] {logging_mixin.py:188} INFO - [2026-09-05T04:49:01.265+0000] {dagbag.py:545} INFO - Filling up the DagBag from /opt/airflow/dags/steam_analytics.py
[2026-09-05T04:49:01.392+0000] {processor.py:840} INFO - DAG(s) 'steam_analytics_daily' retrieved from /opt/airflow/dags/steam_analytics.py
[2026-09-05T04:49:01.416+0000] {logging_mixin.py:188} INFO - [2026-09-05T04:49:01.416+0000] {dag.py:3089} INFO - Sync 1 DAGs
[2026-09-05T04:49:01.434+0000] {logging_mixin.py:188} INFO - [2026-09-05T04:49:01.433+0000] {dag.py:3947} INFO - Setting next_dagrun for steam_analytics_daily to 2026-09-05 02:00:00+00:00, run_after=2026-09-06 02:00:00+00:00
[2026-09-05T04:49:01.449+0000] {processor.py:183} INFO - Processing /opt/airflow/dags/steam_analytics.py took 0.190 seconds
[2026-09-05T04:49:31.568+0000] {processor.py:161} INFO - Started process (PID=1051) to work on /opt/airflow/dags/steam_analytics.py
[2026-09-05T04:49:31.569+0000] {processor.py:830} INFO - Processing file /opt/airflow/dags/steam_analytics.py for tasks to queue
[2026-09-05T04:49:31.570+0000] {logging_mixin.py:188} INFO - [2026-09-05T04:49:31.570+0000] {dagbag.py:545} INFO - Filling up the DagBag from /opt/airflow/dags/steam_analytics.py
[2026-09-05T04:49:31.699+0000] {processor.py:840} INFO - DAG(s) 'steam_analytics_daily' retrieved from /opt/airflow/dags/steam_analytics.py
[2026-09-05T04:49:31.722+0000] {logging_mixin.py:188} INFO - [2026-09-05T04:49:31.722+0000] {dag.py:3089} INFO - Sync 1 DAGs
[2026-09-05T04:49:31.740+0000] {logging_mixin.py:188} INFO - [2026-09-05T04:49:31.740+0000] {dag.py:3947} INFO - Setting next_dagrun for steam_analytics_daily to 2026-09-05 02:00:00+00:00, run_after=2026-09-06 02:00:00+00:00
[2026-09-05T04:49:31.755+0000] {processor.py:183} INFO - Processing /opt/airflow/dags/steam_analytics.py took 0.191 seconds
[2026-09-05T04:50:01.872+0000] {processor.py:161} INFO - Started process (PID=1056) to work on /opt/airflow/dags/steam_analytics.py
[2026-09-05T04:50:01.873+0000] {processor.py:830} INFO - Processing file /opt/airflow/dags/steam_analytics.py for tasks to queue
[2026-09-05T04:50:01.874+0000] {logging_mixin.py:188} INFO - [2026-09-05T04:50:01.874+0000] {dagbag.py:545} INFO - Filling up the DagBag from /opt/airflow/dags/steam_analytics.py
[2026-09-05T04:50:02.003+0000] {processor.py:840} INFO - DAG(s) 'steam_analytics_daily' retrieved from /opt/airflow/dags/steam_analytics.py
[2026-09-05T04:50:02.028+0000] {logging_mixin.py:188} INFO - [2026-09-05T04:50:02.027+0000] {dag.py:3089} INFO - Sync 1 DAGs
[2026-09-05T04:50:02.046+0000] {logging_mixin.py:188} INFO - [2026-09-05T04:50:02.046+0000] {dag.py:3947} INFO - Setting next_dagrun for steam_analytics_daily to 2026-09-05 02:00:00+00:00, run_after=2026-09-06 02:00:00+00:00
[2026-09-05T04:50:02.060+0000] {processor.py:183} INFO - Processing /opt/airflow/dags/steam_analytics.py took 0.192 seconds
[2026-09-05T04:50:32.177+0000] {processor.py:161} INFO - Started process (PID=1061) to work on /opt/airflow/dags/steam_analytics.py
[2026-09-05T04:50:32.178+0000] {processor.py:830} INFO - Processing file /opt/airflow/dags/steam_analytics.py for tasks to queue
[2026-09-05T04:50:32.179+0000] {logging_mixin.py:188} INFO - [2026-09-05T04:50:32.179+0000] {dagbag.py:545} INFO - Filling up the DagBag from /opt/airflow/dags/steam_analytics.py
[2026-09-05T04:50:32.309+0000] {processor.py:840} INFO - DAG(s) 'steam_analytics_daily' retrieved from /opt/airflow/dags/steam_analytics.py
[2026-09-05T04:50:32.334+0000] {logging_mixin.py:188} INFO - [2026-09-05T04:50:32.334+0000] {dag.py:3089} INFO - Sync 1 DAGs
[2026-09-05T04:50:32.352+0000] {logging_mixin.py:188} INFO - [2026-09-05T04:50:32.352+0000] {dag.py:3947} INFO - Setting next_dagrun for steam_analytics_daily to 2026-09-05 02:00:00+00:00, run_after=2026-09-06 02:00:00+00:00
[2026-09-05T04:50:32.367+0000] {processor.py:183} INFO - Processing /opt/airflow/dags/steam_analytics.py took 0.194 seconds
[2026-09-05T04:51:02.485+0000] {processor.py:161} INFO - Started process (PID=1066) to work on /opt/airflow/dags/steam_analytics.py
[2026-09-05T04:51:02.486+0000] {processor.py:830} INFO - Processing file /opt/airflow/dags/steam_analytics.py for tasks to queue
[2026-09-05T04:51:02.487+0000] {logging_mixin.py:188} INFO - [2026-09-05T04:51:02.487+0000] {dagbag.py:545} INFO - Filling up the DagBag from /opt/airflow/dags/steam_analytics.py
[2026-09-05T04:51:02.619+0000] {processor.py:840} INFO - DAG(s) 'steam_analytics_daily' retrieved from /opt/airflow/dags/steam_analytics.py
[2026-09-05T04:51:02.645+0000] {logging_mixin.py:188} INFO - [2026-09-05T04:51:02.645+0000] {dag.py:3089} INFO - Sync 1 DAGs
[2026-09-05T04:51:02.665+0000] {logging_mixin.py:188} INFO - [2026-09-05T04:51:02.665+0000] {dag.py:3947} INFO - Setting next_dagrun for steam_analytics_daily to 2026-09-05 02:00:00+00:00, run_after=2026-09-06 02:00:00+00:00
[2026-09-05T04:51:02.680+0000] {processor.py:183} INFO - Processing /opt/airflow/dags/steam_analytics.py took 0.200 seconds
[2026-09-05T04:51:32.799+0000] {processor.py:161} INFO - Started process (PID=1071) to work on /opt/airflow/dags/steam_analytics.py
[2026-09-05T04:51:32.800+0000] {processor.py:830} INFO - Processing file /opt/airflow/dags/steam_analytics.py for tasks to queue
[2026-09-05T04:51:32.801+0000] {logging_mixin.py:188} INFO - [2026-09-05T04:51:32.801+0000] {dagbag.py:545} INFO - Filling up the DagBag from /opt/airflow/dags/steam_analytics.py
[2026-09-05T04:51:32.930+0000] {processor.py:840} INFO - DAG(s) 'steam_analytics_daily' retrieved from /opt/airflow/dags/steam_analytics.py
[2026-09-05T04:51:32.954+0000] {logging_mixin.py:188} INFO - [2026-09-05T04:51:32.953+0000] {dag.py:3089} INFO - Sync 1 DAGs
[2026-09-05T04:51:32.972+0000] {logging_mixin.py:188} INFO - [2026-09-05T04:51:32.972+0000] {dag.py:3947} INFO - Setting next_dagrun for steam_analytics_daily to 2026-09-05 02:00:00+00:00, run_after=2026-09-06 02:00:00+00:00
[2026-09-05T04:51:33.080+0000] {processor.py:183} INFO - Processing /opt/airflow/dags/steam_analytics.py took 0.285 seconds
[2026-09-05T04:52:03.209+0000] {processor.py:161} INFO - Started process (PID=1076) to work on /opt/airflow/dags/steam_analytics.py
[2026-09-05T04:52:03.210+0000] {processor.py:830} INFO - Processing file /opt/airflow/dags/steam_analytics.py for tasks to queue
[2026-09-05T04:52:03.211+0000] {logging_mixin.py:188} INFO - [2026-09-05T04:52:03.211+0000] {dagbag.py:545} INFO - Filling up the DagBag from /opt/airflow/dags/steam_analytics.py
[2026-09-05T04:52:03.344+0000] {processor.py:840} INFO - DAG(s) 'steam_analytics_daily' retrieved from /opt/airflow/dags/steam_analytics.py
[2026-09-05T04:52:03.371+0000] {logging_mixin.py:188} INFO - [2026-09-05T04:52:03.371+0000] {dag.py:3089} INFO - Sync 1 DAGs
[2026-09-05T04:52:03.392+0000] {logging_mixin.py:188} INFO - [2026-09-05T04:52:03.391+0000] {dag.py:3947} INFO - Setting next_dagrun for steam_analytics_daily to 2026-09-05 02:00:00+00:00, run_after=2026-09-06 02:00:00+00:00
[2026-09-05T04:52:03.406+0000] {processor.py:183} INFO - Processing /opt/airflow/dags/steam_analytics.py took 0.202 seconds
[2026-09-05T04:52:33.529+0000] {processor.py:161} INFO - Started process (PID=1081) to work on /opt/airflow/dags/steam_analytics.py
[2026-09-05T04:52:33.530+0000] {processor.py:830} INFO - Processing file /opt/airflow/dags/steam_analytics.py for tasks to queue
[2026-09-05T04:52:33.532+0000] {logging_mixin.py:188} INFO - [2026-09-05T04:52:33.532+0000] {dagbag.py:545} INFO - Filling up the DagBag from /opt/airflow/dags/steam_analytics.py
[2026-09-05T04:52:33.686+0000] {processor.py:840} INFO - DAG(s) 'steam_analytics_daily' retrieved from /opt/airflow/dags/steam_analytics.py
[2026-09-05T04:52:33.710+0000] {logging_mixin.py:188} INFO - [2026-09-05T04:52:33.710+0000] {dag.py:3089} INFO - Sync 1 DAGs
[2026-09-05T04:52:33.728+0000] {logging_mixin.py:188} INFO - [2026-09-05T04:52:33.728+0000] {dag.py:3947} INFO - Setting next_dagrun for steam_analytics_daily to 2026-09-05 02:00:00+00:00, run_after=2026-09-06 02:00:00+00:00
[2026-09-05T04:52:33.742+0000] {processor.py:183} INFO - Processing /opt/airflow/dags/steam_analytics.py took 0.218 seconds
[2026-09-05T04:53:03.862+0000] {processor.py:161} INFO - Started process (PID=1086) to work on /opt/airflow/dags/steam_analytics.py
[2026-09-05T04:53:03.862+0000] {processor.py:830} INFO - Processing file /opt/airflow/dags/steam_analytics.py for tasks to queue
[2026-09-05T04:53:03.864+0000] {logging_mixin.py:188} INFO - [2026-09-05T04:53:03.863+0000] {dagbag.py:545} INFO - Filling up the DagBag from /opt/airflow/dags/steam_analytics.py
[2026-09-05T04:53:03.996+0000] {processor.py:840} INFO - DAG(s) 'steam_analytics_daily' retrieved from /opt/airflow/dags/steam_analytics.py
[2026-09-05T04:53:04.020+0000] {logging_mixin.py:188} INFO - [2026-09-05T04:53:04.020+0000] {dag.py:3089} INFO - Sync 1 DAGs
[2026-09-05T04:53:04.038+0000] {logging_mixin.py:188} INFO - [2026-09-05T04:53:04.038+0000] {dag.py:3947} INFO - Setting next_dagrun for steam_analytics_daily to 2026-09-05 02:00:00+00:00, run_after=2026-09-06 02:00:00+00:00
[2026-09-05T04:53:04.052+0000] {processor.py:183} INFO - Processing /opt/airflow/dags/steam_analytics.py took 0.195 seconds
[2026-09-05T04:53:34.171+0000] {processor.py:161} INFO - Started process (PID=1091) to work on /opt/airflow/dags/steam_analytics.py
[2026-09-05T04:53:34.172+0000] {processor.py:830} INFO - Processing file /opt/airflow/dags/steam_analytics.py for tasks to queue
[2026-09-05T04:53:34.173+0000] {logging_mixin.py:188} INFO - [2026-09-05T04:53:34.173+0000] {dagbag.py:545} INFO - Filling up the DagBag from /opt/airflow/dags/steam_analytics.py
[2026-09-05T04:53:34.304+0000] {processor.py:840} INFO - DAG(s) 'steam_analytics_daily' retrieved from /opt/airflow/dags/steam_analytics.py
[2026-09-05T04:53:34.330+0000] {logging_mixin.py:188} INFO - [2026-09-05T04:53:34.329+0000] {dag.py:3089} INFO - Sync 1 DAGs
[2026-09-05T04:53:34.350+0000] {logging_mixin.py:188} INFO - [2026-09-05T04:53:34.349+0000] {dag.py:3947} INFO - Setting next_dagrun for steam_analytics_daily to 2026-09-05 02:00:00+00:00, run_after=2026-09-06 02:00:00+00:00
[2026-09-05T04:53:34.366+0000] {processor.py:183} INFO - Processing /opt/airflow/dags/steam_analytics.py took 0.199 seconds
[2026-09-05T04:54:04.479+0000] {processor.py:161} INFO - Started process (PID=1096) to work on /opt/airflow/dags/steam_analytics.py
[2026-09-05T04:54:04.480+0000] {processor.py:830} INFO - Processing file /opt/airflow/dags/steam_analytics.py for tasks to queue
[2026-09-05T04:54:04.481+0000] {logging_mixin.py:188} INFO - [2026-09-05T04:54:04.481+0000] {dagbag.py:545} INFO - Filling up the DagBag from /opt/airflow/dags/steam_analytics.py
[2026-09-05T04:54:04.608+0000] {processor.py:840} INFO - DAG(s) 'steam_analytics_daily' retrieved from /opt/airflow/dags/steam_analytics.py
[2026-09-05T04:54:04.631+0000] {logging_mixin.py:188} INFO - [2026-09-05T04:54:04.631+0000] {dag.py:3089} INFO - Sync 1 DAGs
[2026-09-05T04:54:04.777+0000] {logging_mixin.py:188} INFO - [2026-09-05T04:54:04.777+0000] {dag.py:3947} INFO - Setting next_dagrun for steam_analytics_daily to 2026-09-05 02:00:00+00:00, run_after=2026-09-06 02:00:00+00:00
[2026-09-05T04:54:04.791+0000] {processor.py:183} INFO - Processing /opt/airflow/dags/steam_analytics.py took 0.316 seconds
[2026-09-05T04:54:34.920+0000] {processor.py:161} INFO - Started process (PID=1101) to work on /opt/airflow/dags/steam_analytics.py
[2026-09-05T04:54:34.921+0000] {processor.py:830} INFO - Processing file /opt/airflow/dags/steam_analytics.py for tasks to queue
[2026-09-05T04:54:34.922+0000] {logging_mixin.py:188} INFO - [2026-09-05T04:54:34.922+0000] {dagbag.py:545} INFO - Filling up the DagBag from /opt/airflow/dags/steam_analytics.py
[2026-09-05T04:54:35.050+0000] {processor.py:840} INFO - DAG(s) 'steam_analytics_daily' retrieved from /opt/airflow/dags/steam_analytics.py
[2026-09-05T04:54:35.075+0000] {logging_mixin.py:188} INFO - [2026-09-05T04:54:35.074+0000] {dag.py:3089} INFO - Sync 1 DAGs
[2026-09-05T04:54:35.092+0000] {logging_mixin.py:188} INFO - [2026-09-05T04:54:35.092+0000] {dag.py:3947} INFO - Setting next_dagrun for steam_analytics_daily to 2026-09-05 02:00:00+00:00, run_after=2026-09-06 02:00:00+00:00
[2026-09-05T04:54:35.107+0000] {processor.py:183} INFO - Processing /opt/airflow/dags/steam_analytics.py took 0.192 seconds
[2026-09-05T04:55:05.224+0000] {processor.py:161} INFO - Started process (PID=1106) to work on /opt/airflow/dags/steam_analytics.py
[2026-09-05T04:55:05.224+0000] {processor.py:830} INFO - Processing file /opt/airflow/dags/steam_analytics.py for tasks to queue
[2026-09-05T04:55:05.226+0000] {logging_mixin.py:188} INFO - [2026-09-05T04:55:05.226+0000] {dagbag.py:545} INFO - Filling up the DagBag from /opt/airflow/dags/steam_analytics.py
[2026-09-05T04:55:05.354+0000] {processor.py:840} INFO - DAG(s) 'steam_analytics_daily' retrieved from /opt/airflow/dags/steam_analytics.py
[2026-09-05T04:55:05.377+0000] {logging_mixin.py:188} INFO - [2026-09-05T04:55:05.377+0000] {dag.py:3089} INFO - Sync 1 DAGs
[2026-09-05T04:55:05.395+0000] {logging_mixin.py:188} INFO - [2026-09-05T04:55:05.395+0000] {dag.py:3947} INFO - Setting next_dagrun for steam_analytics_daily to 2026-09-05 02:00:00+00:00, run_after=2026-09-06 02:00:00+00:00
[2026-09-05T04:55:05.409+0000] {processor.py:183} INFO - Processing /opt/airflow/dags/steam_analytics.py took 0.189 seconds
[2026-09-05T04:55:35.523+0000] {processor.py:161} INFO - Started process (PID=1111) to work on /opt/airflow/dags/steam_analytics.py
[2026-09-05T04:55:35.524+0000] {processor.py:830} INFO - Processing file /opt/airflow/dags/steam_analytics.py for tasks to queue
[2026-09-05T04:55:35.525+0000] {logging_mixin.py:188} INFO - [2026-09-05T04:55:35.525+0000] {dagbag.py:545} INFO - Filling up the DagBag from /opt/airflow/dags/steam_analytics.py
[2026-09-05T04:55:35.653+0000] {processor.py:840} INFO - DAG(s) 'steam_analytics_daily' retrieved from /opt/airflow/dags/steam_analytics.py
[2026-09-05T04:55:35.677+0000] {logging_mixin.py:188} INFO - [2026-09-05T04:55:35.677+0000] {dag.py:3089} INFO - Sync 1 DAGs
[2026-09-05T04:55:35.695+0000] {logging_mixin.py:188} INFO - [2026-09-05T04:55:35.695+0000] {dag.py:3947} INFO - Setting next_dagrun for steam_analytics_daily to 2026-09-05 02:00:00+00:00, run_after=2026-09-06 02:00:00+00:00
[2026-09-05T04:55:35.714+0000] {processor.py:183} INFO - Processing /opt/airflow/dags/steam_analytics.py took 0.196 seconds
[2026-09-05T04:56:05.832+0000] {processor.py:161} INFO - Started process (PID=1116) to work on /opt/airflow/dags/steam_analytics.py
[2026-09-05T04:56:05.833+0000] {processor.py:830} INFO - Processing file /opt/airflow/dags/steam_analytics.py for tasks to queue
[2026-09-05T04:56:05.834+0000] {logging_mixin.py:188} INFO - [2026-09-05T04:56:05.834+0000] {dagbag.py:545} INFO - Filling up the DagBag from /opt/airflow/dags/steam_analytics.py
[2026-09-05T04:56:05.963+0000] {processor.py:840} INFO - DAG(s) 'steam_analytics_daily' retrieved from /opt/airflow/dags/steam_analytics.py
[2026-09-05T04:56:05.986+0000] {logging_mixin.py:188} INFO - [2026-09-05T04:56:05.986+0000] {dag.py:3089} INFO - Sync 1 DAGs
[2026-09-05T04:56:06.104+0000] {logging_mixin.py:188} INFO - [2026-09-05T04:56:06.104+0000] {dag.py:3947} INFO - Setting next_dagrun for steam_analytics_daily to 2026-09-05 02:00:00+00:00, run_after=2026-09-06 02:00:00+00:00
[2026-09-05T04:56:06.118+0000] {processor.py:183} INFO - Processing /opt/airflow/dags/steam_analytics.py took 0.291 seconds
[2026-09-05T04:56:36.243+0000] {processor.py:161} INFO - Started process (PID=1121) to work on /opt/airflow/dags/steam_analytics.py
[2026-09-05T04:56:36.244+0000] {processor.py:830} INFO - Processing file /opt/airflow/dags/steam_analytics.py for tasks to queue
[2026-09-05T04:56:36.245+0000] {logging_mixin.py:188} INFO - [2026-09-05T04:56:36.245+0000] {dagbag.py:545} INFO - Filling up the DagBag from /opt/airflow/dags/steam_analytics.py
[2026-09-05T04:56:36.376+0000] {processor.py:840} INFO - DAG(s) 'steam_analytics_daily' retrieved from /opt/airflow/dags/steam_analytics.py
[2026-09-05T04:56:36.400+0000] {logging_mixin.py:188} INFO - [2026-09-05T04:56:36.400+0000] {dag.py:3089} INFO - Sync 1 DAGs
[2026-09-05T04:56:36.418+0000] {logging_mixin.py:188} INFO - [2026-09-05T04:56:36.418+0000] {dag.py:3947} INFO - Setting next_dagrun for steam_analytics_daily to 2026-09-05 02:00:00+00:00, run_after=2026-09-06 02:00:00+00:00
[2026-09-05T04:56:36.432+0000] {processor.py:183} INFO - Processing /opt/airflow/dags/steam_analytics.py took 0.193 seconds
[2026-09-05T04:57:06.544+0000] {processor.py:161} INFO - Started process (PID=1126) to work on /opt/airflow/dags/steam_analytics.py
[2026-09-05T04:57:06.545+0000] {processor.py:830} INFO - Processing file /opt/airflow/dags/steam_analytics.py for tasks to queue
[2026-09-05T04:57:06.547+0000] {logging_mixin.py:188} INFO - [2026-09-05T04:57:06.546+0000] {dagbag.py:545} INFO - Filling up the DagBag from /opt/airflow/dags/steam_analytics.py
[2026-09-05T04:57:06.674+0000] {processor.py:840} INFO - DAG(s) 'steam_analytics_daily' retrieved from /opt/airflow/dags/steam_analytics.py
[2026-09-05T04:57:06.699+0000] {logging_mixin.py:188} INFO - [2026-09-05T04:57:06.698+0000] {dag.py:3089} INFO - Sync 1 DAGs
[2026-09-05T04:57:06.716+0000] {logging_mixin.py:188} INFO - [2026-09-05T04:57:06.716+0000] {dag.py:3947} INFO - Setting next_dagrun for steam_analytics_daily to 2026-09-05 02:00:00+00:00, run_after=2026-09-06 02:00:00+00:00
[2026-09-05T04:57:06.730+0000] {processor.py:183} INFO - Processing /opt/airflow/dags/steam_analytics.py took 0.190 seconds
[2026-09-05T04:57:36.846+0000] {processor.py:161} INFO - Started process (PID=1131) to work on /opt/airflow/dags/steam_analytics.py
[2026-09-05T04:57:36.847+0000] {processor.py:830} INFO - Processing file /opt/airflow/dags/steam_analytics.py for tasks to queue
[2026-09-05T04:57:36.848+0000] {logging_mixin.py:188} INFO - [2026-09-05T04:57:36.848+0000] {dagbag.py:545} INFO - Filling up the DagBag from /opt/airflow/dags/steam_analytics.py
[2026-09-05T04:57:36.977+0000] {processor.py:840} INFO - DAG(s) 'steam_analytics_daily' retrieved from /opt/airflow/dags/steam_analytics.py
[2026-09-05T04:57:37.000+0000] {logging_mixin.py:188} INFO - [2026-09-05T04:57:37.000+0000] {dag.py:3089} INFO - Sync 1 DAGs
[2026-09-05T04:57:37.018+0000] {logging_mixin.py:188} INFO - [2026-09-05T04:57:37.018+0000] {dag.py:3947} INFO - Setting next_dagrun for steam_analytics_daily to 2026-09-05 02:00:00+00:00, run_after=2026-09-06 02:00:00+00:00
[2026-09-05T04:57:37.032+0000] {processor.py:183} INFO - Processing /opt/airflow/dags/steam_analytics.py took 0.190 seconds
[2026-09-05T04:58:07.146+0000] {processor.py:161} INFO - Started process (PID=1136) to work on /opt/airflow/dags/steam_analytics.py
[2026-09-05T04:58:07.147+0000] {processor.py:830} INFO - Processing file /opt/airflow/dags/steam_analytics.py for tasks to queue
[2026-09-05T04:58:07.149+0000] {logging_mixin.py:188} INFO - [2026-09-05T04:58:07.148+0000] {dagbag.py:545} INFO - Filling up the DagBag from /opt/airflow/dags/steam_analytics.py
[2026-09-05T04:58:07.275+0000] {processor.py:840} INFO - DAG(s) 'steam_analytics_daily' retrieved from /opt/airflow/dags/steam_analytics.py
[2026-09-05T04:58:07.299+0000] {logging_mixin.py:188} INFO - [2026-09-05T04:58:07.299+0000] {dag.py:3089} INFO - Sync 1 DAGs
[2026-09-05T04:58:07.319+0000] {logging_mixin.py:188} INFO - [2026-09-05T04:58:07.318+0000] {dag.py:3947} INFO - Setting next_dagrun for steam_analytics_daily to 2026-09-05 02:00:00+00:00, run_after=2026-09-06 02:00:00+00:00
[2026-09-05T04:58:07.437+0000] {processor.py:183} INFO - Processing /opt/airflow/dags/steam_analytics.py took 0.295 seconds
[2026-09-05T04:58:37.566+0000] {processor.py:161} INFO - Started process (PID=1141) to work on /opt/airflow/dags/steam_analytics.py
[2026-09-05T04:58:37.567+0000] {processor.py:830} INFO - Processing file /opt/airflow/dags/steam_analytics.py for tasks to queue
[2026-09-05T04:58:37.568+0000] {logging_mixin.py:188} INFO - [2026-09-05T04:58:37.568+0000] {dagbag.py:545} INFO - Filling up the DagBag from /opt/airflow/dags/steam_analytics.py
[2026-09-05T04:58:37.698+0000] {processor.py:840} INFO - DAG(s) 'steam_analytics_daily' retrieved from /opt/airflow/dags/steam_analytics.py
[2026-09-05T04:58:37.722+0000] {logging_mixin.py:188} INFO - [2026-09-05T04:58:37.722+0000] {dag.py:3089} INFO - Sync 1 DAGs
[2026-09-05T04:58:37.850+0000] {logging_mixin.py:188} INFO - [2026-09-05T04:58:37.849+0000] {dag.py:3947} INFO - Setting next_dagrun for steam_analytics_daily to 2026-09-05 02:00:00+00:00, run_after=2026-09-06 02:00:00+00:00
[2026-09-05T04:58:37.864+0000] {processor.py:183} INFO - Processing /opt/airflow/dags/steam_analytics.py took 0.302 seconds
[2026-09-05T04:59:07.984+0000] {processor.py:161} INFO - Started process (PID=1146) to work on /opt/airflow/dags/steam_analytics.py
[2026-09-05T04:59:07.985+0000] {processor.py:830} INFO - Processing file /opt/airflow/dags/steam_analytics.py for tasks to queue
[2026-09-05T04:59:07.986+0000] {logging_mixin.py:188} INFO - [2026-09-05T04:59:07.986+0000] {dagbag.py:545} INFO - Filling up the DagBag from /opt/airflow/dags/steam_analytics.py
[2026-09-05T04:59:08.116+0000] {processor.py:840} INFO - DAG(s) 'steam_analytics_daily' retrieved from /opt/airflow/dags/steam_analytics.py
[2026-09-05T04:59:08.140+0000] {logging_mixin.py:188} INFO - [2026-09-05T04:59:08.140+0000] {dag.py:3089} INFO - Sync 1 DAGs
[2026-09-05T04:59:08.158+0000] {logging_mixin.py:188} INFO - [2026-09-05T04:59:08.158+0000] {dag.py:3947} INFO - Setting next_dagrun for steam_analytics_daily to 2026-09-05 02:00:00+00:00, run_after=2026-09-06 02:00:00+00:00
[2026-09-05T04:59:08.172+0000] {processor.py:183} INFO - Processing /opt/airflow/dags/steam_analytics.py took 0.193 seconds
[2026-09-05T04:59:38.289+0000] {processor.py:161} INFO - Started process (PID=1151) to work on /opt/airflow/dags/steam_analytics.py
[2026-09-05T04:59:38.290+0000] {processor.py:830} INFO - Processing file /opt/airflow/dags/steam_analytics.py for tasks to queue
[2026-09-05T04:59:38.291+0000] {logging_mixin.py:188} INFO - [2026-09-05T04:59:38.291+0000] {dagbag.py:545} INFO - Filling up the DagBag from /opt/airflow/dags/steam_analytics.py
[2026-09-05T04:59:38.417+0000] {processor.py:840} INFO - DAG(s) 'steam_analytics_daily' retrieved from /opt/airflow/dags/steam_analytics.py
[2026-09-05T04:59:38.442+0000] {logging_mixin.py:188} INFO - [2026-09-05T04:59:38.442+0000] {dag.py:3089} INFO - Sync 1 DAGs
[2026-09-05T04:59:38.461+0000] {logging_mixin.py:188} INFO - [2026-09-05T04:59:38.461+0000] {dag.py:3947} INFO - Setting next_dagrun for steam_analytics_daily to 2026-09-05 02:00:00+00:00, run_after=2026-09-06 02:00:00+00:00
[2026-09-05T04:59:38.476+0000] {processor.py:183} INFO - Processing /opt/airflow/dags/steam_analytics.py took 0.191 seconds
[2026-09-05T05:00:08.591+0000] {processor.py:161} INFO - Started process (PID=1156) to work on /opt/airflow/dags/steam_analytics.py
[2026-09-05T05:00:08.592+0000] {processor.py:830} INFO - Processing file /opt/airflow/dags/steam_analytics.py for tasks to queue
[2026-09-05T05:00:08.593+0000] {logging_mixin.py:188} INFO - [2026-09-05T05:00:08.593+0000] {dagbag.py:545} INFO - Filling up the DagBag from /opt/airflow/dags/steam_analytics.py
[2026-09-05T05:00:08.721+0000] {processor.py:840} INFO - DAG(s) 'steam_analytics_daily' retrieved from /opt/airflow/dags/steam_analytics.py
[2026-09-05T05:00:08.745+0000] {logging_mixin.py:188} INFO - [2026-09-05T05:00:08.744+0000] {dag.py:3089} INFO - Sync 1 DAGs
[2026-09-05T05:00:08.762+0000] {logging_mixin.py:188} INFO - [2026-09-05T05:00:08.762+0000] {dag.py:3947} INFO - Setting next_dagrun for steam_analytics_daily to 2026-09-05 02:00:00+00:00, run_after=2026-09-06 02:00:00+00:00
[2026-09-05T05:00:08.779+0000] {processor.py:183} INFO - Processing /opt/airflow/dags/steam_analytics.py took 0.193 seconds
[2026-09-05T05:00:38.898+0000] {processor.py:161} INFO - Started process (PID=1161) to work on /opt/airflow/dags/steam_analytics.py
[2026-09-05T05:00:38.899+0000] {processor.py:830} INFO - Processing file /opt/airflow/dags/steam_analytics.py for tasks to queue
[2026-09-05T05:00:38.900+0000] {logging_mixin.py:188} INFO - [2026-09-05T05:00:38.900+0000] {dagbag.py:545} INFO - Filling up the DagBag from /opt/airflow/dags/steam_analytics.py
[2026-09-05T05:00:39.034+0000] {processor.py:840} INFO - DAG(s) 'steam_analytics_daily' retrieved from /opt/airflow/dags/steam_analytics.py
[2026-09-05T05:00:39.059+0000] {logging_mixin.py:188} INFO - [2026-09-05T05:00:39.059+0000] {dag.py:3089} INFO - Sync 1 DAGs
[2026-09-05T05:00:39.177+0000] {logging_mixin.py:188} INFO - [2026-09-05T05:00:39.177+0000] {dag.py:3947} INFO - Setting next_dagrun for steam_analytics_daily to 2026-09-05 02:00:00+00:00, run_after=2026-09-06 02:00:00+00:00
[2026-09-05T05:00:39.191+0000] {processor.py:183} INFO - Processing /opt/airflow/dags/steam_analytics.py took 0.297 seconds
[2026-09-05T05:01:09.319+0000] {processor.py:161} INFO - Started process (PID=1166) to work on /opt/airflow/dags/steam_analytics.py
[2026-09-05T05:01:09.320+0000] {processor.py:830} INFO - Processing file /opt/airflow/dags/steam_analytics.py for tasks to queue
[2026-09-05T05:01:09.321+0000] {logging_mixin.py:188} INFO - [2026-09-05T05:01:09.321+0000] {dagbag.py:545} INFO - Filling up the DagBag from /opt/airflow/dags/steam_analytics.py
[2026-09-05T05:01:09.447+0000] {processor.py:840} INFO - DAG(s) 'steam_analytics_daily' retrieved from /opt/airflow/dags/steam_analytics.py
[2026-09-05T05:01:09.575+0000] {logging_mixin.py:188} INFO - [2026-09-05T05:01:09.574+0000] {dag.py:3089} INFO - Sync 1 DAGs
[2026-09-05T05:01:09.592+0000] {logging_mixin.py:188} INFO - [2026-09-05T05:01:09.592+0000] {dag.py:3947} INFO - Setting next_dagrun for steam_analytics_daily to 2026-09-05 02:00:00+00:00, run_after=2026-09-06 02:00:00+00:00
[2026-09-05T05:01:09.606+0000] {processor.py:183} INFO - Processing /opt/airflow/dags/steam_analytics.py took 0.292 seconds
[2026-09-05T05:01:39.734+0000] {processor.py:161} INFO - Started process (PID=1171) to work on /opt/airflow/dags/steam_analytics.py
[2026-09-05T05:01:39.734+0000] {processor.py:830} INFO - Processing file /opt/airflow/dags/steam_analytics.py for tasks to queue
[2026-09-05T05:01:39.736+0000] {logging_mixin.py:188} INFO - [2026-09-05T05:01:39.735+0000] {dagbag.py:545} INFO - Filling up the DagBag from /opt/airflow/dags/steam_analytics.py
[2026-09-05T05:01:39.861+0000] {processor.py:840} INFO - DAG(s) 'steam_analytics_daily' retrieved from /opt/airflow/dags/steam_analytics.py
[2026-09-05T05:01:39.884+0000] {logging_mixin.py:188} INFO - [2026-09-05T05:01:39.884+0000] {dag.py:3089} INFO - Sync 1 DAGs
[2026-09-05T05:01:39.902+0000] {logging_mixin.py:188} INFO - [2026-09-05T05:01:39.902+0000] {dag.py:3947} INFO - Setting next_dagrun for steam_analytics_daily to 2026-09-05 02:00:00+00:00, run_after=2026-09-06 02:00:00+00:00
[2026-09-05T05:01:39.917+0000] {processor.py:183} INFO - Processing /opt/airflow/dags/steam_analytics.py took 0.188 seconds
[2026-09-05T05:02:10.033+0000] {processor.py:161} INFO - Started process (PID=1176) to work on /opt/airflow/dags/steam_analytics.py
[2026-09-05T05:02:10.034+0000] {processor.py:830} INFO - Processing file /opt/airflow/dags/steam_analytics.py for tasks to queue
[2026-09-05T05:02:10.035+0000] {logging_mixin.py:188} INFO - [2026-09-05T05:02:10.035+0000] {dagbag.py:545} INFO - Filling up the DagBag from /opt/airflow/dags/steam_analytics.py
[2026-09-05T05:02:10.160+0000] {processor.py:840} INFO - DAG(s) 'steam_analytics_daily' retrieved from /opt/airflow/dags/steam_analytics.py
[2026-09-05T05:02:10.184+0000] {logging_mixin.py:188} INFO - [2026-09-05T05:02:10.183+0000] {dag.py:3089} INFO - Sync 1 DAGs
[2026-09-05T05:02:10.202+0000] {logging_mixin.py:188} INFO - [2026-09-05T05:02:10.201+0000] {dag.py:3947} INFO - Setting next_dagrun for steam_analytics_daily to 2026-09-05 02:00:00+00:00, run_after=2026-09-06 02:00:00+00:00
[2026-09-05T05:02:10.217+0000] {processor.py:183} INFO - Processing /opt/airflow/dags/steam_analytics.py took 0.188 seconds
[2026-09-05T05:02:40.334+0000] {processor.py:161} INFO - Started process (PID=1181) to work on /opt/airflow/dags/steam_analytics.py
[2026-09-05T05:02:40.335+0000] {processor.py:830} INFO - Processing file /opt/airflow/dags/steam_analytics.py for tasks to queue
[2026-09-05T05:02:40.336+0000] {logging_mixin.py:188} INFO - [2026-09-05T05:02:40.336+0000] {dagbag.py:545} INFO - Filling up the DagBag from /opt/airflow/dags/steam_analytics.py
[2026-09-05T05:02:40.466+0000] {processor.py:840} INFO - DAG(s) 'steam_analytics_daily' retrieved from /opt/airflow/dags/steam_analytics.py
[2026-09-05T05:02:40.489+0000] {logging_mixin.py:188} INFO - [2026-09-05T05:02:40.489+0000] {dag.py:3089} INFO - Sync 1 DAGs
[2026-09-05T05:02:40.607+0000] {logging_mixin.py:188} INFO - [2026-09-05T05:02:40.607+0000] {dag.py:3947} INFO - Setting next_dagrun for steam_analytics_daily to 2026-09-05 02:00:00+00:00, run_after=2026-09-06 02:00:00+00:00
[2026-09-05T05:02:40.622+0000] {processor.py:183} INFO - Processing /opt/airflow/dags/steam_analytics.py took 0.292 seconds
[2026-09-05T05:03:10.744+0000] {processor.py:161} INFO - Started process (PID=1186) to work on /opt/airflow/dags/steam_analytics.py
[2026-09-05T05:03:10.745+0000] {processor.py:830} INFO - Processing file /opt/airflow/dags/steam_analytics.py for tasks to queue
[2026-09-05T05:03:10.746+0000] {logging_mixin.py:188} INFO - [2026-09-05T05:03:10.746+0000] {dagbag.py:545} INFO - Filling up the DagBag from /opt/airflow/dags/steam_analytics.py
[2026-09-05T05:03:10.871+0000] {processor.py:840} INFO - DAG(s) 'steam_analytics_daily' retrieved from /opt/airflow/dags/steam_analytics.py
[2026-09-05T05:03:10.896+0000] {logging_mixin.py:188} INFO - [2026-09-05T05:03:10.896+0000] {dag.py:3089} INFO - Sync 1 DAGs
[2026-09-05T05:03:11.011+0000] {logging_mixin.py:188} INFO - [2026-09-05T05:03:11.010+0000] {dag.py:3947} INFO - Setting next_dagrun for steam_analytics_daily to 2026-09-05 02:00:00+00:00, run_after=2026-09-06 02:00:00+00:00
[2026-09-05T05:03:11.025+0000] {processor.py:183} INFO - Processing /opt/airflow/dags/steam_analytics.py took 0.285 seconds
[2026-09-05T05:03:41.148+0000] {processor.py:161} INFO - Started process (PID=1191) to work on /opt/airflow/dags/steam_analytics.py
[2026-09-05T05:03:41.148+0000] {processor.py:830} INFO - Processing file /opt/airflow/dags/steam_analytics.py for tasks to queue
[2026-09-05T05:03:41.150+0000] {logging_mixin.py:188} INFO - [2026-09-05T05:03:41.149+0000] {dagbag.py:545} INFO - Filling up the DagBag from /opt/airflow/dags/steam_analytics.py
[2026-09-05T05:03:41.282+0000] {processor.py:840} INFO - DAG(s) 'steam_analytics_daily' retrieved from /opt/airflow/dags/steam_analytics.py
[2026-09-05T05:03:41.306+0000] {logging_mixin.py:188} INFO - [2026-09-05T05:03:41.306+0000] {dag.py:3089} INFO - Sync 1 DAGs
[2026-09-05T05:03:41.336+0000] {logging_mixin.py:188} INFO - [2026-09-05T05:03:41.336+0000] {dag.py:3947} INFO - Setting next_dagrun for steam_analytics_daily to 2026-09-05 02:00:00+00:00, run_after=2026-09-06 02:00:00+00:00
[2026-09-05T05:03:41.352+0000] {processor.py:183} INFO - Processing /opt/airflow/dags/steam_analytics.py took 0.209 seconds
[2026-09-05T05:04:11.470+0000] {processor.py:161} INFO - Started process (PID=1196) to work on /opt/airflow/dags/steam_analytics.py
[2026-09-05T05:04:11.471+0000] {processor.py:830} INFO - Processing file /opt/airflow/dags/steam_analytics.py for tasks to queue
[2026-09-05T05:04:11.473+0000] {logging_mixin.py:188} INFO - [2026-09-05T05:04:11.472+0000] {dagbag.py:545} INFO - Filling up the DagBag from /opt/airflow/dags/steam_analytics.py
[2026-09-05T05:04:11.601+0000] {processor.py:840} INFO - DAG(s) 'steam_analytics_daily' retrieved from /opt/airflow/dags/steam_analytics.py
[2026-09-05T05:04:11.625+0000] {logging_mixin.py:188} INFO - [2026-09-05T05:04:11.625+0000] {dag.py:3089} INFO - Sync 1 DAGs
[2026-09-05T05:04:11.643+0000] {logging_mixin.py:188} INFO - [2026-09-05T05:04:11.643+0000] {dag.py:3947} INFO - Setting next_dagrun for steam_analytics_daily to 2026-09-05 02:00:00+00:00, run_after=2026-09-06 02:00:00+00:00
[2026-09-05T05:04:11.657+0000] {processor.py:183} INFO - Processing /opt/airflow/dags/steam_analytics.py took 0.193 seconds
[2026-09-05T05:04:41.775+0000] {processor.py:161} INFO - Started process (PID=1201) to work on /opt/airflow/dags/steam_analytics.py
[2026-09-05T05:04:41.776+0000] {processor.py:830} INFO - Processing file /opt/airflow/dags/steam_analytics.py for tasks to queue
[2026-09-05T05:04:41.777+0000] {logging_mixin.py:188} INFO - [2026-09-05T05:04:41.777+0000] {dagbag.py:545} INFO - Filling up the DagBag from /opt/airflow/dags/steam_analytics.py
[2026-09-05T05:04:41.912+0000] {processor.py:840} INFO - DAG(s) 'steam_analytics_daily' retrieved from /opt/airflow/dags/steam_analytics.py
[2026-09-05T05:04:41.936+0000] {logging_mixin.py:188} INFO - [2026-09-05T05:04:41.936+0000] {dag.py:3089} INFO - Sync 1 DAGs
[2026-09-05T05:04:41.955+0000] {logging_mixin.py:188} INFO - [2026-09-05T05:04:41.955+0000] {dag.py:3947} INFO - Setting next_dagrun for steam_analytics_daily to 2026-09-05 02:00:00+00:00, run_after=2026-09-06 02:00:00+00:00
[2026-09-05T05:04:42.069+0000] {processor.py:183} INFO - Processing /opt/airflow/dags/steam_analytics.py took 0.298 seconds
[2026-09-05T05:05:12.199+0000] {processor.py:161} INFO - Started process (PID=1206) to work on /opt/airflow/dags/steam_analytics.py
[2026-09-05T05:05:12.200+0000] {processor.py:830} INFO - Processing file /opt/airflow/dags/steam_analytics.py for tasks to queue
[2026-09-05T05:05:12.202+0000] {logging_mixin.py:188} INFO - [2026-09-05T05:05:12.201+0000] {dagbag.py:545} INFO - Filling up the DagBag from /opt/airflow/dags/steam_analytics.py
[2026-09-05T05:05:12.337+0000] {processor.py:840} INFO - DAG(s) 'steam_analytics_daily' retrieved from /opt/airflow/dags/steam_analytics.py
[2026-09-05T05:05:12.364+0000] {logging_mixin.py:188} INFO - [2026-09-05T05:05:12.364+0000] {dag.py:3089} INFO - Sync 1 DAGs
[2026-09-05T05:05:12.485+0000] {logging_mixin.py:188} INFO - [2026-09-05T05:05:12.485+0000] {dag.py:3947} INFO - Setting next_dagrun for steam_analytics_daily to 2026-09-05 02:00:00+00:00, run_after=2026-09-06 02:00:00+00:00
[2026-09-05T05:05:12.501+0000] {processor.py:183} INFO - Processing /opt/airflow/dags/steam_analytics.py took 0.307 seconds
[2026-09-05T05:05:42.627+0000] {processor.py:161} INFO - Started process (PID=1211) to work on /opt/airflow/dags/steam_analytics.py
[2026-09-05T05:05:42.628+0000] {processor.py:830} INFO - Processing file /opt/airflow/dags/steam_analytics.py for tasks to queue
[2026-09-05T05:05:42.629+0000] {logging_mixin.py:188} INFO - [2026-09-05T05:05:42.629+0000] {dagbag.py:545} INFO - Filling up the DagBag from /opt/airflow/dags/steam_analytics.py
[2026-09-05T05:05:42.764+0000] {processor.py:840} INFO - DAG(s) 'steam_analytics_daily' retrieved from /opt/airflow/dags/steam_analytics.py
[2026-09-05T05:05:42.896+0000] {logging_mixin.py:188} INFO - [2026-09-05T05:05:42.896+0000] {dag.py:3089} INFO - Sync 1 DAGs
[2026-09-05T05:05:42.916+0000] {logging_mixin.py:188} INFO - [2026-09-05T05:05:42.915+0000] {dag.py:3947} INFO - Setting next_dagrun for steam_analytics_daily to 2026-09-05 02:00:00+00:00, run_after=2026-09-06 02:00:00+00:00
[2026-09-05T05:05:42.933+0000] {processor.py:183} INFO - Processing /opt/airflow/dags/steam_analytics.py took 0.311 seconds
[2026-09-05T05:06:13.060+0000] {processor.py:161} INFO - Started process (PID=1216) to work on /opt/airflow/dags/steam_analytics.py
[2026-09-05T05:06:13.061+0000] {processor.py:830} INFO - Processing file /opt/airflow/dags/steam_analytics.py for tasks to queue
[2026-09-05T05:06:13.062+0000] {logging_mixin.py:188} INFO - [2026-09-05T05:06:13.062+0000] {dagbag.py:545} INFO - Filling up the DagBag from /opt/airflow/dags/steam_analytics.py
[2026-09-05T05:06:13.191+0000] {processor.py:840} INFO - DAG(s) 'steam_analytics_daily' retrieved from /opt/airflow/dags/steam_analytics.py
[2026-09-05T05:06:13.215+0000] {logging_mixin.py:188} INFO - [2026-09-05T05:06:13.215+0000] {dag.py:3089} INFO - Sync 1 DAGs
[2026-09-05T05:06:13.233+0000] {logging_mixin.py:188} INFO - [2026-09-05T05:06:13.233+0000] {dag.py:3947} INFO - Setting next_dagrun for steam_analytics_daily to 2026-09-05 02:00:00+00:00, run_after=2026-09-06 02:00:00+00:00
[2026-09-05T05:06:13.248+0000] {processor.py:183} INFO - Processing /opt/airflow/dags/steam_analytics.py took 0.192 seconds
[2026-09-05T05:06:43.363+0000] {processor.py:161} INFO - Started process (PID=1221) to work on /opt/airflow/dags/steam_analytics.py
[2026-09-05T05:06:43.364+0000] {processor.py:830} INFO - Processing file /opt/airflow/dags/steam_analytics.py for tasks to queue
[2026-09-05T05:06:43.365+0000] {logging_mixin.py:188} INFO - [2026-09-05T05:06:43.365+0000] {dagbag.py:545} INFO - Filling up the DagBag from /opt/airflow/dags/steam_analytics.py
[2026-09-05T05:06:43.493+0000] {processor.py:840} INFO - DAG(s) 'steam_analytics_daily' retrieved from /opt/airflow/dags/steam_analytics.py
[2026-09-05T05:06:43.517+0000] {logging_mixin.py:188} INFO - [2026-09-05T05:06:43.517+0000] {dag.py:3089} INFO - Sync 1 DAGs
[2026-09-05T05:06:43.535+0000] {logging_mixin.py:188} INFO - [2026-09-05T05:06:43.535+0000] {dag.py:3947} INFO - Setting next_dagrun for steam_analytics_daily to 2026-09-05 02:00:00+00:00, run_after=2026-09-06 02:00:00+00:00
[2026-09-05T05:06:43.550+0000] {processor.py:183} INFO - Processing /opt/airflow/dags/steam_analytics.py took 0.191 seconds
[2026-09-05T05:07:13.666+0000] {processor.py:161} INFO - Started process (PID=1226) to work on /opt/airflow/dags/steam_analytics.py
[2026-09-05T05:07:13.667+0000] {processor.py:830} INFO - Processing file /opt/airflow/dags/steam_analytics.py for tasks to queue
[2026-09-05T05:07:13.668+0000] {logging_mixin.py:188} INFO - [2026-09-05T05:07:13.668+0000] {dagbag.py:545} INFO - Filling up the DagBag from /opt/airflow/dags/steam_analytics.py
[2026-09-05T05:07:13.799+0000] {processor.py:840} INFO - DAG(s) 'steam_analytics_daily' retrieved from /opt/airflow/dags/steam_analytics.py
[2026-09-05T05:07:13.824+0000] {logging_mixin.py:188} INFO - [2026-09-05T05:07:13.823+0000] {dag.py:3089} INFO - Sync 1 DAGs
[2026-09-05T05:07:13.939+0000] {logging_mixin.py:188} INFO - [2026-09-05T05:07:13.938+0000] {dag.py:3947} INFO - Setting next_dagrun for steam_analytics_daily to 2026-09-05 02:00:00+00:00, run_after=2026-09-06 02:00:00+00:00
[2026-09-05T05:07:13.953+0000] {processor.py:183} INFO - Processing /opt/airflow/dags/steam_analytics.py took 0.291 seconds
[2026-09-05T05:07:44.078+0000] {processor.py:161} INFO - Started process (PID=1231) to work on /opt/airflow/dags/steam_analytics.py
[2026-09-05T05:07:44.079+0000] {processor.py:830} INFO - Processing file /opt/airflow/dags/steam_analytics.py for tasks to queue
[2026-09-05T05:07:44.080+0000] {logging_mixin.py:188} INFO - [2026-09-05T05:07:44.080+0000] {dagbag.py:545} INFO - Filling up the DagBag from /opt/airflow/dags/steam_analytics.py
[2026-09-05T05:07:44.217+0000] {processor.py:840} INFO - DAG(s) 'steam_analytics_daily' retrieved from /opt/airflow/dags/steam_analytics.py
[2026-09-05T05:07:44.358+0000] {logging_mixin.py:188} INFO - [2026-09-05T05:07:44.358+0000] {dag.py:3089} INFO - Sync 1 DAGs
[2026-09-05T05:07:44.375+0000] {logging_mixin.py:188} INFO - [2026-09-05T05:07:44.375+0000] {dag.py:3947} INFO - Setting next_dagrun for steam_analytics_daily to 2026-09-05 02:00:00+00:00, run_after=2026-09-06 02:00:00+00:00
[2026-09-05T05:07:44.389+0000] {processor.py:183} INFO - Processing /opt/airflow/dags/steam_analytics.py took 0.316 seconds
[2026-09-05T05:08:14.512+0000] {processor.py:161} INFO - Started process (PID=1236) to work on /opt/airflow/dags/steam_analytics.py
[2026-09-05T05:08:14.513+0000] {processor.py:830} INFO - Processing file /opt/airflow/dags/steam_analytics.py for tasks to queue
[2026-09-05T05:08:14.514+0000] {logging_mixin.py:188} INFO - [2026-09-05T05:08:14.514+0000] {dagbag.py:545} INFO - Filling up the DagBag from /opt/airflow/dags/steam_analytics.py
[2026-09-05T05:08:14.642+0000] {processor.py:840} INFO - DAG(s) 'steam_analytics_daily' retrieved from /opt/airflow/dags/steam_analytics.py
[2026-09-05T05:08:14.666+0000] {logging_mixin.py:188} INFO - [2026-09-05T05:08:14.666+0000] {dag.py:3089} INFO - Sync 1 DAGs
[2026-09-05T05:08:14.685+0000] {logging_mixin.py:188} INFO - [2026-09-05T05:08:14.685+0000] {dag.py:3947} INFO - Setting next_dagrun for steam_analytics_daily to 2026-09-05 02:00:00+00:00, run_after=2026-09-06 02:00:00+00:00
[2026-09-05T05:08:14.699+0000] {processor.py:183} INFO - Processing /opt/airflow/dags/steam_analytics.py took 0.192 seconds
[2026-09-05T05:08:44.815+0000] {processor.py:161} INFO - Started process (PID=1241) to work on /opt/airflow/dags/steam_analytics.py
[2026-09-05T05:08:44.816+0000] {processor.py:830} INFO - Processing file /opt/airflow/dags/steam_analytics.py for tasks to queue
[2026-09-05T05:08:44.817+0000] {logging_mixin.py:188} INFO - [2026-09-05T05:08:44.817+0000] {dagbag.py:545} INFO - Filling up the DagBag from /opt/airflow/dags/steam_analytics.py
[2026-09-05T05:08:44.953+0000] {processor.py:840} INFO - DAG(s) 'steam_analytics_daily' retrieved from /opt/airflow/dags/steam_analytics.py
[2026-09-05T05:08:44.978+0000] {logging_mixin.py:188} INFO - [2026-09-05T05:08:44.978+0000] {dag.py:3089} INFO - Sync 1 DAGs
[2026-09-05T05:08:44.996+0000] {logging_mixin.py:188} INFO - [2026-09-05T05:08:44.996+0000] {dag.py:3947} INFO - Setting next_dagrun for steam_analytics_daily to 2026-09-05 02:00:00+00:00, run_after=2026-09-06 02:00:00+00:00
[2026-09-05T05:08:45.012+0000] {processor.py:183} INFO - Processing /opt/airflow/dags/steam_analytics.py took 0.201 seconds
[2026-09-05T05:09:15.127+0000] {processor.py:161} INFO - Started process (PID=1246) to work on /opt/airflow/dags/steam_analytics.py
[2026-09-05T05:09:15.128+0000] {processor.py:830} INFO - Processing file /opt/airflow/dags/steam_analytics.py for tasks to queue
[2026-09-05T05:09:15.129+0000] {logging_mixin.py:188} INFO - [2026-09-05T05:09:15.129+0000] {dagbag.py:545} INFO - Filling up the DagBag from /opt/airflow/dags/steam_analytics.py
[2026-09-05T05:09:15.256+0000] {processor.py:840} INFO - DAG(s) 'steam_analytics_daily' retrieved from /opt/airflow/dags/steam_analytics.py
[2026-09-05T05:09:15.280+0000] {logging_mixin.py:188} INFO - [2026-09-05T05:09:15.280+0000] {dag.py:3089} INFO - Sync 1 DAGs
[2026-09-05T05:09:15.402+0000] {logging_mixin.py:188} INFO - [2026-09-05T05:09:15.402+0000] {dag.py:3947} INFO - Setting next_dagrun for steam_analytics_daily to 2026-09-05 02:00:00+00:00, run_after=2026-09-06 02:00:00+00:00
[2026-09-05T05:09:15.417+0000] {processor.py:183} INFO - Processing /opt/airflow/dags/steam_analytics.py took 0.294 seconds
[2026-09-05T05:09:45.541+0000] {processor.py:161} INFO - Started process (PID=1251) to work on /opt/airflow/dags/steam_analytics.py
[2026-09-05T05:09:45.542+0000] {processor.py:830} INFO - Processing file /opt/airflow/dags/steam_analytics.py for tasks to queue
[2026-09-05T05:09:45.544+0000] {logging_mixin.py:188} INFO - [2026-09-05T05:09:45.543+0000] {dagbag.py:545} INFO - Filling up the DagBag from /opt/airflow/dags/steam_analytics.py
[2026-09-05T05:09:45.674+0000] {processor.py:840} INFO - DAG(s) 'steam_analytics_daily' retrieved from /opt/airflow/dags/steam_analytics.py
[2026-09-05T05:09:45.794+0000] {logging_mixin.py:188} INFO - [2026-09-05T05:09:45.794+0000] {dag.py:3089} INFO - Sync 1 DAGs
[2026-09-05T05:09:45.811+0000] {logging_mixin.py:188} INFO - [2026-09-05T05:09:45.811+0000] {dag.py:3947} INFO - Setting next_dagrun for steam_analytics_daily to 2026-09-05 02:00:00+00:00, run_after=2026-09-06 02:00:00+00:00
[2026-09-05T05:09:45.825+0000] {processor.py:183} INFO - Processing /opt/airflow/dags/steam_analytics.py took 0.288 seconds
[2026-09-05T05:10:15.947+0000] {processor.py:161} INFO - Started process (PID=1256) to work on /opt/airflow/dags/steam_analytics.py
[2026-09-05T05:10:15.948+0000] {processor.py:830} INFO - Processing file /opt/airflow/dags/steam_analytics.py for tasks to queue
[2026-09-05T05:10:15.949+0000] {logging_mixin.py:188} INFO - [2026-09-05T05:10:15.949+0000] {dagbag.py:545} INFO - Filling up the DagBag from /opt/airflow/dags/steam_analytics.py
[2026-09-05T05:10:16.081+0000] {processor.py:840} INFO - DAG(s) 'steam_analytics_daily' retrieved from /opt/airflow/dags/steam_analytics.py
[2026-09-05T05:10:16.201+0000] {logging_mixin.py:188} INFO - [2026-09-05T05:10:16.201+0000] {dag.py:3089} INFO - Sync 1 DAGs
[2026-09-05T05:10:16.218+0000] {logging_mixin.py:188} INFO - [2026-09-05T05:10:16.218+0000] {dag.py:3947} INFO - Setting next_dagrun for steam_analytics_daily to 2026-09-05 02:00:00+00:00, run_after=2026-09-06 02:00:00+00:00
[2026-09-05T05:10:16.232+0000] {processor.py:183} INFO - Processing /opt/airflow/dags/steam_analytics.py took 0.289 seconds
[2026-09-05T05:10:46.357+0000] {processor.py:161} INFO - Started process (PID=1261) to work on /opt/airflow/dags/steam_analytics.py
[2026-09-05T05:10:46.358+0000] {processor.py:830} INFO - Processing file /opt/airflow/dags/steam_analytics.py for tasks to queue
[2026-09-05T05:10:46.360+0000] {logging_mixin.py:188} INFO - [2026-09-05T05:10:46.359+0000] {dagbag.py:545} INFO - Filling up the DagBag from /opt/airflow/dags/steam_analytics.py
[2026-09-05T05:10:46.507+0000] {processor.py:840} INFO - DAG(s) 'steam_analytics_daily' retrieved from /opt/airflow/dags/steam_analytics.py
[2026-09-05T05:10:46.534+0000] {logging_mixin.py:188} INFO - [2026-09-05T05:10:46.534+0000] {dag.py:3089} INFO - Sync 1 DAGs
[2026-09-05T05:10:46.554+0000] {logging_mixin.py:188} INFO - [2026-09-05T05:10:46.553+0000] {dag.py:3947} INFO - Setting next_dagrun for steam_analytics_daily to 2026-09-05 02:00:00+00:00, run_after=2026-09-06 02:00:00+00:00
[2026-09-05T05:10:46.570+0000] {processor.py:183} INFO - Processing /opt/airflow/dags/steam_analytics.py took 0.217 seconds
[2026-09-05T05:11:16.690+0000] {processor.py:161} INFO - Started process (PID=1266) to work on /opt/airflow/dags/steam_analytics.py
[2026-09-05T05:11:16.690+0000] {processor.py:830} INFO - Processing file /opt/airflow/dags/steam_analytics.py for tasks to queue
[2026-09-05T05:11:16.692+0000] {logging_mixin.py:188} INFO - [2026-09-05T05:11:16.691+0000] {dagbag.py:545} INFO - Filling up the DagBag from /opt/airflow/dags/steam_analytics.py
[2026-09-05T05:11:16.821+0000] {processor.py:840} INFO - DAG(s) 'steam_analytics_daily' retrieved from /opt/airflow/dags/steam_analytics.py
[2026-09-05T05:11:16.845+0000] {logging_mixin.py:188} INFO - [2026-09-05T05:11:16.845+0000] {dag.py:3089} INFO - Sync 1 DAGs
[2026-09-05T05:11:16.959+0000] {logging_mixin.py:188} INFO - [2026-09-05T05:11:16.958+0000] {dag.py:3947} INFO - Setting next_dagrun for steam_analytics_daily to 2026-09-05 02:00:00+00:00, run_after=2026-09-06 02:00:00+00:00
[2026-09-05T05:11:16.973+0000] {processor.py:183} INFO - Processing /opt/airflow/dags/steam_analytics.py took 0.288 seconds
[2026-09-05T05:11:47.092+0000] {processor.py:161} INFO - Started process (PID=1271) to work on /opt/airflow/dags/steam_analytics.py
[2026-09-05T05:11:47.093+0000] {processor.py:830} INFO - Processing file /opt/airflow/dags/steam_analytics.py for tasks to queue
[2026-09-05T05:11:47.095+0000] {logging_mixin.py:188} INFO - [2026-09-05T05:11:47.094+0000] {dagbag.py:545} INFO - Filling up the DagBag from /opt/airflow/dags/steam_analytics.py
[2026-09-05T05:11:47.227+0000] {processor.py:840} INFO - DAG(s) 'steam_analytics_daily' retrieved from /opt/airflow/dags/steam_analytics.py
[2026-09-05T05:11:47.251+0000] {logging_mixin.py:188} INFO - [2026-09-05T05:11:47.251+0000] {dag.py:3089} INFO - Sync 1 DAGs
[2026-09-05T05:11:47.367+0000] {logging_mixin.py:188} INFO - [2026-09-05T05:11:47.366+0000] {dag.py:3947} INFO - Setting next_dagrun for steam_analytics_daily to 2026-09-05 02:00:00+00:00, run_after=2026-09-06 02:00:00+00:00
[2026-09-05T05:11:47.381+0000] {processor.py:183} INFO - Processing /opt/airflow/dags/steam_analytics.py took 0.293 seconds
[2026-09-05T05:12:17.510+0000] {processor.py:161} INFO - Started process (PID=1276) to work on /opt/airflow/dags/steam_analytics.py
[2026-09-05T05:12:17.511+0000] {processor.py:830} INFO - Processing file /opt/airflow/dags/steam_analytics.py for tasks to queue
[2026-09-05T05:12:17.513+0000] {logging_mixin.py:188} INFO - [2026-09-05T05:12:17.512+0000] {dagbag.py:545} INFO - Filling up the DagBag from /opt/airflow/dags/steam_analytics.py
[2026-09-05T05:12:17.642+0000] {processor.py:840} INFO - DAG(s) 'steam_analytics_daily' retrieved from /opt/airflow/dags/steam_analytics.py
[2026-09-05T05:12:17.759+0000] {logging_mixin.py:188} INFO - [2026-09-05T05:12:17.759+0000] {dag.py:3089} INFO - Sync 1 DAGs
[2026-09-05T05:12:17.777+0000] {logging_mixin.py:188} INFO - [2026-09-05T05:12:17.777+0000] {dag.py:3947} INFO - Setting next_dagrun for steam_analytics_daily to 2026-09-05 02:00:00+00:00, run_after=2026-09-06 02:00:00+00:00
[2026-09-05T05:12:17.791+0000] {processor.py:183} INFO - Processing /opt/airflow/dags/steam_analytics.py took 0.286 seconds
[2026-09-05T05:12:47.916+0000] {processor.py:161} INFO - Started process (PID=1281) to work on /opt/airflow/dags/steam_analytics.py
[2026-09-05T05:12:47.917+0000] {processor.py:830} INFO - Processing file /opt/airflow/dags/steam_analytics.py for tasks to queue
[2026-09-05T05:12:47.919+0000] {logging_mixin.py:188} INFO - [2026-09-05T05:12:47.918+0000] {dagbag.py:545} INFO - Filling up the DagBag from /opt/airflow/dags/steam_analytics.py
[2026-09-05T05:12:48.141+0000] {processor.py:840} INFO - DAG(s) 'steam_analytics_daily' retrieved from /opt/airflow/dags/steam_analytics.py
[2026-09-05T05:12:48.162+0000] {logging_mixin.py:188} INFO - [2026-09-05T05:12:48.162+0000] {dag.py:3089} INFO - Sync 1 DAGs
[2026-09-05T05:12:48.179+0000] {logging_mixin.py:188} INFO - [2026-09-05T05:12:48.179+0000] {dag.py:3947} INFO - Setting next_dagrun for steam_analytics_daily to 2026-09-05 02:00:00+00:00, run_after=2026-09-06 02:00:00+00:00
[2026-09-05T05:12:48.193+0000] {processor.py:183} INFO - Processing /opt/airflow/dags/steam_analytics.py took 0.280 seconds
[2026-09-05T05:13:18.311+0000] {processor.py:161} INFO - Started process (PID=1286) to work on /opt/airflow/dags/steam_analytics.py
[2026-09-05T05:13:18.312+0000] {processor.py:830} INFO - Processing file /opt/airflow/dags/steam_analytics.py for tasks to queue
[2026-09-05T05:13:18.313+0000] {logging_mixin.py:188} INFO - [2026-09-05T05:13:18.313+0000] {dagbag.py:545} INFO - Filling up the DagBag from /opt/airflow/dags/steam_analytics.py
[2026-09-05T05:13:18.443+0000] {processor.py:840} INFO - DAG(s) 'steam_analytics_daily' retrieved from /opt/airflow/dags/steam_analytics.py
[2026-09-05T05:13:18.468+0000] {logging_mixin.py:188} INFO - [2026-09-05T05:13:18.468+0000] {dag.py:3089} INFO - Sync 1 DAGs
[2026-09-05T05:13:18.487+0000] {logging_mixin.py:188} INFO - [2026-09-05T05:13:18.487+0000] {dag.py:3947} INFO - Setting next_dagrun for steam_analytics_daily to 2026-09-05 02:00:00+00:00, run_after=2026-09-06 02:00:00+00:00
[2026-09-05T05:13:18.599+0000] {processor.py:183} INFO - Processing /opt/airflow/dags/steam_analytics.py took 0.293 seconds
[2026-09-05T05:13:48.739+0000] {processor.py:161} INFO - Started process (PID=1291) to work on /opt/airflow/dags/steam_analytics.py
[2026-09-05T05:13:48.740+0000] {processor.py:830} INFO - Processing file /opt/airflow/dags/steam_analytics.py for tasks to queue
[2026-09-05T05:13:48.741+0000] {logging_mixin.py:188} INFO - [2026-09-05T05:13:48.741+0000] {dagbag.py:545} INFO - Filling up the DagBag from /opt/airflow/dags/steam_analytics.py
[2026-09-05T05:13:48.874+0000] {processor.py:840} INFO - DAG(s) 'steam_analytics_daily' retrieved from /opt/airflow/dags/steam_analytics.py
[2026-09-05T05:13:48.899+0000] {logging_mixin.py:188} INFO - [2026-09-05T05:13:48.899+0000] {dag.py:3089} INFO - Sync 1 DAGs
[2026-09-05T05:13:49.016+0000] {logging_mixin.py:188} INFO - [2026-09-05T05:13:49.015+0000] {dag.py:3947} INFO - Setting next_dagrun for steam_analytics_daily to 2026-09-05 02:00:00+00:00, run_after=2026-09-06 02:00:00+00:00
[2026-09-05T05:13:49.030+0000] {processor.py:183} INFO - Processing /opt/airflow/dags/steam_analytics.py took 0.295 seconds
[2026-09-05T05:14:19.156+0000] {processor.py:161} INFO - Started process (PID=1296) to work on /opt/airflow/dags/steam_analytics.py
[2026-09-05T05:14:19.157+0000] {processor.py:830} INFO - Processing file /opt/airflow/dags/steam_analytics.py for tasks to queue
[2026-09-05T05:14:19.158+0000] {logging_mixin.py:188} INFO - [2026-09-05T05:14:19.158+0000] {dagbag.py:545} INFO - Filling up the DagBag from /opt/airflow/dags/steam_analytics.py
[2026-09-05T05:14:19.285+0000] {processor.py:840} INFO - DAG(s) 'steam_analytics_daily' retrieved from /opt/airflow/dags/steam_analytics.py
[2026-09-05T05:14:19.409+0000] {logging_mixin.py:188} INFO - [2026-09-05T05:14:19.409+0000] {dag.py:3089} INFO - Sync 1 DAGs
[2026-09-05T05:14:19.427+0000] {logging_mixin.py:188} INFO - [2026-09-05T05:14:19.427+0000] {dag.py:3947} INFO - Setting next_dagrun for steam_analytics_daily to 2026-09-05 02:00:00+00:00, run_after=2026-09-06 02:00:00+00:00
[2026-09-05T05:14:19.442+0000] {processor.py:183} INFO - Processing /opt/airflow/dags/steam_analytics.py took 0.290 seconds
[2026-09-05T05:14:49.571+0000] {processor.py:161} INFO - Started process (PID=1301) to work on /opt/airflow/dags/steam_analytics.py
[2026-09-05T05:14:49.572+0000] {processor.py:830} INFO - Processing file /opt/airflow/dags/steam_analytics.py for tasks to queue
[2026-09-05T05:14:49.573+0000] {logging_mixin.py:188} INFO - [2026-09-05T05:14:49.573+0000] {dagbag.py:545} INFO - Filling up the DagBag from /opt/airflow/dags/steam_analytics.py
[2026-09-05T05:14:49.814+0000] {processor.py:840} INFO - DAG(s) 'steam_analytics_daily' retrieved from /opt/airflow/dags/steam_analytics.py
[2026-09-05T05:14:49.842+0000] {logging_mixin.py:188} INFO - [2026-09-05T05:14:49.841+0000] {dag.py:3089} INFO - Sync 1 DAGs
[2026-09-05T05:14:49.859+0000] {logging_mixin.py:188} INFO - [2026-09-05T05:14:49.859+0000] {dag.py:3947} INFO - Setting next_dagrun for steam_analytics_daily to 2026-09-05 02:00:00+00:00, run_after=2026-09-06 02:00:00+00:00
[2026-09-05T05:14:49.874+0000] {processor.py:183} INFO - Processing /opt/airflow/dags/steam_analytics.py took 0.308 seconds
[2026-09-05T05:15:20.002+0000] {processor.py:161} INFO - Started process (PID=1306) to work on /opt/airflow/dags/steam_analytics.py
[2026-09-05T05:15:20.002+0000] {processor.py:830} INFO - Processing file /opt/airflow/dags/steam_analytics.py for tasks to queue
[2026-09-05T05:15:20.004+0000] {logging_mixin.py:188} INFO - [2026-09-05T05:15:20.003+0000] {dagbag.py:545} INFO - Filling up the DagBag from /opt/airflow/dags/steam_analytics.py
[2026-09-05T05:15:20.229+0000] {processor.py:840} INFO - DAG(s) 'steam_analytics_daily' retrieved from /opt/airflow/dags/steam_analytics.py
[2026-09-05T05:15:20.251+0000] {logging_mixin.py:188} INFO - [2026-09-05T05:15:20.251+0000] {dag.py:3089} INFO - Sync 1 DAGs
[2026-09-05T05:15:20.267+0000] {logging_mixin.py:188} INFO - [2026-09-05T05:15:20.267+0000] {dag.py:3947} INFO - Setting next_dagrun for steam_analytics_daily to 2026-09-05 02:00:00+00:00, run_after=2026-09-06 02:00:00+00:00
[2026-09-05T05:15:20.281+0000] {processor.py:183} INFO - Processing /opt/airflow/dags/steam_analytics.py took 0.284 seconds
[2026-09-05T05:15:50.405+0000] {processor.py:161} INFO - Started process (PID=1311) to work on /opt/airflow/dags/steam_analytics.py
[2026-09-05T05:15:50.406+0000] {processor.py:830} INFO - Processing file /opt/airflow/dags/steam_analytics.py for tasks to queue
[2026-09-05T05:15:50.407+0000] {logging_mixin.py:188} INFO - [2026-09-05T05:15:50.407+0000] {dagbag.py:545} INFO - Filling up the DagBag from /opt/airflow/dags/steam_analytics.py
[2026-09-05T05:15:50.535+0000] {processor.py:840} INFO - DAG(s) 'steam_analytics_daily' retrieved from /opt/airflow/dags/steam_analytics.py
[2026-09-05T05:15:50.560+0000] {logging_mixin.py:188} INFO - [2026-09-05T05:15:50.560+0000] {dag.py:3089} INFO - Sync 1 DAGs
[2026-09-05T05:15:50.673+0000] {logging_mixin.py:188} INFO - [2026-09-05T05:15:50.673+0000] {dag.py:3947} INFO - Setting next_dagrun for steam_analytics_daily to 2026-09-05 02:00:00+00:00, run_after=2026-09-06 02:00:00+00:00
[2026-09-05T05:15:50.687+0000] {processor.py:183} INFO - Processing /opt/airflow/dags/steam_analytics.py took 0.287 seconds
[2026-09-05T05:16:20.811+0000] {processor.py:161} INFO - Started process (PID=1316) to work on /opt/airflow/dags/steam_analytics.py
[2026-09-05T05:16:20.811+0000] {processor.py:830} INFO - Processing file /opt/airflow/dags/steam_analytics.py for tasks to queue
[2026-09-05T05:16:20.812+0000] {logging_mixin.py:188} INFO - [2026-09-05T05:16:20.812+0000] {dagbag.py:545} INFO - Filling up the DagBag from /opt/airflow/dags/steam_analytics.py
[2026-09-05T05:16:20.940+0000] {processor.py:840} INFO - DAG(s) 'steam_analytics_daily' retrieved from /opt/airflow/dags/steam_analytics.py
[2026-09-05T05:16:21.058+0000] {logging_mixin.py:188} INFO - [2026-09-05T05:16:21.057+0000] {dag.py:3089} INFO - Sync 1 DAGs
[2026-09-05T05:16:21.074+0000] {logging_mixin.py:188} INFO - [2026-09-05T05:16:21.074+0000] {dag.py:3947} INFO - Setting next_dagrun for steam_analytics_daily to 2026-09-05 02:00:00+00:00, run_after=2026-09-06 02:00:00+00:00
[2026-09-05T05:16:21.089+0000] {processor.py:183} INFO - Processing /opt/airflow/dags/steam_analytics.py took 0.282 seconds
[2026-09-05T05:16:51.213+0000] {processor.py:161} INFO - Started process (PID=1321) to work on /opt/airflow/dags/steam_analytics.py
[2026-09-05T05:16:51.214+0000] {processor.py:830} INFO - Processing file /opt/airflow/dags/steam_analytics.py for tasks to queue
[2026-09-05T05:16:51.216+0000] {logging_mixin.py:188} INFO - [2026-09-05T05:16:51.215+0000] {dagbag.py:545} INFO - Filling up the DagBag from /opt/airflow/dags/steam_analytics.py
[2026-09-05T05:16:51.343+0000] {processor.py:840} INFO - DAG(s) 'steam_analytics_daily' retrieved from /opt/airflow/dags/steam_analytics.py
[2026-09-05T05:16:51.462+0000] {logging_mixin.py:188} INFO - [2026-09-05T05:16:51.462+0000] {dag.py:3089} INFO - Sync 1 DAGs
[2026-09-05T05:16:51.478+0000] {logging_mixin.py:188} INFO - [2026-09-05T05:16:51.478+0000] {dag.py:3947} INFO - Setting next_dagrun for steam_analytics_daily to 2026-09-05 02:00:00+00:00, run_after=2026-09-06 02:00:00+00:00
[2026-09-05T05:16:51.492+0000] {processor.py:183} INFO - Processing /opt/airflow/dags/steam_analytics.py took 0.283 seconds
[2026-09-05T05:17:21.619+0000] {processor.py:161} INFO - Started process (PID=1326) to work on /opt/airflow/dags/steam_analytics.py
[2026-09-05T05:17:21.620+0000] {processor.py:830} INFO - Processing file /opt/airflow/dags/steam_analytics.py for tasks to queue
[2026-09-05T05:17:21.621+0000] {logging_mixin.py:188} INFO - [2026-09-05T05:17:21.621+0000] {dagbag.py:545} INFO - Filling up the DagBag from /opt/airflow/dags/steam_analytics.py
[2026-09-05T05:17:21.845+0000] {processor.py:840} INFO - DAG(s) 'steam_analytics_daily' retrieved from /opt/airflow/dags/steam_analytics.py
[2026-09-05T05:17:21.867+0000] {logging_mixin.py:188} INFO - [2026-09-05T05:17:21.866+0000] {dag.py:3089} INFO - Sync 1 DAGs
[2026-09-05T05:17:21.884+0000] {logging_mixin.py:188} INFO - [2026-09-05T05:17:21.884+0000] {dag.py:3947} INFO - Setting next_dagrun for steam_analytics_daily to 2026-09-05 02:00:00+00:00, run_after=2026-09-06 02:00:00+00:00
[2026-09-05T05:17:21.898+0000] {processor.py:183} INFO - Processing /opt/airflow/dags/steam_analytics.py took 0.283 seconds
[2026-09-05T05:17:52.023+0000] {processor.py:161} INFO - Started process (PID=1331) to work on /opt/airflow/dags/steam_analytics.py
[2026-09-05T05:17:52.024+0000] {processor.py:830} INFO - Processing file /opt/airflow/dags/steam_analytics.py for tasks to queue
[2026-09-05T05:17:52.025+0000] {logging_mixin.py:188} INFO - [2026-09-05T05:17:52.025+0000] {dagbag.py:545} INFO - Filling up the DagBag from /opt/airflow/dags/steam_analytics.py
[2026-09-05T05:17:52.153+0000] {processor.py:840} INFO - DAG(s) 'steam_analytics_daily' retrieved from /opt/airflow/dags/steam_analytics.py
[2026-09-05T05:17:52.177+0000] {logging_mixin.py:188} INFO - [2026-09-05T05:17:52.177+0000] {dag.py:3089} INFO - Sync 1 DAGs
[2026-09-05T05:17:52.290+0000] {logging_mixin.py:188} INFO - [2026-09-05T05:17:52.290+0000] {dag.py:3947} INFO - Setting next_dagrun for steam_analytics_daily to 2026-09-05 02:00:00+00:00, run_after=2026-09-06 02:00:00+00:00
[2026-09-05T05:17:52.305+0000] {processor.py:183} INFO - Processing /opt/airflow/dags/steam_analytics.py took 0.285 seconds
[2026-09-05T05:18:22.428+0000] {processor.py:161} INFO - Started process (PID=1336) to work on /opt/airflow/dags/steam_analytics.py
[2026-09-05T05:18:22.429+0000] {processor.py:830} INFO - Processing file /opt/airflow/dags/steam_analytics.py for tasks to queue
[2026-09-05T05:18:22.430+0000] {logging_mixin.py:188} INFO - [2026-09-05T05:18:22.430+0000] {dagbag.py:545} INFO - Filling up the DagBag from /opt/airflow/dags/steam_analytics.py
[2026-09-05T05:18:22.560+0000] {processor.py:840} INFO - DAG(s) 'steam_analytics_daily' retrieved from /opt/airflow/dags/steam_analytics.py
[2026-09-05T05:18:22.585+0000] {logging_mixin.py:188} INFO - [2026-09-05T05:18:22.585+0000] {dag.py:3089} INFO - Sync 1 DAGs
[2026-09-05T05:18:22.702+0000] {logging_mixin.py:188} INFO - [2026-09-05T05:18:22.702+0000] {dag.py:3947} INFO - Setting next_dagrun for steam_analytics_daily to 2026-09-05 02:00:00+00:00, run_after=2026-09-06 02:00:00+00:00
[2026-09-05T05:18:22.717+0000] {processor.py:183} INFO - Processing /opt/airflow/dags/steam_analytics.py took 0.292 seconds
[2026-09-05T05:18:52.871+0000] {processor.py:161} INFO - Started process (PID=1341) to work on /opt/airflow/dags/steam_analytics.py
[2026-09-05T05:18:52.872+0000] {processor.py:830} INFO - Processing file /opt/airflow/dags/steam_analytics.py for tasks to queue
[2026-09-05T05:18:52.873+0000] {logging_mixin.py:188} INFO - [2026-09-05T05:18:52.873+0000] {dagbag.py:545} INFO - Filling up the DagBag from /opt/airflow/dags/steam_analytics.py
[2026-09-05T05:18:53.003+0000] {processor.py:840} INFO - DAG(s) 'steam_analytics_daily' retrieved from /opt/airflow/dags/steam_analytics.py
[2026-09-05T05:18:53.127+0000] {logging_mixin.py:188} INFO - [2026-09-05T05:18:53.127+0000] {dag.py:3089} INFO - Sync 1 DAGs
[2026-09-05T05:18:53.143+0000] {logging_mixin.py:188} INFO - [2026-09-05T05:18:53.143+0000] {dag.py:3947} INFO - Setting next_dagrun for steam_analytics_daily to 2026-09-05 02:00:00+00:00, run_after=2026-09-06 02:00:00+00:00
[2026-09-05T05:18:53.157+0000] {processor.py:183} INFO - Processing /opt/airflow/dags/steam_analytics.py took 0.291 seconds
[2026-09-05T05:19:23.277+0000] {processor.py:161} INFO - Started process (PID=1346) to work on /opt/airflow/dags/steam_analytics.py
[2026-09-05T05:19:23.278+0000] {processor.py:830} INFO - Processing file /opt/airflow/dags/steam_analytics.py for tasks to queue
[2026-09-05T05:19:23.279+0000] {logging_mixin.py:188} INFO - [2026-09-05T05:19:23.279+0000] {dagbag.py:545} INFO - Filling up the DagBag from /opt/airflow/dags/steam_analytics.py
[2026-09-05T05:19:23.507+0000] {processor.py:840} INFO - DAG(s) 'steam_analytics_daily' retrieved from /opt/airflow/dags/steam_analytics.py
[2026-09-05T05:19:23.528+0000] {logging_mixin.py:188} INFO - [2026-09-05T05:19:23.528+0000] {dag.py:3089} INFO - Sync 1 DAGs
[2026-09-05T05:19:23.545+0000] {logging_mixin.py:188} INFO - [2026-09-05T05:19:23.545+0000] {dag.py:3947} INFO - Setting next_dagrun for steam_analytics_daily to 2026-09-05 02:00:00+00:00, run_after=2026-09-06 02:00:00+00:00
[2026-09-05T05:19:23.559+0000] {processor.py:183} INFO - Processing /opt/airflow/dags/steam_analytics.py took 0.286 seconds
[2026-09-05T05:19:53.683+0000] {processor.py:161} INFO - Started process (PID=1351) to work on /opt/airflow/dags/steam_analytics.py
[2026-09-05T05:19:53.684+0000] {processor.py:830} INFO - Processing file /opt/airflow/dags/steam_analytics.py for tasks to queue
[2026-09-05T05:19:53.685+0000] {logging_mixin.py:188} INFO - [2026-09-05T05:19:53.685+0000] {dagbag.py:545} INFO - Filling up the DagBag from /opt/airflow/dags/steam_analytics.py
[2026-09-05T05:19:53.916+0000] {processor.py:840} INFO - DAG(s) 'steam_analytics_daily' retrieved from /opt/airflow/dags/steam_analytics.py
[2026-09-05T05:19:53.938+0000] {logging_mixin.py:188} INFO - [2026-09-05T05:19:53.938+0000] {dag.py:3089} INFO - Sync 1 DAGs
[2026-09-05T05:19:53.956+0000] {logging_mixin.py:188} INFO - [2026-09-05T05:19:53.956+0000] {dag.py:3947} INFO - Setting next_dagrun for steam_analytics_daily to 2026-09-05 02:00:00+00:00, run_after=2026-09-06 02:00:00+00:00
[2026-09-05T05:19:53.971+0000] {processor.py:183} INFO - Processing /opt/airflow/dags/steam_analytics.py took 0.293 seconds
[2026-09-05T05:20:24.093+0000] {processor.py:161} INFO - Started process (PID=1356) to work on /opt/airflow/dags/steam_analytics.py
[2026-09-05T05:20:24.094+0000] {processor.py:830} INFO - Processing file /opt/airflow/dags/steam_analytics.py for tasks to queue
[2026-09-05T05:20:24.096+0000] {logging_mixin.py:188} INFO - [2026-09-05T05:20:24.095+0000] {dagbag.py:545} INFO - Filling up the DagBag from /opt/airflow/dags/steam_analytics.py
[2026-09-05T05:20:24.223+0000] {processor.py:840} INFO - DAG(s) 'steam_analytics_daily' retrieved from /opt/airflow/dags/steam_analytics.py
[2026-09-05T05:20:24.246+0000] {logging_mixin.py:188} INFO - [2026-09-05T05:20:24.246+0000] {dag.py:3089} INFO - Sync 1 DAGs
[2026-09-05T05:20:24.360+0000] {logging_mixin.py:188} INFO - [2026-09-05T05:20:24.359+0000] {dag.py:3947} INFO - Setting next_dagrun for steam_analytics_daily to 2026-09-05 02:00:00+00:00, run_after=2026-09-06 02:00:00+00:00
[2026-09-05T05:20:24.374+0000] {processor.py:183} INFO - Processing /opt/airflow/dags/steam_analytics.py took 0.284 seconds
[2026-09-05T05:20:54.501+0000] {processor.py:161} INFO - Started process (PID=1361) to work on /opt/airflow/dags/steam_analytics.py
[2026-09-05T05:20:54.502+0000] {processor.py:830} INFO - Processing file /opt/airflow/dags/steam_analytics.py for tasks to queue
[2026-09-05T05:20:54.503+0000] {logging_mixin.py:188} INFO - [2026-09-05T05:20:54.503+0000] {dagbag.py:545} INFO - Filling up the DagBag from /opt/airflow/dags/steam_analytics.py
[2026-09-05T05:20:54.632+0000] {processor.py:840} INFO - DAG(s) 'steam_analytics_daily' retrieved from /opt/airflow/dags/steam_analytics.py
[2026-09-05T05:20:54.753+0000] {logging_mixin.py:188} INFO - [2026-09-05T05:20:54.752+0000] {dag.py:3089} INFO - Sync 1 DAGs
[2026-09-05T05:20:54.771+0000] {logging_mixin.py:188} INFO - [2026-09-05T05:20:54.771+0000] {dag.py:3947} INFO - Setting next_dagrun for steam_analytics_daily to 2026-09-05 02:00:00+00:00, run_after=2026-09-06 02:00:00+00:00
[2026-09-05T05:20:54.785+0000] {processor.py:183} INFO - Processing /opt/airflow/dags/steam_analytics.py took 0.289 seconds
[2026-09-05T05:21:24.919+0000] {processor.py:161} INFO - Started process (PID=1366) to work on /opt/airflow/dags/steam_analytics.py
[2026-09-05T05:21:24.920+0000] {processor.py:830} INFO - Processing file /opt/airflow/dags/steam_analytics.py for tasks to queue
[2026-09-05T05:21:24.921+0000] {logging_mixin.py:188} INFO - [2026-09-05T05:21:24.921+0000] {dagbag.py:545} INFO - Filling up the DagBag from /opt/airflow/dags/steam_analytics.py
[2026-09-05T05:21:25.155+0000] {processor.py:840} INFO - DAG(s) 'steam_analytics_daily' retrieved from /opt/airflow/dags/steam_analytics.py
[2026-09-05T05:21:25.176+0000] {logging_mixin.py:188} INFO - [2026-09-05T05:21:25.176+0000] {dag.py:3089} INFO - Sync 1 DAGs
[2026-09-05T05:21:25.193+0000] {logging_mixin.py:188} INFO - [2026-09-05T05:21:25.193+0000] {dag.py:3947} INFO - Setting next_dagrun for steam_analytics_daily to 2026-09-05 02:00:00+00:00, run_after=2026-09-06 02:00:00+00:00
[2026-09-05T05:21:25.207+0000] {processor.py:183} INFO - Processing /opt/airflow/dags/steam_analytics.py took 0.294 seconds
[2026-09-05T05:21:55.333+0000] {processor.py:161} INFO - Started process (PID=1371) to work on /opt/airflow/dags/steam_analytics.py
[2026-09-05T05:21:55.334+0000] {processor.py:830} INFO - Processing file /opt/airflow/dags/steam_analytics.py for tasks to queue
[2026-09-05T05:21:55.335+0000] {logging_mixin.py:188} INFO - [2026-09-05T05:21:55.335+0000] {dagbag.py:545} INFO - Filling up the DagBag from /opt/airflow/dags/steam_analytics.py
[2026-09-05T05:21:55.562+0000] {processor.py:840} INFO - DAG(s) 'steam_analytics_daily' retrieved from /opt/airflow/dags/steam_analytics.py
[2026-09-05T05:21:55.583+0000] {logging_mixin.py:188} INFO - [2026-09-05T05:21:55.582+0000] {dag.py:3089} INFO - Sync 1 DAGs
[2026-09-05T05:21:55.599+0000] {logging_mixin.py:188} INFO - [2026-09-05T05:21:55.599+0000] {dag.py:3947} INFO - Setting next_dagrun for steam_analytics_daily to 2026-09-05 02:00:00+00:00, run_after=2026-09-06 02:00:00+00:00
[2026-09-05T05:21:55.613+0000] {processor.py:183} INFO - Processing /opt/airflow/dags/steam_analytics.py took 0.284 seconds
[2026-09-05T05:22:25.733+0000] {processor.py:161} INFO - Started process (PID=1376) to work on /opt/airflow/dags/steam_analytics.py
[2026-09-05T05:22:25.733+0000] {processor.py:830} INFO - Processing file /opt/airflow/dags/steam_analytics.py for tasks to queue
[2026-09-05T05:22:25.734+0000] {logging_mixin.py:188} INFO - [2026-09-05T05:22:25.734+0000] {dagbag.py:545} INFO - Filling up the DagBag from /opt/airflow/dags/steam_analytics.py
[2026-09-05T05:22:25.982+0000] {processor.py:840} INFO - DAG(s) 'steam_analytics_daily' retrieved from /opt/airflow/dags/steam_analytics.py
[2026-09-05T05:22:26.004+0000] {logging_mixin.py:188} INFO - [2026-09-05T05:22:26.004+0000] {dag.py:3089} INFO - Sync 1 DAGs
[2026-09-05T05:22:26.022+0000] {logging_mixin.py:188} INFO - [2026-09-05T05:22:26.022+0000] {dag.py:3947} INFO - Setting next_dagrun for steam_analytics_daily to 2026-09-05 02:00:00+00:00, run_after=2026-09-06 02:00:00+00:00
[2026-09-05T05:22:26.036+0000] {processor.py:183} INFO - Processing /opt/airflow/dags/steam_analytics.py took 0.308 seconds
[2026-09-05T05:22:56.161+0000] {processor.py:161} INFO - Started process (PID=1381) to work on /opt/airflow/dags/steam_analytics.py
[2026-09-05T05:22:56.162+0000] {processor.py:830} INFO - Processing file /opt/airflow/dags/steam_analytics.py for tasks to queue
[2026-09-05T05:22:56.164+0000] {logging_mixin.py:188} INFO - [2026-09-05T05:22:56.163+0000] {dagbag.py:545} INFO - Filling up the DagBag from /opt/airflow/dags/steam_analytics.py
[2026-09-05T05:22:56.298+0000] {processor.py:840} INFO - DAG(s) 'steam_analytics_daily' retrieved from /opt/airflow/dags/steam_analytics.py
[2026-09-05T05:22:56.422+0000] {logging_mixin.py:188} INFO - [2026-09-05T05:22:56.422+0000] {dag.py:3089} INFO - Sync 1 DAGs
[2026-09-05T05:22:56.439+0000] {logging_mixin.py:188} INFO - [2026-09-05T05:22:56.439+0000] {dag.py:3947} INFO - Setting next_dagrun for steam_analytics_daily to 2026-09-05 02:00:00+00:00, run_after=2026-09-06 02:00:00+00:00
[2026-09-05T05:22:56.453+0000] {processor.py:183} INFO - Processing /opt/airflow/dags/steam_analytics.py took 0.296 seconds
[2026-09-05T05:23:26.579+0000] {processor.py:161} INFO - Started process (PID=1386) to work on /opt/airflow/dags/steam_analytics.py
[2026-09-05T05:23:26.579+0000] {processor.py:830} INFO - Processing file /opt/airflow/dags/steam_analytics.py for tasks to queue
[2026-09-05T05:23:26.581+0000] {logging_mixin.py:188} INFO - [2026-09-05T05:23:26.581+0000] {dagbag.py:545} INFO - Filling up the DagBag from /opt/airflow/dags/steam_analytics.py
[2026-09-05T05:23:26.709+0000] {processor.py:840} INFO - DAG(s) 'steam_analytics_daily' retrieved from /opt/airflow/dags/steam_analytics.py
[2026-09-05T05:23:26.847+0000] {logging_mixin.py:188} INFO - [2026-09-05T05:23:26.847+0000] {dag.py:3089} INFO - Sync 1 DAGs
[2026-09-05T05:23:26.864+0000] {logging_mixin.py:188} INFO - [2026-09-05T05:23:26.864+0000] {dag.py:3947} INFO - Setting next_dagrun for steam_analytics_daily to 2026-09-05 02:00:00+00:00, run_after=2026-09-06 02:00:00+00:00
[2026-09-05T05:23:26.878+0000] {processor.py:183} INFO - Processing /opt/airflow/dags/steam_analytics.py took 0.303 seconds
[2026-09-05T05:23:57.026+0000] {processor.py:161} INFO - Started process (PID=1391) to work on /opt/airflow/dags/steam_analytics.py
[2026-09-05T05:23:57.026+0000] {processor.py:830} INFO - Processing file /opt/airflow/dags/steam_analytics.py for tasks to queue
[2026-09-05T05:23:57.027+0000] {logging_mixin.py:188} INFO - [2026-09-05T05:23:57.027+0000] {dagbag.py:545} INFO - Filling up the DagBag from /opt/airflow/dags/steam_analytics.py
[2026-09-05T05:23:57.275+0000] {processor.py:840} INFO - DAG(s) 'steam_analytics_daily' retrieved from /opt/airflow/dags/steam_analytics.py
[2026-09-05T05:23:57.296+0000] {logging_mixin.py:188} INFO - [2026-09-05T05:23:57.296+0000] {dag.py:3089} INFO - Sync 1 DAGs
[2026-09-05T05:23:57.312+0000] {logging_mixin.py:188} INFO - [2026-09-05T05:23:57.312+0000] {dag.py:3947} INFO - Setting next_dagrun for steam_analytics_daily to 2026-09-05 02:00:00+00:00, run_after=2026-09-06 02:00:00+00:00
[2026-09-05T05:23:57.327+0000] {processor.py:183} INFO - Processing /opt/airflow/dags/steam_analytics.py took 0.306 seconds
[2026-09-05T05:24:27.450+0000] {processor.py:161} INFO - Started process (PID=1396) to work on /opt/airflow/dags/steam_analytics.py
[2026-09-05T05:24:27.451+0000] {processor.py:830} INFO - Processing file /opt/airflow/dags/steam_analytics.py for tasks to queue
[2026-09-05T05:24:27.452+0000] {logging_mixin.py:188} INFO - [2026-09-05T05:24:27.452+0000] {dagbag.py:545} INFO - Filling up the DagBag from /opt/airflow/dags/steam_analytics.py
[2026-09-05T05:24:27.672+0000] {processor.py:840} INFO - DAG(s) 'steam_analytics_daily' retrieved from /opt/airflow/dags/steam_analytics.py
[2026-09-05T05:24:27.693+0000] {logging_mixin.py:188} INFO - [2026-09-05T05:24:27.693+0000] {dag.py:3089} INFO - Sync 1 DAGs
[2026-09-05T05:24:27.713+0000] {logging_mixin.py:188} INFO - [2026-09-05T05:24:27.713+0000] {dag.py:3947} INFO - Setting next_dagrun for steam_analytics_daily to 2026-09-05 02:00:00+00:00, run_after=2026-09-06 02:00:00+00:00
[2026-09-05T05:24:27.727+0000] {processor.py:183} INFO - Processing /opt/airflow/dags/steam_analytics.py took 0.282 seconds
[2026-09-05T05:24:57.851+0000] {processor.py:161} INFO - Started process (PID=1401) to work on /opt/airflow/dags/steam_analytics.py
[2026-09-05T05:24:57.852+0000] {processor.py:830} INFO - Processing file /opt/airflow/dags/steam_analytics.py for tasks to queue
[2026-09-05T05:24:57.853+0000] {logging_mixin.py:188} INFO - [2026-09-05T05:24:57.853+0000] {dagbag.py:545} INFO - Filling up the DagBag from /opt/airflow/dags/steam_analytics.py
[2026-09-05T05:24:57.979+0000] {processor.py:840} INFO - DAG(s) 'steam_analytics_daily' retrieved from /opt/airflow/dags/steam_analytics.py
[2026-09-05T05:24:58.099+0000] {logging_mixin.py:188} INFO - [2026-09-05T05:24:58.099+0000] {dag.py:3089} INFO - Sync 1 DAGs
[2026-09-05T05:24:58.116+0000] {logging_mixin.py:188} INFO - [2026-09-05T05:24:58.116+0000] {dag.py:3947} INFO - Setting next_dagrun for steam_analytics_daily to 2026-09-05 02:00:00+00:00, run_after=2026-09-06 02:00:00+00:00
[2026-09-05T05:24:58.130+0000] {processor.py:183} INFO - Processing /opt/airflow/dags/steam_analytics.py took 0.283 seconds
[2026-09-05T05:25:28.257+0000] {processor.py:161} INFO - Started process (PID=1406) to work on /opt/airflow/dags/steam_analytics.py
[2026-09-05T05:25:28.258+0000] {processor.py:830} INFO - Processing file /opt/airflow/dags/steam_analytics.py for tasks to queue
[2026-09-05T05:25:28.259+0000] {logging_mixin.py:188} INFO - [2026-09-05T05:25:28.259+0000] {dagbag.py:545} INFO - Filling up the DagBag from /opt/airflow/dags/steam_analytics.py
[2026-09-05T05:25:28.388+0000] {processor.py:840} INFO - DAG(s) 'steam_analytics_daily' retrieved from /opt/airflow/dags/steam_analytics.py
[2026-09-05T05:25:28.505+0000] {logging_mixin.py:188} INFO - [2026-09-05T05:25:28.505+0000] {dag.py:3089} INFO - Sync 1 DAGs
[2026-09-05T05:25:28.522+0000] {logging_mixin.py:188} INFO - [2026-09-05T05:25:28.522+0000] {dag.py:3947} INFO - Setting next_dagrun for steam_analytics_daily to 2026-09-05 02:00:00+00:00, run_after=2026-09-06 02:00:00+00:00
[2026-09-05T05:25:28.536+0000] {processor.py:183} INFO - Processing /opt/airflow/dags/steam_analytics.py took 0.283 seconds
[2026-09-05T05:25:58.655+0000] {processor.py:161} INFO - Started process (PID=1411) to work on /opt/airflow/dags/steam_analytics.py
[2026-09-05T05:25:58.655+0000] {processor.py:830} INFO - Processing file /opt/airflow/dags/steam_analytics.py for tasks to queue
[2026-09-05T05:25:58.657+0000] {logging_mixin.py:188} INFO - [2026-09-05T05:25:58.656+0000] {dagbag.py:545} INFO - Filling up the DagBag from /opt/airflow/dags/steam_analytics.py
[2026-09-05T05:25:58.879+0000] {processor.py:840} INFO - DAG(s) 'steam_analytics_daily' retrieved from /opt/airflow/dags/steam_analytics.py
[2026-09-05T05:25:58.901+0000] {logging_mixin.py:188} INFO - [2026-09-05T05:25:58.900+0000] {dag.py:3089} INFO - Sync 1 DAGs
[2026-09-05T05:25:58.918+0000] {logging_mixin.py:188} INFO - [2026-09-05T05:25:58.918+0000] {dag.py:3947} INFO - Setting next_dagrun for steam_analytics_daily to 2026-09-05 02:00:00+00:00, run_after=2026-09-06 02:00:00+00:00
[2026-09-05T05:25:58.932+0000] {processor.py:183} INFO - Processing /opt/airflow/dags/steam_analytics.py took 0.281 seconds
[2026-09-05T05:26:29.060+0000] {processor.py:161} INFO - Started process (PID=1416) to work on /opt/airflow/dags/steam_analytics.py
[2026-09-05T05:26:29.061+0000] {processor.py:830} INFO - Processing file /opt/airflow/dags/steam_analytics.py for tasks to queue
[2026-09-05T05:26:29.062+0000] {logging_mixin.py:188} INFO - [2026-09-05T05:26:29.062+0000] {dagbag.py:545} INFO - Filling up the DagBag from /opt/airflow/dags/steam_analytics.py
[2026-09-05T05:26:29.289+0000] {processor.py:840} INFO - DAG(s) 'steam_analytics_daily' retrieved from /opt/airflow/dags/steam_analytics.py
[2026-09-05T05:26:29.310+0000] {logging_mixin.py:188} INFO - [2026-09-05T05:26:29.310+0000] {dag.py:3089} INFO - Sync 1 DAGs
[2026-09-05T05:26:29.329+0000] {logging_mixin.py:188} INFO - [2026-09-05T05:26:29.329+0000] {dag.py:3947} INFO - Setting next_dagrun for steam_analytics_daily to 2026-09-05 02:00:00+00:00, run_after=2026-09-06 02:00:00+00:00
[2026-09-05T05:26:29.343+0000] {processor.py:183} INFO - Processing /opt/airflow/dags/steam_analytics.py took 0.287 seconds
[2026-09-05T05:26:59.466+0000] {processor.py:161} INFO - Started process (PID=1421) to work on /opt/airflow/dags/steam_analytics.py
[2026-09-05T05:26:59.466+0000] {processor.py:830} INFO - Processing file /opt/airflow/dags/steam_analytics.py for tasks to queue
[2026-09-05T05:26:59.468+0000] {logging_mixin.py:188} INFO - [2026-09-05T05:26:59.468+0000] {dagbag.py:545} INFO - Filling up the DagBag from /opt/airflow/dags/steam_analytics.py
[2026-09-05T05:26:59.598+0000] {processor.py:840} INFO - DAG(s) 'steam_analytics_daily' retrieved from /opt/airflow/dags/steam_analytics.py
[2026-09-05T05:26:59.622+0000] {logging_mixin.py:188} INFO - [2026-09-05T05:26:59.622+0000] {dag.py:3089} INFO - Sync 1 DAGs
[2026-09-05T05:26:59.736+0000] {logging_mixin.py:188} INFO - [2026-09-05T05:26:59.736+0000] {dag.py:3947} INFO - Setting next_dagrun for steam_analytics_daily to 2026-09-05 02:00:00+00:00, run_after=2026-09-06 02:00:00+00:00
[2026-09-05T05:26:59.750+0000] {processor.py:183} INFO - Processing /opt/airflow/dags/steam_analytics.py took 0.289 seconds
[2026-09-05T05:27:29.879+0000] {processor.py:161} INFO - Started process (PID=1426) to work on /opt/airflow/dags/steam_analytics.py
[2026-09-05T05:27:29.880+0000] {processor.py:830} INFO - Processing file /opt/airflow/dags/steam_analytics.py for tasks to queue
[2026-09-05T05:27:29.881+0000] {logging_mixin.py:188} INFO - [2026-09-05T05:27:29.881+0000] {dagbag.py:545} INFO - Filling up the DagBag from /opt/airflow/dags/steam_analytics.py
[2026-09-05T05:27:30.010+0000] {processor.py:840} INFO - DAG(s) 'steam_analytics_daily' retrieved from /opt/airflow/dags/steam_analytics.py
[2026-09-05T05:27:30.133+0000] {logging_mixin.py:188} INFO - [2026-09-05T05:27:30.132+0000] {dag.py:3089} INFO - Sync 1 DAGs
[2026-09-05T05:27:30.150+0000] {logging_mixin.py:188} INFO - [2026-09-05T05:27:30.149+0000] {dag.py:3947} INFO - Setting next_dagrun for steam_analytics_daily to 2026-09-05 02:00:00+00:00, run_after=2026-09-06 02:00:00+00:00
[2026-09-05T05:27:30.163+0000] {processor.py:183} INFO - Processing /opt/airflow/dags/steam_analytics.py took 0.289 seconds
[2026-09-05T05:28:00.292+0000] {processor.py:161} INFO - Started process (PID=1431) to work on /opt/airflow/dags/steam_analytics.py
[2026-09-05T05:28:00.293+0000] {processor.py:830} INFO - Processing file /opt/airflow/dags/steam_analytics.py for tasks to queue
[2026-09-05T05:28:00.294+0000] {logging_mixin.py:188} INFO - [2026-09-05T05:28:00.294+0000] {dagbag.py:545} INFO - Filling up the DagBag from /opt/airflow/dags/steam_analytics.py
[2026-09-05T05:28:00.519+0000] {processor.py:840} INFO - DAG(s) 'steam_analytics_daily' retrieved from /opt/airflow/dags/steam_analytics.py
[2026-09-05T05:28:00.541+0000] {logging_mixin.py:188} INFO - [2026-09-05T05:28:00.541+0000] {dag.py:3089} INFO - Sync 1 DAGs
[2026-09-05T05:28:00.558+0000] {logging_mixin.py:188} INFO - [2026-09-05T05:28:00.558+0000] {dag.py:3947} INFO - Setting next_dagrun for steam_analytics_daily to 2026-09-05 02:00:00+00:00, run_after=2026-09-06 02:00:00+00:00
[2026-09-05T05:28:00.571+0000] {processor.py:183} INFO - Processing /opt/airflow/dags/steam_analytics.py took 0.284 seconds
[2026-09-05T05:28:30.694+0000] {processor.py:161} INFO - Started process (PID=1436) to work on /opt/airflow/dags/steam_analytics.py
[2026-09-05T05:28:30.695+0000] {processor.py:830} INFO - Processing file /opt/airflow/dags/steam_analytics.py for tasks to queue
[2026-09-05T05:28:30.696+0000] {logging_mixin.py:188} INFO - [2026-09-05T05:28:30.696+0000] {dagbag.py:545} INFO - Filling up the DagBag from /opt/airflow/dags/steam_analytics.py
[2026-09-05T05:28:30.941+0000] {processor.py:840} INFO - DAG(s) 'steam_analytics_daily' retrieved from /opt/airflow/dags/steam_analytics.py
[2026-09-05T05:28:30.962+0000] {logging_mixin.py:188} INFO - [2026-09-05T05:28:30.962+0000] {dag.py:3089} INFO - Sync 1 DAGs
[2026-09-05T05:28:30.979+0000] {logging_mixin.py:188} INFO - [2026-09-05T05:28:30.979+0000] {dag.py:3947} INFO - Setting next_dagrun for steam_analytics_daily to 2026-09-05 02:00:00+00:00, run_after=2026-09-06 02:00:00+00:00
[2026-09-05T05:28:30.993+0000] {processor.py:183} INFO - Processing /opt/airflow/dags/steam_analytics.py took 0.303 seconds
[2026-09-05T05:29:01.138+0000] {processor.py:161} INFO - Started process (PID=1441) to work on /opt/airflow/dags/steam_analytics.py
[2026-09-05T05:29:01.139+0000] {processor.py:830} INFO - Processing file /opt/airflow/dags/steam_analytics.py for tasks to queue
[2026-09-05T05:29:01.140+0000] {logging_mixin.py:188} INFO - [2026-09-05T05:29:01.140+0000] {dagbag.py:545} INFO - Filling up the DagBag from /opt/airflow/dags/steam_analytics.py
[2026-09-05T05:29:01.364+0000] {processor.py:840} INFO - DAG(s) 'steam_analytics_daily' retrieved from /opt/airflow/dags/steam_analytics.py
[2026-09-05T05:29:01.385+0000] {logging_mixin.py:188} INFO - [2026-09-05T05:29:01.385+0000] {dag.py:3089} INFO - Sync 1 DAGs
[2026-09-05T05:29:01.403+0000] {logging_mixin.py:188} INFO - [2026-09-05T05:29:01.403+0000] {dag.py:3947} INFO - Setting next_dagrun for steam_analytics_daily to 2026-09-05 02:00:00+00:00, run_after=2026-09-06 02:00:00+00:00
[2026-09-05T05:29:01.418+0000] {processor.py:183} INFO - Processing /opt/airflow/dags/steam_analytics.py took 0.284 seconds
[2026-09-05T05:29:31.549+0000] {processor.py:161} INFO - Started process (PID=1446) to work on /opt/airflow/dags/steam_analytics.py
[2026-09-05T05:29:31.550+0000] {processor.py:830} INFO - Processing file /opt/airflow/dags/steam_analytics.py for tasks to queue
[2026-09-05T05:29:31.551+0000] {logging_mixin.py:188} INFO - [2026-09-05T05:29:31.551+0000] {dagbag.py:545} INFO - Filling up the DagBag from /opt/airflow/dags/steam_analytics.py
[2026-09-05T05:29:31.681+0000] {processor.py:840} INFO - DAG(s) 'steam_analytics_daily' retrieved from /opt/airflow/dags/steam_analytics.py
[2026-09-05T05:29:31.803+0000] {logging_mixin.py:188} INFO - [2026-09-05T05:29:31.803+0000] {dag.py:3089} INFO - Sync 1 DAGs
[2026-09-05T05:29:31.820+0000] {logging_mixin.py:188} INFO - [2026-09-05T05:29:31.820+0000] {dag.py:3947} INFO - Setting next_dagrun for steam_analytics_daily to 2026-09-05 02:00:00+00:00, run_after=2026-09-06 02:00:00+00:00
[2026-09-05T05:29:31.833+0000] {processor.py:183} INFO - Processing /opt/airflow/dags/steam_analytics.py took 0.289 seconds
[2026-09-05T05:30:01.953+0000] {processor.py:161} INFO - Started process (PID=1451) to work on /opt/airflow/dags/steam_analytics.py
[2026-09-05T05:30:01.954+0000] {processor.py:830} INFO - Processing file /opt/airflow/dags/steam_analytics.py for tasks to queue
[2026-09-05T05:30:01.955+0000] {logging_mixin.py:188} INFO - [2026-09-05T05:30:01.955+0000] {dagbag.py:545} INFO - Filling up the DagBag from /opt/airflow/dags/steam_analytics.py
[2026-09-05T05:30:02.180+0000] {processor.py:840} INFO - DAG(s) 'steam_analytics_daily' retrieved from /opt/airflow/dags/steam_analytics.py
[2026-09-05T05:30:02.202+0000] {logging_mixin.py:188} INFO - [2026-09-05T05:30:02.201+0000] {dag.py:3089} INFO - Sync 1 DAGs
[2026-09-05T05:30:02.218+0000] {logging_mixin.py:188} INFO - [2026-09-05T05:30:02.218+0000] {dag.py:3947} INFO - Setting next_dagrun for steam_analytics_daily to 2026-09-05 02:00:00+00:00, run_after=2026-09-06 02:00:00+00:00
[2026-09-05T05:30:02.232+0000] {processor.py:183} INFO - Processing /opt/airflow/dags/steam_analytics.py took 0.283 seconds
[2026-09-05T05:30:32.359+0000] {processor.py:161} INFO - Started process (PID=1456) to work on /opt/airflow/dags/steam_analytics.py
[2026-09-05T05:30:32.359+0000] {processor.py:830} INFO - Processing file /opt/airflow/dags/steam_analytics.py for tasks to queue
[2026-09-05T05:30:32.361+0000] {logging_mixin.py:188} INFO - [2026-09-05T05:30:32.361+0000] {dagbag.py:545} INFO - Filling up the DagBag from /opt/airflow/dags/steam_analytics.py
[2026-09-05T05:30:32.586+0000] {processor.py:840} INFO - DAG(s) 'steam_analytics_daily' retrieved from /opt/airflow/dags/steam_analytics.py
[2026-09-05T05:30:32.608+0000] {logging_mixin.py:188} INFO - [2026-09-05T05:30:32.608+0000] {dag.py:3089} INFO - Sync 1 DAGs
[2026-09-05T05:30:32.625+0000] {logging_mixin.py:188} INFO - [2026-09-05T05:30:32.625+0000] {dag.py:3947} INFO - Setting next_dagrun for steam_analytics_daily to 2026-09-05 02:00:00+00:00, run_after=2026-09-06 02:00:00+00:00
[2026-09-05T05:30:32.639+0000] {processor.py:183} INFO - Processing /opt/airflow/dags/steam_analytics.py took 0.284 seconds
[2026-09-05T05:31:02.765+0000] {processor.py:161} INFO - Started process (PID=1461) to work on /opt/airflow/dags/steam_analytics.py
[2026-09-05T05:31:02.765+0000] {processor.py:830} INFO - Processing file /opt/airflow/dags/steam_analytics.py for tasks to queue
[2026-09-05T05:31:02.767+0000] {logging_mixin.py:188} INFO - [2026-09-05T05:31:02.766+0000] {dagbag.py:545} INFO - Filling up the DagBag from /opt/airflow/dags/steam_analytics.py
[2026-09-05T05:31:02.988+0000] {processor.py:840} INFO - DAG(s) 'steam_analytics_daily' retrieved from /opt/airflow/dags/steam_analytics.py
[2026-09-05T05:31:03.010+0000] {logging_mixin.py:188} INFO - [2026-09-05T05:31:03.010+0000] {dag.py:3089} INFO - Sync 1 DAGs
[2026-09-05T05:31:03.028+0000] {logging_mixin.py:188} INFO - [2026-09-05T05:31:03.027+0000] {dag.py:3947} INFO - Setting next_dagrun for steam_analytics_daily to 2026-09-05 02:00:00+00:00, run_after=2026-09-06 02:00:00+00:00
[2026-09-05T05:31:03.041+0000] {processor.py:183} INFO - Processing /opt/airflow/dags/steam_analytics.py took 0.281 seconds
[2026-09-05T05:31:33.162+0000] {processor.py:161} INFO - Started process (PID=1466) to work on /opt/airflow/dags/steam_analytics.py
[2026-09-05T05:31:33.163+0000] {processor.py:830} INFO - Processing file /opt/airflow/dags/steam_analytics.py for tasks to queue
[2026-09-05T05:31:33.164+0000] {logging_mixin.py:188} INFO - [2026-09-05T05:31:33.164+0000] {dagbag.py:545} INFO - Filling up the DagBag from /opt/airflow/dags/steam_analytics.py
[2026-09-05T05:31:33.388+0000] {processor.py:840} INFO - DAG(s) 'steam_analytics_daily' retrieved from /opt/airflow/dags/steam_analytics.py
[2026-09-05T05:31:33.412+0000] {logging_mixin.py:188} INFO - [2026-09-05T05:31:33.412+0000] {dag.py:3089} INFO - Sync 1 DAGs
[2026-09-05T05:31:33.430+0000] {logging_mixin.py:188} INFO - [2026-09-05T05:31:33.430+0000] {dag.py:3947} INFO - Setting next_dagrun for steam_analytics_daily to 2026-09-05 02:00:00+00:00, run_after=2026-09-06 02:00:00+00:00
[2026-09-05T05:31:33.445+0000] {processor.py:183} INFO - Processing /opt/airflow/dags/steam_analytics.py took 0.287 seconds
[2026-09-05T05:32:03.568+0000] {processor.py:161} INFO - Started process (PID=1471) to work on /opt/airflow/dags/steam_analytics.py
[2026-09-05T05:32:03.569+0000] {processor.py:830} INFO - Processing file /opt/airflow/dags/steam_analytics.py for tasks to queue
[2026-09-05T05:32:03.570+0000] {logging_mixin.py:188} INFO - [2026-09-05T05:32:03.570+0000] {dagbag.py:545} INFO - Filling up the DagBag from /opt/airflow/dags/steam_analytics.py
[2026-09-05T05:32:03.701+0000] {processor.py:840} INFO - DAG(s) 'steam_analytics_daily' retrieved from /opt/airflow/dags/steam_analytics.py
[2026-09-05T05:32:03.816+0000] {logging_mixin.py:188} INFO - [2026-09-05T05:32:03.816+0000] {dag.py:3089} INFO - Sync 1 DAGs
[2026-09-05T05:32:03.833+0000] {logging_mixin.py:188} INFO - [2026-09-05T05:32:03.833+0000] {dag.py:3947} INFO - Setting next_dagrun for steam_analytics_daily to 2026-09-05 02:00:00+00:00, run_after=2026-09-06 02:00:00+00:00
[2026-09-05T05:32:03.847+0000] {processor.py:183} INFO - Processing /opt/airflow/dags/steam_analytics.py took 0.283 seconds
[2026-09-05T05:32:33.972+0000] {processor.py:161} INFO - Started process (PID=1476) to work on /opt/airflow/dags/steam_analytics.py
[2026-09-05T05:32:33.973+0000] {processor.py:830} INFO - Processing file /opt/airflow/dags/steam_analytics.py for tasks to queue
[2026-09-05T05:32:33.975+0000] {logging_mixin.py:188} INFO - [2026-09-05T05:32:33.974+0000] {dagbag.py:545} INFO - Filling up the DagBag from /opt/airflow/dags/steam_analytics.py
[2026-09-05T05:32:34.204+0000] {processor.py:840} INFO - DAG(s) 'steam_analytics_daily' retrieved from /opt/airflow/dags/steam_analytics.py
[2026-09-05T05:32:34.225+0000] {logging_mixin.py:188} INFO - [2026-09-05T05:32:34.225+0000] {dag.py:3089} INFO - Sync 1 DAGs
[2026-09-05T05:32:34.241+0000] {logging_mixin.py:188} INFO - [2026-09-05T05:32:34.241+0000] {dag.py:3947} INFO - Setting next_dagrun for steam_analytics_daily to 2026-09-05 02:00:00+00:00, run_after=2026-09-06 02:00:00+00:00
[2026-09-05T05:32:34.255+0000] {processor.py:183} INFO - Processing /opt/airflow/dags/steam_analytics.py took 0.287 seconds
[2026-09-05T05:33:04.379+0000] {processor.py:161} INFO - Started process (PID=1481) to work on /opt/airflow/dags/steam_analytics.py
[2026-09-05T05:33:04.379+0000] {processor.py:830} INFO - Processing file /opt/airflow/dags/steam_analytics.py for tasks to queue
[2026-09-05T05:33:04.381+0000] {logging_mixin.py:188} INFO - [2026-09-05T05:33:04.381+0000] {dagbag.py:545} INFO - Filling up the DagBag from /opt/airflow/dags/steam_analytics.py
[2026-09-05T05:33:04.606+0000] {processor.py:840} INFO - DAG(s) 'steam_analytics_daily' retrieved from /opt/airflow/dags/steam_analytics.py
[2026-09-05T05:33:04.628+0000] {logging_mixin.py:188} INFO - [2026-09-05T05:33:04.627+0000] {dag.py:3089} INFO - Sync 1 DAGs
[2026-09-05T05:33:04.645+0000] {logging_mixin.py:188} INFO - [2026-09-05T05:33:04.645+0000] {dag.py:3947} INFO - Setting next_dagrun for steam_analytics_daily to 2026-09-05 02:00:00+00:00, run_after=2026-09-06 02:00:00+00:00
[2026-09-05T05:33:04.659+0000] {processor.py:183} INFO - Processing /opt/airflow/dags/steam_analytics.py took 0.285 seconds
[2026-09-05T05:33:34.781+0000] {processor.py:161} INFO - Started process (PID=1486) to work on /opt/airflow/dags/steam_analytics.py
[2026-09-05T05:33:34.782+0000] {processor.py:830} INFO - Processing file /opt/airflow/dags/steam_analytics.py for tasks to queue
[2026-09-05T05:33:34.784+0000] {logging_mixin.py:188} INFO - [2026-09-05T05:33:34.783+0000] {dagbag.py:545} INFO - Filling up the DagBag from /opt/airflow/dags/steam_analytics.py
[2026-09-05T05:33:35.014+0000] {processor.py:840} INFO - DAG(s) 'steam_analytics_daily' retrieved from /opt/airflow/dags/steam_analytics.py
[2026-09-05T05:33:35.035+0000] {logging_mixin.py:188} INFO - [2026-09-05T05:33:35.035+0000] {dag.py:3089} INFO - Sync 1 DAGs
[2026-09-05T05:33:35.053+0000] {logging_mixin.py:188} INFO - [2026-09-05T05:33:35.052+0000] {dag.py:3947} INFO - Setting next_dagrun for steam_analytics_daily to 2026-09-05 02:00:00+00:00, run_after=2026-09-06 02:00:00+00:00
[2026-09-05T05:33:35.066+0000] {processor.py:183} INFO - Processing /opt/airflow/dags/steam_analytics.py took 0.289 seconds
[2026-09-05T05:34:05.210+0000] {processor.py:161} INFO - Started process (PID=1491) to work on /opt/airflow/dags/steam_analytics.py
[2026-09-05T05:34:05.211+0000] {processor.py:830} INFO - Processing file /opt/airflow/dags/steam_analytics.py for tasks to queue
[2026-09-05T05:34:05.212+0000] {logging_mixin.py:188} INFO - [2026-09-05T05:34:05.212+0000] {dagbag.py:545} INFO - Filling up the DagBag from /opt/airflow/dags/steam_analytics.py
[2026-09-05T05:34:05.344+0000] {processor.py:840} INFO - DAG(s) 'steam_analytics_daily' retrieved from /opt/airflow/dags/steam_analytics.py
[2026-09-05T05:34:05.484+0000] {logging_mixin.py:188} INFO - [2026-09-05T05:34:05.484+0000] {dag.py:3089} INFO - Sync 1 DAGs
[2026-09-05T05:34:05.506+0000] {logging_mixin.py:188} INFO - [2026-09-05T05:34:05.506+0000] {dag.py:3947} INFO - Setting next_dagrun for steam_analytics_daily to 2026-09-05 02:00:00+00:00, run_after=2026-09-06 02:00:00+00:00
[2026-09-05T05:34:05.526+0000] {processor.py:183} INFO - Processing /opt/airflow/dags/steam_analytics.py took 0.320 seconds
[2026-09-05T05:34:35.651+0000] {processor.py:161} INFO - Started process (PID=1496) to work on /opt/airflow/dags/steam_analytics.py
[2026-09-05T05:34:35.651+0000] {processor.py:830} INFO - Processing file /opt/airflow/dags/steam_analytics.py for tasks to queue
[2026-09-05T05:34:35.653+0000] {logging_mixin.py:188} INFO - [2026-09-05T05:34:35.652+0000] {dagbag.py:545} INFO - Filling up the DagBag from /opt/airflow/dags/steam_analytics.py
[2026-09-05T05:34:35.912+0000] {processor.py:840} INFO - DAG(s) 'steam_analytics_daily' retrieved from /opt/airflow/dags/steam_analytics.py
[2026-09-05T05:34:35.940+0000] {logging_mixin.py:188} INFO - [2026-09-05T05:34:35.940+0000] {dag.py:3089} INFO - Sync 1 DAGs
[2026-09-05T05:34:35.959+0000] {logging_mixin.py:188} INFO - [2026-09-05T05:34:35.959+0000] {dag.py:3947} INFO - Setting next_dagrun for steam_analytics_daily to 2026-09-05 02:00:00+00:00, run_after=2026-09-06 02:00:00+00:00
[2026-09-05T05:34:35.973+0000] {processor.py:183} INFO - Processing /opt/airflow/dags/steam_analytics.py took 0.327 seconds
[2026-09-05T05:35:06.106+0000] {processor.py:161} INFO - Started process (PID=1501) to work on /opt/airflow/dags/steam_analytics.py
[2026-09-05T05:35:06.106+0000] {processor.py:830} INFO - Processing file /opt/airflow/dags/steam_analytics.py for tasks to queue
[2026-09-05T05:35:06.108+0000] {logging_mixin.py:188} INFO - [2026-09-05T05:35:06.107+0000] {dagbag.py:545} INFO - Filling up the DagBag from /opt/airflow/dags/steam_analytics.py
[2026-09-05T05:35:06.357+0000] {processor.py:840} INFO - DAG(s) 'steam_analytics_daily' retrieved from /opt/airflow/dags/steam_analytics.py
[2026-09-05T05:35:06.378+0000] {logging_mixin.py:188} INFO - [2026-09-05T05:35:06.378+0000] {dag.py:3089} INFO - Sync 1 DAGs
[2026-09-05T05:35:06.395+0000] {logging_mixin.py:188} INFO - [2026-09-05T05:35:06.395+0000] {dag.py:3947} INFO - Setting next_dagrun for steam_analytics_daily to 2026-09-05 02:00:00+00:00, run_after=2026-09-06 02:00:00+00:00
[2026-09-05T05:35:06.410+0000] {processor.py:183} INFO - Processing /opt/airflow/dags/steam_analytics.py took 0.308 seconds
[2026-09-05T05:35:36.539+0000] {processor.py:161} INFO - Started process (PID=1506) to work on /opt/airflow/dags/steam_analytics.py
[2026-09-05T05:35:36.540+0000] {processor.py:830} INFO - Processing file /opt/airflow/dags/steam_analytics.py for tasks to queue
[2026-09-05T05:35:36.541+0000] {logging_mixin.py:188} INFO - [2026-09-05T05:35:36.541+0000] {dagbag.py:545} INFO - Filling up the DagBag from /opt/airflow/dags/steam_analytics.py
[2026-09-05T05:35:36.783+0000] {processor.py:840} INFO - DAG(s) 'steam_analytics_daily' retrieved from /opt/airflow/dags/steam_analytics.py
[2026-09-05T05:35:36.805+0000] {logging_mixin.py:188} INFO - [2026-09-05T05:35:36.805+0000] {dag.py:3089} INFO - Sync 1 DAGs
[2026-09-05T05:35:36.823+0000] {logging_mixin.py:188} INFO - [2026-09-05T05:35:36.823+0000] {dag.py:3947} INFO - Setting next_dagrun for steam_analytics_daily to 2026-09-05 02:00:00+00:00, run_after=2026-09-06 02:00:00+00:00
[2026-09-05T05:35:36.837+0000] {processor.py:183} INFO - Processing /opt/airflow/dags/steam_analytics.py took 0.303 seconds
[2026-09-05T05:36:06.965+0000] {processor.py:161} INFO - Started process (PID=1511) to work on /opt/airflow/dags/steam_analytics.py
[2026-09-05T05:36:06.966+0000] {processor.py:830} INFO - Processing file /opt/airflow/dags/steam_analytics.py for tasks to queue
[2026-09-05T05:36:06.967+0000] {logging_mixin.py:188} INFO - [2026-09-05T05:36:06.967+0000] {dagbag.py:545} INFO - Filling up the DagBag from /opt/airflow/dags/steam_analytics.py
[2026-09-05T05:36:07.211+0000] {processor.py:840} INFO - DAG(s) 'steam_analytics_daily' retrieved from /opt/airflow/dags/steam_analytics.py
[2026-09-05T05:36:07.233+0000] {logging_mixin.py:188} INFO - [2026-09-05T05:36:07.233+0000] {dag.py:3089} INFO - Sync 1 DAGs
[2026-09-05T05:36:07.249+0000] {logging_mixin.py:188} INFO - [2026-09-05T05:36:07.249+0000] {dag.py:3947} INFO - Setting next_dagrun for steam_analytics_daily to 2026-09-05 02:00:00+00:00, run_after=2026-09-06 02:00:00+00:00
[2026-09-05T05:36:07.263+0000] {processor.py:183} INFO - Processing /opt/airflow/dags/steam_analytics.py took 0.303 seconds
[2026-09-05T05:36:37.391+0000] {processor.py:161} INFO - Started process (PID=1516) to work on /opt/airflow/dags/steam_analytics.py
[2026-09-05T05:36:37.391+0000] {processor.py:830} INFO - Processing file /opt/airflow/dags/steam_analytics.py for tasks to queue
[2026-09-05T05:36:37.393+0000] {logging_mixin.py:188} INFO - [2026-09-05T05:36:37.392+0000] {dagbag.py:545} INFO - Filling up the DagBag from /opt/airflow/dags/steam_analytics.py
[2026-09-05T05:36:37.663+0000] {processor.py:840} INFO - DAG(s) 'steam_analytics_daily' retrieved from /opt/airflow/dags/steam_analytics.py
[2026-09-05T05:36:37.686+0000] {logging_mixin.py:188} INFO - [2026-09-05T05:36:37.685+0000] {dag.py:3089} INFO - Sync 1 DAGs
[2026-09-05T05:36:37.705+0000] {logging_mixin.py:188} INFO - [2026-09-05T05:36:37.705+0000] {dag.py:3947} INFO - Setting next_dagrun for steam_analytics_daily to 2026-09-05 02:00:00+00:00, run_after=2026-09-06 02:00:00+00:00
[2026-09-05T05:36:37.719+0000] {processor.py:183} INFO - Processing /opt/airflow/dags/steam_analytics.py took 0.333 seconds
[2026-09-05T05:37:07.852+0000] {processor.py:161} INFO - Started process (PID=1521) to work on /opt/airflow/dags/steam_analytics.py
[2026-09-05T05:37:07.852+0000] {processor.py:830} INFO - Processing file /opt/airflow/dags/steam_analytics.py for tasks to queue
[2026-09-05T05:37:07.854+0000] {logging_mixin.py:188} INFO - [2026-09-05T05:37:07.854+0000] {dagbag.py:545} INFO - Filling up the DagBag from /opt/airflow/dags/steam_analytics.py
[2026-09-05T05:37:08.081+0000] {processor.py:840} INFO - DAG(s) 'steam_analytics_daily' retrieved from /opt/airflow/dags/steam_analytics.py
[2026-09-05T05:37:08.103+0000] {logging_mixin.py:188} INFO - [2026-09-05T05:37:08.103+0000] {dag.py:3089} INFO - Sync 1 DAGs
[2026-09-05T05:37:08.119+0000] {logging_mixin.py:188} INFO - [2026-09-05T05:37:08.119+0000] {dag.py:3947} INFO - Setting next_dagrun for steam_analytics_daily to 2026-09-05 02:00:00+00:00, run_after=2026-09-06 02:00:00+00:00
[2026-09-05T05:37:08.133+0000] {processor.py:183} INFO - Processing /opt/airflow/dags/steam_analytics.py took 0.286 seconds
[2026-09-05T05:37:38.254+0000] {processor.py:161} INFO - Started process (PID=1526) to work on /opt/airflow/dags/steam_analytics.py
[2026-09-05T05:37:38.255+0000] {processor.py:830} INFO - Processing file /opt/airflow/dags/steam_analytics.py for tasks to queue
[2026-09-05T05:37:38.256+0000] {logging_mixin.py:188} INFO - [2026-09-05T05:37:38.256+0000] {dagbag.py:545} INFO - Filling up the DagBag from /opt/airflow/dags/steam_analytics.py
[2026-09-05T05:37:38.488+0000] {processor.py:840} INFO - DAG(s) 'steam_analytics_daily' retrieved from /opt/airflow/dags/steam_analytics.py
[2026-09-05T05:37:38.510+0000] {logging_mixin.py:188} INFO - [2026-09-05T05:37:38.509+0000] {dag.py:3089} INFO - Sync 1 DAGs
[2026-09-05T05:37:38.526+0000] {logging_mixin.py:188} INFO - [2026-09-05T05:37:38.526+0000] {dag.py:3947} INFO - Setting next_dagrun for steam_analytics_daily to 2026-09-05 02:00:00+00:00, run_after=2026-09-06 02:00:00+00:00
[2026-09-05T05:37:38.540+0000] {processor.py:183} INFO - Processing /opt/airflow/dags/steam_analytics.py took 0.290 seconds
[2026-09-05T05:38:08.671+0000] {processor.py:161} INFO - Started process (PID=1531) to work on /opt/airflow/dags/steam_analytics.py
[2026-09-05T05:38:08.672+0000] {processor.py:830} INFO - Processing file /opt/airflow/dags/steam_analytics.py for tasks to queue
[2026-09-05T05:38:08.673+0000] {logging_mixin.py:188} INFO - [2026-09-05T05:38:08.673+0000] {dagbag.py:545} INFO - Filling up the DagBag from /opt/airflow/dags/steam_analytics.py
[2026-09-05T05:38:08.902+0000] {processor.py:840} INFO - DAG(s) 'steam_analytics_daily' retrieved from /opt/airflow/dags/steam_analytics.py
[2026-09-05T05:38:08.926+0000] {logging_mixin.py:188} INFO - [2026-09-05T05:38:08.926+0000] {dag.py:3089} INFO - Sync 1 DAGs
[2026-09-05T05:38:08.943+0000] {logging_mixin.py:188} INFO - [2026-09-05T05:38:08.943+0000] {dag.py:3947} INFO - Setting next_dagrun for steam_analytics_daily to 2026-09-05 02:00:00+00:00, run_after=2026-09-06 02:00:00+00:00
[2026-09-05T05:38:08.959+0000] {processor.py:183} INFO - Processing /opt/airflow/dags/steam_analytics.py took 0.292 seconds
[2026-09-05T05:38:39.085+0000] {processor.py:161} INFO - Started process (PID=1536) to work on /opt/airflow/dags/steam_analytics.py
[2026-09-05T05:38:39.086+0000] {processor.py:830} INFO - Processing file /opt/airflow/dags/steam_analytics.py for tasks to queue
[2026-09-05T05:38:39.087+0000] {logging_mixin.py:188} INFO - [2026-09-05T05:38:39.087+0000] {dagbag.py:545} INFO - Filling up the DagBag from /opt/airflow/dags/steam_analytics.py
[2026-09-05T05:38:39.315+0000] {processor.py:840} INFO - DAG(s) 'steam_analytics_daily' retrieved from /opt/airflow/dags/steam_analytics.py
[2026-09-05T05:38:39.336+0000] {logging_mixin.py:188} INFO - [2026-09-05T05:38:39.335+0000] {dag.py:3089} INFO - Sync 1 DAGs
[2026-09-05T05:38:39.352+0000] {logging_mixin.py:188} INFO - [2026-09-05T05:38:39.352+0000] {dag.py:3947} INFO - Setting next_dagrun for steam_analytics_daily to 2026-09-05 02:00:00+00:00, run_after=2026-09-06 02:00:00+00:00
[2026-09-05T05:38:39.366+0000] {processor.py:183} INFO - Processing /opt/airflow/dags/steam_analytics.py took 0.285 seconds
[2026-09-05T05:39:09.516+0000] {processor.py:161} INFO - Started process (PID=1541) to work on /opt/airflow/dags/steam_analytics.py
[2026-09-05T05:39:09.516+0000] {processor.py:830} INFO - Processing file /opt/airflow/dags/steam_analytics.py for tasks to queue
[2026-09-05T05:39:09.518+0000] {logging_mixin.py:188} INFO - [2026-09-05T05:39:09.517+0000] {dagbag.py:545} INFO - Filling up the DagBag from /opt/airflow/dags/steam_analytics.py
[2026-09-05T05:39:09.752+0000] {processor.py:840} INFO - DAG(s) 'steam_analytics_daily' retrieved from /opt/airflow/dags/steam_analytics.py
[2026-09-05T05:39:09.773+0000] {logging_mixin.py:188} INFO - [2026-09-05T05:39:09.773+0000] {dag.py:3089} INFO - Sync 1 DAGs
[2026-09-05T05:39:09.789+0000] {logging_mixin.py:188} INFO - [2026-09-05T05:39:09.789+0000] {dag.py:3947} INFO - Setting next_dagrun for steam_analytics_daily to 2026-09-05 02:00:00+00:00, run_after=2026-09-06 02:00:00+00:00
[2026-09-05T05:39:09.802+0000] {processor.py:183} INFO - Processing /opt/airflow/dags/steam_analytics.py took 0.291 seconds
[2026-09-05T05:39:39.922+0000] {processor.py:161} INFO - Started process (PID=1546) to work on /opt/airflow/dags/steam_analytics.py
[2026-09-05T05:39:39.923+0000] {processor.py:830} INFO - Processing file /opt/airflow/dags/steam_analytics.py for tasks to queue
[2026-09-05T05:39:39.924+0000] {logging_mixin.py:188} INFO - [2026-09-05T05:39:39.924+0000] {dagbag.py:545} INFO - Filling up the DagBag from /opt/airflow/dags/steam_analytics.py
[2026-09-05T05:39:40.151+0000] {processor.py:840} INFO - DAG(s) 'steam_analytics_daily' retrieved from /opt/airflow/dags/steam_analytics.py
[2026-09-05T05:39:40.172+0000] {logging_mixin.py:188} INFO - [2026-09-05T05:39:40.172+0000] {dag.py:3089} INFO - Sync 1 DAGs
[2026-09-05T05:39:40.189+0000] {logging_mixin.py:188} INFO - [2026-09-05T05:39:40.189+0000] {dag.py:3947} INFO - Setting next_dagrun for steam_analytics_daily to 2026-09-05 02:00:00+00:00, run_after=2026-09-06 02:00:00+00:00
[2026-09-05T05:39:40.203+0000] {processor.py:183} INFO - Processing /opt/airflow/dags/steam_analytics.py took 0.285 seconds
[2026-09-05T05:40:10.332+0000] {processor.py:161} INFO - Started process (PID=1551) to work on /opt/airflow/dags/steam_analytics.py
[2026-09-05T05:40:10.333+0000] {processor.py:830} INFO - Processing file /opt/airflow/dags/steam_analytics.py for tasks to queue
[2026-09-05T05:40:10.335+0000] {logging_mixin.py:188} INFO - [2026-09-05T05:40:10.334+0000] {dagbag.py:545} INFO - Filling up the DagBag from /opt/airflow/dags/steam_analytics.py
[2026-09-05T05:40:10.563+0000] {processor.py:840} INFO - DAG(s) 'steam_analytics_daily' retrieved from /opt/airflow/dags/steam_analytics.py
[2026-09-05T05:40:10.584+0000] {logging_mixin.py:188} INFO - [2026-09-05T05:40:10.584+0000] {dag.py:3089} INFO - Sync 1 DAGs
[2026-09-05T05:40:10.601+0000] {logging_mixin.py:188} INFO - [2026-09-05T05:40:10.601+0000] {dag.py:3947} INFO - Setting next_dagrun for steam_analytics_daily to 2026-09-05 02:00:00+00:00, run_after=2026-09-06 02:00:00+00:00
[2026-09-05T05:40:10.614+0000] {processor.py:183} INFO - Processing /opt/airflow/dags/steam_analytics.py took 0.286 seconds
[2026-09-05T05:40:40.736+0000] {processor.py:161} INFO - Started process (PID=1556) to work on /opt/airflow/dags/steam_analytics.py
[2026-09-05T05:40:40.736+0000] {processor.py:830} INFO - Processing file /opt/airflow/dags/steam_analytics.py for tasks to queue
[2026-09-05T05:40:40.738+0000] {logging_mixin.py:188} INFO - [2026-09-05T05:40:40.737+0000] {dagbag.py:545} INFO - Filling up the DagBag from /opt/airflow/dags/steam_analytics.py
[2026-09-05T05:40:40.966+0000] {processor.py:840} INFO - DAG(s) 'steam_analytics_daily' retrieved from /opt/airflow/dags/steam_analytics.py
[2026-09-05T05:40:40.988+0000] {logging_mixin.py:188} INFO - [2026-09-05T05:40:40.988+0000] {dag.py:3089} INFO - Sync 1 DAGs
[2026-09-05T05:40:41.004+0000] {logging_mixin.py:188} INFO - [2026-09-05T05:40:41.004+0000] {dag.py:3947} INFO - Setting next_dagrun for steam_analytics_daily to 2026-09-05 02:00:00+00:00, run_after=2026-09-06 02:00:00+00:00
[2026-09-05T05:40:41.018+0000] {processor.py:183} INFO - Processing /opt/airflow/dags/steam_analytics.py took 0.287 seconds
[2026-09-05T05:41:11.145+0000] {processor.py:161} INFO - Started process (PID=1561) to work on /opt/airflow/dags/steam_analytics.py
[2026-09-05T05:41:11.146+0000] {processor.py:830} INFO - Processing file /opt/airflow/dags/steam_analytics.py for tasks to queue
[2026-09-05T05:41:11.147+0000] {logging_mixin.py:188} INFO - [2026-09-05T05:41:11.147+0000] {dagbag.py:545} INFO - Filling up the DagBag from /opt/airflow/dags/steam_analytics.py
[2026-09-05T05:41:11.387+0000] {processor.py:840} INFO - DAG(s) 'steam_analytics_daily' retrieved from /opt/airflow/dags/steam_analytics.py
[2026-09-05T05:41:11.409+0000] {logging_mixin.py:188} INFO - [2026-09-05T05:41:11.409+0000] {dag.py:3089} INFO - Sync 1 DAGs
[2026-09-05T05:41:11.426+0000] {logging_mixin.py:188} INFO - [2026-09-05T05:41:11.425+0000] {dag.py:3947} INFO - Setting next_dagrun for steam_analytics_daily to 2026-09-05 02:00:00+00:00, run_after=2026-09-06 02:00:00+00:00
[2026-09-05T05:41:11.439+0000] {processor.py:183} INFO - Processing /opt/airflow/dags/steam_analytics.py took 0.299 seconds
[2026-09-05T05:41:41.560+0000] {processor.py:161} INFO - Started process (PID=1566) to work on /opt/airflow/dags/steam_analytics.py
[2026-09-05T05:41:41.561+0000] {processor.py:830} INFO - Processing file /opt/airflow/dags/steam_analytics.py for tasks to queue
[2026-09-05T05:41:41.562+0000] {logging_mixin.py:188} INFO - [2026-09-05T05:41:41.562+0000] {dagbag.py:545} INFO - Filling up the DagBag from /opt/airflow/dags/steam_analytics.py
[2026-09-05T05:41:41.782+0000] {processor.py:840} INFO - DAG(s) 'steam_analytics_daily' retrieved from /opt/airflow/dags/steam_analytics.py
[2026-09-05T05:41:41.803+0000] {logging_mixin.py:188} INFO - [2026-09-05T05:41:41.803+0000] {dag.py:3089} INFO - Sync 1 DAGs
[2026-09-05T05:41:41.820+0000] {logging_mixin.py:188} INFO - [2026-09-05T05:41:41.820+0000] {dag.py:3947} INFO - Setting next_dagrun for steam_analytics_daily to 2026-09-05 02:00:00+00:00, run_after=2026-09-06 02:00:00+00:00
[2026-09-05T05:41:41.834+0000] {processor.py:183} INFO - Processing /opt/airflow/dags/steam_analytics.py took 0.278 seconds
[2026-09-05T05:42:11.964+0000] {processor.py:161} INFO - Started process (PID=1571) to work on /opt/airflow/dags/steam_analytics.py
[2026-09-05T05:42:11.964+0000] {processor.py:830} INFO - Processing file /opt/airflow/dags/steam_analytics.py for tasks to queue
[2026-09-05T05:42:11.966+0000] {logging_mixin.py:188} INFO - [2026-09-05T05:42:11.966+0000] {dagbag.py:545} INFO - Filling up the DagBag from /opt/airflow/dags/steam_analytics.py
[2026-09-05T05:42:12.197+0000] {processor.py:840} INFO - DAG(s) 'steam_analytics_daily' retrieved from /opt/airflow/dags/steam_analytics.py
[2026-09-05T05:42:12.219+0000] {logging_mixin.py:188} INFO - [2026-09-05T05:42:12.219+0000] {dag.py:3089} INFO - Sync 1 DAGs
[2026-09-05T05:42:12.237+0000] {logging_mixin.py:188} INFO - [2026-09-05T05:42:12.237+0000] {dag.py:3947} INFO - Setting next_dagrun for steam_analytics_daily to 2026-09-05 02:00:00+00:00, run_after=2026-09-06 02:00:00+00:00
[2026-09-05T05:42:12.250+0000] {processor.py:183} INFO - Processing /opt/airflow/dags/steam_analytics.py took 0.291 seconds
[2026-09-05T05:42:42.376+0000] {processor.py:161} INFO - Started process (PID=1576) to work on /opt/airflow/dags/steam_analytics.py
[2026-09-05T05:42:42.376+0000] {processor.py:830} INFO - Processing file /opt/airflow/dags/steam_analytics.py for tasks to queue
[2026-09-05T05:42:42.377+0000] {logging_mixin.py:188} INFO - [2026-09-05T05:42:42.377+0000] {dagbag.py:545} INFO - Filling up the DagBag from /opt/airflow/dags/steam_analytics.py
[2026-09-05T05:42:42.615+0000] {processor.py:840} INFO - DAG(s) 'steam_analytics_daily' retrieved from /opt/airflow/dags/steam_analytics.py
[2026-09-05T05:42:42.638+0000] {logging_mixin.py:188} INFO - [2026-09-05T05:42:42.638+0000] {dag.py:3089} INFO - Sync 1 DAGs
[2026-09-05T05:42:42.655+0000] {logging_mixin.py:188} INFO - [2026-09-05T05:42:42.655+0000] {dag.py:3947} INFO - Setting next_dagrun for steam_analytics_daily to 2026-09-05 02:00:00+00:00, run_after=2026-09-06 02:00:00+00:00
[2026-09-05T05:42:42.669+0000] {processor.py:183} INFO - Processing /opt/airflow/dags/steam_analytics.py took 0.298 seconds
