[2026-09-04T08:57:37.537+0000] {local_task_job_runner.py:120} INFO - ::group::Pre task execution logs
[2026-09-04T08:57:37.571+0000] {taskinstance.py:2076} INFO - Dependencies all met for dep_context=non-requeueable deps ti=<TaskInstance: steam_analytics_daily.process_new_games_and_dimensions scheduled__2026-09-03T02:00:00+00:00 [queued]>
[2026-09-04T08:57:37.579+0000] {taskinstance.py:2076} INFO - Dependencies all met for dep_context=requeueable deps ti=<TaskInstance: steam_analytics_daily.process_new_games_and_dimensions scheduled__2026-09-03T02:00:00+00:00 [queued]>
[2026-09-04T08:57:37.579+0000] {taskinstance.py:2306} INFO - Starting attempt 1 of 2
[2026-09-04T08:57:37.591+0000] {taskinstance.py:2330} INFO - Executing <Task(_PythonDecoratedOperator): process_new_games_and_dimensions> on 2026-09-03 02:00:00+00:00
[2026-09-04T08:57:37.597+0000] {logging_mixin.py:188} WARNING - /home/***/.local/lib/python3.12/site-packages/***/task/task_runner/standard_task_runner.py:62 DeprecationWarning: This process (pid=429) is multi-threaded, use of fork() may lead to deadlocks in the child.
[2026-09-04T08:57:37.598+0000] {standard_task_runner.py:64} INFO - Started process 430 to run task
[2026-09-04T08:57:37.597+0000] {standard_task_runner.py:90} INFO - Running: ['***', 'tasks', 'run', 'steam_analytics_daily', 'process_new_games_and_dimensions', 'scheduled__2026-09-03T02:00:00+00:00', '--job-id', '4', '--raw', '--subdir', 'DAGS_FOLDER/steam_analytics.py', '--cfg-path', '/tmp/tmp8lutplux']
[2026-09-04T08:57:37.599+0000] {standard_task_runner.py:91} INFO - Job 4: Subtask process_new_games_and_dimensions
[2026-09-04T08:57:37.647+0000] {task_command.py:426} INFO - Running <TaskInstance: steam_analytics_daily.process_new_games_and_dimensions scheduled__2026-09-03T02:00:00+00:00 [running]> on host 69bb381b179f
[2026-09-04T08:57:37.728+0000] {taskinstance.py:2648} INFO - Exporting env vars: AIRFLOW_CTX_DAG_OWNER='data_engineer' AIRFLOW_CTX_DAG_ID='steam_analytics_daily' AIRFLOW_CTX_TASK_ID='process_new_games_and_dimensions' AIRFLOW_CTX_EXECUTION_DATE='2026-09-03T02:00:00+00:00' AIRFLOW_CTX_TRY_NUMBER='1' AIRFLOW_CTX_DAG_RUN_ID='scheduled__2026-09-03T02:00:00+00:00'
[2026-09-04T08:57:37.729+0000] {taskinstance.py:430} INFO - ::endgroup::
[2026-09-04T08:57:37.850+0000] {minio_client.py:91} INFO - Berhasil membaca 1000 record dari s3://steam-analytics/bronze/steamspy/2026-09-03/data.json
[2026-09-04T08:57:38.250+0000] {minio_client.py:91} INFO - Berhasil membaca 1000 record dari s3://steam-analytics/bronze/rawg/2026-09-03/data.json
[2026-09-04T08:57:38.254+0000] {crypto.py:82} WARNING - empty cryptography key - values will not be stored encrypted.
[2026-09-04T08:57:38.255+0000] {base.py:84} INFO - Using connection ID 'postgres_***' for task execution.
[2026-09-04T08:57:38.261+0000] {matching.py:69} INFO - Deteksi game baru: 1000 dari 1000 game hari ini belum punya mapping
[2026-09-04T08:57:38.262+0000] {matching.py:235} INFO - [730] Counter-Strike: Global Offensive -> Counter-Strike: Global Offensive (status=exact, score=100)
[2026-09-04T08:57:38.263+0000] {matching.py:235} INFO - [1172470] Apex Legends -> Apex Legends (status=exact, score=100)
[2026-09-04T08:57:38.263+0000] {matching.py:235} INFO - [578080] PUBG: BATTLEGROUNDS -> PUGB - Battlegrounds (status=high_confidence, score=94)
[2026-09-04T08:57:38.263+0000] {matching.py:235} INFO - [1623730] Palworld -> Palworld (status=exact, score=100)
[2026-09-04T08:57:38.264+0000] {matching.py:235} INFO - [440] Team Fortress 2 -> Team Fortress 2 (status=exact, score=100)
[2026-09-04T08:57:38.264+0000] {matching.py:235} INFO - [1938090] Call of Duty: Modern Warfare II -> Call of Duty: Modern Warfare II (status=exact, score=100)
[2026-09-04T08:57:38.265+0000] {matching.py:235} INFO - [1063730] New World: Aeternum -> Avernum 3: Ruined World (status=review, score=75)
[2026-09-04T08:57:38.265+0000] {matching.py:235} INFO - [2358720] Black Myth: Wukong -> Black Myth: Wukong (status=exact, score=100)
[2026-09-04T08:57:38.265+0000] {matching.py:235} INFO - [271590] Grand Theft Auto V Legacy -> Grand Theft Auto V (status=high_confidence, score=84)
[2026-09-04T08:57:38.266+0000] {matching.py:235} INFO - [550] Left 4 Dead 2 -> Left 4 Dead 2 (status=exact, score=100)
[2026-09-04T08:57:38.267+0000] {matching.py:235} INFO - [304930] Unturned -> Unturned (status=exact, score=100)
[2026-09-04T08:57:38.267+0000] {matching.py:235} INFO - [1599340] Lost Ark -> Lost Ark (status=exact, score=100)
[2026-09-04T08:57:38.267+0000] {matching.py:235} INFO - [236390] War Thunder -> War Thunder (status=exact, score=100)
[2026-09-04T08:57:38.268+0000] {matching.py:235} INFO - [2246340] Monster Hunter Wilds -> Monster Hunter Wilds (status=exact, score=100)
[2026-09-04T08:57:38.268+0000] {matching.py:235} INFO - [553850] HELLDIVERS 2 -> HELLDIVERS 2 (status=exact, score=100)
[2026-09-04T08:57:38.268+0000] {matching.py:235} INFO - [230410] Warframe -> Warframe (status=exact, score=100)
[2026-09-04T08:57:38.269+0000] {matching.py:235} INFO - [1245620] ELDEN RING -> Elden Ring (status=exact, score=100)
[2026-09-04T08:57:38.269+0000] {matching.py:235} INFO - [105600] Terraria -> Terraria (status=exact, score=100)
[2026-09-04T08:57:38.269+0000] {matching.py:235} INFO - [2694490] Path of Exile 2 -> Path of Exile 2 (status=exact, score=100)
[2026-09-04T08:57:38.270+0000] {matching.py:235} INFO - [431960] Wallpaper Engine -> Wallpaper Engine (status=exact, score=100)
[2026-09-04T08:57:38.270+0000] {matching.py:235} INFO - [1086940] Baldur's Gate 3 -> Baldur's Gate (status=high_confidence, score=92)
[2026-09-04T08:57:38.271+0000] {matching.py:235} INFO - [291550] Brawlhalla -> Brawlhalla (status=exact, score=100)
[2026-09-04T08:57:38.271+0000] {matching.py:235} INFO - [4000] Garry's Mod -> Garry's Mod (status=exact, score=100)
[2026-09-04T08:57:38.271+0000] {matching.py:235} INFO - [1085660] Destiny 2 -> Destiny 2 (status=exact, score=100)
[2026-09-04T08:57:38.272+0000] {matching.py:235} INFO - [359550] Tom Clancy's Rainbow Six Siege -> Tom Clancy's Rainbow Six Siege (status=exact, score=100)
[2026-09-04T08:57:38.272+0000] {matching.py:235} INFO - [252490] Rust -> Rust (status=exact, score=100)
[2026-09-04T08:57:38.273+0000] {matching.py:235} INFO - [552990] World of Warships -> World of Warships (status=exact, score=100)
[2026-09-04T08:57:38.273+0000] {matching.py:235} INFO - [346110] ARK: Survival Evolved -> ARK: Survival Evolved (status=exact, score=100)
[2026-09-04T08:57:38.273+0000] {matching.py:235} INFO - [413150] Stardew Valley -> Stardew Valley (status=exact, score=100)
[2026-09-04T08:57:38.274+0000] {matching.py:235} INFO - [242760] The Forest -> The Forest (status=exact, score=100)
[2026-09-04T08:57:38.274+0000] {matching.py:235} INFO - [1491000] War Robots: Frontiers -> War Robots: Frontiers (status=exact, score=100)
[2026-09-04T08:57:38.275+0000] {matching.py:235} INFO - [238960] Path of Exile -> Path of Exile (status=exact, score=100)
[2026-09-04T08:57:38.275+0000] {matching.py:235} INFO - [218620] PAYDAY 2 -> PAYDAY 2 (status=exact, score=100)
[2026-09-04T08:57:38.275+0000] {matching.py:235} INFO - [291480] Warface: Clutch -> Warface: Breakout (status=unmatched, score=67)
[2026-09-04T08:57:38.276+0000] {matching.py:235} INFO - [901583] Grand Theft Auto IV: Complete Edition -> Grand Theft Auto IV: Complete Edition (status=exact, score=100)
[2026-09-04T08:57:38.276+0000] {matching.py:235} INFO - [899770] Last Epoch -> Last Epoch (status=exact, score=100)
[2026-09-04T08:57:38.276+0000] {matching.py:235} INFO - [340] Half-Life 2: Lost Coast -> Half-Life 2: Lost Coast (status=exact, score=100)
[2026-09-04T08:57:38.277+0000] {matching.py:235} INFO - [1091500] Cyberpunk 2077 -> Cyberpunk 2077 (status=exact, score=100)
[2026-09-04T08:57:38.277+0000] {matching.py:235} INFO - [381210] Dead by Daylight -> Dead by Daylight (status=exact, score=100)
[2026-09-04T08:57:38.278+0000] {matching.py:235} INFO - [990080] Hogwarts Legacy -> Hogwarts Legacy (status=exact, score=100)
[2026-09-04T08:57:38.278+0000] {matching.py:235} INFO - [438100] VRChat -> VRChat (status=exact, score=100)
[2026-09-04T08:57:38.278+0000] {matching.py:235} INFO - [292030] The Witcher 3: Wild Hunt - Complete Edition -> The Witcher 3 Wild Hunt - Complete Edition (status=exact, score=100)
[2026-09-04T08:57:38.279+0000] {matching.py:235} INFO - [945360] Among Us -> Among Us (status=exact, score=100)
[2026-09-04T08:57:38.279+0000] {matching.py:235} INFO - [1097150] Fall Guys: Ultimate Knockout -> Fall Guys: Ultimate Knockout (status=exact, score=100)
[2026-09-04T08:57:38.279+0000] {matching.py:235} INFO - [49520] Borderlands 2 -> Borderlands 2 (status=exact, score=100)
[2026-09-04T08:57:38.280+0000] {matching.py:235} INFO - [227300] Euro Truck Simulator 2 -> Euro Truck Simulator 2 (status=exact, score=100)
[2026-09-04T08:57:38.280+0000] {matching.py:235} INFO - [892970] Valheim -> Valheim (status=exact, score=100)
[2026-09-04T08:57:38.281+0000] {matching.py:235} INFO - [739630] Phasmophobia -> Phasmophobia (status=exact, score=100)
[2026-09-04T08:57:38.281+0000] {matching.py:235} INFO - [444090] Paladins -> Paladins (status=exact, score=100)
[2026-09-04T08:57:38.281+0000] {matching.py:235} INFO - [1203220] NARAKA: BLADEPOINT -> Naraka Bladepoint (status=exact, score=100)
[2026-09-04T08:57:38.282+0000] {matching.py:235} INFO - [320] Half-Life 2: Deathmatch -> Half-Life 2: Deathmatch (status=exact, score=100)
[2026-09-04T08:57:38.282+0000] {matching.py:235} INFO - [70] Half-Life -> Half-Life (status=exact, score=100)
[2026-09-04T08:57:38.282+0000] {matching.py:235} INFO - [582010] Monster Hunter: World -> Monster Hunter: World (status=exact, score=100)
[2026-09-04T08:57:38.283+0000] {matching.py:235} INFO - [227940] Heroes & Generals -> Heroes & Generals (status=exact, score=100)
[2026-09-04T08:57:38.283+0000] {matching.py:235} INFO - [252950] Rocket League -> Rocket League (status=exact, score=100)
[2026-09-04T08:57:38.284+0000] {matching.py:235} INFO - [108600] Project Zomboid -> Project Zomboid (status=exact, score=100)
[2026-09-04T08:57:38.284+0000] {matching.py:235} INFO - [1966720] Lethal Company -> Lethal Company (status=exact, score=100)
[2026-09-04T08:57:38.284+0000] {matching.py:235} INFO - [1174180] Red Dead Redemption 2 -> Red Dead Redemption 2 (status=exact, score=100)
[2026-09-04T08:57:38.285+0000] {matching.py:235} INFO - [1517290] Battlefield 2042 -> Battlefield 2042 (status=exact, score=100)
[2026-09-04T08:57:38.285+0000] {matching.py:235} INFO - [1240440] Halo Infinite -> Halo Infinite (status=exact, score=100)
[2026-09-04T08:57:38.285+0000] {matching.py:235} INFO - [648800] Raft -> Raft (status=exact, score=100)
[2026-09-04T08:57:38.286+0000] {matching.py:235} INFO - [386360] SMITE -> SMITE (status=exact, score=100)
[2026-09-04T08:57:38.286+0000] {matching.py:235} INFO - [444200] World of Tanks Blitz -> World of Tanks Blitz (status=exact, score=100)
[2026-09-04T08:57:38.287+0000] {matching.py:235} INFO - [10] Counter-Strike -> Counter-Strike (status=exact, score=100)
[2026-09-04T08:57:38.287+0000] {matching.py:235} INFO - [240] Counter-Strike: Source -> Counter-Strike: Source (status=exact, score=100)
[2026-09-04T08:57:38.287+0000] {matching.py:235} INFO - [3164500] Schedule I -> Schedule I (status=exact, score=100)
[2026-09-04T08:57:38.288+0000] {matching.py:235} INFO - [755790] Ring of Elysium -> Ring of Elysium (status=exact, score=100)
[2026-09-04T08:57:38.288+0000] {matching.py:235} INFO - [400] Portal -> Portal (status=exact, score=100)
[2026-09-04T08:57:38.289+0000] {matching.py:235} INFO - [1222670] The Sims 4 -> The Sims 4 (status=exact, score=100)
[2026-09-04T08:57:38.289+0000] {matching.py:235} INFO - [550650] Black Squad -> Black Squad (status=exact, score=100)
[2026-09-04T08:57:38.289+0000] {matching.py:235} INFO - [322330] Don't Starve Together -> Don't Starve Together (status=exact, score=100)
[2026-09-04T08:57:38.290+0000] {matching.py:235} INFO - [239140] Dying Light -> Dying Light (status=exact, score=100)
[2026-09-04T08:57:38.290+0000] {matching.py:235} INFO - [477160] Human Fall Flat -> Human: Fall Flat (status=exact, score=100)
[2026-09-04T08:57:38.290+0000] {matching.py:235} INFO - [251570] 7 Days to Die -> 7 Days to Die (status=exact, score=100)
[2026-09-04T08:57:38.291+0000] {matching.py:235} INFO - [100] Counter-Strike: Condition Zero -> Counter-Strike: Condition Zero (status=exact, score=100)
[2026-09-04T08:57:38.291+0000] {matching.py:235} INFO - [1665460] eFootball -> eFootball 2022 (status=high_confidence, score=78)
[2026-09-04T08:57:38.292+0000] {matching.py:235} INFO - [417910] Street Warriors Online -> Street Warriors Online (status=exact, score=100)
[2026-09-04T08:57:38.292+0000] {matching.py:235} INFO - [433850] Z1 Battle Royale -> H1Z1: Battle Royale (status=high_confidence, score=76)
[2026-09-04T08:57:38.292+0000] {matching.py:235} INFO - [594650] Hunt: Showdown 1896 -> Hunt: Showdown (status=high_confidence, score=84)
[2026-09-04T08:57:38.293+0000] {matching.py:235} INFO - [814380] Sekiro: Shadows Die Twice - GOTY Edition -> Sekiro: Shadows Die Twice (status=high_confidence, score=79)
[2026-09-04T08:57:38.293+0000] {matching.py:235} INFO - [1116170] CyberCorp -> CyberCorp (status=exact, score=100)
[2026-09-04T08:57:38.293+0000] {matching.py:235} INFO - [220] Half-Life 2 -> Half-Life 2 (status=exact, score=100)
[2026-09-04T08:57:38.294+0000] {matching.py:235} INFO - [107410] Arma 3 -> Arma 3 (status=exact, score=100)
[2026-09-04T08:57:38.294+0000] {matching.py:235} INFO - [1326470] Sons Of The Forest -> Sons of the Forest (status=exact, score=100)
[2026-09-04T08:57:38.295+0000] {matching.py:235} INFO - [219990] Grim Dawn -> Grim Dawn (status=exact, score=100)
[2026-09-04T08:57:38.295+0000] {matching.py:235} INFO - [255710] Cities: Skylines -> Cities: Skylines (status=exact, score=100)
[2026-09-04T08:57:38.295+0000] {matching.py:235} INFO - [261550] Mount & Blade II: Bannerlord -> Mount & Blade II: Bannerlord (status=exact, score=100)
[2026-09-04T08:57:38.296+0000] {matching.py:235} INFO - [8930] Sid Meier's Civilization V -> Sid Meier's Civilization V (status=exact, score=100)
[2026-09-04T08:57:38.296+0000] {matching.py:235} INFO - [304050] Trove -> Trove (status=exact, score=100)
[2026-09-04T08:57:38.297+0000] {matching.py:235} INFO - [289070] Sid Meier’s Civilization VI -> Sid Meier’s Civilization VI (status=exact, score=100)
[2026-09-04T08:57:38.297+0000] {matching.py:235} INFO - [377160] Fallout 4 -> Fallout 4 (status=exact, score=100)
[2026-09-04T08:57:38.297+0000] {matching.py:235} INFO - [532210] Life is Strange 2 -> Life is Strange 2 (status=exact, score=100)
[2026-09-04T08:57:38.298+0000] {matching.py:235} INFO - [2186680] Warhammer 40,000: Rogue Trader -> Warhammer 40,000: Rogue Trader (status=exact, score=100)
[2026-09-04T08:57:38.298+0000] {matching.py:235} INFO - [1238810] Battlefield V -> Battlefield V (status=exact, score=100)
[2026-09-04T08:57:38.298+0000] {matching.py:235} INFO - [3241660] R.E.P.O. -> R.E.P.O. (status=exact, score=100)
[2026-09-04T08:57:38.299+0000] {matching.py:235} INFO - [221100] DayZ -> DayZ (status=exact, score=100)
[2026-09-04T08:57:38.299+0000] {matching.py:235} INFO - [526870] Satisfactory -> Satisfactory (status=exact, score=100)
[2026-09-04T08:57:38.300+0000] {matching.py:235} INFO - [1089350] NBA 2K20 -> NBA 2K20 (status=exact, score=100)
[2026-09-04T08:57:38.300+0000] {matching.py:235} INFO - [632360] Risk of Rain 2 -> Risk of Rain 2 (status=exact, score=100)
[2026-09-04T08:57:38.300+0000] {matching.py:235} INFO - [1811260] EA SPORTS FIFA 23 -> EA SPORTS FIFA 23 (status=exact, score=100)
[2026-09-04T08:57:38.301+0000] {matching.py:235} INFO - [204360] Castle Crashers -> Castle Crashers (status=exact, score=100)
[2026-09-04T08:57:38.301+0000] {matching.py:235} INFO - [218230] PlanetSide 2 -> PlanetSide 2 (status=exact, score=100)
[2026-09-04T08:57:38.302+0000] {matching.py:235} INFO - [72850] The Elder Scrolls V: Skyrim -> The Elder Scrolls V: Skyrim (status=exact, score=100)
[2026-09-04T08:57:38.302+0000] {matching.py:235} INFO - [394360] Hearts of Iron IV -> Hearts of Iron IV (status=exact, score=100)
[2026-09-04T08:57:38.302+0000] {matching.py:235} INFO - [489830] The Elder Scrolls V: Skyrim Special Edition -> The Elder Scrolls V: Skyrim Special Edition (status=exact, score=100)
[2026-09-04T08:57:38.303+0000] {matching.py:235} INFO - [322170] Geometry Dash -> Geometry Dash (status=exact, score=100)
[2026-09-04T08:57:38.303+0000] {matching.py:235} INFO - [1446780] MONSTER HUNTER RISE -> Monster Hunter Rise (status=exact, score=100)
[2026-09-04T08:57:38.303+0000] {matching.py:235} INFO - [224260] No More Room in Hell -> No More Room in Hell (status=exact, score=100)
[2026-09-04T08:57:38.304+0000] {matching.py:235} INFO - [203160] Tomb Raider Game of the Year -> Rise of the Tomb Raider (status=review, score=71)
[2026-09-04T08:57:38.304+0000] {matching.py:235} INFO - [275850] No Man's Sky -> No Man's Sky (status=exact, score=100)
[2026-09-04T08:57:38.305+0000] {matching.py:235} INFO - [367520] Hollow Knight -> Hollow Knight (status=exact, score=100)
[2026-09-04T08:57:38.305+0000] {matching.py:235} INFO - [301520] Robocraft -> Robocraft (status=exact, score=100)
[2026-09-04T08:57:38.306+0000] {matching.py:235} INFO - [767560] War Robots -> War Robots (status=exact, score=100)
[2026-09-04T08:57:38.306+0000] {matching.py:235} INFO - [2050650] Resident Evil 4 -> Resident Evil 4 (status=exact, score=100)
[2026-09-04T08:57:38.306+0000] {matching.py:235} INFO - [466240] Deceit -> Deceit (status=exact, score=100)
[2026-09-04T08:57:38.307+0000] {matching.py:235} INFO - [284160] BeamNG.drive -> BeamNG.drive (status=exact, score=100)
[2026-09-04T08:57:38.307+0000] {matching.py:235} INFO - [278360] A Story About My Uncle -> A Story About My Uncle (status=exact, score=100)
[2026-09-04T08:57:38.307+0000] {matching.py:235} INFO - [264710] Subnautica -> Subnautica (status=exact, score=100)
[2026-09-04T08:57:38.308+0000] {matching.py:235} INFO - [80] Counter-Strike: Condition Zero -> Counter-Strike: Condition Zero (status=exact, score=100)
[2026-09-04T08:57:38.308+0000] {matching.py:235} INFO - [370910] Kathy Rain -> Kathy Rain (status=exact, score=100)
[2026-09-04T08:57:38.308+0000] {matching.py:235} INFO - [40] Deathmatch Classic -> Deathmatch Classic (status=exact, score=100)
[2026-09-04T08:57:38.309+0000] {matching.py:235} INFO - [275390] Guacamelee! Super Turbo Championship Edition -> Guacamelee! Super Turbo Championship Edition (status=exact, score=100)
[2026-09-04T08:57:38.309+0000] {matching.py:235} INFO - [2881650] Content Warning -> Content Warning (status=exact, score=100)
[2026-09-04T08:57:38.310+0000] {matching.py:235} INFO - [311210] Call of Duty: Black Ops III -> Call of Duty: Black Ops III (status=exact, score=100)
[2026-09-04T08:57:38.310+0000] {matching.py:235} INFO - [333930] Dirty Bomb -> Dirty Bomb (status=exact, score=100)
[2026-09-04T08:57:38.310+0000] {matching.py:235} INFO - [1172620] Sea of Thieves: 2026 Edition -> Sea of Thieves 64 - RetroJam 2021 (status=unmatched, score=69)
[2026-09-04T08:57:38.311+0000] {matching.py:235} INFO - [22380] Fallout: New Vegas -> Fallout: New Vegas (status=exact, score=100)
[2026-09-04T08:57:38.311+0000] {matching.py:235} INFO - [250900] The Binding of Isaac: Rebirth -> The Binding of Isaac: Rebirth (status=exact, score=100)
[2026-09-04T08:57:38.312+0000] {matching.py:235} INFO - [700330] SCP: Secret Laboratory -> SCP: Secret Laboratory (status=exact, score=100)
[2026-09-04T08:57:38.312+0000] {matching.py:235} INFO - [10180] Call of Duty: Modern Warfare 2 (2009) -> Call of Duty: Modern Warfare 2 (status=high_confidence, score=92)
[2026-09-04T08:57:38.312+0000] {matching.py:235} INFO - [582660] Black Desert -> Black Desert Online (status=high_confidence, score=77)
[2026-09-04T08:57:38.313+0000] {matching.py:235} INFO - [1229490] ULTRAKILL -> Ultrakill (status=exact, score=100)
[2026-09-04T08:57:38.313+0000] {matching.py:235} INFO - [1046930] Dota Underlords -> Dota Underlords (status=exact, score=100)
[2026-09-04T08:57:38.313+0000] {matching.py:235} INFO - [1426210] It Takes Two -> It Takes Two (status=exact, score=100)
[2026-09-04T08:57:38.314+0000] {matching.py:235} INFO - [2195250] EA SPORTS FC 24 -> EA SPORTS FC 24 (status=exact, score=100)
[2026-09-04T08:57:38.314+0000] {matching.py:235} INFO - [2183900] Warhammer 40,000: Space Marine 2 -> Warhammer 40,000: Space Marine 2 (status=exact, score=100)
[2026-09-04T08:57:38.315+0000] {matching.py:235} INFO - [883710] Resident Evil 2 -> Resident Evil 2 (status=exact, score=100)
[2026-09-04T08:57:38.315+0000] {matching.py:235} INFO - [219640] Chivalry: Medieval Warfare -> Chivalry: Medieval Warfare (status=exact, score=100)
[2026-09-04T08:57:38.315+0000] {matching.py:235} INFO - [306130] The Elder Scrolls Online -> The Elder Scrolls Online (status=exact, score=100)
[2026-09-04T08:57:38.316+0000] {matching.py:235} INFO - [244210] Assetto Corsa -> Assetto Corsa (status=exact, score=100)
[2026-09-04T08:57:38.316+0000] {matching.py:235} INFO - [268500] XCOM 2 -> XCOM 2 (status=exact, score=100)
[2026-09-04T08:57:38.317+0000] {matching.py:235} INFO - [1794680] Vampire Survivors -> Vampire Survivors (status=exact, score=100)
[2026-09-04T08:57:38.317+0000] {matching.py:235} INFO - [1818750] MultiVersus -> MultiVersus (status=exact, score=100)
[2026-09-04T08:57:38.317+0000] {matching.py:235} INFO - [242050] Assassin’s Creed IV Black Flag -> Assassin’s Creed IV: Black Flag (status=exact, score=100)
[2026-09-04T08:57:38.318+0000] {matching.py:235} INFO - [30] Day of Defeat -> Day of Defeat (status=exact, score=100)
[2026-09-04T08:57:38.318+0000] {matching.py:235} INFO - [236850] Europa Universalis IV -> Europa Universalis IV (status=exact, score=100)
[2026-09-04T08:57:38.319+0000] {matching.py:235} INFO - [363970] Clicker Heroes -> Clicker Heroes (status=exact, score=100)
[2026-09-04T08:57:38.319+0000] {matching.py:235} INFO - [253710] theHunter Classic -> theHunter (status=high_confidence, score=69)
[2026-09-04T08:57:38.319+0000] {matching.py:235} INFO - [379720] DOOM -> DOOM (status=exact, score=100)
[2026-09-04T08:57:38.320+0000] {matching.py:235} INFO - [273350] Evolve Stage 2 -> Evolve Stage 2 (status=exact, score=100)
[2026-09-04T08:57:38.320+0000] {matching.py:235} INFO - [1782210] Crab Game -> Crab Game (status=exact, score=100)
[2026-09-04T08:57:38.320+0000] {matching.py:235} INFO - [844870] KurtzPel -> KurtzPel (status=exact, score=100)
[2026-09-04T08:57:38.321+0000] {matching.py:235} INFO - [601150] Devil May Cry 5 -> Devil May Cry 5 (status=exact, score=100)
[2026-09-04T08:57:38.321+0000] {matching.py:235} INFO - [1286830] STAR WARS: The Old Republic -> Star Wars: The Old Republic (status=exact, score=100)
[2026-09-04T08:57:38.321+0000] {matching.py:235} INFO - [365670] Blender -> Blender Bros. (status=high_confidence, score=74)
[2026-09-04T08:57:38.322+0000] {matching.py:235} INFO - [319630] Life is Strange - Episode 1 -> Life is Strange 2 - Episode 1 (status=high_confidence, score=96)
[2026-09-04T08:57:38.322+0000] {matching.py:235} INFO - [1293830] Forza Horizon 4 -> Forza Horizon 4 (status=exact, score=100)
[2026-09-04T08:57:38.323+0000] {matching.py:235} INFO - [1145360] Hades -> Hades (status=exact, score=100)
[2026-09-04T08:57:38.323+0000] {matching.py:235} INFO - [671860] BattleBit Remastered -> BattleBit Remastered (status=exact, score=100)
[2026-09-04T08:57:38.323+0000] {matching.py:235} INFO - [427520] Factorio -> Factorio (status=exact, score=100)
[2026-09-04T08:57:38.324+0000] {matching.py:235} INFO - [221380] Age of Empires II (Retired) -> Age of Empires: The Rise of Rome (status=review, score=71)
[2026-09-04T08:57:38.324+0000] {matching.py:235} INFO - [231430] Company of Heroes 2 -> Company of Heroes 2 (status=exact, score=100)
[2026-09-04T08:57:38.324+0000] {matching.py:235} INFO - [813820] Realm Royale -> Realm Royale (status=exact, score=100)
[2026-09-04T08:57:38.325+0000] {matching.py:235} INFO - [594570] Total War: WARHAMMER II -> Total War: WARHAMMER II (status=exact, score=100)
[2026-09-04T08:57:38.325+0000] {matching.py:235} INFO - [391540] Undertale -> Undertale (status=exact, score=100)
[2026-09-04T08:57:38.326+0000] {matching.py:235} INFO - [976730] Halo: The Master Chief Collection -> Halo: The Master Chief Collection (status=exact, score=100)
[2026-09-04T08:57:38.326+0000] {matching.py:235} INFO - [646570] Slay the Spire -> Slay the Spire (status=exact, score=100)
[2026-09-04T08:57:38.326+0000] {matching.py:235} INFO - [588650] Dead Cells -> Dead Cells (status=exact, score=100)
[2026-09-04T08:57:38.327+0000] {matching.py:235} INFO - [268910] Cuphead -> Cuphead (status=exact, score=100)
[2026-09-04T08:57:38.327+0000] {matching.py:235} INFO - [439700] Z1 Battle Royale: Test Server -> Surviv.io - Battle Royale (status=unmatched, score=68)
[2026-09-04T08:57:38.327+0000] {matching.py:235} INFO - [500] Left 4 Dead -> Left 4 Dead (status=exact, score=100)
[2026-09-04T08:57:38.328+0000] {matching.py:235} INFO - [1118200] People Playground -> People Playground (status=exact, score=100)
[2026-09-04T08:57:38.328+0000] {matching.py:235} INFO - [620] Portal 2 -> Portal 2 (status=exact, score=100)
[2026-09-04T08:57:38.329+0000] {matching.py:235} INFO - [1551360] Forza Horizon 5 -> Forza Horizon 5 (status=exact, score=100)
[2026-09-04T08:57:38.329+0000] {matching.py:235} INFO - [1049590] Eternal Return -> Eternal Return (status=exact, score=100)
[2026-09-04T08:57:38.329+0000] {matching.py:235} INFO - [380] Half-Life 2: Episode One -> Half-Life 2: Episode One (status=exact, score=100)
[2026-09-04T08:57:38.330+0000] {matching.py:235} INFO - [360] Half-Life Deathmatch: Source -> Half-Life Deathmatch: Source (status=exact, score=100)
[2026-09-04T08:57:38.330+0000] {matching.py:235} INFO - [779340] Total War: THREE KINGDOMS -> Total War: THREE KINGDOMS (status=exact, score=100)
[2026-09-04T08:57:38.330+0000] {matching.py:235} INFO - [233450] Prison Architect -> Prison Architect (status=exact, score=100)
[2026-09-04T08:57:38.331+0000] {matching.py:235} INFO - [782330] DOOM Eternal -> DOOM Eternal (status=exact, score=100)
[2026-09-04T08:57:38.331+0000] {matching.py:235} INFO - [223710] Cry of Fear -> Cry of Fear (status=exact, score=100)
[2026-09-04T08:57:38.332+0000] {matching.py:235} INFO - [513710] SCUM -> SCUM (status=exact, score=100)
[2026-09-04T08:57:38.332+0000] {matching.py:235} INFO - [677620] Splitgate: Arena Warfare -> Armored Warfare (status=unmatched, score=58)
[2026-09-04T08:57:38.332+0000] {matching.py:235} INFO - [1677740] Stumble Guys -> Stumble Guys (status=exact, score=100)
[2026-09-04T08:57:38.333+0000] {matching.py:235} INFO - [109600] Neverwinter -> Neverwinter (status=exact, score=100)
[2026-09-04T08:57:38.333+0000] {matching.py:235} INFO - [420] Half-Life 2: Episode Two -> Half-Life 2: Episode Two (status=exact, score=100)
[2026-09-04T08:57:38.334+0000] {matching.py:235} INFO - [397900] Business Tour - Board Game with Online Multiplayer -> Business Empire - Online Board Game (status=unmatched, score=67)
[2026-09-04T08:57:38.334+0000] {matching.py:235} INFO - [698780] Doki Doki Literature Club! -> Doki Doki Literature Club! (status=exact, score=100)
[2026-09-04T08:57:38.334+0000] {matching.py:235} INFO - [435150] Divinity: Original Sin 2 - Definitive Edition -> Divinity: Original Sin 2 - Definitive Edition (status=exact, score=100)
[2026-09-04T08:57:38.335+0000] {matching.py:235} INFO - [1100600] Football Manager 2020 -> Football Manager 2020 (status=exact, score=100)
[2026-09-04T08:57:38.335+0000] {matching.py:235} INFO - [1604030] V Rising -> V Rising (status=exact, score=100)
[2026-09-04T08:57:38.335+0000] {matching.py:235} INFO - [534380] Dying Light 2 Stay Human: Reloaded Edition -> Dying Light 2 Stay Human (status=high_confidence, score=74)
[2026-09-04T08:57:38.336+0000] {matching.py:235} INFO - [766570] Russian Fishing 4 -> Russian Fishing 4 (status=exact, score=100)
[2026-09-04T08:57:38.336+0000] {matching.py:235} INFO - [548430] Deep Rock Galactic -> Deep Rock Galactic (status=exact, score=100)
[2026-09-04T08:57:38.336+0000] {matching.py:235} INFO - [294100] RimWorld -> RimWorld (status=exact, score=100)
[2026-09-04T08:57:38.337+0000] {matching.py:235} INFO - [273110] Counter-Strike Nexon: Studio -> Counter-Strike Nexon: Zombies (status=review, score=79)
[2026-09-04T08:57:38.337+0000] {matching.py:235} INFO - [868270] The Cycle: Frontier -> The Cycle: Frontier (status=exact, score=100)
[2026-09-04T08:57:38.337+0000] {matching.py:235} INFO - [863550] HITMAN 2 -> Hitman 2 (status=exact, score=100)
[2026-09-04T08:57:38.338+0000] {matching.py:235} INFO - [1237970] Titanfall 2 -> Titanfall 2 (status=exact, score=100)
[2026-09-04T08:57:38.338+0000] {matching.py:235} INFO - [555570] Infestation: The New Z -> Infestation: The New Z (status=exact, score=100)
[2026-09-04T08:57:38.339+0000] {matching.py:235} INFO - [10190] Call of Duty: Modern Warfare 2 (2009) -> Call of Duty: Modern Warfare 2 (status=high_confidence, score=92)
[2026-09-04T08:57:38.339+0000] {matching.py:235} INFO - [424840] Little Nightmares -> Little Nightmares (status=exact, score=100)
[2026-09-04T08:57:38.339+0000] {matching.py:235} INFO - [2669320] EA SPORTS FC 25 -> EA SPORTS FC 25 (status=exact, score=100)
[2026-09-04T08:57:38.340+0000] {matching.py:235} INFO - [518790] theHunter: Call of the Wild -> theHunter: Call of the Wild (status=exact, score=100)
[2026-09-04T08:57:38.340+0000] {matching.py:235} INFO - [365590] Tom Clancy’s The Division -> Tom Clancy’s The Division (status=exact, score=100)
[2026-09-04T08:57:38.341+0000] {matching.py:235} INFO - [223470] POSTAL 2 -> POSTAL 2 (status=exact, score=100)
[2026-09-04T08:57:38.341+0000] {matching.py:235} INFO - [241930] Middle-earth: Shadow of Mordor -> Middle-earth: Shadow of Mordor (status=exact, score=100)
[2026-09-04T08:57:38.341+0000] {matching.py:235} INFO - [346900] AdVenture Capitalist -> AdVenture Capitalist (status=exact, score=100)
[2026-09-04T08:57:38.342+0000] {matching.py:235} INFO - [3240220] Grand Theft Auto V Enhanced -> Grand Theft Auto V Enhanced (status=exact, score=100)
[2026-09-04T08:57:38.342+0000] {matching.py:235} INFO - [440900] Conan Exiles Enhanced -> Conan Exiles (status=high_confidence, score=73)
[2026-09-04T08:57:38.342+0000] {matching.py:235} INFO - [374320] DARK SOULS III -> Dark Souls III (status=exact, score=100)
[2026-09-04T08:57:38.343+0000] {matching.py:235} INFO - [1868140] DAVE THE DIVER -> Dave the Diver (status=exact, score=100)
[2026-09-04T08:57:38.343+0000] {matching.py:235} INFO - [304390] FOR HONOR -> For Honor (status=exact, score=100)
[2026-09-04T08:57:38.343+0000] {matching.py:235} INFO - [208090] Loadout -> Loadout (status=exact, score=100)
[2026-09-04T08:57:38.344+0000] {matching.py:235} INFO - [48700] Mount & Blade: Warband -> Mount & Blade: Warband (status=exact, score=100)
[2026-09-04T08:57:38.344+0000] {matching.py:235} INFO - [2630] Call of Duty 2 -> Call of Duty 2 (status=exact, score=100)
[2026-09-04T08:57:38.345+0000] {matching.py:235} INFO - [12210] Grand Theft Auto IV: The Complete Edition -> Grand Theft Auto IV: Complete Edition (status=high_confidence, score=95)
[2026-09-04T08:57:38.345+0000] {matching.py:235} INFO - [1144200] Ready or Not -> Ready or Not (status=exact, score=100)
[2026-09-04T08:57:38.345+0000] {matching.py:235} INFO - [113400] APB Reloaded -> APB Reloaded (status=exact, score=100)
[2026-09-04T08:57:38.346+0000] {matching.py:235} INFO - [1332010] Stray -> Stray (status=exact, score=100)
[2026-09-04T08:57:38.346+0000] {matching.py:235} INFO - [206420] Saints Row IV: Re-Elected -> Saints Row IV: Re-Elected (status=exact, score=100)
[2026-09-04T08:57:38.347+0000] {matching.py:235} INFO - [380600] Fishing Planet -> Fishing Planet (status=exact, score=100)
[2026-09-04T08:57:38.347+0000] {matching.py:235} INFO - [225540] Just Cause 3 -> Just Cause 3 (status=exact, score=100)
[2026-09-04T08:57:38.347+0000] {matching.py:235} INFO - [285800] Braveland -> Braveland (status=exact, score=100)
[2026-09-04T08:57:38.348+0000] {matching.py:235} INFO - [286690] Metro 2033 Redux -> Metro 2033 Redux (status=exact, score=100)
[2026-09-04T08:57:38.348+0000] {matching.py:235} INFO - [223750] DCS World Steam Edition -> CROSS†CHANNEL: Steam Edition (status=unmatched, score=65)
[2026-09-04T08:57:38.348+0000] {matching.py:235} INFO - [1593500] God of War -> God Of War (status=exact, score=100)
[2026-09-04T08:57:38.349+0000] {matching.py:235} INFO - [386180] Crossout -> Crossout (status=exact, score=100)
[2026-09-04T08:57:38.349+0000] {matching.py:235} INFO - [1238840] Battlefield 1 -> Battlefield 1 (status=exact, score=100)
[2026-09-04T08:57:38.350+0000] {matching.py:235} INFO - [812140] Assassin's Creed Odyssey -> Assassin's Creed Odyssey (status=exact, score=100)
[2026-09-04T08:57:38.350+0000] {matching.py:235} INFO - [1721470] Poppy Playtime -> Poppy Playtime (status=exact, score=100)
[2026-09-04T08:57:38.350+0000] {matching.py:235} INFO - [960090] Bloons TD 6 -> Bloons TD 6 (status=exact, score=100)
[2026-09-04T08:57:38.351+0000] {matching.py:235} INFO - [55230] Saints Row: The Third -> Saints Row: The Third (status=exact, score=100)
[2026-09-04T08:57:38.351+0000] {matching.py:235} INFO - [262060] Darkest Dungeon -> Darkest Dungeon (status=exact, score=100)
[2026-09-04T08:57:38.352+0000] {matching.py:235} INFO - [761890] Albion Online -> Albion Online (status=exact, score=100)
[2026-09-04T08:57:38.352+0000] {matching.py:235} INFO - [2001120] Split Fiction -> Split Fiction (status=exact, score=100)
[2026-09-04T08:57:38.352+0000] {matching.py:235} INFO - [281990] Stellaris -> Stellaris (status=exact, score=100)
[2026-09-04T08:57:38.353+0000] {matching.py:235} INFO - [252130] Divide By Sheep -> Divide By Sheep (status=exact, score=100)
[2026-09-04T08:57:38.353+0000] {matching.py:235} INFO - [211820] Starbound -> Starbound (status=exact, score=100)
[2026-09-04T08:57:38.353+0000] {matching.py:235} INFO - [8190] Just Cause 2 -> Just Cause 2 (status=exact, score=100)
[2026-09-04T08:57:38.354+0000] {matching.py:235} INFO - [6060] STAR WARS Battlefront II (Classic, 2005) -> Star Wars: Battlefront II (2005) (status=high_confidence, score=88)
[2026-09-04T08:57:38.354+0000] {matching.py:235} INFO - [508440] Totally Accurate Battle Simulator -> Totally Accurate Battle Simulator (status=exact, score=100)
[2026-09-04T08:57:38.354+0000] {matching.py:235} INFO - [115300] Call of Duty: Modern Warfare 3 (2011) -> Call of Duty: Modern Warfare (2019) (status=high_confidence, score=94)
[2026-09-04T08:57:38.355+0000] {matching.py:235} INFO - [42910] Magicka -> Magicka (status=exact, score=100)
[2026-09-04T08:57:38.355+0000] {matching.py:235} INFO - [39210] FINAL FANTASY XIV Online -> Final Fantasy XIV (status=high_confidence, score=83)
[2026-09-04T08:57:38.356+0000] {matching.py:235} INFO - [1222680] Need for Speed Heat -> Need for Speed Heat (status=exact, score=100)
[2026-09-04T08:57:38.356+0000] {matching.py:235} INFO - [351940] The Descendant -> The Descendant (status=exact, score=100)
[2026-09-04T08:57:38.356+0000] {matching.py:235} INFO - [1250] Killing Floor -> Killing Floor (status=exact, score=100)
[2026-09-04T08:57:38.357+0000] {matching.py:235} INFO - [2623190] The Elder Scrolls IV: Oblivion Remastered -> The Elder Scrolls IV: Oblivion Remastered (status=exact, score=100)
[2026-09-04T08:57:38.357+0000] {matching.py:235} INFO - [323190] Frostpunk -> Frostpunk (status=exact, score=100)
[2026-09-04T08:57:38.357+0000] {matching.py:235} INFO - [1716740] Starfield -> Starfield (status=exact, score=100)
[2026-09-04T08:57:38.358+0000] {matching.py:235} INFO - [813780] Age of Empires II: Definitive Edition -> Age of Empires II: Definitive Edition (status=exact, score=100)
[2026-09-04T08:57:38.358+0000] {matching.py:235} INFO - [630] Alien Swarm -> Alien Swarm (status=exact, score=100)
[2026-09-04T08:57:38.358+0000] {matching.py:235} INFO - [57300] Amnesia: The Dark Descent -> Amnesia: The Dark Descent (status=exact, score=100)
[2026-09-04T08:57:38.359+0000] {matching.py:235} INFO - [395170] DISTRAINT: Deluxe Edition -> Distraint: Deluxe Edition (status=exact, score=100)
[2026-09-04T08:57:38.359+0000] {matching.py:235} INFO - [20920] The Witcher 2: Assassins of Kings Enhanced Edition -> The Witcher 2: Assassins of Kings Enhanced Edition (status=exact, score=100)
[2026-09-04T08:57:38.360+0000] {matching.py:235} INFO - [212680] FTL: Faster Than Light -> FTL: Faster Than Light (status=exact, score=100)
[2026-09-04T08:57:38.360+0000] {matching.py:235} INFO - [504370] Battlerite -> Battlerite (status=exact, score=100)
[2026-09-04T08:57:38.360+0000] {matching.py:235} INFO - [286160] Tabletop Simulator -> Tabletop Simulator (status=exact, score=100)
[2026-09-04T08:57:38.361+0000] {matching.py:235} INFO - [311690] Enter the Gungeon -> Enter the Gungeon (status=exact, score=100)
[2026-09-04T08:57:38.361+0000] {matching.py:235} INFO - [355840] Survarium -> Survarium (status=exact, score=100)
[2026-09-04T08:57:38.362+0000] {matching.py:235} INFO - [1145350] Hades II -> Hades II (status=exact, score=100)
[2026-09-04T08:57:38.362+0000] {matching.py:235} INFO - [1366800] Crosshair X -> MLB 10: The Show (status=unmatched, score=23)
[2026-09-04T08:57:38.362+0000] {matching.py:235} INFO - [1196590] Resident Evil Village -> Resident Evil: Village (status=exact, score=100)
[2026-09-04T08:57:38.363+0000] {matching.py:235} INFO - [613100] House Flipper -> House Flipper (status=exact, score=100)
[2026-09-04T08:57:38.363+0000] {matching.py:235} INFO - [1172380] STAR WARS Jedi: Fallen Order -> Star Wars Jedi: Fallen Order (status=exact, score=100)
[2026-09-04T08:57:38.364+0000] {matching.py:235} INFO - [202970] Call of Duty: Black Ops II -> Call of Duty: Black Ops II (status=exact, score=100)
[2026-09-04T08:57:38.364+0000] {matching.py:235} INFO - [304430] INSIDE -> INSIDE (status=exact, score=100)
[2026-09-04T08:57:38.364+0000] {matching.py:235} INFO - [3590] Plants vs. Zombies GOTY Edition -> Plants vs. Zombies GOTY Edition (status=exact, score=100)
[2026-09-04T08:57:38.365+0000] {matching.py:235} INFO - [1260320] Party Animals -> Party Animals (status=exact, score=100)
[2026-09-04T08:57:38.365+0000] {matching.py:235} INFO - [33930] Arma 2: Operation Arrowhead -> ArmA II: Operation Arrowhead (status=high_confidence, score=91)
[2026-09-04T08:57:38.365+0000] {matching.py:235} INFO - [212500] The Lord of the Rings Online -> The Lord of the Rings Online (status=exact, score=100)
[2026-09-04T08:57:38.366+0000] {matching.py:235} INFO - [457140] Oxygen Not Included -> Oxygen Not Included (status=exact, score=100)
[2026-09-04T08:57:38.366+0000] {matching.py:235} INFO - [620980] Beat Saber -> Beat Saber (status=exact, score=100)
[2026-09-04T08:57:38.367+0000] {matching.py:235} INFO - [1222140] Detroit: Become Human -> Detroit: Become Human (status=exact, score=100)
[2026-09-04T08:57:38.367+0000] {matching.py:235} INFO - [1817070] Marvel’s Spider-Man Remastered -> Marvel's Spider-Man Remastered (status=exact, score=100)
[2026-09-04T08:57:38.368+0000] {matching.py:235} INFO - [205100] Dishonored -> Dishonored (status=exact, score=100)
[2026-09-04T08:57:38.368+0000] {matching.py:235} INFO - [24240] PAYDAY The Heist -> PAYDAY The Heist (status=exact, score=100)
[2026-09-04T08:57:38.368+0000] {matching.py:235} INFO - [1506830] FIFA 22 -> FIFA 22 (status=exact, score=100)
[2026-09-04T08:57:38.369+0000] {matching.py:235} INFO - [871720] Ultimate Custom Night -> Ultimate Custom Night (status=exact, score=100)
[2026-09-04T08:57:38.369+0000] {matching.py:235} INFO - [962130] Grounded -> Grounded (status=exact, score=100)
[2026-09-04T08:57:38.369+0000] {matching.py:235} INFO - [356190] Middle-earth: Shadow of War -> Middle-earth: Shadow of War (status=exact, score=100)
[2026-09-04T08:57:38.370+0000] {matching.py:235} INFO - [274190] Broforce -> Broforce (status=exact, score=100)
[2026-09-04T08:57:38.370+0000] {matching.py:235} INFO - [234140] Mad Max -> Mad Max (status=exact, score=100)
[2026-09-04T08:57:38.371+0000] {matching.py:235} INFO - [8500] EVE Online -> EVE Online (status=exact, score=100)
[2026-09-04T08:57:38.371+0000] {matching.py:235} INFO - [552520] Far Cry 5 -> Far Cry 5 (status=exact, score=100)
[2026-09-04T08:57:38.371+0000] {matching.py:235} INFO - [7670] BioShock -> BioShock (status=exact, score=100)
[2026-09-04T08:57:38.372+0000] {matching.py:235} INFO - [760160] Vampire: The Masquerade - Bloodhunt -> Vampire: The Masquerade - Bloodhunt (status=exact, score=100)
[2026-09-04T08:57:38.372+0000] {matching.py:235} INFO - [270880] American Truck Simulator -> American Truck Simulator (status=exact, score=100)
[2026-09-04T08:57:38.373+0000] {matching.py:235} INFO - [1203620] Enshrouded -> Enshrouded (status=exact, score=100)
[2026-09-04T08:57:38.373+0000] {matching.py:235} INFO - [601510] Yu-Gi-Oh! Duel Links -> Yu-Gi-Oh! Duel Links (status=exact, score=100)
[2026-09-04T08:57:38.373+0000] {matching.py:235} INFO - [397540] Borderlands 3 -> Borderlands 3 (status=exact, score=100)
[2026-09-04T08:57:38.374+0000] {matching.py:235} INFO - [12120] Grand Theft Auto: San Andreas -> Grand Theft Auto: San Andreas (status=exact, score=100)
[2026-09-04T08:57:38.374+0000] {matching.py:235} INFO - [236870] HITMAN -> Hitman (status=exact, score=100)
[2026-09-04T08:57:38.374+0000] {matching.py:235} INFO - [674940] Stick Fight: The Game -> Stick Fight: The Game (status=exact, score=100)
[2026-09-04T08:57:38.375+0000] {matching.py:235} INFO - [884660] CRSED: F.O.A.D. -> CRSED (status=high_confidence, score=67)
[2026-09-04T08:57:38.375+0000] {matching.py:235} INFO - [701160] Kingdom Two Crowns -> Kingdom: Two Crowns (status=exact, score=100)
[2026-09-04T08:57:38.376+0000] {matching.py:235} INFO - [1832640] Mirror 2: Project X -> Mirror 2: Project X (status=exact, score=100)
[2026-09-04T08:57:38.376+0000] {matching.py:235} INFO - [208650] Batman: Arkham Knight -> Batman: Arkham Knight (status=exact, score=100)
[2026-09-04T08:57:38.376+0000] {matching.py:235} INFO - [48000] LIMBO -> Limbo (status=exact, score=100)
[2026-09-04T08:57:38.377+0000] {matching.py:235} INFO - [2379780] Balatro -> Balatro (status=exact, score=100)
[2026-09-04T08:57:38.377+0000] {matching.py:235} INFO - [298110] Far Cry 4 -> Far Cry 4 (status=exact, score=100)
[2026-09-04T08:57:38.378+0000] {matching.py:235} INFO - [42710] Call of Duty: Black Ops -> Call of Duty: Black Ops (status=exact, score=100)
[2026-09-04T08:57:38.378+0000] {matching.py:235} INFO - [200710] Torchlight II -> Torchlight II (status=exact, score=100)
[2026-09-04T08:57:38.379+0000] {matching.py:235} INFO - [203770] Crusader Kings II -> Crusader Kings II (status=exact, score=100)
[2026-09-04T08:57:38.379+0000] {matching.py:235} INFO - [1903340] Clair Obscur: Expedition 33 -> Clair Obscur: Expedition 33 (status=exact, score=100)
[2026-09-04T08:57:38.379+0000] {matching.py:235} INFO - [244850] Space Engineers -> Space Engineers (status=exact, score=100)
[2026-09-04T08:57:38.380+0000] {matching.py:235} INFO - [1366540] Dyson Sphere Program -> Dyson Sphere Program (status=exact, score=100)
[2026-09-04T08:57:38.380+0000] {matching.py:235} INFO - [2709570] Supermarket Together -> Supermarket Together (status=exact, score=100)
[2026-09-04T08:57:38.380+0000] {matching.py:235} INFO - [201270] Total War: SHOGUN 2 -> Total War: SHOGUN 2 (status=exact, score=100)
[2026-09-04T08:57:38.381+0000] {matching.py:235} INFO - [389730] TEKKEN 7 -> TEKKEN 7 (status=exact, score=100)
[2026-09-04T08:57:38.381+0000] {matching.py:235} INFO - [10090] Call of Duty: World at War -> Call of Duty: World at War (status=exact, score=100)
[2026-09-04T08:57:38.382+0000] {matching.py:235} INFO - [1259420] Days Gone -> Days Gone (status=exact, score=100)
[2026-09-04T08:57:38.382+0000] {matching.py:235} INFO - [261640] Borderlands: The Pre-Sequel -> Borderlands: The Pre-Sequel (status=exact, score=100)
[2026-09-04T08:57:38.382+0000] {matching.py:235} INFO - [220200] Kerbal Space Program -> Kerbal Space Program (status=exact, score=100)
[2026-09-04T08:57:38.383+0000] {matching.py:235} INFO - [1142710] Total War: WARHAMMER III -> Total War: WARHAMMER III (status=exact, score=100)
[2026-09-04T08:57:38.383+0000] {matching.py:235} INFO - [265630] Fistful of Frags -> Fistful of Frags (status=exact, score=100)
[2026-09-04T08:57:38.384+0000] {matching.py:235} INFO - [219150] Hotline Miami -> Hotline Miami (status=exact, score=100)
[2026-09-04T08:57:38.384+0000] {matching.py:235} INFO - [312990] The Expendabros -> The Expendabros (status=exact, score=100)
[2026-09-04T08:57:38.385+0000] {matching.py:235} INFO - [418460] Rising Storm 2: Vietnam -> Rising Storm 2: VIETNAM (status=exact, score=100)
[2026-09-04T08:57:38.385+0000] {matching.py:235} INFO - [211500] RaceRoom Racing Experience -> RaceRoom Racing Experience (status=exact, score=100)
[2026-09-04T08:57:38.385+0000] {matching.py:235} INFO - [506540] Last Man Standing -> Last Man Standing (status=exact, score=100)
[2026-09-04T08:57:38.386+0000] {matching.py:235} INFO - [20900] The Witcher: Enhanced Edition Director's Cut -> The Witcher: Enhanced Edition Director's Cut (status=exact, score=100)
[2026-09-04T08:57:38.386+0000] {matching.py:235} INFO - [552500] Warhammer: Vermintide 2 -> Warhammer: Vermintide 2 (status=exact, score=100)
[2026-09-04T08:57:38.386+0000] {matching.py:235} INFO - [1057090] Ori and the Will of the Wisps -> Ori and the Will of the Wisps (status=exact, score=100)
[2026-09-04T08:57:38.387+0000] {matching.py:235} INFO - [359320] Elite Dangerous -> Elite Dangerous (status=exact, score=100)
[2026-09-04T08:57:38.387+0000] {matching.py:235} INFO - [214950] Total War: ROME II - Emperor Edition -> Total War: ROME II - Emperor Edition (status=exact, score=100)
[2026-09-04T08:57:38.388+0000] {matching.py:235} INFO - [9480] Saints Row 2 -> Saints Row 2 (status=exact, score=100)
[2026-09-04T08:57:38.388+0000] {matching.py:235} INFO - [245170] Skullgirls 2nd Encore -> Skullgirls 2nd Encore (status=exact, score=100)
[2026-09-04T08:57:38.388+0000] {matching.py:235} INFO - [207610] The Walking Dead -> The Walking Dead (status=exact, score=100)
[2026-09-04T08:57:38.389+0000] {matching.py:235} INFO - [35450] Red Orchestra 2: Heroes of Stalingrad with Rising Storm -> Red Orchestra 2: Heroes of Stalingrad with Rising Storm (status=exact, score=100)
[2026-09-04T08:57:38.389+0000] {matching.py:235} INFO - [285900] Gang Beasts -> Gang Beasts (status=exact, score=100)
[2026-09-04T08:57:38.390+0000] {matching.py:235} INFO - [232090] Killing Floor 2 -> Killing Floor 2 (status=exact, score=100)
[2026-09-04T08:57:38.390+0000] {matching.py:235} INFO - [42680] Call of Duty: Modern Warfare 3 (2011) -> Call of Duty: Modern Warfare (2019) (status=high_confidence, score=94)
[2026-09-04T08:57:38.390+0000] {matching.py:235} INFO - [918570] Century: Age of Ashes -> Century: Age of Ashes (status=exact, score=100)
[2026-09-04T08:57:38.391+0000] {matching.py:235} INFO - [1771300] Kingdom Come: Deliverance II -> Kingdom Come: Deliverance II (status=exact, score=100)
[2026-09-04T08:57:38.391+0000] {matching.py:235} INFO - [447040] Watch_Dogs 2 -> Watch Dogs 2 (status=unmatched, score=61)
[2026-09-04T08:57:38.392+0000] {matching.py:235} INFO - [200510] XCOM: Enemy Unknown -> XCOM: Enemy Unknown (status=exact, score=100)
[2026-09-04T08:57:38.392+0000] {matching.py:235} INFO - [361420] ASTRONEER -> Astroneer (status=exact, score=100)
[2026-09-04T08:57:38.392+0000] {matching.py:235} INFO - [33900] Arma 2 -> ArmA II (status=unmatched, score=62)
[2026-09-04T08:57:38.393+0000] {matching.py:235} INFO - [209080] Guns of Icarus Online -> Guns of Icarus Online (status=exact, score=100)
[2026-09-04T08:57:38.393+0000] {matching.py:235} INFO - [307780] Mortal Kombat X -> Mortal Kombat X (status=exact, score=100)
[2026-09-04T08:57:38.393+0000] {matching.py:235} INFO - [335240] Transformice -> Transformice (status=exact, score=100)
[2026-09-04T08:57:38.394+0000] {matching.py:235} INFO - [403640] Dishonored 2 -> Dishonored 2 (status=exact, score=100)
[2026-09-04T08:57:38.394+0000] {matching.py:235} INFO - [99900] Spiral Knights -> Spiral Knights (status=exact, score=100)
[2026-09-04T08:57:38.394+0000] {matching.py:235} INFO - [1289310] Helltaker -> Helltaker (status=exact, score=100)
[2026-09-04T08:57:38.395+0000] {matching.py:235} INFO - [287700] METAL GEAR SOLID V: THE PHANTOM PAIN -> Metal Gear Solid V: The Phantom Pain (status=exact, score=100)
[2026-09-04T08:57:38.395+0000] {matching.py:235} INFO - [460930] Tom Clancy's Ghost Recon Wildlands -> Tom Clancy's Ghost Recon Wildlands (status=exact, score=100)
[2026-09-04T08:57:38.396+0000] {matching.py:235} INFO - [219740] Don't Starve -> Don't Starve (status=exact, score=100)
[2026-09-04T08:57:38.396+0000] {matching.py:235} INFO - [96000] The Tiny Bang Story -> The Tiny Bang Story (status=exact, score=100)
[2026-09-04T08:57:38.396+0000] {matching.py:235} INFO - [35720] Trine 2: Complete Story -> Trine 2: Complete Story (status=exact, score=100)
[2026-09-04T08:57:38.397+0000] {matching.py:235} INFO - [880940] Pummel Party -> Pummel Party (status=exact, score=100)
[2026-09-04T08:57:38.397+0000] {matching.py:235} INFO - [387990] Scrap Mechanic -> Scrap Mechanic (status=exact, score=100)
[2026-09-04T08:57:38.397+0000] {matching.py:235} INFO - [686810] Hell Let Loose -> Hell Let Loose (status=exact, score=100)
[2026-09-04T08:57:38.398+0000] {matching.py:235} INFO - [409710] BioShock Remastered -> BioShock Remastered (status=exact, score=100)
[2026-09-04T08:57:38.398+0000] {matching.py:235} INFO - [418370] Resident Evil 7 Biohazard -> Resident Evil 7: Biohazard (status=exact, score=100)
[2026-09-04T08:57:38.398+0000] {matching.py:235} INFO - [50130] Mafia II (Classic) -> Mafia II (status=high_confidence, score=67)
[2026-09-04T08:57:38.399+0000] {matching.py:235} INFO - [1454400] Cookie Clicker -> Cookie Clicker (status=exact, score=100)
[2026-09-04T08:57:38.399+0000] {matching.py:235} INFO - [379430] Kingdom Come: Deliverance -> Kingdom Come: Deliverance (status=exact, score=100)
[2026-09-04T08:57:38.400+0000] {matching.py:235} INFO - [274170] Hotline Miami 2: Wrong Number -> Hotline Miami 2: Wrong Number (status=exact, score=100)
[2026-09-04T08:57:38.400+0000] {matching.py:235} INFO - [232770] POSTAL -> POSTAL (status=exact, score=100)
[2026-09-04T08:57:38.400+0000] {matching.py:235} INFO - [1363080] Manor Lords -> Manor Lords (status=exact, score=100)
[2026-09-04T08:57:38.401+0000] {matching.py:235} INFO - [585690] Minimalism -> Minimalism (status=exact, score=100)
[2026-09-04T08:57:38.401+0000] {matching.py:235} INFO - [289650] Assassin's Creed Unity -> Assassin's Creed Unity (status=exact, score=100)
[2026-09-04T08:57:38.401+0000] {matching.py:235} INFO - [17410] Mirror's Edge -> Mirror's Edge (status=exact, score=100)
[2026-09-04T08:57:38.402+0000] {matching.py:235} INFO - [4560] Company of Heroes - Legacy Edition -> Company of Heroes: Eastern Front (status=review, score=70)
[2026-09-04T08:57:38.402+0000] {matching.py:235} INFO - [2479810] Gray Zone Warfare -> Gray Zone Warfare (status=exact, score=100)
[2026-09-04T08:57:38.403+0000] {matching.py:235} INFO - [233130] Shadow Warrior -> Shadow Warrior (status=exact, score=100)
[2026-09-04T08:57:38.403+0000] {matching.py:235} INFO - [1056960] Wolfenstein: Youngblood -> Wolfenstein: Youngblood (status=exact, score=100)
[2026-09-04T08:57:38.404+0000] {matching.py:235} INFO - [976310] Mortal Kombat 11 -> Mortal Kombat 11 (status=exact, score=100)
[2026-09-04T08:57:38.404+0000] {matching.py:235} INFO - [202990] Call of Duty: Black Ops II -> Call of Duty: Black Ops II (status=exact, score=100)
[2026-09-04T08:57:38.404+0000] {matching.py:235} INFO - [355180] Codename CURE -> Codename CURE (status=exact, score=100)
[2026-09-04T08:57:38.405+0000] {matching.py:235} INFO - [678950] DRAGON BALL FighterZ -> DRAGON BALL FighterZ (status=exact, score=100)
[2026-09-04T08:57:38.405+0000] {matching.py:235} INFO - [1151340] Fallout 76 -> Fallout 76 (status=exact, score=100)
[2026-09-04T08:57:38.405+0000] {matching.py:235} INFO - [299360] Block N Load -> Block N Load (status=exact, score=100)
[2026-09-04T08:57:38.406+0000] {matching.py:235} INFO - [213670] South Park: The Stick of Truth -> South Park: The Stick of Truth (status=exact, score=100)
[2026-09-04T08:57:38.406+0000] {matching.py:235} INFO - [262410] World of Guns: Gun Disassembly -> World of Guns: Gun Disassembly (status=exact, score=100)
[2026-09-04T08:57:38.407+0000] {matching.py:235} INFO - [224600] Defiance -> Defiance (status=exact, score=100)
[2026-09-04T08:57:38.407+0000] {matching.py:235} INFO - [368230] Kingdom: Classic -> Kingdom: Classic (status=exact, score=100)
[2026-09-04T08:57:38.407+0000] {matching.py:235} INFO - [3097560] Liar's Bar -> Liar's Bar (status=exact, score=100)
[2026-09-04T08:57:38.408+0000] {matching.py:235} INFO - [335300] DARK SOULS II: Scholar of the First Sin -> Dark Souls II: Scholar of the First Sin (status=exact, score=100)
[2026-09-04T08:57:38.408+0000] {matching.py:235} INFO - [233860] Kenshi -> Kenshi (status=exact, score=100)
[2026-09-04T08:57:38.408+0000] {matching.py:235} INFO - [240720] Getting Over It with Bennett Foddy -> Getting Over It with Bennett Foddy (status=exact, score=100)
[2026-09-04T08:57:38.409+0000] {matching.py:235} INFO - [391720] Layers of Fear (2016) -> Layers of Fear (2023) (status=high_confidence, score=89)
[2026-09-04T08:57:38.409+0000] {matching.py:235} INFO - [838350] The Scroll of Taiwu : Beyond The Dome -> The Behind -- The Beyond (status=unmatched, score=54)
[2026-09-04T08:57:38.410+0000] {matching.py:235} INFO - [238320] Outlast -> Outlast (status=exact, score=100)
[2026-09-04T08:57:38.410+0000] {matching.py:235} INFO - [282070] This War of Mine -> This War of Mine (status=exact, score=100)
[2026-09-04T08:57:38.410+0000] {matching.py:235} INFO - [412020] Metro Exodus -> Metro Exodus (status=exact, score=100)
[2026-09-04T08:57:38.411+0000] {matching.py:235} INFO - [1158310] Crusader Kings III -> Crusader Kings III (status=exact, score=100)
[2026-09-04T08:57:38.411+0000] {matching.py:235} INFO - [2567870] Chained Together -> Chained Together (status=exact, score=100)
[2026-09-04T08:57:38.412+0000] {matching.py:235} INFO - [265930] Goat Simulator -> Goat Simulator (status=exact, score=100)
[2026-09-04T08:57:38.412+0000] {matching.py:235} INFO - [214490] Alien: Isolation -> Alien: Isolation (status=exact, score=100)
[2026-09-04T08:57:38.412+0000] {matching.py:235} INFO - [362890] Black Mesa -> Black Mesa (status=exact, score=100)
[2026-09-04T08:57:38.413+0000] {matching.py:235} INFO - [438740] Friday the 13th: The Game -> Friday the 13th: The Game (status=exact, score=100)
[2026-09-04T08:57:38.413+0000] {matching.py:235} INFO - [617290] Remnant: From the Ashes -> Remnant: From the Ashes (status=exact, score=100)
[2026-09-04T08:57:38.413+0000] {matching.py:235} INFO - [588430] Fallout Shelter -> Fallout Shelter (status=exact, score=100)
[2026-09-04T08:57:38.414+0000] {matching.py:235} INFO - [1943950] Escape the Backrooms -> Escape the Backrooms (status=exact, score=100)
[2026-09-04T08:57:38.414+0000] {matching.py:235} INFO - [203140] Hitman: Absolution -> Hitman: Absolution (status=exact, score=100)
[2026-09-04T08:57:38.414+0000] {matching.py:235} INFO - [12100] Grand Theft Auto III -> Grand Theft Auto III (status=exact, score=100)
[2026-09-04T08:57:38.415+0000] {matching.py:235} INFO - [905370] Conqueror's Blade -> Conqueror's Blade (status=exact, score=100)
[2026-09-04T08:57:38.415+0000] {matching.py:235} INFO - [1056640] Phantasy Star Online 2 -> Phantasy Star Online 2 (status=exact, score=100)
[2026-09-04T08:57:38.416+0000] {matching.py:235} INFO - [1942280] Brotato -> Brotato (status=exact, score=100)
[2026-09-04T08:57:38.416+0000] {matching.py:235} INFO - [238460] BattleBlock Theater -> BattleBlock Theater (status=exact, score=100)
[2026-09-04T08:57:38.416+0000] {matching.py:235} INFO - [38400] Fallout: A Post Nuclear Role Playing Game -> Colony Ship: A Post-Earth Role Playing Game (status=unmatched, score=67)
[2026-09-04T08:57:38.417+0000] {matching.py:235} INFO - [881020] Granblue Fantasy: Relink -> Granblue Fantasy: Relink (status=exact, score=100)
[2026-09-04T08:57:38.417+0000] {matching.py:235} INFO - [65800] Dungeon Defenders -> Dungeon Defenders (status=exact, score=100)
[2026-09-04T08:57:38.418+0000] {matching.py:235} INFO - [204880] Sins of a Solar Empire: Rebellion -> Sins of a Solar Empire: Rebellion (status=exact, score=100)
[2026-09-04T08:57:38.418+0000] {matching.py:235} INFO - [235460] METAL GEAR RISING: REVENGEANCE -> Metal Gear Rising: Revengeance (status=exact, score=100)
[2026-09-04T08:57:38.418+0000] {matching.py:235} INFO - [581320] Insurgency: Sandstorm -> Insurgency: Sandstorm (status=exact, score=100)
[2026-09-04T08:57:38.419+0000] {matching.py:235} INFO - [34330] Total War: SHOGUN 2 -> Total War: SHOGUN 2 (status=exact, score=100)
[2026-09-04T08:57:38.419+0000] {matching.py:235} INFO - [387290] Ori and the Blind Forest: Definitive Edition -> Ori and the Blind Forest: Definitive Edition (status=exact, score=100)
[2026-09-04T08:57:38.419+0000] {matching.py:235} INFO - [728880] Overcooked! 2 -> Overcooked! 2 (status=exact, score=100)
[2026-09-04T08:57:38.420+0000] {matching.py:235} INFO - [391220] Rise of the Tomb Raider -> Rise of the Tomb Raider (status=exact, score=100)
[2026-09-04T08:57:38.420+0000] {matching.py:235} INFO - [8870] BioShock Infinite -> BioShock Infinite (status=exact, score=100)
[2026-09-04T08:57:38.420+0000] {matching.py:235} INFO - [372000] Tree of Savior (English Ver.) -> Tree of Savior (English Ver.) (status=exact, score=100)
[2026-09-04T08:57:38.421+0000] {matching.py:235} INFO - [239030] Papers, Please -> Papers, Please (status=exact, score=100)
[2026-09-04T08:57:38.421+0000] {matching.py:235} INFO - [629760] MORDHAU -> MORDHAU (status=exact, score=100)
[2026-09-04T08:57:38.422+0000] {matching.py:235} INFO - [646910] The Crew 2 -> The Crew 2 (status=exact, score=100)
[2026-09-04T08:57:38.422+0000] {matching.py:235} INFO - [367500] Dragon's Dogma: Dark Arisen -> Dragon's Dogma: Dark Arisen (status=exact, score=100)
[2026-09-04T08:57:38.422+0000] {matching.py:235} INFO - [13520] Far Cry -> Far Cry (status=exact, score=100)
[2026-09-04T08:57:38.423+0000] {matching.py:235} INFO - [967050] Pacify -> Pacify (status=exact, score=100)
[2026-09-04T08:57:38.423+0000] {matching.py:235} INFO - [2399830] ARK: Survival Ascended -> ARK: Survival Ascended (status=exact, score=100)
[2026-09-04T08:57:38.423+0000] {matching.py:235} INFO - [648350] Jurassic World Evolution -> Jurassic World Evolution (status=exact, score=100)
[2026-09-04T08:57:38.424+0000] {matching.py:235} INFO - [471710] Rec Room -> Rec Room (status=exact, score=100)
[2026-09-04T08:57:38.424+0000] {matching.py:235} INFO - [1372880] The Day Before -> The Day Before (status=exact, score=100)
[2026-09-04T08:57:38.425+0000] {matching.py:235} INFO - [524220] NieR:Automata -> NieR:Automata (status=exact, score=100)
[2026-09-04T08:57:38.425+0000] {matching.py:235} INFO - [305620] The Long Dark -> The Long Dark (status=exact, score=100)
[2026-09-04T08:57:38.426+0000] {matching.py:235} INFO - [475150] Titan Quest Anniversary Edition -> Titan Quest Anniversary Edition (status=exact, score=100)
[2026-09-04T08:57:38.426+0000] {matching.py:235} INFO - [47870] Need For Speed: Hot Pursuit -> Need For Speed: Hot Pursuit (status=exact, score=100)
[2026-09-04T08:57:38.426+0000] {matching.py:235} INFO - [629520] Soundpad -> Soundfall (status=review, score=71)
[2026-09-04T08:57:38.427+0000] {matching.py:235} INFO - [282440] Quake Live -> Quake Live (status=exact, score=100)
[2026-09-04T08:57:38.427+0000] {matching.py:235} INFO - [436150] Governor of Poker 3 -> Governor of Poker 3 (status=exact, score=100)
[2026-09-04T08:57:38.428+0000] {matching.py:235} INFO - [1304930] The Outlast Trials -> The Outlast Trials (status=exact, score=100)
[2026-09-04T08:57:38.428+0000] {matching.py:235} INFO - [550900] Metin2 -> Metin2 (status=exact, score=100)
[2026-09-04T08:57:38.428+0000] {matching.py:235} INFO - [33230] Assassin's Creed 2 -> Assassin's Creed (status=high_confidence, score=94)
[2026-09-04T08:57:38.429+0000] {matching.py:235} INFO - [427730] Who's Your Daddy?! -> Who's Your Daddy (status=exact, score=100)
[2026-09-04T08:57:38.429+0000] {matching.py:235} INFO - [221040] Resident Evil 6 -> Resident Evil 6 (status=exact, score=100)
[2026-09-04T08:57:38.429+0000] {matching.py:235} INFO - [1274570] DEVOUR -> Devour (status=exact, score=100)
[2026-09-04T08:57:38.430+0000] {matching.py:235} INFO - [1222700] A Way Out -> A Way Out (status=exact, score=100)
[2026-09-04T08:57:38.430+0000] {matching.py:235} INFO - [1468810] 鬼谷八荒 Tale of Immortal -> Blight of the Immortals (status=review, score=72)
[2026-09-04T08:57:38.430+0000] {matching.py:235} INFO - [287390] Metro: Last Light Redux -> Metro: Last Light Redux (status=exact, score=100)
[2026-09-04T08:57:38.431+0000] {matching.py:235} INFO - [570940] DARK SOULS: REMASTERED -> Dark Souls: Remastered (status=exact, score=100)
[2026-09-04T08:57:38.431+0000] {matching.py:235} INFO - [1272080] PAYDAY 3 -> Payday 3 (status=exact, score=100)
[2026-09-04T08:57:38.432+0000] {matching.py:235} INFO - [316010] Magic Duels -> Magic Duels (status=exact, score=100)
[2026-09-04T08:57:38.432+0000] {matching.py:235} INFO - [105450] Age of Empires III (2007) -> Age of Empires II: Age of Kings (status=review, score=72)
[2026-09-04T08:57:38.432+0000] {matching.py:235} INFO - [1167630] Teardown -> Teardown (status=exact, score=100)
[2026-09-04T08:57:38.433+0000] {matching.py:235} INFO - [11020] TrackMania Nations Forever -> TrackMania Nations Forever (status=exact, score=100)
[2026-09-04T08:57:38.433+0000] {matching.py:235} INFO - [12200] Bully: Scholarship Edition -> Bully: Scholarship Edition (status=exact, score=100)
[2026-09-04T08:57:38.433+0000] {matching.py:235} INFO - [881100] Noita -> Noita (status=exact, score=100)
[2026-09-04T08:57:38.434+0000] {matching.py:235} INFO - [1313140] Cult of the Lamb -> Cult of the Lamb (status=exact, score=100)
[2026-09-04T08:57:38.434+0000] {matching.py:235} INFO - [261570] Ori and the Blind Forest -> Ori and the Blind Forest (status=exact, score=100)
[2026-09-04T08:57:38.435+0000] {matching.py:235} INFO - [1361210] Warhammer 40,000: Darktide -> Warhammer 40,000: Darktide (status=exact, score=100)
[2026-09-04T08:57:38.435+0000] {matching.py:235} INFO - [221910] The Stanley Parable -> The Stanley Parable (status=exact, score=100)
[2026-09-04T08:57:38.435+0000] {matching.py:235} INFO - [238090] Sniper Elite 3 -> Sniper Elite 3 (status=exact, score=100)
[2026-09-04T08:57:38.436+0000] {matching.py:235} INFO - [242720] GunZ 2: The Second Duel -> GunZ 2: The Second Duel (status=exact, score=100)
[2026-09-04T08:57:38.436+0000] {matching.py:235} INFO - [1250410] Microsoft Flight Simulator (2020) 40th Anniversary Edition -> Microsoft Flight Simulator 2020 (status=high_confidence, score=71)
[2026-09-04T08:57:38.436+0000] {matching.py:235} INFO - [644930] They Are Billions -> They Are Billions (status=exact, score=100)
[2026-09-04T08:57:38.437+0000] {matching.py:235} INFO - [641990] The Escapists 2 -> The Escapists 2 (status=exact, score=100)
[2026-09-04T08:57:38.437+0000] {matching.py:235} INFO - [1254120] Bless Unleashed -> Bless Unleashed (status=exact, score=100)
[2026-09-04T08:57:38.438+0000] {matching.py:235} INFO - [222880] Insurgency -> Insurgency (status=exact, score=100)
[2026-09-04T08:57:38.438+0000] {matching.py:235} INFO - [201790] Orcs Must Die! 2 -> Orcs Must Die! 2 (status=exact, score=100)
[2026-09-04T08:57:38.438+0000] {matching.py:235} INFO - [1569040] Football Manager 2022 -> Football Manager 2022 (status=exact, score=100)
[2026-09-04T08:57:38.439+0000] {matching.py:235} INFO - [203290] America's Army: Proving Grounds -> America's Army: Proving Grounds (status=exact, score=100)
[2026-09-04T08:57:38.439+0000] {matching.py:235} INFO - [2670630] Supermarket Simulator -> Supermarket Simulator (status=exact, score=100)
[2026-09-04T08:57:38.439+0000] {matching.py:235} INFO - [286570] F1 2015 -> F1 2015 (status=exact, score=100)
[2026-09-04T08:57:38.440+0000] {matching.py:235} INFO - [787860] Farming Simulator 19 -> Farming Simulator 19 (status=exact, score=100)
[2026-09-04T08:57:38.440+0000] {matching.py:235} INFO - [466560] Northgard: Definitive Edition -> ReCore: Definitive Edition (status=review, score=79)
[2026-09-04T08:57:38.441+0000] {matching.py:235} INFO - [207140] SpeedRunners -> SpeedRunners (status=exact, score=100)
[2026-09-04T08:57:38.441+0000] {matching.py:235} INFO - [1092790] Inscryption -> Inscryption (status=exact, score=100)
[2026-09-04T08:57:38.441+0000] {matching.py:235} INFO - [431240] Golf With Your Friends -> Golf With Your Friends (status=exact, score=100)
[2026-09-04T08:57:38.442+0000] {matching.py:235} INFO - [248570] Toribash -> Toribash (status=exact, score=100)
[2026-09-04T08:57:38.442+0000] {matching.py:235} INFO - [107100] Bastion -> Bastion (status=exact, score=100)
[2026-09-04T08:57:38.442+0000] {matching.py:235} INFO - [209000] Batman: Arkham Origins -> Batman: Arkham Origins (status=exact, score=100)
[2026-09-04T08:57:38.443+0000] {matching.py:235} INFO - [24960] Battlefield: Bad Company 2 -> Battlefield: Bad Company 2 (status=exact, score=100)
[2026-09-04T08:57:38.443+0000] {matching.py:235} INFO - [848450] Subnautica: Below Zero -> Subnautica: Below Zero (status=exact, score=100)
[2026-09-04T08:57:38.444+0000] {matching.py:235} INFO - [286940] S.K.I.L.L. - Special Force 2 (Shooter) -> S.K.I.L.L. - Special Force 2 (Shooter) (status=exact, score=100)
[2026-09-04T08:57:38.444+0000] {matching.py:235} INFO - [740130] Tales of ARISE -> Tales of Arise (status=exact, score=100)
[2026-09-04T08:57:38.444+0000] {matching.py:235} INFO - [17390] SPORE -> SPORE (status=exact, score=100)
[2026-09-04T08:57:38.445+0000] {matching.py:235} INFO - [530700] Argo -> Argo (status=exact, score=100)
[2026-09-04T08:57:38.445+0000] {matching.py:235} INFO - [2622380] ELDEN RING NIGHTREIGN -> Elden Ring Nightreign (status=exact, score=100)
[2026-09-04T08:57:38.445+0000] {matching.py:235} INFO - [220240] Far Cry 3 -> Far Cry 3 (status=exact, score=100)
[2026-09-04T08:57:38.446+0000] {matching.py:235} INFO - [1217060] Gunfire Reborn -> Gunfire Reborn (status=exact, score=100)
[2026-09-04T08:57:38.446+0000] {matching.py:235} INFO - [1248130] Farming Simulator 22 -> Farming Simulator 22 (status=exact, score=100)
[2026-09-04T08:57:38.446+0000] {matching.py:235} INFO - [437900] Party Jousting -> Party Jousting (status=exact, score=100)
[2026-09-04T08:57:38.447+0000] {matching.py:235} INFO - [635260] CarX Drift Racing Online -> CarX Drift Racing Online (status=exact, score=100)
[2026-09-04T08:57:38.447+0000] {matching.py:235} INFO - [259080] Just Cause 2: Multiplayer Mod -> Just Cause 2: Multiplayer Mod (status=exact, score=100)
[2026-09-04T08:57:38.448+0000] {matching.py:235} INFO - [414340] Hellblade: Senua's Sacrifice -> Hellblade: Senua's Sacrifice (status=exact, score=100)
[2026-09-04T08:57:38.448+0000] {matching.py:235} INFO - [42700] Call of Duty: Black Ops -> Call of Duty: Black Ops (status=exact, score=100)
[2026-09-04T08:57:38.448+0000] {matching.py:235} INFO - [108710] Alan Wake -> Alan Wake (status=exact, score=100)
[2026-09-04T08:57:38.449+0000] {matching.py:235} INFO - [55100] Homefront -> Homefront (status=exact, score=100)
[2026-09-04T08:57:38.449+0000] {matching.py:235} INFO - [1520470] 封灵档案 -> 封灵档案 (status=exact, score=100)
[2026-09-04T08:57:38.449+0000] {matching.py:235} INFO - [644560] Mirror -> Mirror (status=exact, score=100)
[2026-09-04T08:57:38.450+0000] {matching.py:235} INFO - [1263850] Football Manager 2021 -> Football Manager 2021 (status=exact, score=100)
[2026-09-04T08:57:38.450+0000] {matching.py:235} INFO - [407530] ARK: Survival Of The Fittest -> ARK: Survival Of The Fittest (status=exact, score=100)
[2026-09-04T08:57:38.451+0000] {matching.py:235} INFO - [774171] Muse Dash -> Muse Dash (status=exact, score=100)
[2026-09-04T08:57:38.451+0000] {matching.py:235} INFO - [279720] The I of the Dragon -> The I of the Dragon (status=exact, score=100)
[2026-09-04T08:57:38.451+0000] {matching.py:235} INFO - [201810] Wolfenstein: The New Order -> Wolfenstein: The New Order (status=exact, score=100)
[2026-09-04T08:57:38.452+0000] {matching.py:235} INFO - [319510] Five Nights at Freddy's -> Five Nights at Freddy's (status=exact, score=100)
[2026-09-04T08:57:38.452+0000] {matching.py:235} INFO - [1888160] ARMORED CORE VI FIRES OF RUBICON -> Armored Core VI: Fires of Rubicon (status=exact, score=100)
[2026-09-04T08:57:38.452+0000] {matching.py:235} INFO - [674020] World War 3 -> World War 3 (status=exact, score=100)
[2026-09-04T08:57:38.453+0000] {matching.py:235} INFO - [310950] Street Fighter V -> Street Fighter V (status=exact, score=100)
[2026-09-04T08:57:38.453+0000] {matching.py:235} INFO - [952060] Resident Evil 3 -> Resident Evil 3 (status=exact, score=100)
[2026-09-04T08:57:38.453+0000] {matching.py:235} INFO - [949230] Cities: Skylines II -> Cities: Skylines II (status=exact, score=100)
[2026-09-04T08:57:38.454+0000] {matching.py:235} INFO - [1466860] Age of Empires IV: Anniversary Edition -> Age of Empires II: Definitive Edition (status=review, score=79)
[2026-09-04T08:57:38.454+0000] {matching.py:235} INFO - [1904540] Football Manager 2023 -> Football Manager 2023 (status=exact, score=100)
[2026-09-04T08:57:38.455+0000] {matching.py:235} INFO - [388410] Darksiders II Deathinitive Edition -> Darksiders II Deathinitive Edition (status=exact, score=100)
[2026-09-04T08:57:38.455+0000] {matching.py:235} INFO - [544810] KARDS - The WWII Card Game -> KARDS - The WW2 Card Game (status=high_confidence, score=94)
[2026-09-04T08:57:38.455+0000] {matching.py:235} INFO - [611500] Quake Champions -> Quake Champions (status=exact, score=100)
[2026-09-04T08:57:38.456+0000] {matching.py:235} INFO - [50] Half-Life: Opposing Force -> Half-Life: Opposing Force (status=exact, score=100)
[2026-09-04T08:57:38.456+0000] {matching.py:235} INFO - [1408720] Krunker -> Krunker (status=exact, score=100)
[2026-09-04T08:57:38.457+0000] {matching.py:235} INFO - [310560] DiRT Rally -> DiRT Rally (status=exact, score=100)
[2026-09-04T08:57:38.457+0000] {matching.py:235} INFO - [1845910] Dragon Age: The Veilguard -> Dragon Age: The Veilguard (status=exact, score=100)
[2026-09-04T08:57:38.457+0000] {matching.py:235} INFO - [254700] Resident Evil 4 (2005) -> Resident Evil 4 (2005) (status=exact, score=100)
[2026-09-04T08:57:38.458+0000] {matching.py:235} INFO - [1029690] Sniper Elite 5 -> Sniper Elite 5 (status=exact, score=100)
[2026-09-04T08:57:38.458+0000] {matching.py:235} INFO - [12220] Grand Theft Auto: Episodes from Liberty City -> Grand Theft Auto: Episodes from Liberty City (status=exact, score=100)
[2026-09-04T08:57:38.458+0000] {matching.py:235} INFO - [815370] Green Hell -> Green Hell (status=exact, score=100)
[2026-09-04T08:57:38.459+0000] {matching.py:235} INFO - [308040] Back to Bed -> Back to Bed (status=exact, score=100)
[2026-09-04T08:57:38.459+0000] {matching.py:235} INFO - [470220] UNO -> UNO (status=exact, score=100)
[2026-09-04T08:57:38.459+0000] {matching.py:235} INFO - [302830] BLOCKADE 3D -> BLOCKADE 3D (status=exact, score=100)
[2026-09-04T08:57:38.460+0000] {matching.py:235} INFO - [242920] Banished -> Banished (status=exact, score=100)
[2026-09-04T08:57:38.460+0000] {matching.py:235} INFO - [236110] Dungeon Defenders II -> Dungeon Defenders II (status=exact, score=100)
[2026-09-04T08:57:38.461+0000] {matching.py:235} INFO - [383870] Firewatch -> Firewatch (status=exact, score=100)
[2026-09-04T08:57:38.461+0000] {matching.py:235} INFO - [1237950] STAR WARS Battlefront II -> STAR WARS Battlefront II (status=exact, score=100)
[2026-09-04T08:57:38.461+0000] {matching.py:235} INFO - [1399780] Spellbreak -> Spellbreak (status=exact, score=100)
[2026-09-04T08:57:38.462+0000] {matching.py:235} INFO - [312660] Sniper Elite 4 -> Sniper Elite 4 (status=exact, score=100)
[2026-09-04T08:57:38.462+0000] {matching.py:235} INFO - [502500] ACE COMBAT 7: SKIES UNKNOWN -> ACE COMBAT 7: SKIES UNKNOWN (status=exact, score=100)
[2026-09-04T08:57:38.463+0000] {matching.py:235} INFO - [632470] Disco Elysium - The Final Cut -> Disco Elysium: Final Cut (status=high_confidence, score=92)
[2026-09-04T08:57:38.463+0000] {matching.py:235} INFO - [200260] Batman: Arkham City - Game of the Year Edition -> Batman: Arkham City - Game of the Year Edition (status=exact, score=100)
[2026-09-04T08:57:38.463+0000] {matching.py:235} INFO - [393380] Squad -> Squad (status=exact, score=100)
[2026-09-04T08:57:38.464+0000] {matching.py:235} INFO - [40800] Super Meat Boy -> Super Meat Boy (status=exact, score=100)
[2026-09-04T08:57:38.464+0000] {matching.py:235} INFO - [303390] Dead Bits -> Dead Bits (status=exact, score=100)
[2026-09-04T08:57:38.464+0000] {matching.py:235} INFO - [280] Half-Life: Source -> Half-Life: Source (status=exact, score=100)
[2026-09-04T08:57:38.465+0000] {matching.py:235} INFO - [783770] Ironsight -> Ironsight (status=exact, score=100)
[2026-09-04T08:57:38.465+0000] {matching.py:235} INFO - [212070] Star Conflict -> Star Conflict (status=exact, score=100)
[2026-09-04T08:57:38.465+0000] {matching.py:235} INFO - [110800] L.A. Noire -> L.A. Noire (status=exact, score=100)
[2026-09-04T08:57:38.466+0000] {matching.py:235} INFO - [41070] Serious Sam 3: BFE -> Serious Sam 3: BFE (status=exact, score=100)
[2026-09-04T08:57:38.466+0000] {matching.py:235} INFO - [50300] Spec Ops: The Line -> Spec Ops: The Line (status=exact, score=100)
[2026-09-04T08:57:38.467+0000] {matching.py:235} INFO - [1284210] Guild Wars 2 -> Guild Wars 2 (status=exact, score=100)
[2026-09-04T08:57:38.467+0000] {matching.py:235} INFO - [485510] Nioh: Complete Edition -> Nioh: Complete Edition (status=exact, score=100)
[2026-09-04T08:57:38.467+0000] {matching.py:235} INFO - [35700] Trine Enchanted Edition -> Trine Enchanted Edition (status=exact, score=100)
[2026-09-04T08:57:38.468+0000] {matching.py:235} INFO - [210770] Sanctum 2 -> Sanctum 2 (status=exact, score=100)
[2026-09-04T08:57:38.468+0000] {matching.py:235} INFO - [282140] SOMA -> SOMA (status=exact, score=100)
[2026-09-04T08:57:38.468+0000] {matching.py:235} INFO - [495420] State of Decay 2: Juggernaut Edition -> State of Decay 2: Juggernaut Edition (status=exact, score=100)
[2026-09-04T08:57:38.469+0000] {matching.py:235} INFO - [323580] Jotun: Valhalla Edition -> Jotun: Valhalla Edition (status=exact, score=100)
[2026-09-04T08:57:38.469+0000] {matching.py:235} INFO - [225260] Brutal Legend -> Brutal Legend (status=exact, score=100)
[2026-09-04T08:57:38.469+0000] {matching.py:235} INFO - [2835570] Buckshot Roulette -> Buckshot Roulette (status=exact, score=100)
[2026-09-04T08:57:38.470+0000] {matching.py:235} INFO - [464920] Surviving Mars -> Surviving Mars (status=exact, score=100)
[2026-09-04T08:57:38.470+0000] {matching.py:235} INFO - [9900] Star Trek Online -> Star Trek Online (status=exact, score=100)
[2026-09-04T08:57:38.471+0000] {matching.py:235} INFO - [7940] Call of Duty 4: Modern Warfare (2007) -> Call of Duty 4: Modern Warfare (status=high_confidence, score=92)
[2026-09-04T08:57:38.471+0000] {matching.py:235} INFO - [493340] Planet Coaster -> Planet Coaster (status=exact, score=100)
[2026-09-04T08:57:38.471+0000] {matching.py:235} INFO - [343710] Kholat -> Kholat (status=exact, score=100)
[2026-09-04T08:57:38.472+0000] {matching.py:235} INFO - [504230] Celeste -> Celeste (status=exact, score=100)
[2026-09-04T08:57:38.472+0000] {matching.py:235} INFO - [265590] The Red Solstice -> The Red Solstice (status=exact, score=100)
[2026-09-04T08:57:38.473+0000] {matching.py:235} INFO - [394510] HELLDIVERS Dive Harder Edition -> Teleglitch: Die More Edition (status=unmatched, score=67)
[2026-09-04T08:57:38.473+0000] {matching.py:235} INFO - [1128810] RISK: Global Domination -> RISK: Global Domination (status=exact, score=100)
[2026-09-04T08:57:38.473+0000] {matching.py:235} INFO - [325610] Total War: ATTILA -> Total War: ATTILA (status=exact, score=100)
[2026-09-04T08:57:38.474+0000] {matching.py:235} INFO - [1643320] S.T.A.L.K.E.R. 2: Heart of Chornobyl -> S.T.A.L.K.E.R. 2: Heart of Chornobyl (status=exact, score=100)
[2026-09-04T08:57:38.474+0000] {matching.py:235} INFO - [204450] Call of Juarez: Gunslinger -> Call of Juarez: Gunslinger (status=exact, score=100)
[2026-09-04T08:57:38.474+0000] {matching.py:235} INFO - [63380] Sniper Elite V2 -> Sniper Elite V2 (status=exact, score=100)
[2026-09-04T08:57:38.475+0000] {matching.py:235} INFO - [268420] Aura Kingdom -> Aura Kingdom (status=exact, score=100)
[2026-09-04T08:57:38.475+0000] {matching.py:235} INFO - [482730] Football Manager 2017 -> Football Manager 2017 (status=exact, score=100)
[2026-09-04T08:57:38.475+0000] {matching.py:235} INFO - [360970] Heaven Forest NIGHTS -> Heaven Forest NIGHTS (status=exact, score=100)
[2026-09-04T08:57:38.476+0000] {matching.py:235} INFO - [22370] Fallout 3: Game of the Year Edition -> Fallout 3: Game of the Year Edition (status=exact, score=100)
[2026-09-04T08:57:38.476+0000] {matching.py:235} INFO - [349040] NARUTO SHIPPUDEN: Ultimate Ninja STORM 4 -> NARUTO SHIPPUDEN: Ultimate Ninja STORM 4 (status=exact, score=100)
[2026-09-04T08:57:38.477+0000] {matching.py:235} INFO - [823130] Totally Accurate Battlegrounds -> Totally Accurate Battlegrounds (status=exact, score=100)
[2026-09-04T08:57:38.477+0000] {matching.py:235} INFO - [204100] Max Payne 3 -> Max Payne 3 (status=exact, score=100)
[2026-09-04T08:57:38.477+0000] {matching.py:235} INFO - [1184370] Pathfinder: Wrath of the Righteous - Enhanced Edition -> Pathfinder: Wrath of the Righteous (status=high_confidence, score=80)
[2026-09-04T08:57:38.478+0000] {matching.py:235} INFO - [640820] Pathfinder: Kingmaker — Enhanced Plus Edition -> Interplanetary: Enhanced Edition (status=review, score=71)
[2026-09-04T08:57:38.478+0000] {matching.py:235} INFO - [47890] The Sims 3 -> The Sims 3 (status=exact, score=100)
[2026-09-04T08:57:38.479+0000] {matching.py:235} INFO - [637650] FINAL FANTASY XV WINDOWS EDITION -> FINAL FANTASY XV WINDOWS EDITION (status=exact, score=100)
[2026-09-04T08:57:38.479+0000] {matching.py:235} INFO - [703080] Planet Zoo -> Planet Zoo (status=exact, score=100)
[2026-09-04T08:57:38.479+0000] {matching.py:235} INFO - [35140] Batman: Arkham Asylum Game of the Year Edition -> Batman: Arkham Asylum Game of the Year Edition (status=exact, score=100)
[2026-09-04T08:57:38.480+0000] {matching.py:235} INFO - [460950] Katana ZERO -> Katana ZERO (status=exact, score=100)
[2026-09-04T08:57:38.480+0000] {matching.py:235} INFO - [50620] Darksiders -> Darksiders (status=exact, score=100)
[2026-09-04T08:57:38.480+0000] {matching.py:235} INFO - [337000] Deus Ex: Mankind Divided -> Deus Ex: Mankind Divided (status=exact, score=100)
[2026-09-04T08:57:38.481+0000] {matching.py:235} INFO - [433340] Slime Rancher -> Slime Rancher (status=exact, score=100)
[2026-09-04T08:57:38.481+0000] {matching.py:235} INFO - [238010] Deus Ex: Human Revolution - Director's Cut -> Deus Ex: Human Revolution - Director's Cut (status=exact, score=100)
[2026-09-04T08:57:38.482+0000] {matching.py:235} INFO - [527230] For The King -> For The King (status=exact, score=100)
[2026-09-04T08:57:38.482+0000] {matching.py:235} INFO - [39120] RIFT -> RIFT (status=exact, score=100)
[2026-09-04T08:57:38.482+0000] {matching.py:235} INFO - [307690] Sleeping Dogs: Definitive Edition -> Sleeping Dogs: Definitive Edition (status=exact, score=100)
[2026-09-04T08:57:38.483+0000] {matching.py:235} INFO - [266840] Age of Mythology: Extended Edition -> Age of Mythology: Extended Edition (status=exact, score=100)
[2026-09-04T08:57:38.483+0000] {matching.py:235} INFO - [2054970] Dragon's Dogma 2 -> Dragon’s Dogma 2 (status=exact, score=100)
[2026-09-04T08:57:38.484+0000] {matching.py:235} INFO - [645630] Car Mechanic Simulator 2018 -> Car Mechanic Simulator 2018 (status=exact, score=100)
[2026-09-04T08:57:38.484+0000] {matching.py:235} INFO - [300] Day of Defeat: Source -> Day of Defeat: Source (status=exact, score=100)
[2026-09-04T08:57:38.484+0000] {matching.py:235} INFO - [1790600] DRAGON BALL: Sparking! ZERO -> DRAGON BALL: Sparking! ZERO (status=exact, score=100)
[2026-09-04T08:57:38.485+0000] {matching.py:235} INFO - [368260] Marvel's Midnight Suns -> Marvel's Midnight Suns (status=exact, score=100)
[2026-09-04T08:57:38.485+0000] {matching.py:235} INFO - [389570] Mitos.is: The Game -> Mitos.is: The Game (status=exact, score=100)
[2026-09-04T08:57:38.485+0000] {matching.py:235} INFO - [736590] Operation: Harsh Doorstop -> Operation: Harsh Doorstop (status=exact, score=100)
[2026-09-04T08:57:38.486+0000] {matching.py:235} INFO - [1637320] Dome Keeper -> Dome Keeper (status=exact, score=100)
[2026-09-04T08:57:38.486+0000] {matching.py:235} INFO - [409720] BioShock 2 Remastered -> BioShock 2 Remastered (status=exact, score=100)
[2026-09-04T08:57:38.487+0000] {matching.py:235} INFO - [975370] Dwarf Fortress -> Dwarf Fortress (status=exact, score=100)
[2026-09-04T08:57:38.487+0000] {matching.py:235} INFO - [15620] Warhammer 40,000: Dawn of War II - Anniversary Edition (Classic) -> Warhammer 40,000: Dawn of War III (status=review, score=70)
[2026-09-04T08:57:38.487+0000] {matching.py:235} INFO - [1371980] No Rest for the Wicked -> No Rest for the Wicked (status=exact, score=100)
[2026-09-04T08:57:38.488+0000] {matching.py:235} INFO - [993090] Lossless Scaling -> Lossless Scaling (status=exact, score=100)
[2026-09-04T08:57:38.488+0000] {matching.py:235} INFO - [476480] Heaven Forest - VR MMO -> Heaven Forest - VR MMO (status=exact, score=100)
[2026-09-04T08:57:38.489+0000] {matching.py:235} INFO - [65930] The Bureau: XCOM Declassified -> The Bureau: XCOM Declassified (status=exact, score=100)
[2026-09-04T08:57:38.489+0000] {matching.py:235} INFO - [3132990] Black Myth: Wukong Benchmark Tool -> Black Myth: Wukong (status=high_confidence, score=69)
[2026-09-04T08:57:38.489+0000] {matching.py:235} INFO - [1277400] Monster Hunter Stories 2: Wings of Ruin -> Monster Hunter Stories 2: Wings of Ruin (status=exact, score=100)
[2026-09-04T08:57:38.490+0000] {matching.py:235} INFO - [2215430] Ghost of Tsushima DIRECTOR'S CUT -> Ghost of Tsushima Director's Cut (status=exact, score=100)
[2026-09-04T08:57:38.490+0000] {matching.py:235} INFO - [602960] Barotrauma -> Barotrauma (status=exact, score=100)
[2026-09-04T08:57:38.490+0000] {matching.py:235} INFO - [606150] Moonlighter -> Moonlighter (status=exact, score=100)
[2026-09-04T08:57:38.491+0000] {matching.py:235} INFO - [342200] MechWarrior Online Solaris 7 -> MechWarrior Online (status=high_confidence, score=78)
[2026-09-04T08:57:38.491+0000] {matching.py:235} INFO - [1824220] Chivalry 2 -> Chivalry 2 (status=exact, score=100)
[2026-09-04T08:57:38.492+0000] {matching.py:235} INFO - [55150] Warhammer 40,000: Space Marine - Anniversary Edition -> Warhammer 40,000: Space Marine - Master Crafted Edition (status=review, score=79)
[2026-09-04T08:57:38.492+0000] {matching.py:235} INFO - [8980] Borderlands Game of the Year -> Borderlands Game Of The Year (status=exact, score=100)
[2026-09-04T08:57:38.492+0000] {matching.py:235} INFO - [900883] The Elder Scrolls IV: Oblivion Game of the Year Edition Deluxe (2009) -> The Elder Scrolls IV: Oblivion Game of the Year Edition (status=high_confidence, score=90)
[2026-09-04T08:57:38.493+0000] {matching.py:235} INFO - [312530] Duck Game -> Duck Game (status=exact, score=100)
[2026-09-04T08:57:38.493+0000] {matching.py:235} INFO - [1139900] Ghostrunner -> Ghostrunner (status=exact, score=100)
[2026-09-04T08:57:38.493+0000] {matching.py:235} INFO - [1343400] RuneScape  -> RuneScape (status=exact, score=100)
[2026-09-04T08:57:38.494+0000] {matching.py:235} INFO - [738060] Freddy Fazbear's Pizzeria Simulator -> Freddy Fazbear's Pizzeria Simulator (status=exact, score=100)
[2026-09-04T08:57:38.494+0000] {matching.py:235} INFO - [893520] Creative Destruction -> Creative Destruction (status=exact, score=100)
[2026-09-04T08:57:38.495+0000] {matching.py:235} INFO - [234650] Shadowrun Returns -> Shadowrun Returns (status=exact, score=100)
[2026-09-04T08:57:38.495+0000] {matching.py:235} INFO - [744900] Dead Frontier 2 -> Dead Frontier 2 (status=exact, score=100)
[2026-09-04T08:57:38.495+0000] {matching.py:235} INFO - [314160] Microsoft Flight Simulator X: Steam Edition -> Microsoft Flight Simulator X: Acceleration (status=review, score=82)
[2026-09-04T08:57:38.496+0000] {matching.py:235} INFO - [1364780] Street Fighter 6 -> Street Fighter 6 (status=exact, score=100)
[2026-09-04T08:57:38.496+0000] {matching.py:235} INFO - [9010] Return to Castle Wolfenstein -> Return to Castle Wolfenstein (status=exact, score=100)
[2026-09-04T08:57:38.496+0000] {matching.py:235} INFO - [554620] Life is Strange: Before the Storm -> Life is Strange: Before The Storm (status=exact, score=100)
[2026-09-04T08:57:38.497+0000] {matching.py:235} INFO - [368500] Assassin's Creed Syndicate -> Assassin's Creed Syndicate (status=exact, score=100)
[2026-09-04T08:57:38.497+0000] {matching.py:235} INFO - [17470] Dead Space (2008) -> Dead Space (2008) (status=exact, score=100)
[2026-09-04T08:57:38.498+0000] {matching.py:235} INFO - [204300] Awesomenauts -> Awesomenauts (status=exact, score=100)
[2026-09-04T08:57:38.498+0000] {matching.py:235} INFO - [630100] SoulWorker - Anime Action MMO -> SoulWorker - Anime Action MMO (status=exact, score=100)
[2026-09-04T08:57:38.498+0000] {matching.py:235} INFO - [750920] Shadow of the Tomb Raider: Definitive Edition -> Shadow of the Tomb Raider: Definitive Edition (status=exact, score=100)
[2026-09-04T08:57:38.499+0000] {matching.py:235} INFO - [436520] Line of Sight -> Line of Sight (status=exact, score=100)
[2026-09-04T08:57:38.499+0000] {matching.py:235} INFO - [1659040] HITMAN World of Assassination -> HITMAN: Sniper Assassin (status=unmatched, score=67)
[2026-09-04T08:57:38.500+0000] {matching.py:235} INFO - [788100] Neon Abyss -> Neon Abyss (status=exact, score=100)
[2026-09-04T08:57:38.500+0000] {matching.py:235} INFO - [858820] Tribes of Midgard -> Tribes of Midgard (status=exact, score=100)
[2026-09-04T08:57:38.500+0000] {matching.py:235} INFO - [680420] OUTRIDERS -> Outriders (status=exact, score=100)
[2026-09-04T08:57:38.501+0000] {matching.py:235} INFO - [678960] CODE VEIN -> Code Vein (status=exact, score=100)
[2026-09-04T08:57:38.501+0000] {matching.py:235} INFO - [1611910] Warhammer 40,000: Chaos Gate - Daemonhunters -> Warhammer 40,000: Chaos Gate - Daemonhunters (status=exact, score=100)
[2026-09-04T08:57:38.501+0000] {matching.py:235} INFO - [206440] To the Moon -> To the Moon (status=exact, score=100)
[2026-09-04T08:57:38.502+0000] {matching.py:235} INFO - [613010] Secret in Story -> Secret in Story (status=exact, score=100)
[2026-09-04T08:57:38.502+0000] {matching.py:235} INFO - [424280] Iron Snout -> Iron Snout (status=exact, score=100)
[2026-09-04T08:57:38.503+0000] {matching.py:235} INFO - [212160] Vindictus -> Vindictus (status=exact, score=100)
[2026-09-04T08:57:38.503+0000] {matching.py:235} INFO - [1030830] Mafia II: Definitive Edition -> Mafia II: Definitive Edition (status=exact, score=100)
[2026-09-04T08:57:38.503+0000] {matching.py:235} INFO - [365450] Hacknet -> Hacknet (status=exact, score=100)
[2026-09-04T08:57:38.504+0000] {matching.py:235} INFO - [302510] Ryse: Son of Rome -> Ryse: Son of Rome (status=exact, score=100)
[2026-09-04T08:57:38.504+0000] {matching.py:235} INFO - [22330] The Elder Scrolls IV: Oblivion Game of the Year Edition (2009) -> The Elder Scrolls IV: Oblivion Game of the Year Edition (status=high_confidence, score=96)
[2026-09-04T08:57:38.505+0000] {matching.py:235} INFO - [1687950] Persona 5 Royal -> Persona 5 Royal (status=exact, score=100)
[2026-09-04T08:57:38.505+0000] {matching.py:235} INFO - [238370] Magicka 2 -> Magicka 2 (status=exact, score=100)
[2026-09-04T08:57:38.505+0000] {matching.py:235} INFO - [113020] Monaco: What's Yours Is Mine -> Monaco: What's Yours Is Mine (status=exact, score=100)
[2026-09-04T08:57:38.506+0000] {matching.py:235} INFO - [3070070] TCG Card Shop Simulator -> TCG Card Shop Simulator (status=exact, score=100)
[2026-09-04T08:57:38.506+0000] {matching.py:235} INFO - [977950] A Dance of Fire and Ice -> A Dance of Fire and Ice (status=exact, score=100)
[2026-09-04T08:57:38.506+0000] {matching.py:235} INFO - [6860] Hitman: Blood Money -> Hitman: Blood Money (status=exact, score=100)
[2026-09-04T08:57:38.507+0000] {matching.py:235} INFO - [1057240] Crucible Beta -> Crucible Beta (status=exact, score=100)
[2026-09-04T08:57:38.507+0000] {matching.py:235} INFO - [268050] The Evil Within -> The Evil Within (status=exact, score=100)
[2026-09-04T08:57:38.508+0000] {matching.py:235} INFO - [511470] Glass Masquerade -> Glass Masquerade (status=exact, score=100)
[2026-09-04T08:57:38.508+0000] {matching.py:235} INFO - [389430] Knight Online -> Knight Online (status=exact, score=100)
[2026-09-04T08:57:38.508+0000] {matching.py:235} INFO - [289130] ENDLESS Legend -> Endless Legend (status=exact, score=100)
[2026-09-04T08:57:38.509+0000] {matching.py:235} INFO - [488790] South Park: The Fractured But Whole -> South Park: The Fractured But Whole (status=exact, score=100)
[2026-09-04T08:57:38.509+0000] {matching.py:235} INFO - [493520] GTFO -> GTFO (status=exact, score=100)
[2026-09-04T08:57:38.509+0000] {matching.py:235} INFO - [546560] Half-Life: Alyx -> Half-Life: Alyx (status=exact, score=100)
[2026-09-04T08:57:38.510+0000] {matching.py:235} INFO - [439190] Stories: The Path of Destinies -> Stories: The Path of Destinies (status=exact, score=100)
[2026-09-04T08:57:38.510+0000] {matching.py:235} INFO - [67370] The Darkness II -> The Darkness II (status=exact, score=100)
[2026-09-04T08:57:38.511+0000] {matching.py:235} INFO - [845070] The Awesome Adventures of Captain Spirit -> The Awesome Adventures of Captain Spirit (status=exact, score=100)
[2026-09-04T08:57:38.511+0000] {matching.py:235} INFO - [453480] Shadowverse CCG -> Shadowverse CCG (status=exact, score=100)
[2026-09-04T08:57:38.511+0000] {matching.py:235} INFO - [633230] NARUTO TO BORUTO: SHINOBI STRIKER -> NARUTO TO BORUTO: SHINOBI STRIKER (status=exact, score=100)
[2026-09-04T08:57:38.512+0000] {matching.py:235} INFO - [32370] STAR WARS Knights of the Old Republic -> Star Wars: Knights of the Old Republic (status=exact, score=100)
[2026-09-04T08:57:38.512+0000] {matching.py:235} INFO - [476600] Call of Duty: WWII -> Call of Duty: WWII (status=exact, score=100)
[2026-09-04T08:57:38.512+0000] {matching.py:235} INFO - [1404210] Red Dead Online -> Red Dead Online (status=exact, score=100)
[2026-09-04T08:57:38.513+0000] {matching.py:235} INFO - [1557740] ROUNDS -> ROUNDS (status=exact, score=100)
[2026-09-04T08:57:38.513+0000] {matching.py:235} INFO - [1619450] Heart of a Warrior -> Heart of a Warrior (status=exact, score=100)
[2026-09-04T08:57:38.514+0000] {matching.py:235} INFO - [683320] GRIS -> Gris (status=exact, score=100)
[2026-09-04T08:57:38.514+0000] {matching.py:235} INFO - [2551020] One-armed robber -> One-armed robber (status=exact, score=100)
[2026-09-04T08:57:38.514+0000] {matching.py:235} INFO - [1536610] OpenTTD -> OpenTTD (status=exact, score=100)
[2026-09-04T08:57:38.515+0000] {matching.py:235} INFO - [386940] Ultimate Chicken Horse -> Ultimate Chicken Horse (status=exact, score=100)
[2026-09-04T08:57:38.515+0000] {matching.py:235} INFO - [346010] Besiege -> Besiege (status=exact, score=100)
[2026-09-04T08:57:38.515+0000] {matching.py:235} INFO - [924970] Back 4 Blood -> Back 4 Blood (status=exact, score=100)
[2026-09-04T08:57:38.516+0000] {matching.py:235} INFO - [349700] Romero's Aftermath -> Romero's Aftermath (status=exact, score=100)
[2026-09-04T08:57:38.516+0000] {matching.py:235} INFO - [208140] ENDLESS Space - Definitive Edition -> ReCore: Definitive Edition (status=review, score=77)
[2026-09-04T08:57:38.516+0000] {matching.py:235} INFO - [206500] AirMech Strike -> AirMech Arena (status=review, score=74)
[2026-09-04T08:57:38.517+0000] {matching.py:235} INFO - [57690] Tropico 4 -> Tropico 4 (status=exact, score=100)
[2026-09-04T08:57:38.517+0000] {matching.py:235} INFO - [2322010] God of War Ragnarök -> God of War Ragnarök (status=exact, score=100)
[2026-09-04T08:57:38.518+0000] {matching.py:235} INFO - [274940] Depth -> Depth (status=exact, score=100)
[2026-09-04T08:57:38.518+0000] {matching.py:235} INFO - [412220] DDraceNetwork -> DDraceNetwork (status=exact, score=100)
[2026-09-04T08:57:38.518+0000] {matching.py:235} INFO - [1290000] PowerWash Simulator -> PowerWash Simulator (status=exact, score=100)
[2026-09-04T08:57:38.519+0000] {matching.py:235} INFO - [1286680] Tiny Tina's Wonderlands -> Tiny Tina's Wonderlands (status=exact, score=100)
[2026-09-04T08:57:38.519+0000] {matching.py:235} INFO - [39500] Gothic 3 -> Gothic 3 (status=exact, score=100)
[2026-09-04T08:57:38.519+0000] {matching.py:235} INFO - [872790] Football Manager 2019 -> Football Manager 2019 (status=exact, score=100)
[2026-09-04T08:57:38.520+0000] {matching.py:235} INFO - [291650] Pillars of Eternity -> Pillars of Eternity (status=exact, score=100)
[2026-09-04T08:57:38.520+0000] {matching.py:235} INFO - [17330] Crysis Warhead -> Crysis Warhead (status=exact, score=100)
[2026-09-04T08:57:38.520+0000] {matching.py:235} INFO - [1533390] Gorilla Tag -> Gorilla Tag (status=exact, score=100)
[2026-09-04T08:57:38.521+0000] {matching.py:235} INFO - [606280] Darksiders III -> Darksiders III (status=exact, score=100)
[2026-09-04T08:57:38.521+0000] {matching.py:235} INFO - [10500] Total War: EMPIRE – Definitive Edition -> Age of Empires: Definitive Edition (status=review, score=79)
[2026-09-04T08:57:38.522+0000] {matching.py:235} INFO - [1476970] Legends of IdleOn - Idle MMO -> Legends of Idleon MMO (status=high_confidence, score=89)
[2026-09-04T08:57:38.522+0000] {matching.py:235} INFO - [1262580] Need for Speed Payback -> Need for Speed Payback (status=exact, score=100)
[2026-09-04T08:57:38.522+0000] {matching.py:235} INFO - [246620] Plague Inc: Evolved -> Plague Inc: Evolved (status=exact, score=100)
[2026-09-04T08:57:38.523+0000] {matching.py:235} INFO - [319830] AX:EL - Air XenoDawn -> AX:EL - Air XenoDawn (status=exact, score=100)
[2026-09-04T08:57:38.523+0000] {matching.py:235} INFO - [324800] Shadow Warrior 2 -> Shadow Warrior 2 (status=exact, score=100)
[2026-09-04T08:57:38.523+0000] {matching.py:235} INFO - [341800] Keep Talking and Nobody Explodes -> Keep Talking and Nobody Explodes (status=exact, score=100)
[2026-09-04T08:57:38.524+0000] {matching.py:235} INFO - [322500] SUPERHOT -> SUPERHOT (status=exact, score=100)
[2026-09-04T08:57:38.524+0000] {matching.py:235} INFO - [939960] Far Cry New Dawn -> Far Cry New Dawn (status=exact, score=100)
[2026-09-04T08:57:38.525+0000] {matching.py:235} INFO - [239820] Game Dev Tycoon -> Game Dev Tycoon (status=exact, score=100)
[2026-09-04T08:57:38.525+0000] {matching.py:235} INFO - [509980] BIGFOOT -> Bigfoot (status=exact, score=100)
[2026-09-04T08:57:38.525+0000] {matching.py:235} INFO - [364360] Total War: WARHAMMER -> Total War: WARHAMMER (status=exact, score=100)
[2026-09-04T08:57:38.526+0000] {matching.py:235} INFO - [492720] Tropico 6 -> Tropico 6 (status=exact, score=100)
[2026-09-04T08:57:38.526+0000] {matching.py:235} INFO - [12110] Grand Theft Auto: Vice City -> Grand Theft Auto: Vice City (status=exact, score=100)
[2026-09-04T08:57:38.526+0000] {matching.py:235} INFO - [460790] Bayonetta -> Bayonetta (status=exact, score=100)
[2026-09-04T08:57:38.527+0000] {matching.py:235} INFO - [1213210] Command & Conquer Remastered Collection -> Command & Conquer Remastered Collection (status=exact, score=100)
[2026-09-04T08:57:38.527+0000] {matching.py:235} INFO - [627690] Idle Champions of the Forgotten Realms -> Idle Champions of the Forgotten Realms (status=exact, score=100)
[2026-09-04T08:57:38.528+0000] {matching.py:235} INFO - [569480] Kingdoms and Castles -> Kingdoms and Castles (status=exact, score=100)
[2026-09-04T08:57:38.528+0000] {matching.py:235} INFO - [2021910] FPS Chess -> FPS Chess (status=exact, score=100)
[2026-09-04T08:57:38.528+0000] {matching.py:235} INFO - [242860] Verdun -> Verdun (status=exact, score=100)
[2026-09-04T08:57:38.529+0000] {matching.py:235} INFO - [239160] Thief -> Thief (status=exact, score=100)
[2026-09-04T08:57:38.529+0000] {matching.py:235} INFO - [391460] WARMODE -> WARMODE (status=exact, score=100)
[2026-09-04T08:57:38.529+0000] {matching.py:235} INFO - [636480] Ravenfield -> Ravenfield (status=exact, score=100)
[2026-09-04T08:57:38.530+0000] {matching.py:235} INFO - [2100] Dark Messiah of Might & Magic -> Dark Messiah of Might and Magic (status=high_confidence, score=93)
[2026-09-04T08:57:38.530+0000] {matching.py:235} INFO - [228280] Baldur's Gate: Enhanced Edition -> Baldur's Gate: Enhanced Edition (status=exact, score=100)
[2026-09-04T08:57:38.530+0000] {matching.py:235} INFO - [21690] Resident Evil 5 -> Resident Evil 5 (status=exact, score=100)
[2026-09-04T08:57:38.531+0000] {matching.py:235} INFO - [2420510] HoloCure - Save the Fans! -> HoloCure - Save the Fans! (status=exact, score=100)
[2026-09-04T08:57:38.531+0000] {matching.py:235} INFO - [629730] Blade and Sorcery -> Blade and Sorcery (status=exact, score=100)
[2026-09-04T08:57:38.532+0000] {matching.py:235} INFO - [113420] Fallen Earth Free2Play -> Fallen Earth Free2Play (status=exact, score=100)
[2026-09-04T08:57:38.532+0000] {matching.py:235} INFO - [304240] Resident Evil -> Resident Evil (status=exact, score=100)
[2026-09-04T08:57:38.532+0000] {matching.py:235} INFO - [269210] Hero Siege -> Hero Siege (status=exact, score=100)
[2026-09-04T08:57:38.533+0000] {matching.py:235} INFO - [706990] BLOCKPOST -> BLOCKPOST (status=exact, score=100)
[2026-09-04T08:57:38.533+0000] {matching.py:235} INFO - [621060] PC Building Simulator -> PC Building Simulator (status=exact, score=100)
[2026-09-04T08:57:38.534+0000] {matching.py:235} INFO - [48190] Assassin’s Creed Brotherhood -> Assassin’s Creed Brotherhood (status=exact, score=100)
[2026-09-04T08:57:38.534+0000] {matching.py:235} INFO - [638970] Yakuza 0 -> Yakuza 0 (status=exact, score=100)
[2026-09-04T08:57:38.534+0000] {matching.py:235} INFO - [24010] Train Simulator Classic -> Train Simulator (status=high_confidence, score=79)
[2026-09-04T08:57:38.535+0000] {matching.py:235} INFO - [228380] Wreckfest -> Wreckfest (status=exact, score=100)
[2026-09-04T08:57:38.535+0000] {matching.py:235} INFO - [327690] Gigantic -> Gigantic (status=exact, score=100)
[2026-09-04T08:57:38.536+0000] {matching.py:235} INFO - [417860] Emily is Away -> Emily is Away (status=exact, score=100)
[2026-09-04T08:57:38.536+0000] {matching.py:235} INFO - [1262350] SIGNALIS -> Signalis (status=exact, score=100)
[2026-09-04T08:57:38.536+0000] {matching.py:235} INFO - [1058020] STAR WARS Battlefront (Classic, 2004) -> Star Wars: Battlefront (2004) (status=high_confidence, score=87)
[2026-09-04T08:57:38.537+0000] {matching.py:235} INFO - [582160] Assassin's Creed Origins -> Assassin's Creed Origins (status=exact, score=100)
[2026-09-04T08:57:38.537+0000] {matching.py:235} INFO - [287450] Rise of Nations: Extended Edition -> Rise of Nations: Extended Edition (status=exact, score=100)
[2026-09-04T08:57:38.537+0000] {matching.py:235} INFO - [582500] We Were Here -> We Were Here (status=exact, score=100)
[2026-09-04T08:57:38.538+0000] {matching.py:235} INFO - [442080] Riders of Icarus -> Riders of Icarus (status=exact, score=100)
[2026-09-04T08:57:38.538+0000] {matching.py:235} INFO - [519860] DUSK -> DUSK (status=exact, score=100)
[2026-09-04T08:57:38.538+0000] {matching.py:235} INFO - [22320] The Elder Scrolls III: Morrowind Game of the Year Edition -> The Elder Scrolls IV: Oblivion Game of the Year Edition (status=high_confidence, score=87)
[2026-09-04T08:57:38.539+0000] {matching.py:235} INFO - [704270] Generation Zero -> Hero Generations (status=high_confidence, score=90)
[2026-09-04T08:57:38.539+0000] {matching.py:235} INFO - [40990] Mafia -> Mafia (status=exact, score=100)
[2026-09-04T08:57:38.540+0000] {matching.py:235} INFO - [1627140] Sabre Team -> Sabre Team (status=exact, score=100)
[2026-09-04T08:57:38.540+0000] {matching.py:235} INFO - [612880] Wolfenstein II: The New Colossus -> Wolfenstein II: The New Colossus (status=exact, score=100)
[2026-09-04T08:57:38.540+0000] {matching.py:235} INFO - [638070] Murderous Pursuits -> Murderous Pursuits (status=exact, score=100)
[2026-09-04T08:57:38.541+0000] {matching.py:235} INFO - [3146520] WEBFISHING -> WEBFISHING (status=exact, score=100)
[2026-09-04T08:57:38.541+0000] {matching.py:235} INFO - [537180] Digimon Masters Online -> Digimon Masters Online (status=exact, score=100)
[2026-09-04T08:57:38.541+0000] {matching.py:235} INFO - [232890] Stronghold Crusader 2 -> Stronghold Crusader 2 (status=exact, score=100)
[2026-09-04T08:57:38.542+0000] {matching.py:235} INFO - [6000] STAR WARS Republic Commando -> Star Wars: Republic Commando (status=exact, score=100)
[2026-09-04T08:57:38.542+0000] {matching.py:235} INFO - [1049410] Superliminal -> Superliminal (status=exact, score=100)
[2026-09-04T08:57:38.543+0000] {matching.py:235} INFO - [1343370] Old School RuneScape -> Old School RuneScape (status=exact, score=100)
[2026-09-04T08:57:38.543+0000] {matching.py:235} INFO - [1238860] Battlefield 4 -> Battlefield 4 (status=exact, score=100)
[2026-09-04T08:57:38.543+0000] {matching.py:235} INFO - [961200] Predecessor -> Predecessor (status=exact, score=100)
[2026-09-04T08:57:38.544+0000] {matching.py:235} INFO - [102600] Orcs Must Die! -> Orcs Must Die! (status=exact, score=100)
[2026-09-04T08:57:38.544+0000] {matching.py:235} INFO - [2527500] MiSide -> MiSide (status=exact, score=100)
[2026-09-04T08:57:38.544+0000] {matching.py:235} INFO - [870780] CONTROL Ultimate Edition -> Control Ultimate Edition (status=exact, score=100)
[2026-09-04T08:57:38.545+0000] {matching.py:235} INFO - [24980] Mass Effect 2 (2010 Edition) -> Mass Effect: Legendary Edition (status=unmatched, score=69)
[2026-09-04T08:57:38.545+0000] {matching.py:235} INFO - [312520] Rain World -> Rain World (status=exact, score=100)
[2026-09-04T08:57:38.545+0000] {matching.py:235} INFO - [285190] Warhammer 40,000: Dawn of War III -> Warhammer 40,000: Dawn of War III (status=exact, score=100)
[2026-09-04T08:57:38.546+0000] {matching.py:235} INFO - [202170] Sleeping Dogs -> Sleeping Dogs (status=exact, score=100)
[2026-09-04T08:57:38.546+0000] {matching.py:235} INFO - [235600] Tom Clancy’s Splinter Cell Blacklist -> Tom Clancy’s Splinter Cell Blacklist (status=exact, score=100)
[2026-09-04T08:57:38.547+0000] {matching.py:235} INFO - [34030] Total War: NAPOLEON – Definitive Edition -> Napoleon: Total War - Gold Edition (status=review, score=76)
[2026-09-04T08:57:38.547+0000] {matching.py:235} INFO - [459820] Crush Crush -> Crush Crush (status=exact, score=100)
[2026-09-04T08:57:38.547+0000] {matching.py:235} INFO - [47810] Dragon Age: Origins - Ultimate Edition -> Dragon Age: Origins - Ultimate Edition (status=exact, score=100)
[2026-09-04T08:57:38.548+0000] {matching.py:235} INFO - [1313860] EA SPORTS FIFA 21 -> EA SPORTS FIFA 16 (status=high_confidence, score=94)
[2026-09-04T08:57:38.548+0000] {matching.py:235} INFO - [280790] Creativerse -> Creativerse (status=exact, score=100)
[2026-09-04T08:57:38.548+0000] {matching.py:235} INFO - [2280] DOOM + DOOM II -> DOOM + DOOM II (status=exact, score=100)
[2026-09-04T08:57:38.549+0000] {matching.py:235} INFO - [637090] BATTLETECH -> BATTLETECH (status=exact, score=100)
[2026-09-04T08:57:38.549+0000] {matching.py:235} INFO - [690790] DiRT Rally 2.0 -> DiRT Rally 2.0 (status=exact, score=100)
[2026-09-04T08:57:38.550+0000] {matching.py:235} INFO - [704850] Thief Simulator -> Thief Simulator (status=exact, score=100)
[2026-09-04T08:57:38.550+0000] {matching.py:235} INFO - [424370] Wolcen: Lords of Mayhem -> Wolcen: Lords of Mayhem (status=exact, score=100)
[2026-09-04T08:57:38.550+0000] {matching.py:235} INFO - [851850] DRAGON BALL Z: KAKAROT -> Dragon Ball Z: Kakarot (status=exact, score=100)
[2026-09-04T08:57:38.551+0000] {matching.py:235} INFO - [243470] Watch_Dogs -> Watchdog (status=high_confidence, score=94)
[2026-09-04T08:57:38.551+0000] {matching.py:235} INFO - [1384160] GUILTY GEAR -STRIVE- -> Guilty Gear -Strive (status=exact, score=100)
[2026-09-04T08:57:38.552+0000] {matching.py:235} INFO - [491950] Orwell: Keeping an Eye On You -> Orwell: Keeping an Eye On You (status=exact, score=100)
[2026-09-04T08:57:38.552+0000] {matching.py:235} INFO - [2622000] Astral Party  -> Astral Party (status=exact, score=100)
[2026-09-04T08:57:38.552+0000] {matching.py:235} INFO - [1061910] Metal: Hellsinger -> Metal: Hellsinger (status=exact, score=100)
[2026-09-04T08:57:38.553+0000] {matching.py:235} INFO - [247080] Crypt of the NecroDancer -> Crypt of the NecroDancer (status=exact, score=100)
[2026-09-04T08:57:38.553+0000] {matching.py:235} INFO - [392110] ENDLESS Space 2 -> Endless Space 2 (status=exact, score=100)
[2026-09-04T08:57:38.553+0000] {matching.py:235} INFO - [47830] Medal of Honor -> Medal of Honor (status=exact, score=100)
[2026-09-04T08:57:38.554+0000] {matching.py:235} INFO - [9340] Company of Heroes: Opposing Fronts -> Company of Heroes: Opposing Fronts (status=exact, score=100)
[2026-09-04T08:57:38.554+0000] {matching.py:235} INFO - [214420] Gear Up -> Gear Up (status=exact, score=100)
[2026-09-04T08:57:38.554+0000] {matching.py:235} INFO - [438040] Shakes and Fidget -> Shakes and Fidget (status=exact, score=100)
[2026-09-04T08:57:38.555+0000] {matching.py:235} INFO - [752590] A Plague Tale: Innocence -> A Plague Tale: Innocence (status=exact, score=100)
[2026-09-04T08:57:38.555+0000] {matching.py:235} INFO - [736220] Squad 44 -> Meridian: Squad 22 (status=unmatched, score=48)
[2026-09-04T08:57:38.556+0000] {matching.py:235} INFO - [933110] Age of Empires III: Definitive Edition -> Age of Empires III: Definitive Edition (status=exact, score=100)
[2026-09-04T08:57:38.556+0000] {matching.py:235} INFO - [24200] DC Universe Online -> DC Universe Online (status=exact, score=100)
[2026-09-04T08:57:38.556+0000] {matching.py:235} INFO - [304670] Aeon Command -> Aeon Command (status=exact, score=100)
[2026-09-04T08:57:38.557+0000] {matching.py:235} INFO - [228200] Company of Heroes -> Company of Heroes (status=exact, score=100)
[2026-09-04T08:57:38.557+0000] {matching.py:235} INFO - [233720] Surgeon Simulator -> Surgeon Simulator (status=exact, score=100)
[2026-09-04T08:57:38.558+0000] {matching.py:235} INFO - [1483870] Draw & Guess -> Draw & Guess (status=exact, score=100)
[2026-09-04T08:57:38.558+0000] {matching.py:235} INFO - [692850] Bloodstained: Ritual of the Night -> Bloodstained: Ritual of the Night (status=exact, score=100)
[2026-09-04T08:57:38.558+0000] {matching.py:235} INFO - [15100] Assassin's Creed: Director's Cut Edition -> Assassin's Creed: Director's Cut Edition (status=exact, score=100)
[2026-09-04T08:57:38.559+0000] {matching.py:235} INFO - [1241100] POLYGON: Multiplayer Shooter -> nPONGo - a Multiplayer Shooter (status=high_confidence, score=87)
[2026-09-04T08:57:38.559+0000] {matching.py:235} INFO - [1282100] REMNANT II -> Remnant II (status=exact, score=100)
[2026-09-04T08:57:38.560+0000] {matching.py:235} INFO - [287290] Resident Evil Revelations 2 -> Resident Evil Revelations 2 (status=exact, score=100)
[2026-09-04T08:57:38.560+0000] {matching.py:235} INFO - [1225330] NBA 2K21 -> NBA 2K21 (status=exact, score=100)
[2026-09-04T08:57:38.560+0000] {matching.py:235} INFO - [4920] Natural Selection 2 -> Natural Selection 2 (status=exact, score=100)
[2026-09-04T08:57:38.561+0000] {matching.py:235} INFO - [1515950] Capcom Arcade Stadium -> Capcom Arcade Stadium (status=exact, score=100)
[2026-09-04T08:57:38.561+0000] {matching.py:235} INFO - [19900] Far Cry 2 -> Far Cry 2 (status=exact, score=100)
[2026-09-04T08:57:38.561+0000] {matching.py:235} INFO - [979690] The Ascent -> The Ascent (status=exact, score=100)
[2026-09-04T08:57:38.562+0000] {matching.py:235} INFO - [232050] Eador. Masters of the Broken World -> Eador. Masters of the Broken World (status=exact, score=100)
[2026-09-04T08:57:38.562+0000] {matching.py:235} INFO - [130] Half-Life: Blue Shift -> Half-Life: Blue Shift (status=exact, score=100)
[2026-09-04T08:57:38.563+0000] {matching.py:235} INFO - [809960] Radical Heights -> Radical Heights (status=exact, score=100)
[2026-09-04T08:57:38.563+0000] {matching.py:235} INFO - [47790] Medal of Honor -> Medal of Honor (status=exact, score=100)
[2026-09-04T08:57:38.563+0000] {matching.py:235} INFO - [253980] Enclave -> Enclave (status=exact, score=100)
[2026-09-04T08:57:38.564+0000] {matching.py:235} INFO - [292730] Call of Duty: Infinite Warfare -> Call of Duty: Infinite Warfare (status=exact, score=100)
[2026-09-04T08:57:38.564+0000] {matching.py:235} INFO - [774361] Blasphemous -> Blasphemous (status=exact, score=100)
[2026-09-04T08:57:38.564+0000] {matching.py:235} INFO - [34270] SEGA Mega Drive and Genesis Classics -> SEGA Mega Drive and Genesis Classics (status=exact, score=100)
[2026-09-04T08:57:38.565+0000] {matching.py:235} INFO - [251060] Wargame: Red Dragon -> Wargame: Red Dragon (status=exact, score=100)
[2026-09-04T08:57:38.565+0000] {matching.py:235} INFO - [4500] S.T.A.L.K.E.R.: Shadow of Chernobyl -> S.T.A.L.K.E.R.: Shadow of Chernobyl (status=exact, score=100)
[2026-09-04T08:57:38.566+0000] {matching.py:235} INFO - [32470] STAR WARS Empire at War - Gold Pack -> STAR WARS Empire at War - Gold Pack (status=exact, score=100)
[2026-09-04T08:57:38.566+0000] {matching.py:235} INFO - [837470] Untitled Goose Game -> Untitled Goose Game (status=exact, score=100)
[2026-09-04T08:57:38.567+0000] {matching.py:235} INFO - [834910] ATLAS -> Atlas (status=exact, score=100)
[2026-09-04T08:57:38.567+0000] {matching.py:235} INFO - [454650] DRAGON BALL XENOVERSE 2 -> Dragon Ball Xenoverse 2 (status=exact, score=100)
[2026-09-04T08:57:38.567+0000] {matching.py:235} INFO - [1284410] GWENT: The Witcher Card Game -> Gwent: The Witcher Card Game (status=exact, score=100)
[2026-09-04T08:57:38.568+0000] {matching.py:235} INFO - [1238820] Battlefield 3 -> Battlefield 3 (status=exact, score=100)
[2026-09-04T08:57:38.568+0000] {matching.py:235} INFO - [323470] DRAGON BALL XENOVERSE -> Dragon Ball Xenoverse (status=exact, score=100)
[2026-09-04T08:57:38.568+0000] {matching.py:235} INFO - [1089980] The Henry Stickmin Collection -> The Henry Stickmin Collection (status=exact, score=100)
[2026-09-04T08:57:38.569+0000] {matching.py:235} INFO - [1147560] Skul: The Hero Slayer -> Skul: The Hero Slayer (status=exact, score=100)
[2026-09-04T08:57:38.569+0000] {matching.py:235} INFO - [214560] Mark of the Ninja -> Mark of the Ninja (status=exact, score=100)
[2026-09-04T08:57:38.570+0000] {matching.py:235} INFO - [225080] Brothers - A Tale of Two Sons -> Brothers: A Tale of Two Sons (status=exact, score=100)
[2026-09-04T08:57:38.570+0000] {matching.py:235} INFO - [237930] Transistor -> Transistor (status=exact, score=100)
[2026-09-04T08:57:38.570+0000] {matching.py:235} INFO - [96100] Defy Gravity Extended -> Defy Gravity Extended (status=exact, score=100)
[2026-09-04T08:57:38.571+0000] {matching.py:235} INFO - [113200] The Binding of Isaac -> The Binding of Isaac (status=exact, score=100)
[2026-09-04T08:57:38.571+0000] {matching.py:235} INFO - [2310] Quake -> Quake (status=exact, score=100)
[2026-09-04T08:57:38.571+0000] {matching.py:235} INFO - [599140] Graveyard Keeper -> Graveyard Keeper (status=exact, score=100)
[2026-09-04T08:57:38.572+0000] {matching.py:235} INFO - [1840] Source Filmmaker -> Source Filmmaker (status=exact, score=100)
[2026-09-04T08:57:38.572+0000] {matching.py:235} INFO - [65980] Sid Meier's Civilization: Beyond Earth -> Sid Meier's Civilization: Beyond Earth (status=exact, score=100)
[2026-09-04T08:57:38.573+0000] {matching.py:235} INFO - [373420] Divinity: Original Sin - Enhanced Edition -> Divinity: Original Sin - Enhanced Edition (status=exact, score=100)
[2026-09-04T08:57:38.573+0000] {matching.py:235} INFO - [1621690] Core Keeper -> Core Keeper (status=exact, score=100)
[2026-09-04T08:57:38.573+0000] {matching.py:235} INFO - [1089090] ONE PIECE: PIRATE WARRIORS 4 -> ONE PIECE: PIRATE WARRIORS 4 (status=exact, score=100)
[2026-09-04T08:57:38.574+0000] {matching.py:235} INFO - [311860] Data Hacker: Initiation -> Data Hacker: Initiation (status=exact, score=100)
[2026-09-04T08:57:38.574+0000] {matching.py:235} INFO - [942970] Unheard - Voices of Crime -> Unheard - Voices of Crime (status=exact, score=100)
[2026-09-04T08:57:38.575+0000] {matching.py:235} INFO - [41500] Torchlight -> Torchlight (status=exact, score=100)
[2026-09-04T08:57:38.575+0000] {matching.py:235} INFO - [17080] Tribes: Ascend -> Tribes: Ascend (status=exact, score=100)
[2026-09-04T08:57:38.575+0000] {matching.py:235} INFO - [1778820] TEKKEN 8 -> Tekken 8 (status=exact, score=100)
[2026-09-04T08:57:38.576+0000] {matching.py:235} INFO - [1522820] Orcs Must Die! 3 -> Orcs Must Die! 3 (status=exact, score=100)
[2026-09-04T08:57:38.576+0000] {matching.py:235} INFO - [23310] The Last Remnant -> The Last Remnant (status=exact, score=100)
[2026-09-04T08:57:38.576+0000] {matching.py:235} INFO - [487220] Freebie -> Freebie (status=exact, score=100)
[2026-09-04T08:57:38.577+0000] {matching.py:235} INFO - [34440] Sid Meier's Civilization IV -> Sid Meier's Civilization IV (status=exact, score=100)
[2026-09-04T08:57:38.577+0000] {matching.py:235} INFO - [4570] Warhammer 40,000: Dawn of War - Anniversary Edition (Classic) -> Warhammer 40,000: Dawn of War II (status=review, score=71)
[2026-09-04T08:57:38.578+0000] {matching.py:235} INFO - [2322560] Love Is All Around -> Love Is All Around (status=exact, score=100)
[2026-09-04T08:57:38.578+0000] {matching.py:235} INFO - [2344520] Diablo IV -> Diablo IV (status=exact, score=100)
[2026-09-04T08:57:38.578+0000] {matching.py:235} INFO - [6880] Just Cause -> Just Cause (status=exact, score=100)
[2026-09-04T08:57:38.579+0000] {matching.py:235} INFO - [10680] Aliens vs. Predator -> Aliens vs. Predator (status=exact, score=100)
[2026-09-04T08:57:38.579+0000] {matching.py:235} INFO - [216150] MapleStory -> MapleStory (status=exact, score=100)
[2026-09-04T08:57:38.579+0000] {matching.py:235} INFO - [443110] Armored Warfare -> Armored Warfare (status=exact, score=100)
[2026-09-04T08:57:38.580+0000] {matching.py:235} INFO - [378540] The Surge -> The Surge (status=exact, score=100)
[2026-09-04T08:57:38.580+0000] {matching.py:235} INFO - [527430] Warhammer 40,000: Inquisitor - Martyr -> Warhammer 40,000: Inquisitor - Martyr (status=exact, score=100)
[2026-09-04T08:57:38.581+0000] {matching.py:235} INFO - [753640] Outer Wilds -> Outer Wilds (status=exact, score=100)
[2026-09-04T08:57:38.581+0000] {matching.py:235} INFO - [583950] Artifact -> Artifact (status=exact, score=100)
[2026-09-04T08:57:38.581+0000] {matching.py:235} INFO - [206480] Dungeons & Dragons Online -> Dungeons & Dragons Online (status=exact, score=100)
[2026-09-04T08:57:38.582+0000] {matching.py:235} INFO - [334210] Fortified -> Fortified (status=exact, score=100)
[2026-09-04T08:57:38.582+0000] {matching.py:235} INFO - [921630] 音灵 INVAXION -> 音灵 INVAXION (status=exact, score=100)
[2026-09-04T08:57:38.582+0000] {matching.py:235} INFO - [215080] WAKFU -> WAKFU (status=exact, score=100)
[2026-09-04T08:57:38.583+0000] {matching.py:235} INFO - [65790] Arma: Cold War Assault Remastered -> ARMA: Cold War Assault (status=high_confidence, score=79)
[2026-09-04T08:57:38.583+0000] {matching.py:235} INFO - [332070] School of Dragons -> School of Dragons (status=exact, score=100)
[2026-09-04T08:57:38.584+0000] {matching.py:235} INFO - [311340] METAL GEAR SOLID V: GROUND ZEROES -> Metal Gear Solid V: Ground Zeroes (status=exact, score=100)
[2026-09-04T08:57:38.584+0000] {matching.py:235} INFO - [535930] Two Point Hospital -> Two Point Hospital (status=exact, score=100)
[2026-09-04T08:57:38.584+0000] {matching.py:235} INFO - [414700] Outlast 2 -> Outlast 2 (status=exact, score=100)
[2026-09-04T08:57:38.585+0000] {matching.py:235} INFO - [270150] RUNNING WITH RIFLES -> RUNNING WITH RIFLES (status=exact, score=100)
[2026-09-04T08:57:38.585+0000] {matching.py:235} INFO - [292910] Deponia: The Complete Journey -> Deponia: The Complete Journey (status=exact, score=100)
[2026-09-04T08:57:38.586+0000] {matching.py:235} INFO - [447020] Farming Simulator 17 -> Farming Simulator 17 (status=exact, score=100)
[2026-09-04T08:57:38.586+0000] {matching.py:235} INFO - [1282730] Loop Hero -> Loop Hero (status=exact, score=100)
[2026-09-04T08:57:38.586+0000] {matching.py:235} INFO - [17300] Crysis -> Crysis (status=exact, score=100)
[2026-09-04T08:57:38.587+0000] {matching.py:235} INFO - [102500] Kingdoms of Amalur: Reckoning -> Kingdoms of Amalur: Reckoning (status=exact, score=100)
[2026-09-04T08:57:38.587+0000] {matching.py:235} INFO - [32800] Lord of the Rings: War in the North -> Lord of the Rings: War in the North (status=exact, score=100)
[2026-09-04T08:57:38.587+0000] {matching.py:235} INFO - [8850] BioShock 2 -> BioShock 2 (status=exact, score=100)
[2026-09-04T08:57:38.588+0000] {matching.py:235} INFO - [899440] GOD EATER 3 -> God Eater 3 (status=exact, score=100)
[2026-09-04T08:57:38.588+0000] {matching.py:235} INFO - [418240] Shadow Tactics: Blades of the Shogun -> Shadow Tactics: Blades of the Shogun (status=exact, score=100)
[2026-09-04T08:57:38.589+0000] {matching.py:235} INFO - [207230] ArcheBlade -> ArcheBlade (status=exact, score=100)
[2026-09-04T08:57:38.589+0000] {matching.py:235} INFO - [20570] Warhammer 40,000: Dawn of War II Chaos Rising -> Warhammer 40,000: Dawn of War II Chaos Rising (status=exact, score=100)
[2026-09-04T08:57:38.589+0000] {matching.py:235} INFO - [17460] Mass Effect (2007) -> Mass Effect 3: Earth (status=unmatched, score=69)
[2026-09-04T08:57:38.590+0000] {matching.py:235} INFO - [383150] Dead Island Definitive Edition -> Dead Island Definitive Edition (status=exact, score=100)
[2026-09-04T08:57:38.590+0000] {matching.py:235} INFO - [224760] FEZ -> FEZ (status=exact, score=100)
[2026-09-04T08:57:38.591+0000] {matching.py:235} INFO - [1178830] Bright Memory: Infinite -> Bright Memory: Infinite (status=exact, score=100)
[2026-09-04T08:57:38.591+0000] {matching.py:235} INFO - [2012510] Stormgate -> Stormgate (status=exact, score=100)
[2026-09-04T08:57:38.591+0000] {matching.py:235} INFO - [510840] Evolvation -> Evolvation (status=exact, score=100)
[2026-09-04T08:57:38.592+0000] {matching.py:235} INFO - [297000] Heroes of Might & Magic III - HD Edition -> Heroes of Might & Magic III - HD Edition (status=exact, score=100)
[2026-09-04T08:57:38.592+0000] {matching.py:235} INFO - [1151640] Horizon Zero Dawn Complete Edition -> Horizon Zero Dawn Complete Edition (status=exact, score=100)
[2026-09-04T08:57:38.592+0000] {matching.py:235} INFO - [334230] Town of Salem -> Town of Salem (status=exact, score=100)
[2026-09-04T08:57:38.593+0000] {matching.py:235} INFO - [418070] Turbo Pug -> Turbo Pug (status=exact, score=100)
[2026-09-04T08:57:38.593+0000] {matching.py:235} INFO - [364470] The Elder Scrolls: Legends -> The Elder Scrolls: Legends (status=exact, score=100)
[2026-09-04T08:57:38.594+0000] {matching.py:235} INFO - [601430] The Evil Within 2 -> The Evil Within 2 (status=exact, score=100)
[2026-09-04T08:57:38.594+0000] {matching.py:235} INFO - [1190000] Car Mechanic Simulator 2021 -> Car Mechanic Simulator 2021 (status=exact, score=100)
[2026-09-04T08:57:38.594+0000] {matching.py:235} INFO - [39140] FINAL FANTASY VII -> Final Fantasy VII (status=exact, score=100)
[2026-09-04T08:57:38.595+0000] {matching.py:235} INFO - [4700] Total War: MEDIEVAL II – Definitive Edition -> Medieval: Total War - Collection (status=review, score=70)
[2026-09-04T08:57:38.595+0000] {matching.py:235} INFO - [263500] Dragons and Titans -> Dragons and Titans (status=exact, score=100)
[2026-09-04T08:57:38.595+0000] {matching.py:235} INFO - [675010] MudRunner -> MudRunner (status=exact, score=100)
[2026-09-04T08:57:38.596+0000] {matching.py:235} INFO - [220440] DmC: Devil May Cry -> DmC: Devil May Cry (status=exact, score=100)
[2026-09-04T08:57:38.596+0000] {matching.py:235} INFO - [240320] Panzar -> Panzar (status=exact, score=100)
[2026-09-04T08:57:38.597+0000] {matching.py:235} INFO - [544730] Catan Universe -> Catan Universe (status=exact, score=100)
[2026-09-04T08:57:38.597+0000] {matching.py:235} INFO - [337320] Paint the Town Red -> Paint the Town Red (status=exact, score=100)
[2026-09-04T08:57:38.597+0000] {matching.py:235} INFO - [350640] Sherlock Holmes: The Devil's Daughter -> Sherlock Holmes: The Devil's Daughter (status=exact, score=100)
[2026-09-04T08:57:38.598+0000] {matching.py:235} INFO - [2231450] Pizza Tower -> Pizza Tower (status=exact, score=100)
[2026-09-04T08:57:38.598+0000] {matching.py:235} INFO - [552100] Brick Rigs -> Brick Rigs (status=exact, score=100)
[2026-09-04T08:57:38.599+0000] {matching.py:235} INFO - [1475810] Ghostwire: Tokyo -> Ghostwire: Tokyo (status=exact, score=100)
[2026-09-04T08:57:38.599+0000] {matching.py:235} INFO - [427270] Orcs Must Die! Unchained -> Orcs Must Die! Unchained (status=exact, score=100)
[2026-09-04T08:57:38.599+0000] {matching.py:235} INFO - [392160] X4: Foundations -> X4: Foundations (status=exact, score=100)
[2026-09-04T08:57:38.600+0000] {matching.py:235} INFO - [346330] BrainBread 2 -> BrainBread 2 (status=exact, score=100)
[2026-09-04T08:57:38.600+0000] {matching.py:235} INFO - [3910] Sid Meier's Civilization III Complete -> Sid Meier's Civilization III Complete (status=exact, score=100)
[2026-09-04T08:57:38.601+0000] {matching.py:235} INFO - [1380400] Saving Grace -> Saving Grace (status=exact, score=100)
[2026-09-04T08:57:38.601+0000] {matching.py:235} INFO - [805550] Assetto Corsa Competizione -> Assetto Corsa Competizione (status=exact, score=100)
[2026-09-04T08:57:38.601+0000] {matching.py:235} INFO - [41000] Serious Sam HD: The First Encounter -> Serious Sam HD:  The First Encounter (status=exact, score=100)
[2026-09-04T08:57:38.602+0000] {matching.py:235} INFO - [1284190] The Planet Crafter -> The Planet Crafter (status=exact, score=100)
[2026-09-04T08:57:38.602+0000] {matching.py:235} INFO - [2064650] Tower of Fantasy -> Tower of Fantasy (status=exact, score=100)
[2026-09-04T08:57:38.602+0000] {matching.py:235} INFO - [56437] Warhammer 40,000: Dawn of War II: Retribution -> Warhammer 40,000: Dawn of War II: Retribution (status=exact, score=100)
[2026-09-04T08:57:38.603+0000] {matching.py:235} INFO - [585420] Trailmakers -> Trailmakers (status=exact, score=100)
[2026-09-04T08:57:38.603+0000] {matching.py:235} INFO - [1562430] DREDGE -> Dredge (status=exact, score=100)
[2026-09-04T08:57:38.604+0000] {matching.py:235} INFO - [1987080] Inside the Backrooms -> Inside the Backrooms (status=exact, score=100)
[2026-09-04T08:57:38.604+0000] {matching.py:235} INFO - [666220] CS2D -> CS2D (status=exact, score=100)
[2026-09-04T08:57:38.604+0000] {matching.py:235} INFO - [529340] Victoria 3 -> Victoria 3 (status=exact, score=100)
[2026-09-04T08:57:38.605+0000] {matching.py:235} INFO - [245620] Tropico 5 -> Tropico 5 (status=exact, score=100)
[2026-09-04T08:57:38.605+0000] {matching.py:235} INFO - [657200] Hand Simulator -> Hand Simulator (status=exact, score=100)
[2026-09-04T08:57:38.605+0000] {matching.py:235} INFO - [6850] Hitman 2: Silent Assassin -> Hitman 2: Silent Assassin (status=exact, score=100)
[2026-09-04T08:57:38.606+0000] {matching.py:235} INFO - [209160] Call of Duty: Ghosts -> Call of Duty: Ghosts (status=exact, score=100)
[2026-09-04T08:57:38.606+0000] {matching.py:235} INFO - [1388770] Cruelty Squad -> Cruelty Squad (status=exact, score=100)
[2026-09-04T08:57:38.606+0000] {matching.py:235} INFO - [603850] Age of History II -> age of history 2 (status=high_confidence, score=85)
[2026-09-04T08:57:38.607+0000] {matching.py:235} INFO - [32430] STAR WARS - The Force Unleashed Ultimate Sith Edition -> STAR WARS - The Force Unleashed Ultimate Sith Edition (status=exact, score=100)
[2026-09-04T08:57:38.607+0000] {matching.py:235} INFO - [253900] Knights and Merchants -> Knights and Merchants (status=exact, score=100)
[2026-09-04T08:57:38.608+0000] {matching.py:235} INFO - [1113000] Persona 4 Golden -> Persona 4 Golden (status=exact, score=100)
[2026-09-04T08:57:38.608+0000] {matching.py:235} INFO - [1016920] Unrailed! -> Unrailed! (status=exact, score=100)
[2026-09-04T08:57:38.608+0000] {matching.py:235} INFO - [955050] Bright Memory -> Bright Memory (status=exact, score=100)
[2026-09-04T08:57:38.609+0000] {matching.py:235} INFO - [1929610] Demonologist -> Demonologist (status=exact, score=100)
[2026-09-04T08:57:38.609+0000] {matching.py:235} INFO - [2096610] Crysis 3 Remastered -> Crysis 3 Remastered (status=exact, score=100)
[2026-09-04T08:57:38.609+0000] {matching.py:235} INFO - [1850570] DEATH STRANDING DIRECTOR'S CUT -> Death Stranding Director's Cut (status=exact, score=100)
[2026-09-04T08:57:38.610+0000] {matching.py:235} INFO - [446800] Transport Fever -> Transport Fever (status=exact, score=100)
[2026-09-04T08:57:38.610+0000] {matching.py:235} INFO - [209170] Call of Duty: Ghosts -> Call of Duty: Ghosts (status=exact, score=100)
[2026-09-04T08:57:38.610+0000] {matching.py:235} INFO - [250400] How to Survive -> How to Survive (status=exact, score=100)
[2026-09-04T08:57:38.611+0000] {matching.py:235} INFO - [1296830] 暖雪 Warm Snow -> Warm Snow (status=exact, score=100)
[2026-09-04T08:57:38.611+0000] {matching.py:235} INFO - [1211020] Wobbly Life -> Wobbly Life (status=exact, score=100)
[2026-09-04T08:57:38.612+0000] {matching.py:235} INFO - [410320] EARTH DEFENSE FORCE 4.1 The Shadow of New Despair -> EARTH DEFENSE FORCE 4.1 The Shadow of New Despair (status=exact, score=100)
[2026-09-04T08:57:38.612+0000] {matching.py:235} INFO - [261110] Killer is Dead - Nightmare Edition -> Killer is Dead - Nightmare Edition (status=exact, score=100)
[2026-09-04T08:57:38.613+0000] {matching.py:235} INFO - [208580] STAR WARS Knights of the Old Republic II - The Sith Lords -> Star Wars: Knights of the Old Republic II – The Sith Lords (status=exact, score=100)
[2026-09-04T08:57:38.613+0000] {matching.py:235} INFO - [775500] SCARLET NEXUS -> Scarlet Nexus (status=exact, score=100)
[2026-09-04T08:57:38.613+0000] {matching.py:235} INFO - [447820] Day of Infamy -> Day of Infamy (status=exact, score=100)
[2026-09-04T08:57:38.614+0000] {matching.py:235} INFO - [1599600] PlateUp! -> PlateUp! (status=exact, score=100)
[2026-09-04T08:57:38.614+0000] {matching.py:235} INFO - [475550] Beholder -> Beholder (status=exact, score=100)
[2026-09-04T08:57:38.614+0000] {matching.py:235} INFO - [257510] The Talos Principle -> The Talos Principle (status=exact, score=100)
[2026-09-04T08:57:38.615+0000] {matching.py:235} INFO - [474960] Quantum Break -> Quantum Break (status=exact, score=100)
[2026-09-04T08:57:38.615+0000] {matching.py:235} INFO - [237110] Mortal Kombat Komplete Edition -> Mortal Kombat Komplete Edition (status=exact, score=100)
[2026-09-04T08:57:38.615+0000] {matching.py:235} INFO - [444640] Bloons TD Battles -> Bloons TD Battles (status=exact, score=100)
[2026-09-04T08:57:38.616+0000] {matching.py:235} INFO - [843380] Super Animal Royale -> Super Animal Royale (status=exact, score=100)
[2026-09-04T08:57:38.616+0000] {matching.py:235} INFO - [560130] Pillars of Eternity II: Deadfire -> Pillars of Eternity II: Deadfire (status=exact, score=100)
[2026-09-04T08:57:38.617+0000] {matching.py:235} INFO - [4760] Rome: Total War - Collection -> Rome: Total War - Collection (status=exact, score=100)
[2026-09-04T08:57:38.617+0000] {matching.py:235} INFO - [568220] Lobotomy Corporation | Monster Management Simulation -> Lobotomy Corporation | Monster Management Simulation (status=exact, score=100)
[2026-09-04T08:57:38.617+0000] {matching.py:235} INFO - [257350] Baldur's Gate II: Enhanced Edition -> Baldur's Gate II: Enhanced Edition (status=exact, score=100)
[2026-09-04T08:57:38.618+0000] {matching.py:235} INFO - [202750] Alan Wake's American Nightmare -> Alan Wake's American Nightmare (status=exact, score=100)
[2026-09-04T08:57:38.618+0000] {matching.py:235} INFO - [34870] Sniper: Ghost Warrior 2 -> Sniper: Ghost Warrior 2 (status=exact, score=100)
[2026-09-04T08:57:38.619+0000] {matching.py:235} INFO - [1676130] Deadlink -> Deadlink (status=exact, score=100)
[2026-09-04T08:57:38.619+0000] {matching.py:235} INFO - [224540] Ace of Spades: Battle Builder -> Ace of Spades: Battle Builder (status=exact, score=100)
[2026-09-04T08:57:38.619+0000] {matching.py:235} INFO - [699130] World War Z -> Z End: World War (status=high_confidence, score=85)
[2026-09-04T08:57:38.620+0000] {matching.py:235} INFO - [816020] JUMP FORCE -> Jump Force (status=exact, score=100)
[2026-09-04T08:57:38.620+0000] {matching.py:235} INFO - [462780] Darksiders Warmastered Edition -> Darksiders Warmastered Edition (status=exact, score=100)
[2026-09-04T08:57:38.620+0000] {matching.py:235} INFO - [681660] Bless Online -> Bless Online (status=exact, score=100)
[2026-09-04T08:57:38.621+0000] {matching.py:235} INFO - [34460] Civilization IV: Beyond the Sword -> Civilization IV: Beyond the Sword (status=exact, score=100)
[2026-09-04T08:57:38.621+0000] {matching.py:235} INFO - [448510] Overcooked -> Overcooked (status=exact, score=100)
[2026-09-04T08:57:38.622+0000] {matching.py:235} INFO - [1307550] Craftopia -> Craftopia (status=exact, score=100)
[2026-09-04T08:57:38.622+0000] {matching.py:235} INFO - [1129580] Medieval Dynasty -> Medieval Dynasty (status=exact, score=100)
[2026-09-04T08:57:38.622+0000] {matching.py:235} INFO - [460920] Steep -> Steep (status=exact, score=100)
[2026-09-04T08:57:38.623+0000] {matching.py:235} INFO - [55110] Red Faction: Armageddon -> Red Faction: Armageddon (status=exact, score=100)
[2026-09-04T08:57:38.623+0000] {matching.py:235} INFO - [278080] DYNASTY WARRIORS 8: Xtreme Legends Complete Edition -> DYNASTY WARRIORS 8: Xtreme Legends Complete Edition (status=exact, score=100)
[2026-09-04T08:57:38.623+0000] {matching.py:235} INFO - [996580] Spyro Reignited Trilogy -> Spyro Reignited Trilogy (status=exact, score=100)
[2026-09-04T08:57:38.624+0000] {matching.py:235} INFO - [231060] Ragnarok Online 2 -> Ragnarok Online 2 (status=exact, score=100)
[2026-09-04T08:57:38.624+0000] {matching.py:235} INFO - [108800] Crysis 2 - Maximum Edition -> Crysis 2 - Maximum Edition (status=exact, score=100)
[2026-09-04T08:57:38.624+0000] {matching.py:235} INFO - [673950] Farm Together -> Farm Together (status=exact, score=100)
[2026-09-04T08:57:38.625+0000] {matching.py:235} INFO - [1094520] Sands of Salzaar -> Sands of Salzaar (status=exact, score=100)
[2026-09-04T08:57:38.625+0000] {matching.py:235} INFO - [747660] Five Nights at Freddy's: Security Breach -> Five Nights at Freddy's: Security Breach (status=exact, score=100)
[2026-09-04T08:57:38.626+0000] {matching.py:235} INFO - [6910] Deus Ex: Game of the Year Edition -> Deus Ex: Game of the Year Edition (status=exact, score=100)
[2026-09-04T08:57:38.626+0000] {matching.py:235} INFO - [239350] Spelunky -> Spelunky (status=exact, score=100)
[2026-09-04T08:57:38.626+0000] {matching.py:235} INFO - [215280] Secret World Legends -> Secret World Legends (status=exact, score=100)
[2026-09-04T08:57:38.627+0000] {matching.py:235} INFO - [360430] Mafia III: Definitive Edition -> Mafia III: Definitive Edition (status=exact, score=100)
[2026-09-04T08:57:38.627+0000] {matching.py:235} INFO - [673130] AMID EVIL -> Amid Evil (status=exact, score=100)
[2026-09-04T08:57:38.627+0000] {matching.py:235} INFO - [377300] Thunder Tier One -> Thunder Tier One (status=exact, score=100)
[2026-09-04T08:57:38.628+0000] {matching.py:235} INFO - [2552430] KINGDOM HEARTS -HD 1.5+2.5 ReMIX- -> KINGDOM HEARTS -HD 1.5+2.5 ReMIX (status=exact, score=100)
[2026-09-04T08:57:38.628+0000] {matching.py:235} INFO - [323850] Move or Die -> Move or Die (status=exact, score=100)
[2026-09-04T08:57:38.629+0000] {matching.py:235} INFO - [1030840] Mafia: Definitive Edition -> Mafia: Definitive Edition (status=exact, score=100)
[2026-09-04T08:57:38.629+0000] {matching.py:235} INFO - [823500] BONEWORKS -> Boneworks (status=exact, score=100)
[2026-09-04T08:57:38.629+0000] {matching.py:235} INFO - [841370] NBA 2K19 -> NBA 2K19 (status=exact, score=100)
[2026-09-04T08:57:38.630+0000] {matching.py:235} INFO - [204340] Serious Sam II -> Serious Sam 2 (status=high_confidence, score=89)
[2026-09-04T08:57:38.630+0000] {matching.py:235} INFO - [794260] Outward Definitive Edition -> Outward Definitive Edition (status=exact, score=100)
[2026-09-04T08:57:38.631+0000] {matching.py:235} INFO - [2680010] The First Berserker: Khazan -> The First Berserker: Khazan (status=exact, score=100)
[2026-09-04T08:57:38.631+0000] {matching.py:235} INFO - [299460] Woodle Tree Adventures -> Woodle Tree Adventures (status=exact, score=100)
[2026-09-04T08:57:38.631+0000] {matching.py:235} INFO - [1755910] Capcom Arcade 2nd Stadium -> Capcom Arcade 2nd Stadium (status=exact, score=100)
[2026-09-04T08:57:38.632+0000] {matching.py:235} INFO - [1266680] Strobophagia | Rave Horror -> Strobophagia | Rave Horror (status=exact, score=100)
[2026-09-04T08:57:38.632+0000] {matching.py:235} INFO - [265550] Dead Rising 3 Apocalypse Edition -> Dead Rising 3 Apocalypse Edition (status=exact, score=100)
[2026-09-04T08:57:38.632+0000] {matching.py:235} INFO - [246900] Viscera Cleanup Detail -> Viscera Cleanup Detail (status=exact, score=100)
[2026-09-04T08:57:38.633+0000] {matching.py:235} INFO - [253960] Jack Orlando: Director's Cut -> Jack Orlando: Director's Cut (status=exact, score=100)
[2026-09-04T08:57:38.633+0000] {matching.py:235} INFO - [450390] The Lab -> The Lab (status=exact, score=100)
[2026-09-04T08:57:38.634+0000] {matching.py:235} INFO - [920210] LEGO Star Wars: The Skywalker Saga -> Lego Star Wars: The Skywalker Saga (status=exact, score=100)
[2026-09-04T08:57:38.634+0000] {matching.py:235} INFO - [17480] Command & Conquer: Red Alert 3 -> Command & Conquer: Red Alert 3 (status=exact, score=100)
[2026-09-04T08:57:38.634+0000] {matching.py:235} INFO - [249130] LEGO Marvel Super Heroes -> LEGO Marvel Super Heroes (status=exact, score=100)
[2026-09-04T08:57:38.635+0000] {matching.py:235} INFO - [1017180] The Long Drive -> The Long Drive (status=exact, score=100)
[2026-09-04T08:57:38.635+0000] {matching.py:235} INFO - [26800] Braid -> Braid (status=exact, score=100)
[2026-09-04T08:57:38.636+0000] {matching.py:235} INFO - [640590] The LEGO NINJAGO Movie Video Game -> The LEGO NINJAGO Movie Video Game (status=exact, score=100)
[2026-09-04T08:57:38.636+0000] {matching.py:235} INFO - [1515210] The Past Within -> The Past Within (status=exact, score=100)
[2026-09-04T08:57:38.636+0000] {matching.py:235} INFO - [1147550] Not For Broadcast -> Not For Broadcast (status=exact, score=100)
[2026-09-04T08:57:38.637+0000] {matching.py:235} INFO - [434650] Lost Castle / 失落城堡 -> Lost Castle (status=exact, score=100)
[2026-09-04T08:57:38.637+0000] {matching.py:235} INFO - [1774580] STAR WARS Jedi: Survivor -> Star Wars Jedi: Survivor (status=exact, score=100)
[2026-09-04T08:57:38.638+0000] {matching.py:235} INFO - [431730] Aseprite -> Aseprite (status=exact, score=100)
[2026-09-04T08:57:38.638+0000] {matching.py:235} INFO - [780310] The Riftbreaker -> The Riftbreaker (status=exact, score=100)
[2026-09-04T08:57:38.638+0000] {matching.py:235} INFO - [261030] The Walking Dead: Season Two -> The Walking Dead: Season 2 (status=high_confidence, score=88)
[2026-09-04T08:57:38.639+0000] {matching.py:235} INFO - [1328670] Mass Effect Legendary Edition -> Mass Effect: Legendary Edition (status=exact, score=100)
[2026-09-04T08:57:38.639+0000] {matching.py:235} INFO - [226840] Age of Wonders III -> Age of Wonders III (status=exact, score=100)
[2026-09-04T08:57:38.640+0000] {matching.py:235} INFO - [374040] Portal Knights -> Portal Knights (status=exact, score=100)
[2026-09-04T08:57:38.640+0000] {matching.py:235} INFO - [668580] Atomic Heart -> Atomic Heart (status=exact, score=100)
[2026-09-04T08:57:38.640+0000] {matching.py:235} INFO - [1044720] Farthest Frontier -> Farthest Frontier (status=exact, score=100)
[2026-09-04T08:57:38.641+0000] {matching.py:235} INFO - [544750] SOULCALIBUR VI -> SoulCalibur VI (status=exact, score=100)
[2026-09-04T08:57:38.641+0000] {matching.py:235} INFO - [972660] Spiritfarer: Farewell Edition -> Spiritfarer Demo (status=unmatched, score=64)
[2026-09-04T08:57:38.641+0000] {matching.py:235} INFO - [1150690] OMORI -> OMORI (status=exact, score=100)
[2026-09-04T08:57:41.349+0000] {steam_analytics.py:331} INFO - Task dimension selesai. Game baru diproses: 1000
[2026-09-04T08:57:41.407+0000] {python.py:237} INFO - Done. Returned value was: None
[2026-09-04T08:57:41.408+0000] {taskinstance.py:441} INFO - ::group::Post task execution logs
[2026-09-04T08:57:41.417+0000] {taskinstance.py:1206} INFO - Marking task as SUCCESS. dag_id=steam_analytics_daily, task_id=process_new_games_and_dimensions, run_id=scheduled__2026-09-03T02:00:00+00:00, execution_date=20260903T020000, start_date=20260904T085737, end_date=20260904T085741
[2026-09-04T08:57:41.462+0000] {local_task_job_runner.py:243} INFO - Task exited with return code 0
[2026-09-04T08:57:41.481+0000] {taskinstance.py:3503} INFO - 1 downstream tasks scheduled from follow-on schedule check
[2026-09-04T08:57:41.483+0000] {local_task_job_runner.py:222} INFO - ::endgroup::
