[2026-09-03T15:59:00.335+0000] {processor.py:161} INFO - Started process (PID=186) to work on /opt/airflow/dags/steam_analytics.py
[2026-09-03T15:59:00.336+0000] {processor.py:830} INFO - Processing file /opt/airflow/dags/steam_analytics.py for tasks to queue
[2026-09-03T15:59:00.338+0000] {logging_mixin.py:188} INFO - [2026-09-03T15:59:00.338+0000] {dagbag.py:545} INFO - Filling up the DagBag from /opt/airflow/dags/steam_analytics.py
[2026-09-03T15:59:00.690+0000] {processor.py:840} INFO - DAG(s) 'steam_analytics_daily' retrieved from /opt/airflow/dags/steam_analytics.py
[2026-09-03T15:59:00.881+0000] {logging_mixin.py:188} INFO - [2026-09-03T15:59:00.880+0000] {dag.py:3089} INFO - Sync 1 DAGs
[2026-09-03T15:59:00.904+0000] {logging_mixin.py:188} INFO - [2026-09-03T15:59:00.904+0000] {dag.py:3947} INFO - Setting next_dagrun for steam_analytics_daily to 2026-09-02 02:00:00+00:00, run_after=2026-09-03 02:00:00+00:00
[2026-09-03T15:59:00.924+0000] {processor.py:183} INFO - Processing /opt/airflow/dags/steam_analytics.py took 0.594 seconds
[2026-09-03T15:59:31.078+0000] {processor.py:161} INFO - Started process (PID=199) to work on /opt/airflow/dags/steam_analytics.py
[2026-09-03T15:59:31.079+0000] {processor.py:830} INFO - Processing file /opt/airflow/dags/steam_analytics.py for tasks to queue
[2026-09-03T15:59:31.081+0000] {logging_mixin.py:188} INFO - [2026-09-03T15:59:31.081+0000] {dagbag.py:545} INFO - Filling up the DagBag from /opt/airflow/dags/steam_analytics.py
[2026-09-03T15:59:31.227+0000] {processor.py:840} INFO - DAG(s) 'steam_analytics_daily' retrieved from /opt/airflow/dags/steam_analytics.py
[2026-09-03T15:59:31.254+0000] {logging_mixin.py:188} INFO - [2026-09-03T15:59:31.254+0000] {dag.py:3089} INFO - Sync 1 DAGs
[2026-09-03T15:59:31.276+0000] {logging_mixin.py:188} INFO - [2026-09-03T15:59:31.275+0000] {dag.py:3947} INFO - Setting next_dagrun for steam_analytics_daily to 2026-09-03 02:00:00+00:00, run_after=2026-09-04 02:00:00+00:00
[2026-09-03T15:59:31.296+0000] {processor.py:183} INFO - Processing /opt/airflow/dags/steam_analytics.py took 0.222 seconds
[2026-09-03T16:00:01.413+0000] {processor.py:161} INFO - Started process (PID=204) to work on /opt/airflow/dags/steam_analytics.py
[2026-09-03T16:00:01.414+0000] {processor.py:830} INFO - Processing file /opt/airflow/dags/steam_analytics.py for tasks to queue
[2026-09-03T16:00:01.415+0000] {logging_mixin.py:188} INFO - [2026-09-03T16:00:01.415+0000] {dagbag.py:545} INFO - Filling up the DagBag from /opt/airflow/dags/steam_analytics.py
[2026-09-03T16:00:01.558+0000] {processor.py:840} INFO - DAG(s) 'steam_analytics_daily' retrieved from /opt/airflow/dags/steam_analytics.py
[2026-09-03T16:00:01.583+0000] {logging_mixin.py:188} INFO - [2026-09-03T16:00:01.583+0000] {dag.py:3089} INFO - Sync 1 DAGs
[2026-09-03T16:00:01.602+0000] {logging_mixin.py:188} INFO - [2026-09-03T16:00:01.602+0000] {dag.py:3947} INFO - Setting next_dagrun for steam_analytics_daily to 2026-09-03 02:00:00+00:00, run_after=2026-09-04 02:00:00+00:00
[2026-09-03T16:00:01.618+0000] {processor.py:183} INFO - Processing /opt/airflow/dags/steam_analytics.py took 0.209 seconds
[2026-09-03T16:00:31.734+0000] {processor.py:161} INFO - Started process (PID=209) to work on /opt/airflow/dags/steam_analytics.py
[2026-09-03T16:00:31.735+0000] {processor.py:830} INFO - Processing file /opt/airflow/dags/steam_analytics.py for tasks to queue
[2026-09-03T16:00:31.736+0000] {logging_mixin.py:188} INFO - [2026-09-03T16:00:31.736+0000] {dagbag.py:545} INFO - Filling up the DagBag from /opt/airflow/dags/steam_analytics.py
[2026-09-03T16:00:31.862+0000] {processor.py:840} INFO - DAG(s) 'steam_analytics_daily' retrieved from /opt/airflow/dags/steam_analytics.py
[2026-09-03T16:00:31.885+0000] {logging_mixin.py:188} INFO - [2026-09-03T16:00:31.885+0000] {dag.py:3089} INFO - Sync 1 DAGs
[2026-09-03T16:00:31.902+0000] {logging_mixin.py:188} INFO - [2026-09-03T16:00:31.902+0000] {dag.py:3947} INFO - Setting next_dagrun for steam_analytics_daily to 2026-09-03 02:00:00+00:00, run_after=2026-09-04 02:00:00+00:00
[2026-09-03T16:00:31.916+0000] {processor.py:183} INFO - Processing /opt/airflow/dags/steam_analytics.py took 0.186 seconds
[2026-09-03T16:01:02.032+0000] {processor.py:161} INFO - Started process (PID=214) to work on /opt/airflow/dags/steam_analytics.py
[2026-09-03T16:01:02.033+0000] {processor.py:830} INFO - Processing file /opt/airflow/dags/steam_analytics.py for tasks to queue
[2026-09-03T16:01:02.034+0000] {logging_mixin.py:188} INFO - [2026-09-03T16:01:02.034+0000] {dagbag.py:545} INFO - Filling up the DagBag from /opt/airflow/dags/steam_analytics.py
[2026-09-03T16:01:02.157+0000] {processor.py:840} INFO - DAG(s) 'steam_analytics_daily' retrieved from /opt/airflow/dags/steam_analytics.py
[2026-09-03T16:01:02.180+0000] {logging_mixin.py:188} INFO - [2026-09-03T16:01:02.180+0000] {dag.py:3089} INFO - Sync 1 DAGs
[2026-09-03T16:01:02.198+0000] {logging_mixin.py:188} INFO - [2026-09-03T16:01:02.198+0000] {dag.py:3947} INFO - Setting next_dagrun for steam_analytics_daily to 2026-09-03 02:00:00+00:00, run_after=2026-09-04 02:00:00+00:00
[2026-09-03T16:01:02.212+0000] {processor.py:183} INFO - Processing /opt/airflow/dags/steam_analytics.py took 0.184 seconds
[2026-09-03T16:01:32.331+0000] {processor.py:161} INFO - Started process (PID=219) to work on /opt/airflow/dags/steam_analytics.py
[2026-09-03T16:01:32.331+0000] {processor.py:830} INFO - Processing file /opt/airflow/dags/steam_analytics.py for tasks to queue
[2026-09-03T16:01:32.333+0000] {logging_mixin.py:188} INFO - [2026-09-03T16:01:32.332+0000] {dagbag.py:545} INFO - Filling up the DagBag from /opt/airflow/dags/steam_analytics.py
[2026-09-03T16:01:32.463+0000] {processor.py:840} INFO - DAG(s) 'steam_analytics_daily' retrieved from /opt/airflow/dags/steam_analytics.py
[2026-09-03T16:01:32.487+0000] {logging_mixin.py:188} INFO - [2026-09-03T16:01:32.487+0000] {dag.py:3089} INFO - Sync 1 DAGs
[2026-09-03T16:01:32.506+0000] {logging_mixin.py:188} INFO - [2026-09-03T16:01:32.506+0000] {dag.py:3947} INFO - Setting next_dagrun for steam_analytics_daily to 2026-09-03 02:00:00+00:00, run_after=2026-09-04 02:00:00+00:00
[2026-09-03T16:01:32.523+0000] {processor.py:183} INFO - Processing /opt/airflow/dags/steam_analytics.py took 0.197 seconds
[2026-09-03T16:02:02.643+0000] {processor.py:161} INFO - Started process (PID=232) to work on /opt/airflow/dags/steam_analytics.py
[2026-09-03T16:02:02.644+0000] {processor.py:830} INFO - Processing file /opt/airflow/dags/steam_analytics.py for tasks to queue
[2026-09-03T16:02:02.645+0000] {logging_mixin.py:188} INFO - [2026-09-03T16:02:02.645+0000] {dagbag.py:545} INFO - Filling up the DagBag from /opt/airflow/dags/steam_analytics.py
[2026-09-03T16:02:02.780+0000] {processor.py:840} INFO - DAG(s) 'steam_analytics_daily' retrieved from /opt/airflow/dags/steam_analytics.py
[2026-09-03T16:02:02.804+0000] {logging_mixin.py:188} INFO - [2026-09-03T16:02:02.804+0000] {dag.py:3089} INFO - Sync 1 DAGs
[2026-09-03T16:02:02.829+0000] {logging_mixin.py:188} INFO - [2026-09-03T16:02:02.828+0000] {dag.py:3947} INFO - Setting next_dagrun for steam_analytics_daily to 2026-09-03 02:00:00+00:00, run_after=2026-09-04 02:00:00+00:00
[2026-09-03T16:02:02.847+0000] {processor.py:183} INFO - Processing /opt/airflow/dags/steam_analytics.py took 0.208 seconds
[2026-09-03T16:02:32.981+0000] {processor.py:161} INFO - Started process (PID=237) to work on /opt/airflow/dags/steam_analytics.py
[2026-09-03T16:02:32.982+0000] {processor.py:830} INFO - Processing file /opt/airflow/dags/steam_analytics.py for tasks to queue
[2026-09-03T16:02:32.983+0000] {logging_mixin.py:188} INFO - [2026-09-03T16:02:32.983+0000] {dagbag.py:545} INFO - Filling up the DagBag from /opt/airflow/dags/steam_analytics.py
[2026-09-03T16:02:33.120+0000] {processor.py:840} INFO - DAG(s) 'steam_analytics_daily' retrieved from /opt/airflow/dags/steam_analytics.py
[2026-09-03T16:02:33.146+0000] {logging_mixin.py:188} INFO - [2026-09-03T16:02:33.145+0000] {dag.py:3089} INFO - Sync 1 DAGs
[2026-09-03T16:02:33.165+0000] {logging_mixin.py:188} INFO - [2026-09-03T16:02:33.165+0000] {dag.py:3947} INFO - Setting next_dagrun for steam_analytics_daily to 2026-09-03 02:00:00+00:00, run_after=2026-09-04 02:00:00+00:00
[2026-09-03T16:02:33.181+0000] {processor.py:183} INFO - Processing /opt/airflow/dags/steam_analytics.py took 0.206 seconds
[2026-09-03T16:03:03.292+0000] {processor.py:161} INFO - Started process (PID=242) to work on /opt/airflow/dags/steam_analytics.py
[2026-09-03T16:03:03.293+0000] {processor.py:830} INFO - Processing file /opt/airflow/dags/steam_analytics.py for tasks to queue
[2026-09-03T16:03:03.294+0000] {logging_mixin.py:188} INFO - [2026-09-03T16:03:03.294+0000] {dagbag.py:545} INFO - Filling up the DagBag from /opt/airflow/dags/steam_analytics.py
[2026-09-03T16:03:03.421+0000] {processor.py:840} INFO - DAG(s) 'steam_analytics_daily' retrieved from /opt/airflow/dags/steam_analytics.py
[2026-09-03T16:03:03.446+0000] {logging_mixin.py:188} INFO - [2026-09-03T16:03:03.446+0000] {dag.py:3089} INFO - Sync 1 DAGs
[2026-09-03T16:03:03.464+0000] {logging_mixin.py:188} INFO - [2026-09-03T16:03:03.464+0000] {dag.py:3947} INFO - Setting next_dagrun for steam_analytics_daily to 2026-09-03 02:00:00+00:00, run_after=2026-09-04 02:00:00+00:00
[2026-09-03T16:03:03.480+0000] {processor.py:183} INFO - Processing /opt/airflow/dags/steam_analytics.py took 0.192 seconds
[2026-09-03T16:03:33.609+0000] {processor.py:161} INFO - Started process (PID=247) to work on /opt/airflow/dags/steam_analytics.py
[2026-09-03T16:03:33.610+0000] {processor.py:830} INFO - Processing file /opt/airflow/dags/steam_analytics.py for tasks to queue
[2026-09-03T16:03:33.612+0000] {logging_mixin.py:188} INFO - [2026-09-03T16:03:33.611+0000] {dagbag.py:545} INFO - Filling up the DagBag from /opt/airflow/dags/steam_analytics.py
[2026-09-03T16:03:33.805+0000] {processor.py:840} INFO - DAG(s) 'steam_analytics_daily' retrieved from /opt/airflow/dags/steam_analytics.py
[2026-09-03T16:03:33.844+0000] {logging_mixin.py:188} INFO - [2026-09-03T16:03:33.844+0000] {dag.py:3089} INFO - Sync 1 DAGs
[2026-09-03T16:03:33.868+0000] {logging_mixin.py:188} INFO - [2026-09-03T16:03:33.868+0000] {dag.py:3947} INFO - Setting next_dagrun for steam_analytics_daily to 2026-09-03 02:00:00+00:00, run_after=2026-09-04 02:00:00+00:00
[2026-09-03T16:03:33.887+0000] {processor.py:183} INFO - Processing /opt/airflow/dags/steam_analytics.py took 0.284 seconds
[2026-09-03T16:04:04.017+0000] {processor.py:161} INFO - Started process (PID=252) to work on /opt/airflow/dags/steam_analytics.py
[2026-09-03T16:04:04.018+0000] {processor.py:830} INFO - Processing file /opt/airflow/dags/steam_analytics.py for tasks to queue
[2026-09-03T16:04:04.019+0000] {logging_mixin.py:188} INFO - [2026-09-03T16:04:04.019+0000] {dagbag.py:545} INFO - Filling up the DagBag from /opt/airflow/dags/steam_analytics.py
[2026-09-03T16:04:04.146+0000] {processor.py:840} INFO - DAG(s) 'steam_analytics_daily' retrieved from /opt/airflow/dags/steam_analytics.py
[2026-09-03T16:04:04.169+0000] {logging_mixin.py:188} INFO - [2026-09-03T16:04:04.169+0000] {dag.py:3089} INFO - Sync 1 DAGs
[2026-09-03T16:04:04.186+0000] {logging_mixin.py:188} INFO - [2026-09-03T16:04:04.186+0000] {dag.py:3947} INFO - Setting next_dagrun for steam_analytics_daily to 2026-09-03 02:00:00+00:00, run_after=2026-09-04 02:00:00+00:00
[2026-09-03T16:04:04.202+0000] {processor.py:183} INFO - Processing /opt/airflow/dags/steam_analytics.py took 0.189 seconds
[2026-09-03T16:04:34.316+0000] {processor.py:161} INFO - Started process (PID=257) to work on /opt/airflow/dags/steam_analytics.py
[2026-09-03T16:04:34.317+0000] {processor.py:830} INFO - Processing file /opt/airflow/dags/steam_analytics.py for tasks to queue
[2026-09-03T16:04:34.318+0000] {logging_mixin.py:188} INFO - [2026-09-03T16:04:34.318+0000] {dagbag.py:545} INFO - Filling up the DagBag from /opt/airflow/dags/steam_analytics.py
[2026-09-03T16:04:34.454+0000] {processor.py:840} INFO - DAG(s) 'steam_analytics_daily' retrieved from /opt/airflow/dags/steam_analytics.py
[2026-09-03T16:04:34.479+0000] {logging_mixin.py:188} INFO - [2026-09-03T16:04:34.479+0000] {dag.py:3089} INFO - Sync 1 DAGs
[2026-09-03T16:04:34.499+0000] {logging_mixin.py:188} INFO - [2026-09-03T16:04:34.499+0000] {dag.py:3947} INFO - Setting next_dagrun for steam_analytics_daily to 2026-09-03 02:00:00+00:00, run_after=2026-09-04 02:00:00+00:00
[2026-09-03T16:04:34.514+0000] {processor.py:183} INFO - Processing /opt/airflow/dags/steam_analytics.py took 0.202 seconds
[2026-09-03T16:05:04.634+0000] {processor.py:161} INFO - Started process (PID=262) to work on /opt/airflow/dags/steam_analytics.py
[2026-09-03T16:05:04.635+0000] {processor.py:830} INFO - Processing file /opt/airflow/dags/steam_analytics.py for tasks to queue
[2026-09-03T16:05:04.636+0000] {logging_mixin.py:188} INFO - [2026-09-03T16:05:04.636+0000] {dagbag.py:545} INFO - Filling up the DagBag from /opt/airflow/dags/steam_analytics.py
[2026-09-03T16:05:04.772+0000] {processor.py:840} INFO - DAG(s) 'steam_analytics_daily' retrieved from /opt/airflow/dags/steam_analytics.py
[2026-09-03T16:05:04.797+0000] {logging_mixin.py:188} INFO - [2026-09-03T16:05:04.797+0000] {dag.py:3089} INFO - Sync 1 DAGs
[2026-09-03T16:05:04.815+0000] {logging_mixin.py:188} INFO - [2026-09-03T16:05:04.815+0000] {dag.py:3947} INFO - Setting next_dagrun for steam_analytics_daily to 2026-09-03 02:00:00+00:00, run_after=2026-09-04 02:00:00+00:00
[2026-09-03T16:05:04.858+0000] {processor.py:183} INFO - Processing /opt/airflow/dags/steam_analytics.py took 0.228 seconds
[2026-09-03T16:05:34.972+0000] {processor.py:161} INFO - Started process (PID=267) to work on /opt/airflow/dags/steam_analytics.py
[2026-09-03T16:05:34.973+0000] {processor.py:830} INFO - Processing file /opt/airflow/dags/steam_analytics.py for tasks to queue
[2026-09-03T16:05:34.975+0000] {logging_mixin.py:188} INFO - [2026-09-03T16:05:34.974+0000] {dagbag.py:545} INFO - Filling up the DagBag from /opt/airflow/dags/steam_analytics.py
[2026-09-03T16:05:35.118+0000] {processor.py:840} INFO - DAG(s) 'steam_analytics_daily' retrieved from /opt/airflow/dags/steam_analytics.py
[2026-09-03T16:05:35.149+0000] {logging_mixin.py:188} INFO - [2026-09-03T16:05:35.149+0000] {dag.py:3089} INFO - Sync 1 DAGs
[2026-09-03T16:05:35.169+0000] {logging_mixin.py:188} INFO - [2026-09-03T16:05:35.168+0000] {dag.py:3947} INFO - Setting next_dagrun for steam_analytics_daily to 2026-09-03 02:00:00+00:00, run_after=2026-09-04 02:00:00+00:00
[2026-09-03T16:05:35.188+0000] {processor.py:183} INFO - Processing /opt/airflow/dags/steam_analytics.py took 0.220 seconds
[2026-09-03T16:06:05.306+0000] {processor.py:161} INFO - Started process (PID=272) to work on /opt/airflow/dags/steam_analytics.py
[2026-09-03T16:06:05.306+0000] {processor.py:830} INFO - Processing file /opt/airflow/dags/steam_analytics.py for tasks to queue
[2026-09-03T16:06:05.308+0000] {logging_mixin.py:188} INFO - [2026-09-03T16:06:05.307+0000] {dagbag.py:545} INFO - Filling up the DagBag from /opt/airflow/dags/steam_analytics.py
[2026-09-03T16:06:05.449+0000] {processor.py:840} INFO - DAG(s) 'steam_analytics_daily' retrieved from /opt/airflow/dags/steam_analytics.py
[2026-09-03T16:06:05.477+0000] {logging_mixin.py:188} INFO - [2026-09-03T16:06:05.477+0000] {dag.py:3089} INFO - Sync 1 DAGs
[2026-09-03T16:06:05.496+0000] {logging_mixin.py:188} INFO - [2026-09-03T16:06:05.496+0000] {dag.py:3947} INFO - Setting next_dagrun for steam_analytics_daily to 2026-09-03 02:00:00+00:00, run_after=2026-09-04 02:00:00+00:00
[2026-09-03T16:06:05.512+0000] {processor.py:183} INFO - Processing /opt/airflow/dags/steam_analytics.py took 0.211 seconds
[2026-09-03T16:06:35.631+0000] {processor.py:161} INFO - Started process (PID=277) to work on /opt/airflow/dags/steam_analytics.py
[2026-09-03T16:06:35.631+0000] {processor.py:830} INFO - Processing file /opt/airflow/dags/steam_analytics.py for tasks to queue
[2026-09-03T16:06:35.633+0000] {logging_mixin.py:188} INFO - [2026-09-03T16:06:35.633+0000] {dagbag.py:545} INFO - Filling up the DagBag from /opt/airflow/dags/steam_analytics.py
[2026-09-03T16:06:35.765+0000] {processor.py:840} INFO - DAG(s) 'steam_analytics_daily' retrieved from /opt/airflow/dags/steam_analytics.py
[2026-09-03T16:06:35.790+0000] {logging_mixin.py:188} INFO - [2026-09-03T16:06:35.789+0000] {dag.py:3089} INFO - Sync 1 DAGs
[2026-09-03T16:06:35.811+0000] {logging_mixin.py:188} INFO - [2026-09-03T16:06:35.811+0000] {dag.py:3947} INFO - Setting next_dagrun for steam_analytics_daily to 2026-09-03 02:00:00+00:00, run_after=2026-09-04 02:00:00+00:00
[2026-09-03T16:06:35.829+0000] {processor.py:183} INFO - Processing /opt/airflow/dags/steam_analytics.py took 0.203 seconds
[2026-09-03T16:07:05.949+0000] {processor.py:161} INFO - Started process (PID=282) to work on /opt/airflow/dags/steam_analytics.py
[2026-09-03T16:07:05.950+0000] {processor.py:830} INFO - Processing file /opt/airflow/dags/steam_analytics.py for tasks to queue
[2026-09-03T16:07:05.951+0000] {logging_mixin.py:188} INFO - [2026-09-03T16:07:05.951+0000] {dagbag.py:545} INFO - Filling up the DagBag from /opt/airflow/dags/steam_analytics.py
[2026-09-03T16:07:06.082+0000] {processor.py:840} INFO - DAG(s) 'steam_analytics_daily' retrieved from /opt/airflow/dags/steam_analytics.py
[2026-09-03T16:07:06.108+0000] {logging_mixin.py:188} INFO - [2026-09-03T16:07:06.107+0000] {dag.py:3089} INFO - Sync 1 DAGs
[2026-09-03T16:07:06.126+0000] {logging_mixin.py:188} INFO - [2026-09-03T16:07:06.126+0000] {dag.py:3947} INFO - Setting next_dagrun for steam_analytics_daily to 2026-09-03 02:00:00+00:00, run_after=2026-09-04 02:00:00+00:00
[2026-09-03T16:07:06.142+0000] {processor.py:183} INFO - Processing /opt/airflow/dags/steam_analytics.py took 0.198 seconds
[2026-09-03T16:07:36.260+0000] {processor.py:161} INFO - Started process (PID=287) to work on /opt/airflow/dags/steam_analytics.py
[2026-09-03T16:07:36.261+0000] {processor.py:830} INFO - Processing file /opt/airflow/dags/steam_analytics.py for tasks to queue
[2026-09-03T16:07:36.262+0000] {logging_mixin.py:188} INFO - [2026-09-03T16:07:36.262+0000] {dagbag.py:545} INFO - Filling up the DagBag from /opt/airflow/dags/steam_analytics.py
[2026-09-03T16:07:36.403+0000] {processor.py:840} INFO - DAG(s) 'steam_analytics_daily' retrieved from /opt/airflow/dags/steam_analytics.py
[2026-09-03T16:07:36.428+0000] {logging_mixin.py:188} INFO - [2026-09-03T16:07:36.427+0000] {dag.py:3089} INFO - Sync 1 DAGs
[2026-09-03T16:07:36.446+0000] {logging_mixin.py:188} INFO - [2026-09-03T16:07:36.446+0000] {dag.py:3947} INFO - Setting next_dagrun for steam_analytics_daily to 2026-09-03 02:00:00+00:00, run_after=2026-09-04 02:00:00+00:00
[2026-09-03T16:07:36.461+0000] {processor.py:183} INFO - Processing /opt/airflow/dags/steam_analytics.py took 0.205 seconds
[2026-09-03T16:08:06.581+0000] {processor.py:161} INFO - Started process (PID=292) to work on /opt/airflow/dags/steam_analytics.py
[2026-09-03T16:08:06.582+0000] {processor.py:830} INFO - Processing file /opt/airflow/dags/steam_analytics.py for tasks to queue
[2026-09-03T16:08:06.583+0000] {logging_mixin.py:188} INFO - [2026-09-03T16:08:06.583+0000] {dagbag.py:545} INFO - Filling up the DagBag from /opt/airflow/dags/steam_analytics.py
[2026-09-03T16:08:06.709+0000] {processor.py:840} INFO - DAG(s) 'steam_analytics_daily' retrieved from /opt/airflow/dags/steam_analytics.py
[2026-09-03T16:08:06.733+0000] {logging_mixin.py:188} INFO - [2026-09-03T16:08:06.733+0000] {dag.py:3089} INFO - Sync 1 DAGs
[2026-09-03T16:08:06.750+0000] {logging_mixin.py:188} INFO - [2026-09-03T16:08:06.750+0000] {dag.py:3947} INFO - Setting next_dagrun for steam_analytics_daily to 2026-09-03 02:00:00+00:00, run_after=2026-09-04 02:00:00+00:00
[2026-09-03T16:08:06.765+0000] {processor.py:183} INFO - Processing /opt/airflow/dags/steam_analytics.py took 0.188 seconds
[2026-09-03T16:08:36.884+0000] {processor.py:161} INFO - Started process (PID=297) to work on /opt/airflow/dags/steam_analytics.py
[2026-09-03T16:08:36.885+0000] {processor.py:830} INFO - Processing file /opt/airflow/dags/steam_analytics.py for tasks to queue
[2026-09-03T16:08:36.886+0000] {logging_mixin.py:188} INFO - [2026-09-03T16:08:36.886+0000] {dagbag.py:545} INFO - Filling up the DagBag from /opt/airflow/dags/steam_analytics.py
[2026-09-03T16:08:37.015+0000] {processor.py:840} INFO - DAG(s) 'steam_analytics_daily' retrieved from /opt/airflow/dags/steam_analytics.py
[2026-09-03T16:08:37.039+0000] {logging_mixin.py:188} INFO - [2026-09-03T16:08:37.039+0000] {dag.py:3089} INFO - Sync 1 DAGs
[2026-09-03T16:08:37.057+0000] {logging_mixin.py:188} INFO - [2026-09-03T16:08:37.057+0000] {dag.py:3947} INFO - Setting next_dagrun for steam_analytics_daily to 2026-09-03 02:00:00+00:00, run_after=2026-09-04 02:00:00+00:00
[2026-09-03T16:08:37.073+0000] {processor.py:183} INFO - Processing /opt/airflow/dags/steam_analytics.py took 0.195 seconds
[2026-09-03T16:09:07.197+0000] {processor.py:161} INFO - Started process (PID=302) to work on /opt/airflow/dags/steam_analytics.py
[2026-09-03T16:09:07.198+0000] {processor.py:830} INFO - Processing file /opt/airflow/dags/steam_analytics.py for tasks to queue
[2026-09-03T16:09:07.199+0000] {logging_mixin.py:188} INFO - [2026-09-03T16:09:07.199+0000] {dagbag.py:545} INFO - Filling up the DagBag from /opt/airflow/dags/steam_analytics.py
[2026-09-03T16:09:07.336+0000] {processor.py:840} INFO - DAG(s) 'steam_analytics_daily' retrieved from /opt/airflow/dags/steam_analytics.py
[2026-09-03T16:09:07.360+0000] {logging_mixin.py:188} INFO - [2026-09-03T16:09:07.360+0000] {dag.py:3089} INFO - Sync 1 DAGs
[2026-09-03T16:09:07.380+0000] {logging_mixin.py:188} INFO - [2026-09-03T16:09:07.380+0000] {dag.py:3947} INFO - Setting next_dagrun for steam_analytics_daily to 2026-09-03 02:00:00+00:00, run_after=2026-09-04 02:00:00+00:00
[2026-09-03T16:09:07.396+0000] {processor.py:183} INFO - Processing /opt/airflow/dags/steam_analytics.py took 0.203 seconds
[2026-09-03T16:09:37.520+0000] {processor.py:161} INFO - Started process (PID=307) to work on /opt/airflow/dags/steam_analytics.py
[2026-09-03T16:09:37.522+0000] {processor.py:830} INFO - Processing file /opt/airflow/dags/steam_analytics.py for tasks to queue
[2026-09-03T16:09:37.526+0000] {logging_mixin.py:188} INFO - [2026-09-03T16:09:37.525+0000] {dagbag.py:545} INFO - Filling up the DagBag from /opt/airflow/dags/steam_analytics.py
[2026-09-03T16:09:37.714+0000] {processor.py:840} INFO - DAG(s) 'steam_analytics_daily' retrieved from /opt/airflow/dags/steam_analytics.py
[2026-09-03T16:09:37.742+0000] {logging_mixin.py:188} INFO - [2026-09-03T16:09:37.742+0000] {dag.py:3089} INFO - Sync 1 DAGs
[2026-09-03T16:09:37.763+0000] {logging_mixin.py:188} INFO - [2026-09-03T16:09:37.763+0000] {dag.py:3947} INFO - Setting next_dagrun for steam_analytics_daily to 2026-09-03 02:00:00+00:00, run_after=2026-09-04 02:00:00+00:00
[2026-09-03T16:09:37.783+0000] {processor.py:183} INFO - Processing /opt/airflow/dags/steam_analytics.py took 0.270 seconds
[2026-09-03T16:10:07.908+0000] {processor.py:161} INFO - Started process (PID=312) to work on /opt/airflow/dags/steam_analytics.py
[2026-09-03T16:10:07.908+0000] {processor.py:830} INFO - Processing file /opt/airflow/dags/steam_analytics.py for tasks to queue
[2026-09-03T16:10:07.910+0000] {logging_mixin.py:188} INFO - [2026-09-03T16:10:07.910+0000] {dagbag.py:545} INFO - Filling up the DagBag from /opt/airflow/dags/steam_analytics.py
[2026-09-03T16:10:08.050+0000] {processor.py:840} INFO - DAG(s) 'steam_analytics_daily' retrieved from /opt/airflow/dags/steam_analytics.py
[2026-09-03T16:10:08.075+0000] {logging_mixin.py:188} INFO - [2026-09-03T16:10:08.075+0000] {dag.py:3089} INFO - Sync 1 DAGs
[2026-09-03T16:10:08.095+0000] {logging_mixin.py:188} INFO - [2026-09-03T16:10:08.095+0000] {dag.py:3947} INFO - Setting next_dagrun for steam_analytics_daily to 2026-09-03 02:00:00+00:00, run_after=2026-09-04 02:00:00+00:00
[2026-09-03T16:10:08.112+0000] {processor.py:183} INFO - Processing /opt/airflow/dags/steam_analytics.py took 0.208 seconds
[2026-09-03T16:10:38.230+0000] {processor.py:161} INFO - Started process (PID=317) to work on /opt/airflow/dags/steam_analytics.py
[2026-09-03T16:10:38.230+0000] {processor.py:830} INFO - Processing file /opt/airflow/dags/steam_analytics.py for tasks to queue
[2026-09-03T16:10:38.232+0000] {logging_mixin.py:188} INFO - [2026-09-03T16:10:38.232+0000] {dagbag.py:545} INFO - Filling up the DagBag from /opt/airflow/dags/steam_analytics.py
[2026-09-03T16:10:38.361+0000] {processor.py:840} INFO - DAG(s) 'steam_analytics_daily' retrieved from /opt/airflow/dags/steam_analytics.py
[2026-09-03T16:10:38.386+0000] {logging_mixin.py:188} INFO - [2026-09-03T16:10:38.385+0000] {dag.py:3089} INFO - Sync 1 DAGs
[2026-09-03T16:10:38.404+0000] {logging_mixin.py:188} INFO - [2026-09-03T16:10:38.403+0000] {dag.py:3947} INFO - Setting next_dagrun for steam_analytics_daily to 2026-09-03 02:00:00+00:00, run_after=2026-09-04 02:00:00+00:00
[2026-09-03T16:10:38.419+0000] {processor.py:183} INFO - Processing /opt/airflow/dags/steam_analytics.py took 0.193 seconds
[2026-09-03T16:11:08.536+0000] {processor.py:161} INFO - Started process (PID=322) to work on /opt/airflow/dags/steam_analytics.py
[2026-09-03T16:11:08.537+0000] {processor.py:830} INFO - Processing file /opt/airflow/dags/steam_analytics.py for tasks to queue
[2026-09-03T16:11:08.538+0000] {logging_mixin.py:188} INFO - [2026-09-03T16:11:08.538+0000] {dagbag.py:545} INFO - Filling up the DagBag from /opt/airflow/dags/steam_analytics.py
[2026-09-03T16:11:08.672+0000] {processor.py:840} INFO - DAG(s) 'steam_analytics_daily' retrieved from /opt/airflow/dags/steam_analytics.py
[2026-09-03T16:11:08.696+0000] {logging_mixin.py:188} INFO - [2026-09-03T16:11:08.696+0000] {dag.py:3089} INFO - Sync 1 DAGs
[2026-09-03T16:11:08.716+0000] {logging_mixin.py:188} INFO - [2026-09-03T16:11:08.715+0000] {dag.py:3947} INFO - Setting next_dagrun for steam_analytics_daily to 2026-09-03 02:00:00+00:00, run_after=2026-09-04 02:00:00+00:00
[2026-09-03T16:11:08.731+0000] {processor.py:183} INFO - Processing /opt/airflow/dags/steam_analytics.py took 0.199 seconds
[2026-09-03T16:11:38.856+0000] {processor.py:161} INFO - Started process (PID=327) to work on /opt/airflow/dags/steam_analytics.py
[2026-09-03T16:11:38.857+0000] {processor.py:830} INFO - Processing file /opt/airflow/dags/steam_analytics.py for tasks to queue
[2026-09-03T16:11:38.858+0000] {logging_mixin.py:188} INFO - [2026-09-03T16:11:38.858+0000] {dagbag.py:545} INFO - Filling up the DagBag from /opt/airflow/dags/steam_analytics.py
[2026-09-03T16:11:39.012+0000] {processor.py:840} INFO - DAG(s) 'steam_analytics_daily' retrieved from /opt/airflow/dags/steam_analytics.py
[2026-09-03T16:11:39.043+0000] {logging_mixin.py:188} INFO - [2026-09-03T16:11:39.043+0000] {dag.py:3089} INFO - Sync 1 DAGs
[2026-09-03T16:11:39.067+0000] {logging_mixin.py:188} INFO - [2026-09-03T16:11:39.067+0000] {dag.py:3947} INFO - Setting next_dagrun for steam_analytics_daily to 2026-09-03 02:00:00+00:00, run_after=2026-09-04 02:00:00+00:00
[2026-09-03T16:11:39.087+0000] {processor.py:183} INFO - Processing /opt/airflow/dags/steam_analytics.py took 0.237 seconds
[2026-09-03T16:12:09.212+0000] {processor.py:161} INFO - Started process (PID=332) to work on /opt/airflow/dags/steam_analytics.py
[2026-09-03T16:12:09.213+0000] {processor.py:830} INFO - Processing file /opt/airflow/dags/steam_analytics.py for tasks to queue
[2026-09-03T16:12:09.214+0000] {logging_mixin.py:188} INFO - [2026-09-03T16:12:09.214+0000] {dagbag.py:545} INFO - Filling up the DagBag from /opt/airflow/dags/steam_analytics.py
[2026-09-03T16:12:09.361+0000] {processor.py:840} INFO - DAG(s) 'steam_analytics_daily' retrieved from /opt/airflow/dags/steam_analytics.py
[2026-09-03T16:12:09.388+0000] {logging_mixin.py:188} INFO - [2026-09-03T16:12:09.388+0000] {dag.py:3089} INFO - Sync 1 DAGs
[2026-09-03T16:12:09.410+0000] {logging_mixin.py:188} INFO - [2026-09-03T16:12:09.410+0000] {dag.py:3947} INFO - Setting next_dagrun for steam_analytics_daily to 2026-09-03 02:00:00+00:00, run_after=2026-09-04 02:00:00+00:00
[2026-09-03T16:12:09.427+0000] {processor.py:183} INFO - Processing /opt/airflow/dags/steam_analytics.py took 0.220 seconds
[2026-09-03T16:12:39.552+0000] {processor.py:161} INFO - Started process (PID=337) to work on /opt/airflow/dags/steam_analytics.py
[2026-09-03T16:12:39.553+0000] {processor.py:830} INFO - Processing file /opt/airflow/dags/steam_analytics.py for tasks to queue
[2026-09-03T16:12:39.554+0000] {logging_mixin.py:188} INFO - [2026-09-03T16:12:39.554+0000] {dagbag.py:545} INFO - Filling up the DagBag from /opt/airflow/dags/steam_analytics.py
[2026-09-03T16:12:39.702+0000] {processor.py:840} INFO - DAG(s) 'steam_analytics_daily' retrieved from /opt/airflow/dags/steam_analytics.py
[2026-09-03T16:12:39.726+0000] {logging_mixin.py:188} INFO - [2026-09-03T16:12:39.726+0000] {dag.py:3089} INFO - Sync 1 DAGs
[2026-09-03T16:12:39.745+0000] {logging_mixin.py:188} INFO - [2026-09-03T16:12:39.745+0000] {dag.py:3947} INFO - Setting next_dagrun for steam_analytics_daily to 2026-09-03 02:00:00+00:00, run_after=2026-09-04 02:00:00+00:00
[2026-09-03T16:12:39.760+0000] {processor.py:183} INFO - Processing /opt/airflow/dags/steam_analytics.py took 0.214 seconds
[2026-09-03T16:13:09.879+0000] {processor.py:161} INFO - Started process (PID=342) to work on /opt/airflow/dags/steam_analytics.py
[2026-09-03T16:13:09.880+0000] {processor.py:830} INFO - Processing file /opt/airflow/dags/steam_analytics.py for tasks to queue
[2026-09-03T16:13:09.882+0000] {logging_mixin.py:188} INFO - [2026-09-03T16:13:09.882+0000] {dagbag.py:545} INFO - Filling up the DagBag from /opt/airflow/dags/steam_analytics.py
[2026-09-03T16:13:10.023+0000] {processor.py:840} INFO - DAG(s) 'steam_analytics_daily' retrieved from /opt/airflow/dags/steam_analytics.py
[2026-09-03T16:13:10.047+0000] {logging_mixin.py:188} INFO - [2026-09-03T16:13:10.047+0000] {dag.py:3089} INFO - Sync 1 DAGs
[2026-09-03T16:13:10.066+0000] {logging_mixin.py:188} INFO - [2026-09-03T16:13:10.066+0000] {dag.py:3947} INFO - Setting next_dagrun for steam_analytics_daily to 2026-09-03 02:00:00+00:00, run_after=2026-09-04 02:00:00+00:00
[2026-09-03T16:13:10.082+0000] {processor.py:183} INFO - Processing /opt/airflow/dags/steam_analytics.py took 0.207 seconds
[2026-09-03T16:13:40.203+0000] {processor.py:161} INFO - Started process (PID=347) to work on /opt/airflow/dags/steam_analytics.py
[2026-09-03T16:13:40.204+0000] {processor.py:830} INFO - Processing file /opt/airflow/dags/steam_analytics.py for tasks to queue
[2026-09-03T16:13:40.205+0000] {logging_mixin.py:188} INFO - [2026-09-03T16:13:40.205+0000] {dagbag.py:545} INFO - Filling up the DagBag from /opt/airflow/dags/steam_analytics.py
[2026-09-03T16:13:40.343+0000] {processor.py:840} INFO - DAG(s) 'steam_analytics_daily' retrieved from /opt/airflow/dags/steam_analytics.py
[2026-09-03T16:13:40.368+0000] {logging_mixin.py:188} INFO - [2026-09-03T16:13:40.368+0000] {dag.py:3089} INFO - Sync 1 DAGs
[2026-09-03T16:13:40.390+0000] {logging_mixin.py:188} INFO - [2026-09-03T16:13:40.390+0000] {dag.py:3947} INFO - Setting next_dagrun for steam_analytics_daily to 2026-09-03 02:00:00+00:00, run_after=2026-09-04 02:00:00+00:00
[2026-09-03T16:13:40.409+0000] {processor.py:183} INFO - Processing /opt/airflow/dags/steam_analytics.py took 0.211 seconds
[2026-09-03T16:14:10.527+0000] {processor.py:161} INFO - Started process (PID=352) to work on /opt/airflow/dags/steam_analytics.py
[2026-09-03T16:14:10.527+0000] {processor.py:830} INFO - Processing file /opt/airflow/dags/steam_analytics.py for tasks to queue
[2026-09-03T16:14:10.529+0000] {logging_mixin.py:188} INFO - [2026-09-03T16:14:10.529+0000] {dagbag.py:545} INFO - Filling up the DagBag from /opt/airflow/dags/steam_analytics.py
[2026-09-03T16:14:10.662+0000] {processor.py:840} INFO - DAG(s) 'steam_analytics_daily' retrieved from /opt/airflow/dags/steam_analytics.py
[2026-09-03T16:14:10.686+0000] {logging_mixin.py:188} INFO - [2026-09-03T16:14:10.686+0000] {dag.py:3089} INFO - Sync 1 DAGs
[2026-09-03T16:14:10.704+0000] {logging_mixin.py:188} INFO - [2026-09-03T16:14:10.704+0000] {dag.py:3947} INFO - Setting next_dagrun for steam_analytics_daily to 2026-09-03 02:00:00+00:00, run_after=2026-09-04 02:00:00+00:00
[2026-09-03T16:14:10.719+0000] {processor.py:183} INFO - Processing /opt/airflow/dags/steam_analytics.py took 0.197 seconds
[2026-09-03T16:14:40.833+0000] {processor.py:161} INFO - Started process (PID=357) to work on /opt/airflow/dags/steam_analytics.py
[2026-09-03T16:14:40.834+0000] {processor.py:830} INFO - Processing file /opt/airflow/dags/steam_analytics.py for tasks to queue
[2026-09-03T16:14:40.835+0000] {logging_mixin.py:188} INFO - [2026-09-03T16:14:40.835+0000] {dagbag.py:545} INFO - Filling up the DagBag from /opt/airflow/dags/steam_analytics.py
[2026-09-03T16:14:40.958+0000] {processor.py:840} INFO - DAG(s) 'steam_analytics_daily' retrieved from /opt/airflow/dags/steam_analytics.py
[2026-09-03T16:14:40.982+0000] {logging_mixin.py:188} INFO - [2026-09-03T16:14:40.981+0000] {dag.py:3089} INFO - Sync 1 DAGs
[2026-09-03T16:14:41.000+0000] {logging_mixin.py:188} INFO - [2026-09-03T16:14:41.000+0000] {dag.py:3947} INFO - Setting next_dagrun for steam_analytics_daily to 2026-09-03 02:00:00+00:00, run_after=2026-09-04 02:00:00+00:00
[2026-09-03T16:14:41.015+0000] {processor.py:183} INFO - Processing /opt/airflow/dags/steam_analytics.py took 0.186 seconds
[2026-09-03T16:15:11.146+0000] {processor.py:161} INFO - Started process (PID=362) to work on /opt/airflow/dags/steam_analytics.py
[2026-09-03T16:15:11.146+0000] {processor.py:830} INFO - Processing file /opt/airflow/dags/steam_analytics.py for tasks to queue
[2026-09-03T16:15:11.148+0000] {logging_mixin.py:188} INFO - [2026-09-03T16:15:11.148+0000] {dagbag.py:545} INFO - Filling up the DagBag from /opt/airflow/dags/steam_analytics.py
[2026-09-03T16:15:11.297+0000] {processor.py:840} INFO - DAG(s) 'steam_analytics_daily' retrieved from /opt/airflow/dags/steam_analytics.py
[2026-09-03T16:15:11.324+0000] {logging_mixin.py:188} INFO - [2026-09-03T16:15:11.324+0000] {dag.py:3089} INFO - Sync 1 DAGs
[2026-09-03T16:15:11.345+0000] {logging_mixin.py:188} INFO - [2026-09-03T16:15:11.344+0000] {dag.py:3947} INFO - Setting next_dagrun for steam_analytics_daily to 2026-09-03 02:00:00+00:00, run_after=2026-09-04 02:00:00+00:00
[2026-09-03T16:15:11.362+0000] {processor.py:183} INFO - Processing /opt/airflow/dags/steam_analytics.py took 0.222 seconds
[2026-09-03T16:15:41.490+0000] {processor.py:161} INFO - Started process (PID=367) to work on /opt/airflow/dags/steam_analytics.py
[2026-09-03T16:15:41.490+0000] {processor.py:830} INFO - Processing file /opt/airflow/dags/steam_analytics.py for tasks to queue
[2026-09-03T16:15:41.492+0000] {logging_mixin.py:188} INFO - [2026-09-03T16:15:41.491+0000] {dagbag.py:545} INFO - Filling up the DagBag from /opt/airflow/dags/steam_analytics.py
[2026-09-03T16:15:41.650+0000] {processor.py:840} INFO - DAG(s) 'steam_analytics_daily' retrieved from /opt/airflow/dags/steam_analytics.py
[2026-09-03T16:15:41.675+0000] {logging_mixin.py:188} INFO - [2026-09-03T16:15:41.675+0000] {dag.py:3089} INFO - Sync 1 DAGs
[2026-09-03T16:15:41.697+0000] {logging_mixin.py:188} INFO - [2026-09-03T16:15:41.697+0000] {dag.py:3947} INFO - Setting next_dagrun for steam_analytics_daily to 2026-09-03 02:00:00+00:00, run_after=2026-09-04 02:00:00+00:00
[2026-09-03T16:15:41.714+0000] {processor.py:183} INFO - Processing /opt/airflow/dags/steam_analytics.py took 0.228 seconds
[2026-09-03T16:16:11.840+0000] {processor.py:161} INFO - Started process (PID=372) to work on /opt/airflow/dags/steam_analytics.py
[2026-09-03T16:16:11.841+0000] {processor.py:830} INFO - Processing file /opt/airflow/dags/steam_analytics.py for tasks to queue
[2026-09-03T16:16:11.842+0000] {logging_mixin.py:188} INFO - [2026-09-03T16:16:11.842+0000] {dagbag.py:545} INFO - Filling up the DagBag from /opt/airflow/dags/steam_analytics.py
[2026-09-03T16:16:11.991+0000] {processor.py:840} INFO - DAG(s) 'steam_analytics_daily' retrieved from /opt/airflow/dags/steam_analytics.py
[2026-09-03T16:16:12.021+0000] {logging_mixin.py:188} INFO - [2026-09-03T16:16:12.021+0000] {dag.py:3089} INFO - Sync 1 DAGs
[2026-09-03T16:16:12.042+0000] {logging_mixin.py:188} INFO - [2026-09-03T16:16:12.041+0000] {dag.py:3947} INFO - Setting next_dagrun for steam_analytics_daily to 2026-09-03 02:00:00+00:00, run_after=2026-09-04 02:00:00+00:00
[2026-09-03T16:16:12.059+0000] {processor.py:183} INFO - Processing /opt/airflow/dags/steam_analytics.py took 0.223 seconds
[2026-09-03T16:16:42.189+0000] {processor.py:161} INFO - Started process (PID=377) to work on /opt/airflow/dags/steam_analytics.py
[2026-09-03T16:16:42.190+0000] {processor.py:830} INFO - Processing file /opt/airflow/dags/steam_analytics.py for tasks to queue
[2026-09-03T16:16:42.191+0000] {logging_mixin.py:188} INFO - [2026-09-03T16:16:42.191+0000] {dagbag.py:545} INFO - Filling up the DagBag from /opt/airflow/dags/steam_analytics.py
[2026-09-03T16:16:42.328+0000] {processor.py:840} INFO - DAG(s) 'steam_analytics_daily' retrieved from /opt/airflow/dags/steam_analytics.py
[2026-09-03T16:16:42.354+0000] {logging_mixin.py:188} INFO - [2026-09-03T16:16:42.354+0000] {dag.py:3089} INFO - Sync 1 DAGs
[2026-09-03T16:16:42.372+0000] {logging_mixin.py:188} INFO - [2026-09-03T16:16:42.372+0000] {dag.py:3947} INFO - Setting next_dagrun for steam_analytics_daily to 2026-09-03 02:00:00+00:00, run_after=2026-09-04 02:00:00+00:00
[2026-09-03T16:16:42.387+0000] {processor.py:183} INFO - Processing /opt/airflow/dags/steam_analytics.py took 0.204 seconds
[2026-09-03T16:17:12.509+0000] {processor.py:161} INFO - Started process (PID=382) to work on /opt/airflow/dags/steam_analytics.py
[2026-09-03T16:17:12.510+0000] {processor.py:830} INFO - Processing file /opt/airflow/dags/steam_analytics.py for tasks to queue
[2026-09-03T16:17:12.511+0000] {logging_mixin.py:188} INFO - [2026-09-03T16:17:12.511+0000] {dagbag.py:545} INFO - Filling up the DagBag from /opt/airflow/dags/steam_analytics.py
[2026-09-03T16:17:12.648+0000] {processor.py:840} INFO - DAG(s) 'steam_analytics_daily' retrieved from /opt/airflow/dags/steam_analytics.py
[2026-09-03T16:17:12.673+0000] {logging_mixin.py:188} INFO - [2026-09-03T16:17:12.673+0000] {dag.py:3089} INFO - Sync 1 DAGs
[2026-09-03T16:17:12.691+0000] {logging_mixin.py:188} INFO - [2026-09-03T16:17:12.691+0000] {dag.py:3947} INFO - Setting next_dagrun for steam_analytics_daily to 2026-09-03 02:00:00+00:00, run_after=2026-09-04 02:00:00+00:00
[2026-09-03T16:17:12.707+0000] {processor.py:183} INFO - Processing /opt/airflow/dags/steam_analytics.py took 0.202 seconds
[2026-09-03T16:17:42.823+0000] {processor.py:161} INFO - Started process (PID=387) to work on /opt/airflow/dags/steam_analytics.py
[2026-09-03T16:17:42.824+0000] {processor.py:830} INFO - Processing file /opt/airflow/dags/steam_analytics.py for tasks to queue
[2026-09-03T16:17:42.825+0000] {logging_mixin.py:188} INFO - [2026-09-03T16:17:42.825+0000] {dagbag.py:545} INFO - Filling up the DagBag from /opt/airflow/dags/steam_analytics.py
[2026-09-03T16:17:42.949+0000] {processor.py:840} INFO - DAG(s) 'steam_analytics_daily' retrieved from /opt/airflow/dags/steam_analytics.py
[2026-09-03T16:17:42.973+0000] {logging_mixin.py:188} INFO - [2026-09-03T16:17:42.973+0000] {dag.py:3089} INFO - Sync 1 DAGs
[2026-09-03T16:17:42.992+0000] {logging_mixin.py:188} INFO - [2026-09-03T16:17:42.992+0000] {dag.py:3947} INFO - Setting next_dagrun for steam_analytics_daily to 2026-09-03 02:00:00+00:00, run_after=2026-09-04 02:00:00+00:00
[2026-09-03T16:17:43.007+0000] {processor.py:183} INFO - Processing /opt/airflow/dags/steam_analytics.py took 0.188 seconds
[2026-09-03T16:18:13.120+0000] {processor.py:161} INFO - Started process (PID=392) to work on /opt/airflow/dags/steam_analytics.py
[2026-09-03T16:18:13.121+0000] {processor.py:830} INFO - Processing file /opt/airflow/dags/steam_analytics.py for tasks to queue
[2026-09-03T16:18:13.122+0000] {logging_mixin.py:188} INFO - [2026-09-03T16:18:13.122+0000] {dagbag.py:545} INFO - Filling up the DagBag from /opt/airflow/dags/steam_analytics.py
[2026-09-03T16:18:13.250+0000] {processor.py:840} INFO - DAG(s) 'steam_analytics_daily' retrieved from /opt/airflow/dags/steam_analytics.py
[2026-09-03T16:18:13.275+0000] {logging_mixin.py:188} INFO - [2026-09-03T16:18:13.275+0000] {dag.py:3089} INFO - Sync 1 DAGs
[2026-09-03T16:18:13.298+0000] {logging_mixin.py:188} INFO - [2026-09-03T16:18:13.298+0000] {dag.py:3947} INFO - Setting next_dagrun for steam_analytics_daily to 2026-09-03 02:00:00+00:00, run_after=2026-09-04 02:00:00+00:00
[2026-09-03T16:18:13.315+0000] {processor.py:183} INFO - Processing /opt/airflow/dags/steam_analytics.py took 0.199 seconds
[2026-09-03T16:18:43.429+0000] {processor.py:161} INFO - Started process (PID=397) to work on /opt/airflow/dags/steam_analytics.py
[2026-09-03T16:18:43.430+0000] {processor.py:830} INFO - Processing file /opt/airflow/dags/steam_analytics.py for tasks to queue
[2026-09-03T16:18:43.431+0000] {logging_mixin.py:188} INFO - [2026-09-03T16:18:43.431+0000] {dagbag.py:545} INFO - Filling up the DagBag from /opt/airflow/dags/steam_analytics.py
[2026-09-03T16:18:43.558+0000] {processor.py:840} INFO - DAG(s) 'steam_analytics_daily' retrieved from /opt/airflow/dags/steam_analytics.py
[2026-09-03T16:18:43.585+0000] {logging_mixin.py:188} INFO - [2026-09-03T16:18:43.584+0000] {dag.py:3089} INFO - Sync 1 DAGs
[2026-09-03T16:18:43.607+0000] {logging_mixin.py:188} INFO - [2026-09-03T16:18:43.607+0000] {dag.py:3947} INFO - Setting next_dagrun for steam_analytics_daily to 2026-09-03 02:00:00+00:00, run_after=2026-09-04 02:00:00+00:00
[2026-09-03T16:18:43.626+0000] {processor.py:183} INFO - Processing /opt/airflow/dags/steam_analytics.py took 0.201 seconds
[2026-09-03T16:19:13.751+0000] {processor.py:161} INFO - Started process (PID=402) to work on /opt/airflow/dags/steam_analytics.py
[2026-09-03T16:19:13.751+0000] {processor.py:830} INFO - Processing file /opt/airflow/dags/steam_analytics.py for tasks to queue
[2026-09-03T16:19:13.753+0000] {logging_mixin.py:188} INFO - [2026-09-03T16:19:13.752+0000] {dagbag.py:545} INFO - Filling up the DagBag from /opt/airflow/dags/steam_analytics.py
[2026-09-03T16:19:13.880+0000] {processor.py:840} INFO - DAG(s) 'steam_analytics_daily' retrieved from /opt/airflow/dags/steam_analytics.py
[2026-09-03T16:19:13.903+0000] {logging_mixin.py:188} INFO - [2026-09-03T16:19:13.903+0000] {dag.py:3089} INFO - Sync 1 DAGs
[2026-09-03T16:19:13.922+0000] {logging_mixin.py:188} INFO - [2026-09-03T16:19:13.922+0000] {dag.py:3947} INFO - Setting next_dagrun for steam_analytics_daily to 2026-09-03 02:00:00+00:00, run_after=2026-09-04 02:00:00+00:00
[2026-09-03T16:19:13.937+0000] {processor.py:183} INFO - Processing /opt/airflow/dags/steam_analytics.py took 0.190 seconds
[2026-09-03T16:19:44.052+0000] {processor.py:161} INFO - Started process (PID=407) to work on /opt/airflow/dags/steam_analytics.py
[2026-09-03T16:19:44.053+0000] {processor.py:830} INFO - Processing file /opt/airflow/dags/steam_analytics.py for tasks to queue
[2026-09-03T16:19:44.054+0000] {logging_mixin.py:188} INFO - [2026-09-03T16:19:44.054+0000] {dagbag.py:545} INFO - Filling up the DagBag from /opt/airflow/dags/steam_analytics.py
[2026-09-03T16:19:44.178+0000] {processor.py:840} INFO - DAG(s) 'steam_analytics_daily' retrieved from /opt/airflow/dags/steam_analytics.py
[2026-09-03T16:19:44.202+0000] {logging_mixin.py:188} INFO - [2026-09-03T16:19:44.202+0000] {dag.py:3089} INFO - Sync 1 DAGs
[2026-09-03T16:19:44.224+0000] {logging_mixin.py:188} INFO - [2026-09-03T16:19:44.224+0000] {dag.py:3947} INFO - Setting next_dagrun for steam_analytics_daily to 2026-09-03 02:00:00+00:00, run_after=2026-09-04 02:00:00+00:00
[2026-09-03T16:19:44.238+0000] {processor.py:183} INFO - Processing /opt/airflow/dags/steam_analytics.py took 0.191 seconds
[2026-09-03T16:20:14.350+0000] {processor.py:161} INFO - Started process (PID=412) to work on /opt/airflow/dags/steam_analytics.py
[2026-09-03T16:20:14.351+0000] {processor.py:830} INFO - Processing file /opt/airflow/dags/steam_analytics.py for tasks to queue
[2026-09-03T16:20:14.352+0000] {logging_mixin.py:188} INFO - [2026-09-03T16:20:14.352+0000] {dagbag.py:545} INFO - Filling up the DagBag from /opt/airflow/dags/steam_analytics.py
[2026-09-03T16:20:14.484+0000] {processor.py:840} INFO - DAG(s) 'steam_analytics_daily' retrieved from /opt/airflow/dags/steam_analytics.py
[2026-09-03T16:20:14.509+0000] {logging_mixin.py:188} INFO - [2026-09-03T16:20:14.508+0000] {dag.py:3089} INFO - Sync 1 DAGs
[2026-09-03T16:20:14.527+0000] {logging_mixin.py:188} INFO - [2026-09-03T16:20:14.527+0000] {dag.py:3947} INFO - Setting next_dagrun for steam_analytics_daily to 2026-09-03 02:00:00+00:00, run_after=2026-09-04 02:00:00+00:00
[2026-09-03T16:20:14.542+0000] {processor.py:183} INFO - Processing /opt/airflow/dags/steam_analytics.py took 0.196 seconds
[2026-09-03T16:20:44.656+0000] {processor.py:161} INFO - Started process (PID=417) to work on /opt/airflow/dags/steam_analytics.py
[2026-09-03T16:20:44.657+0000] {processor.py:830} INFO - Processing file /opt/airflow/dags/steam_analytics.py for tasks to queue
[2026-09-03T16:20:44.658+0000] {logging_mixin.py:188} INFO - [2026-09-03T16:20:44.658+0000] {dagbag.py:545} INFO - Filling up the DagBag from /opt/airflow/dags/steam_analytics.py
[2026-09-03T16:20:44.787+0000] {processor.py:840} INFO - DAG(s) 'steam_analytics_daily' retrieved from /opt/airflow/dags/steam_analytics.py
[2026-09-03T16:20:44.813+0000] {logging_mixin.py:188} INFO - [2026-09-03T16:20:44.813+0000] {dag.py:3089} INFO - Sync 1 DAGs
[2026-09-03T16:20:44.832+0000] {logging_mixin.py:188} INFO - [2026-09-03T16:20:44.832+0000] {dag.py:3947} INFO - Setting next_dagrun for steam_analytics_daily to 2026-09-03 02:00:00+00:00, run_after=2026-09-04 02:00:00+00:00
[2026-09-03T16:20:44.847+0000] {processor.py:183} INFO - Processing /opt/airflow/dags/steam_analytics.py took 0.194 seconds
[2026-09-03T16:21:14.961+0000] {processor.py:161} INFO - Started process (PID=422) to work on /opt/airflow/dags/steam_analytics.py
[2026-09-03T16:21:14.962+0000] {processor.py:830} INFO - Processing file /opt/airflow/dags/steam_analytics.py for tasks to queue
[2026-09-03T16:21:14.963+0000] {logging_mixin.py:188} INFO - [2026-09-03T16:21:14.963+0000] {dagbag.py:545} INFO - Filling up the DagBag from /opt/airflow/dags/steam_analytics.py
[2026-09-03T16:21:15.089+0000] {processor.py:840} INFO - DAG(s) 'steam_analytics_daily' retrieved from /opt/airflow/dags/steam_analytics.py
[2026-09-03T16:21:15.116+0000] {logging_mixin.py:188} INFO - [2026-09-03T16:21:15.116+0000] {dag.py:3089} INFO - Sync 1 DAGs
[2026-09-03T16:21:15.134+0000] {logging_mixin.py:188} INFO - [2026-09-03T16:21:15.134+0000] {dag.py:3947} INFO - Setting next_dagrun for steam_analytics_daily to 2026-09-03 02:00:00+00:00, run_after=2026-09-04 02:00:00+00:00
[2026-09-03T16:21:15.149+0000] {processor.py:183} INFO - Processing /opt/airflow/dags/steam_analytics.py took 0.192 seconds
[2026-09-03T16:21:45.260+0000] {processor.py:161} INFO - Started process (PID=427) to work on /opt/airflow/dags/steam_analytics.py
[2026-09-03T16:21:45.261+0000] {processor.py:830} INFO - Processing file /opt/airflow/dags/steam_analytics.py for tasks to queue
[2026-09-03T16:21:45.262+0000] {logging_mixin.py:188} INFO - [2026-09-03T16:21:45.262+0000] {dagbag.py:545} INFO - Filling up the DagBag from /opt/airflow/dags/steam_analytics.py
[2026-09-03T16:21:45.389+0000] {processor.py:840} INFO - DAG(s) 'steam_analytics_daily' retrieved from /opt/airflow/dags/steam_analytics.py
[2026-09-03T16:21:45.414+0000] {logging_mixin.py:188} INFO - [2026-09-03T16:21:45.414+0000] {dag.py:3089} INFO - Sync 1 DAGs
[2026-09-03T16:21:45.440+0000] {logging_mixin.py:188} INFO - [2026-09-03T16:21:45.439+0000] {dag.py:3947} INFO - Setting next_dagrun for steam_analytics_daily to 2026-09-03 02:00:00+00:00, run_after=2026-09-04 02:00:00+00:00
[2026-09-03T16:21:45.455+0000] {processor.py:183} INFO - Processing /opt/airflow/dags/steam_analytics.py took 0.198 seconds
[2026-09-03T16:22:15.579+0000] {processor.py:161} INFO - Started process (PID=432) to work on /opt/airflow/dags/steam_analytics.py
[2026-09-03T16:22:15.579+0000] {processor.py:830} INFO - Processing file /opt/airflow/dags/steam_analytics.py for tasks to queue
[2026-09-03T16:22:15.580+0000] {logging_mixin.py:188} INFO - [2026-09-03T16:22:15.580+0000] {dagbag.py:545} INFO - Filling up the DagBag from /opt/airflow/dags/steam_analytics.py
[2026-09-03T16:22:15.710+0000] {processor.py:840} INFO - DAG(s) 'steam_analytics_daily' retrieved from /opt/airflow/dags/steam_analytics.py
[2026-09-03T16:22:15.732+0000] {logging_mixin.py:188} INFO - [2026-09-03T16:22:15.732+0000] {dag.py:3089} INFO - Sync 1 DAGs
[2026-09-03T16:22:15.752+0000] {logging_mixin.py:188} INFO - [2026-09-03T16:22:15.751+0000] {dag.py:3947} INFO - Setting next_dagrun for steam_analytics_daily to 2026-09-03 02:00:00+00:00, run_after=2026-09-04 02:00:00+00:00
[2026-09-03T16:22:15.766+0000] {processor.py:183} INFO - Processing /opt/airflow/dags/steam_analytics.py took 0.191 seconds
[2026-09-03T16:22:45.894+0000] {processor.py:161} INFO - Started process (PID=437) to work on /opt/airflow/dags/steam_analytics.py
[2026-09-03T16:22:45.895+0000] {processor.py:830} INFO - Processing file /opt/airflow/dags/steam_analytics.py for tasks to queue
[2026-09-03T16:22:45.897+0000] {logging_mixin.py:188} INFO - [2026-09-03T16:22:45.896+0000] {dagbag.py:545} INFO - Filling up the DagBag from /opt/airflow/dags/steam_analytics.py
[2026-09-03T16:22:46.067+0000] {processor.py:840} INFO - DAG(s) 'steam_analytics_daily' retrieved from /opt/airflow/dags/steam_analytics.py
[2026-09-03T16:22:46.093+0000] {logging_mixin.py:188} INFO - [2026-09-03T16:22:46.093+0000] {dag.py:3089} INFO - Sync 1 DAGs
[2026-09-03T16:22:46.117+0000] {logging_mixin.py:188} INFO - [2026-09-03T16:22:46.116+0000] {dag.py:3947} INFO - Setting next_dagrun for steam_analytics_daily to 2026-09-03 02:00:00+00:00, run_after=2026-09-04 02:00:00+00:00
[2026-09-03T16:22:46.134+0000] {processor.py:183} INFO - Processing /opt/airflow/dags/steam_analytics.py took 0.246 seconds
[2026-09-03T16:23:16.255+0000] {processor.py:161} INFO - Started process (PID=442) to work on /opt/airflow/dags/steam_analytics.py
[2026-09-03T16:23:16.256+0000] {processor.py:830} INFO - Processing file /opt/airflow/dags/steam_analytics.py for tasks to queue
[2026-09-03T16:23:16.257+0000] {logging_mixin.py:188} INFO - [2026-09-03T16:23:16.257+0000] {dagbag.py:545} INFO - Filling up the DagBag from /opt/airflow/dags/steam_analytics.py
[2026-09-03T16:23:16.413+0000] {processor.py:840} INFO - DAG(s) 'steam_analytics_daily' retrieved from /opt/airflow/dags/steam_analytics.py
[2026-09-03T16:23:16.439+0000] {logging_mixin.py:188} INFO - [2026-09-03T16:23:16.439+0000] {dag.py:3089} INFO - Sync 1 DAGs
[2026-09-03T16:23:16.461+0000] {logging_mixin.py:188} INFO - [2026-09-03T16:23:16.461+0000] {dag.py:3947} INFO - Setting next_dagrun for steam_analytics_daily to 2026-09-03 02:00:00+00:00, run_after=2026-09-04 02:00:00+00:00
[2026-09-03T16:23:16.481+0000] {processor.py:183} INFO - Processing /opt/airflow/dags/steam_analytics.py took 0.232 seconds
[2026-09-03T16:23:46.604+0000] {processor.py:161} INFO - Started process (PID=447) to work on /opt/airflow/dags/steam_analytics.py
[2026-09-03T16:23:46.605+0000] {processor.py:830} INFO - Processing file /opt/airflow/dags/steam_analytics.py for tasks to queue
[2026-09-03T16:23:46.606+0000] {logging_mixin.py:188} INFO - [2026-09-03T16:23:46.606+0000] {dagbag.py:545} INFO - Filling up the DagBag from /opt/airflow/dags/steam_analytics.py
[2026-09-03T16:23:46.758+0000] {processor.py:840} INFO - DAG(s) 'steam_analytics_daily' retrieved from /opt/airflow/dags/steam_analytics.py
[2026-09-03T16:23:46.786+0000] {logging_mixin.py:188} INFO - [2026-09-03T16:23:46.786+0000] {dag.py:3089} INFO - Sync 1 DAGs
[2026-09-03T16:23:46.807+0000] {logging_mixin.py:188} INFO - [2026-09-03T16:23:46.807+0000] {dag.py:3947} INFO - Setting next_dagrun for steam_analytics_daily to 2026-09-03 02:00:00+00:00, run_after=2026-09-04 02:00:00+00:00
[2026-09-03T16:23:46.826+0000] {processor.py:183} INFO - Processing /opt/airflow/dags/steam_analytics.py took 0.226 seconds
[2026-09-03T16:24:16.953+0000] {processor.py:161} INFO - Started process (PID=452) to work on /opt/airflow/dags/steam_analytics.py
[2026-09-03T16:24:16.953+0000] {processor.py:830} INFO - Processing file /opt/airflow/dags/steam_analytics.py for tasks to queue
[2026-09-03T16:24:16.955+0000] {logging_mixin.py:188} INFO - [2026-09-03T16:24:16.954+0000] {dagbag.py:545} INFO - Filling up the DagBag from /opt/airflow/dags/steam_analytics.py
[2026-09-03T16:24:17.080+0000] {processor.py:840} INFO - DAG(s) 'steam_analytics_daily' retrieved from /opt/airflow/dags/steam_analytics.py
[2026-09-03T16:24:17.104+0000] {logging_mixin.py:188} INFO - [2026-09-03T16:24:17.104+0000] {dag.py:3089} INFO - Sync 1 DAGs
[2026-09-03T16:24:17.124+0000] {logging_mixin.py:188} INFO - [2026-09-03T16:24:17.123+0000] {dag.py:3947} INFO - Setting next_dagrun for steam_analytics_daily to 2026-09-03 02:00:00+00:00, run_after=2026-09-04 02:00:00+00:00
[2026-09-03T16:24:17.139+0000] {processor.py:183} INFO - Processing /opt/airflow/dags/steam_analytics.py took 0.194 seconds
[2026-09-03T16:24:47.256+0000] {processor.py:161} INFO - Started process (PID=457) to work on /opt/airflow/dags/steam_analytics.py
[2026-09-03T16:24:47.257+0000] {processor.py:830} INFO - Processing file /opt/airflow/dags/steam_analytics.py for tasks to queue
[2026-09-03T16:24:47.258+0000] {logging_mixin.py:188} INFO - [2026-09-03T16:24:47.258+0000] {dagbag.py:545} INFO - Filling up the DagBag from /opt/airflow/dags/steam_analytics.py
[2026-09-03T16:24:47.389+0000] {processor.py:840} INFO - DAG(s) 'steam_analytics_daily' retrieved from /opt/airflow/dags/steam_analytics.py
[2026-09-03T16:24:47.415+0000] {logging_mixin.py:188} INFO - [2026-09-03T16:24:47.414+0000] {dag.py:3089} INFO - Sync 1 DAGs
[2026-09-03T16:24:47.433+0000] {logging_mixin.py:188} INFO - [2026-09-03T16:24:47.433+0000] {dag.py:3947} INFO - Setting next_dagrun for steam_analytics_daily to 2026-09-03 02:00:00+00:00, run_after=2026-09-04 02:00:00+00:00
[2026-09-03T16:24:47.449+0000] {processor.py:183} INFO - Processing /opt/airflow/dags/steam_analytics.py took 0.197 seconds
[2026-09-03T16:25:17.569+0000] {processor.py:161} INFO - Started process (PID=462) to work on /opt/airflow/dags/steam_analytics.py
[2026-09-03T16:25:17.570+0000] {processor.py:830} INFO - Processing file /opt/airflow/dags/steam_analytics.py for tasks to queue
[2026-09-03T16:25:17.571+0000] {logging_mixin.py:188} INFO - [2026-09-03T16:25:17.571+0000] {dagbag.py:545} INFO - Filling up the DagBag from /opt/airflow/dags/steam_analytics.py
[2026-09-03T16:25:17.711+0000] {processor.py:840} INFO - DAG(s) 'steam_analytics_daily' retrieved from /opt/airflow/dags/steam_analytics.py
[2026-09-03T16:25:17.738+0000] {logging_mixin.py:188} INFO - [2026-09-03T16:25:17.738+0000] {dag.py:3089} INFO - Sync 1 DAGs
[2026-09-03T16:25:17.758+0000] {logging_mixin.py:188} INFO - [2026-09-03T16:25:17.757+0000] {dag.py:3947} INFO - Setting next_dagrun for steam_analytics_daily to 2026-09-03 02:00:00+00:00, run_after=2026-09-04 02:00:00+00:00
[2026-09-03T16:25:17.773+0000] {processor.py:183} INFO - Processing /opt/airflow/dags/steam_analytics.py took 0.209 seconds
[2026-09-03T16:25:47.892+0000] {processor.py:161} INFO - Started process (PID=467) to work on /opt/airflow/dags/steam_analytics.py
[2026-09-03T16:25:47.893+0000] {processor.py:830} INFO - Processing file /opt/airflow/dags/steam_analytics.py for tasks to queue
[2026-09-03T16:25:47.894+0000] {logging_mixin.py:188} INFO - [2026-09-03T16:25:47.894+0000] {dagbag.py:545} INFO - Filling up the DagBag from /opt/airflow/dags/steam_analytics.py
[2026-09-03T16:25:48.025+0000] {processor.py:840} INFO - DAG(s) 'steam_analytics_daily' retrieved from /opt/airflow/dags/steam_analytics.py
[2026-09-03T16:25:48.051+0000] {logging_mixin.py:188} INFO - [2026-09-03T16:25:48.050+0000] {dag.py:3089} INFO - Sync 1 DAGs
[2026-09-03T16:25:48.069+0000] {logging_mixin.py:188} INFO - [2026-09-03T16:25:48.069+0000] {dag.py:3947} INFO - Setting next_dagrun for steam_analytics_daily to 2026-09-03 02:00:00+00:00, run_after=2026-09-04 02:00:00+00:00
[2026-09-03T16:25:48.085+0000] {processor.py:183} INFO - Processing /opt/airflow/dags/steam_analytics.py took 0.197 seconds
[2026-09-03T16:26:18.201+0000] {processor.py:161} INFO - Started process (PID=472) to work on /opt/airflow/dags/steam_analytics.py
[2026-09-03T16:26:18.202+0000] {processor.py:830} INFO - Processing file /opt/airflow/dags/steam_analytics.py for tasks to queue
[2026-09-03T16:26:18.203+0000] {logging_mixin.py:188} INFO - [2026-09-03T16:26:18.203+0000] {dagbag.py:545} INFO - Filling up the DagBag from /opt/airflow/dags/steam_analytics.py
[2026-09-03T16:26:18.332+0000] {processor.py:840} INFO - DAG(s) 'steam_analytics_daily' retrieved from /opt/airflow/dags/steam_analytics.py
[2026-09-03T16:26:18.360+0000] {logging_mixin.py:188} INFO - [2026-09-03T16:26:18.359+0000] {dag.py:3089} INFO - Sync 1 DAGs
[2026-09-03T16:26:18.386+0000] {logging_mixin.py:188} INFO - [2026-09-03T16:26:18.386+0000] {dag.py:3947} INFO - Setting next_dagrun for steam_analytics_daily to 2026-09-03 02:00:00+00:00, run_after=2026-09-04 02:00:00+00:00
[2026-09-03T16:26:18.403+0000] {processor.py:183} INFO - Processing /opt/airflow/dags/steam_analytics.py took 0.207 seconds
[2026-09-03T16:26:48.517+0000] {processor.py:161} INFO - Started process (PID=477) to work on /opt/airflow/dags/steam_analytics.py
[2026-09-03T16:26:48.517+0000] {processor.py:830} INFO - Processing file /opt/airflow/dags/steam_analytics.py for tasks to queue
[2026-09-03T16:26:48.519+0000] {logging_mixin.py:188} INFO - [2026-09-03T16:26:48.518+0000] {dagbag.py:545} INFO - Filling up the DagBag from /opt/airflow/dags/steam_analytics.py
[2026-09-03T16:26:48.648+0000] {processor.py:840} INFO - DAG(s) 'steam_analytics_daily' retrieved from /opt/airflow/dags/steam_analytics.py
[2026-09-03T16:26:48.673+0000] {logging_mixin.py:188} INFO - [2026-09-03T16:26:48.673+0000] {dag.py:3089} INFO - Sync 1 DAGs
[2026-09-03T16:26:48.695+0000] {logging_mixin.py:188} INFO - [2026-09-03T16:26:48.695+0000] {dag.py:3947} INFO - Setting next_dagrun for steam_analytics_daily to 2026-09-03 02:00:00+00:00, run_after=2026-09-04 02:00:00+00:00
[2026-09-03T16:26:48.713+0000] {processor.py:183} INFO - Processing /opt/airflow/dags/steam_analytics.py took 0.200 seconds
[2026-09-03T16:27:18.834+0000] {processor.py:161} INFO - Started process (PID=482) to work on /opt/airflow/dags/steam_analytics.py
[2026-09-03T16:27:18.835+0000] {processor.py:830} INFO - Processing file /opt/airflow/dags/steam_analytics.py for tasks to queue
[2026-09-03T16:27:18.836+0000] {logging_mixin.py:188} INFO - [2026-09-03T16:27:18.836+0000] {dagbag.py:545} INFO - Filling up the DagBag from /opt/airflow/dags/steam_analytics.py
[2026-09-03T16:27:19.002+0000] {processor.py:840} INFO - DAG(s) 'steam_analytics_daily' retrieved from /opt/airflow/dags/steam_analytics.py
[2026-09-03T16:27:19.033+0000] {logging_mixin.py:188} INFO - [2026-09-03T16:27:19.033+0000] {dag.py:3089} INFO - Sync 1 DAGs
[2026-09-03T16:27:19.056+0000] {logging_mixin.py:188} INFO - [2026-09-03T16:27:19.056+0000] {dag.py:3947} INFO - Setting next_dagrun for steam_analytics_daily to 2026-09-03 02:00:00+00:00, run_after=2026-09-04 02:00:00+00:00
[2026-09-03T16:27:19.072+0000] {processor.py:183} INFO - Processing /opt/airflow/dags/steam_analytics.py took 0.245 seconds
[2026-09-03T16:27:49.194+0000] {processor.py:161} INFO - Started process (PID=487) to work on /opt/airflow/dags/steam_analytics.py
[2026-09-03T16:27:49.195+0000] {processor.py:830} INFO - Processing file /opt/airflow/dags/steam_analytics.py for tasks to queue
[2026-09-03T16:27:49.197+0000] {logging_mixin.py:188} INFO - [2026-09-03T16:27:49.196+0000] {dagbag.py:545} INFO - Filling up the DagBag from /opt/airflow/dags/steam_analytics.py
[2026-09-03T16:27:49.335+0000] {processor.py:840} INFO - DAG(s) 'steam_analytics_daily' retrieved from /opt/airflow/dags/steam_analytics.py
[2026-09-03T16:27:49.358+0000] {logging_mixin.py:188} INFO - [2026-09-03T16:27:49.358+0000] {dag.py:3089} INFO - Sync 1 DAGs
[2026-09-03T16:27:49.375+0000] {logging_mixin.py:188} INFO - [2026-09-03T16:27:49.375+0000] {dag.py:3947} INFO - Setting next_dagrun for steam_analytics_daily to 2026-09-03 02:00:00+00:00, run_after=2026-09-04 02:00:00+00:00
[2026-09-03T16:27:49.389+0000] {processor.py:183} INFO - Processing /opt/airflow/dags/steam_analytics.py took 0.200 seconds
[2026-09-03T16:28:19.505+0000] {processor.py:161} INFO - Started process (PID=492) to work on /opt/airflow/dags/steam_analytics.py
[2026-09-03T16:28:19.505+0000] {processor.py:830} INFO - Processing file /opt/airflow/dags/steam_analytics.py for tasks to queue
[2026-09-03T16:28:19.507+0000] {logging_mixin.py:188} INFO - [2026-09-03T16:28:19.506+0000] {dagbag.py:545} INFO - Filling up the DagBag from /opt/airflow/dags/steam_analytics.py
[2026-09-03T16:28:19.633+0000] {processor.py:840} INFO - DAG(s) 'steam_analytics_daily' retrieved from /opt/airflow/dags/steam_analytics.py
[2026-09-03T16:28:19.656+0000] {logging_mixin.py:188} INFO - [2026-09-03T16:28:19.656+0000] {dag.py:3089} INFO - Sync 1 DAGs
[2026-09-03T16:28:19.674+0000] {logging_mixin.py:188} INFO - [2026-09-03T16:28:19.674+0000] {dag.py:3947} INFO - Setting next_dagrun for steam_analytics_daily to 2026-09-03 02:00:00+00:00, run_after=2026-09-04 02:00:00+00:00
[2026-09-03T16:28:19.689+0000] {processor.py:183} INFO - Processing /opt/airflow/dags/steam_analytics.py took 0.188 seconds
[2026-09-03T16:28:49.803+0000] {processor.py:161} INFO - Started process (PID=497) to work on /opt/airflow/dags/steam_analytics.py
[2026-09-03T16:28:49.803+0000] {processor.py:830} INFO - Processing file /opt/airflow/dags/steam_analytics.py for tasks to queue
[2026-09-03T16:28:49.805+0000] {logging_mixin.py:188} INFO - [2026-09-03T16:28:49.804+0000] {dagbag.py:545} INFO - Filling up the DagBag from /opt/airflow/dags/steam_analytics.py
[2026-09-03T16:28:49.931+0000] {processor.py:840} INFO - DAG(s) 'steam_analytics_daily' retrieved from /opt/airflow/dags/steam_analytics.py
[2026-09-03T16:28:49.955+0000] {logging_mixin.py:188} INFO - [2026-09-03T16:28:49.955+0000] {dag.py:3089} INFO - Sync 1 DAGs
[2026-09-03T16:28:49.974+0000] {logging_mixin.py:188} INFO - [2026-09-03T16:28:49.973+0000] {dag.py:3947} INFO - Setting next_dagrun for steam_analytics_daily to 2026-09-03 02:00:00+00:00, run_after=2026-09-04 02:00:00+00:00
[2026-09-03T16:28:49.989+0000] {processor.py:183} INFO - Processing /opt/airflow/dags/steam_analytics.py took 0.190 seconds
[2026-09-03T16:29:20.106+0000] {processor.py:161} INFO - Started process (PID=502) to work on /opt/airflow/dags/steam_analytics.py
[2026-09-03T16:29:20.107+0000] {processor.py:830} INFO - Processing file /opt/airflow/dags/steam_analytics.py for tasks to queue
[2026-09-03T16:29:20.109+0000] {logging_mixin.py:188} INFO - [2026-09-03T16:29:20.109+0000] {dagbag.py:545} INFO - Filling up the DagBag from /opt/airflow/dags/steam_analytics.py
[2026-09-03T16:29:20.244+0000] {processor.py:840} INFO - DAG(s) 'steam_analytics_daily' retrieved from /opt/airflow/dags/steam_analytics.py
[2026-09-03T16:29:20.277+0000] {logging_mixin.py:188} INFO - [2026-09-03T16:29:20.277+0000] {dag.py:3089} INFO - Sync 1 DAGs
[2026-09-03T16:29:20.300+0000] {logging_mixin.py:188} INFO - [2026-09-03T16:29:20.300+0000] {dag.py:3947} INFO - Setting next_dagrun for steam_analytics_daily to 2026-09-03 02:00:00+00:00, run_after=2026-09-04 02:00:00+00:00
[2026-09-03T16:29:20.315+0000] {processor.py:183} INFO - Processing /opt/airflow/dags/steam_analytics.py took 0.213 seconds
[2026-09-03T16:29:50.835+0000] {processor.py:161} INFO - Started process (PID=507) to work on /opt/airflow/dags/steam_analytics.py
[2026-09-03T16:29:50.836+0000] {processor.py:830} INFO - Processing file /opt/airflow/dags/steam_analytics.py for tasks to queue
[2026-09-03T16:29:50.838+0000] {logging_mixin.py:188} INFO - [2026-09-03T16:29:50.837+0000] {dagbag.py:545} INFO - Filling up the DagBag from /opt/airflow/dags/steam_analytics.py
[2026-09-03T16:29:50.987+0000] {processor.py:840} INFO - DAG(s) 'steam_analytics_daily' retrieved from /opt/airflow/dags/steam_analytics.py
[2026-09-03T16:29:51.013+0000] {logging_mixin.py:188} INFO - [2026-09-03T16:29:51.013+0000] {dag.py:3089} INFO - Sync 1 DAGs
[2026-09-03T16:29:51.033+0000] {logging_mixin.py:188} INFO - [2026-09-03T16:29:51.033+0000] {dag.py:3947} INFO - Setting next_dagrun for steam_analytics_daily to 2026-09-03 02:00:00+00:00, run_after=2026-09-04 02:00:00+00:00
[2026-09-03T16:29:51.051+0000] {processor.py:183} INFO - Processing /opt/airflow/dags/steam_analytics.py took 0.220 seconds
[2026-09-03T16:30:21.149+0000] {processor.py:161} INFO - Started process (PID=512) to work on /opt/airflow/dags/steam_analytics.py
[2026-09-03T16:30:21.150+0000] {processor.py:830} INFO - Processing file /opt/airflow/dags/steam_analytics.py for tasks to queue
[2026-09-03T16:30:21.151+0000] {logging_mixin.py:188} INFO - [2026-09-03T16:30:21.151+0000] {dagbag.py:545} INFO - Filling up the DagBag from /opt/airflow/dags/steam_analytics.py
[2026-09-03T16:30:21.277+0000] {processor.py:840} INFO - DAG(s) 'steam_analytics_daily' retrieved from /opt/airflow/dags/steam_analytics.py
[2026-09-03T16:30:21.301+0000] {logging_mixin.py:188} INFO - [2026-09-03T16:30:21.301+0000] {dag.py:3089} INFO - Sync 1 DAGs
[2026-09-03T16:30:21.324+0000] {logging_mixin.py:188} INFO - [2026-09-03T16:30:21.324+0000] {dag.py:3947} INFO - Setting next_dagrun for steam_analytics_daily to 2026-09-03 02:00:00+00:00, run_after=2026-09-04 02:00:00+00:00
[2026-09-03T16:30:21.341+0000] {processor.py:183} INFO - Processing /opt/airflow/dags/steam_analytics.py took 0.195 seconds
[2026-09-03T16:30:51.456+0000] {processor.py:161} INFO - Started process (PID=517) to work on /opt/airflow/dags/steam_analytics.py
[2026-09-03T16:30:51.457+0000] {processor.py:830} INFO - Processing file /opt/airflow/dags/steam_analytics.py for tasks to queue
[2026-09-03T16:30:51.458+0000] {logging_mixin.py:188} INFO - [2026-09-03T16:30:51.458+0000] {dagbag.py:545} INFO - Filling up the DagBag from /opt/airflow/dags/steam_analytics.py
[2026-09-03T16:30:51.586+0000] {processor.py:840} INFO - DAG(s) 'steam_analytics_daily' retrieved from /opt/airflow/dags/steam_analytics.py
[2026-09-03T16:30:51.609+0000] {logging_mixin.py:188} INFO - [2026-09-03T16:30:51.609+0000] {dag.py:3089} INFO - Sync 1 DAGs
[2026-09-03T16:30:51.627+0000] {logging_mixin.py:188} INFO - [2026-09-03T16:30:51.627+0000] {dag.py:3947} INFO - Setting next_dagrun for steam_analytics_daily to 2026-09-03 02:00:00+00:00, run_after=2026-09-04 02:00:00+00:00
[2026-09-03T16:30:51.642+0000] {processor.py:183} INFO - Processing /opt/airflow/dags/steam_analytics.py took 0.190 seconds
[2026-09-03T16:31:21.757+0000] {processor.py:161} INFO - Started process (PID=522) to work on /opt/airflow/dags/steam_analytics.py
[2026-09-03T16:31:21.757+0000] {processor.py:830} INFO - Processing file /opt/airflow/dags/steam_analytics.py for tasks to queue
[2026-09-03T16:31:21.759+0000] {logging_mixin.py:188} INFO - [2026-09-03T16:31:21.758+0000] {dagbag.py:545} INFO - Filling up the DagBag from /opt/airflow/dags/steam_analytics.py
[2026-09-03T16:31:21.886+0000] {processor.py:840} INFO - DAG(s) 'steam_analytics_daily' retrieved from /opt/airflow/dags/steam_analytics.py
[2026-09-03T16:31:21.913+0000] {logging_mixin.py:188} INFO - [2026-09-03T16:31:21.913+0000] {dag.py:3089} INFO - Sync 1 DAGs
[2026-09-03T16:31:21.931+0000] {logging_mixin.py:188} INFO - [2026-09-03T16:31:21.931+0000] {dag.py:3947} INFO - Setting next_dagrun for steam_analytics_daily to 2026-09-03 02:00:00+00:00, run_after=2026-09-04 02:00:00+00:00
[2026-09-03T16:31:21.946+0000] {processor.py:183} INFO - Processing /opt/airflow/dags/steam_analytics.py took 0.193 seconds
[2026-09-03T16:31:52.063+0000] {processor.py:161} INFO - Started process (PID=527) to work on /opt/airflow/dags/steam_analytics.py
[2026-09-03T16:31:52.064+0000] {processor.py:830} INFO - Processing file /opt/airflow/dags/steam_analytics.py for tasks to queue
[2026-09-03T16:31:52.065+0000] {logging_mixin.py:188} INFO - [2026-09-03T16:31:52.065+0000] {dagbag.py:545} INFO - Filling up the DagBag from /opt/airflow/dags/steam_analytics.py
[2026-09-03T16:31:52.192+0000] {processor.py:840} INFO - DAG(s) 'steam_analytics_daily' retrieved from /opt/airflow/dags/steam_analytics.py
[2026-09-03T16:31:52.218+0000] {logging_mixin.py:188} INFO - [2026-09-03T16:31:52.218+0000] {dag.py:3089} INFO - Sync 1 DAGs
[2026-09-03T16:31:52.239+0000] {logging_mixin.py:188} INFO - [2026-09-03T16:31:52.238+0000] {dag.py:3947} INFO - Setting next_dagrun for steam_analytics_daily to 2026-09-03 02:00:00+00:00, run_after=2026-09-04 02:00:00+00:00
[2026-09-03T16:31:52.255+0000] {processor.py:183} INFO - Processing /opt/airflow/dags/steam_analytics.py took 0.196 seconds
[2026-09-03T16:32:22.370+0000] {processor.py:161} INFO - Started process (PID=532) to work on /opt/airflow/dags/steam_analytics.py
[2026-09-03T16:32:22.370+0000] {processor.py:830} INFO - Processing file /opt/airflow/dags/steam_analytics.py for tasks to queue
[2026-09-03T16:32:22.371+0000] {logging_mixin.py:188} INFO - [2026-09-03T16:32:22.371+0000] {dagbag.py:545} INFO - Filling up the DagBag from /opt/airflow/dags/steam_analytics.py
[2026-09-03T16:32:22.523+0000] {processor.py:840} INFO - DAG(s) 'steam_analytics_daily' retrieved from /opt/airflow/dags/steam_analytics.py
[2026-09-03T16:32:22.552+0000] {logging_mixin.py:188} INFO - [2026-09-03T16:32:22.552+0000] {dag.py:3089} INFO - Sync 1 DAGs
[2026-09-03T16:32:22.574+0000] {logging_mixin.py:188} INFO - [2026-09-03T16:32:22.574+0000] {dag.py:3947} INFO - Setting next_dagrun for steam_analytics_daily to 2026-09-03 02:00:00+00:00, run_after=2026-09-04 02:00:00+00:00
[2026-09-03T16:32:22.592+0000] {processor.py:183} INFO - Processing /opt/airflow/dags/steam_analytics.py took 0.226 seconds
[2026-09-03T16:32:52.710+0000] {processor.py:161} INFO - Started process (PID=537) to work on /opt/airflow/dags/steam_analytics.py
[2026-09-03T16:32:52.711+0000] {processor.py:830} INFO - Processing file /opt/airflow/dags/steam_analytics.py for tasks to queue
[2026-09-03T16:32:52.712+0000] {logging_mixin.py:188} INFO - [2026-09-03T16:32:52.712+0000] {dagbag.py:545} INFO - Filling up the DagBag from /opt/airflow/dags/steam_analytics.py
[2026-09-03T16:32:52.838+0000] {processor.py:840} INFO - DAG(s) 'steam_analytics_daily' retrieved from /opt/airflow/dags/steam_analytics.py
[2026-09-03T16:32:52.860+0000] {logging_mixin.py:188} INFO - [2026-09-03T16:32:52.860+0000] {dag.py:3089} INFO - Sync 1 DAGs
[2026-09-03T16:32:52.878+0000] {logging_mixin.py:188} INFO - [2026-09-03T16:32:52.878+0000] {dag.py:3947} INFO - Setting next_dagrun for steam_analytics_daily to 2026-09-03 02:00:00+00:00, run_after=2026-09-04 02:00:00+00:00
[2026-09-03T16:32:52.893+0000] {processor.py:183} INFO - Processing /opt/airflow/dags/steam_analytics.py took 0.187 seconds
[2026-09-03T16:33:23.019+0000] {processor.py:161} INFO - Started process (PID=542) to work on /opt/airflow/dags/steam_analytics.py
[2026-09-03T16:33:23.020+0000] {processor.py:830} INFO - Processing file /opt/airflow/dags/steam_analytics.py for tasks to queue
[2026-09-03T16:33:23.021+0000] {logging_mixin.py:188} INFO - [2026-09-03T16:33:23.021+0000] {dagbag.py:545} INFO - Filling up the DagBag from /opt/airflow/dags/steam_analytics.py
[2026-09-03T16:33:23.158+0000] {processor.py:840} INFO - DAG(s) 'steam_analytics_daily' retrieved from /opt/airflow/dags/steam_analytics.py
[2026-09-03T16:33:23.182+0000] {logging_mixin.py:188} INFO - [2026-09-03T16:33:23.182+0000] {dag.py:3089} INFO - Sync 1 DAGs
[2026-09-03T16:33:23.200+0000] {logging_mixin.py:188} INFO - [2026-09-03T16:33:23.200+0000] {dag.py:3947} INFO - Setting next_dagrun for steam_analytics_daily to 2026-09-03 02:00:00+00:00, run_after=2026-09-04 02:00:00+00:00
[2026-09-03T16:33:23.215+0000] {processor.py:183} INFO - Processing /opt/airflow/dags/steam_analytics.py took 0.201 seconds
[2026-09-03T16:33:53.332+0000] {processor.py:161} INFO - Started process (PID=547) to work on /opt/airflow/dags/steam_analytics.py
[2026-09-03T16:33:53.332+0000] {processor.py:830} INFO - Processing file /opt/airflow/dags/steam_analytics.py for tasks to queue
[2026-09-03T16:33:53.334+0000] {logging_mixin.py:188} INFO - [2026-09-03T16:33:53.333+0000] {dagbag.py:545} INFO - Filling up the DagBag from /opt/airflow/dags/steam_analytics.py
[2026-09-03T16:33:53.463+0000] {processor.py:840} INFO - DAG(s) 'steam_analytics_daily' retrieved from /opt/airflow/dags/steam_analytics.py
[2026-09-03T16:33:53.490+0000] {logging_mixin.py:188} INFO - [2026-09-03T16:33:53.489+0000] {dag.py:3089} INFO - Sync 1 DAGs
[2026-09-03T16:33:53.514+0000] {logging_mixin.py:188} INFO - [2026-09-03T16:33:53.514+0000] {dag.py:3947} INFO - Setting next_dagrun for steam_analytics_daily to 2026-09-03 02:00:00+00:00, run_after=2026-09-04 02:00:00+00:00
[2026-09-03T16:33:53.530+0000] {processor.py:183} INFO - Processing /opt/airflow/dags/steam_analytics.py took 0.203 seconds
[2026-09-03T16:34:23.654+0000] {processor.py:161} INFO - Started process (PID=552) to work on /opt/airflow/dags/steam_analytics.py
[2026-09-03T16:34:23.655+0000] {processor.py:830} INFO - Processing file /opt/airflow/dags/steam_analytics.py for tasks to queue
[2026-09-03T16:34:23.657+0000] {logging_mixin.py:188} INFO - [2026-09-03T16:34:23.657+0000] {dagbag.py:545} INFO - Filling up the DagBag from /opt/airflow/dags/steam_analytics.py
[2026-09-03T16:34:23.794+0000] {processor.py:840} INFO - DAG(s) 'steam_analytics_daily' retrieved from /opt/airflow/dags/steam_analytics.py
[2026-09-03T16:34:23.817+0000] {logging_mixin.py:188} INFO - [2026-09-03T16:34:23.817+0000] {dag.py:3089} INFO - Sync 1 DAGs
[2026-09-03T16:34:23.835+0000] {logging_mixin.py:188} INFO - [2026-09-03T16:34:23.835+0000] {dag.py:3947} INFO - Setting next_dagrun for steam_analytics_daily to 2026-09-03 02:00:00+00:00, run_after=2026-09-04 02:00:00+00:00
[2026-09-03T16:34:23.850+0000] {processor.py:183} INFO - Processing /opt/airflow/dags/steam_analytics.py took 0.201 seconds
[2026-09-03T16:34:53.965+0000] {processor.py:161} INFO - Started process (PID=557) to work on /opt/airflow/dags/steam_analytics.py
[2026-09-03T16:34:53.966+0000] {processor.py:830} INFO - Processing file /opt/airflow/dags/steam_analytics.py for tasks to queue
[2026-09-03T16:34:53.967+0000] {logging_mixin.py:188} INFO - [2026-09-03T16:34:53.967+0000] {dagbag.py:545} INFO - Filling up the DagBag from /opt/airflow/dags/steam_analytics.py
[2026-09-03T16:34:54.094+0000] {processor.py:840} INFO - DAG(s) 'steam_analytics_daily' retrieved from /opt/airflow/dags/steam_analytics.py
[2026-09-03T16:34:54.117+0000] {logging_mixin.py:188} INFO - [2026-09-03T16:34:54.117+0000] {dag.py:3089} INFO - Sync 1 DAGs
[2026-09-03T16:34:54.135+0000] {logging_mixin.py:188} INFO - [2026-09-03T16:34:54.135+0000] {dag.py:3947} INFO - Setting next_dagrun for steam_analytics_daily to 2026-09-03 02:00:00+00:00, run_after=2026-09-04 02:00:00+00:00
[2026-09-03T16:34:54.150+0000] {processor.py:183} INFO - Processing /opt/airflow/dags/steam_analytics.py took 0.189 seconds
[2026-09-03T16:35:24.265+0000] {processor.py:161} INFO - Started process (PID=562) to work on /opt/airflow/dags/steam_analytics.py
[2026-09-03T16:35:24.266+0000] {processor.py:830} INFO - Processing file /opt/airflow/dags/steam_analytics.py for tasks to queue
[2026-09-03T16:35:24.267+0000] {logging_mixin.py:188} INFO - [2026-09-03T16:35:24.267+0000] {dagbag.py:545} INFO - Filling up the DagBag from /opt/airflow/dags/steam_analytics.py
[2026-09-03T16:35:24.392+0000] {processor.py:840} INFO - DAG(s) 'steam_analytics_daily' retrieved from /opt/airflow/dags/steam_analytics.py
[2026-09-03T16:35:24.416+0000] {logging_mixin.py:188} INFO - [2026-09-03T16:35:24.415+0000] {dag.py:3089} INFO - Sync 1 DAGs
[2026-09-03T16:35:24.434+0000] {logging_mixin.py:188} INFO - [2026-09-03T16:35:24.434+0000] {dag.py:3947} INFO - Setting next_dagrun for steam_analytics_daily to 2026-09-03 02:00:00+00:00, run_after=2026-09-04 02:00:00+00:00
[2026-09-03T16:35:24.450+0000] {processor.py:183} INFO - Processing /opt/airflow/dags/steam_analytics.py took 0.189 seconds
[2026-09-03T16:35:54.570+0000] {processor.py:161} INFO - Started process (PID=567) to work on /opt/airflow/dags/steam_analytics.py
[2026-09-03T16:35:54.571+0000] {processor.py:830} INFO - Processing file /opt/airflow/dags/steam_analytics.py for tasks to queue
[2026-09-03T16:35:54.572+0000] {logging_mixin.py:188} INFO - [2026-09-03T16:35:54.572+0000] {dagbag.py:545} INFO - Filling up the DagBag from /opt/airflow/dags/steam_analytics.py
[2026-09-03T16:35:54.715+0000] {processor.py:840} INFO - DAG(s) 'steam_analytics_daily' retrieved from /opt/airflow/dags/steam_analytics.py
[2026-09-03T16:35:54.743+0000] {logging_mixin.py:188} INFO - [2026-09-03T16:35:54.742+0000] {dag.py:3089} INFO - Sync 1 DAGs
[2026-09-03T16:35:54.763+0000] {logging_mixin.py:188} INFO - [2026-09-03T16:35:54.763+0000] {dag.py:3947} INFO - Setting next_dagrun for steam_analytics_daily to 2026-09-03 02:00:00+00:00, run_after=2026-09-04 02:00:00+00:00
[2026-09-03T16:35:54.780+0000] {processor.py:183} INFO - Processing /opt/airflow/dags/steam_analytics.py took 0.215 seconds
[2026-09-03T16:36:24.902+0000] {processor.py:161} INFO - Started process (PID=572) to work on /opt/airflow/dags/steam_analytics.py
[2026-09-03T16:36:24.902+0000] {processor.py:830} INFO - Processing file /opt/airflow/dags/steam_analytics.py for tasks to queue
[2026-09-03T16:36:24.904+0000] {logging_mixin.py:188} INFO - [2026-09-03T16:36:24.903+0000] {dagbag.py:545} INFO - Filling up the DagBag from /opt/airflow/dags/steam_analytics.py
[2026-09-03T16:36:25.030+0000] {processor.py:840} INFO - DAG(s) 'steam_analytics_daily' retrieved from /opt/airflow/dags/steam_analytics.py
[2026-09-03T16:36:25.053+0000] {logging_mixin.py:188} INFO - [2026-09-03T16:36:25.053+0000] {dag.py:3089} INFO - Sync 1 DAGs
[2026-09-03T16:36:25.072+0000] {logging_mixin.py:188} INFO - [2026-09-03T16:36:25.072+0000] {dag.py:3947} INFO - Setting next_dagrun for steam_analytics_daily to 2026-09-03 02:00:00+00:00, run_after=2026-09-04 02:00:00+00:00
[2026-09-03T16:36:25.089+0000] {processor.py:183} INFO - Processing /opt/airflow/dags/steam_analytics.py took 0.191 seconds
[2026-09-03T16:36:55.211+0000] {processor.py:161} INFO - Started process (PID=577) to work on /opt/airflow/dags/steam_analytics.py
[2026-09-03T16:36:55.211+0000] {processor.py:830} INFO - Processing file /opt/airflow/dags/steam_analytics.py for tasks to queue
[2026-09-03T16:36:55.213+0000] {logging_mixin.py:188} INFO - [2026-09-03T16:36:55.213+0000] {dagbag.py:545} INFO - Filling up the DagBag from /opt/airflow/dags/steam_analytics.py
[2026-09-03T16:36:55.351+0000] {processor.py:840} INFO - DAG(s) 'steam_analytics_daily' retrieved from /opt/airflow/dags/steam_analytics.py
[2026-09-03T16:36:55.377+0000] {logging_mixin.py:188} INFO - [2026-09-03T16:36:55.377+0000] {dag.py:3089} INFO - Sync 1 DAGs
[2026-09-03T16:36:55.395+0000] {logging_mixin.py:188} INFO - [2026-09-03T16:36:55.395+0000] {dag.py:3947} INFO - Setting next_dagrun for steam_analytics_daily to 2026-09-03 02:00:00+00:00, run_after=2026-09-04 02:00:00+00:00
[2026-09-03T16:36:55.410+0000] {processor.py:183} INFO - Processing /opt/airflow/dags/steam_analytics.py took 0.204 seconds
[2026-09-03T16:37:25.532+0000] {processor.py:161} INFO - Started process (PID=582) to work on /opt/airflow/dags/steam_analytics.py
[2026-09-03T16:37:25.532+0000] {processor.py:830} INFO - Processing file /opt/airflow/dags/steam_analytics.py for tasks to queue
[2026-09-03T16:37:25.534+0000] {logging_mixin.py:188} INFO - [2026-09-03T16:37:25.534+0000] {dagbag.py:545} INFO - Filling up the DagBag from /opt/airflow/dags/steam_analytics.py
[2026-09-03T16:37:25.671+0000] {processor.py:840} INFO - DAG(s) 'steam_analytics_daily' retrieved from /opt/airflow/dags/steam_analytics.py
[2026-09-03T16:37:25.702+0000] {logging_mixin.py:188} INFO - [2026-09-03T16:37:25.702+0000] {dag.py:3089} INFO - Sync 1 DAGs
[2026-09-03T16:37:25.725+0000] {logging_mixin.py:188} INFO - [2026-09-03T16:37:25.725+0000] {dag.py:3947} INFO - Setting next_dagrun for steam_analytics_daily to 2026-09-03 02:00:00+00:00, run_after=2026-09-04 02:00:00+00:00
[2026-09-03T16:37:25.739+0000] {processor.py:183} INFO - Processing /opt/airflow/dags/steam_analytics.py took 0.212 seconds
[2026-09-03T16:37:55.864+0000] {processor.py:161} INFO - Started process (PID=587) to work on /opt/airflow/dags/steam_analytics.py
[2026-09-03T16:37:55.865+0000] {processor.py:830} INFO - Processing file /opt/airflow/dags/steam_analytics.py for tasks to queue
[2026-09-03T16:37:55.867+0000] {logging_mixin.py:188} INFO - [2026-09-03T16:37:55.866+0000] {dagbag.py:545} INFO - Filling up the DagBag from /opt/airflow/dags/steam_analytics.py
[2026-09-03T16:37:56.016+0000] {processor.py:840} INFO - DAG(s) 'steam_analytics_daily' retrieved from /opt/airflow/dags/steam_analytics.py
[2026-09-03T16:37:56.047+0000] {logging_mixin.py:188} INFO - [2026-09-03T16:37:56.046+0000] {dag.py:3089} INFO - Sync 1 DAGs
[2026-09-03T16:37:56.068+0000] {logging_mixin.py:188} INFO - [2026-09-03T16:37:56.068+0000] {dag.py:3947} INFO - Setting next_dagrun for steam_analytics_daily to 2026-09-03 02:00:00+00:00, run_after=2026-09-04 02:00:00+00:00
[2026-09-03T16:37:56.084+0000] {processor.py:183} INFO - Processing /opt/airflow/dags/steam_analytics.py took 0.224 seconds
[2026-09-03T16:38:26.205+0000] {processor.py:161} INFO - Started process (PID=592) to work on /opt/airflow/dags/steam_analytics.py
[2026-09-03T16:38:26.206+0000] {processor.py:830} INFO - Processing file /opt/airflow/dags/steam_analytics.py for tasks to queue
[2026-09-03T16:38:26.207+0000] {logging_mixin.py:188} INFO - [2026-09-03T16:38:26.207+0000] {dagbag.py:545} INFO - Filling up the DagBag from /opt/airflow/dags/steam_analytics.py
[2026-09-03T16:38:26.333+0000] {processor.py:840} INFO - DAG(s) 'steam_analytics_daily' retrieved from /opt/airflow/dags/steam_analytics.py
[2026-09-03T16:38:26.358+0000] {logging_mixin.py:188} INFO - [2026-09-03T16:38:26.358+0000] {dag.py:3089} INFO - Sync 1 DAGs
[2026-09-03T16:38:26.378+0000] {logging_mixin.py:188} INFO - [2026-09-03T16:38:26.378+0000] {dag.py:3947} INFO - Setting next_dagrun for steam_analytics_daily to 2026-09-03 02:00:00+00:00, run_after=2026-09-04 02:00:00+00:00
[2026-09-03T16:38:26.393+0000] {processor.py:183} INFO - Processing /opt/airflow/dags/steam_analytics.py took 0.192 seconds
[2026-09-03T16:38:56.514+0000] {processor.py:161} INFO - Started process (PID=597) to work on /opt/airflow/dags/steam_analytics.py
[2026-09-03T16:38:56.514+0000] {processor.py:830} INFO - Processing file /opt/airflow/dags/steam_analytics.py for tasks to queue
[2026-09-03T16:38:56.516+0000] {logging_mixin.py:188} INFO - [2026-09-03T16:38:56.515+0000] {dagbag.py:545} INFO - Filling up the DagBag from /opt/airflow/dags/steam_analytics.py
[2026-09-03T16:38:56.645+0000] {processor.py:840} INFO - DAG(s) 'steam_analytics_daily' retrieved from /opt/airflow/dags/steam_analytics.py
[2026-09-03T16:38:56.670+0000] {logging_mixin.py:188} INFO - [2026-09-03T16:38:56.670+0000] {dag.py:3089} INFO - Sync 1 DAGs
[2026-09-03T16:38:56.689+0000] {logging_mixin.py:188} INFO - [2026-09-03T16:38:56.689+0000] {dag.py:3947} INFO - Setting next_dagrun for steam_analytics_daily to 2026-09-03 02:00:00+00:00, run_after=2026-09-04 02:00:00+00:00
[2026-09-03T16:38:56.706+0000] {processor.py:183} INFO - Processing /opt/airflow/dags/steam_analytics.py took 0.196 seconds
[2026-09-03T16:39:26.827+0000] {processor.py:161} INFO - Started process (PID=602) to work on /opt/airflow/dags/steam_analytics.py
[2026-09-03T16:39:26.828+0000] {processor.py:830} INFO - Processing file /opt/airflow/dags/steam_analytics.py for tasks to queue
[2026-09-03T16:39:26.829+0000] {logging_mixin.py:188} INFO - [2026-09-03T16:39:26.829+0000] {dagbag.py:545} INFO - Filling up the DagBag from /opt/airflow/dags/steam_analytics.py
[2026-09-03T16:39:26.965+0000] {processor.py:840} INFO - DAG(s) 'steam_analytics_daily' retrieved from /opt/airflow/dags/steam_analytics.py
[2026-09-03T16:39:26.988+0000] {logging_mixin.py:188} INFO - [2026-09-03T16:39:26.988+0000] {dag.py:3089} INFO - Sync 1 DAGs
[2026-09-03T16:39:27.009+0000] {logging_mixin.py:188} INFO - [2026-09-03T16:39:27.009+0000] {dag.py:3947} INFO - Setting next_dagrun for steam_analytics_daily to 2026-09-03 02:00:00+00:00, run_after=2026-09-04 02:00:00+00:00
[2026-09-03T16:39:27.025+0000] {processor.py:183} INFO - Processing /opt/airflow/dags/steam_analytics.py took 0.202 seconds
[2026-09-03T16:39:57.215+0000] {processor.py:161} INFO - Started process (PID=607) to work on /opt/airflow/dags/steam_analytics.py
[2026-09-03T16:39:57.216+0000] {processor.py:830} INFO - Processing file /opt/airflow/dags/steam_analytics.py for tasks to queue
[2026-09-03T16:39:57.217+0000] {logging_mixin.py:188} INFO - [2026-09-03T16:39:57.217+0000] {dagbag.py:545} INFO - Filling up the DagBag from /opt/airflow/dags/steam_analytics.py
[2026-09-03T16:39:57.363+0000] {processor.py:840} INFO - DAG(s) 'steam_analytics_daily' retrieved from /opt/airflow/dags/steam_analytics.py
[2026-09-03T16:39:57.406+0000] {logging_mixin.py:188} INFO - [2026-09-03T16:39:57.406+0000] {dag.py:3089} INFO - Sync 1 DAGs
[2026-09-03T16:39:57.435+0000] {logging_mixin.py:188} INFO - [2026-09-03T16:39:57.435+0000] {dag.py:3947} INFO - Setting next_dagrun for steam_analytics_daily to 2026-09-03 02:00:00+00:00, run_after=2026-09-04 02:00:00+00:00
[2026-09-03T16:39:57.463+0000] {processor.py:183} INFO - Processing /opt/airflow/dags/steam_analytics.py took 0.252 seconds
[2026-09-03T16:40:27.596+0000] {processor.py:161} INFO - Started process (PID=612) to work on /opt/airflow/dags/steam_analytics.py
[2026-09-03T16:40:27.597+0000] {processor.py:830} INFO - Processing file /opt/airflow/dags/steam_analytics.py for tasks to queue
[2026-09-03T16:40:27.598+0000] {logging_mixin.py:188} INFO - [2026-09-03T16:40:27.598+0000] {dagbag.py:545} INFO - Filling up the DagBag from /opt/airflow/dags/steam_analytics.py
[2026-09-03T16:40:27.769+0000] {processor.py:840} INFO - DAG(s) 'steam_analytics_daily' retrieved from /opt/airflow/dags/steam_analytics.py
[2026-09-03T16:40:27.800+0000] {logging_mixin.py:188} INFO - [2026-09-03T16:40:27.799+0000] {dag.py:3089} INFO - Sync 1 DAGs
[2026-09-03T16:40:27.828+0000] {logging_mixin.py:188} INFO - [2026-09-03T16:40:27.827+0000] {dag.py:3947} INFO - Setting next_dagrun for steam_analytics_daily to 2026-09-03 02:00:00+00:00, run_after=2026-09-04 02:00:00+00:00
[2026-09-03T16:40:27.850+0000] {processor.py:183} INFO - Processing /opt/airflow/dags/steam_analytics.py took 0.258 seconds
[2026-09-03T16:40:57.983+0000] {processor.py:161} INFO - Started process (PID=617) to work on /opt/airflow/dags/steam_analytics.py
[2026-09-03T16:40:57.984+0000] {processor.py:830} INFO - Processing file /opt/airflow/dags/steam_analytics.py for tasks to queue
[2026-09-03T16:40:57.986+0000] {logging_mixin.py:188} INFO - [2026-09-03T16:40:57.986+0000] {dagbag.py:545} INFO - Filling up the DagBag from /opt/airflow/dags/steam_analytics.py
[2026-09-03T16:40:58.125+0000] {processor.py:840} INFO - DAG(s) 'steam_analytics_daily' retrieved from /opt/airflow/dags/steam_analytics.py
[2026-09-03T16:40:58.150+0000] {logging_mixin.py:188} INFO - [2026-09-03T16:40:58.150+0000] {dag.py:3089} INFO - Sync 1 DAGs
[2026-09-03T16:40:58.169+0000] {logging_mixin.py:188} INFO - [2026-09-03T16:40:58.168+0000] {dag.py:3947} INFO - Setting next_dagrun for steam_analytics_daily to 2026-09-03 02:00:00+00:00, run_after=2026-09-04 02:00:00+00:00
[2026-09-03T16:40:58.185+0000] {processor.py:183} INFO - Processing /opt/airflow/dags/steam_analytics.py took 0.208 seconds
[2026-09-03T16:41:28.305+0000] {processor.py:161} INFO - Started process (PID=622) to work on /opt/airflow/dags/steam_analytics.py
[2026-09-03T16:41:28.306+0000] {processor.py:830} INFO - Processing file /opt/airflow/dags/steam_analytics.py for tasks to queue
[2026-09-03T16:41:28.307+0000] {logging_mixin.py:188} INFO - [2026-09-03T16:41:28.307+0000] {dagbag.py:545} INFO - Filling up the DagBag from /opt/airflow/dags/steam_analytics.py
[2026-09-03T16:41:28.431+0000] {processor.py:840} INFO - DAG(s) 'steam_analytics_daily' retrieved from /opt/airflow/dags/steam_analytics.py
[2026-09-03T16:41:28.455+0000] {logging_mixin.py:188} INFO - [2026-09-03T16:41:28.455+0000] {dag.py:3089} INFO - Sync 1 DAGs
[2026-09-03T16:41:28.473+0000] {logging_mixin.py:188} INFO - [2026-09-03T16:41:28.473+0000] {dag.py:3947} INFO - Setting next_dagrun for steam_analytics_daily to 2026-09-03 02:00:00+00:00, run_after=2026-09-04 02:00:00+00:00
[2026-09-03T16:41:28.489+0000] {processor.py:183} INFO - Processing /opt/airflow/dags/steam_analytics.py took 0.189 seconds
[2026-09-03T16:41:58.611+0000] {processor.py:161} INFO - Started process (PID=627) to work on /opt/airflow/dags/steam_analytics.py
[2026-09-03T16:41:58.612+0000] {processor.py:830} INFO - Processing file /opt/airflow/dags/steam_analytics.py for tasks to queue
[2026-09-03T16:41:58.613+0000] {logging_mixin.py:188} INFO - [2026-09-03T16:41:58.613+0000] {dagbag.py:545} INFO - Filling up the DagBag from /opt/airflow/dags/steam_analytics.py
[2026-09-03T16:41:58.750+0000] {processor.py:840} INFO - DAG(s) 'steam_analytics_daily' retrieved from /opt/airflow/dags/steam_analytics.py
[2026-09-03T16:41:58.777+0000] {logging_mixin.py:188} INFO - [2026-09-03T16:41:58.777+0000] {dag.py:3089} INFO - Sync 1 DAGs
[2026-09-03T16:41:58.796+0000] {logging_mixin.py:188} INFO - [2026-09-03T16:41:58.796+0000] {dag.py:3947} INFO - Setting next_dagrun for steam_analytics_daily to 2026-09-03 02:00:00+00:00, run_after=2026-09-04 02:00:00+00:00
[2026-09-03T16:41:58.812+0000] {processor.py:183} INFO - Processing /opt/airflow/dags/steam_analytics.py took 0.206 seconds
[2026-09-03T16:42:28.935+0000] {processor.py:161} INFO - Started process (PID=632) to work on /opt/airflow/dags/steam_analytics.py
[2026-09-03T16:42:28.936+0000] {processor.py:830} INFO - Processing file /opt/airflow/dags/steam_analytics.py for tasks to queue
[2026-09-03T16:42:28.937+0000] {logging_mixin.py:188} INFO - [2026-09-03T16:42:28.937+0000] {dagbag.py:545} INFO - Filling up the DagBag from /opt/airflow/dags/steam_analytics.py
[2026-09-03T16:42:29.071+0000] {processor.py:840} INFO - DAG(s) 'steam_analytics_daily' retrieved from /opt/airflow/dags/steam_analytics.py
[2026-09-03T16:42:29.096+0000] {logging_mixin.py:188} INFO - [2026-09-03T16:42:29.095+0000] {dag.py:3089} INFO - Sync 1 DAGs
[2026-09-03T16:42:29.114+0000] {logging_mixin.py:188} INFO - [2026-09-03T16:42:29.114+0000] {dag.py:3947} INFO - Setting next_dagrun for steam_analytics_daily to 2026-09-03 02:00:00+00:00, run_after=2026-09-04 02:00:00+00:00
[2026-09-03T16:42:29.129+0000] {processor.py:183} INFO - Processing /opt/airflow/dags/steam_analytics.py took 0.198 seconds
[2026-09-03T16:42:59.245+0000] {processor.py:161} INFO - Started process (PID=637) to work on /opt/airflow/dags/steam_analytics.py
[2026-09-03T16:42:59.246+0000] {processor.py:830} INFO - Processing file /opt/airflow/dags/steam_analytics.py for tasks to queue
[2026-09-03T16:42:59.247+0000] {logging_mixin.py:188} INFO - [2026-09-03T16:42:59.247+0000] {dagbag.py:545} INFO - Filling up the DagBag from /opt/airflow/dags/steam_analytics.py
[2026-09-03T16:42:59.374+0000] {processor.py:840} INFO - DAG(s) 'steam_analytics_daily' retrieved from /opt/airflow/dags/steam_analytics.py
[2026-09-03T16:42:59.397+0000] {logging_mixin.py:188} INFO - [2026-09-03T16:42:59.397+0000] {dag.py:3089} INFO - Sync 1 DAGs
[2026-09-03T16:42:59.416+0000] {logging_mixin.py:188} INFO - [2026-09-03T16:42:59.415+0000] {dag.py:3947} INFO - Setting next_dagrun for steam_analytics_daily to 2026-09-03 02:00:00+00:00, run_after=2026-09-04 02:00:00+00:00
[2026-09-03T16:42:59.431+0000] {processor.py:183} INFO - Processing /opt/airflow/dags/steam_analytics.py took 0.190 seconds
[2026-09-03T16:43:29.549+0000] {processor.py:161} INFO - Started process (PID=642) to work on /opt/airflow/dags/steam_analytics.py
[2026-09-03T16:43:29.549+0000] {processor.py:830} INFO - Processing file /opt/airflow/dags/steam_analytics.py for tasks to queue
[2026-09-03T16:43:29.551+0000] {logging_mixin.py:188} INFO - [2026-09-03T16:43:29.550+0000] {dagbag.py:545} INFO - Filling up the DagBag from /opt/airflow/dags/steam_analytics.py
[2026-09-03T16:43:29.678+0000] {processor.py:840} INFO - DAG(s) 'steam_analytics_daily' retrieved from /opt/airflow/dags/steam_analytics.py
[2026-09-03T16:43:29.701+0000] {logging_mixin.py:188} INFO - [2026-09-03T16:43:29.701+0000] {dag.py:3089} INFO - Sync 1 DAGs
[2026-09-03T16:43:29.720+0000] {logging_mixin.py:188} INFO - [2026-09-03T16:43:29.720+0000] {dag.py:3947} INFO - Setting next_dagrun for steam_analytics_daily to 2026-09-03 02:00:00+00:00, run_after=2026-09-04 02:00:00+00:00
[2026-09-03T16:43:29.735+0000] {processor.py:183} INFO - Processing /opt/airflow/dags/steam_analytics.py took 0.190 seconds
[2026-09-03T16:43:59.851+0000] {processor.py:161} INFO - Started process (PID=647) to work on /opt/airflow/dags/steam_analytics.py
[2026-09-03T16:43:59.851+0000] {processor.py:830} INFO - Processing file /opt/airflow/dags/steam_analytics.py for tasks to queue
[2026-09-03T16:43:59.852+0000] {logging_mixin.py:188} INFO - [2026-09-03T16:43:59.852+0000] {dagbag.py:545} INFO - Filling up the DagBag from /opt/airflow/dags/steam_analytics.py
[2026-09-03T16:43:59.977+0000] {processor.py:840} INFO - DAG(s) 'steam_analytics_daily' retrieved from /opt/airflow/dags/steam_analytics.py
[2026-09-03T16:44:00.000+0000] {logging_mixin.py:188} INFO - [2026-09-03T16:44:00.000+0000] {dag.py:3089} INFO - Sync 1 DAGs
[2026-09-03T16:44:00.021+0000] {logging_mixin.py:188} INFO - [2026-09-03T16:44:00.020+0000] {dag.py:3947} INFO - Setting next_dagrun for steam_analytics_daily to 2026-09-03 02:00:00+00:00, run_after=2026-09-04 02:00:00+00:00
[2026-09-03T16:44:00.035+0000] {processor.py:183} INFO - Processing /opt/airflow/dags/steam_analytics.py took 0.189 seconds
[2026-09-03T16:44:30.152+0000] {processor.py:161} INFO - Started process (PID=652) to work on /opt/airflow/dags/steam_analytics.py
[2026-09-03T16:44:30.153+0000] {processor.py:830} INFO - Processing file /opt/airflow/dags/steam_analytics.py for tasks to queue
[2026-09-03T16:44:30.154+0000] {logging_mixin.py:188} INFO - [2026-09-03T16:44:30.154+0000] {dagbag.py:545} INFO - Filling up the DagBag from /opt/airflow/dags/steam_analytics.py
[2026-09-03T16:44:30.292+0000] {processor.py:840} INFO - DAG(s) 'steam_analytics_daily' retrieved from /opt/airflow/dags/steam_analytics.py
[2026-09-03T16:44:30.318+0000] {logging_mixin.py:188} INFO - [2026-09-03T16:44:30.318+0000] {dag.py:3089} INFO - Sync 1 DAGs
[2026-09-03T16:44:30.338+0000] {logging_mixin.py:188} INFO - [2026-09-03T16:44:30.338+0000] {dag.py:3947} INFO - Setting next_dagrun for steam_analytics_daily to 2026-09-03 02:00:00+00:00, run_after=2026-09-04 02:00:00+00:00
[2026-09-03T16:44:30.355+0000] {processor.py:183} INFO - Processing /opt/airflow/dags/steam_analytics.py took 0.207 seconds
[2026-09-03T16:45:00.608+0000] {processor.py:161} INFO - Started process (PID=657) to work on /opt/airflow/dags/steam_analytics.py
[2026-09-03T16:45:00.609+0000] {processor.py:830} INFO - Processing file /opt/airflow/dags/steam_analytics.py for tasks to queue
[2026-09-03T16:45:00.610+0000] {logging_mixin.py:188} INFO - [2026-09-03T16:45:00.610+0000] {dagbag.py:545} INFO - Filling up the DagBag from /opt/airflow/dags/steam_analytics.py
[2026-09-03T16:45:00.735+0000] {processor.py:840} INFO - DAG(s) 'steam_analytics_daily' retrieved from /opt/airflow/dags/steam_analytics.py
[2026-09-03T16:45:00.758+0000] {logging_mixin.py:188} INFO - [2026-09-03T16:45:00.758+0000] {dag.py:3089} INFO - Sync 1 DAGs
[2026-09-03T16:45:00.776+0000] {logging_mixin.py:188} INFO - [2026-09-03T16:45:00.776+0000] {dag.py:3947} INFO - Setting next_dagrun for steam_analytics_daily to 2026-09-03 02:00:00+00:00, run_after=2026-09-04 02:00:00+00:00
[2026-09-03T16:45:00.790+0000] {processor.py:183} INFO - Processing /opt/airflow/dags/steam_analytics.py took 0.186 seconds
[2026-09-03T16:45:30.906+0000] {processor.py:161} INFO - Started process (PID=662) to work on /opt/airflow/dags/steam_analytics.py
[2026-09-03T16:45:30.907+0000] {processor.py:830} INFO - Processing file /opt/airflow/dags/steam_analytics.py for tasks to queue
[2026-09-03T16:45:30.908+0000] {logging_mixin.py:188} INFO - [2026-09-03T16:45:30.908+0000] {dagbag.py:545} INFO - Filling up the DagBag from /opt/airflow/dags/steam_analytics.py
[2026-09-03T16:45:31.048+0000] {processor.py:840} INFO - DAG(s) 'steam_analytics_daily' retrieved from /opt/airflow/dags/steam_analytics.py
[2026-09-03T16:45:31.072+0000] {logging_mixin.py:188} INFO - [2026-09-03T16:45:31.071+0000] {dag.py:3089} INFO - Sync 1 DAGs
[2026-09-03T16:45:31.090+0000] {logging_mixin.py:188} INFO - [2026-09-03T16:45:31.090+0000] {dag.py:3947} INFO - Setting next_dagrun for steam_analytics_daily to 2026-09-03 02:00:00+00:00, run_after=2026-09-04 02:00:00+00:00
[2026-09-03T16:45:31.106+0000] {processor.py:183} INFO - Processing /opt/airflow/dags/steam_analytics.py took 0.204 seconds
[2026-09-03T16:46:01.219+0000] {processor.py:161} INFO - Started process (PID=667) to work on /opt/airflow/dags/steam_analytics.py
[2026-09-03T16:46:01.220+0000] {processor.py:830} INFO - Processing file /opt/airflow/dags/steam_analytics.py for tasks to queue
[2026-09-03T16:46:01.221+0000] {logging_mixin.py:188} INFO - [2026-09-03T16:46:01.221+0000] {dagbag.py:545} INFO - Filling up the DagBag from /opt/airflow/dags/steam_analytics.py
[2026-09-03T16:46:01.344+0000] {processor.py:840} INFO - DAG(s) 'steam_analytics_daily' retrieved from /opt/airflow/dags/steam_analytics.py
[2026-09-03T16:46:01.367+0000] {logging_mixin.py:188} INFO - [2026-09-03T16:46:01.367+0000] {dag.py:3089} INFO - Sync 1 DAGs
[2026-09-03T16:46:01.386+0000] {logging_mixin.py:188} INFO - [2026-09-03T16:46:01.385+0000] {dag.py:3947} INFO - Setting next_dagrun for steam_analytics_daily to 2026-09-03 02:00:00+00:00, run_after=2026-09-04 02:00:00+00:00
[2026-09-03T16:46:01.400+0000] {processor.py:183} INFO - Processing /opt/airflow/dags/steam_analytics.py took 0.185 seconds
[2026-09-03T16:46:31.516+0000] {processor.py:161} INFO - Started process (PID=672) to work on /opt/airflow/dags/steam_analytics.py
[2026-09-03T16:46:31.517+0000] {processor.py:830} INFO - Processing file /opt/airflow/dags/steam_analytics.py for tasks to queue
[2026-09-03T16:46:31.518+0000] {logging_mixin.py:188} INFO - [2026-09-03T16:46:31.518+0000] {dagbag.py:545} INFO - Filling up the DagBag from /opt/airflow/dags/steam_analytics.py
[2026-09-03T16:46:31.671+0000] {processor.py:840} INFO - DAG(s) 'steam_analytics_daily' retrieved from /opt/airflow/dags/steam_analytics.py
[2026-09-03T16:46:31.701+0000] {logging_mixin.py:188} INFO - [2026-09-03T16:46:31.701+0000] {dag.py:3089} INFO - Sync 1 DAGs
[2026-09-03T16:46:31.722+0000] {logging_mixin.py:188} INFO - [2026-09-03T16:46:31.722+0000] {dag.py:3947} INFO - Setting next_dagrun for steam_analytics_daily to 2026-09-03 02:00:00+00:00, run_after=2026-09-04 02:00:00+00:00
[2026-09-03T16:46:31.737+0000] {processor.py:183} INFO - Processing /opt/airflow/dags/steam_analytics.py took 0.225 seconds
[2026-09-03T16:47:01.857+0000] {processor.py:161} INFO - Started process (PID=677) to work on /opt/airflow/dags/steam_analytics.py
[2026-09-03T16:47:01.858+0000] {processor.py:830} INFO - Processing file /opt/airflow/dags/steam_analytics.py for tasks to queue
[2026-09-03T16:47:01.859+0000] {logging_mixin.py:188} INFO - [2026-09-03T16:47:01.859+0000] {dagbag.py:545} INFO - Filling up the DagBag from /opt/airflow/dags/steam_analytics.py
[2026-09-03T16:47:01.984+0000] {processor.py:840} INFO - DAG(s) 'steam_analytics_daily' retrieved from /opt/airflow/dags/steam_analytics.py
[2026-09-03T16:47:02.007+0000] {logging_mixin.py:188} INFO - [2026-09-03T16:47:02.007+0000] {dag.py:3089} INFO - Sync 1 DAGs
[2026-09-03T16:47:02.025+0000] {logging_mixin.py:188} INFO - [2026-09-03T16:47:02.025+0000] {dag.py:3947} INFO - Setting next_dagrun for steam_analytics_daily to 2026-09-03 02:00:00+00:00, run_after=2026-09-04 02:00:00+00:00
[2026-09-03T16:47:02.040+0000] {processor.py:183} INFO - Processing /opt/airflow/dags/steam_analytics.py took 0.187 seconds
[2026-09-03T16:47:32.161+0000] {processor.py:161} INFO - Started process (PID=682) to work on /opt/airflow/dags/steam_analytics.py
[2026-09-03T16:47:32.162+0000] {processor.py:830} INFO - Processing file /opt/airflow/dags/steam_analytics.py for tasks to queue
[2026-09-03T16:47:32.163+0000] {logging_mixin.py:188} INFO - [2026-09-03T16:47:32.163+0000] {dagbag.py:545} INFO - Filling up the DagBag from /opt/airflow/dags/steam_analytics.py
[2026-09-03T16:47:32.290+0000] {processor.py:840} INFO - DAG(s) 'steam_analytics_daily' retrieved from /opt/airflow/dags/steam_analytics.py
[2026-09-03T16:47:32.313+0000] {logging_mixin.py:188} INFO - [2026-09-03T16:47:32.313+0000] {dag.py:3089} INFO - Sync 1 DAGs
[2026-09-03T16:47:32.333+0000] {logging_mixin.py:188} INFO - [2026-09-03T16:47:32.332+0000] {dag.py:3947} INFO - Setting next_dagrun for steam_analytics_daily to 2026-09-03 02:00:00+00:00, run_after=2026-09-04 02:00:00+00:00
[2026-09-03T16:47:32.348+0000] {processor.py:183} INFO - Processing /opt/airflow/dags/steam_analytics.py took 0.192 seconds
[2026-09-03T16:48:02.463+0000] {processor.py:161} INFO - Started process (PID=687) to work on /opt/airflow/dags/steam_analytics.py
[2026-09-03T16:48:02.464+0000] {processor.py:830} INFO - Processing file /opt/airflow/dags/steam_analytics.py for tasks to queue
[2026-09-03T16:48:02.465+0000] {logging_mixin.py:188} INFO - [2026-09-03T16:48:02.465+0000] {dagbag.py:545} INFO - Filling up the DagBag from /opt/airflow/dags/steam_analytics.py
[2026-09-03T16:48:02.592+0000] {processor.py:840} INFO - DAG(s) 'steam_analytics_daily' retrieved from /opt/airflow/dags/steam_analytics.py
[2026-09-03T16:48:02.616+0000] {logging_mixin.py:188} INFO - [2026-09-03T16:48:02.616+0000] {dag.py:3089} INFO - Sync 1 DAGs
[2026-09-03T16:48:02.635+0000] {logging_mixin.py:188} INFO - [2026-09-03T16:48:02.635+0000] {dag.py:3947} INFO - Setting next_dagrun for steam_analytics_daily to 2026-09-03 02:00:00+00:00, run_after=2026-09-04 02:00:00+00:00
[2026-09-03T16:48:02.650+0000] {processor.py:183} INFO - Processing /opt/airflow/dags/steam_analytics.py took 0.191 seconds
[2026-09-03T16:48:32.776+0000] {processor.py:161} INFO - Started process (PID=692) to work on /opt/airflow/dags/steam_analytics.py
[2026-09-03T16:48:32.777+0000] {processor.py:830} INFO - Processing file /opt/airflow/dags/steam_analytics.py for tasks to queue
[2026-09-03T16:48:32.779+0000] {logging_mixin.py:188} INFO - [2026-09-03T16:48:32.778+0000] {dagbag.py:545} INFO - Filling up the DagBag from /opt/airflow/dags/steam_analytics.py
[2026-09-03T16:48:32.918+0000] {processor.py:840} INFO - DAG(s) 'steam_analytics_daily' retrieved from /opt/airflow/dags/steam_analytics.py
[2026-09-03T16:48:32.945+0000] {logging_mixin.py:188} INFO - [2026-09-03T16:48:32.944+0000] {dag.py:3089} INFO - Sync 1 DAGs
[2026-09-03T16:48:32.964+0000] {logging_mixin.py:188} INFO - [2026-09-03T16:48:32.964+0000] {dag.py:3947} INFO - Setting next_dagrun for steam_analytics_daily to 2026-09-03 02:00:00+00:00, run_after=2026-09-04 02:00:00+00:00
[2026-09-03T16:48:32.979+0000] {processor.py:183} INFO - Processing /opt/airflow/dags/steam_analytics.py took 0.209 seconds
[2026-09-03T16:49:03.094+0000] {processor.py:161} INFO - Started process (PID=697) to work on /opt/airflow/dags/steam_analytics.py
[2026-09-03T16:49:03.095+0000] {processor.py:830} INFO - Processing file /opt/airflow/dags/steam_analytics.py for tasks to queue
[2026-09-03T16:49:03.096+0000] {logging_mixin.py:188} INFO - [2026-09-03T16:49:03.096+0000] {dagbag.py:545} INFO - Filling up the DagBag from /opt/airflow/dags/steam_analytics.py
[2026-09-03T16:49:03.220+0000] {processor.py:840} INFO - DAG(s) 'steam_analytics_daily' retrieved from /opt/airflow/dags/steam_analytics.py
[2026-09-03T16:49:03.244+0000] {logging_mixin.py:188} INFO - [2026-09-03T16:49:03.244+0000] {dag.py:3089} INFO - Sync 1 DAGs
[2026-09-03T16:49:03.263+0000] {logging_mixin.py:188} INFO - [2026-09-03T16:49:03.262+0000] {dag.py:3947} INFO - Setting next_dagrun for steam_analytics_daily to 2026-09-03 02:00:00+00:00, run_after=2026-09-04 02:00:00+00:00
[2026-09-03T16:49:03.277+0000] {processor.py:183} INFO - Processing /opt/airflow/dags/steam_analytics.py took 0.187 seconds
[2026-09-03T16:49:33.395+0000] {processor.py:161} INFO - Started process (PID=702) to work on /opt/airflow/dags/steam_analytics.py
[2026-09-03T16:49:33.395+0000] {processor.py:830} INFO - Processing file /opt/airflow/dags/steam_analytics.py for tasks to queue
[2026-09-03T16:49:33.397+0000] {logging_mixin.py:188} INFO - [2026-09-03T16:49:33.397+0000] {dagbag.py:545} INFO - Filling up the DagBag from /opt/airflow/dags/steam_analytics.py
[2026-09-03T16:49:33.525+0000] {processor.py:840} INFO - DAG(s) 'steam_analytics_daily' retrieved from /opt/airflow/dags/steam_analytics.py
[2026-09-03T16:49:33.550+0000] {logging_mixin.py:188} INFO - [2026-09-03T16:49:33.549+0000] {dag.py:3089} INFO - Sync 1 DAGs
[2026-09-03T16:49:33.568+0000] {logging_mixin.py:188} INFO - [2026-09-03T16:49:33.568+0000] {dag.py:3947} INFO - Setting next_dagrun for steam_analytics_daily to 2026-09-03 02:00:00+00:00, run_after=2026-09-04 02:00:00+00:00
[2026-09-03T16:49:33.583+0000] {processor.py:183} INFO - Processing /opt/airflow/dags/steam_analytics.py took 0.192 seconds
[2026-09-03T16:50:03.699+0000] {processor.py:161} INFO - Started process (PID=707) to work on /opt/airflow/dags/steam_analytics.py
[2026-09-03T16:50:03.699+0000] {processor.py:830} INFO - Processing file /opt/airflow/dags/steam_analytics.py for tasks to queue
[2026-09-03T16:50:03.701+0000] {logging_mixin.py:188} INFO - [2026-09-03T16:50:03.701+0000] {dagbag.py:545} INFO - Filling up the DagBag from /opt/airflow/dags/steam_analytics.py
[2026-09-03T16:50:03.830+0000] {processor.py:840} INFO - DAG(s) 'steam_analytics_daily' retrieved from /opt/airflow/dags/steam_analytics.py
[2026-09-03T16:50:03.860+0000] {logging_mixin.py:188} INFO - [2026-09-03T16:50:03.859+0000] {dag.py:3089} INFO - Sync 1 DAGs
[2026-09-03T16:50:03.882+0000] {logging_mixin.py:188} INFO - [2026-09-03T16:50:03.881+0000] {dag.py:3947} INFO - Setting next_dagrun for steam_analytics_daily to 2026-09-03 02:00:00+00:00, run_after=2026-09-04 02:00:00+00:00
[2026-09-03T16:50:03.903+0000] {processor.py:183} INFO - Processing /opt/airflow/dags/steam_analytics.py took 0.208 seconds
[2026-09-03T16:50:34.022+0000] {processor.py:161} INFO - Started process (PID=712) to work on /opt/airflow/dags/steam_analytics.py
[2026-09-03T16:50:34.023+0000] {processor.py:830} INFO - Processing file /opt/airflow/dags/steam_analytics.py for tasks to queue
[2026-09-03T16:50:34.024+0000] {logging_mixin.py:188} INFO - [2026-09-03T16:50:34.024+0000] {dagbag.py:545} INFO - Filling up the DagBag from /opt/airflow/dags/steam_analytics.py
[2026-09-03T16:50:34.151+0000] {processor.py:840} INFO - DAG(s) 'steam_analytics_daily' retrieved from /opt/airflow/dags/steam_analytics.py
[2026-09-03T16:50:34.175+0000] {logging_mixin.py:188} INFO - [2026-09-03T16:50:34.174+0000] {dag.py:3089} INFO - Sync 1 DAGs
[2026-09-03T16:50:34.194+0000] {logging_mixin.py:188} INFO - [2026-09-03T16:50:34.193+0000] {dag.py:3947} INFO - Setting next_dagrun for steam_analytics_daily to 2026-09-03 02:00:00+00:00, run_after=2026-09-04 02:00:00+00:00
[2026-09-03T16:50:34.208+0000] {processor.py:183} INFO - Processing /opt/airflow/dags/steam_analytics.py took 0.190 seconds
[2026-09-03T16:51:04.322+0000] {processor.py:161} INFO - Started process (PID=717) to work on /opt/airflow/dags/steam_analytics.py
[2026-09-03T16:51:04.322+0000] {processor.py:830} INFO - Processing file /opt/airflow/dags/steam_analytics.py for tasks to queue
[2026-09-03T16:51:04.324+0000] {logging_mixin.py:188} INFO - [2026-09-03T16:51:04.323+0000] {dagbag.py:545} INFO - Filling up the DagBag from /opt/airflow/dags/steam_analytics.py
[2026-09-03T16:51:04.449+0000] {processor.py:840} INFO - DAG(s) 'steam_analytics_daily' retrieved from /opt/airflow/dags/steam_analytics.py
[2026-09-03T16:51:04.473+0000] {logging_mixin.py:188} INFO - [2026-09-03T16:51:04.472+0000] {dag.py:3089} INFO - Sync 1 DAGs
[2026-09-03T16:51:04.490+0000] {logging_mixin.py:188} INFO - [2026-09-03T16:51:04.490+0000] {dag.py:3947} INFO - Setting next_dagrun for steam_analytics_daily to 2026-09-03 02:00:00+00:00, run_after=2026-09-04 02:00:00+00:00
[2026-09-03T16:51:04.504+0000] {processor.py:183} INFO - Processing /opt/airflow/dags/steam_analytics.py took 0.186 seconds
[2026-09-03T16:51:34.618+0000] {processor.py:161} INFO - Started process (PID=722) to work on /opt/airflow/dags/steam_analytics.py
[2026-09-03T16:51:34.619+0000] {processor.py:830} INFO - Processing file /opt/airflow/dags/steam_analytics.py for tasks to queue
[2026-09-03T16:51:34.620+0000] {logging_mixin.py:188} INFO - [2026-09-03T16:51:34.620+0000] {dagbag.py:545} INFO - Filling up the DagBag from /opt/airflow/dags/steam_analytics.py
[2026-09-03T16:51:34.749+0000] {processor.py:840} INFO - DAG(s) 'steam_analytics_daily' retrieved from /opt/airflow/dags/steam_analytics.py
[2026-09-03T16:51:34.773+0000] {logging_mixin.py:188} INFO - [2026-09-03T16:51:34.773+0000] {dag.py:3089} INFO - Sync 1 DAGs
[2026-09-03T16:51:34.792+0000] {logging_mixin.py:188} INFO - [2026-09-03T16:51:34.792+0000] {dag.py:3947} INFO - Setting next_dagrun for steam_analytics_daily to 2026-09-03 02:00:00+00:00, run_after=2026-09-04 02:00:00+00:00
[2026-09-03T16:51:34.806+0000] {processor.py:183} INFO - Processing /opt/airflow/dags/steam_analytics.py took 0.191 seconds
[2026-09-03T16:52:04.920+0000] {processor.py:161} INFO - Started process (PID=727) to work on /opt/airflow/dags/steam_analytics.py
[2026-09-03T16:52:04.920+0000] {processor.py:830} INFO - Processing file /opt/airflow/dags/steam_analytics.py for tasks to queue
[2026-09-03T16:52:04.922+0000] {logging_mixin.py:188} INFO - [2026-09-03T16:52:04.921+0000] {dagbag.py:545} INFO - Filling up the DagBag from /opt/airflow/dags/steam_analytics.py
[2026-09-03T16:52:05.048+0000] {processor.py:840} INFO - DAG(s) 'steam_analytics_daily' retrieved from /opt/airflow/dags/steam_analytics.py
[2026-09-03T16:52:05.072+0000] {logging_mixin.py:188} INFO - [2026-09-03T16:52:05.071+0000] {dag.py:3089} INFO - Sync 1 DAGs
[2026-09-03T16:52:05.089+0000] {logging_mixin.py:188} INFO - [2026-09-03T16:52:05.089+0000] {dag.py:3947} INFO - Setting next_dagrun for steam_analytics_daily to 2026-09-03 02:00:00+00:00, run_after=2026-09-04 02:00:00+00:00
[2026-09-03T16:52:05.105+0000] {processor.py:183} INFO - Processing /opt/airflow/dags/steam_analytics.py took 0.190 seconds
[2026-09-03T16:52:35.227+0000] {processor.py:161} INFO - Started process (PID=732) to work on /opt/airflow/dags/steam_analytics.py
[2026-09-03T16:52:35.228+0000] {processor.py:830} INFO - Processing file /opt/airflow/dags/steam_analytics.py for tasks to queue
[2026-09-03T16:52:35.230+0000] {logging_mixin.py:188} INFO - [2026-09-03T16:52:35.229+0000] {dagbag.py:545} INFO - Filling up the DagBag from /opt/airflow/dags/steam_analytics.py
[2026-09-03T16:52:35.371+0000] {processor.py:840} INFO - DAG(s) 'steam_analytics_daily' retrieved from /opt/airflow/dags/steam_analytics.py
[2026-09-03T16:52:35.397+0000] {logging_mixin.py:188} INFO - [2026-09-03T16:52:35.397+0000] {dag.py:3089} INFO - Sync 1 DAGs
[2026-09-03T16:52:35.417+0000] {logging_mixin.py:188} INFO - [2026-09-03T16:52:35.417+0000] {dag.py:3947} INFO - Setting next_dagrun for steam_analytics_daily to 2026-09-03 02:00:00+00:00, run_after=2026-09-04 02:00:00+00:00
[2026-09-03T16:52:35.434+0000] {processor.py:183} INFO - Processing /opt/airflow/dags/steam_analytics.py took 0.211 seconds
[2026-09-03T16:53:05.552+0000] {processor.py:161} INFO - Started process (PID=737) to work on /opt/airflow/dags/steam_analytics.py
[2026-09-03T16:53:05.553+0000] {processor.py:830} INFO - Processing file /opt/airflow/dags/steam_analytics.py for tasks to queue
[2026-09-03T16:53:05.554+0000] {logging_mixin.py:188} INFO - [2026-09-03T16:53:05.554+0000] {dagbag.py:545} INFO - Filling up the DagBag from /opt/airflow/dags/steam_analytics.py
[2026-09-03T16:53:05.677+0000] {processor.py:840} INFO - DAG(s) 'steam_analytics_daily' retrieved from /opt/airflow/dags/steam_analytics.py
[2026-09-03T16:53:05.701+0000] {logging_mixin.py:188} INFO - [2026-09-03T16:53:05.701+0000] {dag.py:3089} INFO - Sync 1 DAGs
[2026-09-03T16:53:05.719+0000] {logging_mixin.py:188} INFO - [2026-09-03T16:53:05.719+0000] {dag.py:3947} INFO - Setting next_dagrun for steam_analytics_daily to 2026-09-03 02:00:00+00:00, run_after=2026-09-04 02:00:00+00:00
[2026-09-03T16:53:05.733+0000] {processor.py:183} INFO - Processing /opt/airflow/dags/steam_analytics.py took 0.185 seconds
[2026-09-03T16:53:35.849+0000] {processor.py:161} INFO - Started process (PID=742) to work on /opt/airflow/dags/steam_analytics.py
[2026-09-03T16:53:35.850+0000] {processor.py:830} INFO - Processing file /opt/airflow/dags/steam_analytics.py for tasks to queue
[2026-09-03T16:53:35.851+0000] {logging_mixin.py:188} INFO - [2026-09-03T16:53:35.851+0000] {dagbag.py:545} INFO - Filling up the DagBag from /opt/airflow/dags/steam_analytics.py
[2026-09-03T16:53:35.979+0000] {processor.py:840} INFO - DAG(s) 'steam_analytics_daily' retrieved from /opt/airflow/dags/steam_analytics.py
[2026-09-03T16:53:36.004+0000] {logging_mixin.py:188} INFO - [2026-09-03T16:53:36.004+0000] {dag.py:3089} INFO - Sync 1 DAGs
[2026-09-03T16:53:36.023+0000] {logging_mixin.py:188} INFO - [2026-09-03T16:53:36.022+0000] {dag.py:3947} INFO - Setting next_dagrun for steam_analytics_daily to 2026-09-03 02:00:00+00:00, run_after=2026-09-04 02:00:00+00:00
[2026-09-03T16:53:36.039+0000] {processor.py:183} INFO - Processing /opt/airflow/dags/steam_analytics.py took 0.194 seconds
[2026-09-03T16:54:06.156+0000] {processor.py:161} INFO - Started process (PID=747) to work on /opt/airflow/dags/steam_analytics.py
[2026-09-03T16:54:06.156+0000] {processor.py:830} INFO - Processing file /opt/airflow/dags/steam_analytics.py for tasks to queue
[2026-09-03T16:54:06.157+0000] {logging_mixin.py:188} INFO - [2026-09-03T16:54:06.157+0000] {dagbag.py:545} INFO - Filling up the DagBag from /opt/airflow/dags/steam_analytics.py
[2026-09-03T16:54:06.305+0000] {processor.py:840} INFO - DAG(s) 'steam_analytics_daily' retrieved from /opt/airflow/dags/steam_analytics.py
[2026-09-03T16:54:06.332+0000] {logging_mixin.py:188} INFO - [2026-09-03T16:54:06.331+0000] {dag.py:3089} INFO - Sync 1 DAGs
[2026-09-03T16:54:06.351+0000] {logging_mixin.py:188} INFO - [2026-09-03T16:54:06.351+0000] {dag.py:3947} INFO - Setting next_dagrun for steam_analytics_daily to 2026-09-03 02:00:00+00:00, run_after=2026-09-04 02:00:00+00:00
[2026-09-03T16:54:06.368+0000] {processor.py:183} INFO - Processing /opt/airflow/dags/steam_analytics.py took 0.216 seconds
[2026-09-03T16:54:36.485+0000] {processor.py:161} INFO - Started process (PID=752) to work on /opt/airflow/dags/steam_analytics.py
[2026-09-03T16:54:36.486+0000] {processor.py:830} INFO - Processing file /opt/airflow/dags/steam_analytics.py for tasks to queue
[2026-09-03T16:54:36.487+0000] {logging_mixin.py:188} INFO - [2026-09-03T16:54:36.487+0000] {dagbag.py:545} INFO - Filling up the DagBag from /opt/airflow/dags/steam_analytics.py
[2026-09-03T16:54:36.622+0000] {processor.py:840} INFO - DAG(s) 'steam_analytics_daily' retrieved from /opt/airflow/dags/steam_analytics.py
[2026-09-03T16:54:36.649+0000] {logging_mixin.py:188} INFO - [2026-09-03T16:54:36.649+0000] {dag.py:3089} INFO - Sync 1 DAGs
[2026-09-03T16:54:36.670+0000] {logging_mixin.py:188} INFO - [2026-09-03T16:54:36.670+0000] {dag.py:3947} INFO - Setting next_dagrun for steam_analytics_daily to 2026-09-03 02:00:00+00:00, run_after=2026-09-04 02:00:00+00:00
[2026-09-03T16:54:36.688+0000] {processor.py:183} INFO - Processing /opt/airflow/dags/steam_analytics.py took 0.207 seconds
[2026-09-03T16:55:06.810+0000] {processor.py:161} INFO - Started process (PID=757) to work on /opt/airflow/dags/steam_analytics.py
[2026-09-03T16:55:06.811+0000] {processor.py:830} INFO - Processing file /opt/airflow/dags/steam_analytics.py for tasks to queue
[2026-09-03T16:55:06.812+0000] {logging_mixin.py:188} INFO - [2026-09-03T16:55:06.812+0000] {dagbag.py:545} INFO - Filling up the DagBag from /opt/airflow/dags/steam_analytics.py
[2026-09-03T16:55:06.960+0000] {processor.py:840} INFO - DAG(s) 'steam_analytics_daily' retrieved from /opt/airflow/dags/steam_analytics.py
[2026-09-03T16:55:06.987+0000] {logging_mixin.py:188} INFO - [2026-09-03T16:55:06.986+0000] {dag.py:3089} INFO - Sync 1 DAGs
[2026-09-03T16:55:07.005+0000] {logging_mixin.py:188} INFO - [2026-09-03T16:55:07.005+0000] {dag.py:3947} INFO - Setting next_dagrun for steam_analytics_daily to 2026-09-03 02:00:00+00:00, run_after=2026-09-04 02:00:00+00:00
[2026-09-03T16:55:07.024+0000] {processor.py:183} INFO - Processing /opt/airflow/dags/steam_analytics.py took 0.219 seconds
[2026-09-03T16:55:37.145+0000] {processor.py:161} INFO - Started process (PID=762) to work on /opt/airflow/dags/steam_analytics.py
[2026-09-03T16:55:37.146+0000] {processor.py:830} INFO - Processing file /opt/airflow/dags/steam_analytics.py for tasks to queue
[2026-09-03T16:55:37.147+0000] {logging_mixin.py:188} INFO - [2026-09-03T16:55:37.147+0000] {dagbag.py:545} INFO - Filling up the DagBag from /opt/airflow/dags/steam_analytics.py
[2026-09-03T16:55:37.314+0000] {processor.py:840} INFO - DAG(s) 'steam_analytics_daily' retrieved from /opt/airflow/dags/steam_analytics.py
[2026-09-03T16:55:37.347+0000] {logging_mixin.py:188} INFO - [2026-09-03T16:55:37.347+0000] {dag.py:3089} INFO - Sync 1 DAGs
[2026-09-03T16:55:37.368+0000] {logging_mixin.py:188} INFO - [2026-09-03T16:55:37.368+0000] {dag.py:3947} INFO - Setting next_dagrun for steam_analytics_daily to 2026-09-03 02:00:00+00:00, run_after=2026-09-04 02:00:00+00:00
[2026-09-03T16:55:37.385+0000] {processor.py:183} INFO - Processing /opt/airflow/dags/steam_analytics.py took 0.243 seconds
[2026-09-03T16:56:07.510+0000] {processor.py:161} INFO - Started process (PID=767) to work on /opt/airflow/dags/steam_analytics.py
[2026-09-03T16:56:07.511+0000] {processor.py:830} INFO - Processing file /opt/airflow/dags/steam_analytics.py for tasks to queue
[2026-09-03T16:56:07.512+0000] {logging_mixin.py:188} INFO - [2026-09-03T16:56:07.512+0000] {dagbag.py:545} INFO - Filling up the DagBag from /opt/airflow/dags/steam_analytics.py
[2026-09-03T16:56:07.649+0000] {processor.py:840} INFO - DAG(s) 'steam_analytics_daily' retrieved from /opt/airflow/dags/steam_analytics.py
[2026-09-03T16:56:07.674+0000] {logging_mixin.py:188} INFO - [2026-09-03T16:56:07.674+0000] {dag.py:3089} INFO - Sync 1 DAGs
[2026-09-03T16:56:07.693+0000] {logging_mixin.py:188} INFO - [2026-09-03T16:56:07.693+0000] {dag.py:3947} INFO - Setting next_dagrun for steam_analytics_daily to 2026-09-03 02:00:00+00:00, run_after=2026-09-04 02:00:00+00:00
[2026-09-03T16:56:07.711+0000] {processor.py:183} INFO - Processing /opt/airflow/dags/steam_analytics.py took 0.205 seconds
[2026-09-03T16:56:37.832+0000] {processor.py:161} INFO - Started process (PID=772) to work on /opt/airflow/dags/steam_analytics.py
[2026-09-03T16:56:37.832+0000] {processor.py:830} INFO - Processing file /opt/airflow/dags/steam_analytics.py for tasks to queue
[2026-09-03T16:56:37.834+0000] {logging_mixin.py:188} INFO - [2026-09-03T16:56:37.833+0000] {dagbag.py:545} INFO - Filling up the DagBag from /opt/airflow/dags/steam_analytics.py
[2026-09-03T16:56:37.960+0000] {processor.py:840} INFO - DAG(s) 'steam_analytics_daily' retrieved from /opt/airflow/dags/steam_analytics.py
[2026-09-03T16:56:37.984+0000] {logging_mixin.py:188} INFO - [2026-09-03T16:56:37.984+0000] {dag.py:3089} INFO - Sync 1 DAGs
[2026-09-03T16:56:38.003+0000] {logging_mixin.py:188} INFO - [2026-09-03T16:56:38.003+0000] {dag.py:3947} INFO - Setting next_dagrun for steam_analytics_daily to 2026-09-03 02:00:00+00:00, run_after=2026-09-04 02:00:00+00:00
[2026-09-03T16:56:38.018+0000] {processor.py:183} INFO - Processing /opt/airflow/dags/steam_analytics.py took 0.191 seconds
[2026-09-03T16:57:08.149+0000] {processor.py:161} INFO - Started process (PID=777) to work on /opt/airflow/dags/steam_analytics.py
[2026-09-03T16:57:08.150+0000] {processor.py:830} INFO - Processing file /opt/airflow/dags/steam_analytics.py for tasks to queue
[2026-09-03T16:57:08.151+0000] {logging_mixin.py:188} INFO - [2026-09-03T16:57:08.151+0000] {dagbag.py:545} INFO - Filling up the DagBag from /opt/airflow/dags/steam_analytics.py
[2026-09-03T16:57:08.304+0000] {processor.py:840} INFO - DAG(s) 'steam_analytics_daily' retrieved from /opt/airflow/dags/steam_analytics.py
[2026-09-03T16:57:08.329+0000] {logging_mixin.py:188} INFO - [2026-09-03T16:57:08.328+0000] {dag.py:3089} INFO - Sync 1 DAGs
[2026-09-03T16:57:08.347+0000] {logging_mixin.py:188} INFO - [2026-09-03T16:57:08.347+0000] {dag.py:3947} INFO - Setting next_dagrun for steam_analytics_daily to 2026-09-03 02:00:00+00:00, run_after=2026-09-04 02:00:00+00:00
[2026-09-03T16:57:08.365+0000] {processor.py:183} INFO - Processing /opt/airflow/dags/steam_analytics.py took 0.220 seconds
[2026-09-03T16:57:38.490+0000] {processor.py:161} INFO - Started process (PID=782) to work on /opt/airflow/dags/steam_analytics.py
[2026-09-03T16:57:38.491+0000] {processor.py:830} INFO - Processing file /opt/airflow/dags/steam_analytics.py for tasks to queue
[2026-09-03T16:57:38.492+0000] {logging_mixin.py:188} INFO - [2026-09-03T16:57:38.492+0000] {dagbag.py:545} INFO - Filling up the DagBag from /opt/airflow/dags/steam_analytics.py
[2026-09-03T16:57:38.629+0000] {processor.py:840} INFO - DAG(s) 'steam_analytics_daily' retrieved from /opt/airflow/dags/steam_analytics.py
[2026-09-03T16:57:38.657+0000] {logging_mixin.py:188} INFO - [2026-09-03T16:57:38.656+0000] {dag.py:3089} INFO - Sync 1 DAGs
[2026-09-03T16:57:38.677+0000] {logging_mixin.py:188} INFO - [2026-09-03T16:57:38.677+0000] {dag.py:3947} INFO - Setting next_dagrun for steam_analytics_daily to 2026-09-03 02:00:00+00:00, run_after=2026-09-04 02:00:00+00:00
[2026-09-03T16:57:38.692+0000] {processor.py:183} INFO - Processing /opt/airflow/dags/steam_analytics.py took 0.207 seconds
[2026-09-03T16:58:08.815+0000] {processor.py:161} INFO - Started process (PID=787) to work on /opt/airflow/dags/steam_analytics.py
[2026-09-03T16:58:08.816+0000] {processor.py:830} INFO - Processing file /opt/airflow/dags/steam_analytics.py for tasks to queue
[2026-09-03T16:58:08.817+0000] {logging_mixin.py:188} INFO - [2026-09-03T16:58:08.817+0000] {dagbag.py:545} INFO - Filling up the DagBag from /opt/airflow/dags/steam_analytics.py
[2026-09-03T16:58:08.948+0000] {processor.py:840} INFO - DAG(s) 'steam_analytics_daily' retrieved from /opt/airflow/dags/steam_analytics.py
[2026-09-03T16:58:08.974+0000] {logging_mixin.py:188} INFO - [2026-09-03T16:58:08.974+0000] {dag.py:3089} INFO - Sync 1 DAGs
[2026-09-03T16:58:08.994+0000] {logging_mixin.py:188} INFO - [2026-09-03T16:58:08.994+0000] {dag.py:3947} INFO - Setting next_dagrun for steam_analytics_daily to 2026-09-03 02:00:00+00:00, run_after=2026-09-04 02:00:00+00:00
[2026-09-03T16:58:09.012+0000] {processor.py:183} INFO - Processing /opt/airflow/dags/steam_analytics.py took 0.201 seconds
[2026-09-03T16:58:39.138+0000] {processor.py:161} INFO - Started process (PID=792) to work on /opt/airflow/dags/steam_analytics.py
[2026-09-03T16:58:39.139+0000] {processor.py:830} INFO - Processing file /opt/airflow/dags/steam_analytics.py for tasks to queue
[2026-09-03T16:58:39.141+0000] {logging_mixin.py:188} INFO - [2026-09-03T16:58:39.140+0000] {dagbag.py:545} INFO - Filling up the DagBag from /opt/airflow/dags/steam_analytics.py
[2026-09-03T16:58:39.304+0000] {processor.py:840} INFO - DAG(s) 'steam_analytics_daily' retrieved from /opt/airflow/dags/steam_analytics.py
[2026-09-03T16:58:39.332+0000] {logging_mixin.py:188} INFO - [2026-09-03T16:58:39.332+0000] {dag.py:3089} INFO - Sync 1 DAGs
[2026-09-03T16:58:39.357+0000] {logging_mixin.py:188} INFO - [2026-09-03T16:58:39.357+0000] {dag.py:3947} INFO - Setting next_dagrun for steam_analytics_daily to 2026-09-03 02:00:00+00:00, run_after=2026-09-04 02:00:00+00:00
[2026-09-03T16:58:39.375+0000] {processor.py:183} INFO - Processing /opt/airflow/dags/steam_analytics.py took 0.241 seconds
[2026-09-03T16:59:09.503+0000] {processor.py:161} INFO - Started process (PID=797) to work on /opt/airflow/dags/steam_analytics.py
[2026-09-03T16:59:09.503+0000] {processor.py:830} INFO - Processing file /opt/airflow/dags/steam_analytics.py for tasks to queue
[2026-09-03T16:59:09.505+0000] {logging_mixin.py:188} INFO - [2026-09-03T16:59:09.505+0000] {dagbag.py:545} INFO - Filling up the DagBag from /opt/airflow/dags/steam_analytics.py
[2026-09-03T16:59:09.636+0000] {processor.py:840} INFO - DAG(s) 'steam_analytics_daily' retrieved from /opt/airflow/dags/steam_analytics.py
[2026-09-03T16:59:09.662+0000] {logging_mixin.py:188} INFO - [2026-09-03T16:59:09.662+0000] {dag.py:3089} INFO - Sync 1 DAGs
[2026-09-03T16:59:09.683+0000] {logging_mixin.py:188} INFO - [2026-09-03T16:59:09.683+0000] {dag.py:3947} INFO - Setting next_dagrun for steam_analytics_daily to 2026-09-03 02:00:00+00:00, run_after=2026-09-04 02:00:00+00:00
[2026-09-03T16:59:09.700+0000] {processor.py:183} INFO - Processing /opt/airflow/dags/steam_analytics.py took 0.201 seconds
[2026-09-03T16:59:39.822+0000] {processor.py:161} INFO - Started process (PID=802) to work on /opt/airflow/dags/steam_analytics.py
[2026-09-03T16:59:39.823+0000] {processor.py:830} INFO - Processing file /opt/airflow/dags/steam_analytics.py for tasks to queue
[2026-09-03T16:59:39.824+0000] {logging_mixin.py:188} INFO - [2026-09-03T16:59:39.824+0000] {dagbag.py:545} INFO - Filling up the DagBag from /opt/airflow/dags/steam_analytics.py
[2026-09-03T16:59:39.956+0000] {processor.py:840} INFO - DAG(s) 'steam_analytics_daily' retrieved from /opt/airflow/dags/steam_analytics.py
[2026-09-03T16:59:39.981+0000] {logging_mixin.py:188} INFO - [2026-09-03T16:59:39.981+0000] {dag.py:3089} INFO - Sync 1 DAGs
[2026-09-03T16:59:40.001+0000] {logging_mixin.py:188} INFO - [2026-09-03T16:59:40.001+0000] {dag.py:3947} INFO - Setting next_dagrun for steam_analytics_daily to 2026-09-03 02:00:00+00:00, run_after=2026-09-04 02:00:00+00:00
[2026-09-03T16:59:40.017+0000] {processor.py:183} INFO - Processing /opt/airflow/dags/steam_analytics.py took 0.200 seconds
[2026-09-03T17:00:10.135+0000] {processor.py:161} INFO - Started process (PID=807) to work on /opt/airflow/dags/steam_analytics.py
[2026-09-03T17:00:10.136+0000] {processor.py:830} INFO - Processing file /opt/airflow/dags/steam_analytics.py for tasks to queue
[2026-09-03T17:00:10.137+0000] {logging_mixin.py:188} INFO - [2026-09-03T17:00:10.137+0000] {dagbag.py:545} INFO - Filling up the DagBag from /opt/airflow/dags/steam_analytics.py
[2026-09-03T17:00:10.263+0000] {processor.py:840} INFO - DAG(s) 'steam_analytics_daily' retrieved from /opt/airflow/dags/steam_analytics.py
[2026-09-03T17:00:10.286+0000] {logging_mixin.py:188} INFO - [2026-09-03T17:00:10.285+0000] {dag.py:3089} INFO - Sync 1 DAGs
[2026-09-03T17:00:10.303+0000] {logging_mixin.py:188} INFO - [2026-09-03T17:00:10.303+0000] {dag.py:3947} INFO - Setting next_dagrun for steam_analytics_daily to 2026-09-03 02:00:00+00:00, run_after=2026-09-04 02:00:00+00:00
[2026-09-03T17:00:10.318+0000] {processor.py:183} INFO - Processing /opt/airflow/dags/steam_analytics.py took 0.187 seconds
[2026-09-03T17:00:40.435+0000] {processor.py:161} INFO - Started process (PID=812) to work on /opt/airflow/dags/steam_analytics.py
[2026-09-03T17:00:40.435+0000] {processor.py:830} INFO - Processing file /opt/airflow/dags/steam_analytics.py for tasks to queue
[2026-09-03T17:00:40.437+0000] {logging_mixin.py:188} INFO - [2026-09-03T17:00:40.436+0000] {dagbag.py:545} INFO - Filling up the DagBag from /opt/airflow/dags/steam_analytics.py
[2026-09-03T17:00:40.565+0000] {processor.py:840} INFO - DAG(s) 'steam_analytics_daily' retrieved from /opt/airflow/dags/steam_analytics.py
[2026-09-03T17:00:40.587+0000] {logging_mixin.py:188} INFO - [2026-09-03T17:00:40.587+0000] {dag.py:3089} INFO - Sync 1 DAGs
[2026-09-03T17:00:40.605+0000] {logging_mixin.py:188} INFO - [2026-09-03T17:00:40.605+0000] {dag.py:3947} INFO - Setting next_dagrun for steam_analytics_daily to 2026-09-03 02:00:00+00:00, run_after=2026-09-04 02:00:00+00:00
[2026-09-03T17:00:40.621+0000] {processor.py:183} INFO - Processing /opt/airflow/dags/steam_analytics.py took 0.190 seconds
[2026-09-03T17:01:10.736+0000] {processor.py:161} INFO - Started process (PID=817) to work on /opt/airflow/dags/steam_analytics.py
[2026-09-03T17:01:10.736+0000] {processor.py:830} INFO - Processing file /opt/airflow/dags/steam_analytics.py for tasks to queue
[2026-09-03T17:01:10.738+0000] {logging_mixin.py:188} INFO - [2026-09-03T17:01:10.738+0000] {dagbag.py:545} INFO - Filling up the DagBag from /opt/airflow/dags/steam_analytics.py
[2026-09-03T17:01:10.863+0000] {processor.py:840} INFO - DAG(s) 'steam_analytics_daily' retrieved from /opt/airflow/dags/steam_analytics.py
[2026-09-03T17:01:10.889+0000] {logging_mixin.py:188} INFO - [2026-09-03T17:01:10.889+0000] {dag.py:3089} INFO - Sync 1 DAGs
[2026-09-03T17:01:10.908+0000] {logging_mixin.py:188} INFO - [2026-09-03T17:01:10.907+0000] {dag.py:3947} INFO - Setting next_dagrun for steam_analytics_daily to 2026-09-03 02:00:00+00:00, run_after=2026-09-04 02:00:00+00:00
[2026-09-03T17:01:10.922+0000] {processor.py:183} INFO - Processing /opt/airflow/dags/steam_analytics.py took 0.190 seconds
[2026-09-03T17:01:41.039+0000] {processor.py:161} INFO - Started process (PID=822) to work on /opt/airflow/dags/steam_analytics.py
[2026-09-03T17:01:41.040+0000] {processor.py:830} INFO - Processing file /opt/airflow/dags/steam_analytics.py for tasks to queue
[2026-09-03T17:01:41.041+0000] {logging_mixin.py:188} INFO - [2026-09-03T17:01:41.041+0000] {dagbag.py:545} INFO - Filling up the DagBag from /opt/airflow/dags/steam_analytics.py
[2026-09-03T17:01:41.168+0000] {processor.py:840} INFO - DAG(s) 'steam_analytics_daily' retrieved from /opt/airflow/dags/steam_analytics.py
[2026-09-03T17:01:41.191+0000] {logging_mixin.py:188} INFO - [2026-09-03T17:01:41.191+0000] {dag.py:3089} INFO - Sync 1 DAGs
[2026-09-03T17:01:41.209+0000] {logging_mixin.py:188} INFO - [2026-09-03T17:01:41.209+0000] {dag.py:3947} INFO - Setting next_dagrun for steam_analytics_daily to 2026-09-03 02:00:00+00:00, run_after=2026-09-04 02:00:00+00:00
[2026-09-03T17:01:41.226+0000] {processor.py:183} INFO - Processing /opt/airflow/dags/steam_analytics.py took 0.194 seconds
[2026-09-03T17:02:11.348+0000] {processor.py:161} INFO - Started process (PID=827) to work on /opt/airflow/dags/steam_analytics.py
[2026-09-03T17:02:11.349+0000] {processor.py:830} INFO - Processing file /opt/airflow/dags/steam_analytics.py for tasks to queue
[2026-09-03T17:02:11.350+0000] {logging_mixin.py:188} INFO - [2026-09-03T17:02:11.350+0000] {dagbag.py:545} INFO - Filling up the DagBag from /opt/airflow/dags/steam_analytics.py
[2026-09-03T17:02:11.489+0000] {processor.py:840} INFO - DAG(s) 'steam_analytics_daily' retrieved from /opt/airflow/dags/steam_analytics.py
[2026-09-03T17:02:11.514+0000] {logging_mixin.py:188} INFO - [2026-09-03T17:02:11.514+0000] {dag.py:3089} INFO - Sync 1 DAGs
[2026-09-03T17:02:11.533+0000] {logging_mixin.py:188} INFO - [2026-09-03T17:02:11.533+0000] {dag.py:3947} INFO - Setting next_dagrun for steam_analytics_daily to 2026-09-03 02:00:00+00:00, run_after=2026-09-04 02:00:00+00:00
[2026-09-03T17:02:11.551+0000] {processor.py:183} INFO - Processing /opt/airflow/dags/steam_analytics.py took 0.207 seconds
[2026-09-03T17:02:41.671+0000] {processor.py:161} INFO - Started process (PID=832) to work on /opt/airflow/dags/steam_analytics.py
[2026-09-03T17:02:41.672+0000] {processor.py:830} INFO - Processing file /opt/airflow/dags/steam_analytics.py for tasks to queue
[2026-09-03T17:02:41.673+0000] {logging_mixin.py:188} INFO - [2026-09-03T17:02:41.673+0000] {dagbag.py:545} INFO - Filling up the DagBag from /opt/airflow/dags/steam_analytics.py
[2026-09-03T17:02:41.807+0000] {processor.py:840} INFO - DAG(s) 'steam_analytics_daily' retrieved from /opt/airflow/dags/steam_analytics.py
[2026-09-03T17:02:41.832+0000] {logging_mixin.py:188} INFO - [2026-09-03T17:02:41.832+0000] {dag.py:3089} INFO - Sync 1 DAGs
[2026-09-03T17:02:41.850+0000] {logging_mixin.py:188} INFO - [2026-09-03T17:02:41.850+0000] {dag.py:3947} INFO - Setting next_dagrun for steam_analytics_daily to 2026-09-03 02:00:00+00:00, run_after=2026-09-04 02:00:00+00:00
[2026-09-03T17:02:41.868+0000] {processor.py:183} INFO - Processing /opt/airflow/dags/steam_analytics.py took 0.201 seconds
[2026-09-03T17:03:11.986+0000] {processor.py:161} INFO - Started process (PID=837) to work on /opt/airflow/dags/steam_analytics.py
[2026-09-03T17:03:11.987+0000] {processor.py:830} INFO - Processing file /opt/airflow/dags/steam_analytics.py for tasks to queue
[2026-09-03T17:03:11.988+0000] {logging_mixin.py:188} INFO - [2026-09-03T17:03:11.988+0000] {dagbag.py:545} INFO - Filling up the DagBag from /opt/airflow/dags/steam_analytics.py
[2026-09-03T17:03:12.121+0000] {processor.py:840} INFO - DAG(s) 'steam_analytics_daily' retrieved from /opt/airflow/dags/steam_analytics.py
[2026-09-03T17:03:12.146+0000] {logging_mixin.py:188} INFO - [2026-09-03T17:03:12.145+0000] {dag.py:3089} INFO - Sync 1 DAGs
[2026-09-03T17:03:12.166+0000] {logging_mixin.py:188} INFO - [2026-09-03T17:03:12.166+0000] {dag.py:3947} INFO - Setting next_dagrun for steam_analytics_daily to 2026-09-03 02:00:00+00:00, run_after=2026-09-04 02:00:00+00:00
[2026-09-03T17:03:12.182+0000] {processor.py:183} INFO - Processing /opt/airflow/dags/steam_analytics.py took 0.200 seconds
[2026-09-03T17:03:42.303+0000] {processor.py:161} INFO - Started process (PID=842) to work on /opt/airflow/dags/steam_analytics.py
[2026-09-03T17:03:42.304+0000] {processor.py:830} INFO - Processing file /opt/airflow/dags/steam_analytics.py for tasks to queue
[2026-09-03T17:03:42.305+0000] {logging_mixin.py:188} INFO - [2026-09-03T17:03:42.305+0000] {dagbag.py:545} INFO - Filling up the DagBag from /opt/airflow/dags/steam_analytics.py
[2026-09-03T17:03:42.440+0000] {processor.py:840} INFO - DAG(s) 'steam_analytics_daily' retrieved from /opt/airflow/dags/steam_analytics.py
[2026-09-03T17:03:42.467+0000] {logging_mixin.py:188} INFO - [2026-09-03T17:03:42.467+0000] {dag.py:3089} INFO - Sync 1 DAGs
[2026-09-03T17:03:42.490+0000] {logging_mixin.py:188} INFO - [2026-09-03T17:03:42.490+0000] {dag.py:3947} INFO - Setting next_dagrun for steam_analytics_daily to 2026-09-03 02:00:00+00:00, run_after=2026-09-04 02:00:00+00:00
[2026-09-03T17:03:42.509+0000] {processor.py:183} INFO - Processing /opt/airflow/dags/steam_analytics.py took 0.209 seconds
[2026-09-03T17:04:12.635+0000] {processor.py:161} INFO - Started process (PID=847) to work on /opt/airflow/dags/steam_analytics.py
[2026-09-03T17:04:12.636+0000] {processor.py:830} INFO - Processing file /opt/airflow/dags/steam_analytics.py for tasks to queue
[2026-09-03T17:04:12.637+0000] {logging_mixin.py:188} INFO - [2026-09-03T17:04:12.637+0000] {dagbag.py:545} INFO - Filling up the DagBag from /opt/airflow/dags/steam_analytics.py
[2026-09-03T17:04:12.792+0000] {processor.py:840} INFO - DAG(s) 'steam_analytics_daily' retrieved from /opt/airflow/dags/steam_analytics.py
[2026-09-03T17:04:12.819+0000] {logging_mixin.py:188} INFO - [2026-09-03T17:04:12.819+0000] {dag.py:3089} INFO - Sync 1 DAGs
[2026-09-03T17:04:12.840+0000] {logging_mixin.py:188} INFO - [2026-09-03T17:04:12.840+0000] {dag.py:3947} INFO - Setting next_dagrun for steam_analytics_daily to 2026-09-03 02:00:00+00:00, run_after=2026-09-04 02:00:00+00:00
[2026-09-03T17:04:12.857+0000] {processor.py:183} INFO - Processing /opt/airflow/dags/steam_analytics.py took 0.228 seconds
[2026-09-03T17:04:42.977+0000] {processor.py:161} INFO - Started process (PID=852) to work on /opt/airflow/dags/steam_analytics.py
[2026-09-03T17:04:42.978+0000] {processor.py:830} INFO - Processing file /opt/airflow/dags/steam_analytics.py for tasks to queue
[2026-09-03T17:04:42.979+0000] {logging_mixin.py:188} INFO - [2026-09-03T17:04:42.979+0000] {dagbag.py:545} INFO - Filling up the DagBag from /opt/airflow/dags/steam_analytics.py
[2026-09-03T17:04:43.106+0000] {processor.py:840} INFO - DAG(s) 'steam_analytics_daily' retrieved from /opt/airflow/dags/steam_analytics.py
[2026-09-03T17:04:43.129+0000] {logging_mixin.py:188} INFO - [2026-09-03T17:04:43.128+0000] {dag.py:3089} INFO - Sync 1 DAGs
[2026-09-03T17:04:43.146+0000] {logging_mixin.py:188} INFO - [2026-09-03T17:04:43.146+0000] {dag.py:3947} INFO - Setting next_dagrun for steam_analytics_daily to 2026-09-03 02:00:00+00:00, run_after=2026-09-04 02:00:00+00:00
[2026-09-03T17:04:43.160+0000] {processor.py:183} INFO - Processing /opt/airflow/dags/steam_analytics.py took 0.187 seconds
[2026-09-03T17:05:13.282+0000] {processor.py:161} INFO - Started process (PID=857) to work on /opt/airflow/dags/steam_analytics.py
[2026-09-03T17:05:13.283+0000] {processor.py:830} INFO - Processing file /opt/airflow/dags/steam_analytics.py for tasks to queue
[2026-09-03T17:05:13.284+0000] {logging_mixin.py:188} INFO - [2026-09-03T17:05:13.284+0000] {dagbag.py:545} INFO - Filling up the DagBag from /opt/airflow/dags/steam_analytics.py
[2026-09-03T17:05:13.438+0000] {processor.py:840} INFO - DAG(s) 'steam_analytics_daily' retrieved from /opt/airflow/dags/steam_analytics.py
[2026-09-03T17:05:13.466+0000] {logging_mixin.py:188} INFO - [2026-09-03T17:05:13.466+0000] {dag.py:3089} INFO - Sync 1 DAGs
[2026-09-03T17:05:13.489+0000] {logging_mixin.py:188} INFO - [2026-09-03T17:05:13.488+0000] {dag.py:3947} INFO - Setting next_dagrun for steam_analytics_daily to 2026-09-03 02:00:00+00:00, run_after=2026-09-04 02:00:00+00:00
[2026-09-03T17:05:13.506+0000] {processor.py:183} INFO - Processing /opt/airflow/dags/steam_analytics.py took 0.229 seconds
[2026-09-03T17:05:43.628+0000] {processor.py:161} INFO - Started process (PID=862) to work on /opt/airflow/dags/steam_analytics.py
[2026-09-03T17:05:43.629+0000] {processor.py:830} INFO - Processing file /opt/airflow/dags/steam_analytics.py for tasks to queue
[2026-09-03T17:05:43.630+0000] {logging_mixin.py:188} INFO - [2026-09-03T17:05:43.630+0000] {dagbag.py:545} INFO - Filling up the DagBag from /opt/airflow/dags/steam_analytics.py
[2026-09-03T17:05:43.756+0000] {processor.py:840} INFO - DAG(s) 'steam_analytics_daily' retrieved from /opt/airflow/dags/steam_analytics.py
[2026-09-03T17:05:43.782+0000] {logging_mixin.py:188} INFO - [2026-09-03T17:05:43.782+0000] {dag.py:3089} INFO - Sync 1 DAGs
[2026-09-03T17:05:43.800+0000] {logging_mixin.py:188} INFO - [2026-09-03T17:05:43.800+0000] {dag.py:3947} INFO - Setting next_dagrun for steam_analytics_daily to 2026-09-03 02:00:00+00:00, run_after=2026-09-04 02:00:00+00:00
[2026-09-03T17:05:43.815+0000] {processor.py:183} INFO - Processing /opt/airflow/dags/steam_analytics.py took 0.191 seconds
[2026-09-03T17:06:13.930+0000] {processor.py:161} INFO - Started process (PID=867) to work on /opt/airflow/dags/steam_analytics.py
[2026-09-03T17:06:13.931+0000] {processor.py:830} INFO - Processing file /opt/airflow/dags/steam_analytics.py for tasks to queue
[2026-09-03T17:06:13.932+0000] {logging_mixin.py:188} INFO - [2026-09-03T17:06:13.932+0000] {dagbag.py:545} INFO - Filling up the DagBag from /opt/airflow/dags/steam_analytics.py
[2026-09-03T17:06:14.056+0000] {processor.py:840} INFO - DAG(s) 'steam_analytics_daily' retrieved from /opt/airflow/dags/steam_analytics.py
[2026-09-03T17:06:14.080+0000] {logging_mixin.py:188} INFO - [2026-09-03T17:06:14.080+0000] {dag.py:3089} INFO - Sync 1 DAGs
[2026-09-03T17:06:14.099+0000] {logging_mixin.py:188} INFO - [2026-09-03T17:06:14.099+0000] {dag.py:3947} INFO - Setting next_dagrun for steam_analytics_daily to 2026-09-03 02:00:00+00:00, run_after=2026-09-04 02:00:00+00:00
[2026-09-03T17:06:14.113+0000] {processor.py:183} INFO - Processing /opt/airflow/dags/steam_analytics.py took 0.187 seconds
[2026-09-03T17:06:44.237+0000] {processor.py:161} INFO - Started process (PID=872) to work on /opt/airflow/dags/steam_analytics.py
[2026-09-03T17:06:44.238+0000] {processor.py:830} INFO - Processing file /opt/airflow/dags/steam_analytics.py for tasks to queue
[2026-09-03T17:06:44.239+0000] {logging_mixin.py:188} INFO - [2026-09-03T17:06:44.239+0000] {dagbag.py:545} INFO - Filling up the DagBag from /opt/airflow/dags/steam_analytics.py
[2026-09-03T17:06:44.378+0000] {processor.py:840} INFO - DAG(s) 'steam_analytics_daily' retrieved from /opt/airflow/dags/steam_analytics.py
[2026-09-03T17:06:44.405+0000] {logging_mixin.py:188} INFO - [2026-09-03T17:06:44.405+0000] {dag.py:3089} INFO - Sync 1 DAGs
[2026-09-03T17:06:44.427+0000] {logging_mixin.py:188} INFO - [2026-09-03T17:06:44.427+0000] {dag.py:3947} INFO - Setting next_dagrun for steam_analytics_daily to 2026-09-03 02:00:00+00:00, run_after=2026-09-04 02:00:00+00:00
[2026-09-03T17:06:44.444+0000] {processor.py:183} INFO - Processing /opt/airflow/dags/steam_analytics.py took 0.211 seconds
[2026-09-03T17:07:14.564+0000] {processor.py:161} INFO - Started process (PID=877) to work on /opt/airflow/dags/steam_analytics.py
[2026-09-03T17:07:14.565+0000] {processor.py:830} INFO - Processing file /opt/airflow/dags/steam_analytics.py for tasks to queue
[2026-09-03T17:07:14.566+0000] {logging_mixin.py:188} INFO - [2026-09-03T17:07:14.566+0000] {dagbag.py:545} INFO - Filling up the DagBag from /opt/airflow/dags/steam_analytics.py
[2026-09-03T17:07:14.705+0000] {processor.py:840} INFO - DAG(s) 'steam_analytics_daily' retrieved from /opt/airflow/dags/steam_analytics.py
[2026-09-03T17:07:14.731+0000] {logging_mixin.py:188} INFO - [2026-09-03T17:07:14.730+0000] {dag.py:3089} INFO - Sync 1 DAGs
[2026-09-03T17:07:14.751+0000] {logging_mixin.py:188} INFO - [2026-09-03T17:07:14.751+0000] {dag.py:3947} INFO - Setting next_dagrun for steam_analytics_daily to 2026-09-03 02:00:00+00:00, run_after=2026-09-04 02:00:00+00:00
[2026-09-03T17:07:14.768+0000] {processor.py:183} INFO - Processing /opt/airflow/dags/steam_analytics.py took 0.209 seconds
[2026-09-03T17:07:44.888+0000] {processor.py:161} INFO - Started process (PID=882) to work on /opt/airflow/dags/steam_analytics.py
[2026-09-03T17:07:44.889+0000] {processor.py:830} INFO - Processing file /opt/airflow/dags/steam_analytics.py for tasks to queue
[2026-09-03T17:07:44.890+0000] {logging_mixin.py:188} INFO - [2026-09-03T17:07:44.890+0000] {dagbag.py:545} INFO - Filling up the DagBag from /opt/airflow/dags/steam_analytics.py
[2026-09-03T17:07:45.020+0000] {processor.py:840} INFO - DAG(s) 'steam_analytics_daily' retrieved from /opt/airflow/dags/steam_analytics.py
[2026-09-03T17:07:45.044+0000] {logging_mixin.py:188} INFO - [2026-09-03T17:07:45.044+0000] {dag.py:3089} INFO - Sync 1 DAGs
[2026-09-03T17:07:45.063+0000] {logging_mixin.py:188} INFO - [2026-09-03T17:07:45.062+0000] {dag.py:3947} INFO - Setting next_dagrun for steam_analytics_daily to 2026-09-03 02:00:00+00:00, run_after=2026-09-04 02:00:00+00:00
[2026-09-03T17:07:45.077+0000] {processor.py:183} INFO - Processing /opt/airflow/dags/steam_analytics.py took 0.193 seconds
[2026-09-03T17:08:15.192+0000] {processor.py:161} INFO - Started process (PID=887) to work on /opt/airflow/dags/steam_analytics.py
[2026-09-03T17:08:15.193+0000] {processor.py:830} INFO - Processing file /opt/airflow/dags/steam_analytics.py for tasks to queue
[2026-09-03T17:08:15.195+0000] {logging_mixin.py:188} INFO - [2026-09-03T17:08:15.194+0000] {dagbag.py:545} INFO - Filling up the DagBag from /opt/airflow/dags/steam_analytics.py
[2026-09-03T17:08:15.325+0000] {processor.py:840} INFO - DAG(s) 'steam_analytics_daily' retrieved from /opt/airflow/dags/steam_analytics.py
[2026-09-03T17:08:15.349+0000] {logging_mixin.py:188} INFO - [2026-09-03T17:08:15.349+0000] {dag.py:3089} INFO - Sync 1 DAGs
[2026-09-03T17:08:15.367+0000] {logging_mixin.py:188} INFO - [2026-09-03T17:08:15.367+0000] {dag.py:3947} INFO - Setting next_dagrun for steam_analytics_daily to 2026-09-03 02:00:00+00:00, run_after=2026-09-04 02:00:00+00:00
[2026-09-03T17:08:15.382+0000] {processor.py:183} INFO - Processing /opt/airflow/dags/steam_analytics.py took 0.193 seconds
[2026-09-03T17:08:45.501+0000] {processor.py:161} INFO - Started process (PID=892) to work on /opt/airflow/dags/steam_analytics.py
[2026-09-03T17:08:45.502+0000] {processor.py:830} INFO - Processing file /opt/airflow/dags/steam_analytics.py for tasks to queue
[2026-09-03T17:08:45.504+0000] {logging_mixin.py:188} INFO - [2026-09-03T17:08:45.503+0000] {dagbag.py:545} INFO - Filling up the DagBag from /opt/airflow/dags/steam_analytics.py
[2026-09-03T17:08:45.632+0000] {processor.py:840} INFO - DAG(s) 'steam_analytics_daily' retrieved from /opt/airflow/dags/steam_analytics.py
[2026-09-03T17:08:45.656+0000] {logging_mixin.py:188} INFO - [2026-09-03T17:08:45.655+0000] {dag.py:3089} INFO - Sync 1 DAGs
[2026-09-03T17:08:45.676+0000] {logging_mixin.py:188} INFO - [2026-09-03T17:08:45.675+0000] {dag.py:3947} INFO - Setting next_dagrun for steam_analytics_daily to 2026-09-03 02:00:00+00:00, run_after=2026-09-04 02:00:00+00:00
[2026-09-03T17:08:45.690+0000] {processor.py:183} INFO - Processing /opt/airflow/dags/steam_analytics.py took 0.193 seconds
[2026-09-03T17:09:15.811+0000] {processor.py:161} INFO - Started process (PID=897) to work on /opt/airflow/dags/steam_analytics.py
[2026-09-03T17:09:15.812+0000] {processor.py:830} INFO - Processing file /opt/airflow/dags/steam_analytics.py for tasks to queue
[2026-09-03T17:09:15.813+0000] {logging_mixin.py:188} INFO - [2026-09-03T17:09:15.813+0000] {dagbag.py:545} INFO - Filling up the DagBag from /opt/airflow/dags/steam_analytics.py
[2026-09-03T17:09:15.937+0000] {processor.py:840} INFO - DAG(s) 'steam_analytics_daily' retrieved from /opt/airflow/dags/steam_analytics.py
[2026-09-03T17:09:15.961+0000] {logging_mixin.py:188} INFO - [2026-09-03T17:09:15.961+0000] {dag.py:3089} INFO - Sync 1 DAGs
[2026-09-03T17:09:15.978+0000] {logging_mixin.py:188} INFO - [2026-09-03T17:09:15.978+0000] {dag.py:3947} INFO - Setting next_dagrun for steam_analytics_daily to 2026-09-03 02:00:00+00:00, run_after=2026-09-04 02:00:00+00:00
[2026-09-03T17:09:15.994+0000] {processor.py:183} INFO - Processing /opt/airflow/dags/steam_analytics.py took 0.186 seconds
[2026-09-03T17:09:46.116+0000] {processor.py:161} INFO - Started process (PID=902) to work on /opt/airflow/dags/steam_analytics.py
[2026-09-03T17:09:46.117+0000] {processor.py:830} INFO - Processing file /opt/airflow/dags/steam_analytics.py for tasks to queue
[2026-09-03T17:09:46.118+0000] {logging_mixin.py:188} INFO - [2026-09-03T17:09:46.118+0000] {dagbag.py:545} INFO - Filling up the DagBag from /opt/airflow/dags/steam_analytics.py
[2026-09-03T17:09:46.241+0000] {processor.py:840} INFO - DAG(s) 'steam_analytics_daily' retrieved from /opt/airflow/dags/steam_analytics.py
[2026-09-03T17:09:46.264+0000] {logging_mixin.py:188} INFO - [2026-09-03T17:09:46.264+0000] {dag.py:3089} INFO - Sync 1 DAGs
[2026-09-03T17:09:46.284+0000] {logging_mixin.py:188} INFO - [2026-09-03T17:09:46.284+0000] {dag.py:3947} INFO - Setting next_dagrun for steam_analytics_daily to 2026-09-03 02:00:00+00:00, run_after=2026-09-04 02:00:00+00:00
[2026-09-03T17:09:46.298+0000] {processor.py:183} INFO - Processing /opt/airflow/dags/steam_analytics.py took 0.186 seconds
[2026-09-03T17:10:16.413+0000] {processor.py:161} INFO - Started process (PID=907) to work on /opt/airflow/dags/steam_analytics.py
[2026-09-03T17:10:16.414+0000] {processor.py:830} INFO - Processing file /opt/airflow/dags/steam_analytics.py for tasks to queue
[2026-09-03T17:10:16.415+0000] {logging_mixin.py:188} INFO - [2026-09-03T17:10:16.415+0000] {dagbag.py:545} INFO - Filling up the DagBag from /opt/airflow/dags/steam_analytics.py
[2026-09-03T17:10:16.540+0000] {processor.py:840} INFO - DAG(s) 'steam_analytics_daily' retrieved from /opt/airflow/dags/steam_analytics.py
[2026-09-03T17:10:16.563+0000] {logging_mixin.py:188} INFO - [2026-09-03T17:10:16.563+0000] {dag.py:3089} INFO - Sync 1 DAGs
[2026-09-03T17:10:16.581+0000] {logging_mixin.py:188} INFO - [2026-09-03T17:10:16.581+0000] {dag.py:3947} INFO - Setting next_dagrun for steam_analytics_daily to 2026-09-03 02:00:00+00:00, run_after=2026-09-04 02:00:00+00:00
[2026-09-03T17:10:16.595+0000] {processor.py:183} INFO - Processing /opt/airflow/dags/steam_analytics.py took 0.186 seconds
[2026-09-03T17:10:46.721+0000] {processor.py:161} INFO - Started process (PID=912) to work on /opt/airflow/dags/steam_analytics.py
[2026-09-03T17:10:46.722+0000] {processor.py:830} INFO - Processing file /opt/airflow/dags/steam_analytics.py for tasks to queue
[2026-09-03T17:10:46.723+0000] {logging_mixin.py:188} INFO - [2026-09-03T17:10:46.723+0000] {dagbag.py:545} INFO - Filling up the DagBag from /opt/airflow/dags/steam_analytics.py
[2026-09-03T17:10:46.851+0000] {processor.py:840} INFO - DAG(s) 'steam_analytics_daily' retrieved from /opt/airflow/dags/steam_analytics.py
[2026-09-03T17:10:46.878+0000] {logging_mixin.py:188} INFO - [2026-09-03T17:10:46.878+0000] {dag.py:3089} INFO - Sync 1 DAGs
[2026-09-03T17:10:46.895+0000] {logging_mixin.py:188} INFO - [2026-09-03T17:10:46.895+0000] {dag.py:3947} INFO - Setting next_dagrun for steam_analytics_daily to 2026-09-03 02:00:00+00:00, run_after=2026-09-04 02:00:00+00:00
[2026-09-03T17:10:46.909+0000] {processor.py:183} INFO - Processing /opt/airflow/dags/steam_analytics.py took 0.193 seconds
[2026-09-03T17:11:17.023+0000] {processor.py:161} INFO - Started process (PID=917) to work on /opt/airflow/dags/steam_analytics.py
[2026-09-03T17:11:17.024+0000] {processor.py:830} INFO - Processing file /opt/airflow/dags/steam_analytics.py for tasks to queue
[2026-09-03T17:11:17.025+0000] {logging_mixin.py:188} INFO - [2026-09-03T17:11:17.025+0000] {dagbag.py:545} INFO - Filling up the DagBag from /opt/airflow/dags/steam_analytics.py
[2026-09-03T17:11:17.150+0000] {processor.py:840} INFO - DAG(s) 'steam_analytics_daily' retrieved from /opt/airflow/dags/steam_analytics.py
[2026-09-03T17:11:17.173+0000] {logging_mixin.py:188} INFO - [2026-09-03T17:11:17.173+0000] {dag.py:3089} INFO - Sync 1 DAGs
[2026-09-03T17:11:17.191+0000] {logging_mixin.py:188} INFO - [2026-09-03T17:11:17.190+0000] {dag.py:3947} INFO - Setting next_dagrun for steam_analytics_daily to 2026-09-03 02:00:00+00:00, run_after=2026-09-04 02:00:00+00:00
[2026-09-03T17:11:17.206+0000] {processor.py:183} INFO - Processing /opt/airflow/dags/steam_analytics.py took 0.187 seconds
[2026-09-03T17:11:47.328+0000] {processor.py:161} INFO - Started process (PID=922) to work on /opt/airflow/dags/steam_analytics.py
[2026-09-03T17:11:47.329+0000] {processor.py:830} INFO - Processing file /opt/airflow/dags/steam_analytics.py for tasks to queue
[2026-09-03T17:11:47.330+0000] {logging_mixin.py:188} INFO - [2026-09-03T17:11:47.330+0000] {dagbag.py:545} INFO - Filling up the DagBag from /opt/airflow/dags/steam_analytics.py
[2026-09-03T17:11:47.458+0000] {processor.py:840} INFO - DAG(s) 'steam_analytics_daily' retrieved from /opt/airflow/dags/steam_analytics.py
[2026-09-03T17:11:47.484+0000] {logging_mixin.py:188} INFO - [2026-09-03T17:11:47.484+0000] {dag.py:3089} INFO - Sync 1 DAGs
[2026-09-03T17:11:47.506+0000] {logging_mixin.py:188} INFO - [2026-09-03T17:11:47.506+0000] {dag.py:3947} INFO - Setting next_dagrun for steam_analytics_daily to 2026-09-03 02:00:00+00:00, run_after=2026-09-04 02:00:00+00:00
[2026-09-03T17:11:47.522+0000] {processor.py:183} INFO - Processing /opt/airflow/dags/steam_analytics.py took 0.198 seconds
[2026-09-03T17:12:17.645+0000] {processor.py:161} INFO - Started process (PID=927) to work on /opt/airflow/dags/steam_analytics.py
[2026-09-03T17:12:17.646+0000] {processor.py:830} INFO - Processing file /opt/airflow/dags/steam_analytics.py for tasks to queue
[2026-09-03T17:12:17.647+0000] {logging_mixin.py:188} INFO - [2026-09-03T17:12:17.647+0000] {dagbag.py:545} INFO - Filling up the DagBag from /opt/airflow/dags/steam_analytics.py
[2026-09-03T17:12:17.783+0000] {processor.py:840} INFO - DAG(s) 'steam_analytics_daily' retrieved from /opt/airflow/dags/steam_analytics.py
[2026-09-03T17:12:17.812+0000] {logging_mixin.py:188} INFO - [2026-09-03T17:12:17.812+0000] {dag.py:3089} INFO - Sync 1 DAGs
[2026-09-03T17:12:17.834+0000] {logging_mixin.py:188} INFO - [2026-09-03T17:12:17.834+0000] {dag.py:3947} INFO - Setting next_dagrun for steam_analytics_daily to 2026-09-03 02:00:00+00:00, run_after=2026-09-04 02:00:00+00:00
[2026-09-03T17:12:17.850+0000] {processor.py:183} INFO - Processing /opt/airflow/dags/steam_analytics.py took 0.209 seconds
[2026-09-03T17:12:47.981+0000] {processor.py:161} INFO - Started process (PID=932) to work on /opt/airflow/dags/steam_analytics.py
[2026-09-03T17:12:47.982+0000] {processor.py:830} INFO - Processing file /opt/airflow/dags/steam_analytics.py for tasks to queue
[2026-09-03T17:12:47.984+0000] {logging_mixin.py:188} INFO - [2026-09-03T17:12:47.983+0000] {dagbag.py:545} INFO - Filling up the DagBag from /opt/airflow/dags/steam_analytics.py
[2026-09-03T17:12:48.136+0000] {processor.py:840} INFO - DAG(s) 'steam_analytics_daily' retrieved from /opt/airflow/dags/steam_analytics.py
[2026-09-03T17:12:48.163+0000] {logging_mixin.py:188} INFO - [2026-09-03T17:12:48.163+0000] {dag.py:3089} INFO - Sync 1 DAGs
[2026-09-03T17:12:48.184+0000] {logging_mixin.py:188} INFO - [2026-09-03T17:12:48.183+0000] {dag.py:3947} INFO - Setting next_dagrun for steam_analytics_daily to 2026-09-03 02:00:00+00:00, run_after=2026-09-04 02:00:00+00:00
[2026-09-03T17:12:48.201+0000] {processor.py:183} INFO - Processing /opt/airflow/dags/steam_analytics.py took 0.224 seconds
[2026-09-03T17:13:18.334+0000] {processor.py:161} INFO - Started process (PID=937) to work on /opt/airflow/dags/steam_analytics.py
[2026-09-03T17:13:18.335+0000] {processor.py:830} INFO - Processing file /opt/airflow/dags/steam_analytics.py for tasks to queue
[2026-09-03T17:13:18.336+0000] {logging_mixin.py:188} INFO - [2026-09-03T17:13:18.336+0000] {dagbag.py:545} INFO - Filling up the DagBag from /opt/airflow/dags/steam_analytics.py
[2026-09-03T17:13:18.467+0000] {processor.py:840} INFO - DAG(s) 'steam_analytics_daily' retrieved from /opt/airflow/dags/steam_analytics.py
[2026-09-03T17:13:18.491+0000] {logging_mixin.py:188} INFO - [2026-09-03T17:13:18.491+0000] {dag.py:3089} INFO - Sync 1 DAGs
[2026-09-03T17:13:18.508+0000] {logging_mixin.py:188} INFO - [2026-09-03T17:13:18.508+0000] {dag.py:3947} INFO - Setting next_dagrun for steam_analytics_daily to 2026-09-03 02:00:00+00:00, run_after=2026-09-04 02:00:00+00:00
[2026-09-03T17:13:18.522+0000] {processor.py:183} INFO - Processing /opt/airflow/dags/steam_analytics.py took 0.193 seconds
[2026-09-03T17:13:48.643+0000] {processor.py:161} INFO - Started process (PID=942) to work on /opt/airflow/dags/steam_analytics.py
[2026-09-03T17:13:48.644+0000] {processor.py:830} INFO - Processing file /opt/airflow/dags/steam_analytics.py for tasks to queue
[2026-09-03T17:13:48.646+0000] {logging_mixin.py:188} INFO - [2026-09-03T17:13:48.646+0000] {dagbag.py:545} INFO - Filling up the DagBag from /opt/airflow/dags/steam_analytics.py
[2026-09-03T17:13:48.779+0000] {processor.py:840} INFO - DAG(s) 'steam_analytics_daily' retrieved from /opt/airflow/dags/steam_analytics.py
[2026-09-03T17:13:48.802+0000] {logging_mixin.py:188} INFO - [2026-09-03T17:13:48.802+0000] {dag.py:3089} INFO - Sync 1 DAGs
[2026-09-03T17:13:48.821+0000] {logging_mixin.py:188} INFO - [2026-09-03T17:13:48.821+0000] {dag.py:3947} INFO - Setting next_dagrun for steam_analytics_daily to 2026-09-03 02:00:00+00:00, run_after=2026-09-04 02:00:00+00:00
[2026-09-03T17:13:48.836+0000] {processor.py:183} INFO - Processing /opt/airflow/dags/steam_analytics.py took 0.197 seconds
[2026-09-03T17:14:18.957+0000] {processor.py:161} INFO - Started process (PID=947) to work on /opt/airflow/dags/steam_analytics.py
[2026-09-03T17:14:18.958+0000] {processor.py:830} INFO - Processing file /opt/airflow/dags/steam_analytics.py for tasks to queue
[2026-09-03T17:14:18.959+0000] {logging_mixin.py:188} INFO - [2026-09-03T17:14:18.959+0000] {dagbag.py:545} INFO - Filling up the DagBag from /opt/airflow/dags/steam_analytics.py
[2026-09-03T17:14:19.102+0000] {processor.py:840} INFO - DAG(s) 'steam_analytics_daily' retrieved from /opt/airflow/dags/steam_analytics.py
[2026-09-03T17:14:19.127+0000] {logging_mixin.py:188} INFO - [2026-09-03T17:14:19.127+0000] {dag.py:3089} INFO - Sync 1 DAGs
[2026-09-03T17:14:19.147+0000] {logging_mixin.py:188} INFO - [2026-09-03T17:14:19.147+0000] {dag.py:3947} INFO - Setting next_dagrun for steam_analytics_daily to 2026-09-03 02:00:00+00:00, run_after=2026-09-04 02:00:00+00:00
[2026-09-03T17:14:19.163+0000] {processor.py:183} INFO - Processing /opt/airflow/dags/steam_analytics.py took 0.210 seconds
[2026-09-03T17:14:49.289+0000] {processor.py:161} INFO - Started process (PID=952) to work on /opt/airflow/dags/steam_analytics.py
[2026-09-03T17:14:49.290+0000] {processor.py:830} INFO - Processing file /opt/airflow/dags/steam_analytics.py for tasks to queue
[2026-09-03T17:14:49.291+0000] {logging_mixin.py:188} INFO - [2026-09-03T17:14:49.291+0000] {dagbag.py:545} INFO - Filling up the DagBag from /opt/airflow/dags/steam_analytics.py
[2026-09-03T17:14:49.438+0000] {processor.py:840} INFO - DAG(s) 'steam_analytics_daily' retrieved from /opt/airflow/dags/steam_analytics.py
[2026-09-03T17:14:49.467+0000] {logging_mixin.py:188} INFO - [2026-09-03T17:14:49.467+0000] {dag.py:3089} INFO - Sync 1 DAGs
[2026-09-03T17:14:49.487+0000] {logging_mixin.py:188} INFO - [2026-09-03T17:14:49.487+0000] {dag.py:3947} INFO - Setting next_dagrun for steam_analytics_daily to 2026-09-03 02:00:00+00:00, run_after=2026-09-04 02:00:00+00:00
[2026-09-03T17:14:49.504+0000] {processor.py:183} INFO - Processing /opt/airflow/dags/steam_analytics.py took 0.220 seconds
[2026-09-03T17:15:19.624+0000] {processor.py:161} INFO - Started process (PID=957) to work on /opt/airflow/dags/steam_analytics.py
[2026-09-03T17:15:19.625+0000] {processor.py:830} INFO - Processing file /opt/airflow/dags/steam_analytics.py for tasks to queue
[2026-09-03T17:15:19.626+0000] {logging_mixin.py:188} INFO - [2026-09-03T17:15:19.626+0000] {dagbag.py:545} INFO - Filling up the DagBag from /opt/airflow/dags/steam_analytics.py
[2026-09-03T17:15:19.770+0000] {processor.py:840} INFO - DAG(s) 'steam_analytics_daily' retrieved from /opt/airflow/dags/steam_analytics.py
[2026-09-03T17:15:19.798+0000] {logging_mixin.py:188} INFO - [2026-09-03T17:15:19.798+0000] {dag.py:3089} INFO - Sync 1 DAGs
[2026-09-03T17:15:19.821+0000] {logging_mixin.py:188} INFO - [2026-09-03T17:15:19.820+0000] {dag.py:3947} INFO - Setting next_dagrun for steam_analytics_daily to 2026-09-03 02:00:00+00:00, run_after=2026-09-04 02:00:00+00:00
[2026-09-03T17:15:19.840+0000] {processor.py:183} INFO - Processing /opt/airflow/dags/steam_analytics.py took 0.220 seconds
[2026-09-03T17:15:49.958+0000] {processor.py:161} INFO - Started process (PID=962) to work on /opt/airflow/dags/steam_analytics.py
[2026-09-03T17:15:49.959+0000] {processor.py:830} INFO - Processing file /opt/airflow/dags/steam_analytics.py for tasks to queue
[2026-09-03T17:15:49.960+0000] {logging_mixin.py:188} INFO - [2026-09-03T17:15:49.960+0000] {dagbag.py:545} INFO - Filling up the DagBag from /opt/airflow/dags/steam_analytics.py
[2026-09-03T17:15:50.100+0000] {processor.py:840} INFO - DAG(s) 'steam_analytics_daily' retrieved from /opt/airflow/dags/steam_analytics.py
[2026-09-03T17:15:50.125+0000] {logging_mixin.py:188} INFO - [2026-09-03T17:15:50.125+0000] {dag.py:3089} INFO - Sync 1 DAGs
[2026-09-03T17:15:50.146+0000] {logging_mixin.py:188} INFO - [2026-09-03T17:15:50.146+0000] {dag.py:3947} INFO - Setting next_dagrun for steam_analytics_daily to 2026-09-03 02:00:00+00:00, run_after=2026-09-04 02:00:00+00:00
[2026-09-03T17:15:50.166+0000] {processor.py:183} INFO - Processing /opt/airflow/dags/steam_analytics.py took 0.212 seconds
[2026-09-03T17:16:20.291+0000] {processor.py:161} INFO - Started process (PID=967) to work on /opt/airflow/dags/steam_analytics.py
[2026-09-03T17:16:20.292+0000] {processor.py:830} INFO - Processing file /opt/airflow/dags/steam_analytics.py for tasks to queue
[2026-09-03T17:16:20.293+0000] {logging_mixin.py:188} INFO - [2026-09-03T17:16:20.293+0000] {dagbag.py:545} INFO - Filling up the DagBag from /opt/airflow/dags/steam_analytics.py
[2026-09-03T17:16:20.435+0000] {processor.py:840} INFO - DAG(s) 'steam_analytics_daily' retrieved from /opt/airflow/dags/steam_analytics.py
[2026-09-03T17:16:20.460+0000] {logging_mixin.py:188} INFO - [2026-09-03T17:16:20.460+0000] {dag.py:3089} INFO - Sync 1 DAGs
[2026-09-03T17:16:20.482+0000] {logging_mixin.py:188} INFO - [2026-09-03T17:16:20.482+0000] {dag.py:3947} INFO - Setting next_dagrun for steam_analytics_daily to 2026-09-03 02:00:00+00:00, run_after=2026-09-04 02:00:00+00:00
[2026-09-03T17:16:20.497+0000] {processor.py:183} INFO - Processing /opt/airflow/dags/steam_analytics.py took 0.210 seconds
[2026-09-03T17:16:50.612+0000] {processor.py:161} INFO - Started process (PID=972) to work on /opt/airflow/dags/steam_analytics.py
[2026-09-03T17:16:50.613+0000] {processor.py:830} INFO - Processing file /opt/airflow/dags/steam_analytics.py for tasks to queue
[2026-09-03T17:16:50.614+0000] {logging_mixin.py:188} INFO - [2026-09-03T17:16:50.614+0000] {dagbag.py:545} INFO - Filling up the DagBag from /opt/airflow/dags/steam_analytics.py
[2026-09-03T17:16:50.742+0000] {processor.py:840} INFO - DAG(s) 'steam_analytics_daily' retrieved from /opt/airflow/dags/steam_analytics.py
[2026-09-03T17:16:50.766+0000] {logging_mixin.py:188} INFO - [2026-09-03T17:16:50.766+0000] {dag.py:3089} INFO - Sync 1 DAGs
[2026-09-03T17:16:50.784+0000] {logging_mixin.py:188} INFO - [2026-09-03T17:16:50.783+0000] {dag.py:3947} INFO - Setting next_dagrun for steam_analytics_daily to 2026-09-03 02:00:00+00:00, run_after=2026-09-04 02:00:00+00:00
[2026-09-03T17:16:50.798+0000] {processor.py:183} INFO - Processing /opt/airflow/dags/steam_analytics.py took 0.190 seconds
[2026-09-03T17:17:20.919+0000] {processor.py:161} INFO - Started process (PID=977) to work on /opt/airflow/dags/steam_analytics.py
[2026-09-03T17:17:20.920+0000] {processor.py:830} INFO - Processing file /opt/airflow/dags/steam_analytics.py for tasks to queue
[2026-09-03T17:17:20.921+0000] {logging_mixin.py:188} INFO - [2026-09-03T17:17:20.921+0000] {dagbag.py:545} INFO - Filling up the DagBag from /opt/airflow/dags/steam_analytics.py
[2026-09-03T17:17:21.052+0000] {processor.py:840} INFO - DAG(s) 'steam_analytics_daily' retrieved from /opt/airflow/dags/steam_analytics.py
[2026-09-03T17:17:21.080+0000] {logging_mixin.py:188} INFO - [2026-09-03T17:17:21.080+0000] {dag.py:3089} INFO - Sync 1 DAGs
[2026-09-03T17:17:21.097+0000] {logging_mixin.py:188} INFO - [2026-09-03T17:17:21.097+0000] {dag.py:3947} INFO - Setting next_dagrun for steam_analytics_daily to 2026-09-03 02:00:00+00:00, run_after=2026-09-04 02:00:00+00:00
[2026-09-03T17:17:21.111+0000] {processor.py:183} INFO - Processing /opt/airflow/dags/steam_analytics.py took 0.197 seconds
[2026-09-03T17:17:51.232+0000] {processor.py:161} INFO - Started process (PID=982) to work on /opt/airflow/dags/steam_analytics.py
[2026-09-03T17:17:51.233+0000] {processor.py:830} INFO - Processing file /opt/airflow/dags/steam_analytics.py for tasks to queue
[2026-09-03T17:17:51.235+0000] {logging_mixin.py:188} INFO - [2026-09-03T17:17:51.234+0000] {dagbag.py:545} INFO - Filling up the DagBag from /opt/airflow/dags/steam_analytics.py
[2026-09-03T17:17:51.368+0000] {processor.py:840} INFO - DAG(s) 'steam_analytics_daily' retrieved from /opt/airflow/dags/steam_analytics.py
[2026-09-03T17:17:51.393+0000] {logging_mixin.py:188} INFO - [2026-09-03T17:17:51.392+0000] {dag.py:3089} INFO - Sync 1 DAGs
[2026-09-03T17:17:51.412+0000] {logging_mixin.py:188} INFO - [2026-09-03T17:17:51.412+0000] {dag.py:3947} INFO - Setting next_dagrun for steam_analytics_daily to 2026-09-03 02:00:00+00:00, run_after=2026-09-04 02:00:00+00:00
[2026-09-03T17:17:51.427+0000] {processor.py:183} INFO - Processing /opt/airflow/dags/steam_analytics.py took 0.199 seconds
[2026-09-03T17:18:21.543+0000] {processor.py:161} INFO - Started process (PID=987) to work on /opt/airflow/dags/steam_analytics.py
[2026-09-03T17:18:21.543+0000] {processor.py:830} INFO - Processing file /opt/airflow/dags/steam_analytics.py for tasks to queue
[2026-09-03T17:18:21.545+0000] {logging_mixin.py:188} INFO - [2026-09-03T17:18:21.544+0000] {dagbag.py:545} INFO - Filling up the DagBag from /opt/airflow/dags/steam_analytics.py
[2026-09-03T17:18:21.673+0000] {processor.py:840} INFO - DAG(s) 'steam_analytics_daily' retrieved from /opt/airflow/dags/steam_analytics.py
[2026-09-03T17:18:21.697+0000] {logging_mixin.py:188} INFO - [2026-09-03T17:18:21.697+0000] {dag.py:3089} INFO - Sync 1 DAGs
[2026-09-03T17:18:21.719+0000] {logging_mixin.py:188} INFO - [2026-09-03T17:18:21.719+0000] {dag.py:3947} INFO - Setting next_dagrun for steam_analytics_daily to 2026-09-03 02:00:00+00:00, run_after=2026-09-04 02:00:00+00:00
[2026-09-03T17:18:21.734+0000] {processor.py:183} INFO - Processing /opt/airflow/dags/steam_analytics.py took 0.196 seconds
[2026-09-03T17:18:51.854+0000] {processor.py:161} INFO - Started process (PID=992) to work on /opt/airflow/dags/steam_analytics.py
[2026-09-03T17:18:51.855+0000] {processor.py:830} INFO - Processing file /opt/airflow/dags/steam_analytics.py for tasks to queue
[2026-09-03T17:18:51.856+0000] {logging_mixin.py:188} INFO - [2026-09-03T17:18:51.856+0000] {dagbag.py:545} INFO - Filling up the DagBag from /opt/airflow/dags/steam_analytics.py
[2026-09-03T17:18:51.991+0000] {processor.py:840} INFO - DAG(s) 'steam_analytics_daily' retrieved from /opt/airflow/dags/steam_analytics.py
[2026-09-03T17:18:52.016+0000] {logging_mixin.py:188} INFO - [2026-09-03T17:18:52.016+0000] {dag.py:3089} INFO - Sync 1 DAGs
[2026-09-03T17:18:52.035+0000] {logging_mixin.py:188} INFO - [2026-09-03T17:18:52.035+0000] {dag.py:3947} INFO - Setting next_dagrun for steam_analytics_daily to 2026-09-03 02:00:00+00:00, run_after=2026-09-04 02:00:00+00:00
[2026-09-03T17:18:52.050+0000] {processor.py:183} INFO - Processing /opt/airflow/dags/steam_analytics.py took 0.200 seconds
[2026-09-03T17:19:22.167+0000] {processor.py:161} INFO - Started process (PID=997) to work on /opt/airflow/dags/steam_analytics.py
[2026-09-03T17:19:22.168+0000] {processor.py:830} INFO - Processing file /opt/airflow/dags/steam_analytics.py for tasks to queue
[2026-09-03T17:19:22.169+0000] {logging_mixin.py:188} INFO - [2026-09-03T17:19:22.169+0000] {dagbag.py:545} INFO - Filling up the DagBag from /opt/airflow/dags/steam_analytics.py
[2026-09-03T17:19:22.296+0000] {processor.py:840} INFO - DAG(s) 'steam_analytics_daily' retrieved from /opt/airflow/dags/steam_analytics.py
[2026-09-03T17:19:22.322+0000] {logging_mixin.py:188} INFO - [2026-09-03T17:19:22.321+0000] {dag.py:3089} INFO - Sync 1 DAGs
[2026-09-03T17:19:22.340+0000] {logging_mixin.py:188} INFO - [2026-09-03T17:19:22.340+0000] {dag.py:3947} INFO - Setting next_dagrun for steam_analytics_daily to 2026-09-03 02:00:00+00:00, run_after=2026-09-04 02:00:00+00:00
[2026-09-03T17:19:22.354+0000] {processor.py:183} INFO - Processing /opt/airflow/dags/steam_analytics.py took 0.191 seconds
[2026-09-03T17:19:52.473+0000] {processor.py:161} INFO - Started process (PID=1002) to work on /opt/airflow/dags/steam_analytics.py
[2026-09-03T17:19:52.474+0000] {processor.py:830} INFO - Processing file /opt/airflow/dags/steam_analytics.py for tasks to queue
[2026-09-03T17:19:52.475+0000] {logging_mixin.py:188} INFO - [2026-09-03T17:19:52.475+0000] {dagbag.py:545} INFO - Filling up the DagBag from /opt/airflow/dags/steam_analytics.py
[2026-09-03T17:19:52.601+0000] {processor.py:840} INFO - DAG(s) 'steam_analytics_daily' retrieved from /opt/airflow/dags/steam_analytics.py
[2026-09-03T17:19:52.626+0000] {logging_mixin.py:188} INFO - [2026-09-03T17:19:52.626+0000] {dag.py:3089} INFO - Sync 1 DAGs
[2026-09-03T17:19:52.646+0000] {logging_mixin.py:188} INFO - [2026-09-03T17:19:52.646+0000] {dag.py:3947} INFO - Setting next_dagrun for steam_analytics_daily to 2026-09-03 02:00:00+00:00, run_after=2026-09-04 02:00:00+00:00
[2026-09-03T17:19:52.661+0000] {processor.py:183} INFO - Processing /opt/airflow/dags/steam_analytics.py took 0.192 seconds
[2026-09-03T17:20:22.781+0000] {processor.py:161} INFO - Started process (PID=1007) to work on /opt/airflow/dags/steam_analytics.py
[2026-09-03T17:20:22.781+0000] {processor.py:830} INFO - Processing file /opt/airflow/dags/steam_analytics.py for tasks to queue
[2026-09-03T17:20:22.783+0000] {logging_mixin.py:188} INFO - [2026-09-03T17:20:22.782+0000] {dagbag.py:545} INFO - Filling up the DagBag from /opt/airflow/dags/steam_analytics.py
[2026-09-03T17:20:22.911+0000] {processor.py:840} INFO - DAG(s) 'steam_analytics_daily' retrieved from /opt/airflow/dags/steam_analytics.py
[2026-09-03T17:20:22.935+0000] {logging_mixin.py:188} INFO - [2026-09-03T17:20:22.935+0000] {dag.py:3089} INFO - Sync 1 DAGs
[2026-09-03T17:20:22.956+0000] {logging_mixin.py:188} INFO - [2026-09-03T17:20:22.955+0000] {dag.py:3947} INFO - Setting next_dagrun for steam_analytics_daily to 2026-09-03 02:00:00+00:00, run_after=2026-09-04 02:00:00+00:00
[2026-09-03T17:20:23.527+0000] {processor.py:183} INFO - Processing /opt/airflow/dags/steam_analytics.py took 0.751 seconds
[2026-09-03T17:20:53.681+0000] {processor.py:161} INFO - Started process (PID=1012) to work on /opt/airflow/dags/steam_analytics.py
[2026-09-03T17:20:53.681+0000] {processor.py:830} INFO - Processing file /opt/airflow/dags/steam_analytics.py for tasks to queue
[2026-09-03T17:20:53.683+0000] {logging_mixin.py:188} INFO - [2026-09-03T17:20:53.683+0000] {dagbag.py:545} INFO - Filling up the DagBag from /opt/airflow/dags/steam_analytics.py
[2026-09-03T17:20:53.809+0000] {processor.py:840} INFO - DAG(s) 'steam_analytics_daily' retrieved from /opt/airflow/dags/steam_analytics.py
[2026-09-03T17:20:53.833+0000] {logging_mixin.py:188} INFO - [2026-09-03T17:20:53.833+0000] {dag.py:3089} INFO - Sync 1 DAGs
[2026-09-03T17:20:53.852+0000] {logging_mixin.py:188} INFO - [2026-09-03T17:20:53.852+0000] {dag.py:3947} INFO - Setting next_dagrun for steam_analytics_daily to 2026-09-03 02:00:00+00:00, run_after=2026-09-04 02:00:00+00:00
[2026-09-03T17:20:53.867+0000] {processor.py:183} INFO - Processing /opt/airflow/dags/steam_analytics.py took 0.190 seconds
[2026-09-03T17:21:24.005+0000] {processor.py:161} INFO - Started process (PID=1017) to work on /opt/airflow/dags/steam_analytics.py
[2026-09-03T17:21:24.006+0000] {processor.py:830} INFO - Processing file /opt/airflow/dags/steam_analytics.py for tasks to queue
[2026-09-03T17:21:24.007+0000] {logging_mixin.py:188} INFO - [2026-09-03T17:21:24.007+0000] {dagbag.py:545} INFO - Filling up the DagBag from /opt/airflow/dags/steam_analytics.py
[2026-09-03T17:21:24.133+0000] {processor.py:840} INFO - DAG(s) 'steam_analytics_daily' retrieved from /opt/airflow/dags/steam_analytics.py
[2026-09-03T17:21:24.157+0000] {logging_mixin.py:188} INFO - [2026-09-03T17:21:24.157+0000] {dag.py:3089} INFO - Sync 1 DAGs
[2026-09-03T17:21:24.176+0000] {logging_mixin.py:188} INFO - [2026-09-03T17:21:24.176+0000] {dag.py:3947} INFO - Setting next_dagrun for steam_analytics_daily to 2026-09-03 02:00:00+00:00, run_after=2026-09-04 02:00:00+00:00
[2026-09-03T17:21:24.191+0000] {processor.py:183} INFO - Processing /opt/airflow/dags/steam_analytics.py took 0.190 seconds
[2026-09-03T17:21:54.314+0000] {processor.py:161} INFO - Started process (PID=1022) to work on /opt/airflow/dags/steam_analytics.py
[2026-09-03T17:21:54.315+0000] {processor.py:830} INFO - Processing file /opt/airflow/dags/steam_analytics.py for tasks to queue
[2026-09-03T17:21:54.316+0000] {logging_mixin.py:188} INFO - [2026-09-03T17:21:54.316+0000] {dagbag.py:545} INFO - Filling up the DagBag from /opt/airflow/dags/steam_analytics.py
[2026-09-03T17:21:54.462+0000] {processor.py:840} INFO - DAG(s) 'steam_analytics_daily' retrieved from /opt/airflow/dags/steam_analytics.py
[2026-09-03T17:21:54.490+0000] {logging_mixin.py:188} INFO - [2026-09-03T17:21:54.490+0000] {dag.py:3089} INFO - Sync 1 DAGs
[2026-09-03T17:21:54.510+0000] {logging_mixin.py:188} INFO - [2026-09-03T17:21:54.510+0000] {dag.py:3947} INFO - Setting next_dagrun for steam_analytics_daily to 2026-09-03 02:00:00+00:00, run_after=2026-09-04 02:00:00+00:00
[2026-09-03T17:21:54.525+0000] {processor.py:183} INFO - Processing /opt/airflow/dags/steam_analytics.py took 0.216 seconds
[2026-09-03T17:22:24.644+0000] {processor.py:161} INFO - Started process (PID=1027) to work on /opt/airflow/dags/steam_analytics.py
[2026-09-03T17:22:24.645+0000] {processor.py:830} INFO - Processing file /opt/airflow/dags/steam_analytics.py for tasks to queue
[2026-09-03T17:22:24.646+0000] {logging_mixin.py:188} INFO - [2026-09-03T17:22:24.646+0000] {dagbag.py:545} INFO - Filling up the DagBag from /opt/airflow/dags/steam_analytics.py
[2026-09-03T17:22:24.774+0000] {processor.py:840} INFO - DAG(s) 'steam_analytics_daily' retrieved from /opt/airflow/dags/steam_analytics.py
[2026-09-03T17:22:24.798+0000] {logging_mixin.py:188} INFO - [2026-09-03T17:22:24.798+0000] {dag.py:3089} INFO - Sync 1 DAGs
[2026-09-03T17:22:24.816+0000] {logging_mixin.py:188} INFO - [2026-09-03T17:22:24.816+0000] {dag.py:3947} INFO - Setting next_dagrun for steam_analytics_daily to 2026-09-03 02:00:00+00:00, run_after=2026-09-04 02:00:00+00:00
[2026-09-03T17:22:24.831+0000] {processor.py:183} INFO - Processing /opt/airflow/dags/steam_analytics.py took 0.191 seconds
[2026-09-03T17:22:54.955+0000] {processor.py:161} INFO - Started process (PID=1032) to work on /opt/airflow/dags/steam_analytics.py
[2026-09-03T17:22:54.956+0000] {processor.py:830} INFO - Processing file /opt/airflow/dags/steam_analytics.py for tasks to queue
[2026-09-03T17:22:54.957+0000] {logging_mixin.py:188} INFO - [2026-09-03T17:22:54.957+0000] {dagbag.py:545} INFO - Filling up the DagBag from /opt/airflow/dags/steam_analytics.py
[2026-09-03T17:22:55.089+0000] {processor.py:840} INFO - DAG(s) 'steam_analytics_daily' retrieved from /opt/airflow/dags/steam_analytics.py
[2026-09-03T17:22:55.113+0000] {logging_mixin.py:188} INFO - [2026-09-03T17:22:55.113+0000] {dag.py:3089} INFO - Sync 1 DAGs
[2026-09-03T17:22:55.132+0000] {logging_mixin.py:188} INFO - [2026-09-03T17:22:55.132+0000] {dag.py:3947} INFO - Setting next_dagrun for steam_analytics_daily to 2026-09-03 02:00:00+00:00, run_after=2026-09-04 02:00:00+00:00
[2026-09-03T17:22:55.146+0000] {processor.py:183} INFO - Processing /opt/airflow/dags/steam_analytics.py took 0.196 seconds
[2026-09-03T17:23:25.269+0000] {processor.py:161} INFO - Started process (PID=1037) to work on /opt/airflow/dags/steam_analytics.py
[2026-09-03T17:23:25.270+0000] {processor.py:830} INFO - Processing file /opt/airflow/dags/steam_analytics.py for tasks to queue
[2026-09-03T17:23:25.271+0000] {logging_mixin.py:188} INFO - [2026-09-03T17:23:25.271+0000] {dagbag.py:545} INFO - Filling up the DagBag from /opt/airflow/dags/steam_analytics.py
[2026-09-03T17:23:25.430+0000] {processor.py:840} INFO - DAG(s) 'steam_analytics_daily' retrieved from /opt/airflow/dags/steam_analytics.py
[2026-09-03T17:23:25.457+0000] {logging_mixin.py:188} INFO - [2026-09-03T17:23:25.457+0000] {dag.py:3089} INFO - Sync 1 DAGs
[2026-09-03T17:23:25.478+0000] {logging_mixin.py:188} INFO - [2026-09-03T17:23:25.478+0000] {dag.py:3947} INFO - Setting next_dagrun for steam_analytics_daily to 2026-09-03 02:00:00+00:00, run_after=2026-09-04 02:00:00+00:00
[2026-09-03T17:23:25.494+0000] {processor.py:183} INFO - Processing /opt/airflow/dags/steam_analytics.py took 0.229 seconds
[2026-09-03T17:23:55.619+0000] {processor.py:161} INFO - Started process (PID=1042) to work on /opt/airflow/dags/steam_analytics.py
[2026-09-03T17:23:55.620+0000] {processor.py:830} INFO - Processing file /opt/airflow/dags/steam_analytics.py for tasks to queue
[2026-09-03T17:23:55.621+0000] {logging_mixin.py:188} INFO - [2026-09-03T17:23:55.621+0000] {dagbag.py:545} INFO - Filling up the DagBag from /opt/airflow/dags/steam_analytics.py
[2026-09-03T17:23:55.754+0000] {processor.py:840} INFO - DAG(s) 'steam_analytics_daily' retrieved from /opt/airflow/dags/steam_analytics.py
[2026-09-03T17:23:55.778+0000] {logging_mixin.py:188} INFO - [2026-09-03T17:23:55.778+0000] {dag.py:3089} INFO - Sync 1 DAGs
[2026-09-03T17:23:55.798+0000] {logging_mixin.py:188} INFO - [2026-09-03T17:23:55.798+0000] {dag.py:3947} INFO - Setting next_dagrun for steam_analytics_daily to 2026-09-03 02:00:00+00:00, run_after=2026-09-04 02:00:00+00:00
[2026-09-03T17:23:55.813+0000] {processor.py:183} INFO - Processing /opt/airflow/dags/steam_analytics.py took 0.198 seconds
[2026-09-03T17:24:25.935+0000] {processor.py:161} INFO - Started process (PID=1047) to work on /opt/airflow/dags/steam_analytics.py
[2026-09-03T17:24:25.936+0000] {processor.py:830} INFO - Processing file /opt/airflow/dags/steam_analytics.py for tasks to queue
[2026-09-03T17:24:25.937+0000] {logging_mixin.py:188} INFO - [2026-09-03T17:24:25.937+0000] {dagbag.py:545} INFO - Filling up the DagBag from /opt/airflow/dags/steam_analytics.py
[2026-09-03T17:24:26.067+0000] {processor.py:840} INFO - DAG(s) 'steam_analytics_daily' retrieved from /opt/airflow/dags/steam_analytics.py
[2026-09-03T17:24:26.091+0000] {logging_mixin.py:188} INFO - [2026-09-03T17:24:26.091+0000] {dag.py:3089} INFO - Sync 1 DAGs
[2026-09-03T17:24:26.108+0000] {logging_mixin.py:188} INFO - [2026-09-03T17:24:26.108+0000] {dag.py:3947} INFO - Setting next_dagrun for steam_analytics_daily to 2026-09-03 02:00:00+00:00, run_after=2026-09-04 02:00:00+00:00
[2026-09-03T17:24:26.124+0000] {processor.py:183} INFO - Processing /opt/airflow/dags/steam_analytics.py took 0.193 seconds
[2026-09-03T17:24:56.238+0000] {processor.py:161} INFO - Started process (PID=1052) to work on /opt/airflow/dags/steam_analytics.py
[2026-09-03T17:24:56.239+0000] {processor.py:830} INFO - Processing file /opt/airflow/dags/steam_analytics.py for tasks to queue
[2026-09-03T17:24:56.240+0000] {logging_mixin.py:188} INFO - [2026-09-03T17:24:56.240+0000] {dagbag.py:545} INFO - Filling up the DagBag from /opt/airflow/dags/steam_analytics.py
[2026-09-03T17:24:56.366+0000] {processor.py:840} INFO - DAG(s) 'steam_analytics_daily' retrieved from /opt/airflow/dags/steam_analytics.py
[2026-09-03T17:24:56.388+0000] {logging_mixin.py:188} INFO - [2026-09-03T17:24:56.388+0000] {dag.py:3089} INFO - Sync 1 DAGs
[2026-09-03T17:24:56.571+0000] {logging_mixin.py:188} INFO - [2026-09-03T17:24:56.570+0000] {dag.py:3947} INFO - Setting next_dagrun for steam_analytics_daily to 2026-09-03 02:00:00+00:00, run_after=2026-09-04 02:00:00+00:00
[2026-09-03T17:24:56.585+0000] {processor.py:183} INFO - Processing /opt/airflow/dags/steam_analytics.py took 0.351 seconds
[2026-09-03T17:25:26.712+0000] {processor.py:161} INFO - Started process (PID=1057) to work on /opt/airflow/dags/steam_analytics.py
[2026-09-03T17:25:26.713+0000] {processor.py:830} INFO - Processing file /opt/airflow/dags/steam_analytics.py for tasks to queue
[2026-09-03T17:25:26.714+0000] {logging_mixin.py:188} INFO - [2026-09-03T17:25:26.714+0000] {dagbag.py:545} INFO - Filling up the DagBag from /opt/airflow/dags/steam_analytics.py
[2026-09-03T17:25:26.842+0000] {processor.py:840} INFO - DAG(s) 'steam_analytics_daily' retrieved from /opt/airflow/dags/steam_analytics.py
[2026-09-03T17:25:26.866+0000] {logging_mixin.py:188} INFO - [2026-09-03T17:25:26.866+0000] {dag.py:3089} INFO - Sync 1 DAGs
[2026-09-03T17:25:26.884+0000] {logging_mixin.py:188} INFO - [2026-09-03T17:25:26.884+0000] {dag.py:3947} INFO - Setting next_dagrun for steam_analytics_daily to 2026-09-03 02:00:00+00:00, run_after=2026-09-04 02:00:00+00:00
[2026-09-03T17:25:26.898+0000] {processor.py:183} INFO - Processing /opt/airflow/dags/steam_analytics.py took 0.190 seconds
[2026-09-03T17:25:57.017+0000] {processor.py:161} INFO - Started process (PID=1062) to work on /opt/airflow/dags/steam_analytics.py
[2026-09-03T17:25:57.017+0000] {processor.py:830} INFO - Processing file /opt/airflow/dags/steam_analytics.py for tasks to queue
[2026-09-03T17:25:57.019+0000] {logging_mixin.py:188} INFO - [2026-09-03T17:25:57.019+0000] {dagbag.py:545} INFO - Filling up the DagBag from /opt/airflow/dags/steam_analytics.py
[2026-09-03T17:25:57.156+0000] {processor.py:840} INFO - DAG(s) 'steam_analytics_daily' retrieved from /opt/airflow/dags/steam_analytics.py
[2026-09-03T17:25:57.182+0000] {logging_mixin.py:188} INFO - [2026-09-03T17:25:57.181+0000] {dag.py:3089} INFO - Sync 1 DAGs
[2026-09-03T17:25:57.204+0000] {logging_mixin.py:188} INFO - [2026-09-03T17:25:57.203+0000] {dag.py:3947} INFO - Setting next_dagrun for steam_analytics_daily to 2026-09-03 02:00:00+00:00, run_after=2026-09-04 02:00:00+00:00
[2026-09-03T17:25:57.224+0000] {processor.py:183} INFO - Processing /opt/airflow/dags/steam_analytics.py took 0.211 seconds
[2026-09-03T17:26:27.344+0000] {processor.py:161} INFO - Started process (PID=1067) to work on /opt/airflow/dags/steam_analytics.py
[2026-09-03T17:26:27.345+0000] {processor.py:830} INFO - Processing file /opt/airflow/dags/steam_analytics.py for tasks to queue
[2026-09-03T17:26:27.346+0000] {logging_mixin.py:188} INFO - [2026-09-03T17:26:27.346+0000] {dagbag.py:545} INFO - Filling up the DagBag from /opt/airflow/dags/steam_analytics.py
[2026-09-03T17:26:27.475+0000] {processor.py:840} INFO - DAG(s) 'steam_analytics_daily' retrieved from /opt/airflow/dags/steam_analytics.py
[2026-09-03T17:26:27.498+0000] {logging_mixin.py:188} INFO - [2026-09-03T17:26:27.498+0000] {dag.py:3089} INFO - Sync 1 DAGs
[2026-09-03T17:26:27.515+0000] {logging_mixin.py:188} INFO - [2026-09-03T17:26:27.515+0000] {dag.py:3947} INFO - Setting next_dagrun for steam_analytics_daily to 2026-09-03 02:00:00+00:00, run_after=2026-09-04 02:00:00+00:00
[2026-09-03T17:26:27.529+0000] {processor.py:183} INFO - Processing /opt/airflow/dags/steam_analytics.py took 0.190 seconds
[2026-09-03T17:26:57.646+0000] {processor.py:161} INFO - Started process (PID=1072) to work on /opt/airflow/dags/steam_analytics.py
[2026-09-03T17:26:57.647+0000] {processor.py:830} INFO - Processing file /opt/airflow/dags/steam_analytics.py for tasks to queue
[2026-09-03T17:26:57.648+0000] {logging_mixin.py:188} INFO - [2026-09-03T17:26:57.648+0000] {dagbag.py:545} INFO - Filling up the DagBag from /opt/airflow/dags/steam_analytics.py
[2026-09-03T17:26:57.782+0000] {processor.py:840} INFO - DAG(s) 'steam_analytics_daily' retrieved from /opt/airflow/dags/steam_analytics.py
[2026-09-03T17:26:57.805+0000] {logging_mixin.py:188} INFO - [2026-09-03T17:26:57.805+0000] {dag.py:3089} INFO - Sync 1 DAGs
[2026-09-03T17:26:57.825+0000] {logging_mixin.py:188} INFO - [2026-09-03T17:26:57.825+0000] {dag.py:3947} INFO - Setting next_dagrun for steam_analytics_daily to 2026-09-03 02:00:00+00:00, run_after=2026-09-04 02:00:00+00:00
[2026-09-03T17:26:57.956+0000] {processor.py:183} INFO - Processing /opt/airflow/dags/steam_analytics.py took 0.314 seconds
[2026-09-03T17:27:28.085+0000] {processor.py:161} INFO - Started process (PID=1077) to work on /opt/airflow/dags/steam_analytics.py
[2026-09-03T17:27:28.086+0000] {processor.py:830} INFO - Processing file /opt/airflow/dags/steam_analytics.py for tasks to queue
[2026-09-03T17:27:28.088+0000] {logging_mixin.py:188} INFO - [2026-09-03T17:27:28.087+0000] {dagbag.py:545} INFO - Filling up the DagBag from /opt/airflow/dags/steam_analytics.py
[2026-09-03T17:27:28.234+0000] {processor.py:840} INFO - DAG(s) 'steam_analytics_daily' retrieved from /opt/airflow/dags/steam_analytics.py
[2026-09-03T17:27:28.259+0000] {logging_mixin.py:188} INFO - [2026-09-03T17:27:28.259+0000] {dag.py:3089} INFO - Sync 1 DAGs
[2026-09-03T17:27:28.278+0000] {logging_mixin.py:188} INFO - [2026-09-03T17:27:28.278+0000] {dag.py:3947} INFO - Setting next_dagrun for steam_analytics_daily to 2026-09-03 02:00:00+00:00, run_after=2026-09-04 02:00:00+00:00
[2026-09-03T17:27:28.294+0000] {processor.py:183} INFO - Processing /opt/airflow/dags/steam_analytics.py took 0.213 seconds
[2026-09-03T17:27:58.410+0000] {processor.py:161} INFO - Started process (PID=1082) to work on /opt/airflow/dags/steam_analytics.py
[2026-09-03T17:27:58.411+0000] {processor.py:830} INFO - Processing file /opt/airflow/dags/steam_analytics.py for tasks to queue
[2026-09-03T17:27:58.412+0000] {logging_mixin.py:188} INFO - [2026-09-03T17:27:58.412+0000] {dagbag.py:545} INFO - Filling up the DagBag from /opt/airflow/dags/steam_analytics.py
[2026-09-03T17:27:58.536+0000] {processor.py:840} INFO - DAG(s) 'steam_analytics_daily' retrieved from /opt/airflow/dags/steam_analytics.py
[2026-09-03T17:27:58.559+0000] {logging_mixin.py:188} INFO - [2026-09-03T17:27:58.559+0000] {dag.py:3089} INFO - Sync 1 DAGs
[2026-09-03T17:27:58.581+0000] {logging_mixin.py:188} INFO - [2026-09-03T17:27:58.581+0000] {dag.py:3947} INFO - Setting next_dagrun for steam_analytics_daily to 2026-09-03 02:00:00+00:00, run_after=2026-09-04 02:00:00+00:00
[2026-09-03T17:27:58.595+0000] {processor.py:183} INFO - Processing /opt/airflow/dags/steam_analytics.py took 0.189 seconds
[2026-09-03T17:28:28.717+0000] {processor.py:161} INFO - Started process (PID=1087) to work on /opt/airflow/dags/steam_analytics.py
[2026-09-03T17:28:28.719+0000] {processor.py:830} INFO - Processing file /opt/airflow/dags/steam_analytics.py for tasks to queue
[2026-09-03T17:28:28.721+0000] {logging_mixin.py:188} INFO - [2026-09-03T17:28:28.721+0000] {dagbag.py:545} INFO - Filling up the DagBag from /opt/airflow/dags/steam_analytics.py
[2026-09-03T17:28:28.847+0000] {processor.py:840} INFO - DAG(s) 'steam_analytics_daily' retrieved from /opt/airflow/dags/steam_analytics.py
[2026-09-03T17:28:28.870+0000] {logging_mixin.py:188} INFO - [2026-09-03T17:28:28.869+0000] {dag.py:3089} INFO - Sync 1 DAGs
[2026-09-03T17:28:28.887+0000] {logging_mixin.py:188} INFO - [2026-09-03T17:28:28.887+0000] {dag.py:3947} INFO - Setting next_dagrun for steam_analytics_daily to 2026-09-03 02:00:00+00:00, run_after=2026-09-04 02:00:00+00:00
[2026-09-03T17:28:28.901+0000] {processor.py:183} INFO - Processing /opt/airflow/dags/steam_analytics.py took 0.188 seconds
[2026-09-03T17:28:59.018+0000] {processor.py:161} INFO - Started process (PID=1092) to work on /opt/airflow/dags/steam_analytics.py
[2026-09-03T17:28:59.019+0000] {processor.py:830} INFO - Processing file /opt/airflow/dags/steam_analytics.py for tasks to queue
[2026-09-03T17:28:59.021+0000] {logging_mixin.py:188} INFO - [2026-09-03T17:28:59.020+0000] {dagbag.py:545} INFO - Filling up the DagBag from /opt/airflow/dags/steam_analytics.py
[2026-09-03T17:28:59.151+0000] {processor.py:840} INFO - DAG(s) 'steam_analytics_daily' retrieved from /opt/airflow/dags/steam_analytics.py
[2026-09-03T17:28:59.176+0000] {logging_mixin.py:188} INFO - [2026-09-03T17:28:59.176+0000] {dag.py:3089} INFO - Sync 1 DAGs
[2026-09-03T17:28:59.193+0000] {logging_mixin.py:188} INFO - [2026-09-03T17:28:59.193+0000] {dag.py:3947} INFO - Setting next_dagrun for steam_analytics_daily to 2026-09-03 02:00:00+00:00, run_after=2026-09-04 02:00:00+00:00
[2026-09-03T17:28:59.209+0000] {processor.py:183} INFO - Processing /opt/airflow/dags/steam_analytics.py took 0.195 seconds
[2026-09-03T17:29:29.328+0000] {processor.py:161} INFO - Started process (PID=1097) to work on /opt/airflow/dags/steam_analytics.py
[2026-09-03T17:29:29.328+0000] {processor.py:830} INFO - Processing file /opt/airflow/dags/steam_analytics.py for tasks to queue
[2026-09-03T17:29:29.330+0000] {logging_mixin.py:188} INFO - [2026-09-03T17:29:29.329+0000] {dagbag.py:545} INFO - Filling up the DagBag from /opt/airflow/dags/steam_analytics.py
[2026-09-03T17:29:29.464+0000] {processor.py:840} INFO - DAG(s) 'steam_analytics_daily' retrieved from /opt/airflow/dags/steam_analytics.py
[2026-09-03T17:29:29.489+0000] {logging_mixin.py:188} INFO - [2026-09-03T17:29:29.488+0000] {dag.py:3089} INFO - Sync 1 DAGs
[2026-09-03T17:29:29.615+0000] {logging_mixin.py:188} INFO - [2026-09-03T17:29:29.615+0000] {dag.py:3947} INFO - Setting next_dagrun for steam_analytics_daily to 2026-09-03 02:00:00+00:00, run_after=2026-09-04 02:00:00+00:00
[2026-09-03T17:29:29.630+0000] {processor.py:183} INFO - Processing /opt/airflow/dags/steam_analytics.py took 0.306 seconds
[2026-09-03T17:29:59.752+0000] {processor.py:161} INFO - Started process (PID=1102) to work on /opt/airflow/dags/steam_analytics.py
[2026-09-03T17:29:59.752+0000] {processor.py:830} INFO - Processing file /opt/airflow/dags/steam_analytics.py for tasks to queue
[2026-09-03T17:29:59.754+0000] {logging_mixin.py:188} INFO - [2026-09-03T17:29:59.753+0000] {dagbag.py:545} INFO - Filling up the DagBag from /opt/airflow/dags/steam_analytics.py
[2026-09-03T17:29:59.882+0000] {processor.py:840} INFO - DAG(s) 'steam_analytics_daily' retrieved from /opt/airflow/dags/steam_analytics.py
[2026-09-03T17:29:59.905+0000] {logging_mixin.py:188} INFO - [2026-09-03T17:29:59.905+0000] {dag.py:3089} INFO - Sync 1 DAGs
[2026-09-03T17:29:59.922+0000] {logging_mixin.py:188} INFO - [2026-09-03T17:29:59.922+0000] {dag.py:3947} INFO - Setting next_dagrun for steam_analytics_daily to 2026-09-03 02:00:00+00:00, run_after=2026-09-04 02:00:00+00:00
[2026-09-03T17:29:59.936+0000] {processor.py:183} INFO - Processing /opt/airflow/dags/steam_analytics.py took 0.189 seconds
[2026-09-03T17:30:30.048+0000] {processor.py:161} INFO - Started process (PID=1107) to work on /opt/airflow/dags/steam_analytics.py
[2026-09-03T17:30:30.049+0000] {processor.py:830} INFO - Processing file /opt/airflow/dags/steam_analytics.py for tasks to queue
[2026-09-03T17:30:30.050+0000] {logging_mixin.py:188} INFO - [2026-09-03T17:30:30.050+0000] {dagbag.py:545} INFO - Filling up the DagBag from /opt/airflow/dags/steam_analytics.py
[2026-09-03T17:30:30.175+0000] {processor.py:840} INFO - DAG(s) 'steam_analytics_daily' retrieved from /opt/airflow/dags/steam_analytics.py
[2026-09-03T17:30:30.200+0000] {logging_mixin.py:188} INFO - [2026-09-03T17:30:30.200+0000] {dag.py:3089} INFO - Sync 1 DAGs
[2026-09-03T17:30:30.218+0000] {logging_mixin.py:188} INFO - [2026-09-03T17:30:30.218+0000] {dag.py:3947} INFO - Setting next_dagrun for steam_analytics_daily to 2026-09-03 02:00:00+00:00, run_after=2026-09-04 02:00:00+00:00
[2026-09-03T17:30:30.232+0000] {processor.py:183} INFO - Processing /opt/airflow/dags/steam_analytics.py took 0.188 seconds
[2026-09-03T17:31:00.344+0000] {processor.py:161} INFO - Started process (PID=1112) to work on /opt/airflow/dags/steam_analytics.py
[2026-09-03T17:31:00.344+0000] {processor.py:830} INFO - Processing file /opt/airflow/dags/steam_analytics.py for tasks to queue
[2026-09-03T17:31:00.346+0000] {logging_mixin.py:188} INFO - [2026-09-03T17:31:00.345+0000] {dagbag.py:545} INFO - Filling up the DagBag from /opt/airflow/dags/steam_analytics.py
[2026-09-03T17:31:00.477+0000] {processor.py:840} INFO - DAG(s) 'steam_analytics_daily' retrieved from /opt/airflow/dags/steam_analytics.py
[2026-09-03T17:31:00.501+0000] {logging_mixin.py:188} INFO - [2026-09-03T17:31:00.501+0000] {dag.py:3089} INFO - Sync 1 DAGs
[2026-09-03T17:31:00.518+0000] {logging_mixin.py:188} INFO - [2026-09-03T17:31:00.518+0000] {dag.py:3947} INFO - Setting next_dagrun for steam_analytics_daily to 2026-09-03 02:00:00+00:00, run_after=2026-09-04 02:00:00+00:00
[2026-09-03T17:31:00.536+0000] {processor.py:183} INFO - Processing /opt/airflow/dags/steam_analytics.py took 0.196 seconds
[2026-09-03T17:31:30.651+0000] {processor.py:161} INFO - Started process (PID=1117) to work on /opt/airflow/dags/steam_analytics.py
[2026-09-03T17:31:30.652+0000] {processor.py:830} INFO - Processing file /opt/airflow/dags/steam_analytics.py for tasks to queue
[2026-09-03T17:31:30.653+0000] {logging_mixin.py:188} INFO - [2026-09-03T17:31:30.653+0000] {dagbag.py:545} INFO - Filling up the DagBag from /opt/airflow/dags/steam_analytics.py
[2026-09-03T17:31:30.782+0000] {processor.py:840} INFO - DAG(s) 'steam_analytics_daily' retrieved from /opt/airflow/dags/steam_analytics.py
[2026-09-03T17:31:30.806+0000] {logging_mixin.py:188} INFO - [2026-09-03T17:31:30.806+0000] {dag.py:3089} INFO - Sync 1 DAGs
[2026-09-03T17:31:30.933+0000] {logging_mixin.py:188} INFO - [2026-09-03T17:31:30.933+0000] {dag.py:3947} INFO - Setting next_dagrun for steam_analytics_daily to 2026-09-03 02:00:00+00:00, run_after=2026-09-04 02:00:00+00:00
[2026-09-03T17:31:30.958+0000] {processor.py:183} INFO - Processing /opt/airflow/dags/steam_analytics.py took 0.311 seconds
[2026-09-03T17:32:01.088+0000] {processor.py:161} INFO - Started process (PID=1122) to work on /opt/airflow/dags/steam_analytics.py
[2026-09-03T17:32:01.089+0000] {processor.py:830} INFO - Processing file /opt/airflow/dags/steam_analytics.py for tasks to queue
[2026-09-03T17:32:01.090+0000] {logging_mixin.py:188} INFO - [2026-09-03T17:32:01.090+0000] {dagbag.py:545} INFO - Filling up the DagBag from /opt/airflow/dags/steam_analytics.py
[2026-09-03T17:32:01.227+0000] {processor.py:840} INFO - DAG(s) 'steam_analytics_daily' retrieved from /opt/airflow/dags/steam_analytics.py
[2026-09-03T17:32:01.251+0000] {logging_mixin.py:188} INFO - [2026-09-03T17:32:01.251+0000] {dag.py:3089} INFO - Sync 1 DAGs
[2026-09-03T17:32:01.269+0000] {logging_mixin.py:188} INFO - [2026-09-03T17:32:01.269+0000] {dag.py:3947} INFO - Setting next_dagrun for steam_analytics_daily to 2026-09-03 02:00:00+00:00, run_after=2026-09-04 02:00:00+00:00
[2026-09-03T17:32:01.284+0000] {processor.py:183} INFO - Processing /opt/airflow/dags/steam_analytics.py took 0.201 seconds
[2026-09-03T17:32:31.402+0000] {processor.py:161} INFO - Started process (PID=1127) to work on /opt/airflow/dags/steam_analytics.py
[2026-09-03T17:32:31.402+0000] {processor.py:830} INFO - Processing file /opt/airflow/dags/steam_analytics.py for tasks to queue
[2026-09-03T17:32:31.403+0000] {logging_mixin.py:188} INFO - [2026-09-03T17:32:31.403+0000] {dagbag.py:545} INFO - Filling up the DagBag from /opt/airflow/dags/steam_analytics.py
[2026-09-03T17:32:31.529+0000] {processor.py:840} INFO - DAG(s) 'steam_analytics_daily' retrieved from /opt/airflow/dags/steam_analytics.py
[2026-09-03T17:32:31.556+0000] {logging_mixin.py:188} INFO - [2026-09-03T17:32:31.555+0000] {dag.py:3089} INFO - Sync 1 DAGs
[2026-09-03T17:32:31.575+0000] {logging_mixin.py:188} INFO - [2026-09-03T17:32:31.574+0000] {dag.py:3947} INFO - Setting next_dagrun for steam_analytics_daily to 2026-09-03 02:00:00+00:00, run_after=2026-09-04 02:00:00+00:00
[2026-09-03T17:32:31.594+0000] {processor.py:183} INFO - Processing /opt/airflow/dags/steam_analytics.py took 0.197 seconds
[2026-09-03T17:33:01.721+0000] {processor.py:161} INFO - Started process (PID=1132) to work on /opt/airflow/dags/steam_analytics.py
[2026-09-03T17:33:01.722+0000] {processor.py:830} INFO - Processing file /opt/airflow/dags/steam_analytics.py for tasks to queue
[2026-09-03T17:33:01.723+0000] {logging_mixin.py:188} INFO - [2026-09-03T17:33:01.723+0000] {dagbag.py:545} INFO - Filling up the DagBag from /opt/airflow/dags/steam_analytics.py
[2026-09-03T17:33:01.848+0000] {processor.py:840} INFO - DAG(s) 'steam_analytics_daily' retrieved from /opt/airflow/dags/steam_analytics.py
[2026-09-03T17:33:01.871+0000] {logging_mixin.py:188} INFO - [2026-09-03T17:33:01.870+0000] {dag.py:3089} INFO - Sync 1 DAGs
[2026-09-03T17:33:01.888+0000] {logging_mixin.py:188} INFO - [2026-09-03T17:33:01.888+0000] {dag.py:3947} INFO - Setting next_dagrun for steam_analytics_daily to 2026-09-03 02:00:00+00:00, run_after=2026-09-04 02:00:00+00:00
[2026-09-03T17:33:01.903+0000] {processor.py:183} INFO - Processing /opt/airflow/dags/steam_analytics.py took 0.186 seconds
[2026-09-03T17:33:32.023+0000] {processor.py:161} INFO - Started process (PID=1137) to work on /opt/airflow/dags/steam_analytics.py
[2026-09-03T17:33:32.023+0000] {processor.py:830} INFO - Processing file /opt/airflow/dags/steam_analytics.py for tasks to queue
[2026-09-03T17:33:32.025+0000] {logging_mixin.py:188} INFO - [2026-09-03T17:33:32.024+0000] {dagbag.py:545} INFO - Filling up the DagBag from /opt/airflow/dags/steam_analytics.py
[2026-09-03T17:33:32.148+0000] {processor.py:840} INFO - DAG(s) 'steam_analytics_daily' retrieved from /opt/airflow/dags/steam_analytics.py
[2026-09-03T17:33:32.170+0000] {logging_mixin.py:188} INFO - [2026-09-03T17:33:32.170+0000] {dag.py:3089} INFO - Sync 1 DAGs
[2026-09-03T17:33:32.188+0000] {logging_mixin.py:188} INFO - [2026-09-03T17:33:32.188+0000] {dag.py:3947} INFO - Setting next_dagrun for steam_analytics_daily to 2026-09-03 02:00:00+00:00, run_after=2026-09-04 02:00:00+00:00
[2026-09-03T17:33:32.314+0000] {processor.py:183} INFO - Processing /opt/airflow/dags/steam_analytics.py took 0.298 seconds
[2026-09-03T17:34:02.451+0000] {processor.py:161} INFO - Started process (PID=1142) to work on /opt/airflow/dags/steam_analytics.py
[2026-09-03T17:34:02.451+0000] {processor.py:830} INFO - Processing file /opt/airflow/dags/steam_analytics.py for tasks to queue
[2026-09-03T17:34:02.453+0000] {logging_mixin.py:188} INFO - [2026-09-03T17:34:02.452+0000] {dagbag.py:545} INFO - Filling up the DagBag from /opt/airflow/dags/steam_analytics.py
[2026-09-03T17:34:02.581+0000] {processor.py:840} INFO - DAG(s) 'steam_analytics_daily' retrieved from /opt/airflow/dags/steam_analytics.py
[2026-09-03T17:34:02.604+0000] {logging_mixin.py:188} INFO - [2026-09-03T17:34:02.604+0000] {dag.py:3089} INFO - Sync 1 DAGs
[2026-09-03T17:34:02.720+0000] {logging_mixin.py:188} INFO - [2026-09-03T17:34:02.720+0000] {dag.py:3947} INFO - Setting next_dagrun for steam_analytics_daily to 2026-09-03 02:00:00+00:00, run_after=2026-09-04 02:00:00+00:00
[2026-09-03T17:34:02.734+0000] {processor.py:183} INFO - Processing /opt/airflow/dags/steam_analytics.py took 0.287 seconds
[2026-09-03T17:34:32.858+0000] {processor.py:161} INFO - Started process (PID=1147) to work on /opt/airflow/dags/steam_analytics.py
[2026-09-03T17:34:32.859+0000] {processor.py:830} INFO - Processing file /opt/airflow/dags/steam_analytics.py for tasks to queue
[2026-09-03T17:34:32.860+0000] {logging_mixin.py:188} INFO - [2026-09-03T17:34:32.860+0000] {dagbag.py:545} INFO - Filling up the DagBag from /opt/airflow/dags/steam_analytics.py
[2026-09-03T17:34:33.007+0000] {processor.py:840} INFO - DAG(s) 'steam_analytics_daily' retrieved from /opt/airflow/dags/steam_analytics.py
[2026-09-03T17:34:33.033+0000] {logging_mixin.py:188} INFO - [2026-09-03T17:34:33.033+0000] {dag.py:3089} INFO - Sync 1 DAGs
[2026-09-03T17:34:33.053+0000] {logging_mixin.py:188} INFO - [2026-09-03T17:34:33.052+0000] {dag.py:3947} INFO - Setting next_dagrun for steam_analytics_daily to 2026-09-03 02:00:00+00:00, run_after=2026-09-04 02:00:00+00:00
[2026-09-03T17:34:33.069+0000] {processor.py:183} INFO - Processing /opt/airflow/dags/steam_analytics.py took 0.216 seconds
[2026-09-03T17:35:03.201+0000] {processor.py:161} INFO - Started process (PID=1152) to work on /opt/airflow/dags/steam_analytics.py
[2026-09-03T17:35:03.202+0000] {processor.py:830} INFO - Processing file /opt/airflow/dags/steam_analytics.py for tasks to queue
[2026-09-03T17:35:03.203+0000] {logging_mixin.py:188} INFO - [2026-09-03T17:35:03.203+0000] {dagbag.py:545} INFO - Filling up the DagBag from /opt/airflow/dags/steam_analytics.py
[2026-09-03T17:35:03.345+0000] {processor.py:840} INFO - DAG(s) 'steam_analytics_daily' retrieved from /opt/airflow/dags/steam_analytics.py
[2026-09-03T17:35:03.372+0000] {logging_mixin.py:188} INFO - [2026-09-03T17:35:03.372+0000] {dag.py:3089} INFO - Sync 1 DAGs
[2026-09-03T17:35:03.393+0000] {logging_mixin.py:188} INFO - [2026-09-03T17:35:03.393+0000] {dag.py:3947} INFO - Setting next_dagrun for steam_analytics_daily to 2026-09-03 02:00:00+00:00, run_after=2026-09-04 02:00:00+00:00
[2026-09-03T17:35:03.411+0000] {processor.py:183} INFO - Processing /opt/airflow/dags/steam_analytics.py took 0.215 seconds
[2026-09-03T17:35:33.537+0000] {processor.py:161} INFO - Started process (PID=1157) to work on /opt/airflow/dags/steam_analytics.py
[2026-09-03T17:35:33.538+0000] {processor.py:830} INFO - Processing file /opt/airflow/dags/steam_analytics.py for tasks to queue
[2026-09-03T17:35:33.539+0000] {logging_mixin.py:188} INFO - [2026-09-03T17:35:33.539+0000] {dagbag.py:545} INFO - Filling up the DagBag from /opt/airflow/dags/steam_analytics.py
[2026-09-03T17:35:33.676+0000] {processor.py:840} INFO - DAG(s) 'steam_analytics_daily' retrieved from /opt/airflow/dags/steam_analytics.py
[2026-09-03T17:35:33.701+0000] {logging_mixin.py:188} INFO - [2026-09-03T17:35:33.701+0000] {dag.py:3089} INFO - Sync 1 DAGs
[2026-09-03T17:35:33.720+0000] {logging_mixin.py:188} INFO - [2026-09-03T17:35:33.720+0000] {dag.py:3947} INFO - Setting next_dagrun for steam_analytics_daily to 2026-09-03 02:00:00+00:00, run_after=2026-09-04 02:00:00+00:00
[2026-09-03T17:35:33.739+0000] {processor.py:183} INFO - Processing /opt/airflow/dags/steam_analytics.py took 0.206 seconds
[2026-09-03T17:36:03.861+0000] {processor.py:161} INFO - Started process (PID=1162) to work on /opt/airflow/dags/steam_analytics.py
[2026-09-03T17:36:03.861+0000] {processor.py:830} INFO - Processing file /opt/airflow/dags/steam_analytics.py for tasks to queue
[2026-09-03T17:36:03.863+0000] {logging_mixin.py:188} INFO - [2026-09-03T17:36:03.863+0000] {dagbag.py:545} INFO - Filling up the DagBag from /opt/airflow/dags/steam_analytics.py
[2026-09-03T17:36:04.027+0000] {processor.py:840} INFO - DAG(s) 'steam_analytics_daily' retrieved from /opt/airflow/dags/steam_analytics.py
[2026-09-03T17:36:04.053+0000] {logging_mixin.py:188} INFO - [2026-09-03T17:36:04.052+0000] {dag.py:3089} INFO - Sync 1 DAGs
[2026-09-03T17:36:04.179+0000] {logging_mixin.py:188} INFO - [2026-09-03T17:36:04.179+0000] {dag.py:3947} INFO - Setting next_dagrun for steam_analytics_daily to 2026-09-03 02:00:00+00:00, run_after=2026-09-04 02:00:00+00:00
[2026-09-03T17:36:04.193+0000] {processor.py:183} INFO - Processing /opt/airflow/dags/steam_analytics.py took 0.337 seconds
[2026-09-03T17:36:34.316+0000] {processor.py:161} INFO - Started process (PID=1167) to work on /opt/airflow/dags/steam_analytics.py
[2026-09-03T17:36:34.317+0000] {processor.py:830} INFO - Processing file /opt/airflow/dags/steam_analytics.py for tasks to queue
[2026-09-03T17:36:34.318+0000] {logging_mixin.py:188} INFO - [2026-09-03T17:36:34.318+0000] {dagbag.py:545} INFO - Filling up the DagBag from /opt/airflow/dags/steam_analytics.py
[2026-09-03T17:36:34.444+0000] {processor.py:840} INFO - DAG(s) 'steam_analytics_daily' retrieved from /opt/airflow/dags/steam_analytics.py
[2026-09-03T17:36:34.556+0000] {logging_mixin.py:188} INFO - [2026-09-03T17:36:34.556+0000] {dag.py:3089} INFO - Sync 1 DAGs
[2026-09-03T17:36:34.575+0000] {logging_mixin.py:188} INFO - [2026-09-03T17:36:34.575+0000] {dag.py:3947} INFO - Setting next_dagrun for steam_analytics_daily to 2026-09-03 02:00:00+00:00, run_after=2026-09-04 02:00:00+00:00
[2026-09-03T17:36:34.589+0000] {processor.py:183} INFO - Processing /opt/airflow/dags/steam_analytics.py took 0.277 seconds
[2026-09-03T17:37:04.711+0000] {processor.py:161} INFO - Started process (PID=1172) to work on /opt/airflow/dags/steam_analytics.py
[2026-09-03T17:37:04.712+0000] {processor.py:830} INFO - Processing file /opt/airflow/dags/steam_analytics.py for tasks to queue
[2026-09-03T17:37:04.713+0000] {logging_mixin.py:188} INFO - [2026-09-03T17:37:04.713+0000] {dagbag.py:545} INFO - Filling up the DagBag from /opt/airflow/dags/steam_analytics.py
[2026-09-03T17:37:04.838+0000] {processor.py:840} INFO - DAG(s) 'steam_analytics_daily' retrieved from /opt/airflow/dags/steam_analytics.py
[2026-09-03T17:37:04.861+0000] {logging_mixin.py:188} INFO - [2026-09-03T17:37:04.861+0000] {dag.py:3089} INFO - Sync 1 DAGs
[2026-09-03T17:37:04.878+0000] {logging_mixin.py:188} INFO - [2026-09-03T17:37:04.878+0000] {dag.py:3947} INFO - Setting next_dagrun for steam_analytics_daily to 2026-09-03 02:00:00+00:00, run_after=2026-09-04 02:00:00+00:00
[2026-09-03T17:37:04.892+0000] {processor.py:183} INFO - Processing /opt/airflow/dags/steam_analytics.py took 0.185 seconds
[2026-09-03T17:37:35.010+0000] {processor.py:161} INFO - Started process (PID=1177) to work on /opt/airflow/dags/steam_analytics.py
[2026-09-03T17:37:35.011+0000] {processor.py:830} INFO - Processing file /opt/airflow/dags/steam_analytics.py for tasks to queue
[2026-09-03T17:37:35.012+0000] {logging_mixin.py:188} INFO - [2026-09-03T17:37:35.012+0000] {dagbag.py:545} INFO - Filling up the DagBag from /opt/airflow/dags/steam_analytics.py
[2026-09-03T17:37:35.135+0000] {processor.py:840} INFO - DAG(s) 'steam_analytics_daily' retrieved from /opt/airflow/dags/steam_analytics.py
[2026-09-03T17:37:35.157+0000] {logging_mixin.py:188} INFO - [2026-09-03T17:37:35.157+0000] {dag.py:3089} INFO - Sync 1 DAGs
[2026-09-03T17:37:35.174+0000] {logging_mixin.py:188} INFO - [2026-09-03T17:37:35.174+0000] {dag.py:3947} INFO - Setting next_dagrun for steam_analytics_daily to 2026-09-03 02:00:00+00:00, run_after=2026-09-04 02:00:00+00:00
[2026-09-03T17:37:35.189+0000] {processor.py:183} INFO - Processing /opt/airflow/dags/steam_analytics.py took 0.183 seconds
[2026-09-03T17:38:05.315+0000] {processor.py:161} INFO - Started process (PID=1182) to work on /opt/airflow/dags/steam_analytics.py
[2026-09-03T17:38:05.316+0000] {processor.py:830} INFO - Processing file /opt/airflow/dags/steam_analytics.py for tasks to queue
[2026-09-03T17:38:05.318+0000] {logging_mixin.py:188} INFO - [2026-09-03T17:38:05.317+0000] {dagbag.py:545} INFO - Filling up the DagBag from /opt/airflow/dags/steam_analytics.py
[2026-09-03T17:38:05.496+0000] {processor.py:840} INFO - DAG(s) 'steam_analytics_daily' retrieved from /opt/airflow/dags/steam_analytics.py
[2026-09-03T17:38:05.524+0000] {logging_mixin.py:188} INFO - [2026-09-03T17:38:05.524+0000] {dag.py:3089} INFO - Sync 1 DAGs
[2026-09-03T17:38:05.665+0000] {logging_mixin.py:188} INFO - [2026-09-03T17:38:05.665+0000] {dag.py:3947} INFO - Setting next_dagrun for steam_analytics_daily to 2026-09-03 02:00:00+00:00, run_after=2026-09-04 02:00:00+00:00
[2026-09-03T17:38:05.682+0000] {processor.py:183} INFO - Processing /opt/airflow/dags/steam_analytics.py took 0.373 seconds
[2026-09-03T17:38:35.820+0000] {processor.py:161} INFO - Started process (PID=1187) to work on /opt/airflow/dags/steam_analytics.py
[2026-09-03T17:38:35.820+0000] {processor.py:830} INFO - Processing file /opt/airflow/dags/steam_analytics.py for tasks to queue
[2026-09-03T17:38:35.822+0000] {logging_mixin.py:188} INFO - [2026-09-03T17:38:35.821+0000] {dagbag.py:545} INFO - Filling up the DagBag from /opt/airflow/dags/steam_analytics.py
[2026-09-03T17:38:35.949+0000] {processor.py:840} INFO - DAG(s) 'steam_analytics_daily' retrieved from /opt/airflow/dags/steam_analytics.py
[2026-09-03T17:38:35.974+0000] {logging_mixin.py:188} INFO - [2026-09-03T17:38:35.974+0000] {dag.py:3089} INFO - Sync 1 DAGs
[2026-09-03T17:38:36.118+0000] {logging_mixin.py:188} INFO - [2026-09-03T17:38:36.118+0000] {dag.py:3947} INFO - Setting next_dagrun for steam_analytics_daily to 2026-09-03 02:00:00+00:00, run_after=2026-09-04 02:00:00+00:00
[2026-09-03T17:38:36.133+0000] {processor.py:183} INFO - Processing /opt/airflow/dags/steam_analytics.py took 0.318 seconds
[2026-09-03T17:39:06.266+0000] {processor.py:161} INFO - Started process (PID=1192) to work on /opt/airflow/dags/steam_analytics.py
[2026-09-03T17:39:06.267+0000] {processor.py:830} INFO - Processing file /opt/airflow/dags/steam_analytics.py for tasks to queue
[2026-09-03T17:39:06.269+0000] {logging_mixin.py:188} INFO - [2026-09-03T17:39:06.268+0000] {dagbag.py:545} INFO - Filling up the DagBag from /opt/airflow/dags/steam_analytics.py
[2026-09-03T17:39:06.404+0000] {processor.py:840} INFO - DAG(s) 'steam_analytics_daily' retrieved from /opt/airflow/dags/steam_analytics.py
[2026-09-03T17:39:06.428+0000] {logging_mixin.py:188} INFO - [2026-09-03T17:39:06.428+0000] {dag.py:3089} INFO - Sync 1 DAGs
[2026-09-03T17:39:06.446+0000] {logging_mixin.py:188} INFO - [2026-09-03T17:39:06.446+0000] {dag.py:3947} INFO - Setting next_dagrun for steam_analytics_daily to 2026-09-03 02:00:00+00:00, run_after=2026-09-04 02:00:00+00:00
[2026-09-03T17:39:06.461+0000] {processor.py:183} INFO - Processing /opt/airflow/dags/steam_analytics.py took 0.199 seconds
[2026-09-03T17:39:36.584+0000] {processor.py:161} INFO - Started process (PID=1197) to work on /opt/airflow/dags/steam_analytics.py
[2026-09-03T17:39:36.584+0000] {processor.py:830} INFO - Processing file /opt/airflow/dags/steam_analytics.py for tasks to queue
[2026-09-03T17:39:36.586+0000] {logging_mixin.py:188} INFO - [2026-09-03T17:39:36.585+0000] {dagbag.py:545} INFO - Filling up the DagBag from /opt/airflow/dags/steam_analytics.py
[2026-09-03T17:39:36.712+0000] {processor.py:840} INFO - DAG(s) 'steam_analytics_daily' retrieved from /opt/airflow/dags/steam_analytics.py
[2026-09-03T17:39:36.735+0000] {logging_mixin.py:188} INFO - [2026-09-03T17:39:36.735+0000] {dag.py:3089} INFO - Sync 1 DAGs
[2026-09-03T17:39:36.753+0000] {logging_mixin.py:188} INFO - [2026-09-03T17:39:36.753+0000] {dag.py:3947} INFO - Setting next_dagrun for steam_analytics_daily to 2026-09-03 02:00:00+00:00, run_after=2026-09-04 02:00:00+00:00
[2026-09-03T17:39:36.767+0000] {processor.py:183} INFO - Processing /opt/airflow/dags/steam_analytics.py took 0.189 seconds
[2026-09-03T17:40:06.884+0000] {processor.py:161} INFO - Started process (PID=1202) to work on /opt/airflow/dags/steam_analytics.py
[2026-09-03T17:40:06.885+0000] {processor.py:830} INFO - Processing file /opt/airflow/dags/steam_analytics.py for tasks to queue
[2026-09-03T17:40:06.886+0000] {logging_mixin.py:188} INFO - [2026-09-03T17:40:06.886+0000] {dagbag.py:545} INFO - Filling up the DagBag from /opt/airflow/dags/steam_analytics.py
[2026-09-03T17:40:07.010+0000] {processor.py:840} INFO - DAG(s) 'steam_analytics_daily' retrieved from /opt/airflow/dags/steam_analytics.py
[2026-09-03T17:40:07.033+0000] {logging_mixin.py:188} INFO - [2026-09-03T17:40:07.033+0000] {dag.py:3089} INFO - Sync 1 DAGs
[2026-09-03T17:40:07.052+0000] {logging_mixin.py:188} INFO - [2026-09-03T17:40:07.052+0000] {dag.py:3947} INFO - Setting next_dagrun for steam_analytics_daily to 2026-09-03 02:00:00+00:00, run_after=2026-09-04 02:00:00+00:00
[2026-09-03T17:40:07.163+0000] {processor.py:183} INFO - Processing /opt/airflow/dags/steam_analytics.py took 0.283 seconds
[2026-09-03T17:40:37.285+0000] {processor.py:161} INFO - Started process (PID=1207) to work on /opt/airflow/dags/steam_analytics.py
[2026-09-03T17:40:37.286+0000] {processor.py:830} INFO - Processing file /opt/airflow/dags/steam_analytics.py for tasks to queue
[2026-09-03T17:40:37.287+0000] {logging_mixin.py:188} INFO - [2026-09-03T17:40:37.287+0000] {dagbag.py:545} INFO - Filling up the DagBag from /opt/airflow/dags/steam_analytics.py
[2026-09-03T17:40:37.415+0000] {processor.py:840} INFO - DAG(s) 'steam_analytics_daily' retrieved from /opt/airflow/dags/steam_analytics.py
[2026-09-03T17:40:37.438+0000] {logging_mixin.py:188} INFO - [2026-09-03T17:40:37.438+0000] {dag.py:3089} INFO - Sync 1 DAGs
[2026-09-03T17:40:37.557+0000] {logging_mixin.py:188} INFO - [2026-09-03T17:40:37.557+0000] {dag.py:3947} INFO - Setting next_dagrun for steam_analytics_daily to 2026-09-03 02:00:00+00:00, run_after=2026-09-04 02:00:00+00:00
[2026-09-03T17:40:37.571+0000] {processor.py:183} INFO - Processing /opt/airflow/dags/steam_analytics.py took 0.290 seconds
[2026-09-03T17:41:07.690+0000] {processor.py:161} INFO - Started process (PID=1212) to work on /opt/airflow/dags/steam_analytics.py
[2026-09-03T17:41:07.691+0000] {processor.py:830} INFO - Processing file /opt/airflow/dags/steam_analytics.py for tasks to queue
[2026-09-03T17:41:07.692+0000] {logging_mixin.py:188} INFO - [2026-09-03T17:41:07.692+0000] {dagbag.py:545} INFO - Filling up the DagBag from /opt/airflow/dags/steam_analytics.py
[2026-09-03T17:41:07.821+0000] {processor.py:840} INFO - DAG(s) 'steam_analytics_daily' retrieved from /opt/airflow/dags/steam_analytics.py
[2026-09-03T17:41:07.944+0000] {logging_mixin.py:188} INFO - [2026-09-03T17:41:07.943+0000] {dag.py:3089} INFO - Sync 1 DAGs
[2026-09-03T17:41:07.960+0000] {logging_mixin.py:188} INFO - [2026-09-03T17:41:07.960+0000] {dag.py:3947} INFO - Setting next_dagrun for steam_analytics_daily to 2026-09-03 02:00:00+00:00, run_after=2026-09-04 02:00:00+00:00
[2026-09-03T17:41:07.974+0000] {processor.py:183} INFO - Processing /opt/airflow/dags/steam_analytics.py took 0.289 seconds
[2026-09-03T17:41:38.106+0000] {processor.py:161} INFO - Started process (PID=1217) to work on /opt/airflow/dags/steam_analytics.py
[2026-09-03T17:41:38.109+0000] {processor.py:830} INFO - Processing file /opt/airflow/dags/steam_analytics.py for tasks to queue
[2026-09-03T17:41:38.111+0000] {logging_mixin.py:188} INFO - [2026-09-03T17:41:38.111+0000] {dagbag.py:545} INFO - Filling up the DagBag from /opt/airflow/dags/steam_analytics.py
[2026-09-03T17:41:38.262+0000] {processor.py:840} INFO - DAG(s) 'steam_analytics_daily' retrieved from /opt/airflow/dags/steam_analytics.py
[2026-09-03T17:41:38.290+0000] {logging_mixin.py:188} INFO - [2026-09-03T17:41:38.290+0000] {dag.py:3089} INFO - Sync 1 DAGs
[2026-09-03T17:41:38.313+0000] {logging_mixin.py:188} INFO - [2026-09-03T17:41:38.312+0000] {dag.py:3947} INFO - Setting next_dagrun for steam_analytics_daily to 2026-09-03 02:00:00+00:00, run_after=2026-09-04 02:00:00+00:00
[2026-09-03T17:41:38.331+0000] {processor.py:183} INFO - Processing /opt/airflow/dags/steam_analytics.py took 0.229 seconds
[2026-09-03T17:42:08.462+0000] {processor.py:161} INFO - Started process (PID=1222) to work on /opt/airflow/dags/steam_analytics.py
[2026-09-03T17:42:08.462+0000] {processor.py:830} INFO - Processing file /opt/airflow/dags/steam_analytics.py for tasks to queue
[2026-09-03T17:42:08.464+0000] {logging_mixin.py:188} INFO - [2026-09-03T17:42:08.464+0000] {dagbag.py:545} INFO - Filling up the DagBag from /opt/airflow/dags/steam_analytics.py
[2026-09-03T17:42:08.614+0000] {processor.py:840} INFO - DAG(s) 'steam_analytics_daily' retrieved from /opt/airflow/dags/steam_analytics.py
[2026-09-03T17:42:08.640+0000] {logging_mixin.py:188} INFO - [2026-09-03T17:42:08.640+0000] {dag.py:3089} INFO - Sync 1 DAGs
[2026-09-03T17:42:08.663+0000] {logging_mixin.py:188} INFO - [2026-09-03T17:42:08.662+0000] {dag.py:3947} INFO - Setting next_dagrun for steam_analytics_daily to 2026-09-03 02:00:00+00:00, run_after=2026-09-04 02:00:00+00:00
[2026-09-03T17:42:08.681+0000] {processor.py:183} INFO - Processing /opt/airflow/dags/steam_analytics.py took 0.224 seconds
[2026-09-03T17:42:38.800+0000] {processor.py:161} INFO - Started process (PID=1227) to work on /opt/airflow/dags/steam_analytics.py
[2026-09-03T17:42:38.801+0000] {processor.py:830} INFO - Processing file /opt/airflow/dags/steam_analytics.py for tasks to queue
[2026-09-03T17:42:38.802+0000] {logging_mixin.py:188} INFO - [2026-09-03T17:42:38.802+0000] {dagbag.py:545} INFO - Filling up the DagBag from /opt/airflow/dags/steam_analytics.py
[2026-09-03T17:42:38.935+0000] {processor.py:840} INFO - DAG(s) 'steam_analytics_daily' retrieved from /opt/airflow/dags/steam_analytics.py
[2026-09-03T17:42:38.960+0000] {logging_mixin.py:188} INFO - [2026-09-03T17:42:38.959+0000] {dag.py:3089} INFO - Sync 1 DAGs
[2026-09-03T17:42:39.078+0000] {logging_mixin.py:188} INFO - [2026-09-03T17:42:39.078+0000] {dag.py:3947} INFO - Setting next_dagrun for steam_analytics_daily to 2026-09-03 02:00:00+00:00, run_after=2026-09-04 02:00:00+00:00
[2026-09-03T17:42:39.093+0000] {processor.py:183} INFO - Processing /opt/airflow/dags/steam_analytics.py took 0.297 seconds
[2026-09-03T17:43:09.223+0000] {processor.py:161} INFO - Started process (PID=1232) to work on /opt/airflow/dags/steam_analytics.py
[2026-09-03T17:43:09.224+0000] {processor.py:830} INFO - Processing file /opt/airflow/dags/steam_analytics.py for tasks to queue
[2026-09-03T17:43:09.225+0000] {logging_mixin.py:188} INFO - [2026-09-03T17:43:09.225+0000] {dagbag.py:545} INFO - Filling up the DagBag from /opt/airflow/dags/steam_analytics.py
[2026-09-03T17:43:09.356+0000] {processor.py:840} INFO - DAG(s) 'steam_analytics_daily' retrieved from /opt/airflow/dags/steam_analytics.py
[2026-09-03T17:43:09.481+0000] {logging_mixin.py:188} INFO - [2026-09-03T17:43:09.481+0000] {dag.py:3089} INFO - Sync 1 DAGs
[2026-09-03T17:43:09.498+0000] {logging_mixin.py:188} INFO - [2026-09-03T17:43:09.498+0000] {dag.py:3947} INFO - Setting next_dagrun for steam_analytics_daily to 2026-09-03 02:00:00+00:00, run_after=2026-09-04 02:00:00+00:00
[2026-09-03T17:43:09.512+0000] {processor.py:183} INFO - Processing /opt/airflow/dags/steam_analytics.py took 0.294 seconds
[2026-09-03T17:43:39.646+0000] {processor.py:161} INFO - Started process (PID=1237) to work on /opt/airflow/dags/steam_analytics.py
[2026-09-03T17:43:39.646+0000] {processor.py:830} INFO - Processing file /opt/airflow/dags/steam_analytics.py for tasks to queue
[2026-09-03T17:43:39.648+0000] {logging_mixin.py:188} INFO - [2026-09-03T17:43:39.648+0000] {dagbag.py:545} INFO - Filling up the DagBag from /opt/airflow/dags/steam_analytics.py
[2026-09-03T17:43:39.789+0000] {processor.py:840} INFO - DAG(s) 'steam_analytics_daily' retrieved from /opt/airflow/dags/steam_analytics.py
[2026-09-03T17:43:39.815+0000] {logging_mixin.py:188} INFO - [2026-09-03T17:43:39.815+0000] {dag.py:3089} INFO - Sync 1 DAGs
[2026-09-03T17:43:39.836+0000] {logging_mixin.py:188} INFO - [2026-09-03T17:43:39.836+0000] {dag.py:3947} INFO - Setting next_dagrun for steam_analytics_daily to 2026-09-03 02:00:00+00:00, run_after=2026-09-04 02:00:00+00:00
[2026-09-03T17:43:39.852+0000] {processor.py:183} INFO - Processing /opt/airflow/dags/steam_analytics.py took 0.211 seconds
[2026-09-03T17:44:10.013+0000] {processor.py:161} INFO - Started process (PID=1242) to work on /opt/airflow/dags/steam_analytics.py
[2026-09-03T17:44:10.014+0000] {processor.py:830} INFO - Processing file /opt/airflow/dags/steam_analytics.py for tasks to queue
[2026-09-03T17:44:10.015+0000] {logging_mixin.py:188} INFO - [2026-09-03T17:44:10.015+0000] {dagbag.py:545} INFO - Filling up the DagBag from /opt/airflow/dags/steam_analytics.py
[2026-09-03T17:44:10.160+0000] {processor.py:840} INFO - DAG(s) 'steam_analytics_daily' retrieved from /opt/airflow/dags/steam_analytics.py
[2026-09-03T17:44:10.187+0000] {logging_mixin.py:188} INFO - [2026-09-03T17:44:10.187+0000] {dag.py:3089} INFO - Sync 1 DAGs
[2026-09-03T17:44:10.207+0000] {logging_mixin.py:188} INFO - [2026-09-03T17:44:10.207+0000] {dag.py:3947} INFO - Setting next_dagrun for steam_analytics_daily to 2026-09-03 02:00:00+00:00, run_after=2026-09-04 02:00:00+00:00
[2026-09-03T17:44:10.228+0000] {processor.py:183} INFO - Processing /opt/airflow/dags/steam_analytics.py took 0.219 seconds
[2026-09-03T17:44:40.362+0000] {processor.py:161} INFO - Started process (PID=1247) to work on /opt/airflow/dags/steam_analytics.py
[2026-09-03T17:44:40.363+0000] {processor.py:830} INFO - Processing file /opt/airflow/dags/steam_analytics.py for tasks to queue
[2026-09-03T17:44:40.364+0000] {logging_mixin.py:188} INFO - [2026-09-03T17:44:40.364+0000] {dagbag.py:545} INFO - Filling up the DagBag from /opt/airflow/dags/steam_analytics.py
[2026-09-03T17:44:40.502+0000] {processor.py:840} INFO - DAG(s) 'steam_analytics_daily' retrieved from /opt/airflow/dags/steam_analytics.py
[2026-09-03T17:44:40.526+0000] {logging_mixin.py:188} INFO - [2026-09-03T17:44:40.526+0000] {dag.py:3089} INFO - Sync 1 DAGs
[2026-09-03T17:44:40.645+0000] {logging_mixin.py:188} INFO - [2026-09-03T17:44:40.645+0000] {dag.py:3947} INFO - Setting next_dagrun for steam_analytics_daily to 2026-09-03 02:00:00+00:00, run_after=2026-09-04 02:00:00+00:00
[2026-09-03T17:44:40.661+0000] {processor.py:183} INFO - Processing /opt/airflow/dags/steam_analytics.py took 0.304 seconds
[2026-09-03T17:45:10.792+0000] {processor.py:161} INFO - Started process (PID=1252) to work on /opt/airflow/dags/steam_analytics.py
[2026-09-03T17:45:10.793+0000] {processor.py:830} INFO - Processing file /opt/airflow/dags/steam_analytics.py for tasks to queue
[2026-09-03T17:45:10.795+0000] {logging_mixin.py:188} INFO - [2026-09-03T17:45:10.794+0000] {dagbag.py:545} INFO - Filling up the DagBag from /opt/airflow/dags/steam_analytics.py
[2026-09-03T17:45:10.930+0000] {processor.py:840} INFO - DAG(s) 'steam_analytics_daily' retrieved from /opt/airflow/dags/steam_analytics.py
[2026-09-03T17:45:11.061+0000] {logging_mixin.py:188} INFO - [2026-09-03T17:45:11.061+0000] {dag.py:3089} INFO - Sync 1 DAGs
[2026-09-03T17:45:11.080+0000] {logging_mixin.py:188} INFO - [2026-09-03T17:45:11.079+0000] {dag.py:3947} INFO - Setting next_dagrun for steam_analytics_daily to 2026-09-03 02:00:00+00:00, run_after=2026-09-04 02:00:00+00:00
[2026-09-03T17:45:11.096+0000] {processor.py:183} INFO - Processing /opt/airflow/dags/steam_analytics.py took 0.309 seconds
[2026-09-03T17:45:41.228+0000] {processor.py:161} INFO - Started process (PID=1257) to work on /opt/airflow/dags/steam_analytics.py
[2026-09-03T17:45:41.228+0000] {processor.py:830} INFO - Processing file /opt/airflow/dags/steam_analytics.py for tasks to queue
[2026-09-03T17:45:41.230+0000] {logging_mixin.py:188} INFO - [2026-09-03T17:45:41.230+0000] {dagbag.py:545} INFO - Filling up the DagBag from /opt/airflow/dags/steam_analytics.py
[2026-09-03T17:45:41.354+0000] {processor.py:840} INFO - DAG(s) 'steam_analytics_daily' retrieved from /opt/airflow/dags/steam_analytics.py
[2026-09-03T17:45:41.465+0000] {logging_mixin.py:188} INFO - [2026-09-03T17:45:41.464+0000] {dag.py:3089} INFO - Sync 1 DAGs
[2026-09-03T17:45:41.481+0000] {logging_mixin.py:188} INFO - [2026-09-03T17:45:41.481+0000] {dag.py:3947} INFO - Setting next_dagrun for steam_analytics_daily to 2026-09-03 02:00:00+00:00, run_after=2026-09-04 02:00:00+00:00
[2026-09-03T17:45:41.495+0000] {processor.py:183} INFO - Processing /opt/airflow/dags/steam_analytics.py took 0.272 seconds
[2026-09-03T17:46:11.628+0000] {processor.py:161} INFO - Started process (PID=1262) to work on /opt/airflow/dags/steam_analytics.py
[2026-09-03T17:46:11.629+0000] {processor.py:830} INFO - Processing file /opt/airflow/dags/steam_analytics.py for tasks to queue
[2026-09-03T17:46:11.630+0000] {logging_mixin.py:188} INFO - [2026-09-03T17:46:11.630+0000] {dagbag.py:545} INFO - Filling up the DagBag from /opt/airflow/dags/steam_analytics.py
[2026-09-03T17:46:11.781+0000] {processor.py:840} INFO - DAG(s) 'steam_analytics_daily' retrieved from /opt/airflow/dags/steam_analytics.py
[2026-09-03T17:46:11.810+0000] {logging_mixin.py:188} INFO - [2026-09-03T17:46:11.810+0000] {dag.py:3089} INFO - Sync 1 DAGs
[2026-09-03T17:46:11.832+0000] {logging_mixin.py:188} INFO - [2026-09-03T17:46:11.832+0000] {dag.py:3947} INFO - Setting next_dagrun for steam_analytics_daily to 2026-09-03 02:00:00+00:00, run_after=2026-09-04 02:00:00+00:00
[2026-09-03T17:46:11.851+0000] {processor.py:183} INFO - Processing /opt/airflow/dags/steam_analytics.py took 0.228 seconds
[2026-09-03T17:46:41.977+0000] {processor.py:161} INFO - Started process (PID=1267) to work on /opt/airflow/dags/steam_analytics.py
[2026-09-03T17:46:41.978+0000] {processor.py:830} INFO - Processing file /opt/airflow/dags/steam_analytics.py for tasks to queue
[2026-09-03T17:46:41.980+0000] {logging_mixin.py:188} INFO - [2026-09-03T17:46:41.979+0000] {dagbag.py:545} INFO - Filling up the DagBag from /opt/airflow/dags/steam_analytics.py
[2026-09-03T17:46:42.126+0000] {processor.py:840} INFO - DAG(s) 'steam_analytics_daily' retrieved from /opt/airflow/dags/steam_analytics.py
[2026-09-03T17:46:42.151+0000] {logging_mixin.py:188} INFO - [2026-09-03T17:46:42.151+0000] {dag.py:3089} INFO - Sync 1 DAGs
[2026-09-03T17:46:42.281+0000] {logging_mixin.py:188} INFO - [2026-09-03T17:46:42.281+0000] {dag.py:3947} INFO - Setting next_dagrun for steam_analytics_daily to 2026-09-03 02:00:00+00:00, run_after=2026-09-04 02:00:00+00:00
[2026-09-03T17:46:42.298+0000] {processor.py:183} INFO - Processing /opt/airflow/dags/steam_analytics.py took 0.326 seconds
[2026-09-03T17:47:12.429+0000] {processor.py:161} INFO - Started process (PID=1272) to work on /opt/airflow/dags/steam_analytics.py
[2026-09-03T17:47:12.430+0000] {processor.py:830} INFO - Processing file /opt/airflow/dags/steam_analytics.py for tasks to queue
[2026-09-03T17:47:12.431+0000] {logging_mixin.py:188} INFO - [2026-09-03T17:47:12.431+0000] {dagbag.py:545} INFO - Filling up the DagBag from /opt/airflow/dags/steam_analytics.py
[2026-09-03T17:47:12.553+0000] {processor.py:840} INFO - DAG(s) 'steam_analytics_daily' retrieved from /opt/airflow/dags/steam_analytics.py
[2026-09-03T17:47:12.576+0000] {logging_mixin.py:188} INFO - [2026-09-03T17:47:12.576+0000] {dag.py:3089} INFO - Sync 1 DAGs
[2026-09-03T17:47:12.684+0000] {logging_mixin.py:188} INFO - [2026-09-03T17:47:12.684+0000] {dag.py:3947} INFO - Setting next_dagrun for steam_analytics_daily to 2026-09-03 02:00:00+00:00, run_after=2026-09-04 02:00:00+00:00
[2026-09-03T17:47:12.697+0000] {processor.py:183} INFO - Processing /opt/airflow/dags/steam_analytics.py took 0.272 seconds
[2026-09-03T17:47:42.815+0000] {processor.py:161} INFO - Started process (PID=1277) to work on /opt/airflow/dags/steam_analytics.py
[2026-09-03T17:47:42.815+0000] {processor.py:830} INFO - Processing file /opt/airflow/dags/steam_analytics.py for tasks to queue
[2026-09-03T17:47:42.816+0000] {logging_mixin.py:188} INFO - [2026-09-03T17:47:42.816+0000] {dagbag.py:545} INFO - Filling up the DagBag from /opt/airflow/dags/steam_analytics.py
[2026-09-03T17:47:42.943+0000] {processor.py:840} INFO - DAG(s) 'steam_analytics_daily' retrieved from /opt/airflow/dags/steam_analytics.py
[2026-09-03T17:47:43.063+0000] {logging_mixin.py:188} INFO - [2026-09-03T17:47:43.063+0000] {dag.py:3089} INFO - Sync 1 DAGs
[2026-09-03T17:47:43.081+0000] {logging_mixin.py:188} INFO - [2026-09-03T17:47:43.081+0000] {dag.py:3947} INFO - Setting next_dagrun for steam_analytics_daily to 2026-09-03 02:00:00+00:00, run_after=2026-09-04 02:00:00+00:00
[2026-09-03T17:47:43.095+0000] {processor.py:183} INFO - Processing /opt/airflow/dags/steam_analytics.py took 0.285 seconds
[2026-09-03T17:48:13.226+0000] {processor.py:161} INFO - Started process (PID=1282) to work on /opt/airflow/dags/steam_analytics.py
[2026-09-03T17:48:13.227+0000] {processor.py:830} INFO - Processing file /opt/airflow/dags/steam_analytics.py for tasks to queue
[2026-09-03T17:48:13.228+0000] {logging_mixin.py:188} INFO - [2026-09-03T17:48:13.228+0000] {dagbag.py:545} INFO - Filling up the DagBag from /opt/airflow/dags/steam_analytics.py
[2026-09-03T17:48:13.455+0000] {processor.py:840} INFO - DAG(s) 'steam_analytics_daily' retrieved from /opt/airflow/dags/steam_analytics.py
[2026-09-03T17:48:13.477+0000] {logging_mixin.py:188} INFO - [2026-09-03T17:48:13.476+0000] {dag.py:3089} INFO - Sync 1 DAGs
[2026-09-03T17:48:13.494+0000] {logging_mixin.py:188} INFO - [2026-09-03T17:48:13.494+0000] {dag.py:3947} INFO - Setting next_dagrun for steam_analytics_daily to 2026-09-03 02:00:00+00:00, run_after=2026-09-04 02:00:00+00:00
[2026-09-03T17:48:13.509+0000] {processor.py:183} INFO - Processing /opt/airflow/dags/steam_analytics.py took 0.288 seconds
[2026-09-03T17:48:43.638+0000] {processor.py:161} INFO - Started process (PID=1287) to work on /opt/airflow/dags/steam_analytics.py
[2026-09-03T17:48:43.638+0000] {processor.py:830} INFO - Processing file /opt/airflow/dags/steam_analytics.py for tasks to queue
[2026-09-03T17:48:43.640+0000] {logging_mixin.py:188} INFO - [2026-09-03T17:48:43.640+0000] {dagbag.py:545} INFO - Filling up the DagBag from /opt/airflow/dags/steam_analytics.py
[2026-09-03T17:48:43.776+0000] {processor.py:840} INFO - DAG(s) 'steam_analytics_daily' retrieved from /opt/airflow/dags/steam_analytics.py
[2026-09-03T17:48:43.800+0000] {logging_mixin.py:188} INFO - [2026-09-03T17:48:43.800+0000] {dag.py:3089} INFO - Sync 1 DAGs
[2026-09-03T17:48:43.820+0000] {logging_mixin.py:188} INFO - [2026-09-03T17:48:43.819+0000] {dag.py:3947} INFO - Setting next_dagrun for steam_analytics_daily to 2026-09-03 02:00:00+00:00, run_after=2026-09-04 02:00:00+00:00
[2026-09-03T17:48:43.936+0000] {processor.py:183} INFO - Processing /opt/airflow/dags/steam_analytics.py took 0.303 seconds
[2026-09-03T17:49:14.080+0000] {processor.py:161} INFO - Started process (PID=1292) to work on /opt/airflow/dags/steam_analytics.py
[2026-09-03T17:49:14.081+0000] {processor.py:830} INFO - Processing file /opt/airflow/dags/steam_analytics.py for tasks to queue
[2026-09-03T17:49:14.082+0000] {logging_mixin.py:188} INFO - [2026-09-03T17:49:14.082+0000] {dagbag.py:545} INFO - Filling up the DagBag from /opt/airflow/dags/steam_analytics.py
[2026-09-03T17:49:14.217+0000] {processor.py:840} INFO - DAG(s) 'steam_analytics_daily' retrieved from /opt/airflow/dags/steam_analytics.py
[2026-09-03T17:49:14.241+0000] {logging_mixin.py:188} INFO - [2026-09-03T17:49:14.240+0000] {dag.py:3089} INFO - Sync 1 DAGs
[2026-09-03T17:49:14.359+0000] {logging_mixin.py:188} INFO - [2026-09-03T17:49:14.358+0000] {dag.py:3947} INFO - Setting next_dagrun for steam_analytics_daily to 2026-09-03 02:00:00+00:00, run_after=2026-09-04 02:00:00+00:00
[2026-09-03T17:49:14.374+0000] {processor.py:183} INFO - Processing /opt/airflow/dags/steam_analytics.py took 0.298 seconds
[2026-09-03T17:49:44.503+0000] {processor.py:161} INFO - Started process (PID=1297) to work on /opt/airflow/dags/steam_analytics.py
[2026-09-03T17:49:44.504+0000] {processor.py:830} INFO - Processing file /opt/airflow/dags/steam_analytics.py for tasks to queue
[2026-09-03T17:49:44.505+0000] {logging_mixin.py:188} INFO - [2026-09-03T17:49:44.505+0000] {dagbag.py:545} INFO - Filling up the DagBag from /opt/airflow/dags/steam_analytics.py
[2026-09-03T17:49:44.668+0000] {processor.py:840} INFO - DAG(s) 'steam_analytics_daily' retrieved from /opt/airflow/dags/steam_analytics.py
[2026-09-03T17:49:44.812+0000] {logging_mixin.py:188} INFO - [2026-09-03T17:49:44.812+0000] {dag.py:3089} INFO - Sync 1 DAGs
[2026-09-03T17:49:44.830+0000] {logging_mixin.py:188} INFO - [2026-09-03T17:49:44.830+0000] {dag.py:3947} INFO - Setting next_dagrun for steam_analytics_daily to 2026-09-03 02:00:00+00:00, run_after=2026-09-04 02:00:00+00:00
[2026-09-03T17:49:44.846+0000] {processor.py:183} INFO - Processing /opt/airflow/dags/steam_analytics.py took 0.348 seconds
[2026-09-03T17:50:14.983+0000] {processor.py:161} INFO - Started process (PID=1302) to work on /opt/airflow/dags/steam_analytics.py
[2026-09-03T17:50:14.984+0000] {processor.py:830} INFO - Processing file /opt/airflow/dags/steam_analytics.py for tasks to queue
[2026-09-03T17:50:14.985+0000] {logging_mixin.py:188} INFO - [2026-09-03T17:50:14.985+0000] {dagbag.py:545} INFO - Filling up the DagBag from /opt/airflow/dags/steam_analytics.py
[2026-09-03T17:50:15.219+0000] {processor.py:840} INFO - DAG(s) 'steam_analytics_daily' retrieved from /opt/airflow/dags/steam_analytics.py
[2026-09-03T17:50:15.241+0000] {logging_mixin.py:188} INFO - [2026-09-03T17:50:15.241+0000] {dag.py:3089} INFO - Sync 1 DAGs
[2026-09-03T17:50:15.260+0000] {logging_mixin.py:188} INFO - [2026-09-03T17:50:15.259+0000] {dag.py:3947} INFO - Setting next_dagrun for steam_analytics_daily to 2026-09-03 02:00:00+00:00, run_after=2026-09-04 02:00:00+00:00
[2026-09-03T17:50:15.275+0000] {processor.py:183} INFO - Processing /opt/airflow/dags/steam_analytics.py took 0.297 seconds
[2026-09-03T17:50:45.406+0000] {processor.py:161} INFO - Started process (PID=1307) to work on /opt/airflow/dags/steam_analytics.py
[2026-09-03T17:50:45.407+0000] {processor.py:830} INFO - Processing file /opt/airflow/dags/steam_analytics.py for tasks to queue
[2026-09-03T17:50:45.408+0000] {logging_mixin.py:188} INFO - [2026-09-03T17:50:45.408+0000] {dagbag.py:545} INFO - Filling up the DagBag from /opt/airflow/dags/steam_analytics.py
[2026-09-03T17:50:45.652+0000] {processor.py:840} INFO - DAG(s) 'steam_analytics_daily' retrieved from /opt/airflow/dags/steam_analytics.py
[2026-09-03T17:50:45.676+0000] {logging_mixin.py:188} INFO - [2026-09-03T17:50:45.675+0000] {dag.py:3089} INFO - Sync 1 DAGs
[2026-09-03T17:50:45.694+0000] {logging_mixin.py:188} INFO - [2026-09-03T17:50:45.693+0000] {dag.py:3947} INFO - Setting next_dagrun for steam_analytics_daily to 2026-09-03 02:00:00+00:00, run_after=2026-09-04 02:00:00+00:00
[2026-09-03T17:50:45.709+0000] {processor.py:183} INFO - Processing /opt/airflow/dags/steam_analytics.py took 0.308 seconds
[2026-09-03T17:51:15.843+0000] {processor.py:161} INFO - Started process (PID=1312) to work on /opt/airflow/dags/steam_analytics.py
[2026-09-03T17:51:15.844+0000] {processor.py:830} INFO - Processing file /opt/airflow/dags/steam_analytics.py for tasks to queue
[2026-09-03T17:51:15.846+0000] {logging_mixin.py:188} INFO - [2026-09-03T17:51:15.846+0000] {dagbag.py:545} INFO - Filling up the DagBag from /opt/airflow/dags/steam_analytics.py
[2026-09-03T17:51:15.982+0000] {processor.py:840} INFO - DAG(s) 'steam_analytics_daily' retrieved from /opt/airflow/dags/steam_analytics.py
[2026-09-03T17:51:16.008+0000] {logging_mixin.py:188} INFO - [2026-09-03T17:51:16.008+0000] {dag.py:3089} INFO - Sync 1 DAGs
[2026-09-03T17:51:16.127+0000] {logging_mixin.py:188} INFO - [2026-09-03T17:51:16.127+0000] {dag.py:3947} INFO - Setting next_dagrun for steam_analytics_daily to 2026-09-03 02:00:00+00:00, run_after=2026-09-04 02:00:00+00:00
[2026-09-03T17:51:16.143+0000] {processor.py:183} INFO - Processing /opt/airflow/dags/steam_analytics.py took 0.304 seconds
[2026-09-03T17:51:46.273+0000] {processor.py:161} INFO - Started process (PID=1317) to work on /opt/airflow/dags/steam_analytics.py
[2026-09-03T17:51:46.274+0000] {processor.py:830} INFO - Processing file /opt/airflow/dags/steam_analytics.py for tasks to queue
[2026-09-03T17:51:46.276+0000] {logging_mixin.py:188} INFO - [2026-09-03T17:51:46.275+0000] {dagbag.py:545} INFO - Filling up the DagBag from /opt/airflow/dags/steam_analytics.py
[2026-09-03T17:51:46.410+0000] {processor.py:840} INFO - DAG(s) 'steam_analytics_daily' retrieved from /opt/airflow/dags/steam_analytics.py
[2026-09-03T17:51:46.534+0000] {logging_mixin.py:188} INFO - [2026-09-03T17:51:46.533+0000] {dag.py:3089} INFO - Sync 1 DAGs
[2026-09-03T17:51:46.551+0000] {logging_mixin.py:188} INFO - [2026-09-03T17:51:46.551+0000] {dag.py:3947} INFO - Setting next_dagrun for steam_analytics_daily to 2026-09-03 02:00:00+00:00, run_after=2026-09-04 02:00:00+00:00
[2026-09-03T17:51:46.567+0000] {processor.py:183} INFO - Processing /opt/airflow/dags/steam_analytics.py took 0.298 seconds
[2026-09-03T17:52:16.700+0000] {processor.py:161} INFO - Started process (PID=1322) to work on /opt/airflow/dags/steam_analytics.py
[2026-09-03T17:52:16.700+0000] {processor.py:830} INFO - Processing file /opt/airflow/dags/steam_analytics.py for tasks to queue
[2026-09-03T17:52:16.702+0000] {logging_mixin.py:188} INFO - [2026-09-03T17:52:16.702+0000] {dagbag.py:545} INFO - Filling up the DagBag from /opt/airflow/dags/steam_analytics.py
[2026-09-03T17:52:16.838+0000] {processor.py:840} INFO - DAG(s) 'steam_analytics_daily' retrieved from /opt/airflow/dags/steam_analytics.py
[2026-09-03T17:52:16.962+0000] {logging_mixin.py:188} INFO - [2026-09-03T17:52:16.962+0000] {dag.py:3089} INFO - Sync 1 DAGs
[2026-09-03T17:52:16.980+0000] {logging_mixin.py:188} INFO - [2026-09-03T17:52:16.980+0000] {dag.py:3947} INFO - Setting next_dagrun for steam_analytics_daily to 2026-09-03 02:00:00+00:00, run_after=2026-09-04 02:00:00+00:00
[2026-09-03T17:52:16.995+0000] {processor.py:183} INFO - Processing /opt/airflow/dags/steam_analytics.py took 0.300 seconds
[2026-09-03T17:52:47.128+0000] {processor.py:161} INFO - Started process (PID=1327) to work on /opt/airflow/dags/steam_analytics.py
[2026-09-03T17:52:47.129+0000] {processor.py:830} INFO - Processing file /opt/airflow/dags/steam_analytics.py for tasks to queue
[2026-09-03T17:52:47.130+0000] {logging_mixin.py:188} INFO - [2026-09-03T17:52:47.130+0000] {dagbag.py:545} INFO - Filling up the DagBag from /opt/airflow/dags/steam_analytics.py
[2026-09-03T17:52:47.361+0000] {processor.py:840} INFO - DAG(s) 'steam_analytics_daily' retrieved from /opt/airflow/dags/steam_analytics.py
[2026-09-03T17:52:47.384+0000] {logging_mixin.py:188} INFO - [2026-09-03T17:52:47.384+0000] {dag.py:3089} INFO - Sync 1 DAGs
[2026-09-03T17:52:47.402+0000] {logging_mixin.py:188} INFO - [2026-09-03T17:52:47.402+0000] {dag.py:3947} INFO - Setting next_dagrun for steam_analytics_daily to 2026-09-03 02:00:00+00:00, run_after=2026-09-04 02:00:00+00:00
[2026-09-03T17:52:47.417+0000] {processor.py:183} INFO - Processing /opt/airflow/dags/steam_analytics.py took 0.293 seconds
[2026-09-03T17:53:17.547+0000] {processor.py:161} INFO - Started process (PID=1332) to work on /opt/airflow/dags/steam_analytics.py
[2026-09-03T17:53:17.547+0000] {processor.py:830} INFO - Processing file /opt/airflow/dags/steam_analytics.py for tasks to queue
[2026-09-03T17:53:17.549+0000] {logging_mixin.py:188} INFO - [2026-09-03T17:53:17.549+0000] {dagbag.py:545} INFO - Filling up the DagBag from /opt/airflow/dags/steam_analytics.py
[2026-09-03T17:53:17.690+0000] {processor.py:840} INFO - DAG(s) 'steam_analytics_daily' retrieved from /opt/airflow/dags/steam_analytics.py
[2026-09-03T17:53:17.720+0000] {logging_mixin.py:188} INFO - [2026-09-03T17:53:17.720+0000] {dag.py:3089} INFO - Sync 1 DAGs
[2026-09-03T17:53:17.884+0000] {logging_mixin.py:188} INFO - [2026-09-03T17:53:17.883+0000] {dag.py:3947} INFO - Setting next_dagrun for steam_analytics_daily to 2026-09-03 02:00:00+00:00, run_after=2026-09-04 02:00:00+00:00
[2026-09-03T17:53:17.899+0000] {processor.py:183} INFO - Processing /opt/airflow/dags/steam_analytics.py took 0.358 seconds
[2026-09-03T17:53:48.031+0000] {processor.py:161} INFO - Started process (PID=1337) to work on /opt/airflow/dags/steam_analytics.py
[2026-09-03T17:53:48.032+0000] {processor.py:830} INFO - Processing file /opt/airflow/dags/steam_analytics.py for tasks to queue
[2026-09-03T17:53:48.033+0000] {logging_mixin.py:188} INFO - [2026-09-03T17:53:48.033+0000] {dagbag.py:545} INFO - Filling up the DagBag from /opt/airflow/dags/steam_analytics.py
[2026-09-03T17:53:48.166+0000] {processor.py:840} INFO - DAG(s) 'steam_analytics_daily' retrieved from /opt/airflow/dags/steam_analytics.py
[2026-09-03T17:53:48.191+0000] {logging_mixin.py:188} INFO - [2026-09-03T17:53:48.191+0000] {dag.py:3089} INFO - Sync 1 DAGs
[2026-09-03T17:53:48.308+0000] {logging_mixin.py:188} INFO - [2026-09-03T17:53:48.308+0000] {dag.py:3947} INFO - Setting next_dagrun for steam_analytics_daily to 2026-09-03 02:00:00+00:00, run_after=2026-09-04 02:00:00+00:00
[2026-09-03T17:53:48.324+0000] {processor.py:183} INFO - Processing /opt/airflow/dags/steam_analytics.py took 0.297 seconds
[2026-09-03T17:54:18.457+0000] {processor.py:161} INFO - Started process (PID=1342) to work on /opt/airflow/dags/steam_analytics.py
[2026-09-03T17:54:18.458+0000] {processor.py:830} INFO - Processing file /opt/airflow/dags/steam_analytics.py for tasks to queue
[2026-09-03T17:54:18.459+0000] {logging_mixin.py:188} INFO - [2026-09-03T17:54:18.459+0000] {dagbag.py:545} INFO - Filling up the DagBag from /opt/airflow/dags/steam_analytics.py
[2026-09-03T17:54:18.592+0000] {processor.py:840} INFO - DAG(s) 'steam_analytics_daily' retrieved from /opt/airflow/dags/steam_analytics.py
[2026-09-03T17:54:18.714+0000] {logging_mixin.py:188} INFO - [2026-09-03T17:54:18.714+0000] {dag.py:3089} INFO - Sync 1 DAGs
[2026-09-03T17:54:18.732+0000] {logging_mixin.py:188} INFO - [2026-09-03T17:54:18.731+0000] {dag.py:3947} INFO - Setting next_dagrun for steam_analytics_daily to 2026-09-03 02:00:00+00:00, run_after=2026-09-04 02:00:00+00:00
[2026-09-03T17:54:18.746+0000] {processor.py:183} INFO - Processing /opt/airflow/dags/steam_analytics.py took 0.293 seconds
[2026-09-03T17:54:48.875+0000] {processor.py:161} INFO - Started process (PID=1347) to work on /opt/airflow/dags/steam_analytics.py
[2026-09-03T17:54:48.875+0000] {processor.py:830} INFO - Processing file /opt/airflow/dags/steam_analytics.py for tasks to queue
[2026-09-03T17:54:48.877+0000] {logging_mixin.py:188} INFO - [2026-09-03T17:54:48.876+0000] {dagbag.py:545} INFO - Filling up the DagBag from /opt/airflow/dags/steam_analytics.py
[2026-09-03T17:54:49.111+0000] {processor.py:840} INFO - DAG(s) 'steam_analytics_daily' retrieved from /opt/airflow/dags/steam_analytics.py
[2026-09-03T17:54:49.133+0000] {logging_mixin.py:188} INFO - [2026-09-03T17:54:49.133+0000] {dag.py:3089} INFO - Sync 1 DAGs
[2026-09-03T17:54:49.150+0000] {logging_mixin.py:188} INFO - [2026-09-03T17:54:49.150+0000] {dag.py:3947} INFO - Setting next_dagrun for steam_analytics_daily to 2026-09-03 02:00:00+00:00, run_after=2026-09-04 02:00:00+00:00
[2026-09-03T17:54:49.165+0000] {processor.py:183} INFO - Processing /opt/airflow/dags/steam_analytics.py took 0.294 seconds
[2026-09-03T17:55:19.297+0000] {processor.py:161} INFO - Started process (PID=1352) to work on /opt/airflow/dags/steam_analytics.py
[2026-09-03T17:55:19.297+0000] {processor.py:830} INFO - Processing file /opt/airflow/dags/steam_analytics.py for tasks to queue
[2026-09-03T17:55:19.299+0000] {logging_mixin.py:188} INFO - [2026-09-03T17:55:19.299+0000] {dagbag.py:545} INFO - Filling up the DagBag from /opt/airflow/dags/steam_analytics.py
[2026-09-03T17:55:19.550+0000] {processor.py:840} INFO - DAG(s) 'steam_analytics_daily' retrieved from /opt/airflow/dags/steam_analytics.py
[2026-09-03T17:55:19.572+0000] {logging_mixin.py:188} INFO - [2026-09-03T17:55:19.572+0000] {dag.py:3089} INFO - Sync 1 DAGs
[2026-09-03T17:55:19.589+0000] {logging_mixin.py:188} INFO - [2026-09-03T17:55:19.589+0000] {dag.py:3947} INFO - Setting next_dagrun for steam_analytics_daily to 2026-09-03 02:00:00+00:00, run_after=2026-09-04 02:00:00+00:00
[2026-09-03T17:55:19.606+0000] {processor.py:183} INFO - Processing /opt/airflow/dags/steam_analytics.py took 0.314 seconds
[2026-09-03T17:55:49.733+0000] {processor.py:161} INFO - Started process (PID=1357) to work on /opt/airflow/dags/steam_analytics.py
[2026-09-03T17:55:49.733+0000] {processor.py:830} INFO - Processing file /opt/airflow/dags/steam_analytics.py for tasks to queue
[2026-09-03T17:55:49.735+0000] {logging_mixin.py:188} INFO - [2026-09-03T17:55:49.734+0000] {dagbag.py:545} INFO - Filling up the DagBag from /opt/airflow/dags/steam_analytics.py
[2026-09-03T17:55:49.866+0000] {processor.py:840} INFO - DAG(s) 'steam_analytics_daily' retrieved from /opt/airflow/dags/steam_analytics.py
[2026-09-03T17:55:49.890+0000] {logging_mixin.py:188} INFO - [2026-09-03T17:55:49.890+0000] {dag.py:3089} INFO - Sync 1 DAGs
[2026-09-03T17:55:50.010+0000] {logging_mixin.py:188} INFO - [2026-09-03T17:55:50.010+0000] {dag.py:3947} INFO - Setting next_dagrun for steam_analytics_daily to 2026-09-03 02:00:00+00:00, run_after=2026-09-04 02:00:00+00:00
[2026-09-03T17:55:50.026+0000] {processor.py:183} INFO - Processing /opt/airflow/dags/steam_analytics.py took 0.297 seconds
[2026-09-03T17:56:20.158+0000] {processor.py:161} INFO - Started process (PID=1362) to work on /opt/airflow/dags/steam_analytics.py
[2026-09-03T17:56:20.159+0000] {processor.py:830} INFO - Processing file /opt/airflow/dags/steam_analytics.py for tasks to queue
[2026-09-03T17:56:20.160+0000] {logging_mixin.py:188} INFO - [2026-09-03T17:56:20.160+0000] {dagbag.py:545} INFO - Filling up the DagBag from /opt/airflow/dags/steam_analytics.py
[2026-09-03T17:56:20.289+0000] {processor.py:840} INFO - DAG(s) 'steam_analytics_daily' retrieved from /opt/airflow/dags/steam_analytics.py
[2026-09-03T17:56:20.412+0000] {logging_mixin.py:188} INFO - [2026-09-03T17:56:20.412+0000] {dag.py:3089} INFO - Sync 1 DAGs
[2026-09-03T17:56:20.430+0000] {logging_mixin.py:188} INFO - [2026-09-03T17:56:20.430+0000] {dag.py:3947} INFO - Setting next_dagrun for steam_analytics_daily to 2026-09-03 02:00:00+00:00, run_after=2026-09-04 02:00:00+00:00
[2026-09-03T17:56:20.445+0000] {processor.py:183} INFO - Processing /opt/airflow/dags/steam_analytics.py took 0.291 seconds
[2026-09-03T17:56:50.573+0000] {processor.py:161} INFO - Started process (PID=1367) to work on /opt/airflow/dags/steam_analytics.py
[2026-09-03T17:56:50.574+0000] {processor.py:830} INFO - Processing file /opt/airflow/dags/steam_analytics.py for tasks to queue
[2026-09-03T17:56:50.575+0000] {logging_mixin.py:188} INFO - [2026-09-03T17:56:50.575+0000] {dagbag.py:545} INFO - Filling up the DagBag from /opt/airflow/dags/steam_analytics.py
[2026-09-03T17:56:50.805+0000] {processor.py:840} INFO - DAG(s) 'steam_analytics_daily' retrieved from /opt/airflow/dags/steam_analytics.py
[2026-09-03T17:56:50.828+0000] {logging_mixin.py:188} INFO - [2026-09-03T17:56:50.828+0000] {dag.py:3089} INFO - Sync 1 DAGs
[2026-09-03T17:56:50.845+0000] {logging_mixin.py:188} INFO - [2026-09-03T17:56:50.845+0000] {dag.py:3947} INFO - Setting next_dagrun for steam_analytics_daily to 2026-09-03 02:00:00+00:00, run_after=2026-09-04 02:00:00+00:00
[2026-09-03T17:56:50.861+0000] {processor.py:183} INFO - Processing /opt/airflow/dags/steam_analytics.py took 0.292 seconds
[2026-09-03T17:57:20.994+0000] {processor.py:161} INFO - Started process (PID=1372) to work on /opt/airflow/dags/steam_analytics.py
[2026-09-03T17:57:20.995+0000] {processor.py:830} INFO - Processing file /opt/airflow/dags/steam_analytics.py for tasks to queue
[2026-09-03T17:57:20.996+0000] {logging_mixin.py:188} INFO - [2026-09-03T17:57:20.996+0000] {dagbag.py:545} INFO - Filling up the DagBag from /opt/airflow/dags/steam_analytics.py
[2026-09-03T17:57:21.260+0000] {processor.py:840} INFO - DAG(s) 'steam_analytics_daily' retrieved from /opt/airflow/dags/steam_analytics.py
[2026-09-03T17:57:21.282+0000] {logging_mixin.py:188} INFO - [2026-09-03T17:57:21.282+0000] {dag.py:3089} INFO - Sync 1 DAGs
[2026-09-03T17:57:21.299+0000] {logging_mixin.py:188} INFO - [2026-09-03T17:57:21.299+0000] {dag.py:3947} INFO - Setting next_dagrun for steam_analytics_daily to 2026-09-03 02:00:00+00:00, run_after=2026-09-04 02:00:00+00:00
[2026-09-03T17:57:21.313+0000] {processor.py:183} INFO - Processing /opt/airflow/dags/steam_analytics.py took 0.324 seconds
[2026-09-03T17:57:51.441+0000] {processor.py:161} INFO - Started process (PID=1377) to work on /opt/airflow/dags/steam_analytics.py
[2026-09-03T17:57:51.442+0000] {processor.py:830} INFO - Processing file /opt/airflow/dags/steam_analytics.py for tasks to queue
[2026-09-03T17:57:51.444+0000] {logging_mixin.py:188} INFO - [2026-09-03T17:57:51.443+0000] {dagbag.py:545} INFO - Filling up the DagBag from /opt/airflow/dags/steam_analytics.py
[2026-09-03T17:57:51.700+0000] {processor.py:840} INFO - DAG(s) 'steam_analytics_daily' retrieved from /opt/airflow/dags/steam_analytics.py
[2026-09-03T17:57:51.724+0000] {logging_mixin.py:188} INFO - [2026-09-03T17:57:51.723+0000] {dag.py:3089} INFO - Sync 1 DAGs
[2026-09-03T17:57:51.745+0000] {logging_mixin.py:188} INFO - [2026-09-03T17:57:51.745+0000] {dag.py:3947} INFO - Setting next_dagrun for steam_analytics_daily to 2026-09-03 02:00:00+00:00, run_after=2026-09-04 02:00:00+00:00
[2026-09-03T17:57:51.762+0000] {processor.py:183} INFO - Processing /opt/airflow/dags/steam_analytics.py took 0.325 seconds
[2026-09-03T17:58:21.891+0000] {processor.py:161} INFO - Started process (PID=1382) to work on /opt/airflow/dags/steam_analytics.py
[2026-09-03T17:58:21.892+0000] {processor.py:830} INFO - Processing file /opt/airflow/dags/steam_analytics.py for tasks to queue
[2026-09-03T17:58:21.893+0000] {logging_mixin.py:188} INFO - [2026-09-03T17:58:21.893+0000] {dagbag.py:545} INFO - Filling up the DagBag from /opt/airflow/dags/steam_analytics.py
[2026-09-03T17:58:22.022+0000] {processor.py:840} INFO - DAG(s) 'steam_analytics_daily' retrieved from /opt/airflow/dags/steam_analytics.py
[2026-09-03T17:58:22.141+0000] {logging_mixin.py:188} INFO - [2026-09-03T17:58:22.141+0000] {dag.py:3089} INFO - Sync 1 DAGs
[2026-09-03T17:58:22.158+0000] {logging_mixin.py:188} INFO - [2026-09-03T17:58:22.158+0000] {dag.py:3947} INFO - Setting next_dagrun for steam_analytics_daily to 2026-09-03 02:00:00+00:00, run_after=2026-09-04 02:00:00+00:00
[2026-09-03T17:58:22.171+0000] {processor.py:183} INFO - Processing /opt/airflow/dags/steam_analytics.py took 0.284 seconds
[2026-09-03T17:58:52.297+0000] {processor.py:161} INFO - Started process (PID=1387) to work on /opt/airflow/dags/steam_analytics.py
[2026-09-03T17:58:52.298+0000] {processor.py:830} INFO - Processing file /opt/airflow/dags/steam_analytics.py for tasks to queue
[2026-09-03T17:58:52.299+0000] {logging_mixin.py:188} INFO - [2026-09-03T17:58:52.299+0000] {dagbag.py:545} INFO - Filling up the DagBag from /opt/airflow/dags/steam_analytics.py
[2026-09-03T17:58:52.432+0000] {processor.py:840} INFO - DAG(s) 'steam_analytics_daily' retrieved from /opt/airflow/dags/steam_analytics.py
[2026-09-03T17:58:52.561+0000] {logging_mixin.py:188} INFO - [2026-09-03T17:58:52.561+0000] {dag.py:3089} INFO - Sync 1 DAGs
[2026-09-03T17:58:52.578+0000] {logging_mixin.py:188} INFO - [2026-09-03T17:58:52.578+0000] {dag.py:3947} INFO - Setting next_dagrun for steam_analytics_daily to 2026-09-03 02:00:00+00:00, run_after=2026-09-04 02:00:00+00:00
[2026-09-03T17:58:52.593+0000] {processor.py:183} INFO - Processing /opt/airflow/dags/steam_analytics.py took 0.301 seconds
[2026-09-03T17:59:22.723+0000] {processor.py:161} INFO - Started process (PID=1392) to work on /opt/airflow/dags/steam_analytics.py
[2026-09-03T17:59:22.724+0000] {processor.py:830} INFO - Processing file /opt/airflow/dags/steam_analytics.py for tasks to queue
[2026-09-03T17:59:22.726+0000] {logging_mixin.py:188} INFO - [2026-09-03T17:59:22.725+0000] {dagbag.py:545} INFO - Filling up the DagBag from /opt/airflow/dags/steam_analytics.py
[2026-09-03T17:59:22.975+0000] {processor.py:840} INFO - DAG(s) 'steam_analytics_daily' retrieved from /opt/airflow/dags/steam_analytics.py
[2026-09-03T17:59:22.997+0000] {logging_mixin.py:188} INFO - [2026-09-03T17:59:22.997+0000] {dag.py:3089} INFO - Sync 1 DAGs
[2026-09-03T17:59:23.015+0000] {logging_mixin.py:188} INFO - [2026-09-03T17:59:23.015+0000] {dag.py:3947} INFO - Setting next_dagrun for steam_analytics_daily to 2026-09-03 02:00:00+00:00, run_after=2026-09-04 02:00:00+00:00
[2026-09-03T17:59:23.030+0000] {processor.py:183} INFO - Processing /opt/airflow/dags/steam_analytics.py took 0.311 seconds
[2026-09-03T17:59:53.161+0000] {processor.py:161} INFO - Started process (PID=1397) to work on /opt/airflow/dags/steam_analytics.py
[2026-09-03T17:59:53.162+0000] {processor.py:830} INFO - Processing file /opt/airflow/dags/steam_analytics.py for tasks to queue
[2026-09-03T17:59:53.163+0000] {logging_mixin.py:188} INFO - [2026-09-03T17:59:53.163+0000] {dagbag.py:545} INFO - Filling up the DagBag from /opt/airflow/dags/steam_analytics.py
[2026-09-03T17:59:53.379+0000] {processor.py:840} INFO - DAG(s) 'steam_analytics_daily' retrieved from /opt/airflow/dags/steam_analytics.py
[2026-09-03T17:59:53.400+0000] {logging_mixin.py:188} INFO - [2026-09-03T17:59:53.400+0000] {dag.py:3089} INFO - Sync 1 DAGs
[2026-09-03T17:59:53.418+0000] {logging_mixin.py:188} INFO - [2026-09-03T17:59:53.418+0000] {dag.py:3947} INFO - Setting next_dagrun for steam_analytics_daily to 2026-09-03 02:00:00+00:00, run_after=2026-09-04 02:00:00+00:00
[2026-09-03T17:59:53.434+0000] {processor.py:183} INFO - Processing /opt/airflow/dags/steam_analytics.py took 0.277 seconds
[2026-09-03T18:00:23.564+0000] {processor.py:161} INFO - Started process (PID=1402) to work on /opt/airflow/dags/steam_analytics.py
[2026-09-03T18:00:23.565+0000] {processor.py:830} INFO - Processing file /opt/airflow/dags/steam_analytics.py for tasks to queue
[2026-09-03T18:00:23.566+0000] {logging_mixin.py:188} INFO - [2026-09-03T18:00:23.566+0000] {dagbag.py:545} INFO - Filling up the DagBag from /opt/airflow/dags/steam_analytics.py
[2026-09-03T18:00:23.704+0000] {processor.py:840} INFO - DAG(s) 'steam_analytics_daily' retrieved from /opt/airflow/dags/steam_analytics.py
[2026-09-03T18:00:23.732+0000] {logging_mixin.py:188} INFO - [2026-09-03T18:00:23.732+0000] {dag.py:3089} INFO - Sync 1 DAGs
[2026-09-03T18:00:23.866+0000] {logging_mixin.py:188} INFO - [2026-09-03T18:00:23.866+0000] {dag.py:3947} INFO - Setting next_dagrun for steam_analytics_daily to 2026-09-03 02:00:00+00:00, run_after=2026-09-04 02:00:00+00:00
[2026-09-03T18:00:23.883+0000] {processor.py:183} INFO - Processing /opt/airflow/dags/steam_analytics.py took 0.324 seconds
[2026-09-03T18:00:54.015+0000] {processor.py:161} INFO - Started process (PID=1407) to work on /opt/airflow/dags/steam_analytics.py
[2026-09-03T18:00:54.016+0000] {processor.py:830} INFO - Processing file /opt/airflow/dags/steam_analytics.py for tasks to queue
[2026-09-03T18:00:54.018+0000] {logging_mixin.py:188} INFO - [2026-09-03T18:00:54.017+0000] {dagbag.py:545} INFO - Filling up the DagBag from /opt/airflow/dags/steam_analytics.py
[2026-09-03T18:00:54.144+0000] {processor.py:840} INFO - DAG(s) 'steam_analytics_daily' retrieved from /opt/airflow/dags/steam_analytics.py
[2026-09-03T18:00:54.260+0000] {logging_mixin.py:188} INFO - [2026-09-03T18:00:54.260+0000] {dag.py:3089} INFO - Sync 1 DAGs
[2026-09-03T18:00:54.278+0000] {logging_mixin.py:188} INFO - [2026-09-03T18:00:54.278+0000] {dag.py:3947} INFO - Setting next_dagrun for steam_analytics_daily to 2026-09-03 02:00:00+00:00, run_after=2026-09-04 02:00:00+00:00
[2026-09-03T18:00:54.293+0000] {processor.py:183} INFO - Processing /opt/airflow/dags/steam_analytics.py took 0.282 seconds
[2026-09-03T18:01:24.423+0000] {processor.py:161} INFO - Started process (PID=1412) to work on /opt/airflow/dags/steam_analytics.py
[2026-09-03T18:01:24.424+0000] {processor.py:830} INFO - Processing file /opt/airflow/dags/steam_analytics.py for tasks to queue
[2026-09-03T18:01:24.426+0000] {logging_mixin.py:188} INFO - [2026-09-03T18:01:24.426+0000] {dagbag.py:545} INFO - Filling up the DagBag from /opt/airflow/dags/steam_analytics.py
[2026-09-03T18:01:24.687+0000] {processor.py:840} INFO - DAG(s) 'steam_analytics_daily' retrieved from /opt/airflow/dags/steam_analytics.py
[2026-09-03T18:01:24.710+0000] {logging_mixin.py:188} INFO - [2026-09-03T18:01:24.710+0000] {dag.py:3089} INFO - Sync 1 DAGs
[2026-09-03T18:01:24.728+0000] {logging_mixin.py:188} INFO - [2026-09-03T18:01:24.728+0000] {dag.py:3947} INFO - Setting next_dagrun for steam_analytics_daily to 2026-09-03 02:00:00+00:00, run_after=2026-09-04 02:00:00+00:00
[2026-09-03T18:01:24.744+0000] {processor.py:183} INFO - Processing /opt/airflow/dags/steam_analytics.py took 0.324 seconds
[2026-09-03T18:01:54.870+0000] {processor.py:161} INFO - Started process (PID=1417) to work on /opt/airflow/dags/steam_analytics.py
[2026-09-03T18:01:54.871+0000] {processor.py:830} INFO - Processing file /opt/airflow/dags/steam_analytics.py for tasks to queue
[2026-09-03T18:01:54.872+0000] {logging_mixin.py:188} INFO - [2026-09-03T18:01:54.872+0000] {dagbag.py:545} INFO - Filling up the DagBag from /opt/airflow/dags/steam_analytics.py
[2026-09-03T18:01:55.149+0000] {processor.py:840} INFO - DAG(s) 'steam_analytics_daily' retrieved from /opt/airflow/dags/steam_analytics.py
[2026-09-03T18:01:55.172+0000] {logging_mixin.py:188} INFO - [2026-09-03T18:01:55.172+0000] {dag.py:3089} INFO - Sync 1 DAGs
[2026-09-03T18:01:55.190+0000] {logging_mixin.py:188} INFO - [2026-09-03T18:01:55.190+0000] {dag.py:3947} INFO - Setting next_dagrun for steam_analytics_daily to 2026-09-03 02:00:00+00:00, run_after=2026-09-04 02:00:00+00:00
[2026-09-03T18:01:55.207+0000] {processor.py:183} INFO - Processing /opt/airflow/dags/steam_analytics.py took 0.341 seconds
[2026-09-03T18:02:25.338+0000] {processor.py:161} INFO - Started process (PID=1422) to work on /opt/airflow/dags/steam_analytics.py
[2026-09-03T18:02:25.339+0000] {processor.py:830} INFO - Processing file /opt/airflow/dags/steam_analytics.py for tasks to queue
[2026-09-03T18:02:25.341+0000] {logging_mixin.py:188} INFO - [2026-09-03T18:02:25.340+0000] {dagbag.py:545} INFO - Filling up the DagBag from /opt/airflow/dags/steam_analytics.py
[2026-09-03T18:02:25.578+0000] {processor.py:840} INFO - DAG(s) 'steam_analytics_daily' retrieved from /opt/airflow/dags/steam_analytics.py
[2026-09-03T18:02:25.600+0000] {logging_mixin.py:188} INFO - [2026-09-03T18:02:25.600+0000] {dag.py:3089} INFO - Sync 1 DAGs
[2026-09-03T18:02:25.618+0000] {logging_mixin.py:188} INFO - [2026-09-03T18:02:25.618+0000] {dag.py:3947} INFO - Setting next_dagrun for steam_analytics_daily to 2026-09-03 02:00:00+00:00, run_after=2026-09-04 02:00:00+00:00
[2026-09-03T18:02:25.632+0000] {processor.py:183} INFO - Processing /opt/airflow/dags/steam_analytics.py took 0.297 seconds
[2026-09-03T18:02:55.757+0000] {processor.py:161} INFO - Started process (PID=1427) to work on /opt/airflow/dags/steam_analytics.py
[2026-09-03T18:02:55.757+0000] {processor.py:830} INFO - Processing file /opt/airflow/dags/steam_analytics.py for tasks to queue
[2026-09-03T18:02:55.759+0000] {logging_mixin.py:188} INFO - [2026-09-03T18:02:55.759+0000] {dagbag.py:545} INFO - Filling up the DagBag from /opt/airflow/dags/steam_analytics.py
[2026-09-03T18:02:55.882+0000] {processor.py:840} INFO - DAG(s) 'steam_analytics_daily' retrieved from /opt/airflow/dags/steam_analytics.py
[2026-09-03T18:02:56.000+0000] {logging_mixin.py:188} INFO - [2026-09-03T18:02:55.999+0000] {dag.py:3089} INFO - Sync 1 DAGs
[2026-09-03T18:02:56.016+0000] {logging_mixin.py:188} INFO - [2026-09-03T18:02:56.016+0000] {dag.py:3947} INFO - Setting next_dagrun for steam_analytics_daily to 2026-09-03 02:00:00+00:00, run_after=2026-09-04 02:00:00+00:00
[2026-09-03T18:02:56.030+0000] {processor.py:183} INFO - Processing /opt/airflow/dags/steam_analytics.py took 0.277 seconds
[2026-09-03T18:03:26.157+0000] {processor.py:161} INFO - Started process (PID=1432) to work on /opt/airflow/dags/steam_analytics.py
[2026-09-03T18:03:26.158+0000] {processor.py:830} INFO - Processing file /opt/airflow/dags/steam_analytics.py for tasks to queue
[2026-09-03T18:03:26.159+0000] {logging_mixin.py:188} INFO - [2026-09-03T18:03:26.159+0000] {dagbag.py:545} INFO - Filling up the DagBag from /opt/airflow/dags/steam_analytics.py
[2026-09-03T18:03:26.377+0000] {processor.py:840} INFO - DAG(s) 'steam_analytics_daily' retrieved from /opt/airflow/dags/steam_analytics.py
[2026-09-03T18:03:26.398+0000] {logging_mixin.py:188} INFO - [2026-09-03T18:03:26.398+0000] {dag.py:3089} INFO - Sync 1 DAGs
[2026-09-03T18:03:26.414+0000] {logging_mixin.py:188} INFO - [2026-09-03T18:03:26.414+0000] {dag.py:3947} INFO - Setting next_dagrun for steam_analytics_daily to 2026-09-03 02:00:00+00:00, run_after=2026-09-04 02:00:00+00:00
[2026-09-03T18:03:26.428+0000] {processor.py:183} INFO - Processing /opt/airflow/dags/steam_analytics.py took 0.275 seconds
[2026-09-03T18:03:56.551+0000] {processor.py:161} INFO - Started process (PID=1437) to work on /opt/airflow/dags/steam_analytics.py
[2026-09-03T18:03:56.552+0000] {processor.py:830} INFO - Processing file /opt/airflow/dags/steam_analytics.py for tasks to queue
[2026-09-03T18:03:56.553+0000] {logging_mixin.py:188} INFO - [2026-09-03T18:03:56.553+0000] {dagbag.py:545} INFO - Filling up the DagBag from /opt/airflow/dags/steam_analytics.py
[2026-09-03T18:03:56.768+0000] {processor.py:840} INFO - DAG(s) 'steam_analytics_daily' retrieved from /opt/airflow/dags/steam_analytics.py
[2026-09-03T18:03:56.789+0000] {logging_mixin.py:188} INFO - [2026-09-03T18:03:56.788+0000] {dag.py:3089} INFO - Sync 1 DAGs
[2026-09-03T18:03:56.805+0000] {logging_mixin.py:188} INFO - [2026-09-03T18:03:56.805+0000] {dag.py:3947} INFO - Setting next_dagrun for steam_analytics_daily to 2026-09-03 02:00:00+00:00, run_after=2026-09-04 02:00:00+00:00
[2026-09-03T18:03:56.819+0000] {processor.py:183} INFO - Processing /opt/airflow/dags/steam_analytics.py took 0.271 seconds
[2026-09-03T18:04:26.944+0000] {processor.py:161} INFO - Started process (PID=1442) to work on /opt/airflow/dags/steam_analytics.py
[2026-09-03T18:04:26.945+0000] {processor.py:830} INFO - Processing file /opt/airflow/dags/steam_analytics.py for tasks to queue
[2026-09-03T18:04:26.946+0000] {logging_mixin.py:188} INFO - [2026-09-03T18:04:26.946+0000] {dagbag.py:545} INFO - Filling up the DagBag from /opt/airflow/dags/steam_analytics.py
[2026-09-03T18:04:27.181+0000] {processor.py:840} INFO - DAG(s) 'steam_analytics_daily' retrieved from /opt/airflow/dags/steam_analytics.py
[2026-09-03T18:04:27.206+0000] {logging_mixin.py:188} INFO - [2026-09-03T18:04:27.205+0000] {dag.py:3089} INFO - Sync 1 DAGs
[2026-09-03T18:04:27.230+0000] {logging_mixin.py:188} INFO - [2026-09-03T18:04:27.229+0000] {dag.py:3947} INFO - Setting next_dagrun for steam_analytics_daily to 2026-09-03 02:00:00+00:00, run_after=2026-09-04 02:00:00+00:00
[2026-09-03T18:04:27.248+0000] {processor.py:183} INFO - Processing /opt/airflow/dags/steam_analytics.py took 0.309 seconds
[2026-09-03T18:04:57.380+0000] {processor.py:161} INFO - Started process (PID=1447) to work on /opt/airflow/dags/steam_analytics.py
[2026-09-03T18:04:57.380+0000] {processor.py:830} INFO - Processing file /opt/airflow/dags/steam_analytics.py for tasks to queue
[2026-09-03T18:04:57.382+0000] {logging_mixin.py:188} INFO - [2026-09-03T18:04:57.381+0000] {dagbag.py:545} INFO - Filling up the DagBag from /opt/airflow/dags/steam_analytics.py
[2026-09-03T18:04:57.623+0000] {processor.py:840} INFO - DAG(s) 'steam_analytics_daily' retrieved from /opt/airflow/dags/steam_analytics.py
[2026-09-03T18:04:57.645+0000] {logging_mixin.py:188} INFO - [2026-09-03T18:04:57.644+0000] {dag.py:3089} INFO - Sync 1 DAGs
[2026-09-03T18:04:57.661+0000] {logging_mixin.py:188} INFO - [2026-09-03T18:04:57.661+0000] {dag.py:3947} INFO - Setting next_dagrun for steam_analytics_daily to 2026-09-03 02:00:00+00:00, run_after=2026-09-04 02:00:00+00:00
[2026-09-03T18:04:57.675+0000] {processor.py:183} INFO - Processing /opt/airflow/dags/steam_analytics.py took 0.299 seconds
[2026-09-03T18:05:27.801+0000] {processor.py:161} INFO - Started process (PID=1452) to work on /opt/airflow/dags/steam_analytics.py
[2026-09-03T18:05:27.802+0000] {processor.py:830} INFO - Processing file /opt/airflow/dags/steam_analytics.py for tasks to queue
[2026-09-03T18:05:27.803+0000] {logging_mixin.py:188} INFO - [2026-09-03T18:05:27.803+0000] {dagbag.py:545} INFO - Filling up the DagBag from /opt/airflow/dags/steam_analytics.py
[2026-09-03T18:05:27.937+0000] {processor.py:840} INFO - DAG(s) 'steam_analytics_daily' retrieved from /opt/airflow/dags/steam_analytics.py
[2026-09-03T18:05:28.062+0000] {logging_mixin.py:188} INFO - [2026-09-03T18:05:28.061+0000] {dag.py:3089} INFO - Sync 1 DAGs
[2026-09-03T18:05:28.080+0000] {logging_mixin.py:188} INFO - [2026-09-03T18:05:28.080+0000] {dag.py:3947} INFO - Setting next_dagrun for steam_analytics_daily to 2026-09-03 02:00:00+00:00, run_after=2026-09-04 02:00:00+00:00
[2026-09-03T18:05:28.095+0000] {processor.py:183} INFO - Processing /opt/airflow/dags/steam_analytics.py took 0.298 seconds
[2026-09-03T18:05:58.227+0000] {processor.py:161} INFO - Started process (PID=1457) to work on /opt/airflow/dags/steam_analytics.py
[2026-09-03T18:05:58.228+0000] {processor.py:830} INFO - Processing file /opt/airflow/dags/steam_analytics.py for tasks to queue
[2026-09-03T18:05:58.229+0000] {logging_mixin.py:188} INFO - [2026-09-03T18:05:58.229+0000] {dagbag.py:545} INFO - Filling up the DagBag from /opt/airflow/dags/steam_analytics.py
[2026-09-03T18:05:58.465+0000] {processor.py:840} INFO - DAG(s) 'steam_analytics_daily' retrieved from /opt/airflow/dags/steam_analytics.py
[2026-09-03T18:05:58.487+0000] {logging_mixin.py:188} INFO - [2026-09-03T18:05:58.486+0000] {dag.py:3089} INFO - Sync 1 DAGs
[2026-09-03T18:05:58.505+0000] {logging_mixin.py:188} INFO - [2026-09-03T18:05:58.505+0000] {dag.py:3947} INFO - Setting next_dagrun for steam_analytics_daily to 2026-09-03 02:00:00+00:00, run_after=2026-09-04 02:00:00+00:00
[2026-09-03T18:05:58.521+0000] {processor.py:183} INFO - Processing /opt/airflow/dags/steam_analytics.py took 0.298 seconds
[2026-09-03T18:06:28.646+0000] {processor.py:161} INFO - Started process (PID=1462) to work on /opt/airflow/dags/steam_analytics.py
[2026-09-03T18:06:28.647+0000] {processor.py:830} INFO - Processing file /opt/airflow/dags/steam_analytics.py for tasks to queue
[2026-09-03T18:06:28.648+0000] {logging_mixin.py:188} INFO - [2026-09-03T18:06:28.648+0000] {dagbag.py:545} INFO - Filling up the DagBag from /opt/airflow/dags/steam_analytics.py
[2026-09-03T18:06:28.866+0000] {processor.py:840} INFO - DAG(s) 'steam_analytics_daily' retrieved from /opt/airflow/dags/steam_analytics.py
[2026-09-03T18:06:28.888+0000] {logging_mixin.py:188} INFO - [2026-09-03T18:06:28.887+0000] {dag.py:3089} INFO - Sync 1 DAGs
[2026-09-03T18:06:28.905+0000] {logging_mixin.py:188} INFO - [2026-09-03T18:06:28.905+0000] {dag.py:3947} INFO - Setting next_dagrun for steam_analytics_daily to 2026-09-03 02:00:00+00:00, run_after=2026-09-04 02:00:00+00:00
[2026-09-03T18:06:28.919+0000] {processor.py:183} INFO - Processing /opt/airflow/dags/steam_analytics.py took 0.277 seconds
[2026-09-03T18:06:59.045+0000] {processor.py:161} INFO - Started process (PID=1467) to work on /opt/airflow/dags/steam_analytics.py
[2026-09-03T18:06:59.046+0000] {processor.py:830} INFO - Processing file /opt/airflow/dags/steam_analytics.py for tasks to queue
[2026-09-03T18:06:59.047+0000] {logging_mixin.py:188} INFO - [2026-09-03T18:06:59.047+0000] {dagbag.py:545} INFO - Filling up the DagBag from /opt/airflow/dags/steam_analytics.py
[2026-09-03T18:06:59.267+0000] {processor.py:840} INFO - DAG(s) 'steam_analytics_daily' retrieved from /opt/airflow/dags/steam_analytics.py
[2026-09-03T18:06:59.288+0000] {logging_mixin.py:188} INFO - [2026-09-03T18:06:59.287+0000] {dag.py:3089} INFO - Sync 1 DAGs
[2026-09-03T18:06:59.305+0000] {logging_mixin.py:188} INFO - [2026-09-03T18:06:59.305+0000] {dag.py:3947} INFO - Setting next_dagrun for steam_analytics_daily to 2026-09-03 02:00:00+00:00, run_after=2026-09-04 02:00:00+00:00
[2026-09-03T18:06:59.318+0000] {processor.py:183} INFO - Processing /opt/airflow/dags/steam_analytics.py took 0.277 seconds
[2026-09-03T18:07:29.443+0000] {processor.py:161} INFO - Started process (PID=1472) to work on /opt/airflow/dags/steam_analytics.py
[2026-09-03T18:07:29.444+0000] {processor.py:830} INFO - Processing file /opt/airflow/dags/steam_analytics.py for tasks to queue
[2026-09-03T18:07:29.445+0000] {logging_mixin.py:188} INFO - [2026-09-03T18:07:29.445+0000] {dagbag.py:545} INFO - Filling up the DagBag from /opt/airflow/dags/steam_analytics.py
[2026-09-03T18:07:29.580+0000] {processor.py:840} INFO - DAG(s) 'steam_analytics_daily' retrieved from /opt/airflow/dags/steam_analytics.py
[2026-09-03T18:07:29.731+0000] {logging_mixin.py:188} INFO - [2026-09-03T18:07:29.731+0000] {dag.py:3089} INFO - Sync 1 DAGs
[2026-09-03T18:07:29.748+0000] {logging_mixin.py:188} INFO - [2026-09-03T18:07:29.747+0000] {dag.py:3947} INFO - Setting next_dagrun for steam_analytics_daily to 2026-09-03 02:00:00+00:00, run_after=2026-09-04 02:00:00+00:00
[2026-09-03T18:07:29.762+0000] {processor.py:183} INFO - Processing /opt/airflow/dags/steam_analytics.py took 0.323 seconds
[2026-09-03T18:07:59.883+0000] {processor.py:161} INFO - Started process (PID=1477) to work on /opt/airflow/dags/steam_analytics.py
[2026-09-03T18:07:59.884+0000] {processor.py:830} INFO - Processing file /opt/airflow/dags/steam_analytics.py for tasks to queue
[2026-09-03T18:07:59.885+0000] {logging_mixin.py:188} INFO - [2026-09-03T18:07:59.885+0000] {dagbag.py:545} INFO - Filling up the DagBag from /opt/airflow/dags/steam_analytics.py
[2026-09-03T18:08:00.100+0000] {processor.py:840} INFO - DAG(s) 'steam_analytics_daily' retrieved from /opt/airflow/dags/steam_analytics.py
[2026-09-03T18:08:00.122+0000] {logging_mixin.py:188} INFO - [2026-09-03T18:08:00.122+0000] {dag.py:3089} INFO - Sync 1 DAGs
[2026-09-03T18:08:00.138+0000] {logging_mixin.py:188} INFO - [2026-09-03T18:08:00.138+0000] {dag.py:3947} INFO - Setting next_dagrun for steam_analytics_daily to 2026-09-03 02:00:00+00:00, run_after=2026-09-04 02:00:00+00:00
[2026-09-03T18:08:00.152+0000] {processor.py:183} INFO - Processing /opt/airflow/dags/steam_analytics.py took 0.273 seconds
[2026-09-03T18:08:30.273+0000] {processor.py:161} INFO - Started process (PID=1482) to work on /opt/airflow/dags/steam_analytics.py
[2026-09-03T18:08:30.274+0000] {processor.py:830} INFO - Processing file /opt/airflow/dags/steam_analytics.py for tasks to queue
[2026-09-03T18:08:30.275+0000] {logging_mixin.py:188} INFO - [2026-09-03T18:08:30.275+0000] {dagbag.py:545} INFO - Filling up the DagBag from /opt/airflow/dags/steam_analytics.py
[2026-09-03T18:08:30.520+0000] {processor.py:840} INFO - DAG(s) 'steam_analytics_daily' retrieved from /opt/airflow/dags/steam_analytics.py
[2026-09-03T18:08:30.542+0000] {logging_mixin.py:188} INFO - [2026-09-03T18:08:30.542+0000] {dag.py:3089} INFO - Sync 1 DAGs
[2026-09-03T18:08:30.561+0000] {logging_mixin.py:188} INFO - [2026-09-03T18:08:30.560+0000] {dag.py:3947} INFO - Setting next_dagrun for steam_analytics_daily to 2026-09-03 02:00:00+00:00, run_after=2026-09-04 02:00:00+00:00
[2026-09-03T18:08:30.576+0000] {processor.py:183} INFO - Processing /opt/airflow/dags/steam_analytics.py took 0.307 seconds
[2026-09-03T18:09:00.704+0000] {processor.py:161} INFO - Started process (PID=1487) to work on /opt/airflow/dags/steam_analytics.py
[2026-09-03T18:09:00.705+0000] {processor.py:830} INFO - Processing file /opt/airflow/dags/steam_analytics.py for tasks to queue
[2026-09-03T18:09:00.707+0000] {logging_mixin.py:188} INFO - [2026-09-03T18:09:00.707+0000] {dagbag.py:545} INFO - Filling up the DagBag from /opt/airflow/dags/steam_analytics.py
[2026-09-03T18:09:00.966+0000] {processor.py:840} INFO - DAG(s) 'steam_analytics_daily' retrieved from /opt/airflow/dags/steam_analytics.py
[2026-09-03T18:09:00.987+0000] {logging_mixin.py:188} INFO - [2026-09-03T18:09:00.987+0000] {dag.py:3089} INFO - Sync 1 DAGs
[2026-09-03T18:09:01.008+0000] {logging_mixin.py:188} INFO - [2026-09-03T18:09:01.008+0000] {dag.py:3947} INFO - Setting next_dagrun for steam_analytics_daily to 2026-09-03 02:00:00+00:00, run_after=2026-09-04 02:00:00+00:00
[2026-09-03T18:09:01.023+0000] {processor.py:183} INFO - Processing /opt/airflow/dags/steam_analytics.py took 0.324 seconds
[2026-09-03T18:09:31.147+0000] {processor.py:161} INFO - Started process (PID=1492) to work on /opt/airflow/dags/steam_analytics.py
[2026-09-03T18:09:31.147+0000] {processor.py:830} INFO - Processing file /opt/airflow/dags/steam_analytics.py for tasks to queue
[2026-09-03T18:09:31.149+0000] {logging_mixin.py:188} INFO - [2026-09-03T18:09:31.148+0000] {dagbag.py:545} INFO - Filling up the DagBag from /opt/airflow/dags/steam_analytics.py
[2026-09-03T18:09:31.372+0000] {processor.py:840} INFO - DAG(s) 'steam_analytics_daily' retrieved from /opt/airflow/dags/steam_analytics.py
[2026-09-03T18:09:31.395+0000] {logging_mixin.py:188} INFO - [2026-09-03T18:09:31.394+0000] {dag.py:3089} INFO - Sync 1 DAGs
[2026-09-03T18:09:31.413+0000] {logging_mixin.py:188} INFO - [2026-09-03T18:09:31.412+0000] {dag.py:3947} INFO - Setting next_dagrun for steam_analytics_daily to 2026-09-03 02:00:00+00:00, run_after=2026-09-04 02:00:00+00:00
[2026-09-03T18:09:31.427+0000] {processor.py:183} INFO - Processing /opt/airflow/dags/steam_analytics.py took 0.284 seconds
[2026-09-03T18:10:01.561+0000] {processor.py:161} INFO - Started process (PID=1497) to work on /opt/airflow/dags/steam_analytics.py
[2026-09-03T18:10:01.561+0000] {processor.py:830} INFO - Processing file /opt/airflow/dags/steam_analytics.py for tasks to queue
[2026-09-03T18:10:01.563+0000] {logging_mixin.py:188} INFO - [2026-09-03T18:10:01.563+0000] {dagbag.py:545} INFO - Filling up the DagBag from /opt/airflow/dags/steam_analytics.py
[2026-09-03T18:10:01.795+0000] {processor.py:840} INFO - DAG(s) 'steam_analytics_daily' retrieved from /opt/airflow/dags/steam_analytics.py
[2026-09-03T18:10:01.819+0000] {logging_mixin.py:188} INFO - [2026-09-03T18:10:01.819+0000] {dag.py:3089} INFO - Sync 1 DAGs
[2026-09-03T18:10:01.837+0000] {logging_mixin.py:188} INFO - [2026-09-03T18:10:01.837+0000] {dag.py:3947} INFO - Setting next_dagrun for steam_analytics_daily to 2026-09-03 02:00:00+00:00, run_after=2026-09-04 02:00:00+00:00
[2026-09-03T18:10:01.851+0000] {processor.py:183} INFO - Processing /opt/airflow/dags/steam_analytics.py took 0.294 seconds
[2026-09-03T18:10:31.979+0000] {processor.py:161} INFO - Started process (PID=1502) to work on /opt/airflow/dags/steam_analytics.py
[2026-09-03T18:10:31.979+0000] {processor.py:830} INFO - Processing file /opt/airflow/dags/steam_analytics.py for tasks to queue
[2026-09-03T18:10:31.981+0000] {logging_mixin.py:188} INFO - [2026-09-03T18:10:31.981+0000] {dagbag.py:545} INFO - Filling up the DagBag from /opt/airflow/dags/steam_analytics.py
[2026-09-03T18:10:32.232+0000] {processor.py:840} INFO - DAG(s) 'steam_analytics_daily' retrieved from /opt/airflow/dags/steam_analytics.py
[2026-09-03T18:10:32.254+0000] {logging_mixin.py:188} INFO - [2026-09-03T18:10:32.253+0000] {dag.py:3089} INFO - Sync 1 DAGs
[2026-09-03T18:10:32.270+0000] {logging_mixin.py:188} INFO - [2026-09-03T18:10:32.270+0000] {dag.py:3947} INFO - Setting next_dagrun for steam_analytics_daily to 2026-09-03 02:00:00+00:00, run_after=2026-09-04 02:00:00+00:00
[2026-09-03T18:10:32.283+0000] {processor.py:183} INFO - Processing /opt/airflow/dags/steam_analytics.py took 0.308 seconds
[2026-09-03T18:11:02.407+0000] {processor.py:161} INFO - Started process (PID=1507) to work on /opt/airflow/dags/steam_analytics.py
[2026-09-03T18:11:02.408+0000] {processor.py:830} INFO - Processing file /opt/airflow/dags/steam_analytics.py for tasks to queue
[2026-09-03T18:11:02.409+0000] {logging_mixin.py:188} INFO - [2026-09-03T18:11:02.409+0000] {dagbag.py:545} INFO - Filling up the DagBag from /opt/airflow/dags/steam_analytics.py
[2026-09-03T18:11:02.645+0000] {processor.py:840} INFO - DAG(s) 'steam_analytics_daily' retrieved from /opt/airflow/dags/steam_analytics.py
[2026-09-03T18:11:02.666+0000] {logging_mixin.py:188} INFO - [2026-09-03T18:11:02.665+0000] {dag.py:3089} INFO - Sync 1 DAGs
[2026-09-03T18:11:02.682+0000] {logging_mixin.py:188} INFO - [2026-09-03T18:11:02.682+0000] {dag.py:3947} INFO - Setting next_dagrun for steam_analytics_daily to 2026-09-03 02:00:00+00:00, run_after=2026-09-04 02:00:00+00:00
[2026-09-03T18:11:02.696+0000] {processor.py:183} INFO - Processing /opt/airflow/dags/steam_analytics.py took 0.293 seconds
[2026-09-03T18:11:32.818+0000] {processor.py:161} INFO - Started process (PID=1512) to work on /opt/airflow/dags/steam_analytics.py
[2026-09-03T18:11:32.818+0000] {processor.py:830} INFO - Processing file /opt/airflow/dags/steam_analytics.py for tasks to queue
[2026-09-03T18:11:32.820+0000] {logging_mixin.py:188} INFO - [2026-09-03T18:11:32.820+0000] {dagbag.py:545} INFO - Filling up the DagBag from /opt/airflow/dags/steam_analytics.py
[2026-09-03T18:11:33.062+0000] {processor.py:840} INFO - DAG(s) 'steam_analytics_daily' retrieved from /opt/airflow/dags/steam_analytics.py
[2026-09-03T18:11:33.085+0000] {logging_mixin.py:188} INFO - [2026-09-03T18:11:33.085+0000] {dag.py:3089} INFO - Sync 1 DAGs
[2026-09-03T18:11:33.103+0000] {logging_mixin.py:188} INFO - [2026-09-03T18:11:33.102+0000] {dag.py:3947} INFO - Setting next_dagrun for steam_analytics_daily to 2026-09-03 02:00:00+00:00, run_after=2026-09-04 02:00:00+00:00
[2026-09-03T18:11:33.117+0000] {processor.py:183} INFO - Processing /opt/airflow/dags/steam_analytics.py took 0.304 seconds
[2026-09-03T18:12:03.244+0000] {processor.py:161} INFO - Started process (PID=1517) to work on /opt/airflow/dags/steam_analytics.py
[2026-09-03T18:12:03.245+0000] {processor.py:830} INFO - Processing file /opt/airflow/dags/steam_analytics.py for tasks to queue
[2026-09-03T18:12:03.246+0000] {logging_mixin.py:188} INFO - [2026-09-03T18:12:03.246+0000] {dagbag.py:545} INFO - Filling up the DagBag from /opt/airflow/dags/steam_analytics.py
[2026-09-03T18:12:03.468+0000] {processor.py:840} INFO - DAG(s) 'steam_analytics_daily' retrieved from /opt/airflow/dags/steam_analytics.py
[2026-09-03T18:12:03.489+0000] {logging_mixin.py:188} INFO - [2026-09-03T18:12:03.489+0000] {dag.py:3089} INFO - Sync 1 DAGs
[2026-09-03T18:12:03.505+0000] {logging_mixin.py:188} INFO - [2026-09-03T18:12:03.505+0000] {dag.py:3947} INFO - Setting next_dagrun for steam_analytics_daily to 2026-09-03 02:00:00+00:00, run_after=2026-09-04 02:00:00+00:00
[2026-09-03T18:12:03.520+0000] {processor.py:183} INFO - Processing /opt/airflow/dags/steam_analytics.py took 0.280 seconds
[2026-09-03T18:12:33.649+0000] {processor.py:161} INFO - Started process (PID=1522) to work on /opt/airflow/dags/steam_analytics.py
[2026-09-03T18:12:33.650+0000] {processor.py:830} INFO - Processing file /opt/airflow/dags/steam_analytics.py for tasks to queue
[2026-09-03T18:12:33.652+0000] {logging_mixin.py:188} INFO - [2026-09-03T18:12:33.652+0000] {dagbag.py:545} INFO - Filling up the DagBag from /opt/airflow/dags/steam_analytics.py
[2026-09-03T18:12:33.909+0000] {processor.py:840} INFO - DAG(s) 'steam_analytics_daily' retrieved from /opt/airflow/dags/steam_analytics.py
[2026-09-03T18:12:33.935+0000] {logging_mixin.py:188} INFO - [2026-09-03T18:12:33.934+0000] {dag.py:3089} INFO - Sync 1 DAGs
[2026-09-03T18:12:33.957+0000] {logging_mixin.py:188} INFO - [2026-09-03T18:12:33.957+0000] {dag.py:3947} INFO - Setting next_dagrun for steam_analytics_daily to 2026-09-03 02:00:00+00:00, run_after=2026-09-04 02:00:00+00:00
[2026-09-03T18:12:33.971+0000] {processor.py:183} INFO - Processing /opt/airflow/dags/steam_analytics.py took 0.328 seconds
[2026-09-03T18:13:04.100+0000] {processor.py:161} INFO - Started process (PID=1527) to work on /opt/airflow/dags/steam_analytics.py
[2026-09-03T18:13:04.100+0000] {processor.py:830} INFO - Processing file /opt/airflow/dags/steam_analytics.py for tasks to queue
[2026-09-03T18:13:04.101+0000] {logging_mixin.py:188} INFO - [2026-09-03T18:13:04.101+0000] {dagbag.py:545} INFO - Filling up the DagBag from /opt/airflow/dags/steam_analytics.py
[2026-09-03T18:13:04.331+0000] {processor.py:840} INFO - DAG(s) 'steam_analytics_daily' retrieved from /opt/airflow/dags/steam_analytics.py
[2026-09-03T18:13:04.354+0000] {logging_mixin.py:188} INFO - [2026-09-03T18:13:04.353+0000] {dag.py:3089} INFO - Sync 1 DAGs
[2026-09-03T18:13:04.372+0000] {logging_mixin.py:188} INFO - [2026-09-03T18:13:04.372+0000] {dag.py:3947} INFO - Setting next_dagrun for steam_analytics_daily to 2026-09-03 02:00:00+00:00, run_after=2026-09-04 02:00:00+00:00
[2026-09-03T18:13:04.386+0000] {processor.py:183} INFO - Processing /opt/airflow/dags/steam_analytics.py took 0.290 seconds
[2026-09-03T18:13:34.526+0000] {processor.py:161} INFO - Started process (PID=1532) to work on /opt/airflow/dags/steam_analytics.py
[2026-09-03T18:13:34.526+0000] {processor.py:830} INFO - Processing file /opt/airflow/dags/steam_analytics.py for tasks to queue
[2026-09-03T18:13:34.528+0000] {logging_mixin.py:188} INFO - [2026-09-03T18:13:34.527+0000] {dagbag.py:545} INFO - Filling up the DagBag from /opt/airflow/dags/steam_analytics.py
[2026-09-03T18:13:34.760+0000] {processor.py:840} INFO - DAG(s) 'steam_analytics_daily' retrieved from /opt/airflow/dags/steam_analytics.py
[2026-09-03T18:13:34.782+0000] {logging_mixin.py:188} INFO - [2026-09-03T18:13:34.781+0000] {dag.py:3089} INFO - Sync 1 DAGs
[2026-09-03T18:13:34.799+0000] {logging_mixin.py:188} INFO - [2026-09-03T18:13:34.799+0000] {dag.py:3947} INFO - Setting next_dagrun for steam_analytics_daily to 2026-09-03 02:00:00+00:00, run_after=2026-09-04 02:00:00+00:00
[2026-09-03T18:13:34.813+0000] {processor.py:183} INFO - Processing /opt/airflow/dags/steam_analytics.py took 0.291 seconds
[2026-09-03T18:14:04.933+0000] {processor.py:161} INFO - Started process (PID=1537) to work on /opt/airflow/dags/steam_analytics.py
[2026-09-03T18:14:04.934+0000] {processor.py:830} INFO - Processing file /opt/airflow/dags/steam_analytics.py for tasks to queue
[2026-09-03T18:14:04.935+0000] {logging_mixin.py:188} INFO - [2026-09-03T18:14:04.935+0000] {dagbag.py:545} INFO - Filling up the DagBag from /opt/airflow/dags/steam_analytics.py
[2026-09-03T18:14:05.173+0000] {processor.py:840} INFO - DAG(s) 'steam_analytics_daily' retrieved from /opt/airflow/dags/steam_analytics.py
[2026-09-03T18:14:05.195+0000] {logging_mixin.py:188} INFO - [2026-09-03T18:14:05.195+0000] {dag.py:3089} INFO - Sync 1 DAGs
[2026-09-03T18:14:05.212+0000] {logging_mixin.py:188} INFO - [2026-09-03T18:14:05.212+0000] {dag.py:3947} INFO - Setting next_dagrun for steam_analytics_daily to 2026-09-03 02:00:00+00:00, run_after=2026-09-04 02:00:00+00:00
[2026-09-03T18:14:05.227+0000] {processor.py:183} INFO - Processing /opt/airflow/dags/steam_analytics.py took 0.297 seconds
[2026-09-03T18:14:35.356+0000] {processor.py:161} INFO - Started process (PID=1542) to work on /opt/airflow/dags/steam_analytics.py
[2026-09-03T18:14:35.357+0000] {processor.py:830} INFO - Processing file /opt/airflow/dags/steam_analytics.py for tasks to queue
[2026-09-03T18:14:35.358+0000] {logging_mixin.py:188} INFO - [2026-09-03T18:14:35.358+0000] {dagbag.py:545} INFO - Filling up the DagBag from /opt/airflow/dags/steam_analytics.py
[2026-09-03T18:14:35.582+0000] {processor.py:840} INFO - DAG(s) 'steam_analytics_daily' retrieved from /opt/airflow/dags/steam_analytics.py
[2026-09-03T18:14:35.604+0000] {logging_mixin.py:188} INFO - [2026-09-03T18:14:35.604+0000] {dag.py:3089} INFO - Sync 1 DAGs
[2026-09-03T18:14:35.621+0000] {logging_mixin.py:188} INFO - [2026-09-03T18:14:35.620+0000] {dag.py:3947} INFO - Setting next_dagrun for steam_analytics_daily to 2026-09-03 02:00:00+00:00, run_after=2026-09-04 02:00:00+00:00
[2026-09-03T18:14:35.636+0000] {processor.py:183} INFO - Processing /opt/airflow/dags/steam_analytics.py took 0.284 seconds
[2026-09-03T18:15:05.762+0000] {processor.py:161} INFO - Started process (PID=1547) to work on /opt/airflow/dags/steam_analytics.py
[2026-09-03T18:15:05.763+0000] {processor.py:830} INFO - Processing file /opt/airflow/dags/steam_analytics.py for tasks to queue
[2026-09-03T18:15:05.765+0000] {logging_mixin.py:188} INFO - [2026-09-03T18:15:05.764+0000] {dagbag.py:545} INFO - Filling up the DagBag from /opt/airflow/dags/steam_analytics.py
[2026-09-03T18:15:06.017+0000] {processor.py:840} INFO - DAG(s) 'steam_analytics_daily' retrieved from /opt/airflow/dags/steam_analytics.py
[2026-09-03T18:15:06.038+0000] {logging_mixin.py:188} INFO - [2026-09-03T18:15:06.038+0000] {dag.py:3089} INFO - Sync 1 DAGs
[2026-09-03T18:15:06.054+0000] {logging_mixin.py:188} INFO - [2026-09-03T18:15:06.054+0000] {dag.py:3947} INFO - Setting next_dagrun for steam_analytics_daily to 2026-09-03 02:00:00+00:00, run_after=2026-09-04 02:00:00+00:00
[2026-09-03T18:15:06.069+0000] {processor.py:183} INFO - Processing /opt/airflow/dags/steam_analytics.py took 0.312 seconds
[2026-09-03T18:15:36.199+0000] {processor.py:161} INFO - Started process (PID=1552) to work on /opt/airflow/dags/steam_analytics.py
[2026-09-03T18:15:36.200+0000] {processor.py:830} INFO - Processing file /opt/airflow/dags/steam_analytics.py for tasks to queue
[2026-09-03T18:15:36.201+0000] {logging_mixin.py:188} INFO - [2026-09-03T18:15:36.201+0000] {dagbag.py:545} INFO - Filling up the DagBag from /opt/airflow/dags/steam_analytics.py
[2026-09-03T18:15:36.454+0000] {processor.py:840} INFO - DAG(s) 'steam_analytics_daily' retrieved from /opt/airflow/dags/steam_analytics.py
[2026-09-03T18:15:36.478+0000] {logging_mixin.py:188} INFO - [2026-09-03T18:15:36.477+0000] {dag.py:3089} INFO - Sync 1 DAGs
[2026-09-03T18:15:36.496+0000] {logging_mixin.py:188} INFO - [2026-09-03T18:15:36.496+0000] {dag.py:3947} INFO - Setting next_dagrun for steam_analytics_daily to 2026-09-03 02:00:00+00:00, run_after=2026-09-04 02:00:00+00:00
[2026-09-03T18:15:36.510+0000] {processor.py:183} INFO - Processing /opt/airflow/dags/steam_analytics.py took 0.316 seconds
[2026-09-03T18:16:06.637+0000] {processor.py:161} INFO - Started process (PID=1557) to work on /opt/airflow/dags/steam_analytics.py
[2026-09-03T18:16:06.638+0000] {processor.py:830} INFO - Processing file /opt/airflow/dags/steam_analytics.py for tasks to queue
[2026-09-03T18:16:06.639+0000] {logging_mixin.py:188} INFO - [2026-09-03T18:16:06.639+0000] {dagbag.py:545} INFO - Filling up the DagBag from /opt/airflow/dags/steam_analytics.py
[2026-09-03T18:16:06.877+0000] {processor.py:840} INFO - DAG(s) 'steam_analytics_daily' retrieved from /opt/airflow/dags/steam_analytics.py
[2026-09-03T18:16:06.899+0000] {logging_mixin.py:188} INFO - [2026-09-03T18:16:06.899+0000] {dag.py:3089} INFO - Sync 1 DAGs
[2026-09-03T18:16:06.916+0000] {logging_mixin.py:188} INFO - [2026-09-03T18:16:06.916+0000] {dag.py:3947} INFO - Setting next_dagrun for steam_analytics_daily to 2026-09-03 02:00:00+00:00, run_after=2026-09-04 02:00:00+00:00
[2026-09-03T18:16:06.931+0000] {processor.py:183} INFO - Processing /opt/airflow/dags/steam_analytics.py took 0.298 seconds
[2026-09-03T18:16:37.062+0000] {processor.py:161} INFO - Started process (PID=1562) to work on /opt/airflow/dags/steam_analytics.py
[2026-09-03T18:16:37.063+0000] {processor.py:830} INFO - Processing file /opt/airflow/dags/steam_analytics.py for tasks to queue
[2026-09-03T18:16:37.065+0000] {logging_mixin.py:188} INFO - [2026-09-03T18:16:37.064+0000] {dagbag.py:545} INFO - Filling up the DagBag from /opt/airflow/dags/steam_analytics.py
[2026-09-03T18:16:37.285+0000] {processor.py:840} INFO - DAG(s) 'steam_analytics_daily' retrieved from /opt/airflow/dags/steam_analytics.py
[2026-09-03T18:16:37.305+0000] {logging_mixin.py:188} INFO - [2026-09-03T18:16:37.305+0000] {dag.py:3089} INFO - Sync 1 DAGs
[2026-09-03T18:16:37.321+0000] {logging_mixin.py:188} INFO - [2026-09-03T18:16:37.321+0000] {dag.py:3947} INFO - Setting next_dagrun for steam_analytics_daily to 2026-09-03 02:00:00+00:00, run_after=2026-09-04 02:00:00+00:00
[2026-09-03T18:16:37.335+0000] {processor.py:183} INFO - Processing /opt/airflow/dags/steam_analytics.py took 0.277 seconds
[2026-09-03T18:17:07.454+0000] {processor.py:161} INFO - Started process (PID=1567) to work on /opt/airflow/dags/steam_analytics.py
[2026-09-03T18:17:07.454+0000] {processor.py:830} INFO - Processing file /opt/airflow/dags/steam_analytics.py for tasks to queue
[2026-09-03T18:17:07.456+0000] {logging_mixin.py:188} INFO - [2026-09-03T18:17:07.455+0000] {dagbag.py:545} INFO - Filling up the DagBag from /opt/airflow/dags/steam_analytics.py
[2026-09-03T18:17:07.707+0000] {processor.py:840} INFO - DAG(s) 'steam_analytics_daily' retrieved from /opt/airflow/dags/steam_analytics.py
[2026-09-03T18:17:07.728+0000] {logging_mixin.py:188} INFO - [2026-09-03T18:17:07.727+0000] {dag.py:3089} INFO - Sync 1 DAGs
[2026-09-03T18:17:07.744+0000] {logging_mixin.py:188} INFO - [2026-09-03T18:17:07.744+0000] {dag.py:3947} INFO - Setting next_dagrun for steam_analytics_daily to 2026-09-03 02:00:00+00:00, run_after=2026-09-04 02:00:00+00:00
[2026-09-03T18:17:07.759+0000] {processor.py:183} INFO - Processing /opt/airflow/dags/steam_analytics.py took 0.309 seconds
[2026-09-03T18:17:37.891+0000] {processor.py:161} INFO - Started process (PID=1572) to work on /opt/airflow/dags/steam_analytics.py
[2026-09-03T18:17:37.892+0000] {processor.py:830} INFO - Processing file /opt/airflow/dags/steam_analytics.py for tasks to queue
[2026-09-03T18:17:37.894+0000] {logging_mixin.py:188} INFO - [2026-09-03T18:17:37.894+0000] {dagbag.py:545} INFO - Filling up the DagBag from /opt/airflow/dags/steam_analytics.py
[2026-09-03T18:17:38.156+0000] {processor.py:840} INFO - DAG(s) 'steam_analytics_daily' retrieved from /opt/airflow/dags/steam_analytics.py
[2026-09-03T18:17:38.179+0000] {logging_mixin.py:188} INFO - [2026-09-03T18:17:38.178+0000] {dag.py:3089} INFO - Sync 1 DAGs
[2026-09-03T18:17:38.196+0000] {logging_mixin.py:188} INFO - [2026-09-03T18:17:38.196+0000] {dag.py:3947} INFO - Setting next_dagrun for steam_analytics_daily to 2026-09-03 02:00:00+00:00, run_after=2026-09-04 02:00:00+00:00
[2026-09-03T18:17:38.211+0000] {processor.py:183} INFO - Processing /opt/airflow/dags/steam_analytics.py took 0.325 seconds
[2026-09-03T18:18:08.345+0000] {processor.py:161} INFO - Started process (PID=1577) to work on /opt/airflow/dags/steam_analytics.py
[2026-09-03T18:18:08.345+0000] {processor.py:830} INFO - Processing file /opt/airflow/dags/steam_analytics.py for tasks to queue
[2026-09-03T18:18:08.347+0000] {logging_mixin.py:188} INFO - [2026-09-03T18:18:08.347+0000] {dagbag.py:545} INFO - Filling up the DagBag from /opt/airflow/dags/steam_analytics.py
[2026-09-03T18:18:08.604+0000] {processor.py:840} INFO - DAG(s) 'steam_analytics_daily' retrieved from /opt/airflow/dags/steam_analytics.py
[2026-09-03T18:18:08.626+0000] {logging_mixin.py:188} INFO - [2026-09-03T18:18:08.626+0000] {dag.py:3089} INFO - Sync 1 DAGs
[2026-09-03T18:18:08.643+0000] {logging_mixin.py:188} INFO - [2026-09-03T18:18:08.642+0000] {dag.py:3947} INFO - Setting next_dagrun for steam_analytics_daily to 2026-09-03 02:00:00+00:00, run_after=2026-09-04 02:00:00+00:00
[2026-09-03T18:18:08.658+0000] {processor.py:183} INFO - Processing /opt/airflow/dags/steam_analytics.py took 0.319 seconds
[2026-09-03T18:18:38.792+0000] {processor.py:161} INFO - Started process (PID=1582) to work on /opt/airflow/dags/steam_analytics.py
[2026-09-03T18:18:38.793+0000] {processor.py:830} INFO - Processing file /opt/airflow/dags/steam_analytics.py for tasks to queue
[2026-09-03T18:18:38.794+0000] {logging_mixin.py:188} INFO - [2026-09-03T18:18:38.794+0000] {dagbag.py:545} INFO - Filling up the DagBag from /opt/airflow/dags/steam_analytics.py
[2026-09-03T18:18:39.075+0000] {processor.py:840} INFO - DAG(s) 'steam_analytics_daily' retrieved from /opt/airflow/dags/steam_analytics.py
[2026-09-03T18:18:39.096+0000] {logging_mixin.py:188} INFO - [2026-09-03T18:18:39.096+0000] {dag.py:3089} INFO - Sync 1 DAGs
[2026-09-03T18:18:39.114+0000] {logging_mixin.py:188} INFO - [2026-09-03T18:18:39.113+0000] {dag.py:3947} INFO - Setting next_dagrun for steam_analytics_daily to 2026-09-03 02:00:00+00:00, run_after=2026-09-04 02:00:00+00:00
[2026-09-03T18:18:39.130+0000] {processor.py:183} INFO - Processing /opt/airflow/dags/steam_analytics.py took 0.342 seconds
[2026-09-03T18:18:47.843+0000] {processor.py:161} INFO - Started process (PID=1587) to work on /opt/airflow/dags/steam_analytics.py
[2026-09-03T18:18:47.844+0000] {processor.py:830} INFO - Processing file /opt/airflow/dags/steam_analytics.py for tasks to queue
[2026-09-03T18:18:47.845+0000] {logging_mixin.py:188} INFO - [2026-09-03T18:18:47.845+0000] {dagbag.py:545} INFO - Filling up the DagBag from /opt/airflow/dags/steam_analytics.py
[2026-09-03T18:18:48.132+0000] {processor.py:840} INFO - DAG(s) 'steam_analytics_daily' retrieved from /opt/airflow/dags/steam_analytics.py
[2026-09-03T18:18:48.153+0000] {logging_mixin.py:188} INFO - [2026-09-03T18:18:48.153+0000] {dag.py:3089} INFO - Sync 1 DAGs
[2026-09-03T18:18:48.169+0000] {logging_mixin.py:188} INFO - [2026-09-03T18:18:48.169+0000] {dag.py:3947} INFO - Setting next_dagrun for steam_analytics_daily to 2026-09-03 02:00:00+00:00, run_after=2026-09-04 02:00:00+00:00
[2026-09-03T18:18:48.187+0000] {processor.py:183} INFO - Processing /opt/airflow/dags/steam_analytics.py took 0.348 seconds
[2026-09-03T18:18:58.245+0000] {processor.py:161} INFO - Started process (PID=1592) to work on /opt/airflow/dags/steam_analytics.py
[2026-09-03T18:18:58.245+0000] {processor.py:830} INFO - Processing file /opt/airflow/dags/steam_analytics.py for tasks to queue
[2026-09-03T18:18:58.246+0000] {logging_mixin.py:188} INFO - [2026-09-03T18:18:58.246+0000] {dagbag.py:545} INFO - Filling up the DagBag from /opt/airflow/dags/steam_analytics.py
[2026-09-03T18:18:58.507+0000] {processor.py:840} INFO - DAG(s) 'steam_analytics_daily' retrieved from /opt/airflow/dags/steam_analytics.py
[2026-09-03T18:18:58.530+0000] {logging_mixin.py:188} INFO - [2026-09-03T18:18:58.530+0000] {dag.py:3089} INFO - Sync 1 DAGs
[2026-09-03T18:18:58.548+0000] {logging_mixin.py:188} INFO - [2026-09-03T18:18:58.547+0000] {dag.py:3947} INFO - Setting next_dagrun for steam_analytics_daily to 2026-09-03 02:00:00+00:00, run_after=2026-09-04 02:00:00+00:00
[2026-09-03T18:18:58.565+0000] {processor.py:183} INFO - Processing /opt/airflow/dags/steam_analytics.py took 0.325 seconds
[2026-09-03T18:19:28.695+0000] {processor.py:161} INFO - Started process (PID=1597) to work on /opt/airflow/dags/steam_analytics.py
[2026-09-03T18:19:28.696+0000] {processor.py:830} INFO - Processing file /opt/airflow/dags/steam_analytics.py for tasks to queue
[2026-09-03T18:19:28.697+0000] {logging_mixin.py:188} INFO - [2026-09-03T18:19:28.697+0000] {dagbag.py:545} INFO - Filling up the DagBag from /opt/airflow/dags/steam_analytics.py
[2026-09-03T18:19:28.924+0000] {processor.py:840} INFO - DAG(s) 'steam_analytics_daily' retrieved from /opt/airflow/dags/steam_analytics.py
[2026-09-03T18:19:28.944+0000] {logging_mixin.py:188} INFO - [2026-09-03T18:19:28.944+0000] {dag.py:3089} INFO - Sync 1 DAGs
[2026-09-03T18:19:28.961+0000] {logging_mixin.py:188} INFO - [2026-09-03T18:19:28.961+0000] {dag.py:3947} INFO - Setting next_dagrun for steam_analytics_daily to 2026-09-03 02:00:00+00:00, run_after=2026-09-04 02:00:00+00:00
[2026-09-03T18:19:28.974+0000] {processor.py:183} INFO - Processing /opt/airflow/dags/steam_analytics.py took 0.284 seconds
[2026-09-03T18:19:59.104+0000] {processor.py:161} INFO - Started process (PID=1602) to work on /opt/airflow/dags/steam_analytics.py
[2026-09-03T18:19:59.104+0000] {processor.py:830} INFO - Processing file /opt/airflow/dags/steam_analytics.py for tasks to queue
[2026-09-03T18:19:59.106+0000] {logging_mixin.py:188} INFO - [2026-09-03T18:19:59.106+0000] {dagbag.py:545} INFO - Filling up the DagBag from /opt/airflow/dags/steam_analytics.py
[2026-09-03T18:19:59.396+0000] {processor.py:840} INFO - DAG(s) 'steam_analytics_daily' retrieved from /opt/airflow/dags/steam_analytics.py
[2026-09-03T18:19:59.419+0000] {logging_mixin.py:188} INFO - [2026-09-03T18:19:59.419+0000] {dag.py:3089} INFO - Sync 1 DAGs
[2026-09-03T18:19:59.438+0000] {logging_mixin.py:188} INFO - [2026-09-03T18:19:59.438+0000] {dag.py:3947} INFO - Setting next_dagrun for steam_analytics_daily to 2026-09-03 02:00:00+00:00, run_after=2026-09-04 02:00:00+00:00
[2026-09-03T18:19:59.454+0000] {processor.py:183} INFO - Processing /opt/airflow/dags/steam_analytics.py took 0.355 seconds
[2026-09-03T18:20:29.591+0000] {processor.py:161} INFO - Started process (PID=1615) to work on /opt/airflow/dags/steam_analytics.py
[2026-09-03T18:20:29.592+0000] {processor.py:830} INFO - Processing file /opt/airflow/dags/steam_analytics.py for tasks to queue
[2026-09-03T18:20:29.593+0000] {logging_mixin.py:188} INFO - [2026-09-03T18:20:29.593+0000] {dagbag.py:545} INFO - Filling up the DagBag from /opt/airflow/dags/steam_analytics.py
[2026-09-03T18:20:29.837+0000] {processor.py:840} INFO - DAG(s) 'steam_analytics_daily' retrieved from /opt/airflow/dags/steam_analytics.py
[2026-09-03T18:20:29.862+0000] {logging_mixin.py:188} INFO - [2026-09-03T18:20:29.861+0000] {dag.py:3089} INFO - Sync 1 DAGs
[2026-09-03T18:20:29.878+0000] {logging_mixin.py:188} INFO - [2026-09-03T18:20:29.878+0000] {dag.py:3947} INFO - Setting next_dagrun for steam_analytics_daily to 2026-09-03 02:00:00+00:00, run_after=2026-09-04 02:00:00+00:00
[2026-09-03T18:20:29.895+0000] {processor.py:183} INFO - Processing /opt/airflow/dags/steam_analytics.py took 0.308 seconds
[2026-09-03T18:21:00.033+0000] {processor.py:161} INFO - Started process (PID=1620) to work on /opt/airflow/dags/steam_analytics.py
[2026-09-03T18:21:00.034+0000] {processor.py:830} INFO - Processing file /opt/airflow/dags/steam_analytics.py for tasks to queue
[2026-09-03T18:21:00.035+0000] {logging_mixin.py:188} INFO - [2026-09-03T18:21:00.035+0000] {dagbag.py:545} INFO - Filling up the DagBag from /opt/airflow/dags/steam_analytics.py
[2026-09-03T18:21:00.280+0000] {processor.py:840} INFO - DAG(s) 'steam_analytics_daily' retrieved from /opt/airflow/dags/steam_analytics.py
[2026-09-03T18:21:00.302+0000] {logging_mixin.py:188} INFO - [2026-09-03T18:21:00.302+0000] {dag.py:3089} INFO - Sync 1 DAGs
[2026-09-03T18:21:00.321+0000] {logging_mixin.py:188} INFO - [2026-09-03T18:21:00.321+0000] {dag.py:3947} INFO - Setting next_dagrun for steam_analytics_daily to 2026-09-03 02:00:00+00:00, run_after=2026-09-04 02:00:00+00:00
[2026-09-03T18:21:00.338+0000] {processor.py:183} INFO - Processing /opt/airflow/dags/steam_analytics.py took 0.309 seconds
[2026-09-03T18:21:30.466+0000] {processor.py:161} INFO - Started process (PID=1625) to work on /opt/airflow/dags/steam_analytics.py
[2026-09-03T18:21:30.467+0000] {processor.py:830} INFO - Processing file /opt/airflow/dags/steam_analytics.py for tasks to queue
[2026-09-03T18:21:30.469+0000] {logging_mixin.py:188} INFO - [2026-09-03T18:21:30.469+0000] {dagbag.py:545} INFO - Filling up the DagBag from /opt/airflow/dags/steam_analytics.py
[2026-09-03T18:21:30.702+0000] {processor.py:840} INFO - DAG(s) 'steam_analytics_daily' retrieved from /opt/airflow/dags/steam_analytics.py
[2026-09-03T18:21:30.725+0000] {logging_mixin.py:188} INFO - [2026-09-03T18:21:30.725+0000] {dag.py:3089} INFO - Sync 1 DAGs
[2026-09-03T18:21:30.742+0000] {logging_mixin.py:188} INFO - [2026-09-03T18:21:30.742+0000] {dag.py:3947} INFO - Setting next_dagrun for steam_analytics_daily to 2026-09-03 02:00:00+00:00, run_after=2026-09-04 02:00:00+00:00
[2026-09-03T18:21:30.756+0000] {processor.py:183} INFO - Processing /opt/airflow/dags/steam_analytics.py took 0.294 seconds
[2026-09-03T18:22:00.883+0000] {processor.py:161} INFO - Started process (PID=1630) to work on /opt/airflow/dags/steam_analytics.py
[2026-09-03T18:22:00.884+0000] {processor.py:830} INFO - Processing file /opt/airflow/dags/steam_analytics.py for tasks to queue
[2026-09-03T18:22:00.886+0000] {logging_mixin.py:188} INFO - [2026-09-03T18:22:00.885+0000] {dagbag.py:545} INFO - Filling up the DagBag from /opt/airflow/dags/steam_analytics.py
[2026-09-03T18:22:01.144+0000] {processor.py:840} INFO - DAG(s) 'steam_analytics_daily' retrieved from /opt/airflow/dags/steam_analytics.py
[2026-09-03T18:22:01.168+0000] {logging_mixin.py:188} INFO - [2026-09-03T18:22:01.168+0000] {dag.py:3089} INFO - Sync 1 DAGs
[2026-09-03T18:22:01.186+0000] {logging_mixin.py:188} INFO - [2026-09-03T18:22:01.186+0000] {dag.py:3947} INFO - Setting next_dagrun for steam_analytics_daily to 2026-09-03 02:00:00+00:00, run_after=2026-09-04 02:00:00+00:00
[2026-09-03T18:22:01.202+0000] {processor.py:183} INFO - Processing /opt/airflow/dags/steam_analytics.py took 0.324 seconds
[2026-09-03T18:22:31.332+0000] {processor.py:161} INFO - Started process (PID=1635) to work on /opt/airflow/dags/steam_analytics.py
[2026-09-03T18:22:31.333+0000] {processor.py:830} INFO - Processing file /opt/airflow/dags/steam_analytics.py for tasks to queue
[2026-09-03T18:22:31.334+0000] {logging_mixin.py:188} INFO - [2026-09-03T18:22:31.334+0000] {dagbag.py:545} INFO - Filling up the DagBag from /opt/airflow/dags/steam_analytics.py
[2026-09-03T18:22:31.564+0000] {processor.py:840} INFO - DAG(s) 'steam_analytics_daily' retrieved from /opt/airflow/dags/steam_analytics.py
[2026-09-03T18:22:31.589+0000] {logging_mixin.py:188} INFO - [2026-09-03T18:22:31.589+0000] {dag.py:3089} INFO - Sync 1 DAGs
[2026-09-03T18:22:31.607+0000] {logging_mixin.py:188} INFO - [2026-09-03T18:22:31.607+0000] {dag.py:3947} INFO - Setting next_dagrun for steam_analytics_daily to 2026-09-03 02:00:00+00:00, run_after=2026-09-04 02:00:00+00:00
[2026-09-03T18:22:31.623+0000] {processor.py:183} INFO - Processing /opt/airflow/dags/steam_analytics.py took 0.295 seconds
[2026-09-03T18:23:01.745+0000] {processor.py:161} INFO - Started process (PID=1640) to work on /opt/airflow/dags/steam_analytics.py
[2026-09-03T18:23:01.746+0000] {processor.py:830} INFO - Processing file /opt/airflow/dags/steam_analytics.py for tasks to queue
[2026-09-03T18:23:01.747+0000] {logging_mixin.py:188} INFO - [2026-09-03T18:23:01.747+0000] {dagbag.py:545} INFO - Filling up the DagBag from /opt/airflow/dags/steam_analytics.py
[2026-09-03T18:23:01.979+0000] {processor.py:840} INFO - DAG(s) 'steam_analytics_daily' retrieved from /opt/airflow/dags/steam_analytics.py
[2026-09-03T18:23:02.000+0000] {logging_mixin.py:188} INFO - [2026-09-03T18:23:02.000+0000] {dag.py:3089} INFO - Sync 1 DAGs
[2026-09-03T18:23:02.016+0000] {logging_mixin.py:188} INFO - [2026-09-03T18:23:02.016+0000] {dag.py:3947} INFO - Setting next_dagrun for steam_analytics_daily to 2026-09-03 02:00:00+00:00, run_after=2026-09-04 02:00:00+00:00
[2026-09-03T18:23:02.031+0000] {processor.py:183} INFO - Processing /opt/airflow/dags/steam_analytics.py took 0.290 seconds
[2026-09-03T18:23:32.161+0000] {processor.py:161} INFO - Started process (PID=1645) to work on /opt/airflow/dags/steam_analytics.py
[2026-09-03T18:23:32.162+0000] {processor.py:830} INFO - Processing file /opt/airflow/dags/steam_analytics.py for tasks to queue
[2026-09-03T18:23:32.163+0000] {logging_mixin.py:188} INFO - [2026-09-03T18:23:32.163+0000] {dagbag.py:545} INFO - Filling up the DagBag from /opt/airflow/dags/steam_analytics.py
[2026-09-03T18:23:32.394+0000] {processor.py:840} INFO - DAG(s) 'steam_analytics_daily' retrieved from /opt/airflow/dags/steam_analytics.py
[2026-09-03T18:23:32.417+0000] {logging_mixin.py:188} INFO - [2026-09-03T18:23:32.416+0000] {dag.py:3089} INFO - Sync 1 DAGs
[2026-09-03T18:23:32.434+0000] {logging_mixin.py:188} INFO - [2026-09-03T18:23:32.433+0000] {dag.py:3947} INFO - Setting next_dagrun for steam_analytics_daily to 2026-09-03 02:00:00+00:00, run_after=2026-09-04 02:00:00+00:00
[2026-09-03T18:23:32.449+0000] {processor.py:183} INFO - Processing /opt/airflow/dags/steam_analytics.py took 0.293 seconds
[2026-09-03T18:24:02.579+0000] {processor.py:161} INFO - Started process (PID=1650) to work on /opt/airflow/dags/steam_analytics.py
[2026-09-03T18:24:02.580+0000] {processor.py:830} INFO - Processing file /opt/airflow/dags/steam_analytics.py for tasks to queue
[2026-09-03T18:24:02.581+0000] {logging_mixin.py:188} INFO - [2026-09-03T18:24:02.581+0000] {dagbag.py:545} INFO - Filling up the DagBag from /opt/airflow/dags/steam_analytics.py
[2026-09-03T18:24:02.795+0000] {processor.py:840} INFO - DAG(s) 'steam_analytics_daily' retrieved from /opt/airflow/dags/steam_analytics.py
[2026-09-03T18:24:02.817+0000] {logging_mixin.py:188} INFO - [2026-09-03T18:24:02.817+0000] {dag.py:3089} INFO - Sync 1 DAGs
[2026-09-03T18:24:02.834+0000] {logging_mixin.py:188} INFO - [2026-09-03T18:24:02.833+0000] {dag.py:3947} INFO - Setting next_dagrun for steam_analytics_daily to 2026-09-03 02:00:00+00:00, run_after=2026-09-04 02:00:00+00:00
[2026-09-03T18:24:02.847+0000] {processor.py:183} INFO - Processing /opt/airflow/dags/steam_analytics.py took 0.272 seconds
[2026-09-03T18:24:32.974+0000] {processor.py:161} INFO - Started process (PID=1655) to work on /opt/airflow/dags/steam_analytics.py
[2026-09-03T18:24:32.975+0000] {processor.py:830} INFO - Processing file /opt/airflow/dags/steam_analytics.py for tasks to queue
[2026-09-03T18:24:32.977+0000] {logging_mixin.py:188} INFO - [2026-09-03T18:24:32.976+0000] {dagbag.py:545} INFO - Filling up the DagBag from /opt/airflow/dags/steam_analytics.py
[2026-09-03T18:24:33.192+0000] {processor.py:840} INFO - DAG(s) 'steam_analytics_daily' retrieved from /opt/airflow/dags/steam_analytics.py
[2026-09-03T18:24:33.214+0000] {logging_mixin.py:188} INFO - [2026-09-03T18:24:33.214+0000] {dag.py:3089} INFO - Sync 1 DAGs
[2026-09-03T18:24:33.230+0000] {logging_mixin.py:188} INFO - [2026-09-03T18:24:33.230+0000] {dag.py:3947} INFO - Setting next_dagrun for steam_analytics_daily to 2026-09-03 02:00:00+00:00, run_after=2026-09-04 02:00:00+00:00
[2026-09-03T18:24:33.244+0000] {processor.py:183} INFO - Processing /opt/airflow/dags/steam_analytics.py took 0.274 seconds
[2026-09-03T18:25:03.370+0000] {processor.py:161} INFO - Started process (PID=1660) to work on /opt/airflow/dags/steam_analytics.py
[2026-09-03T18:25:03.370+0000] {processor.py:830} INFO - Processing file /opt/airflow/dags/steam_analytics.py for tasks to queue
[2026-09-03T18:25:03.372+0000] {logging_mixin.py:188} INFO - [2026-09-03T18:25:03.371+0000] {dagbag.py:545} INFO - Filling up the DagBag from /opt/airflow/dags/steam_analytics.py
[2026-09-03T18:25:03.591+0000] {processor.py:840} INFO - DAG(s) 'steam_analytics_daily' retrieved from /opt/airflow/dags/steam_analytics.py
[2026-09-03T18:25:03.613+0000] {logging_mixin.py:188} INFO - [2026-09-03T18:25:03.613+0000] {dag.py:3089} INFO - Sync 1 DAGs
[2026-09-03T18:25:03.630+0000] {logging_mixin.py:188} INFO - [2026-09-03T18:25:03.630+0000] {dag.py:3947} INFO - Setting next_dagrun for steam_analytics_daily to 2026-09-03 02:00:00+00:00, run_after=2026-09-04 02:00:00+00:00
[2026-09-03T18:25:03.644+0000] {processor.py:183} INFO - Processing /opt/airflow/dags/steam_analytics.py took 0.279 seconds
[2026-09-03T18:25:33.772+0000] {processor.py:161} INFO - Started process (PID=1665) to work on /opt/airflow/dags/steam_analytics.py
[2026-09-03T18:25:33.773+0000] {processor.py:830} INFO - Processing file /opt/airflow/dags/steam_analytics.py for tasks to queue
[2026-09-03T18:25:33.775+0000] {logging_mixin.py:188} INFO - [2026-09-03T18:25:33.774+0000] {dagbag.py:545} INFO - Filling up the DagBag from /opt/airflow/dags/steam_analytics.py
[2026-09-03T18:25:34.013+0000] {processor.py:840} INFO - DAG(s) 'steam_analytics_daily' retrieved from /opt/airflow/dags/steam_analytics.py
[2026-09-03T18:25:34.036+0000] {logging_mixin.py:188} INFO - [2026-09-03T18:25:34.035+0000] {dag.py:3089} INFO - Sync 1 DAGs
[2026-09-03T18:25:34.054+0000] {logging_mixin.py:188} INFO - [2026-09-03T18:25:34.054+0000] {dag.py:3947} INFO - Setting next_dagrun for steam_analytics_daily to 2026-09-03 02:00:00+00:00, run_after=2026-09-04 02:00:00+00:00
[2026-09-03T18:25:34.071+0000] {processor.py:183} INFO - Processing /opt/airflow/dags/steam_analytics.py took 0.304 seconds
[2026-09-03T18:26:04.197+0000] {processor.py:161} INFO - Started process (PID=1670) to work on /opt/airflow/dags/steam_analytics.py
[2026-09-03T18:26:04.197+0000] {processor.py:830} INFO - Processing file /opt/airflow/dags/steam_analytics.py for tasks to queue
[2026-09-03T18:26:04.199+0000] {logging_mixin.py:188} INFO - [2026-09-03T18:26:04.199+0000] {dagbag.py:545} INFO - Filling up the DagBag from /opt/airflow/dags/steam_analytics.py
[2026-09-03T18:26:04.427+0000] {processor.py:840} INFO - DAG(s) 'steam_analytics_daily' retrieved from /opt/airflow/dags/steam_analytics.py
[2026-09-03T18:26:04.448+0000] {logging_mixin.py:188} INFO - [2026-09-03T18:26:04.447+0000] {dag.py:3089} INFO - Sync 1 DAGs
[2026-09-03T18:26:04.465+0000] {logging_mixin.py:188} INFO - [2026-09-03T18:26:04.465+0000] {dag.py:3947} INFO - Setting next_dagrun for steam_analytics_daily to 2026-09-03 02:00:00+00:00, run_after=2026-09-04 02:00:00+00:00
[2026-09-03T18:26:04.478+0000] {processor.py:183} INFO - Processing /opt/airflow/dags/steam_analytics.py took 0.286 seconds
[2026-09-03T18:26:34.689+0000] {processor.py:161} INFO - Started process (PID=1675) to work on /opt/airflow/dags/steam_analytics.py
[2026-09-03T18:26:34.690+0000] {processor.py:830} INFO - Processing file /opt/airflow/dags/steam_analytics.py for tasks to queue
[2026-09-03T18:26:34.692+0000] {logging_mixin.py:188} INFO - [2026-09-03T18:26:34.691+0000] {dagbag.py:545} INFO - Filling up the DagBag from /opt/airflow/dags/steam_analytics.py
[2026-09-03T18:26:34.924+0000] {processor.py:840} INFO - DAG(s) 'steam_analytics_daily' retrieved from /opt/airflow/dags/steam_analytics.py
[2026-09-03T18:26:34.951+0000] {logging_mixin.py:188} INFO - [2026-09-03T18:26:34.951+0000] {dag.py:3089} INFO - Sync 1 DAGs
[2026-09-03T18:26:34.969+0000] {logging_mixin.py:188} INFO - [2026-09-03T18:26:34.968+0000] {dag.py:3947} INFO - Setting next_dagrun for steam_analytics_daily to 2026-09-03 02:00:00+00:00, run_after=2026-09-04 02:00:00+00:00
[2026-09-03T18:26:34.984+0000] {processor.py:183} INFO - Processing /opt/airflow/dags/steam_analytics.py took 0.299 seconds
[2026-09-03T18:27:05.106+0000] {processor.py:161} INFO - Started process (PID=1680) to work on /opt/airflow/dags/steam_analytics.py
[2026-09-03T18:27:05.107+0000] {processor.py:830} INFO - Processing file /opt/airflow/dags/steam_analytics.py for tasks to queue
[2026-09-03T18:27:05.108+0000] {logging_mixin.py:188} INFO - [2026-09-03T18:27:05.108+0000] {dagbag.py:545} INFO - Filling up the DagBag from /opt/airflow/dags/steam_analytics.py
[2026-09-03T18:27:05.328+0000] {processor.py:840} INFO - DAG(s) 'steam_analytics_daily' retrieved from /opt/airflow/dags/steam_analytics.py
[2026-09-03T18:27:05.350+0000] {logging_mixin.py:188} INFO - [2026-09-03T18:27:05.350+0000] {dag.py:3089} INFO - Sync 1 DAGs
[2026-09-03T18:27:05.369+0000] {logging_mixin.py:188} INFO - [2026-09-03T18:27:05.369+0000] {dag.py:3947} INFO - Setting next_dagrun for steam_analytics_daily to 2026-09-03 02:00:00+00:00, run_after=2026-09-04 02:00:00+00:00
[2026-09-03T18:27:05.386+0000] {processor.py:183} INFO - Processing /opt/airflow/dags/steam_analytics.py took 0.284 seconds
[2026-09-03T18:27:35.511+0000] {processor.py:161} INFO - Started process (PID=1685) to work on /opt/airflow/dags/steam_analytics.py
[2026-09-03T18:27:35.511+0000] {processor.py:830} INFO - Processing file /opt/airflow/dags/steam_analytics.py for tasks to queue
[2026-09-03T18:27:35.513+0000] {logging_mixin.py:188} INFO - [2026-09-03T18:27:35.512+0000] {dagbag.py:545} INFO - Filling up the DagBag from /opt/airflow/dags/steam_analytics.py
[2026-09-03T18:27:35.742+0000] {processor.py:840} INFO - DAG(s) 'steam_analytics_daily' retrieved from /opt/airflow/dags/steam_analytics.py
[2026-09-03T18:27:35.763+0000] {logging_mixin.py:188} INFO - [2026-09-03T18:27:35.763+0000] {dag.py:3089} INFO - Sync 1 DAGs
[2026-09-03T18:27:35.779+0000] {logging_mixin.py:188} INFO - [2026-09-03T18:27:35.779+0000] {dag.py:3947} INFO - Setting next_dagrun for steam_analytics_daily to 2026-09-03 02:00:00+00:00, run_after=2026-09-04 02:00:00+00:00
[2026-09-03T18:27:35.793+0000] {processor.py:183} INFO - Processing /opt/airflow/dags/steam_analytics.py took 0.287 seconds
[2026-09-03T18:28:05.921+0000] {processor.py:161} INFO - Started process (PID=1690) to work on /opt/airflow/dags/steam_analytics.py
[2026-09-03T18:28:05.922+0000] {processor.py:830} INFO - Processing file /opt/airflow/dags/steam_analytics.py for tasks to queue
[2026-09-03T18:28:05.923+0000] {logging_mixin.py:188} INFO - [2026-09-03T18:28:05.923+0000] {dagbag.py:545} INFO - Filling up the DagBag from /opt/airflow/dags/steam_analytics.py
[2026-09-03T18:28:06.142+0000] {processor.py:840} INFO - DAG(s) 'steam_analytics_daily' retrieved from /opt/airflow/dags/steam_analytics.py
[2026-09-03T18:28:06.163+0000] {logging_mixin.py:188} INFO - [2026-09-03T18:28:06.162+0000] {dag.py:3089} INFO - Sync 1 DAGs
[2026-09-03T18:28:06.179+0000] {logging_mixin.py:188} INFO - [2026-09-03T18:28:06.179+0000] {dag.py:3947} INFO - Setting next_dagrun for steam_analytics_daily to 2026-09-03 02:00:00+00:00, run_after=2026-09-04 02:00:00+00:00
[2026-09-03T18:28:06.193+0000] {processor.py:183} INFO - Processing /opt/airflow/dags/steam_analytics.py took 0.276 seconds
[2026-09-03T18:28:36.321+0000] {processor.py:161} INFO - Started process (PID=1695) to work on /opt/airflow/dags/steam_analytics.py
[2026-09-03T18:28:36.322+0000] {processor.py:830} INFO - Processing file /opt/airflow/dags/steam_analytics.py for tasks to queue
[2026-09-03T18:28:36.324+0000] {logging_mixin.py:188} INFO - [2026-09-03T18:28:36.324+0000] {dagbag.py:545} INFO - Filling up the DagBag from /opt/airflow/dags/steam_analytics.py
[2026-09-03T18:28:36.578+0000] {processor.py:840} INFO - DAG(s) 'steam_analytics_daily' retrieved from /opt/airflow/dags/steam_analytics.py
[2026-09-03T18:28:36.600+0000] {logging_mixin.py:188} INFO - [2026-09-03T18:28:36.600+0000] {dag.py:3089} INFO - Sync 1 DAGs
[2026-09-03T18:28:36.617+0000] {logging_mixin.py:188} INFO - [2026-09-03T18:28:36.617+0000] {dag.py:3947} INFO - Setting next_dagrun for steam_analytics_daily to 2026-09-03 02:00:00+00:00, run_after=2026-09-04 02:00:00+00:00
[2026-09-03T18:28:36.631+0000] {processor.py:183} INFO - Processing /opt/airflow/dags/steam_analytics.py took 0.315 seconds
[2026-09-03T18:29:06.758+0000] {processor.py:161} INFO - Started process (PID=1700) to work on /opt/airflow/dags/steam_analytics.py
[2026-09-03T18:29:06.759+0000] {processor.py:830} INFO - Processing file /opt/airflow/dags/steam_analytics.py for tasks to queue
[2026-09-03T18:29:06.760+0000] {logging_mixin.py:188} INFO - [2026-09-03T18:29:06.760+0000] {dagbag.py:545} INFO - Filling up the DagBag from /opt/airflow/dags/steam_analytics.py
[2026-09-03T18:29:06.982+0000] {processor.py:840} INFO - DAG(s) 'steam_analytics_daily' retrieved from /opt/airflow/dags/steam_analytics.py
[2026-09-03T18:29:07.003+0000] {logging_mixin.py:188} INFO - [2026-09-03T18:29:07.003+0000] {dag.py:3089} INFO - Sync 1 DAGs
[2026-09-03T18:29:07.020+0000] {logging_mixin.py:188} INFO - [2026-09-03T18:29:07.020+0000] {dag.py:3947} INFO - Setting next_dagrun for steam_analytics_daily to 2026-09-03 02:00:00+00:00, run_after=2026-09-04 02:00:00+00:00
[2026-09-03T18:29:07.035+0000] {processor.py:183} INFO - Processing /opt/airflow/dags/steam_analytics.py took 0.281 seconds
[2026-09-03T18:29:37.161+0000] {processor.py:161} INFO - Started process (PID=1705) to work on /opt/airflow/dags/steam_analytics.py
[2026-09-03T18:29:37.162+0000] {processor.py:830} INFO - Processing file /opt/airflow/dags/steam_analytics.py for tasks to queue
[2026-09-03T18:29:37.163+0000] {logging_mixin.py:188} INFO - [2026-09-03T18:29:37.163+0000] {dagbag.py:545} INFO - Filling up the DagBag from /opt/airflow/dags/steam_analytics.py
[2026-09-03T18:29:37.392+0000] {processor.py:840} INFO - DAG(s) 'steam_analytics_daily' retrieved from /opt/airflow/dags/steam_analytics.py
[2026-09-03T18:29:37.414+0000] {logging_mixin.py:188} INFO - [2026-09-03T18:29:37.414+0000] {dag.py:3089} INFO - Sync 1 DAGs
[2026-09-03T18:29:37.430+0000] {logging_mixin.py:188} INFO - [2026-09-03T18:29:37.430+0000] {dag.py:3947} INFO - Setting next_dagrun for steam_analytics_daily to 2026-09-03 02:00:00+00:00, run_after=2026-09-04 02:00:00+00:00
[2026-09-03T18:29:37.446+0000] {processor.py:183} INFO - Processing /opt/airflow/dags/steam_analytics.py took 0.289 seconds
[2026-09-03T18:30:07.572+0000] {processor.py:161} INFO - Started process (PID=1710) to work on /opt/airflow/dags/steam_analytics.py
[2026-09-03T18:30:07.573+0000] {processor.py:830} INFO - Processing file /opt/airflow/dags/steam_analytics.py for tasks to queue
[2026-09-03T18:30:07.574+0000] {logging_mixin.py:188} INFO - [2026-09-03T18:30:07.574+0000] {dagbag.py:545} INFO - Filling up the DagBag from /opt/airflow/dags/steam_analytics.py
[2026-09-03T18:30:07.794+0000] {processor.py:840} INFO - DAG(s) 'steam_analytics_daily' retrieved from /opt/airflow/dags/steam_analytics.py
[2026-09-03T18:30:07.815+0000] {logging_mixin.py:188} INFO - [2026-09-03T18:30:07.815+0000] {dag.py:3089} INFO - Sync 1 DAGs
[2026-09-03T18:30:07.832+0000] {logging_mixin.py:188} INFO - [2026-09-03T18:30:07.832+0000] {dag.py:3947} INFO - Setting next_dagrun for steam_analytics_daily to 2026-09-03 02:00:00+00:00, run_after=2026-09-04 02:00:00+00:00
[2026-09-03T18:30:07.848+0000] {processor.py:183} INFO - Processing /opt/airflow/dags/steam_analytics.py took 0.280 seconds
[2026-09-03T18:30:37.977+0000] {processor.py:161} INFO - Started process (PID=1715) to work on /opt/airflow/dags/steam_analytics.py
[2026-09-03T18:30:37.978+0000] {processor.py:830} INFO - Processing file /opt/airflow/dags/steam_analytics.py for tasks to queue
[2026-09-03T18:30:37.979+0000] {logging_mixin.py:188} INFO - [2026-09-03T18:30:37.979+0000] {dagbag.py:545} INFO - Filling up the DagBag from /opt/airflow/dags/steam_analytics.py
[2026-09-03T18:30:38.203+0000] {processor.py:840} INFO - DAG(s) 'steam_analytics_daily' retrieved from /opt/airflow/dags/steam_analytics.py
[2026-09-03T18:30:38.225+0000] {logging_mixin.py:188} INFO - [2026-09-03T18:30:38.225+0000] {dag.py:3089} INFO - Sync 1 DAGs
[2026-09-03T18:30:38.242+0000] {logging_mixin.py:188} INFO - [2026-09-03T18:30:38.242+0000] {dag.py:3947} INFO - Setting next_dagrun for steam_analytics_daily to 2026-09-03 02:00:00+00:00, run_after=2026-09-04 02:00:00+00:00
[2026-09-03T18:30:38.256+0000] {processor.py:183} INFO - Processing /opt/airflow/dags/steam_analytics.py took 0.283 seconds
[2026-09-03T18:31:08.379+0000] {processor.py:161} INFO - Started process (PID=1720) to work on /opt/airflow/dags/steam_analytics.py
[2026-09-03T18:31:08.380+0000] {processor.py:830} INFO - Processing file /opt/airflow/dags/steam_analytics.py for tasks to queue
[2026-09-03T18:31:08.381+0000] {logging_mixin.py:188} INFO - [2026-09-03T18:31:08.381+0000] {dagbag.py:545} INFO - Filling up the DagBag from /opt/airflow/dags/steam_analytics.py
[2026-09-03T18:31:08.635+0000] {processor.py:840} INFO - DAG(s) 'steam_analytics_daily' retrieved from /opt/airflow/dags/steam_analytics.py
[2026-09-03T18:31:08.660+0000] {logging_mixin.py:188} INFO - [2026-09-03T18:31:08.660+0000] {dag.py:3089} INFO - Sync 1 DAGs
[2026-09-03T18:31:08.677+0000] {logging_mixin.py:188} INFO - [2026-09-03T18:31:08.677+0000] {dag.py:3947} INFO - Setting next_dagrun for steam_analytics_daily to 2026-09-03 02:00:00+00:00, run_after=2026-09-04 02:00:00+00:00
[2026-09-03T18:31:08.691+0000] {processor.py:183} INFO - Processing /opt/airflow/dags/steam_analytics.py took 0.317 seconds
[2026-09-03T18:31:38.814+0000] {processor.py:161} INFO - Started process (PID=1725) to work on /opt/airflow/dags/steam_analytics.py
[2026-09-03T18:31:38.815+0000] {processor.py:830} INFO - Processing file /opt/airflow/dags/steam_analytics.py for tasks to queue
[2026-09-03T18:31:38.816+0000] {logging_mixin.py:188} INFO - [2026-09-03T18:31:38.816+0000] {dagbag.py:545} INFO - Filling up the DagBag from /opt/airflow/dags/steam_analytics.py
[2026-09-03T18:31:39.046+0000] {processor.py:840} INFO - DAG(s) 'steam_analytics_daily' retrieved from /opt/airflow/dags/steam_analytics.py
[2026-09-03T18:31:39.067+0000] {logging_mixin.py:188} INFO - [2026-09-03T18:31:39.067+0000] {dag.py:3089} INFO - Sync 1 DAGs
[2026-09-03T18:31:39.085+0000] {logging_mixin.py:188} INFO - [2026-09-03T18:31:39.085+0000] {dag.py:3947} INFO - Setting next_dagrun for steam_analytics_daily to 2026-09-03 02:00:00+00:00, run_after=2026-09-04 02:00:00+00:00
[2026-09-03T18:31:39.099+0000] {processor.py:183} INFO - Processing /opt/airflow/dags/steam_analytics.py took 0.289 seconds
[2026-09-03T18:32:09.229+0000] {processor.py:161} INFO - Started process (PID=1730) to work on /opt/airflow/dags/steam_analytics.py
[2026-09-03T18:32:09.230+0000] {processor.py:830} INFO - Processing file /opt/airflow/dags/steam_analytics.py for tasks to queue
[2026-09-03T18:32:09.231+0000] {logging_mixin.py:188} INFO - [2026-09-03T18:32:09.231+0000] {dagbag.py:545} INFO - Filling up the DagBag from /opt/airflow/dags/steam_analytics.py
[2026-09-03T18:32:09.471+0000] {processor.py:840} INFO - DAG(s) 'steam_analytics_daily' retrieved from /opt/airflow/dags/steam_analytics.py
[2026-09-03T18:32:09.493+0000] {logging_mixin.py:188} INFO - [2026-09-03T18:32:09.493+0000] {dag.py:3089} INFO - Sync 1 DAGs
[2026-09-03T18:32:09.510+0000] {logging_mixin.py:188} INFO - [2026-09-03T18:32:09.510+0000] {dag.py:3947} INFO - Setting next_dagrun for steam_analytics_daily to 2026-09-03 02:00:00+00:00, run_after=2026-09-04 02:00:00+00:00
[2026-09-03T18:32:09.526+0000] {processor.py:183} INFO - Processing /opt/airflow/dags/steam_analytics.py took 0.301 seconds
[2026-09-03T18:32:39.657+0000] {processor.py:161} INFO - Started process (PID=1735) to work on /opt/airflow/dags/steam_analytics.py
[2026-09-03T18:32:39.658+0000] {processor.py:830} INFO - Processing file /opt/airflow/dags/steam_analytics.py for tasks to queue
[2026-09-03T18:32:39.659+0000] {logging_mixin.py:188} INFO - [2026-09-03T18:32:39.659+0000] {dagbag.py:545} INFO - Filling up the DagBag from /opt/airflow/dags/steam_analytics.py
[2026-09-03T18:32:39.891+0000] {processor.py:840} INFO - DAG(s) 'steam_analytics_daily' retrieved from /opt/airflow/dags/steam_analytics.py
[2026-09-03T18:32:39.915+0000] {logging_mixin.py:188} INFO - [2026-09-03T18:32:39.915+0000] {dag.py:3089} INFO - Sync 1 DAGs
[2026-09-03T18:32:39.933+0000] {logging_mixin.py:188} INFO - [2026-09-03T18:32:39.933+0000] {dag.py:3947} INFO - Setting next_dagrun for steam_analytics_daily to 2026-09-03 02:00:00+00:00, run_after=2026-09-04 02:00:00+00:00
[2026-09-03T18:32:39.947+0000] {processor.py:183} INFO - Processing /opt/airflow/dags/steam_analytics.py took 0.294 seconds
[2026-09-03T18:33:10.071+0000] {processor.py:161} INFO - Started process (PID=1740) to work on /opt/airflow/dags/steam_analytics.py
[2026-09-03T18:33:10.071+0000] {processor.py:830} INFO - Processing file /opt/airflow/dags/steam_analytics.py for tasks to queue
[2026-09-03T18:33:10.073+0000] {logging_mixin.py:188} INFO - [2026-09-03T18:33:10.072+0000] {dagbag.py:545} INFO - Filling up the DagBag from /opt/airflow/dags/steam_analytics.py
[2026-09-03T18:33:10.299+0000] {processor.py:840} INFO - DAG(s) 'steam_analytics_daily' retrieved from /opt/airflow/dags/steam_analytics.py
[2026-09-03T18:33:10.320+0000] {logging_mixin.py:188} INFO - [2026-09-03T18:33:10.320+0000] {dag.py:3089} INFO - Sync 1 DAGs
[2026-09-03T18:33:10.337+0000] {logging_mixin.py:188} INFO - [2026-09-03T18:33:10.336+0000] {dag.py:3947} INFO - Setting next_dagrun for steam_analytics_daily to 2026-09-03 02:00:00+00:00, run_after=2026-09-04 02:00:00+00:00
[2026-09-03T18:33:10.351+0000] {processor.py:183} INFO - Processing /opt/airflow/dags/steam_analytics.py took 0.284 seconds
[2026-09-03T18:33:40.472+0000] {processor.py:161} INFO - Started process (PID=1745) to work on /opt/airflow/dags/steam_analytics.py
[2026-09-03T18:33:40.472+0000] {processor.py:830} INFO - Processing file /opt/airflow/dags/steam_analytics.py for tasks to queue
[2026-09-03T18:33:40.474+0000] {logging_mixin.py:188} INFO - [2026-09-03T18:33:40.474+0000] {dagbag.py:545} INFO - Filling up the DagBag from /opt/airflow/dags/steam_analytics.py
[2026-09-03T18:33:40.701+0000] {processor.py:840} INFO - DAG(s) 'steam_analytics_daily' retrieved from /opt/airflow/dags/steam_analytics.py
[2026-09-03T18:33:40.723+0000] {logging_mixin.py:188} INFO - [2026-09-03T18:33:40.722+0000] {dag.py:3089} INFO - Sync 1 DAGs
[2026-09-03T18:33:40.739+0000] {logging_mixin.py:188} INFO - [2026-09-03T18:33:40.739+0000] {dag.py:3947} INFO - Setting next_dagrun for steam_analytics_daily to 2026-09-03 02:00:00+00:00, run_after=2026-09-04 02:00:00+00:00
[2026-09-03T18:33:40.753+0000] {processor.py:183} INFO - Processing /opt/airflow/dags/steam_analytics.py took 0.285 seconds
[2026-09-03T18:34:10.903+0000] {processor.py:161} INFO - Started process (PID=1750) to work on /opt/airflow/dags/steam_analytics.py
[2026-09-03T18:34:10.904+0000] {processor.py:830} INFO - Processing file /opt/airflow/dags/steam_analytics.py for tasks to queue
[2026-09-03T18:34:10.905+0000] {logging_mixin.py:188} INFO - [2026-09-03T18:34:10.905+0000] {dagbag.py:545} INFO - Filling up the DagBag from /opt/airflow/dags/steam_analytics.py
[2026-09-03T18:34:11.134+0000] {processor.py:840} INFO - DAG(s) 'steam_analytics_daily' retrieved from /opt/airflow/dags/steam_analytics.py
[2026-09-03T18:34:11.156+0000] {logging_mixin.py:188} INFO - [2026-09-03T18:34:11.156+0000] {dag.py:3089} INFO - Sync 1 DAGs
[2026-09-03T18:34:11.174+0000] {logging_mixin.py:188} INFO - [2026-09-03T18:34:11.173+0000] {dag.py:3947} INFO - Setting next_dagrun for steam_analytics_daily to 2026-09-03 02:00:00+00:00, run_after=2026-09-04 02:00:00+00:00
[2026-09-03T18:34:11.192+0000] {processor.py:183} INFO - Processing /opt/airflow/dags/steam_analytics.py took 0.293 seconds
[2026-09-03T18:34:41.417+0000] {processor.py:161} INFO - Started process (PID=1755) to work on /opt/airflow/dags/steam_analytics.py
[2026-09-03T18:34:41.418+0000] {processor.py:830} INFO - Processing file /opt/airflow/dags/steam_analytics.py for tasks to queue
[2026-09-03T18:34:41.419+0000] {logging_mixin.py:188} INFO - [2026-09-03T18:34:41.419+0000] {dagbag.py:545} INFO - Filling up the DagBag from /opt/airflow/dags/steam_analytics.py
[2026-09-03T18:34:41.552+0000] {processor.py:840} INFO - DAG(s) 'steam_analytics_daily' retrieved from /opt/airflow/dags/steam_analytics.py
[2026-09-03T18:34:41.576+0000] {logging_mixin.py:188} INFO - [2026-09-03T18:34:41.576+0000] {dag.py:3089} INFO - Sync 1 DAGs
[2026-09-03T18:34:41.596+0000] {logging_mixin.py:188} INFO - [2026-09-03T18:34:41.596+0000] {dag.py:3947} INFO - Setting next_dagrun for steam_analytics_daily to 2026-09-03 02:00:00+00:00, run_after=2026-09-04 02:00:00+00:00
[2026-09-03T18:34:41.611+0000] {processor.py:183} INFO - Processing /opt/airflow/dags/steam_analytics.py took 0.199 seconds
[2026-09-03T18:35:11.731+0000] {processor.py:161} INFO - Started process (PID=1760) to work on /opt/airflow/dags/steam_analytics.py
[2026-09-03T18:35:11.731+0000] {processor.py:830} INFO - Processing file /opt/airflow/dags/steam_analytics.py for tasks to queue
[2026-09-03T18:35:11.733+0000] {logging_mixin.py:188} INFO - [2026-09-03T18:35:11.732+0000] {dagbag.py:545} INFO - Filling up the DagBag from /opt/airflow/dags/steam_analytics.py
[2026-09-03T18:35:11.860+0000] {processor.py:840} INFO - DAG(s) 'steam_analytics_daily' retrieved from /opt/airflow/dags/steam_analytics.py
[2026-09-03T18:35:11.884+0000] {logging_mixin.py:188} INFO - [2026-09-03T18:35:11.884+0000] {dag.py:3089} INFO - Sync 1 DAGs
[2026-09-03T18:35:11.903+0000] {logging_mixin.py:188} INFO - [2026-09-03T18:35:11.903+0000] {dag.py:3947} INFO - Setting next_dagrun for steam_analytics_daily to 2026-09-03 02:00:00+00:00, run_after=2026-09-04 02:00:00+00:00
[2026-09-03T18:35:11.918+0000] {processor.py:183} INFO - Processing /opt/airflow/dags/steam_analytics.py took 0.192 seconds
[2026-09-03T18:35:42.041+0000] {processor.py:161} INFO - Started process (PID=1765) to work on /opt/airflow/dags/steam_analytics.py
[2026-09-03T18:35:42.041+0000] {processor.py:830} INFO - Processing file /opt/airflow/dags/steam_analytics.py for tasks to queue
[2026-09-03T18:35:42.043+0000] {logging_mixin.py:188} INFO - [2026-09-03T18:35:42.042+0000] {dagbag.py:545} INFO - Filling up the DagBag from /opt/airflow/dags/steam_analytics.py
[2026-09-03T18:35:42.173+0000] {processor.py:840} INFO - DAG(s) 'steam_analytics_daily' retrieved from /opt/airflow/dags/steam_analytics.py
[2026-09-03T18:35:42.198+0000] {logging_mixin.py:188} INFO - [2026-09-03T18:35:42.198+0000] {dag.py:3089} INFO - Sync 1 DAGs
[2026-09-03T18:35:42.217+0000] {logging_mixin.py:188} INFO - [2026-09-03T18:35:42.217+0000] {dag.py:3947} INFO - Setting next_dagrun for steam_analytics_daily to 2026-09-03 02:00:00+00:00, run_after=2026-09-04 02:00:00+00:00
[2026-09-03T18:35:42.233+0000] {processor.py:183} INFO - Processing /opt/airflow/dags/steam_analytics.py took 0.197 seconds
[2026-09-03T18:36:12.349+0000] {processor.py:161} INFO - Started process (PID=1770) to work on /opt/airflow/dags/steam_analytics.py
[2026-09-03T18:36:12.350+0000] {processor.py:830} INFO - Processing file /opt/airflow/dags/steam_analytics.py for tasks to queue
[2026-09-03T18:36:12.351+0000] {logging_mixin.py:188} INFO - [2026-09-03T18:36:12.351+0000] {dagbag.py:545} INFO - Filling up the DagBag from /opt/airflow/dags/steam_analytics.py
[2026-09-03T18:36:12.481+0000] {processor.py:840} INFO - DAG(s) 'steam_analytics_daily' retrieved from /opt/airflow/dags/steam_analytics.py
[2026-09-03T18:36:12.505+0000] {logging_mixin.py:188} INFO - [2026-09-03T18:36:12.505+0000] {dag.py:3089} INFO - Sync 1 DAGs
[2026-09-03T18:36:12.524+0000] {logging_mixin.py:188} INFO - [2026-09-03T18:36:12.523+0000] {dag.py:3947} INFO - Setting next_dagrun for steam_analytics_daily to 2026-09-03 02:00:00+00:00, run_after=2026-09-04 02:00:00+00:00
[2026-09-03T18:36:12.539+0000] {processor.py:183} INFO - Processing /opt/airflow/dags/steam_analytics.py took 0.195 seconds
[2026-09-03T18:36:42.655+0000] {processor.py:161} INFO - Started process (PID=1775) to work on /opt/airflow/dags/steam_analytics.py
[2026-09-03T18:36:42.655+0000] {processor.py:830} INFO - Processing file /opt/airflow/dags/steam_analytics.py for tasks to queue
[2026-09-03T18:36:42.657+0000] {logging_mixin.py:188} INFO - [2026-09-03T18:36:42.656+0000] {dagbag.py:545} INFO - Filling up the DagBag from /opt/airflow/dags/steam_analytics.py
[2026-09-03T18:36:42.783+0000] {processor.py:840} INFO - DAG(s) 'steam_analytics_daily' retrieved from /opt/airflow/dags/steam_analytics.py
[2026-09-03T18:36:42.806+0000] {logging_mixin.py:188} INFO - [2026-09-03T18:36:42.806+0000] {dag.py:3089} INFO - Sync 1 DAGs
[2026-09-03T18:36:42.824+0000] {logging_mixin.py:188} INFO - [2026-09-03T18:36:42.824+0000] {dag.py:3947} INFO - Setting next_dagrun for steam_analytics_daily to 2026-09-03 02:00:00+00:00, run_after=2026-09-04 02:00:00+00:00
[2026-09-03T18:36:42.839+0000] {processor.py:183} INFO - Processing /opt/airflow/dags/steam_analytics.py took 0.190 seconds
[2026-09-03T18:37:12.955+0000] {processor.py:161} INFO - Started process (PID=1780) to work on /opt/airflow/dags/steam_analytics.py
[2026-09-03T18:37:12.955+0000] {processor.py:830} INFO - Processing file /opt/airflow/dags/steam_analytics.py for tasks to queue
[2026-09-03T18:37:12.957+0000] {logging_mixin.py:188} INFO - [2026-09-03T18:37:12.957+0000] {dagbag.py:545} INFO - Filling up the DagBag from /opt/airflow/dags/steam_analytics.py
[2026-09-03T18:37:13.083+0000] {processor.py:840} INFO - DAG(s) 'steam_analytics_daily' retrieved from /opt/airflow/dags/steam_analytics.py
[2026-09-03T18:37:13.108+0000] {logging_mixin.py:188} INFO - [2026-09-03T18:37:13.108+0000] {dag.py:3089} INFO - Sync 1 DAGs
[2026-09-03T18:37:13.126+0000] {logging_mixin.py:188} INFO - [2026-09-03T18:37:13.126+0000] {dag.py:3947} INFO - Setting next_dagrun for steam_analytics_daily to 2026-09-03 02:00:00+00:00, run_after=2026-09-04 02:00:00+00:00
[2026-09-03T18:37:13.141+0000] {processor.py:183} INFO - Processing /opt/airflow/dags/steam_analytics.py took 0.191 seconds
[2026-09-03T18:37:43.261+0000] {processor.py:161} INFO - Started process (PID=1785) to work on /opt/airflow/dags/steam_analytics.py
[2026-09-03T18:37:43.261+0000] {processor.py:830} INFO - Processing file /opt/airflow/dags/steam_analytics.py for tasks to queue
[2026-09-03T18:37:43.263+0000] {logging_mixin.py:188} INFO - [2026-09-03T18:37:43.262+0000] {dagbag.py:545} INFO - Filling up the DagBag from /opt/airflow/dags/steam_analytics.py
[2026-09-03T18:37:43.389+0000] {processor.py:840} INFO - DAG(s) 'steam_analytics_daily' retrieved from /opt/airflow/dags/steam_analytics.py
[2026-09-03T18:37:43.413+0000] {logging_mixin.py:188} INFO - [2026-09-03T18:37:43.413+0000] {dag.py:3089} INFO - Sync 1 DAGs
[2026-09-03T18:37:43.432+0000] {logging_mixin.py:188} INFO - [2026-09-03T18:37:43.431+0000] {dag.py:3947} INFO - Setting next_dagrun for steam_analytics_daily to 2026-09-03 02:00:00+00:00, run_after=2026-09-04 02:00:00+00:00
[2026-09-03T18:37:43.446+0000] {processor.py:183} INFO - Processing /opt/airflow/dags/steam_analytics.py took 0.190 seconds
[2026-09-03T18:38:13.565+0000] {processor.py:161} INFO - Started process (PID=1790) to work on /opt/airflow/dags/steam_analytics.py
[2026-09-03T18:38:13.566+0000] {processor.py:830} INFO - Processing file /opt/airflow/dags/steam_analytics.py for tasks to queue
[2026-09-03T18:38:13.567+0000] {logging_mixin.py:188} INFO - [2026-09-03T18:38:13.567+0000] {dagbag.py:545} INFO - Filling up the DagBag from /opt/airflow/dags/steam_analytics.py
[2026-09-03T18:38:13.696+0000] {processor.py:840} INFO - DAG(s) 'steam_analytics_daily' retrieved from /opt/airflow/dags/steam_analytics.py
[2026-09-03T18:38:13.722+0000] {logging_mixin.py:188} INFO - [2026-09-03T18:38:13.722+0000] {dag.py:3089} INFO - Sync 1 DAGs
[2026-09-03T18:38:13.742+0000] {logging_mixin.py:188} INFO - [2026-09-03T18:38:13.742+0000] {dag.py:3947} INFO - Setting next_dagrun for steam_analytics_daily to 2026-09-03 02:00:00+00:00, run_after=2026-09-04 02:00:00+00:00
[2026-09-03T18:38:13.757+0000] {processor.py:183} INFO - Processing /opt/airflow/dags/steam_analytics.py took 0.196 seconds
[2026-09-03T18:38:43.881+0000] {processor.py:161} INFO - Started process (PID=1795) to work on /opt/airflow/dags/steam_analytics.py
[2026-09-03T18:38:43.882+0000] {processor.py:830} INFO - Processing file /opt/airflow/dags/steam_analytics.py for tasks to queue
[2026-09-03T18:38:43.883+0000] {logging_mixin.py:188} INFO - [2026-09-03T18:38:43.883+0000] {dagbag.py:545} INFO - Filling up the DagBag from /opt/airflow/dags/steam_analytics.py
[2026-09-03T18:38:44.010+0000] {processor.py:840} INFO - DAG(s) 'steam_analytics_daily' retrieved from /opt/airflow/dags/steam_analytics.py
[2026-09-03T18:38:44.033+0000] {logging_mixin.py:188} INFO - [2026-09-03T18:38:44.033+0000] {dag.py:3089} INFO - Sync 1 DAGs
[2026-09-03T18:38:44.052+0000] {logging_mixin.py:188} INFO - [2026-09-03T18:38:44.052+0000] {dag.py:3947} INFO - Setting next_dagrun for steam_analytics_daily to 2026-09-03 02:00:00+00:00, run_after=2026-09-04 02:00:00+00:00
[2026-09-03T18:38:44.066+0000] {processor.py:183} INFO - Processing /opt/airflow/dags/steam_analytics.py took 0.190 seconds
[2026-09-03T18:39:14.186+0000] {processor.py:161} INFO - Started process (PID=1800) to work on /opt/airflow/dags/steam_analytics.py
[2026-09-03T18:39:14.187+0000] {processor.py:830} INFO - Processing file /opt/airflow/dags/steam_analytics.py for tasks to queue
[2026-09-03T18:39:14.189+0000] {logging_mixin.py:188} INFO - [2026-09-03T18:39:14.188+0000] {dagbag.py:545} INFO - Filling up the DagBag from /opt/airflow/dags/steam_analytics.py
[2026-09-03T18:39:14.321+0000] {processor.py:840} INFO - DAG(s) 'steam_analytics_daily' retrieved from /opt/airflow/dags/steam_analytics.py
[2026-09-03T18:39:14.347+0000] {logging_mixin.py:188} INFO - [2026-09-03T18:39:14.347+0000] {dag.py:3089} INFO - Sync 1 DAGs
[2026-09-03T18:39:14.365+0000] {logging_mixin.py:188} INFO - [2026-09-03T18:39:14.365+0000] {dag.py:3947} INFO - Setting next_dagrun for steam_analytics_daily to 2026-09-03 02:00:00+00:00, run_after=2026-09-04 02:00:00+00:00
[2026-09-03T18:39:14.380+0000] {processor.py:183} INFO - Processing /opt/airflow/dags/steam_analytics.py took 0.198 seconds
[2026-09-03T18:39:44.499+0000] {processor.py:161} INFO - Started process (PID=1805) to work on /opt/airflow/dags/steam_analytics.py
[2026-09-03T18:39:44.500+0000] {processor.py:830} INFO - Processing file /opt/airflow/dags/steam_analytics.py for tasks to queue
[2026-09-03T18:39:44.501+0000] {logging_mixin.py:188} INFO - [2026-09-03T18:39:44.501+0000] {dagbag.py:545} INFO - Filling up the DagBag from /opt/airflow/dags/steam_analytics.py
[2026-09-03T18:39:44.625+0000] {processor.py:840} INFO - DAG(s) 'steam_analytics_daily' retrieved from /opt/airflow/dags/steam_analytics.py
[2026-09-03T18:39:44.648+0000] {logging_mixin.py:188} INFO - [2026-09-03T18:39:44.648+0000] {dag.py:3089} INFO - Sync 1 DAGs
[2026-09-03T18:39:44.665+0000] {logging_mixin.py:188} INFO - [2026-09-03T18:39:44.665+0000] {dag.py:3947} INFO - Setting next_dagrun for steam_analytics_daily to 2026-09-03 02:00:00+00:00, run_after=2026-09-04 02:00:00+00:00
[2026-09-03T18:39:44.679+0000] {processor.py:183} INFO - Processing /opt/airflow/dags/steam_analytics.py took 0.184 seconds
[2026-09-03T18:40:14.793+0000] {processor.py:161} INFO - Started process (PID=1810) to work on /opt/airflow/dags/steam_analytics.py
[2026-09-03T18:40:14.794+0000] {processor.py:830} INFO - Processing file /opt/airflow/dags/steam_analytics.py for tasks to queue
[2026-09-03T18:40:14.795+0000] {logging_mixin.py:188} INFO - [2026-09-03T18:40:14.795+0000] {dagbag.py:545} INFO - Filling up the DagBag from /opt/airflow/dags/steam_analytics.py
[2026-09-03T18:40:14.931+0000] {processor.py:840} INFO - DAG(s) 'steam_analytics_daily' retrieved from /opt/airflow/dags/steam_analytics.py
[2026-09-03T18:40:14.956+0000] {logging_mixin.py:188} INFO - [2026-09-03T18:40:14.956+0000] {dag.py:3089} INFO - Sync 1 DAGs
[2026-09-03T18:40:14.974+0000] {logging_mixin.py:188} INFO - [2026-09-03T18:40:14.974+0000] {dag.py:3947} INFO - Setting next_dagrun for steam_analytics_daily to 2026-09-03 02:00:00+00:00, run_after=2026-09-04 02:00:00+00:00
[2026-09-03T18:40:14.989+0000] {processor.py:183} INFO - Processing /opt/airflow/dags/steam_analytics.py took 0.200 seconds
[2026-09-03T18:40:45.110+0000] {processor.py:161} INFO - Started process (PID=1815) to work on /opt/airflow/dags/steam_analytics.py
[2026-09-03T18:40:45.111+0000] {processor.py:830} INFO - Processing file /opt/airflow/dags/steam_analytics.py for tasks to queue
[2026-09-03T18:40:45.112+0000] {logging_mixin.py:188} INFO - [2026-09-03T18:40:45.112+0000] {dagbag.py:545} INFO - Filling up the DagBag from /opt/airflow/dags/steam_analytics.py
[2026-09-03T18:40:45.241+0000] {processor.py:840} INFO - DAG(s) 'steam_analytics_daily' retrieved from /opt/airflow/dags/steam_analytics.py
[2026-09-03T18:40:45.265+0000] {logging_mixin.py:188} INFO - [2026-09-03T18:40:45.265+0000] {dag.py:3089} INFO - Sync 1 DAGs
[2026-09-03T18:40:45.286+0000] {logging_mixin.py:188} INFO - [2026-09-03T18:40:45.286+0000] {dag.py:3947} INFO - Setting next_dagrun for steam_analytics_daily to 2026-09-03 02:00:00+00:00, run_after=2026-09-04 02:00:00+00:00
[2026-09-03T18:40:45.301+0000] {processor.py:183} INFO - Processing /opt/airflow/dags/steam_analytics.py took 0.196 seconds
[2026-09-03T18:41:15.421+0000] {processor.py:161} INFO - Started process (PID=1820) to work on /opt/airflow/dags/steam_analytics.py
[2026-09-03T18:41:15.421+0000] {processor.py:830} INFO - Processing file /opt/airflow/dags/steam_analytics.py for tasks to queue
[2026-09-03T18:41:15.423+0000] {logging_mixin.py:188} INFO - [2026-09-03T18:41:15.422+0000] {dagbag.py:545} INFO - Filling up the DagBag from /opt/airflow/dags/steam_analytics.py
[2026-09-03T18:41:15.547+0000] {processor.py:840} INFO - DAG(s) 'steam_analytics_daily' retrieved from /opt/airflow/dags/steam_analytics.py
[2026-09-03T18:41:15.571+0000] {logging_mixin.py:188} INFO - [2026-09-03T18:41:15.571+0000] {dag.py:3089} INFO - Sync 1 DAGs
[2026-09-03T18:41:15.589+0000] {logging_mixin.py:188} INFO - [2026-09-03T18:41:15.589+0000] {dag.py:3947} INFO - Setting next_dagrun for steam_analytics_daily to 2026-09-03 02:00:00+00:00, run_after=2026-09-04 02:00:00+00:00
[2026-09-03T18:41:15.604+0000] {processor.py:183} INFO - Processing /opt/airflow/dags/steam_analytics.py took 0.188 seconds
[2026-09-03T18:41:45.724+0000] {processor.py:161} INFO - Started process (PID=1825) to work on /opt/airflow/dags/steam_analytics.py
[2026-09-03T18:41:45.724+0000] {processor.py:830} INFO - Processing file /opt/airflow/dags/steam_analytics.py for tasks to queue
[2026-09-03T18:41:45.726+0000] {logging_mixin.py:188} INFO - [2026-09-03T18:41:45.725+0000] {dagbag.py:545} INFO - Filling up the DagBag from /opt/airflow/dags/steam_analytics.py
[2026-09-03T18:41:45.850+0000] {processor.py:840} INFO - DAG(s) 'steam_analytics_daily' retrieved from /opt/airflow/dags/steam_analytics.py
[2026-09-03T18:41:45.876+0000] {logging_mixin.py:188} INFO - [2026-09-03T18:41:45.876+0000] {dag.py:3089} INFO - Sync 1 DAGs
[2026-09-03T18:41:45.893+0000] {logging_mixin.py:188} INFO - [2026-09-03T18:41:45.893+0000] {dag.py:3947} INFO - Setting next_dagrun for steam_analytics_daily to 2026-09-03 02:00:00+00:00, run_after=2026-09-04 02:00:00+00:00
[2026-09-03T18:41:45.908+0000] {processor.py:183} INFO - Processing /opt/airflow/dags/steam_analytics.py took 0.189 seconds
[2026-09-03T18:42:16.031+0000] {processor.py:161} INFO - Started process (PID=1830) to work on /opt/airflow/dags/steam_analytics.py
[2026-09-03T18:42:16.032+0000] {processor.py:830} INFO - Processing file /opt/airflow/dags/steam_analytics.py for tasks to queue
[2026-09-03T18:42:16.033+0000] {logging_mixin.py:188} INFO - [2026-09-03T18:42:16.033+0000] {dagbag.py:545} INFO - Filling up the DagBag from /opt/airflow/dags/steam_analytics.py
[2026-09-03T18:42:16.174+0000] {processor.py:840} INFO - DAG(s) 'steam_analytics_daily' retrieved from /opt/airflow/dags/steam_analytics.py
[2026-09-03T18:42:16.200+0000] {logging_mixin.py:188} INFO - [2026-09-03T18:42:16.200+0000] {dag.py:3089} INFO - Sync 1 DAGs
[2026-09-03T18:42:16.220+0000] {logging_mixin.py:188} INFO - [2026-09-03T18:42:16.220+0000] {dag.py:3947} INFO - Setting next_dagrun for steam_analytics_daily to 2026-09-03 02:00:00+00:00, run_after=2026-09-04 02:00:00+00:00
[2026-09-03T18:42:16.236+0000] {processor.py:183} INFO - Processing /opt/airflow/dags/steam_analytics.py took 0.210 seconds
[2026-09-03T18:42:46.356+0000] {processor.py:161} INFO - Started process (PID=1835) to work on /opt/airflow/dags/steam_analytics.py
[2026-09-03T18:42:46.357+0000] {processor.py:830} INFO - Processing file /opt/airflow/dags/steam_analytics.py for tasks to queue
[2026-09-03T18:42:46.358+0000] {logging_mixin.py:188} INFO - [2026-09-03T18:42:46.358+0000] {dagbag.py:545} INFO - Filling up the DagBag from /opt/airflow/dags/steam_analytics.py
[2026-09-03T18:42:46.486+0000] {processor.py:840} INFO - DAG(s) 'steam_analytics_daily' retrieved from /opt/airflow/dags/steam_analytics.py
[2026-09-03T18:42:46.514+0000] {logging_mixin.py:188} INFO - [2026-09-03T18:42:46.513+0000] {dag.py:3089} INFO - Sync 1 DAGs
[2026-09-03T18:42:46.533+0000] {logging_mixin.py:188} INFO - [2026-09-03T18:42:46.532+0000] {dag.py:3947} INFO - Setting next_dagrun for steam_analytics_daily to 2026-09-03 02:00:00+00:00, run_after=2026-09-04 02:00:00+00:00
[2026-09-03T18:42:46.550+0000] {processor.py:183} INFO - Processing /opt/airflow/dags/steam_analytics.py took 0.198 seconds
[2026-09-03T18:43:16.667+0000] {processor.py:161} INFO - Started process (PID=1840) to work on /opt/airflow/dags/steam_analytics.py
[2026-09-03T18:43:16.668+0000] {processor.py:830} INFO - Processing file /opt/airflow/dags/steam_analytics.py for tasks to queue
[2026-09-03T18:43:16.670+0000] {logging_mixin.py:188} INFO - [2026-09-03T18:43:16.669+0000] {dagbag.py:545} INFO - Filling up the DagBag from /opt/airflow/dags/steam_analytics.py
[2026-09-03T18:43:16.793+0000] {processor.py:840} INFO - DAG(s) 'steam_analytics_daily' retrieved from /opt/airflow/dags/steam_analytics.py
[2026-09-03T18:43:16.817+0000] {logging_mixin.py:188} INFO - [2026-09-03T18:43:16.816+0000] {dag.py:3089} INFO - Sync 1 DAGs
[2026-09-03T18:43:16.835+0000] {logging_mixin.py:188} INFO - [2026-09-03T18:43:16.835+0000] {dag.py:3947} INFO - Setting next_dagrun for steam_analytics_daily to 2026-09-03 02:00:00+00:00, run_after=2026-09-04 02:00:00+00:00
[2026-09-03T18:43:16.851+0000] {processor.py:183} INFO - Processing /opt/airflow/dags/steam_analytics.py took 0.188 seconds
[2026-09-03T18:43:46.969+0000] {processor.py:161} INFO - Started process (PID=1845) to work on /opt/airflow/dags/steam_analytics.py
[2026-09-03T18:43:46.969+0000] {processor.py:830} INFO - Processing file /opt/airflow/dags/steam_analytics.py for tasks to queue
[2026-09-03T18:43:46.971+0000] {logging_mixin.py:188} INFO - [2026-09-03T18:43:46.970+0000] {dagbag.py:545} INFO - Filling up the DagBag from /opt/airflow/dags/steam_analytics.py
[2026-09-03T18:43:47.151+0000] {processor.py:840} INFO - DAG(s) 'steam_analytics_daily' retrieved from /opt/airflow/dags/steam_analytics.py
[2026-09-03T18:43:47.179+0000] {logging_mixin.py:188} INFO - [2026-09-03T18:43:47.179+0000] {dag.py:3089} INFO - Sync 1 DAGs
[2026-09-03T18:43:47.198+0000] {logging_mixin.py:188} INFO - [2026-09-03T18:43:47.198+0000] {dag.py:3947} INFO - Setting next_dagrun for steam_analytics_daily to 2026-09-03 02:00:00+00:00, run_after=2026-09-04 02:00:00+00:00
[2026-09-03T18:43:47.213+0000] {processor.py:183} INFO - Processing /opt/airflow/dags/steam_analytics.py took 0.249 seconds
[2026-09-03T18:44:17.338+0000] {processor.py:161} INFO - Started process (PID=1850) to work on /opt/airflow/dags/steam_analytics.py
[2026-09-03T18:44:17.338+0000] {processor.py:830} INFO - Processing file /opt/airflow/dags/steam_analytics.py for tasks to queue
[2026-09-03T18:44:17.340+0000] {logging_mixin.py:188} INFO - [2026-09-03T18:44:17.339+0000] {dagbag.py:545} INFO - Filling up the DagBag from /opt/airflow/dags/steam_analytics.py
[2026-09-03T18:44:17.468+0000] {processor.py:840} INFO - DAG(s) 'steam_analytics_daily' retrieved from /opt/airflow/dags/steam_analytics.py
[2026-09-03T18:44:17.493+0000] {logging_mixin.py:188} INFO - [2026-09-03T18:44:17.493+0000] {dag.py:3089} INFO - Sync 1 DAGs
[2026-09-03T18:44:17.511+0000] {logging_mixin.py:188} INFO - [2026-09-03T18:44:17.511+0000] {dag.py:3947} INFO - Setting next_dagrun for steam_analytics_daily to 2026-09-03 02:00:00+00:00, run_after=2026-09-04 02:00:00+00:00
[2026-09-03T18:44:17.525+0000] {processor.py:183} INFO - Processing /opt/airflow/dags/steam_analytics.py took 0.192 seconds
[2026-09-03T18:44:47.643+0000] {processor.py:161} INFO - Started process (PID=1855) to work on /opt/airflow/dags/steam_analytics.py
[2026-09-03T18:44:47.643+0000] {processor.py:830} INFO - Processing file /opt/airflow/dags/steam_analytics.py for tasks to queue
[2026-09-03T18:44:47.645+0000] {logging_mixin.py:188} INFO - [2026-09-03T18:44:47.644+0000] {dagbag.py:545} INFO - Filling up the DagBag from /opt/airflow/dags/steam_analytics.py
[2026-09-03T18:44:47.770+0000] {processor.py:840} INFO - DAG(s) 'steam_analytics_daily' retrieved from /opt/airflow/dags/steam_analytics.py
[2026-09-03T18:44:47.794+0000] {logging_mixin.py:188} INFO - [2026-09-03T18:44:47.793+0000] {dag.py:3089} INFO - Sync 1 DAGs
[2026-09-03T18:44:47.811+0000] {logging_mixin.py:188} INFO - [2026-09-03T18:44:47.811+0000] {dag.py:3947} INFO - Setting next_dagrun for steam_analytics_daily to 2026-09-03 02:00:00+00:00, run_after=2026-09-04 02:00:00+00:00
[2026-09-03T18:44:47.825+0000] {processor.py:183} INFO - Processing /opt/airflow/dags/steam_analytics.py took 0.187 seconds
[2026-09-03T18:45:17.942+0000] {processor.py:161} INFO - Started process (PID=1860) to work on /opt/airflow/dags/steam_analytics.py
[2026-09-03T18:45:17.942+0000] {processor.py:830} INFO - Processing file /opt/airflow/dags/steam_analytics.py for tasks to queue
[2026-09-03T18:45:17.944+0000] {logging_mixin.py:188} INFO - [2026-09-03T18:45:17.944+0000] {dagbag.py:545} INFO - Filling up the DagBag from /opt/airflow/dags/steam_analytics.py
[2026-09-03T18:45:18.069+0000] {processor.py:840} INFO - DAG(s) 'steam_analytics_daily' retrieved from /opt/airflow/dags/steam_analytics.py
[2026-09-03T18:45:18.093+0000] {logging_mixin.py:188} INFO - [2026-09-03T18:45:18.092+0000] {dag.py:3089} INFO - Sync 1 DAGs
[2026-09-03T18:45:18.110+0000] {logging_mixin.py:188} INFO - [2026-09-03T18:45:18.110+0000] {dag.py:3947} INFO - Setting next_dagrun for steam_analytics_daily to 2026-09-03 02:00:00+00:00, run_after=2026-09-04 02:00:00+00:00
[2026-09-03T18:45:18.125+0000] {processor.py:183} INFO - Processing /opt/airflow/dags/steam_analytics.py took 0.188 seconds
[2026-09-03T18:45:48.252+0000] {processor.py:161} INFO - Started process (PID=1865) to work on /opt/airflow/dags/steam_analytics.py
[2026-09-03T18:45:48.253+0000] {processor.py:830} INFO - Processing file /opt/airflow/dags/steam_analytics.py for tasks to queue
[2026-09-03T18:45:48.254+0000] {logging_mixin.py:188} INFO - [2026-09-03T18:45:48.254+0000] {dagbag.py:545} INFO - Filling up the DagBag from /opt/airflow/dags/steam_analytics.py
[2026-09-03T18:45:48.384+0000] {processor.py:840} INFO - DAG(s) 'steam_analytics_daily' retrieved from /opt/airflow/dags/steam_analytics.py
[2026-09-03T18:45:48.407+0000] {logging_mixin.py:188} INFO - [2026-09-03T18:45:48.407+0000] {dag.py:3089} INFO - Sync 1 DAGs
[2026-09-03T18:45:48.426+0000] {logging_mixin.py:188} INFO - [2026-09-03T18:45:48.426+0000] {dag.py:3947} INFO - Setting next_dagrun for steam_analytics_daily to 2026-09-03 02:00:00+00:00, run_after=2026-09-04 02:00:00+00:00
[2026-09-03T18:45:48.440+0000] {processor.py:183} INFO - Processing /opt/airflow/dags/steam_analytics.py took 0.192 seconds
[2026-09-03T18:46:18.559+0000] {processor.py:161} INFO - Started process (PID=1870) to work on /opt/airflow/dags/steam_analytics.py
[2026-09-03T18:46:18.560+0000] {processor.py:830} INFO - Processing file /opt/airflow/dags/steam_analytics.py for tasks to queue
[2026-09-03T18:46:18.561+0000] {logging_mixin.py:188} INFO - [2026-09-03T18:46:18.561+0000] {dagbag.py:545} INFO - Filling up the DagBag from /opt/airflow/dags/steam_analytics.py
[2026-09-03T18:46:18.686+0000] {processor.py:840} INFO - DAG(s) 'steam_analytics_daily' retrieved from /opt/airflow/dags/steam_analytics.py
[2026-09-03T18:46:18.711+0000] {logging_mixin.py:188} INFO - [2026-09-03T18:46:18.710+0000] {dag.py:3089} INFO - Sync 1 DAGs
[2026-09-03T18:46:18.728+0000] {logging_mixin.py:188} INFO - [2026-09-03T18:46:18.728+0000] {dag.py:3947} INFO - Setting next_dagrun for steam_analytics_daily to 2026-09-03 02:00:00+00:00, run_after=2026-09-04 02:00:00+00:00
[2026-09-03T18:46:18.743+0000] {processor.py:183} INFO - Processing /opt/airflow/dags/steam_analytics.py took 0.188 seconds
[2026-09-03T18:46:48.860+0000] {processor.py:161} INFO - Started process (PID=1875) to work on /opt/airflow/dags/steam_analytics.py
[2026-09-03T18:46:48.860+0000] {processor.py:830} INFO - Processing file /opt/airflow/dags/steam_analytics.py for tasks to queue
[2026-09-03T18:46:48.862+0000] {logging_mixin.py:188} INFO - [2026-09-03T18:46:48.861+0000] {dagbag.py:545} INFO - Filling up the DagBag from /opt/airflow/dags/steam_analytics.py
[2026-09-03T18:46:48.989+0000] {processor.py:840} INFO - DAG(s) 'steam_analytics_daily' retrieved from /opt/airflow/dags/steam_analytics.py
[2026-09-03T18:46:49.012+0000] {logging_mixin.py:188} INFO - [2026-09-03T18:46:49.012+0000] {dag.py:3089} INFO - Sync 1 DAGs
[2026-09-03T18:46:49.030+0000] {logging_mixin.py:188} INFO - [2026-09-03T18:46:49.030+0000] {dag.py:3947} INFO - Setting next_dagrun for steam_analytics_daily to 2026-09-03 02:00:00+00:00, run_after=2026-09-04 02:00:00+00:00
[2026-09-03T18:46:49.045+0000] {processor.py:183} INFO - Processing /opt/airflow/dags/steam_analytics.py took 0.190 seconds
[2026-09-03T18:47:19.162+0000] {processor.py:161} INFO - Started process (PID=1880) to work on /opt/airflow/dags/steam_analytics.py
[2026-09-03T18:47:19.163+0000] {processor.py:830} INFO - Processing file /opt/airflow/dags/steam_analytics.py for tasks to queue
[2026-09-03T18:47:19.164+0000] {logging_mixin.py:188} INFO - [2026-09-03T18:47:19.164+0000] {dagbag.py:545} INFO - Filling up the DagBag from /opt/airflow/dags/steam_analytics.py
[2026-09-03T18:47:19.312+0000] {processor.py:840} INFO - DAG(s) 'steam_analytics_daily' retrieved from /opt/airflow/dags/steam_analytics.py
[2026-09-03T18:47:19.339+0000] {logging_mixin.py:188} INFO - [2026-09-03T18:47:19.339+0000] {dag.py:3089} INFO - Sync 1 DAGs
[2026-09-03T18:47:19.358+0000] {logging_mixin.py:188} INFO - [2026-09-03T18:47:19.358+0000] {dag.py:3947} INFO - Setting next_dagrun for steam_analytics_daily to 2026-09-03 02:00:00+00:00, run_after=2026-09-04 02:00:00+00:00
[2026-09-03T18:47:19.373+0000] {processor.py:183} INFO - Processing /opt/airflow/dags/steam_analytics.py took 0.215 seconds
[2026-09-03T18:47:49.491+0000] {processor.py:161} INFO - Started process (PID=1885) to work on /opt/airflow/dags/steam_analytics.py
[2026-09-03T18:47:49.491+0000] {processor.py:830} INFO - Processing file /opt/airflow/dags/steam_analytics.py for tasks to queue
[2026-09-03T18:47:49.493+0000] {logging_mixin.py:188} INFO - [2026-09-03T18:47:49.492+0000] {dagbag.py:545} INFO - Filling up the DagBag from /opt/airflow/dags/steam_analytics.py
[2026-09-03T18:47:49.626+0000] {processor.py:840} INFO - DAG(s) 'steam_analytics_daily' retrieved from /opt/airflow/dags/steam_analytics.py
[2026-09-03T18:47:49.651+0000] {logging_mixin.py:188} INFO - [2026-09-03T18:47:49.650+0000] {dag.py:3089} INFO - Sync 1 DAGs
[2026-09-03T18:47:49.670+0000] {logging_mixin.py:188} INFO - [2026-09-03T18:47:49.670+0000] {dag.py:3947} INFO - Setting next_dagrun for steam_analytics_daily to 2026-09-03 02:00:00+00:00, run_after=2026-09-04 02:00:00+00:00
[2026-09-03T18:47:49.686+0000] {processor.py:183} INFO - Processing /opt/airflow/dags/steam_analytics.py took 0.199 seconds
[2026-09-03T18:48:19.805+0000] {processor.py:161} INFO - Started process (PID=1890) to work on /opt/airflow/dags/steam_analytics.py
[2026-09-03T18:48:19.805+0000] {processor.py:830} INFO - Processing file /opt/airflow/dags/steam_analytics.py for tasks to queue
[2026-09-03T18:48:19.807+0000] {logging_mixin.py:188} INFO - [2026-09-03T18:48:19.807+0000] {dagbag.py:545} INFO - Filling up the DagBag from /opt/airflow/dags/steam_analytics.py
[2026-09-03T18:48:19.938+0000] {processor.py:840} INFO - DAG(s) 'steam_analytics_daily' retrieved from /opt/airflow/dags/steam_analytics.py
[2026-09-03T18:48:19.962+0000] {logging_mixin.py:188} INFO - [2026-09-03T18:48:19.961+0000] {dag.py:3089} INFO - Sync 1 DAGs
[2026-09-03T18:48:19.980+0000] {logging_mixin.py:188} INFO - [2026-09-03T18:48:19.980+0000] {dag.py:3947} INFO - Setting next_dagrun for steam_analytics_daily to 2026-09-03 02:00:00+00:00, run_after=2026-09-04 02:00:00+00:00
[2026-09-03T18:48:19.995+0000] {processor.py:183} INFO - Processing /opt/airflow/dags/steam_analytics.py took 0.195 seconds
[2026-09-03T18:48:50.115+0000] {processor.py:161} INFO - Started process (PID=1895) to work on /opt/airflow/dags/steam_analytics.py
[2026-09-03T18:48:50.116+0000] {processor.py:830} INFO - Processing file /opt/airflow/dags/steam_analytics.py for tasks to queue
[2026-09-03T18:48:50.117+0000] {logging_mixin.py:188} INFO - [2026-09-03T18:48:50.117+0000] {dagbag.py:545} INFO - Filling up the DagBag from /opt/airflow/dags/steam_analytics.py
[2026-09-03T18:48:50.250+0000] {processor.py:840} INFO - DAG(s) 'steam_analytics_daily' retrieved from /opt/airflow/dags/steam_analytics.py
[2026-09-03T18:48:50.277+0000] {logging_mixin.py:188} INFO - [2026-09-03T18:48:50.276+0000] {dag.py:3089} INFO - Sync 1 DAGs
[2026-09-03T18:48:50.296+0000] {logging_mixin.py:188} INFO - [2026-09-03T18:48:50.296+0000] {dag.py:3947} INFO - Setting next_dagrun for steam_analytics_daily to 2026-09-03 02:00:00+00:00, run_after=2026-09-04 02:00:00+00:00
[2026-09-03T18:48:50.311+0000] {processor.py:183} INFO - Processing /opt/airflow/dags/steam_analytics.py took 0.200 seconds
[2026-09-03T18:49:20.436+0000] {processor.py:161} INFO - Started process (PID=1900) to work on /opt/airflow/dags/steam_analytics.py
[2026-09-03T18:49:20.437+0000] {processor.py:830} INFO - Processing file /opt/airflow/dags/steam_analytics.py for tasks to queue
[2026-09-03T18:49:20.438+0000] {logging_mixin.py:188} INFO - [2026-09-03T18:49:20.438+0000] {dagbag.py:545} INFO - Filling up the DagBag from /opt/airflow/dags/steam_analytics.py
[2026-09-03T18:49:20.569+0000] {processor.py:840} INFO - DAG(s) 'steam_analytics_daily' retrieved from /opt/airflow/dags/steam_analytics.py
[2026-09-03T18:49:20.593+0000] {logging_mixin.py:188} INFO - [2026-09-03T18:49:20.593+0000] {dag.py:3089} INFO - Sync 1 DAGs
[2026-09-03T18:49:20.611+0000] {logging_mixin.py:188} INFO - [2026-09-03T18:49:20.611+0000] {dag.py:3947} INFO - Setting next_dagrun for steam_analytics_daily to 2026-09-03 02:00:00+00:00, run_after=2026-09-04 02:00:00+00:00
[2026-09-03T18:49:20.626+0000] {processor.py:183} INFO - Processing /opt/airflow/dags/steam_analytics.py took 0.194 seconds
