[2026-09-08T11:45:15.057+0000] {processor.py:161} INFO - Started process (PID=186) to work on /opt/airflow/dags/steam_analytics.py
[2026-09-08T11:45:15.058+0000] {processor.py:830} INFO - Processing file /opt/airflow/dags/steam_analytics.py for tasks to queue
[2026-09-08T11:45:15.060+0000] {logging_mixin.py:188} INFO - [2026-09-08T11:45:15.060+0000] {dagbag.py:545} INFO - Filling up the DagBag from /opt/airflow/dags/steam_analytics.py
[2026-09-08T11:45:15.632+0000] {processor.py:840} INFO - DAG(s) 'steam_analytics_daily' retrieved from /opt/airflow/dags/steam_analytics.py
[2026-09-08T11:45:15.881+0000] {logging_mixin.py:188} INFO - [2026-09-08T11:45:15.880+0000] {override.py:1858} INFO - Created Permission View: can edit on DAG:steam_analytics_daily
[2026-09-08T11:45:15.890+0000] {logging_mixin.py:188} INFO - [2026-09-08T11:45:15.889+0000] {override.py:1858} INFO - Created Permission View: can read on DAG:steam_analytics_daily
[2026-09-08T11:45:15.896+0000] {logging_mixin.py:188} INFO - [2026-09-08T11:45:15.896+0000] {override.py:1858} INFO - Created Permission View: can delete on DAG:steam_analytics_daily
[2026-09-08T11:45:15.897+0000] {logging_mixin.py:188} INFO - [2026-09-08T11:45:15.897+0000] {dag.py:3089} INFO - Sync 1 DAGs
[2026-09-08T11:45:15.908+0000] {logging_mixin.py:188} INFO - [2026-09-08T11:45:15.908+0000] {dag.py:3111} INFO - Creating ORM DAG for steam_analytics_daily
[2026-09-08T11:45:15.920+0000] {logging_mixin.py:188} INFO - [2026-09-08T11:45:15.919+0000] {dag.py:3947} INFO - Setting next_dagrun for steam_analytics_daily to 2026-09-07 02:00:00+00:00, run_after=2026-09-08 02:00:00+00:00
[2026-09-08T11:45:15.942+0000] {processor.py:183} INFO - Processing /opt/airflow/dags/steam_analytics.py took 0.896 seconds
[2026-09-08T11:45:46.085+0000] {processor.py:161} INFO - Started process (PID=191) to work on /opt/airflow/dags/steam_analytics.py
[2026-09-08T11:45:46.086+0000] {processor.py:830} INFO - Processing file /opt/airflow/dags/steam_analytics.py for tasks to queue
[2026-09-08T11:45:46.087+0000] {logging_mixin.py:188} INFO - [2026-09-08T11:45:46.087+0000] {dagbag.py:545} INFO - Filling up the DagBag from /opt/airflow/dags/steam_analytics.py
[2026-09-08T11:45:46.226+0000] {processor.py:840} INFO - DAG(s) 'steam_analytics_daily' retrieved from /opt/airflow/dags/steam_analytics.py
[2026-09-08T11:45:46.252+0000] {logging_mixin.py:188} INFO - [2026-09-08T11:45:46.252+0000] {dag.py:3089} INFO - Sync 1 DAGs
[2026-09-08T11:45:46.270+0000] {logging_mixin.py:188} INFO - [2026-09-08T11:45:46.270+0000] {dag.py:3947} INFO - Setting next_dagrun for steam_analytics_daily to 2026-09-07 02:00:00+00:00, run_after=2026-09-08 02:00:00+00:00
[2026-09-08T11:45:46.285+0000] {processor.py:183} INFO - Processing /opt/airflow/dags/steam_analytics.py took 0.205 seconds
[2026-09-08T11:46:16.408+0000] {processor.py:161} INFO - Started process (PID=196) to work on /opt/airflow/dags/steam_analytics.py
[2026-09-08T11:46:16.408+0000] {processor.py:830} INFO - Processing file /opt/airflow/dags/steam_analytics.py for tasks to queue
[2026-09-08T11:46:16.410+0000] {logging_mixin.py:188} INFO - [2026-09-08T11:46:16.409+0000] {dagbag.py:545} INFO - Filling up the DagBag from /opt/airflow/dags/steam_analytics.py
[2026-09-08T11:46:16.553+0000] {processor.py:840} INFO - DAG(s) 'steam_analytics_daily' retrieved from /opt/airflow/dags/steam_analytics.py
[2026-09-08T11:46:16.580+0000] {logging_mixin.py:188} INFO - [2026-09-08T11:46:16.579+0000] {dag.py:3089} INFO - Sync 1 DAGs
[2026-09-08T11:46:16.598+0000] {logging_mixin.py:188} INFO - [2026-09-08T11:46:16.598+0000] {dag.py:3947} INFO - Setting next_dagrun for steam_analytics_daily to 2026-09-07 02:00:00+00:00, run_after=2026-09-08 02:00:00+00:00
[2026-09-08T11:46:16.646+0000] {processor.py:183} INFO - Processing /opt/airflow/dags/steam_analytics.py took 0.243 seconds
[2026-09-08T11:46:46.769+0000] {processor.py:161} INFO - Started process (PID=201) to work on /opt/airflow/dags/steam_analytics.py
[2026-09-08T11:46:46.770+0000] {processor.py:830} INFO - Processing file /opt/airflow/dags/steam_analytics.py for tasks to queue
[2026-09-08T11:46:46.771+0000] {logging_mixin.py:188} INFO - [2026-09-08T11:46:46.771+0000] {dagbag.py:545} INFO - Filling up the DagBag from /opt/airflow/dags/steam_analytics.py
[2026-09-08T11:46:46.913+0000] {processor.py:840} INFO - DAG(s) 'steam_analytics_daily' retrieved from /opt/airflow/dags/steam_analytics.py
[2026-09-08T11:46:46.941+0000] {logging_mixin.py:188} INFO - [2026-09-08T11:46:46.941+0000] {dag.py:3089} INFO - Sync 1 DAGs
[2026-09-08T11:46:46.960+0000] {logging_mixin.py:188} INFO - [2026-09-08T11:46:46.960+0000] {dag.py:3947} INFO - Setting next_dagrun for steam_analytics_daily to 2026-09-07 02:00:00+00:00, run_after=2026-09-08 02:00:00+00:00
[2026-09-08T11:46:46.983+0000] {processor.py:183} INFO - Processing /opt/airflow/dags/steam_analytics.py took 0.218 seconds
[2026-09-08T11:47:17.115+0000] {processor.py:161} INFO - Started process (PID=206) to work on /opt/airflow/dags/steam_analytics.py
[2026-09-08T11:47:17.116+0000] {processor.py:830} INFO - Processing file /opt/airflow/dags/steam_analytics.py for tasks to queue
[2026-09-08T11:47:17.118+0000] {logging_mixin.py:188} INFO - [2026-09-08T11:47:17.117+0000] {dagbag.py:545} INFO - Filling up the DagBag from /opt/airflow/dags/steam_analytics.py
[2026-09-08T11:47:17.261+0000] {processor.py:840} INFO - DAG(s) 'steam_analytics_daily' retrieved from /opt/airflow/dags/steam_analytics.py
[2026-09-08T11:47:17.289+0000] {logging_mixin.py:188} INFO - [2026-09-08T11:47:17.289+0000] {dag.py:3089} INFO - Sync 1 DAGs
[2026-09-08T11:47:17.309+0000] {logging_mixin.py:188} INFO - [2026-09-08T11:47:17.309+0000] {dag.py:3947} INFO - Setting next_dagrun for steam_analytics_daily to 2026-09-07 02:00:00+00:00, run_after=2026-09-08 02:00:00+00:00
[2026-09-08T11:47:17.325+0000] {processor.py:183} INFO - Processing /opt/airflow/dags/steam_analytics.py took 0.214 seconds
[2026-09-08T11:47:47.453+0000] {processor.py:161} INFO - Started process (PID=211) to work on /opt/airflow/dags/steam_analytics.py
[2026-09-08T11:47:47.454+0000] {processor.py:830} INFO - Processing file /opt/airflow/dags/steam_analytics.py for tasks to queue
[2026-09-08T11:47:47.456+0000] {logging_mixin.py:188} INFO - [2026-09-08T11:47:47.455+0000] {dagbag.py:545} INFO - Filling up the DagBag from /opt/airflow/dags/steam_analytics.py
[2026-09-08T11:47:47.601+0000] {processor.py:840} INFO - DAG(s) 'steam_analytics_daily' retrieved from /opt/airflow/dags/steam_analytics.py
[2026-09-08T11:47:47.629+0000] {logging_mixin.py:188} INFO - [2026-09-08T11:47:47.629+0000] {dag.py:3089} INFO - Sync 1 DAGs
[2026-09-08T11:47:47.650+0000] {logging_mixin.py:188} INFO - [2026-09-08T11:47:47.650+0000] {dag.py:3947} INFO - Setting next_dagrun for steam_analytics_daily to 2026-09-07 02:00:00+00:00, run_after=2026-09-08 02:00:00+00:00
[2026-09-08T11:47:47.668+0000] {processor.py:183} INFO - Processing /opt/airflow/dags/steam_analytics.py took 0.220 seconds
[2026-09-08T11:48:17.793+0000] {processor.py:161} INFO - Started process (PID=216) to work on /opt/airflow/dags/steam_analytics.py
[2026-09-08T11:48:17.793+0000] {processor.py:830} INFO - Processing file /opt/airflow/dags/steam_analytics.py for tasks to queue
[2026-09-08T11:48:17.795+0000] {logging_mixin.py:188} INFO - [2026-09-08T11:48:17.795+0000] {dagbag.py:545} INFO - Filling up the DagBag from /opt/airflow/dags/steam_analytics.py
[2026-09-08T11:48:17.937+0000] {processor.py:840} INFO - DAG(s) 'steam_analytics_daily' retrieved from /opt/airflow/dags/steam_analytics.py
[2026-09-08T11:48:17.965+0000] {logging_mixin.py:188} INFO - [2026-09-08T11:48:17.964+0000] {dag.py:3089} INFO - Sync 1 DAGs
[2026-09-08T11:48:17.983+0000] {logging_mixin.py:188} INFO - [2026-09-08T11:48:17.983+0000] {dag.py:3947} INFO - Setting next_dagrun for steam_analytics_daily to 2026-09-07 02:00:00+00:00, run_after=2026-09-08 02:00:00+00:00
[2026-09-08T11:48:17.999+0000] {processor.py:183} INFO - Processing /opt/airflow/dags/steam_analytics.py took 0.211 seconds
[2026-09-08T11:48:48.126+0000] {processor.py:161} INFO - Started process (PID=221) to work on /opt/airflow/dags/steam_analytics.py
[2026-09-08T11:48:48.127+0000] {processor.py:830} INFO - Processing file /opt/airflow/dags/steam_analytics.py for tasks to queue
[2026-09-08T11:48:48.129+0000] {logging_mixin.py:188} INFO - [2026-09-08T11:48:48.128+0000] {dagbag.py:545} INFO - Filling up the DagBag from /opt/airflow/dags/steam_analytics.py
[2026-09-08T11:48:48.269+0000] {processor.py:840} INFO - DAG(s) 'steam_analytics_daily' retrieved from /opt/airflow/dags/steam_analytics.py
[2026-09-08T11:48:48.293+0000] {logging_mixin.py:188} INFO - [2026-09-08T11:48:48.293+0000] {dag.py:3089} INFO - Sync 1 DAGs
[2026-09-08T11:48:48.311+0000] {logging_mixin.py:188} INFO - [2026-09-08T11:48:48.311+0000] {dag.py:3947} INFO - Setting next_dagrun for steam_analytics_daily to 2026-09-07 02:00:00+00:00, run_after=2026-09-08 02:00:00+00:00
[2026-09-08T11:48:48.327+0000] {processor.py:183} INFO - Processing /opt/airflow/dags/steam_analytics.py took 0.206 seconds
[2026-09-08T11:49:18.460+0000] {processor.py:161} INFO - Started process (PID=226) to work on /opt/airflow/dags/steam_analytics.py
[2026-09-08T11:49:18.461+0000] {processor.py:830} INFO - Processing file /opt/airflow/dags/steam_analytics.py for tasks to queue
[2026-09-08T11:49:18.462+0000] {logging_mixin.py:188} INFO - [2026-09-08T11:49:18.462+0000] {dagbag.py:545} INFO - Filling up the DagBag from /opt/airflow/dags/steam_analytics.py
[2026-09-08T11:49:18.608+0000] {processor.py:840} INFO - DAG(s) 'steam_analytics_daily' retrieved from /opt/airflow/dags/steam_analytics.py
[2026-09-08T11:49:18.637+0000] {logging_mixin.py:188} INFO - [2026-09-08T11:49:18.637+0000] {dag.py:3089} INFO - Sync 1 DAGs
[2026-09-08T11:49:18.661+0000] {logging_mixin.py:188} INFO - [2026-09-08T11:49:18.660+0000] {dag.py:3947} INFO - Setting next_dagrun for steam_analytics_daily to 2026-09-07 02:00:00+00:00, run_after=2026-09-08 02:00:00+00:00
[2026-09-08T11:49:18.678+0000] {processor.py:183} INFO - Processing /opt/airflow/dags/steam_analytics.py took 0.222 seconds
[2026-09-08T11:49:48.803+0000] {processor.py:161} INFO - Started process (PID=231) to work on /opt/airflow/dags/steam_analytics.py
[2026-09-08T11:49:48.804+0000] {processor.py:830} INFO - Processing file /opt/airflow/dags/steam_analytics.py for tasks to queue
[2026-09-08T11:49:48.806+0000] {logging_mixin.py:188} INFO - [2026-09-08T11:49:48.805+0000] {dagbag.py:545} INFO - Filling up the DagBag from /opt/airflow/dags/steam_analytics.py
[2026-09-08T11:49:48.939+0000] {processor.py:840} INFO - DAG(s) 'steam_analytics_daily' retrieved from /opt/airflow/dags/steam_analytics.py
[2026-09-08T11:49:48.965+0000] {logging_mixin.py:188} INFO - [2026-09-08T11:49:48.965+0000] {dag.py:3089} INFO - Sync 1 DAGs
[2026-09-08T11:49:48.984+0000] {logging_mixin.py:188} INFO - [2026-09-08T11:49:48.983+0000] {dag.py:3947} INFO - Setting next_dagrun for steam_analytics_daily to 2026-09-07 02:00:00+00:00, run_after=2026-09-08 02:00:00+00:00
[2026-09-08T11:49:48.999+0000] {processor.py:183} INFO - Processing /opt/airflow/dags/steam_analytics.py took 0.200 seconds
[2026-09-08T11:50:19.139+0000] {processor.py:161} INFO - Started process (PID=236) to work on /opt/airflow/dags/steam_analytics.py
[2026-09-08T11:50:19.140+0000] {processor.py:830} INFO - Processing file /opt/airflow/dags/steam_analytics.py for tasks to queue
[2026-09-08T11:50:19.141+0000] {logging_mixin.py:188} INFO - [2026-09-08T11:50:19.141+0000] {dagbag.py:545} INFO - Filling up the DagBag from /opt/airflow/dags/steam_analytics.py
[2026-09-08T11:50:19.279+0000] {processor.py:840} INFO - DAG(s) 'steam_analytics_daily' retrieved from /opt/airflow/dags/steam_analytics.py
[2026-09-08T11:50:19.305+0000] {logging_mixin.py:188} INFO - [2026-09-08T11:50:19.305+0000] {dag.py:3089} INFO - Sync 1 DAGs
[2026-09-08T11:50:19.323+0000] {logging_mixin.py:188} INFO - [2026-09-08T11:50:19.323+0000] {dag.py:3947} INFO - Setting next_dagrun for steam_analytics_daily to 2026-09-07 02:00:00+00:00, run_after=2026-09-08 02:00:00+00:00
[2026-09-08T11:50:19.339+0000] {processor.py:183} INFO - Processing /opt/airflow/dags/steam_analytics.py took 0.205 seconds
[2026-09-08T11:50:49.458+0000] {processor.py:161} INFO - Started process (PID=241) to work on /opt/airflow/dags/steam_analytics.py
[2026-09-08T11:50:49.458+0000] {processor.py:830} INFO - Processing file /opt/airflow/dags/steam_analytics.py for tasks to queue
[2026-09-08T11:50:49.460+0000] {logging_mixin.py:188} INFO - [2026-09-08T11:50:49.460+0000] {dagbag.py:545} INFO - Filling up the DagBag from /opt/airflow/dags/steam_analytics.py
[2026-09-08T11:50:49.595+0000] {processor.py:840} INFO - DAG(s) 'steam_analytics_daily' retrieved from /opt/airflow/dags/steam_analytics.py
[2026-09-08T11:50:49.620+0000] {logging_mixin.py:188} INFO - [2026-09-08T11:50:49.620+0000] {dag.py:3089} INFO - Sync 1 DAGs
[2026-09-08T11:50:49.638+0000] {logging_mixin.py:188} INFO - [2026-09-08T11:50:49.638+0000] {dag.py:3947} INFO - Setting next_dagrun for steam_analytics_daily to 2026-09-07 02:00:00+00:00, run_after=2026-09-08 02:00:00+00:00
[2026-09-08T11:50:49.655+0000] {processor.py:183} INFO - Processing /opt/airflow/dags/steam_analytics.py took 0.202 seconds
[2026-09-08T11:51:19.779+0000] {processor.py:161} INFO - Started process (PID=246) to work on /opt/airflow/dags/steam_analytics.py
[2026-09-08T11:51:19.780+0000] {processor.py:830} INFO - Processing file /opt/airflow/dags/steam_analytics.py for tasks to queue
[2026-09-08T11:51:19.782+0000] {logging_mixin.py:188} INFO - [2026-09-08T11:51:19.782+0000] {dagbag.py:545} INFO - Filling up the DagBag from /opt/airflow/dags/steam_analytics.py
[2026-09-08T11:51:19.918+0000] {processor.py:840} INFO - DAG(s) 'steam_analytics_daily' retrieved from /opt/airflow/dags/steam_analytics.py
[2026-09-08T11:51:19.943+0000] {logging_mixin.py:188} INFO - [2026-09-08T11:51:19.943+0000] {dag.py:3089} INFO - Sync 1 DAGs
[2026-09-08T11:51:19.963+0000] {logging_mixin.py:188} INFO - [2026-09-08T11:51:19.962+0000] {dag.py:3947} INFO - Setting next_dagrun for steam_analytics_daily to 2026-09-07 02:00:00+00:00, run_after=2026-09-08 02:00:00+00:00
[2026-09-08T11:51:19.979+0000] {processor.py:183} INFO - Processing /opt/airflow/dags/steam_analytics.py took 0.204 seconds
[2026-09-08T11:51:50.096+0000] {processor.py:161} INFO - Started process (PID=251) to work on /opt/airflow/dags/steam_analytics.py
[2026-09-08T11:51:50.096+0000] {processor.py:830} INFO - Processing file /opt/airflow/dags/steam_analytics.py for tasks to queue
[2026-09-08T11:51:50.098+0000] {logging_mixin.py:188} INFO - [2026-09-08T11:51:50.097+0000] {dagbag.py:545} INFO - Filling up the DagBag from /opt/airflow/dags/steam_analytics.py
[2026-09-08T11:51:50.230+0000] {processor.py:840} INFO - DAG(s) 'steam_analytics_daily' retrieved from /opt/airflow/dags/steam_analytics.py
[2026-09-08T11:51:50.255+0000] {logging_mixin.py:188} INFO - [2026-09-08T11:51:50.254+0000] {dag.py:3089} INFO - Sync 1 DAGs
[2026-09-08T11:51:50.274+0000] {logging_mixin.py:188} INFO - [2026-09-08T11:51:50.274+0000] {dag.py:3947} INFO - Setting next_dagrun for steam_analytics_daily to 2026-09-07 02:00:00+00:00, run_after=2026-09-08 02:00:00+00:00
[2026-09-08T11:51:50.289+0000] {processor.py:183} INFO - Processing /opt/airflow/dags/steam_analytics.py took 0.197 seconds
[2026-09-08T11:52:20.408+0000] {processor.py:161} INFO - Started process (PID=256) to work on /opt/airflow/dags/steam_analytics.py
[2026-09-08T11:52:20.409+0000] {processor.py:830} INFO - Processing file /opt/airflow/dags/steam_analytics.py for tasks to queue
[2026-09-08T11:52:20.411+0000] {logging_mixin.py:188} INFO - [2026-09-08T11:52:20.411+0000] {dagbag.py:545} INFO - Filling up the DagBag from /opt/airflow/dags/steam_analytics.py
[2026-09-08T11:52:20.554+0000] {processor.py:840} INFO - DAG(s) 'steam_analytics_daily' retrieved from /opt/airflow/dags/steam_analytics.py
[2026-09-08T11:52:20.584+0000] {logging_mixin.py:188} INFO - [2026-09-08T11:52:20.584+0000] {dag.py:3089} INFO - Sync 1 DAGs
[2026-09-08T11:52:20.605+0000] {logging_mixin.py:188} INFO - [2026-09-08T11:52:20.605+0000] {dag.py:3947} INFO - Setting next_dagrun for steam_analytics_daily to 2026-09-07 02:00:00+00:00, run_after=2026-09-08 02:00:00+00:00
[2026-09-08T11:52:20.621+0000] {processor.py:183} INFO - Processing /opt/airflow/dags/steam_analytics.py took 0.218 seconds
[2026-09-08T11:52:50.743+0000] {processor.py:161} INFO - Started process (PID=263) to work on /opt/airflow/dags/steam_analytics.py
[2026-09-08T11:52:50.743+0000] {processor.py:830} INFO - Processing file /opt/airflow/dags/steam_analytics.py for tasks to queue
[2026-09-08T11:52:50.745+0000] {logging_mixin.py:188} INFO - [2026-09-08T11:52:50.745+0000] {dagbag.py:545} INFO - Filling up the DagBag from /opt/airflow/dags/steam_analytics.py
[2026-09-08T11:52:50.889+0000] {processor.py:840} INFO - DAG(s) 'steam_analytics_daily' retrieved from /opt/airflow/dags/steam_analytics.py
[2026-09-08T11:52:50.917+0000] {logging_mixin.py:188} INFO - [2026-09-08T11:52:50.916+0000] {dag.py:3089} INFO - Sync 1 DAGs
[2026-09-08T11:52:50.936+0000] {logging_mixin.py:188} INFO - [2026-09-08T11:52:50.936+0000] {dag.py:3947} INFO - Setting next_dagrun for steam_analytics_daily to 2026-09-08 02:00:00+00:00, run_after=2026-09-09 02:00:00+00:00
[2026-09-08T11:52:50.952+0000] {processor.py:183} INFO - Processing /opt/airflow/dags/steam_analytics.py took 0.214 seconds
[2026-09-08T11:53:21.071+0000] {processor.py:161} INFO - Started process (PID=268) to work on /opt/airflow/dags/steam_analytics.py
[2026-09-08T11:53:21.072+0000] {processor.py:830} INFO - Processing file /opt/airflow/dags/steam_analytics.py for tasks to queue
[2026-09-08T11:53:21.073+0000] {logging_mixin.py:188} INFO - [2026-09-08T11:53:21.073+0000] {dagbag.py:545} INFO - Filling up the DagBag from /opt/airflow/dags/steam_analytics.py
[2026-09-08T11:53:21.221+0000] {processor.py:840} INFO - DAG(s) 'steam_analytics_daily' retrieved from /opt/airflow/dags/steam_analytics.py
[2026-09-08T11:53:21.247+0000] {logging_mixin.py:188} INFO - [2026-09-08T11:53:21.247+0000] {dag.py:3089} INFO - Sync 1 DAGs
[2026-09-08T11:53:21.266+0000] {logging_mixin.py:188} INFO - [2026-09-08T11:53:21.266+0000] {dag.py:3947} INFO - Setting next_dagrun for steam_analytics_daily to 2026-09-08 02:00:00+00:00, run_after=2026-09-09 02:00:00+00:00
[2026-09-08T11:53:21.284+0000] {processor.py:183} INFO - Processing /opt/airflow/dags/steam_analytics.py took 0.217 seconds
[2026-09-08T11:53:51.404+0000] {processor.py:161} INFO - Started process (PID=273) to work on /opt/airflow/dags/steam_analytics.py
[2026-09-08T11:53:51.405+0000] {processor.py:830} INFO - Processing file /opt/airflow/dags/steam_analytics.py for tasks to queue
[2026-09-08T11:53:51.406+0000] {logging_mixin.py:188} INFO - [2026-09-08T11:53:51.406+0000] {dagbag.py:545} INFO - Filling up the DagBag from /opt/airflow/dags/steam_analytics.py
[2026-09-08T11:53:51.537+0000] {processor.py:840} INFO - DAG(s) 'steam_analytics_daily' retrieved from /opt/airflow/dags/steam_analytics.py
[2026-09-08T11:53:51.563+0000] {logging_mixin.py:188} INFO - [2026-09-08T11:53:51.563+0000] {dag.py:3089} INFO - Sync 1 DAGs
[2026-09-08T11:53:51.582+0000] {logging_mixin.py:188} INFO - [2026-09-08T11:53:51.582+0000] {dag.py:3947} INFO - Setting next_dagrun for steam_analytics_daily to 2026-09-08 02:00:00+00:00, run_after=2026-09-09 02:00:00+00:00
[2026-09-08T11:53:51.597+0000] {processor.py:183} INFO - Processing /opt/airflow/dags/steam_analytics.py took 0.197 seconds
[2026-09-08T11:54:21.720+0000] {processor.py:161} INFO - Started process (PID=278) to work on /opt/airflow/dags/steam_analytics.py
[2026-09-08T11:54:21.721+0000] {processor.py:830} INFO - Processing file /opt/airflow/dags/steam_analytics.py for tasks to queue
[2026-09-08T11:54:21.722+0000] {logging_mixin.py:188} INFO - [2026-09-08T11:54:21.722+0000] {dagbag.py:545} INFO - Filling up the DagBag from /opt/airflow/dags/steam_analytics.py
[2026-09-08T11:54:21.864+0000] {processor.py:840} INFO - DAG(s) 'steam_analytics_daily' retrieved from /opt/airflow/dags/steam_analytics.py
[2026-09-08T11:54:21.891+0000] {logging_mixin.py:188} INFO - [2026-09-08T11:54:21.891+0000] {dag.py:3089} INFO - Sync 1 DAGs
[2026-09-08T11:54:21.912+0000] {logging_mixin.py:188} INFO - [2026-09-08T11:54:21.911+0000] {dag.py:3947} INFO - Setting next_dagrun for steam_analytics_daily to 2026-09-08 02:00:00+00:00, run_after=2026-09-09 02:00:00+00:00
[2026-09-08T11:54:21.926+0000] {processor.py:183} INFO - Processing /opt/airflow/dags/steam_analytics.py took 0.211 seconds
[2026-09-08T11:54:52.046+0000] {processor.py:161} INFO - Started process (PID=285) to work on /opt/airflow/dags/steam_analytics.py
[2026-09-08T11:54:52.047+0000] {processor.py:830} INFO - Processing file /opt/airflow/dags/steam_analytics.py for tasks to queue
[2026-09-08T11:54:52.048+0000] {logging_mixin.py:188} INFO - [2026-09-08T11:54:52.048+0000] {dagbag.py:545} INFO - Filling up the DagBag from /opt/airflow/dags/steam_analytics.py
[2026-09-08T11:54:52.187+0000] {processor.py:840} INFO - DAG(s) 'steam_analytics_daily' retrieved from /opt/airflow/dags/steam_analytics.py
[2026-09-08T11:54:52.213+0000] {logging_mixin.py:188} INFO - [2026-09-08T11:54:52.213+0000] {dag.py:3089} INFO - Sync 1 DAGs
[2026-09-08T11:54:52.230+0000] {logging_mixin.py:188} INFO - [2026-09-08T11:54:52.230+0000] {dag.py:3947} INFO - Setting next_dagrun for steam_analytics_daily to 2026-09-08 02:00:00+00:00, run_after=2026-09-09 02:00:00+00:00
[2026-09-08T11:54:52.246+0000] {processor.py:183} INFO - Processing /opt/airflow/dags/steam_analytics.py took 0.204 seconds
[2026-09-08T11:55:22.363+0000] {processor.py:161} INFO - Started process (PID=290) to work on /opt/airflow/dags/steam_analytics.py
[2026-09-08T11:55:22.364+0000] {processor.py:830} INFO - Processing file /opt/airflow/dags/steam_analytics.py for tasks to queue
[2026-09-08T11:55:22.365+0000] {logging_mixin.py:188} INFO - [2026-09-08T11:55:22.365+0000] {dagbag.py:545} INFO - Filling up the DagBag from /opt/airflow/dags/steam_analytics.py
[2026-09-08T11:55:22.503+0000] {processor.py:840} INFO - DAG(s) 'steam_analytics_daily' retrieved from /opt/airflow/dags/steam_analytics.py
[2026-09-08T11:55:22.529+0000] {logging_mixin.py:188} INFO - [2026-09-08T11:55:22.529+0000] {dag.py:3089} INFO - Sync 1 DAGs
[2026-09-08T11:55:22.550+0000] {logging_mixin.py:188} INFO - [2026-09-08T11:55:22.550+0000] {dag.py:3947} INFO - Setting next_dagrun for steam_analytics_daily to 2026-09-08 02:00:00+00:00, run_after=2026-09-09 02:00:00+00:00
[2026-09-08T11:55:22.602+0000] {processor.py:183} INFO - Processing /opt/airflow/dags/steam_analytics.py took 0.243 seconds
[2026-09-08T11:55:52.727+0000] {processor.py:161} INFO - Started process (PID=295) to work on /opt/airflow/dags/steam_analytics.py
[2026-09-08T11:55:52.727+0000] {processor.py:830} INFO - Processing file /opt/airflow/dags/steam_analytics.py for tasks to queue
[2026-09-08T11:55:52.729+0000] {logging_mixin.py:188} INFO - [2026-09-08T11:55:52.729+0000] {dagbag.py:545} INFO - Filling up the DagBag from /opt/airflow/dags/steam_analytics.py
[2026-09-08T11:55:52.878+0000] {processor.py:840} INFO - DAG(s) 'steam_analytics_daily' retrieved from /opt/airflow/dags/steam_analytics.py
[2026-09-08T11:55:52.908+0000] {logging_mixin.py:188} INFO - [2026-09-08T11:55:52.907+0000] {dag.py:3089} INFO - Sync 1 DAGs
[2026-09-08T11:55:52.927+0000] {logging_mixin.py:188} INFO - [2026-09-08T11:55:52.927+0000] {dag.py:3947} INFO - Setting next_dagrun for steam_analytics_daily to 2026-09-08 02:00:00+00:00, run_after=2026-09-09 02:00:00+00:00
[2026-09-08T11:55:52.946+0000] {processor.py:183} INFO - Processing /opt/airflow/dags/steam_analytics.py took 0.224 seconds
[2026-09-08T11:56:23.070+0000] {processor.py:161} INFO - Started process (PID=300) to work on /opt/airflow/dags/steam_analytics.py
[2026-09-08T11:56:23.071+0000] {processor.py:830} INFO - Processing file /opt/airflow/dags/steam_analytics.py for tasks to queue
[2026-09-08T11:56:23.073+0000] {logging_mixin.py:188} INFO - [2026-09-08T11:56:23.072+0000] {dagbag.py:545} INFO - Filling up the DagBag from /opt/airflow/dags/steam_analytics.py
[2026-09-08T11:56:23.213+0000] {processor.py:840} INFO - DAG(s) 'steam_analytics_daily' retrieved from /opt/airflow/dags/steam_analytics.py
[2026-09-08T11:56:23.240+0000] {logging_mixin.py:188} INFO - [2026-09-08T11:56:23.240+0000] {dag.py:3089} INFO - Sync 1 DAGs
[2026-09-08T11:56:23.261+0000] {logging_mixin.py:188} INFO - [2026-09-08T11:56:23.260+0000] {dag.py:3947} INFO - Setting next_dagrun for steam_analytics_daily to 2026-09-08 02:00:00+00:00, run_after=2026-09-09 02:00:00+00:00
[2026-09-08T11:56:23.278+0000] {processor.py:183} INFO - Processing /opt/airflow/dags/steam_analytics.py took 0.212 seconds
[2026-09-08T11:56:53.401+0000] {processor.py:161} INFO - Started process (PID=305) to work on /opt/airflow/dags/steam_analytics.py
[2026-09-08T11:56:53.402+0000] {processor.py:830} INFO - Processing file /opt/airflow/dags/steam_analytics.py for tasks to queue
[2026-09-08T11:56:53.403+0000] {logging_mixin.py:188} INFO - [2026-09-08T11:56:53.403+0000] {dagbag.py:545} INFO - Filling up the DagBag from /opt/airflow/dags/steam_analytics.py
[2026-09-08T11:56:53.546+0000] {processor.py:840} INFO - DAG(s) 'steam_analytics_daily' retrieved from /opt/airflow/dags/steam_analytics.py
[2026-09-08T11:56:53.575+0000] {logging_mixin.py:188} INFO - [2026-09-08T11:56:53.575+0000] {dag.py:3089} INFO - Sync 1 DAGs
[2026-09-08T11:56:53.595+0000] {logging_mixin.py:188} INFO - [2026-09-08T11:56:53.595+0000] {dag.py:3947} INFO - Setting next_dagrun for steam_analytics_daily to 2026-09-08 02:00:00+00:00, run_after=2026-09-09 02:00:00+00:00
[2026-09-08T11:56:53.612+0000] {processor.py:183} INFO - Processing /opt/airflow/dags/steam_analytics.py took 0.216 seconds
[2026-09-08T11:57:23.746+0000] {processor.py:161} INFO - Started process (PID=310) to work on /opt/airflow/dags/steam_analytics.py
[2026-09-08T11:57:23.747+0000] {processor.py:830} INFO - Processing file /opt/airflow/dags/steam_analytics.py for tasks to queue
[2026-09-08T11:57:23.749+0000] {logging_mixin.py:188} INFO - [2026-09-08T11:57:23.748+0000] {dagbag.py:545} INFO - Filling up the DagBag from /opt/airflow/dags/steam_analytics.py
[2026-09-08T11:57:23.911+0000] {processor.py:840} INFO - DAG(s) 'steam_analytics_daily' retrieved from /opt/airflow/dags/steam_analytics.py
[2026-09-08T11:57:23.939+0000] {logging_mixin.py:188} INFO - [2026-09-08T11:57:23.938+0000] {dag.py:3089} INFO - Sync 1 DAGs
[2026-09-08T11:57:23.957+0000] {logging_mixin.py:188} INFO - [2026-09-08T11:57:23.957+0000] {dag.py:3947} INFO - Setting next_dagrun for steam_analytics_daily to 2026-09-08 02:00:00+00:00, run_after=2026-09-09 02:00:00+00:00
[2026-09-08T11:57:23.973+0000] {processor.py:183} INFO - Processing /opt/airflow/dags/steam_analytics.py took 0.234 seconds
[2026-09-08T11:57:54.098+0000] {processor.py:161} INFO - Started process (PID=315) to work on /opt/airflow/dags/steam_analytics.py
[2026-09-08T11:57:54.099+0000] {processor.py:830} INFO - Processing file /opt/airflow/dags/steam_analytics.py for tasks to queue
[2026-09-08T11:57:54.101+0000] {logging_mixin.py:188} INFO - [2026-09-08T11:57:54.100+0000] {dagbag.py:545} INFO - Filling up the DagBag from /opt/airflow/dags/steam_analytics.py
[2026-09-08T11:57:54.243+0000] {processor.py:840} INFO - DAG(s) 'steam_analytics_daily' retrieved from /opt/airflow/dags/steam_analytics.py
[2026-09-08T11:57:54.270+0000] {logging_mixin.py:188} INFO - [2026-09-08T11:57:54.270+0000] {dag.py:3089} INFO - Sync 1 DAGs
[2026-09-08T11:57:54.293+0000] {logging_mixin.py:188} INFO - [2026-09-08T11:57:54.293+0000] {dag.py:3947} INFO - Setting next_dagrun for steam_analytics_daily to 2026-09-08 02:00:00+00:00, run_after=2026-09-09 02:00:00+00:00
[2026-09-08T11:57:54.311+0000] {processor.py:183} INFO - Processing /opt/airflow/dags/steam_analytics.py took 0.217 seconds
[2026-09-08T11:58:24.436+0000] {processor.py:161} INFO - Started process (PID=320) to work on /opt/airflow/dags/steam_analytics.py
[2026-09-08T11:58:24.436+0000] {processor.py:830} INFO - Processing file /opt/airflow/dags/steam_analytics.py for tasks to queue
[2026-09-08T11:58:24.438+0000] {logging_mixin.py:188} INFO - [2026-09-08T11:58:24.438+0000] {dagbag.py:545} INFO - Filling up the DagBag from /opt/airflow/dags/steam_analytics.py
[2026-09-08T11:58:24.586+0000] {processor.py:840} INFO - DAG(s) 'steam_analytics_daily' retrieved from /opt/airflow/dags/steam_analytics.py
[2026-09-08T11:58:24.615+0000] {logging_mixin.py:188} INFO - [2026-09-08T11:58:24.615+0000] {dag.py:3089} INFO - Sync 1 DAGs
[2026-09-08T11:58:24.639+0000] {logging_mixin.py:188} INFO - [2026-09-08T11:58:24.639+0000] {dag.py:3947} INFO - Setting next_dagrun for steam_analytics_daily to 2026-09-08 02:00:00+00:00, run_after=2026-09-09 02:00:00+00:00
[2026-09-08T11:58:24.658+0000] {processor.py:183} INFO - Processing /opt/airflow/dags/steam_analytics.py took 0.226 seconds
[2026-09-08T11:58:54.789+0000] {processor.py:161} INFO - Started process (PID=325) to work on /opt/airflow/dags/steam_analytics.py
[2026-09-08T11:58:54.790+0000] {processor.py:830} INFO - Processing file /opt/airflow/dags/steam_analytics.py for tasks to queue
[2026-09-08T11:58:54.791+0000] {logging_mixin.py:188} INFO - [2026-09-08T11:58:54.791+0000] {dagbag.py:545} INFO - Filling up the DagBag from /opt/airflow/dags/steam_analytics.py
[2026-09-08T11:58:54.936+0000] {processor.py:840} INFO - DAG(s) 'steam_analytics_daily' retrieved from /opt/airflow/dags/steam_analytics.py
[2026-09-08T11:58:54.964+0000] {logging_mixin.py:188} INFO - [2026-09-08T11:58:54.963+0000] {dag.py:3089} INFO - Sync 1 DAGs
[2026-09-08T11:58:54.984+0000] {logging_mixin.py:188} INFO - [2026-09-08T11:58:54.983+0000] {dag.py:3947} INFO - Setting next_dagrun for steam_analytics_daily to 2026-09-08 02:00:00+00:00, run_after=2026-09-09 02:00:00+00:00
[2026-09-08T11:58:55.000+0000] {processor.py:183} INFO - Processing /opt/airflow/dags/steam_analytics.py took 0.216 seconds
[2026-09-08T11:59:25.126+0000] {processor.py:161} INFO - Started process (PID=330) to work on /opt/airflow/dags/steam_analytics.py
[2026-09-08T11:59:25.126+0000] {processor.py:830} INFO - Processing file /opt/airflow/dags/steam_analytics.py for tasks to queue
[2026-09-08T11:59:25.128+0000] {logging_mixin.py:188} INFO - [2026-09-08T11:59:25.128+0000] {dagbag.py:545} INFO - Filling up the DagBag from /opt/airflow/dags/steam_analytics.py
[2026-09-08T11:59:25.267+0000] {processor.py:840} INFO - DAG(s) 'steam_analytics_daily' retrieved from /opt/airflow/dags/steam_analytics.py
[2026-09-08T11:59:25.294+0000] {logging_mixin.py:188} INFO - [2026-09-08T11:59:25.294+0000] {dag.py:3089} INFO - Sync 1 DAGs
[2026-09-08T11:59:25.313+0000] {logging_mixin.py:188} INFO - [2026-09-08T11:59:25.313+0000] {dag.py:3947} INFO - Setting next_dagrun for steam_analytics_daily to 2026-09-08 02:00:00+00:00, run_after=2026-09-09 02:00:00+00:00
[2026-09-08T11:59:25.329+0000] {processor.py:183} INFO - Processing /opt/airflow/dags/steam_analytics.py took 0.208 seconds
[2026-09-08T11:59:55.453+0000] {processor.py:161} INFO - Started process (PID=335) to work on /opt/airflow/dags/steam_analytics.py
[2026-09-08T11:59:55.453+0000] {processor.py:830} INFO - Processing file /opt/airflow/dags/steam_analytics.py for tasks to queue
[2026-09-08T11:59:55.455+0000] {logging_mixin.py:188} INFO - [2026-09-08T11:59:55.455+0000] {dagbag.py:545} INFO - Filling up the DagBag from /opt/airflow/dags/steam_analytics.py
[2026-09-08T11:59:55.593+0000] {processor.py:840} INFO - DAG(s) 'steam_analytics_daily' retrieved from /opt/airflow/dags/steam_analytics.py
[2026-09-08T11:59:55.626+0000] {logging_mixin.py:188} INFO - [2026-09-08T11:59:55.625+0000] {dag.py:3089} INFO - Sync 1 DAGs
[2026-09-08T11:59:55.648+0000] {logging_mixin.py:188} INFO - [2026-09-08T11:59:55.647+0000] {dag.py:3947} INFO - Setting next_dagrun for steam_analytics_daily to 2026-09-08 02:00:00+00:00, run_after=2026-09-09 02:00:00+00:00
[2026-09-08T11:59:55.667+0000] {processor.py:183} INFO - Processing /opt/airflow/dags/steam_analytics.py took 0.219 seconds
[2026-09-08T12:00:25.792+0000] {processor.py:161} INFO - Started process (PID=340) to work on /opt/airflow/dags/steam_analytics.py
[2026-09-08T12:00:25.793+0000] {processor.py:830} INFO - Processing file /opt/airflow/dags/steam_analytics.py for tasks to queue
[2026-09-08T12:00:25.795+0000] {logging_mixin.py:188} INFO - [2026-09-08T12:00:25.794+0000] {dagbag.py:545} INFO - Filling up the DagBag from /opt/airflow/dags/steam_analytics.py
[2026-09-08T12:00:25.937+0000] {processor.py:840} INFO - DAG(s) 'steam_analytics_daily' retrieved from /opt/airflow/dags/steam_analytics.py
[2026-09-08T12:00:25.969+0000] {logging_mixin.py:188} INFO - [2026-09-08T12:00:25.969+0000] {dag.py:3089} INFO - Sync 1 DAGs
[2026-09-08T12:00:25.999+0000] {logging_mixin.py:188} INFO - [2026-09-08T12:00:25.999+0000] {dag.py:3947} INFO - Setting next_dagrun for steam_analytics_daily to 2026-09-08 02:00:00+00:00, run_after=2026-09-09 02:00:00+00:00
[2026-09-08T12:00:26.019+0000] {processor.py:183} INFO - Processing /opt/airflow/dags/steam_analytics.py took 0.231 seconds
[2026-09-08T12:00:56.142+0000] {processor.py:161} INFO - Started process (PID=345) to work on /opt/airflow/dags/steam_analytics.py
[2026-09-08T12:00:56.142+0000] {processor.py:830} INFO - Processing file /opt/airflow/dags/steam_analytics.py for tasks to queue
[2026-09-08T12:00:56.144+0000] {logging_mixin.py:188} INFO - [2026-09-08T12:00:56.144+0000] {dagbag.py:545} INFO - Filling up the DagBag from /opt/airflow/dags/steam_analytics.py
[2026-09-08T12:00:56.277+0000] {processor.py:840} INFO - DAG(s) 'steam_analytics_daily' retrieved from /opt/airflow/dags/steam_analytics.py
[2026-09-08T12:00:56.305+0000] {logging_mixin.py:188} INFO - [2026-09-08T12:00:56.304+0000] {dag.py:3089} INFO - Sync 1 DAGs
[2026-09-08T12:00:56.326+0000] {logging_mixin.py:188} INFO - [2026-09-08T12:00:56.326+0000] {dag.py:3947} INFO - Setting next_dagrun for steam_analytics_daily to 2026-09-08 02:00:00+00:00, run_after=2026-09-09 02:00:00+00:00
[2026-09-08T12:00:56.343+0000] {processor.py:183} INFO - Processing /opt/airflow/dags/steam_analytics.py took 0.206 seconds
[2026-09-08T12:01:26.464+0000] {processor.py:161} INFO - Started process (PID=350) to work on /opt/airflow/dags/steam_analytics.py
[2026-09-08T12:01:26.465+0000] {processor.py:830} INFO - Processing file /opt/airflow/dags/steam_analytics.py for tasks to queue
[2026-09-08T12:01:26.467+0000] {logging_mixin.py:188} INFO - [2026-09-08T12:01:26.466+0000] {dagbag.py:545} INFO - Filling up the DagBag from /opt/airflow/dags/steam_analytics.py
[2026-09-08T12:01:26.602+0000] {processor.py:840} INFO - DAG(s) 'steam_analytics_daily' retrieved from /opt/airflow/dags/steam_analytics.py
[2026-09-08T12:01:26.630+0000] {logging_mixin.py:188} INFO - [2026-09-08T12:01:26.630+0000] {dag.py:3089} INFO - Sync 1 DAGs
[2026-09-08T12:01:26.650+0000] {logging_mixin.py:188} INFO - [2026-09-08T12:01:26.650+0000] {dag.py:3947} INFO - Setting next_dagrun for steam_analytics_daily to 2026-09-08 02:00:00+00:00, run_after=2026-09-09 02:00:00+00:00
[2026-09-08T12:01:26.667+0000] {processor.py:183} INFO - Processing /opt/airflow/dags/steam_analytics.py took 0.207 seconds
[2026-09-08T12:01:56.793+0000] {processor.py:161} INFO - Started process (PID=355) to work on /opt/airflow/dags/steam_analytics.py
[2026-09-08T12:01:56.794+0000] {processor.py:830} INFO - Processing file /opt/airflow/dags/steam_analytics.py for tasks to queue
[2026-09-08T12:01:56.796+0000] {logging_mixin.py:188} INFO - [2026-09-08T12:01:56.796+0000] {dagbag.py:545} INFO - Filling up the DagBag from /opt/airflow/dags/steam_analytics.py
[2026-09-08T12:01:56.940+0000] {processor.py:840} INFO - DAG(s) 'steam_analytics_daily' retrieved from /opt/airflow/dags/steam_analytics.py
[2026-09-08T12:01:56.971+0000] {logging_mixin.py:188} INFO - [2026-09-08T12:01:56.970+0000] {dag.py:3089} INFO - Sync 1 DAGs
[2026-09-08T12:01:56.995+0000] {logging_mixin.py:188} INFO - [2026-09-08T12:01:56.994+0000] {dag.py:3947} INFO - Setting next_dagrun for steam_analytics_daily to 2026-09-08 02:00:00+00:00, run_after=2026-09-09 02:00:00+00:00
[2026-09-08T12:01:57.014+0000] {processor.py:183} INFO - Processing /opt/airflow/dags/steam_analytics.py took 0.227 seconds
[2026-09-08T12:02:27.141+0000] {processor.py:161} INFO - Started process (PID=360) to work on /opt/airflow/dags/steam_analytics.py
[2026-09-08T12:02:27.141+0000] {processor.py:830} INFO - Processing file /opt/airflow/dags/steam_analytics.py for tasks to queue
[2026-09-08T12:02:27.143+0000] {logging_mixin.py:188} INFO - [2026-09-08T12:02:27.143+0000] {dagbag.py:545} INFO - Filling up the DagBag from /opt/airflow/dags/steam_analytics.py
[2026-09-08T12:02:27.291+0000] {processor.py:840} INFO - DAG(s) 'steam_analytics_daily' retrieved from /opt/airflow/dags/steam_analytics.py
[2026-09-08T12:02:27.319+0000] {logging_mixin.py:188} INFO - [2026-09-08T12:02:27.319+0000] {dag.py:3089} INFO - Sync 1 DAGs
[2026-09-08T12:02:27.341+0000] {logging_mixin.py:188} INFO - [2026-09-08T12:02:27.341+0000] {dag.py:3947} INFO - Setting next_dagrun for steam_analytics_daily to 2026-09-08 02:00:00+00:00, run_after=2026-09-09 02:00:00+00:00
[2026-09-08T12:02:27.358+0000] {processor.py:183} INFO - Processing /opt/airflow/dags/steam_analytics.py took 0.223 seconds
[2026-09-08T12:02:57.480+0000] {processor.py:161} INFO - Started process (PID=365) to work on /opt/airflow/dags/steam_analytics.py
[2026-09-08T12:02:57.481+0000] {processor.py:830} INFO - Processing file /opt/airflow/dags/steam_analytics.py for tasks to queue
[2026-09-08T12:02:57.482+0000] {logging_mixin.py:188} INFO - [2026-09-08T12:02:57.482+0000] {dagbag.py:545} INFO - Filling up the DagBag from /opt/airflow/dags/steam_analytics.py
[2026-09-08T12:02:57.622+0000] {processor.py:840} INFO - DAG(s) 'steam_analytics_daily' retrieved from /opt/airflow/dags/steam_analytics.py
[2026-09-08T12:02:57.648+0000] {logging_mixin.py:188} INFO - [2026-09-08T12:02:57.648+0000] {dag.py:3089} INFO - Sync 1 DAGs
[2026-09-08T12:02:57.675+0000] {logging_mixin.py:188} INFO - [2026-09-08T12:02:57.675+0000] {dag.py:3947} INFO - Setting next_dagrun for steam_analytics_daily to 2026-09-08 02:00:00+00:00, run_after=2026-09-09 02:00:00+00:00
[2026-09-08T12:02:57.693+0000] {processor.py:183} INFO - Processing /opt/airflow/dags/steam_analytics.py took 0.217 seconds
[2026-09-08T12:03:27.817+0000] {processor.py:161} INFO - Started process (PID=370) to work on /opt/airflow/dags/steam_analytics.py
[2026-09-08T12:03:27.818+0000] {processor.py:830} INFO - Processing file /opt/airflow/dags/steam_analytics.py for tasks to queue
[2026-09-08T12:03:27.820+0000] {logging_mixin.py:188} INFO - [2026-09-08T12:03:27.819+0000] {dagbag.py:545} INFO - Filling up the DagBag from /opt/airflow/dags/steam_analytics.py
[2026-09-08T12:03:27.960+0000] {processor.py:840} INFO - DAG(s) 'steam_analytics_daily' retrieved from /opt/airflow/dags/steam_analytics.py
[2026-09-08T12:03:27.988+0000] {logging_mixin.py:188} INFO - [2026-09-08T12:03:27.987+0000] {dag.py:3089} INFO - Sync 1 DAGs
[2026-09-08T12:03:28.007+0000] {logging_mixin.py:188} INFO - [2026-09-08T12:03:28.007+0000] {dag.py:3947} INFO - Setting next_dagrun for steam_analytics_daily to 2026-09-08 02:00:00+00:00, run_after=2026-09-09 02:00:00+00:00
[2026-09-08T12:03:28.022+0000] {processor.py:183} INFO - Processing /opt/airflow/dags/steam_analytics.py took 0.210 seconds
[2026-09-08T12:03:58.148+0000] {processor.py:161} INFO - Started process (PID=375) to work on /opt/airflow/dags/steam_analytics.py
[2026-09-08T12:03:58.149+0000] {processor.py:830} INFO - Processing file /opt/airflow/dags/steam_analytics.py for tasks to queue
[2026-09-08T12:03:58.151+0000] {logging_mixin.py:188} INFO - [2026-09-08T12:03:58.150+0000] {dagbag.py:545} INFO - Filling up the DagBag from /opt/airflow/dags/steam_analytics.py
[2026-09-08T12:03:58.318+0000] {processor.py:840} INFO - DAG(s) 'steam_analytics_daily' retrieved from /opt/airflow/dags/steam_analytics.py
[2026-09-08T12:03:58.349+0000] {logging_mixin.py:188} INFO - [2026-09-08T12:03:58.348+0000] {dag.py:3089} INFO - Sync 1 DAGs
[2026-09-08T12:03:58.368+0000] {logging_mixin.py:188} INFO - [2026-09-08T12:03:58.368+0000] {dag.py:3947} INFO - Setting next_dagrun for steam_analytics_daily to 2026-09-08 02:00:00+00:00, run_after=2026-09-09 02:00:00+00:00
[2026-09-08T12:03:58.385+0000] {processor.py:183} INFO - Processing /opt/airflow/dags/steam_analytics.py took 0.242 seconds
[2026-09-08T12:04:28.514+0000] {processor.py:161} INFO - Started process (PID=380) to work on /opt/airflow/dags/steam_analytics.py
[2026-09-08T12:04:28.515+0000] {processor.py:830} INFO - Processing file /opt/airflow/dags/steam_analytics.py for tasks to queue
[2026-09-08T12:04:28.517+0000] {logging_mixin.py:188} INFO - [2026-09-08T12:04:28.517+0000] {dagbag.py:545} INFO - Filling up the DagBag from /opt/airflow/dags/steam_analytics.py
[2026-09-08T12:04:28.671+0000] {processor.py:840} INFO - DAG(s) 'steam_analytics_daily' retrieved from /opt/airflow/dags/steam_analytics.py
[2026-09-08T12:04:28.702+0000] {logging_mixin.py:188} INFO - [2026-09-08T12:04:28.702+0000] {dag.py:3089} INFO - Sync 1 DAGs
[2026-09-08T12:04:28.727+0000] {logging_mixin.py:188} INFO - [2026-09-08T12:04:28.727+0000] {dag.py:3947} INFO - Setting next_dagrun for steam_analytics_daily to 2026-09-08 02:00:00+00:00, run_after=2026-09-09 02:00:00+00:00
[2026-09-08T12:04:28.747+0000] {processor.py:183} INFO - Processing /opt/airflow/dags/steam_analytics.py took 0.240 seconds
[2026-09-08T12:04:58.874+0000] {processor.py:161} INFO - Started process (PID=385) to work on /opt/airflow/dags/steam_analytics.py
[2026-09-08T12:04:58.874+0000] {processor.py:830} INFO - Processing file /opt/airflow/dags/steam_analytics.py for tasks to queue
[2026-09-08T12:04:58.876+0000] {logging_mixin.py:188} INFO - [2026-09-08T12:04:58.876+0000] {dagbag.py:545} INFO - Filling up the DagBag from /opt/airflow/dags/steam_analytics.py
[2026-09-08T12:04:59.015+0000] {processor.py:840} INFO - DAG(s) 'steam_analytics_daily' retrieved from /opt/airflow/dags/steam_analytics.py
[2026-09-08T12:04:59.041+0000] {logging_mixin.py:188} INFO - [2026-09-08T12:04:59.041+0000] {dag.py:3089} INFO - Sync 1 DAGs
[2026-09-08T12:04:59.062+0000] {logging_mixin.py:188} INFO - [2026-09-08T12:04:59.061+0000] {dag.py:3947} INFO - Setting next_dagrun for steam_analytics_daily to 2026-09-08 02:00:00+00:00, run_after=2026-09-09 02:00:00+00:00
[2026-09-08T12:04:59.078+0000] {processor.py:183} INFO - Processing /opt/airflow/dags/steam_analytics.py took 0.210 seconds
[2026-09-08T12:05:29.204+0000] {processor.py:161} INFO - Started process (PID=390) to work on /opt/airflow/dags/steam_analytics.py
[2026-09-08T12:05:29.204+0000] {processor.py:830} INFO - Processing file /opt/airflow/dags/steam_analytics.py for tasks to queue
[2026-09-08T12:05:29.206+0000] {logging_mixin.py:188} INFO - [2026-09-08T12:05:29.206+0000] {dagbag.py:545} INFO - Filling up the DagBag from /opt/airflow/dags/steam_analytics.py
[2026-09-08T12:05:29.352+0000] {processor.py:840} INFO - DAG(s) 'steam_analytics_daily' retrieved from /opt/airflow/dags/steam_analytics.py
[2026-09-08T12:05:29.379+0000] {logging_mixin.py:188} INFO - [2026-09-08T12:05:29.379+0000] {dag.py:3089} INFO - Sync 1 DAGs
[2026-09-08T12:05:29.399+0000] {logging_mixin.py:188} INFO - [2026-09-08T12:05:29.399+0000] {dag.py:3947} INFO - Setting next_dagrun for steam_analytics_daily to 2026-09-08 02:00:00+00:00, run_after=2026-09-09 02:00:00+00:00
[2026-09-08T12:05:29.417+0000] {processor.py:183} INFO - Processing /opt/airflow/dags/steam_analytics.py took 0.219 seconds
[2026-09-08T12:05:59.541+0000] {processor.py:161} INFO - Started process (PID=395) to work on /opt/airflow/dags/steam_analytics.py
[2026-09-08T12:05:59.542+0000] {processor.py:830} INFO - Processing file /opt/airflow/dags/steam_analytics.py for tasks to queue
[2026-09-08T12:05:59.544+0000] {logging_mixin.py:188} INFO - [2026-09-08T12:05:59.543+0000] {dagbag.py:545} INFO - Filling up the DagBag from /opt/airflow/dags/steam_analytics.py
[2026-09-08T12:05:59.688+0000] {processor.py:840} INFO - DAG(s) 'steam_analytics_daily' retrieved from /opt/airflow/dags/steam_analytics.py
[2026-09-08T12:05:59.716+0000] {logging_mixin.py:188} INFO - [2026-09-08T12:05:59.716+0000] {dag.py:3089} INFO - Sync 1 DAGs
[2026-09-08T12:05:59.738+0000] {logging_mixin.py:188} INFO - [2026-09-08T12:05:59.738+0000] {dag.py:3947} INFO - Setting next_dagrun for steam_analytics_daily to 2026-09-08 02:00:00+00:00, run_after=2026-09-09 02:00:00+00:00
[2026-09-08T12:05:59.755+0000] {processor.py:183} INFO - Processing /opt/airflow/dags/steam_analytics.py took 0.218 seconds
[2026-09-08T12:06:29.880+0000] {processor.py:161} INFO - Started process (PID=400) to work on /opt/airflow/dags/steam_analytics.py
[2026-09-08T12:06:29.881+0000] {processor.py:830} INFO - Processing file /opt/airflow/dags/steam_analytics.py for tasks to queue
[2026-09-08T12:06:29.883+0000] {logging_mixin.py:188} INFO - [2026-09-08T12:06:29.883+0000] {dagbag.py:545} INFO - Filling up the DagBag from /opt/airflow/dags/steam_analytics.py
[2026-09-08T12:06:30.023+0000] {processor.py:840} INFO - DAG(s) 'steam_analytics_daily' retrieved from /opt/airflow/dags/steam_analytics.py
[2026-09-08T12:06:30.050+0000] {logging_mixin.py:188} INFO - [2026-09-08T12:06:30.050+0000] {dag.py:3089} INFO - Sync 1 DAGs
[2026-09-08T12:06:30.070+0000] {logging_mixin.py:188} INFO - [2026-09-08T12:06:30.070+0000] {dag.py:3947} INFO - Setting next_dagrun for steam_analytics_daily to 2026-09-08 02:00:00+00:00, run_after=2026-09-09 02:00:00+00:00
[2026-09-08T12:06:30.088+0000] {processor.py:183} INFO - Processing /opt/airflow/dags/steam_analytics.py took 0.212 seconds
[2026-09-08T12:07:00.212+0000] {processor.py:161} INFO - Started process (PID=405) to work on /opt/airflow/dags/steam_analytics.py
[2026-09-08T12:07:00.213+0000] {processor.py:830} INFO - Processing file /opt/airflow/dags/steam_analytics.py for tasks to queue
[2026-09-08T12:07:00.215+0000] {logging_mixin.py:188} INFO - [2026-09-08T12:07:00.214+0000] {dagbag.py:545} INFO - Filling up the DagBag from /opt/airflow/dags/steam_analytics.py
[2026-09-08T12:07:00.364+0000] {processor.py:840} INFO - DAG(s) 'steam_analytics_daily' retrieved from /opt/airflow/dags/steam_analytics.py
[2026-09-08T12:07:00.395+0000] {logging_mixin.py:188} INFO - [2026-09-08T12:07:00.395+0000] {dag.py:3089} INFO - Sync 1 DAGs
[2026-09-08T12:07:00.418+0000] {logging_mixin.py:188} INFO - [2026-09-08T12:07:00.418+0000] {dag.py:3947} INFO - Setting next_dagrun for steam_analytics_daily to 2026-09-08 02:00:00+00:00, run_after=2026-09-09 02:00:00+00:00
[2026-09-08T12:07:00.438+0000] {processor.py:183} INFO - Processing /opt/airflow/dags/steam_analytics.py took 0.231 seconds
[2026-09-08T12:07:30.567+0000] {processor.py:161} INFO - Started process (PID=410) to work on /opt/airflow/dags/steam_analytics.py
[2026-09-08T12:07:30.568+0000] {processor.py:830} INFO - Processing file /opt/airflow/dags/steam_analytics.py for tasks to queue
[2026-09-08T12:07:30.570+0000] {logging_mixin.py:188} INFO - [2026-09-08T12:07:30.570+0000] {dagbag.py:545} INFO - Filling up the DagBag from /opt/airflow/dags/steam_analytics.py
[2026-09-08T12:07:30.722+0000] {processor.py:840} INFO - DAG(s) 'steam_analytics_daily' retrieved from /opt/airflow/dags/steam_analytics.py
[2026-09-08T12:07:30.754+0000] {logging_mixin.py:188} INFO - [2026-09-08T12:07:30.754+0000] {dag.py:3089} INFO - Sync 1 DAGs
[2026-09-08T12:07:30.775+0000] {logging_mixin.py:188} INFO - [2026-09-08T12:07:30.775+0000] {dag.py:3947} INFO - Setting next_dagrun for steam_analytics_daily to 2026-09-08 02:00:00+00:00, run_after=2026-09-09 02:00:00+00:00
[2026-09-08T12:07:30.796+0000] {processor.py:183} INFO - Processing /opt/airflow/dags/steam_analytics.py took 0.235 seconds
[2026-09-08T12:08:00.923+0000] {processor.py:161} INFO - Started process (PID=415) to work on /opt/airflow/dags/steam_analytics.py
[2026-09-08T12:08:00.924+0000] {processor.py:830} INFO - Processing file /opt/airflow/dags/steam_analytics.py for tasks to queue
[2026-09-08T12:08:00.925+0000] {logging_mixin.py:188} INFO - [2026-09-08T12:08:00.925+0000] {dagbag.py:545} INFO - Filling up the DagBag from /opt/airflow/dags/steam_analytics.py
[2026-09-08T12:08:01.063+0000] {processor.py:840} INFO - DAG(s) 'steam_analytics_daily' retrieved from /opt/airflow/dags/steam_analytics.py
[2026-09-08T12:08:01.096+0000] {logging_mixin.py:188} INFO - [2026-09-08T12:08:01.096+0000] {dag.py:3089} INFO - Sync 1 DAGs
[2026-09-08T12:08:01.119+0000] {logging_mixin.py:188} INFO - [2026-09-08T12:08:01.119+0000] {dag.py:3947} INFO - Setting next_dagrun for steam_analytics_daily to 2026-09-08 02:00:00+00:00, run_after=2026-09-09 02:00:00+00:00
[2026-09-08T12:08:01.137+0000] {processor.py:183} INFO - Processing /opt/airflow/dags/steam_analytics.py took 0.218 seconds
[2026-09-08T12:08:31.277+0000] {processor.py:161} INFO - Started process (PID=420) to work on /opt/airflow/dags/steam_analytics.py
[2026-09-08T12:08:31.278+0000] {processor.py:830} INFO - Processing file /opt/airflow/dags/steam_analytics.py for tasks to queue
[2026-09-08T12:08:31.279+0000] {logging_mixin.py:188} INFO - [2026-09-08T12:08:31.279+0000] {dagbag.py:545} INFO - Filling up the DagBag from /opt/airflow/dags/steam_analytics.py
[2026-09-08T12:08:31.426+0000] {processor.py:840} INFO - DAG(s) 'steam_analytics_daily' retrieved from /opt/airflow/dags/steam_analytics.py
[2026-09-08T12:08:31.461+0000] {logging_mixin.py:188} INFO - [2026-09-08T12:08:31.461+0000] {dag.py:3089} INFO - Sync 1 DAGs
[2026-09-08T12:08:31.480+0000] {logging_mixin.py:188} INFO - [2026-09-08T12:08:31.480+0000] {dag.py:3947} INFO - Setting next_dagrun for steam_analytics_daily to 2026-09-08 02:00:00+00:00, run_after=2026-09-09 02:00:00+00:00
[2026-09-08T12:08:31.498+0000] {processor.py:183} INFO - Processing /opt/airflow/dags/steam_analytics.py took 0.226 seconds
[2026-09-08T12:09:01.623+0000] {processor.py:161} INFO - Started process (PID=425) to work on /opt/airflow/dags/steam_analytics.py
[2026-09-08T12:09:01.624+0000] {processor.py:830} INFO - Processing file /opt/airflow/dags/steam_analytics.py for tasks to queue
[2026-09-08T12:09:01.626+0000] {logging_mixin.py:188} INFO - [2026-09-08T12:09:01.625+0000] {dagbag.py:545} INFO - Filling up the DagBag from /opt/airflow/dags/steam_analytics.py
[2026-09-08T12:09:01.767+0000] {processor.py:840} INFO - DAG(s) 'steam_analytics_daily' retrieved from /opt/airflow/dags/steam_analytics.py
[2026-09-08T12:09:01.795+0000] {logging_mixin.py:188} INFO - [2026-09-08T12:09:01.795+0000] {dag.py:3089} INFO - Sync 1 DAGs
[2026-09-08T12:09:01.835+0000] {logging_mixin.py:188} INFO - [2026-09-08T12:09:01.834+0000] {dag.py:3947} INFO - Setting next_dagrun for steam_analytics_daily to 2026-09-08 02:00:00+00:00, run_after=2026-09-09 02:00:00+00:00
[2026-09-08T12:09:01.858+0000] {processor.py:183} INFO - Processing /opt/airflow/dags/steam_analytics.py took 0.241 seconds
[2026-09-08T12:09:31.988+0000] {processor.py:161} INFO - Started process (PID=430) to work on /opt/airflow/dags/steam_analytics.py
[2026-09-08T12:09:31.988+0000] {processor.py:830} INFO - Processing file /opt/airflow/dags/steam_analytics.py for tasks to queue
[2026-09-08T12:09:31.990+0000] {logging_mixin.py:188} INFO - [2026-09-08T12:09:31.990+0000] {dagbag.py:545} INFO - Filling up the DagBag from /opt/airflow/dags/steam_analytics.py
[2026-09-08T12:09:32.131+0000] {processor.py:840} INFO - DAG(s) 'steam_analytics_daily' retrieved from /opt/airflow/dags/steam_analytics.py
[2026-09-08T12:09:32.158+0000] {logging_mixin.py:188} INFO - [2026-09-08T12:09:32.158+0000] {dag.py:3089} INFO - Sync 1 DAGs
[2026-09-08T12:09:32.179+0000] {logging_mixin.py:188} INFO - [2026-09-08T12:09:32.179+0000] {dag.py:3947} INFO - Setting next_dagrun for steam_analytics_daily to 2026-09-08 02:00:00+00:00, run_after=2026-09-09 02:00:00+00:00
[2026-09-08T12:09:32.196+0000] {processor.py:183} INFO - Processing /opt/airflow/dags/steam_analytics.py took 0.213 seconds
[2026-09-08T12:10:02.322+0000] {processor.py:161} INFO - Started process (PID=435) to work on /opt/airflow/dags/steam_analytics.py
[2026-09-08T12:10:02.323+0000] {processor.py:830} INFO - Processing file /opt/airflow/dags/steam_analytics.py for tasks to queue
[2026-09-08T12:10:02.324+0000] {logging_mixin.py:188} INFO - [2026-09-08T12:10:02.324+0000] {dagbag.py:545} INFO - Filling up the DagBag from /opt/airflow/dags/steam_analytics.py
[2026-09-08T12:10:02.465+0000] {processor.py:840} INFO - DAG(s) 'steam_analytics_daily' retrieved from /opt/airflow/dags/steam_analytics.py
[2026-09-08T12:10:02.501+0000] {logging_mixin.py:188} INFO - [2026-09-08T12:10:02.501+0000] {dag.py:3089} INFO - Sync 1 DAGs
[2026-09-08T12:10:02.529+0000] {logging_mixin.py:188} INFO - [2026-09-08T12:10:02.528+0000] {dag.py:3947} INFO - Setting next_dagrun for steam_analytics_daily to 2026-09-08 02:00:00+00:00, run_after=2026-09-09 02:00:00+00:00
[2026-09-08T12:10:02.550+0000] {processor.py:183} INFO - Processing /opt/airflow/dags/steam_analytics.py took 0.232 seconds
[2026-09-08T12:10:32.683+0000] {processor.py:161} INFO - Started process (PID=440) to work on /opt/airflow/dags/steam_analytics.py
[2026-09-08T12:10:32.684+0000] {processor.py:830} INFO - Processing file /opt/airflow/dags/steam_analytics.py for tasks to queue
[2026-09-08T12:10:32.687+0000] {logging_mixin.py:188} INFO - [2026-09-08T12:10:32.687+0000] {dagbag.py:545} INFO - Filling up the DagBag from /opt/airflow/dags/steam_analytics.py
[2026-09-08T12:10:32.844+0000] {processor.py:840} INFO - DAG(s) 'steam_analytics_daily' retrieved from /opt/airflow/dags/steam_analytics.py
[2026-09-08T12:10:32.872+0000] {logging_mixin.py:188} INFO - [2026-09-08T12:10:32.872+0000] {dag.py:3089} INFO - Sync 1 DAGs
[2026-09-08T12:10:32.893+0000] {logging_mixin.py:188} INFO - [2026-09-08T12:10:32.893+0000] {dag.py:3947} INFO - Setting next_dagrun for steam_analytics_daily to 2026-09-08 02:00:00+00:00, run_after=2026-09-09 02:00:00+00:00
[2026-09-08T12:10:32.911+0000] {processor.py:183} INFO - Processing /opt/airflow/dags/steam_analytics.py took 0.237 seconds
[2026-09-08T12:11:03.035+0000] {processor.py:161} INFO - Started process (PID=445) to work on /opt/airflow/dags/steam_analytics.py
[2026-09-08T12:11:03.036+0000] {processor.py:830} INFO - Processing file /opt/airflow/dags/steam_analytics.py for tasks to queue
[2026-09-08T12:11:03.037+0000] {logging_mixin.py:188} INFO - [2026-09-08T12:11:03.037+0000] {dagbag.py:545} INFO - Filling up the DagBag from /opt/airflow/dags/steam_analytics.py
[2026-09-08T12:11:03.178+0000] {processor.py:840} INFO - DAG(s) 'steam_analytics_daily' retrieved from /opt/airflow/dags/steam_analytics.py
[2026-09-08T12:11:03.205+0000] {logging_mixin.py:188} INFO - [2026-09-08T12:11:03.205+0000] {dag.py:3089} INFO - Sync 1 DAGs
[2026-09-08T12:11:03.226+0000] {logging_mixin.py:188} INFO - [2026-09-08T12:11:03.226+0000] {dag.py:3947} INFO - Setting next_dagrun for steam_analytics_daily to 2026-09-08 02:00:00+00:00, run_after=2026-09-09 02:00:00+00:00
[2026-09-08T12:11:03.243+0000] {processor.py:183} INFO - Processing /opt/airflow/dags/steam_analytics.py took 0.213 seconds
[2026-09-08T12:11:33.371+0000] {processor.py:161} INFO - Started process (PID=450) to work on /opt/airflow/dags/steam_analytics.py
[2026-09-08T12:11:33.372+0000] {processor.py:830} INFO - Processing file /opt/airflow/dags/steam_analytics.py for tasks to queue
[2026-09-08T12:11:33.373+0000] {logging_mixin.py:188} INFO - [2026-09-08T12:11:33.373+0000] {dagbag.py:545} INFO - Filling up the DagBag from /opt/airflow/dags/steam_analytics.py
[2026-09-08T12:11:33.515+0000] {processor.py:840} INFO - DAG(s) 'steam_analytics_daily' retrieved from /opt/airflow/dags/steam_analytics.py
[2026-09-08T12:11:33.540+0000] {logging_mixin.py:188} INFO - [2026-09-08T12:11:33.540+0000] {dag.py:3089} INFO - Sync 1 DAGs
[2026-09-08T12:11:33.562+0000] {logging_mixin.py:188} INFO - [2026-09-08T12:11:33.562+0000] {dag.py:3947} INFO - Setting next_dagrun for steam_analytics_daily to 2026-09-08 02:00:00+00:00, run_after=2026-09-09 02:00:00+00:00
[2026-09-08T12:11:33.580+0000] {processor.py:183} INFO - Processing /opt/airflow/dags/steam_analytics.py took 0.214 seconds
[2026-09-08T12:12:03.709+0000] {processor.py:161} INFO - Started process (PID=455) to work on /opt/airflow/dags/steam_analytics.py
[2026-09-08T12:12:03.710+0000] {processor.py:830} INFO - Processing file /opt/airflow/dags/steam_analytics.py for tasks to queue
[2026-09-08T12:12:03.711+0000] {logging_mixin.py:188} INFO - [2026-09-08T12:12:03.711+0000] {dagbag.py:545} INFO - Filling up the DagBag from /opt/airflow/dags/steam_analytics.py
[2026-09-08T12:12:03.859+0000] {processor.py:840} INFO - DAG(s) 'steam_analytics_daily' retrieved from /opt/airflow/dags/steam_analytics.py
[2026-09-08T12:12:03.894+0000] {logging_mixin.py:188} INFO - [2026-09-08T12:12:03.894+0000] {dag.py:3089} INFO - Sync 1 DAGs
[2026-09-08T12:12:03.916+0000] {logging_mixin.py:188} INFO - [2026-09-08T12:12:03.916+0000] {dag.py:3947} INFO - Setting next_dagrun for steam_analytics_daily to 2026-09-08 02:00:00+00:00, run_after=2026-09-09 02:00:00+00:00
[2026-09-08T12:12:03.937+0000] {processor.py:183} INFO - Processing /opt/airflow/dags/steam_analytics.py took 0.232 seconds
[2026-09-08T12:12:34.063+0000] {processor.py:161} INFO - Started process (PID=460) to work on /opt/airflow/dags/steam_analytics.py
[2026-09-08T12:12:34.064+0000] {processor.py:830} INFO - Processing file /opt/airflow/dags/steam_analytics.py for tasks to queue
[2026-09-08T12:12:34.066+0000] {logging_mixin.py:188} INFO - [2026-09-08T12:12:34.066+0000] {dagbag.py:545} INFO - Filling up the DagBag from /opt/airflow/dags/steam_analytics.py
[2026-09-08T12:12:34.218+0000] {processor.py:840} INFO - DAG(s) 'steam_analytics_daily' retrieved from /opt/airflow/dags/steam_analytics.py
[2026-09-08T12:12:34.245+0000] {logging_mixin.py:188} INFO - [2026-09-08T12:12:34.245+0000] {dag.py:3089} INFO - Sync 1 DAGs
[2026-09-08T12:12:34.268+0000] {logging_mixin.py:188} INFO - [2026-09-08T12:12:34.267+0000] {dag.py:3947} INFO - Setting next_dagrun for steam_analytics_daily to 2026-09-08 02:00:00+00:00, run_after=2026-09-09 02:00:00+00:00
[2026-09-08T12:12:34.284+0000] {processor.py:183} INFO - Processing /opt/airflow/dags/steam_analytics.py took 0.226 seconds
[2026-09-08T12:13:04.415+0000] {processor.py:161} INFO - Started process (PID=465) to work on /opt/airflow/dags/steam_analytics.py
[2026-09-08T12:13:04.416+0000] {processor.py:830} INFO - Processing file /opt/airflow/dags/steam_analytics.py for tasks to queue
[2026-09-08T12:13:04.418+0000] {logging_mixin.py:188} INFO - [2026-09-08T12:13:04.418+0000] {dagbag.py:545} INFO - Filling up the DagBag from /opt/airflow/dags/steam_analytics.py
[2026-09-08T12:13:04.595+0000] {processor.py:840} INFO - DAG(s) 'steam_analytics_daily' retrieved from /opt/airflow/dags/steam_analytics.py
[2026-09-08T12:13:04.621+0000] {logging_mixin.py:188} INFO - [2026-09-08T12:13:04.621+0000] {dag.py:3089} INFO - Sync 1 DAGs
[2026-09-08T12:13:04.640+0000] {logging_mixin.py:188} INFO - [2026-09-08T12:13:04.640+0000] {dag.py:3947} INFO - Setting next_dagrun for steam_analytics_daily to 2026-09-08 02:00:00+00:00, run_after=2026-09-09 02:00:00+00:00
[2026-09-08T12:13:04.658+0000] {processor.py:183} INFO - Processing /opt/airflow/dags/steam_analytics.py took 0.249 seconds
[2026-09-08T12:13:34.785+0000] {processor.py:161} INFO - Started process (PID=470) to work on /opt/airflow/dags/steam_analytics.py
[2026-09-08T12:13:34.785+0000] {processor.py:830} INFO - Processing file /opt/airflow/dags/steam_analytics.py for tasks to queue
[2026-09-08T12:13:34.787+0000] {logging_mixin.py:188} INFO - [2026-09-08T12:13:34.786+0000] {dagbag.py:545} INFO - Filling up the DagBag from /opt/airflow/dags/steam_analytics.py
[2026-09-08T12:13:34.928+0000] {processor.py:840} INFO - DAG(s) 'steam_analytics_daily' retrieved from /opt/airflow/dags/steam_analytics.py
[2026-09-08T12:13:34.955+0000] {logging_mixin.py:188} INFO - [2026-09-08T12:13:34.955+0000] {dag.py:3089} INFO - Sync 1 DAGs
[2026-09-08T12:13:34.976+0000] {logging_mixin.py:188} INFO - [2026-09-08T12:13:34.975+0000] {dag.py:3947} INFO - Setting next_dagrun for steam_analytics_daily to 2026-09-08 02:00:00+00:00, run_after=2026-09-09 02:00:00+00:00
[2026-09-08T12:13:34.993+0000] {processor.py:183} INFO - Processing /opt/airflow/dags/steam_analytics.py took 0.213 seconds
[2026-09-08T12:14:05.119+0000] {processor.py:161} INFO - Started process (PID=475) to work on /opt/airflow/dags/steam_analytics.py
[2026-09-08T12:14:05.120+0000] {processor.py:830} INFO - Processing file /opt/airflow/dags/steam_analytics.py for tasks to queue
[2026-09-08T12:14:05.122+0000] {logging_mixin.py:188} INFO - [2026-09-08T12:14:05.121+0000] {dagbag.py:545} INFO - Filling up the DagBag from /opt/airflow/dags/steam_analytics.py
[2026-09-08T12:14:05.261+0000] {processor.py:840} INFO - DAG(s) 'steam_analytics_daily' retrieved from /opt/airflow/dags/steam_analytics.py
[2026-09-08T12:14:05.288+0000] {logging_mixin.py:188} INFO - [2026-09-08T12:14:05.288+0000] {dag.py:3089} INFO - Sync 1 DAGs
[2026-09-08T12:14:05.309+0000] {logging_mixin.py:188} INFO - [2026-09-08T12:14:05.309+0000] {dag.py:3947} INFO - Setting next_dagrun for steam_analytics_daily to 2026-09-08 02:00:00+00:00, run_after=2026-09-09 02:00:00+00:00
[2026-09-08T12:14:05.333+0000] {processor.py:183} INFO - Processing /opt/airflow/dags/steam_analytics.py took 0.218 seconds
[2026-09-08T12:14:35.459+0000] {processor.py:161} INFO - Started process (PID=480) to work on /opt/airflow/dags/steam_analytics.py
[2026-09-08T12:14:35.460+0000] {processor.py:830} INFO - Processing file /opt/airflow/dags/steam_analytics.py for tasks to queue
[2026-09-08T12:14:35.462+0000] {logging_mixin.py:188} INFO - [2026-09-08T12:14:35.461+0000] {dagbag.py:545} INFO - Filling up the DagBag from /opt/airflow/dags/steam_analytics.py
[2026-09-08T12:14:35.611+0000] {processor.py:840} INFO - DAG(s) 'steam_analytics_daily' retrieved from /opt/airflow/dags/steam_analytics.py
[2026-09-08T12:14:35.643+0000] {logging_mixin.py:188} INFO - [2026-09-08T12:14:35.643+0000] {dag.py:3089} INFO - Sync 1 DAGs
[2026-09-08T12:14:35.664+0000] {logging_mixin.py:188} INFO - [2026-09-08T12:14:35.663+0000] {dag.py:3947} INFO - Setting next_dagrun for steam_analytics_daily to 2026-09-08 02:00:00+00:00, run_after=2026-09-09 02:00:00+00:00
[2026-09-08T12:14:35.680+0000] {processor.py:183} INFO - Processing /opt/airflow/dags/steam_analytics.py took 0.226 seconds
[2026-09-08T12:15:05.807+0000] {processor.py:161} INFO - Started process (PID=485) to work on /opt/airflow/dags/steam_analytics.py
[2026-09-08T12:15:05.807+0000] {processor.py:830} INFO - Processing file /opt/airflow/dags/steam_analytics.py for tasks to queue
[2026-09-08T12:15:05.809+0000] {logging_mixin.py:188} INFO - [2026-09-08T12:15:05.808+0000] {dagbag.py:545} INFO - Filling up the DagBag from /opt/airflow/dags/steam_analytics.py
[2026-09-08T12:15:05.961+0000] {processor.py:840} INFO - DAG(s) 'steam_analytics_daily' retrieved from /opt/airflow/dags/steam_analytics.py
[2026-09-08T12:15:05.988+0000] {logging_mixin.py:188} INFO - [2026-09-08T12:15:05.987+0000] {dag.py:3089} INFO - Sync 1 DAGs
[2026-09-08T12:15:06.008+0000] {logging_mixin.py:188} INFO - [2026-09-08T12:15:06.008+0000] {dag.py:3947} INFO - Setting next_dagrun for steam_analytics_daily to 2026-09-08 02:00:00+00:00, run_after=2026-09-09 02:00:00+00:00
[2026-09-08T12:15:06.025+0000] {processor.py:183} INFO - Processing /opt/airflow/dags/steam_analytics.py took 0.223 seconds
[2026-09-08T12:15:36.154+0000] {processor.py:161} INFO - Started process (PID=490) to work on /opt/airflow/dags/steam_analytics.py
[2026-09-08T12:15:36.154+0000] {processor.py:830} INFO - Processing file /opt/airflow/dags/steam_analytics.py for tasks to queue
[2026-09-08T12:15:36.156+0000] {logging_mixin.py:188} INFO - [2026-09-08T12:15:36.156+0000] {dagbag.py:545} INFO - Filling up the DagBag from /opt/airflow/dags/steam_analytics.py
[2026-09-08T12:15:36.293+0000] {processor.py:840} INFO - DAG(s) 'steam_analytics_daily' retrieved from /opt/airflow/dags/steam_analytics.py
[2026-09-08T12:15:36.330+0000] {logging_mixin.py:188} INFO - [2026-09-08T12:15:36.330+0000] {dag.py:3089} INFO - Sync 1 DAGs
[2026-09-08T12:15:36.364+0000] {logging_mixin.py:188} INFO - [2026-09-08T12:15:36.364+0000] {dag.py:3947} INFO - Setting next_dagrun for steam_analytics_daily to 2026-09-08 02:00:00+00:00, run_after=2026-09-09 02:00:00+00:00
[2026-09-08T12:15:36.387+0000] {processor.py:183} INFO - Processing /opt/airflow/dags/steam_analytics.py took 0.237 seconds
[2026-09-08T12:16:06.512+0000] {processor.py:161} INFO - Started process (PID=495) to work on /opt/airflow/dags/steam_analytics.py
[2026-09-08T12:16:06.514+0000] {processor.py:830} INFO - Processing file /opt/airflow/dags/steam_analytics.py for tasks to queue
[2026-09-08T12:16:06.523+0000] {logging_mixin.py:188} INFO - [2026-09-08T12:16:06.522+0000] {dagbag.py:545} INFO - Filling up the DagBag from /opt/airflow/dags/steam_analytics.py
[2026-09-08T12:16:06.680+0000] {processor.py:840} INFO - DAG(s) 'steam_analytics_daily' retrieved from /opt/airflow/dags/steam_analytics.py
[2026-09-08T12:16:06.710+0000] {logging_mixin.py:188} INFO - [2026-09-08T12:16:06.710+0000] {dag.py:3089} INFO - Sync 1 DAGs
[2026-09-08T12:16:06.732+0000] {logging_mixin.py:188} INFO - [2026-09-08T12:16:06.732+0000] {dag.py:3947} INFO - Setting next_dagrun for steam_analytics_daily to 2026-09-08 02:00:00+00:00, run_after=2026-09-09 02:00:00+00:00
[2026-09-08T12:16:06.752+0000] {processor.py:183} INFO - Processing /opt/airflow/dags/steam_analytics.py took 0.245 seconds
[2026-09-08T12:16:36.878+0000] {processor.py:161} INFO - Started process (PID=500) to work on /opt/airflow/dags/steam_analytics.py
[2026-09-08T12:16:36.879+0000] {processor.py:830} INFO - Processing file /opt/airflow/dags/steam_analytics.py for tasks to queue
[2026-09-08T12:16:36.881+0000] {logging_mixin.py:188} INFO - [2026-09-08T12:16:36.881+0000] {dagbag.py:545} INFO - Filling up the DagBag from /opt/airflow/dags/steam_analytics.py
[2026-09-08T12:16:37.021+0000] {processor.py:840} INFO - DAG(s) 'steam_analytics_daily' retrieved from /opt/airflow/dags/steam_analytics.py
[2026-09-08T12:16:37.049+0000] {logging_mixin.py:188} INFO - [2026-09-08T12:16:37.049+0000] {dag.py:3089} INFO - Sync 1 DAGs
[2026-09-08T12:16:37.069+0000] {logging_mixin.py:188} INFO - [2026-09-08T12:16:37.069+0000] {dag.py:3947} INFO - Setting next_dagrun for steam_analytics_daily to 2026-09-08 02:00:00+00:00, run_after=2026-09-09 02:00:00+00:00
[2026-09-08T12:16:37.086+0000] {processor.py:183} INFO - Processing /opt/airflow/dags/steam_analytics.py took 0.212 seconds
[2026-09-08T12:17:07.213+0000] {processor.py:161} INFO - Started process (PID=505) to work on /opt/airflow/dags/steam_analytics.py
[2026-09-08T12:17:07.214+0000] {processor.py:830} INFO - Processing file /opt/airflow/dags/steam_analytics.py for tasks to queue
[2026-09-08T12:17:07.216+0000] {logging_mixin.py:188} INFO - [2026-09-08T12:17:07.215+0000] {dagbag.py:545} INFO - Filling up the DagBag from /opt/airflow/dags/steam_analytics.py
[2026-09-08T12:17:07.355+0000] {processor.py:840} INFO - DAG(s) 'steam_analytics_daily' retrieved from /opt/airflow/dags/steam_analytics.py
[2026-09-08T12:17:07.381+0000] {logging_mixin.py:188} INFO - [2026-09-08T12:17:07.381+0000] {dag.py:3089} INFO - Sync 1 DAGs
[2026-09-08T12:17:07.401+0000] {logging_mixin.py:188} INFO - [2026-09-08T12:17:07.401+0000] {dag.py:3947} INFO - Setting next_dagrun for steam_analytics_daily to 2026-09-08 02:00:00+00:00, run_after=2026-09-09 02:00:00+00:00
[2026-09-08T12:17:07.419+0000] {processor.py:183} INFO - Processing /opt/airflow/dags/steam_analytics.py took 0.212 seconds
[2026-09-08T12:17:37.540+0000] {processor.py:161} INFO - Started process (PID=510) to work on /opt/airflow/dags/steam_analytics.py
[2026-09-08T12:17:37.540+0000] {processor.py:830} INFO - Processing file /opt/airflow/dags/steam_analytics.py for tasks to queue
[2026-09-08T12:17:37.542+0000] {logging_mixin.py:188} INFO - [2026-09-08T12:17:37.542+0000] {dagbag.py:545} INFO - Filling up the DagBag from /opt/airflow/dags/steam_analytics.py
[2026-09-08T12:17:37.689+0000] {processor.py:840} INFO - DAG(s) 'steam_analytics_daily' retrieved from /opt/airflow/dags/steam_analytics.py
[2026-09-08T12:17:37.714+0000] {logging_mixin.py:188} INFO - [2026-09-08T12:17:37.714+0000] {dag.py:3089} INFO - Sync 1 DAGs
[2026-09-08T12:17:37.734+0000] {logging_mixin.py:188} INFO - [2026-09-08T12:17:37.734+0000] {dag.py:3947} INFO - Setting next_dagrun for steam_analytics_daily to 2026-09-08 02:00:00+00:00, run_after=2026-09-09 02:00:00+00:00
[2026-09-08T12:17:37.751+0000] {processor.py:183} INFO - Processing /opt/airflow/dags/steam_analytics.py took 0.216 seconds
[2026-09-08T12:18:07.876+0000] {processor.py:161} INFO - Started process (PID=515) to work on /opt/airflow/dags/steam_analytics.py
[2026-09-08T12:18:07.878+0000] {processor.py:830} INFO - Processing file /opt/airflow/dags/steam_analytics.py for tasks to queue
[2026-09-08T12:18:07.881+0000] {logging_mixin.py:188} INFO - [2026-09-08T12:18:07.881+0000] {dagbag.py:545} INFO - Filling up the DagBag from /opt/airflow/dags/steam_analytics.py
[2026-09-08T12:18:08.046+0000] {processor.py:840} INFO - DAG(s) 'steam_analytics_daily' retrieved from /opt/airflow/dags/steam_analytics.py
[2026-09-08T12:18:08.085+0000] {logging_mixin.py:188} INFO - [2026-09-08T12:18:08.085+0000] {dag.py:3089} INFO - Sync 1 DAGs
[2026-09-08T12:18:08.106+0000] {logging_mixin.py:188} INFO - [2026-09-08T12:18:08.106+0000] {dag.py:3947} INFO - Setting next_dagrun for steam_analytics_daily to 2026-09-08 02:00:00+00:00, run_after=2026-09-09 02:00:00+00:00
[2026-09-08T12:18:08.122+0000] {processor.py:183} INFO - Processing /opt/airflow/dags/steam_analytics.py took 0.252 seconds
[2026-09-08T12:18:38.248+0000] {processor.py:161} INFO - Started process (PID=520) to work on /opt/airflow/dags/steam_analytics.py
[2026-09-08T12:18:38.249+0000] {processor.py:830} INFO - Processing file /opt/airflow/dags/steam_analytics.py for tasks to queue
[2026-09-08T12:18:38.250+0000] {logging_mixin.py:188} INFO - [2026-09-08T12:18:38.250+0000] {dagbag.py:545} INFO - Filling up the DagBag from /opt/airflow/dags/steam_analytics.py
[2026-09-08T12:18:38.391+0000] {processor.py:840} INFO - DAG(s) 'steam_analytics_daily' retrieved from /opt/airflow/dags/steam_analytics.py
[2026-09-08T12:18:38.418+0000] {logging_mixin.py:188} INFO - [2026-09-08T12:18:38.417+0000] {dag.py:3089} INFO - Sync 1 DAGs
[2026-09-08T12:18:38.437+0000] {logging_mixin.py:188} INFO - [2026-09-08T12:18:38.437+0000] {dag.py:3947} INFO - Setting next_dagrun for steam_analytics_daily to 2026-09-08 02:00:00+00:00, run_after=2026-09-09 02:00:00+00:00
[2026-09-08T12:18:38.453+0000] {processor.py:183} INFO - Processing /opt/airflow/dags/steam_analytics.py took 0.209 seconds
[2026-09-08T12:19:08.579+0000] {processor.py:161} INFO - Started process (PID=525) to work on /opt/airflow/dags/steam_analytics.py
[2026-09-08T12:19:08.579+0000] {processor.py:830} INFO - Processing file /opt/airflow/dags/steam_analytics.py for tasks to queue
[2026-09-08T12:19:08.581+0000] {logging_mixin.py:188} INFO - [2026-09-08T12:19:08.581+0000] {dagbag.py:545} INFO - Filling up the DagBag from /opt/airflow/dags/steam_analytics.py
[2026-09-08T12:19:08.724+0000] {processor.py:840} INFO - DAG(s) 'steam_analytics_daily' retrieved from /opt/airflow/dags/steam_analytics.py
[2026-09-08T12:19:08.750+0000] {logging_mixin.py:188} INFO - [2026-09-08T12:19:08.750+0000] {dag.py:3089} INFO - Sync 1 DAGs
[2026-09-08T12:19:08.771+0000] {logging_mixin.py:188} INFO - [2026-09-08T12:19:08.770+0000] {dag.py:3947} INFO - Setting next_dagrun for steam_analytics_daily to 2026-09-08 02:00:00+00:00, run_after=2026-09-09 02:00:00+00:00
[2026-09-08T12:19:08.787+0000] {processor.py:183} INFO - Processing /opt/airflow/dags/steam_analytics.py took 0.214 seconds
[2026-09-08T12:19:38.914+0000] {processor.py:161} INFO - Started process (PID=530) to work on /opt/airflow/dags/steam_analytics.py
[2026-09-08T12:19:38.915+0000] {processor.py:830} INFO - Processing file /opt/airflow/dags/steam_analytics.py for tasks to queue
[2026-09-08T12:19:38.916+0000] {logging_mixin.py:188} INFO - [2026-09-08T12:19:38.916+0000] {dagbag.py:545} INFO - Filling up the DagBag from /opt/airflow/dags/steam_analytics.py
[2026-09-08T12:19:39.052+0000] {processor.py:840} INFO - DAG(s) 'steam_analytics_daily' retrieved from /opt/airflow/dags/steam_analytics.py
[2026-09-08T12:19:39.078+0000] {logging_mixin.py:188} INFO - [2026-09-08T12:19:39.078+0000] {dag.py:3089} INFO - Sync 1 DAGs
[2026-09-08T12:19:39.098+0000] {logging_mixin.py:188} INFO - [2026-09-08T12:19:39.098+0000] {dag.py:3947} INFO - Setting next_dagrun for steam_analytics_daily to 2026-09-08 02:00:00+00:00, run_after=2026-09-09 02:00:00+00:00
[2026-09-08T12:19:39.116+0000] {processor.py:183} INFO - Processing /opt/airflow/dags/steam_analytics.py took 0.207 seconds
[2026-09-08T12:20:09.244+0000] {processor.py:161} INFO - Started process (PID=535) to work on /opt/airflow/dags/steam_analytics.py
[2026-09-08T12:20:09.245+0000] {processor.py:830} INFO - Processing file /opt/airflow/dags/steam_analytics.py for tasks to queue
[2026-09-08T12:20:09.246+0000] {logging_mixin.py:188} INFO - [2026-09-08T12:20:09.246+0000] {dagbag.py:545} INFO - Filling up the DagBag from /opt/airflow/dags/steam_analytics.py
[2026-09-08T12:20:09.387+0000] {processor.py:840} INFO - DAG(s) 'steam_analytics_daily' retrieved from /opt/airflow/dags/steam_analytics.py
[2026-09-08T12:20:09.413+0000] {logging_mixin.py:188} INFO - [2026-09-08T12:20:09.413+0000] {dag.py:3089} INFO - Sync 1 DAGs
[2026-09-08T12:20:09.434+0000] {logging_mixin.py:188} INFO - [2026-09-08T12:20:09.434+0000] {dag.py:3947} INFO - Setting next_dagrun for steam_analytics_daily to 2026-09-08 02:00:00+00:00, run_after=2026-09-09 02:00:00+00:00
[2026-09-08T12:20:09.453+0000] {processor.py:183} INFO - Processing /opt/airflow/dags/steam_analytics.py took 0.214 seconds
[2026-09-08T12:20:39.579+0000] {processor.py:161} INFO - Started process (PID=540) to work on /opt/airflow/dags/steam_analytics.py
[2026-09-08T12:20:39.580+0000] {processor.py:830} INFO - Processing file /opt/airflow/dags/steam_analytics.py for tasks to queue
[2026-09-08T12:20:39.583+0000] {logging_mixin.py:188} INFO - [2026-09-08T12:20:39.583+0000] {dagbag.py:545} INFO - Filling up the DagBag from /opt/airflow/dags/steam_analytics.py
[2026-09-08T12:20:39.730+0000] {processor.py:840} INFO - DAG(s) 'steam_analytics_daily' retrieved from /opt/airflow/dags/steam_analytics.py
[2026-09-08T12:20:39.756+0000] {logging_mixin.py:188} INFO - [2026-09-08T12:20:39.756+0000] {dag.py:3089} INFO - Sync 1 DAGs
[2026-09-08T12:20:39.775+0000] {logging_mixin.py:188} INFO - [2026-09-08T12:20:39.775+0000] {dag.py:3947} INFO - Setting next_dagrun for steam_analytics_daily to 2026-09-08 02:00:00+00:00, run_after=2026-09-09 02:00:00+00:00
[2026-09-08T12:20:39.791+0000] {processor.py:183} INFO - Processing /opt/airflow/dags/steam_analytics.py took 0.218 seconds
[2026-09-08T12:21:09.923+0000] {processor.py:161} INFO - Started process (PID=545) to work on /opt/airflow/dags/steam_analytics.py
[2026-09-08T12:21:09.924+0000] {processor.py:830} INFO - Processing file /opt/airflow/dags/steam_analytics.py for tasks to queue
[2026-09-08T12:21:09.927+0000] {logging_mixin.py:188} INFO - [2026-09-08T12:21:09.926+0000] {dagbag.py:545} INFO - Filling up the DagBag from /opt/airflow/dags/steam_analytics.py
[2026-09-08T12:21:10.067+0000] {processor.py:840} INFO - DAG(s) 'steam_analytics_daily' retrieved from /opt/airflow/dags/steam_analytics.py
[2026-09-08T12:21:10.094+0000] {logging_mixin.py:188} INFO - [2026-09-08T12:21:10.093+0000] {dag.py:3089} INFO - Sync 1 DAGs
[2026-09-08T12:21:10.114+0000] {logging_mixin.py:188} INFO - [2026-09-08T12:21:10.114+0000] {dag.py:3947} INFO - Setting next_dagrun for steam_analytics_daily to 2026-09-08 02:00:00+00:00, run_after=2026-09-09 02:00:00+00:00
[2026-09-08T12:21:10.130+0000] {processor.py:183} INFO - Processing /opt/airflow/dags/steam_analytics.py took 0.212 seconds
[2026-09-08T12:21:40.256+0000] {processor.py:161} INFO - Started process (PID=550) to work on /opt/airflow/dags/steam_analytics.py
[2026-09-08T12:21:40.257+0000] {processor.py:830} INFO - Processing file /opt/airflow/dags/steam_analytics.py for tasks to queue
[2026-09-08T12:21:40.259+0000] {logging_mixin.py:188} INFO - [2026-09-08T12:21:40.258+0000] {dagbag.py:545} INFO - Filling up the DagBag from /opt/airflow/dags/steam_analytics.py
[2026-09-08T12:21:40.395+0000] {processor.py:840} INFO - DAG(s) 'steam_analytics_daily' retrieved from /opt/airflow/dags/steam_analytics.py
[2026-09-08T12:21:40.422+0000] {logging_mixin.py:188} INFO - [2026-09-08T12:21:40.422+0000] {dag.py:3089} INFO - Sync 1 DAGs
[2026-09-08T12:21:40.444+0000] {logging_mixin.py:188} INFO - [2026-09-08T12:21:40.443+0000] {dag.py:3947} INFO - Setting next_dagrun for steam_analytics_daily to 2026-09-08 02:00:00+00:00, run_after=2026-09-09 02:00:00+00:00
[2026-09-08T12:21:40.462+0000] {processor.py:183} INFO - Processing /opt/airflow/dags/steam_analytics.py took 0.212 seconds
[2026-09-08T12:22:10.588+0000] {processor.py:161} INFO - Started process (PID=555) to work on /opt/airflow/dags/steam_analytics.py
[2026-09-08T12:22:10.589+0000] {processor.py:830} INFO - Processing file /opt/airflow/dags/steam_analytics.py for tasks to queue
[2026-09-08T12:22:10.591+0000] {logging_mixin.py:188} INFO - [2026-09-08T12:22:10.591+0000] {dagbag.py:545} INFO - Filling up the DagBag from /opt/airflow/dags/steam_analytics.py
[2026-09-08T12:22:10.730+0000] {processor.py:840} INFO - DAG(s) 'steam_analytics_daily' retrieved from /opt/airflow/dags/steam_analytics.py
[2026-09-08T12:22:10.756+0000] {logging_mixin.py:188} INFO - [2026-09-08T12:22:10.756+0000] {dag.py:3089} INFO - Sync 1 DAGs
[2026-09-08T12:22:10.777+0000] {logging_mixin.py:188} INFO - [2026-09-08T12:22:10.776+0000] {dag.py:3947} INFO - Setting next_dagrun for steam_analytics_daily to 2026-09-08 02:00:00+00:00, run_after=2026-09-09 02:00:00+00:00
[2026-09-08T12:22:10.792+0000] {processor.py:183} INFO - Processing /opt/airflow/dags/steam_analytics.py took 0.209 seconds
[2026-09-08T12:22:40.926+0000] {processor.py:161} INFO - Started process (PID=560) to work on /opt/airflow/dags/steam_analytics.py
[2026-09-08T12:22:40.927+0000] {processor.py:830} INFO - Processing file /opt/airflow/dags/steam_analytics.py for tasks to queue
[2026-09-08T12:22:40.929+0000] {logging_mixin.py:188} INFO - [2026-09-08T12:22:40.928+0000] {dagbag.py:545} INFO - Filling up the DagBag from /opt/airflow/dags/steam_analytics.py
[2026-09-08T12:22:41.077+0000] {processor.py:840} INFO - DAG(s) 'steam_analytics_daily' retrieved from /opt/airflow/dags/steam_analytics.py
[2026-09-08T12:22:41.104+0000] {logging_mixin.py:188} INFO - [2026-09-08T12:22:41.104+0000] {dag.py:3089} INFO - Sync 1 DAGs
[2026-09-08T12:22:41.124+0000] {logging_mixin.py:188} INFO - [2026-09-08T12:22:41.123+0000] {dag.py:3947} INFO - Setting next_dagrun for steam_analytics_daily to 2026-09-08 02:00:00+00:00, run_after=2026-09-09 02:00:00+00:00
[2026-09-08T12:22:41.157+0000] {processor.py:183} INFO - Processing /opt/airflow/dags/steam_analytics.py took 0.238 seconds
[2026-09-08T12:23:11.287+0000] {processor.py:161} INFO - Started process (PID=565) to work on /opt/airflow/dags/steam_analytics.py
[2026-09-08T12:23:11.288+0000] {processor.py:830} INFO - Processing file /opt/airflow/dags/steam_analytics.py for tasks to queue
[2026-09-08T12:23:11.291+0000] {logging_mixin.py:188} INFO - [2026-09-08T12:23:11.290+0000] {dagbag.py:545} INFO - Filling up the DagBag from /opt/airflow/dags/steam_analytics.py
[2026-09-08T12:23:11.454+0000] {processor.py:840} INFO - DAG(s) 'steam_analytics_daily' retrieved from /opt/airflow/dags/steam_analytics.py
[2026-09-08T12:23:11.487+0000] {logging_mixin.py:188} INFO - [2026-09-08T12:23:11.487+0000] {dag.py:3089} INFO - Sync 1 DAGs
[2026-09-08T12:23:11.513+0000] {logging_mixin.py:188} INFO - [2026-09-08T12:23:11.513+0000] {dag.py:3947} INFO - Setting next_dagrun for steam_analytics_daily to 2026-09-08 02:00:00+00:00, run_after=2026-09-09 02:00:00+00:00
[2026-09-08T12:23:11.534+0000] {processor.py:183} INFO - Processing /opt/airflow/dags/steam_analytics.py took 0.251 seconds
[2026-09-08T12:23:41.663+0000] {processor.py:161} INFO - Started process (PID=570) to work on /opt/airflow/dags/steam_analytics.py
[2026-09-08T12:23:41.664+0000] {processor.py:830} INFO - Processing file /opt/airflow/dags/steam_analytics.py for tasks to queue
[2026-09-08T12:23:41.665+0000] {logging_mixin.py:188} INFO - [2026-09-08T12:23:41.665+0000] {dagbag.py:545} INFO - Filling up the DagBag from /opt/airflow/dags/steam_analytics.py
[2026-09-08T12:23:41.821+0000] {processor.py:840} INFO - DAG(s) 'steam_analytics_daily' retrieved from /opt/airflow/dags/steam_analytics.py
[2026-09-08T12:23:41.851+0000] {logging_mixin.py:188} INFO - [2026-09-08T12:23:41.851+0000] {dag.py:3089} INFO - Sync 1 DAGs
[2026-09-08T12:23:41.874+0000] {logging_mixin.py:188} INFO - [2026-09-08T12:23:41.874+0000] {dag.py:3947} INFO - Setting next_dagrun for steam_analytics_daily to 2026-09-08 02:00:00+00:00, run_after=2026-09-09 02:00:00+00:00
[2026-09-08T12:23:41.892+0000] {processor.py:183} INFO - Processing /opt/airflow/dags/steam_analytics.py took 0.234 seconds
[2026-09-08T12:24:12.020+0000] {processor.py:161} INFO - Started process (PID=575) to work on /opt/airflow/dags/steam_analytics.py
[2026-09-08T12:24:12.022+0000] {processor.py:830} INFO - Processing file /opt/airflow/dags/steam_analytics.py for tasks to queue
[2026-09-08T12:24:12.025+0000] {logging_mixin.py:188} INFO - [2026-09-08T12:24:12.025+0000] {dagbag.py:545} INFO - Filling up the DagBag from /opt/airflow/dags/steam_analytics.py
[2026-09-08T12:24:12.175+0000] {processor.py:840} INFO - DAG(s) 'steam_analytics_daily' retrieved from /opt/airflow/dags/steam_analytics.py
[2026-09-08T12:24:12.200+0000] {logging_mixin.py:188} INFO - [2026-09-08T12:24:12.200+0000] {dag.py:3089} INFO - Sync 1 DAGs
[2026-09-08T12:24:12.220+0000] {logging_mixin.py:188} INFO - [2026-09-08T12:24:12.220+0000] {dag.py:3947} INFO - Setting next_dagrun for steam_analytics_daily to 2026-09-08 02:00:00+00:00, run_after=2026-09-09 02:00:00+00:00
[2026-09-08T12:24:12.237+0000] {processor.py:183} INFO - Processing /opt/airflow/dags/steam_analytics.py took 0.223 seconds
[2026-09-08T12:24:42.362+0000] {processor.py:161} INFO - Started process (PID=580) to work on /opt/airflow/dags/steam_analytics.py
[2026-09-08T12:24:42.362+0000] {processor.py:830} INFO - Processing file /opt/airflow/dags/steam_analytics.py for tasks to queue
[2026-09-08T12:24:42.364+0000] {logging_mixin.py:188} INFO - [2026-09-08T12:24:42.363+0000] {dagbag.py:545} INFO - Filling up the DagBag from /opt/airflow/dags/steam_analytics.py
[2026-09-08T12:24:42.507+0000] {processor.py:840} INFO - DAG(s) 'steam_analytics_daily' retrieved from /opt/airflow/dags/steam_analytics.py
[2026-09-08T12:24:42.535+0000] {logging_mixin.py:188} INFO - [2026-09-08T12:24:42.535+0000] {dag.py:3089} INFO - Sync 1 DAGs
[2026-09-08T12:24:42.557+0000] {logging_mixin.py:188} INFO - [2026-09-08T12:24:42.557+0000] {dag.py:3947} INFO - Setting next_dagrun for steam_analytics_daily to 2026-09-08 02:00:00+00:00, run_after=2026-09-09 02:00:00+00:00
[2026-09-08T12:24:42.574+0000] {processor.py:183} INFO - Processing /opt/airflow/dags/steam_analytics.py took 0.217 seconds
[2026-09-08T12:25:12.698+0000] {processor.py:161} INFO - Started process (PID=585) to work on /opt/airflow/dags/steam_analytics.py
[2026-09-08T12:25:12.699+0000] {processor.py:830} INFO - Processing file /opt/airflow/dags/steam_analytics.py for tasks to queue
[2026-09-08T12:25:12.701+0000] {logging_mixin.py:188} INFO - [2026-09-08T12:25:12.700+0000] {dagbag.py:545} INFO - Filling up the DagBag from /opt/airflow/dags/steam_analytics.py
[2026-09-08T12:25:12.880+0000] {processor.py:840} INFO - DAG(s) 'steam_analytics_daily' retrieved from /opt/airflow/dags/steam_analytics.py
[2026-09-08T12:25:12.927+0000] {logging_mixin.py:188} INFO - [2026-09-08T12:25:12.926+0000] {dag.py:3089} INFO - Sync 1 DAGs
[2026-09-08T12:25:12.959+0000] {logging_mixin.py:188} INFO - [2026-09-08T12:25:12.959+0000] {dag.py:3947} INFO - Setting next_dagrun for steam_analytics_daily to 2026-09-08 02:00:00+00:00, run_after=2026-09-09 02:00:00+00:00
[2026-09-08T12:25:12.977+0000] {processor.py:183} INFO - Processing /opt/airflow/dags/steam_analytics.py took 0.284 seconds
[2026-09-08T12:25:43.108+0000] {processor.py:161} INFO - Started process (PID=590) to work on /opt/airflow/dags/steam_analytics.py
[2026-09-08T12:25:43.109+0000] {processor.py:830} INFO - Processing file /opt/airflow/dags/steam_analytics.py for tasks to queue
[2026-09-08T12:25:43.111+0000] {logging_mixin.py:188} INFO - [2026-09-08T12:25:43.110+0000] {dagbag.py:545} INFO - Filling up the DagBag from /opt/airflow/dags/steam_analytics.py
[2026-09-08T12:25:43.260+0000] {processor.py:840} INFO - DAG(s) 'steam_analytics_daily' retrieved from /opt/airflow/dags/steam_analytics.py
[2026-09-08T12:25:43.289+0000] {logging_mixin.py:188} INFO - [2026-09-08T12:25:43.289+0000] {dag.py:3089} INFO - Sync 1 DAGs
[2026-09-08T12:25:43.309+0000] {logging_mixin.py:188} INFO - [2026-09-08T12:25:43.309+0000] {dag.py:3947} INFO - Setting next_dagrun for steam_analytics_daily to 2026-09-08 02:00:00+00:00, run_after=2026-09-09 02:00:00+00:00
[2026-09-08T12:25:43.326+0000] {processor.py:183} INFO - Processing /opt/airflow/dags/steam_analytics.py took 0.223 seconds
[2026-09-08T12:26:13.451+0000] {processor.py:161} INFO - Started process (PID=595) to work on /opt/airflow/dags/steam_analytics.py
[2026-09-08T12:26:13.452+0000] {processor.py:830} INFO - Processing file /opt/airflow/dags/steam_analytics.py for tasks to queue
[2026-09-08T12:26:13.453+0000] {logging_mixin.py:188} INFO - [2026-09-08T12:26:13.453+0000] {dagbag.py:545} INFO - Filling up the DagBag from /opt/airflow/dags/steam_analytics.py
[2026-09-08T12:26:13.612+0000] {processor.py:840} INFO - DAG(s) 'steam_analytics_daily' retrieved from /opt/airflow/dags/steam_analytics.py
[2026-09-08T12:26:13.652+0000] {logging_mixin.py:188} INFO - [2026-09-08T12:26:13.652+0000] {dag.py:3089} INFO - Sync 1 DAGs
[2026-09-08T12:26:13.673+0000] {logging_mixin.py:188} INFO - [2026-09-08T12:26:13.673+0000] {dag.py:3947} INFO - Setting next_dagrun for steam_analytics_daily to 2026-09-08 02:00:00+00:00, run_after=2026-09-09 02:00:00+00:00
[2026-09-08T12:26:13.692+0000] {processor.py:183} INFO - Processing /opt/airflow/dags/steam_analytics.py took 0.246 seconds
[2026-09-08T12:26:43.819+0000] {processor.py:161} INFO - Started process (PID=600) to work on /opt/airflow/dags/steam_analytics.py
[2026-09-08T12:26:43.819+0000] {processor.py:830} INFO - Processing file /opt/airflow/dags/steam_analytics.py for tasks to queue
[2026-09-08T12:26:43.821+0000] {logging_mixin.py:188} INFO - [2026-09-08T12:26:43.821+0000] {dagbag.py:545} INFO - Filling up the DagBag from /opt/airflow/dags/steam_analytics.py
[2026-09-08T12:26:43.967+0000] {processor.py:840} INFO - DAG(s) 'steam_analytics_daily' retrieved from /opt/airflow/dags/steam_analytics.py
[2026-09-08T12:26:43.993+0000] {logging_mixin.py:188} INFO - [2026-09-08T12:26:43.993+0000] {dag.py:3089} INFO - Sync 1 DAGs
[2026-09-08T12:26:44.015+0000] {logging_mixin.py:188} INFO - [2026-09-08T12:26:44.015+0000] {dag.py:3947} INFO - Setting next_dagrun for steam_analytics_daily to 2026-09-08 02:00:00+00:00, run_after=2026-09-09 02:00:00+00:00
[2026-09-08T12:26:44.034+0000] {processor.py:183} INFO - Processing /opt/airflow/dags/steam_analytics.py took 0.221 seconds
[2026-09-08T12:27:14.164+0000] {processor.py:161} INFO - Started process (PID=605) to work on /opt/airflow/dags/steam_analytics.py
[2026-09-08T12:27:14.164+0000] {processor.py:830} INFO - Processing file /opt/airflow/dags/steam_analytics.py for tasks to queue
[2026-09-08T12:27:14.166+0000] {logging_mixin.py:188} INFO - [2026-09-08T12:27:14.166+0000] {dagbag.py:545} INFO - Filling up the DagBag from /opt/airflow/dags/steam_analytics.py
[2026-09-08T12:27:14.314+0000] {processor.py:840} INFO - DAG(s) 'steam_analytics_daily' retrieved from /opt/airflow/dags/steam_analytics.py
[2026-09-08T12:27:14.345+0000] {logging_mixin.py:188} INFO - [2026-09-08T12:27:14.344+0000] {dag.py:3089} INFO - Sync 1 DAGs
[2026-09-08T12:27:14.366+0000] {logging_mixin.py:188} INFO - [2026-09-08T12:27:14.366+0000] {dag.py:3947} INFO - Setting next_dagrun for steam_analytics_daily to 2026-09-08 02:00:00+00:00, run_after=2026-09-09 02:00:00+00:00
[2026-09-08T12:27:14.383+0000] {processor.py:183} INFO - Processing /opt/airflow/dags/steam_analytics.py took 0.224 seconds
[2026-09-08T12:27:44.508+0000] {processor.py:161} INFO - Started process (PID=610) to work on /opt/airflow/dags/steam_analytics.py
[2026-09-08T12:27:44.509+0000] {processor.py:830} INFO - Processing file /opt/airflow/dags/steam_analytics.py for tasks to queue
[2026-09-08T12:27:44.510+0000] {logging_mixin.py:188} INFO - [2026-09-08T12:27:44.510+0000] {dagbag.py:545} INFO - Filling up the DagBag from /opt/airflow/dags/steam_analytics.py
[2026-09-08T12:27:44.659+0000] {processor.py:840} INFO - DAG(s) 'steam_analytics_daily' retrieved from /opt/airflow/dags/steam_analytics.py
[2026-09-08T12:27:44.701+0000] {logging_mixin.py:188} INFO - [2026-09-08T12:27:44.700+0000] {dag.py:3089} INFO - Sync 1 DAGs
[2026-09-08T12:27:44.728+0000] {logging_mixin.py:188} INFO - [2026-09-08T12:27:44.727+0000] {dag.py:3947} INFO - Setting next_dagrun for steam_analytics_daily to 2026-09-08 02:00:00+00:00, run_after=2026-09-09 02:00:00+00:00
[2026-09-08T12:27:44.749+0000] {processor.py:183} INFO - Processing /opt/airflow/dags/steam_analytics.py took 0.245 seconds
[2026-09-08T12:28:14.875+0000] {processor.py:161} INFO - Started process (PID=615) to work on /opt/airflow/dags/steam_analytics.py
[2026-09-08T12:28:14.876+0000] {processor.py:830} INFO - Processing file /opt/airflow/dags/steam_analytics.py for tasks to queue
[2026-09-08T12:28:14.877+0000] {logging_mixin.py:188} INFO - [2026-09-08T12:28:14.877+0000] {dagbag.py:545} INFO - Filling up the DagBag from /opt/airflow/dags/steam_analytics.py
[2026-09-08T12:28:15.027+0000] {processor.py:840} INFO - DAG(s) 'steam_analytics_daily' retrieved from /opt/airflow/dags/steam_analytics.py
[2026-09-08T12:28:15.055+0000] {logging_mixin.py:188} INFO - [2026-09-08T12:28:15.055+0000] {dag.py:3089} INFO - Sync 1 DAGs
[2026-09-08T12:28:15.077+0000] {logging_mixin.py:188} INFO - [2026-09-08T12:28:15.077+0000] {dag.py:3947} INFO - Setting next_dagrun for steam_analytics_daily to 2026-09-08 02:00:00+00:00, run_after=2026-09-09 02:00:00+00:00
[2026-09-08T12:28:15.095+0000] {processor.py:183} INFO - Processing /opt/airflow/dags/steam_analytics.py took 0.224 seconds
[2026-09-08T12:28:45.239+0000] {processor.py:161} INFO - Started process (PID=620) to work on /opt/airflow/dags/steam_analytics.py
[2026-09-08T12:28:45.240+0000] {processor.py:830} INFO - Processing file /opt/airflow/dags/steam_analytics.py for tasks to queue
[2026-09-08T12:28:45.241+0000] {logging_mixin.py:188} INFO - [2026-09-08T12:28:45.241+0000] {dagbag.py:545} INFO - Filling up the DagBag from /opt/airflow/dags/steam_analytics.py
[2026-09-08T12:28:45.387+0000] {processor.py:840} INFO - DAG(s) 'steam_analytics_daily' retrieved from /opt/airflow/dags/steam_analytics.py
[2026-09-08T12:28:45.416+0000] {logging_mixin.py:188} INFO - [2026-09-08T12:28:45.416+0000] {dag.py:3089} INFO - Sync 1 DAGs
[2026-09-08T12:28:45.441+0000] {logging_mixin.py:188} INFO - [2026-09-08T12:28:45.441+0000] {dag.py:3947} INFO - Setting next_dagrun for steam_analytics_daily to 2026-09-08 02:00:00+00:00, run_after=2026-09-09 02:00:00+00:00
[2026-09-08T12:28:45.459+0000] {processor.py:183} INFO - Processing /opt/airflow/dags/steam_analytics.py took 0.229 seconds
[2026-09-08T12:29:15.588+0000] {processor.py:161} INFO - Started process (PID=625) to work on /opt/airflow/dags/steam_analytics.py
[2026-09-08T12:29:15.588+0000] {processor.py:830} INFO - Processing file /opt/airflow/dags/steam_analytics.py for tasks to queue
[2026-09-08T12:29:15.590+0000] {logging_mixin.py:188} INFO - [2026-09-08T12:29:15.590+0000] {dagbag.py:545} INFO - Filling up the DagBag from /opt/airflow/dags/steam_analytics.py
[2026-09-08T12:29:15.729+0000] {processor.py:840} INFO - DAG(s) 'steam_analytics_daily' retrieved from /opt/airflow/dags/steam_analytics.py
[2026-09-08T12:29:15.758+0000] {logging_mixin.py:188} INFO - [2026-09-08T12:29:15.757+0000] {dag.py:3089} INFO - Sync 1 DAGs
[2026-09-08T12:29:15.782+0000] {logging_mixin.py:188} INFO - [2026-09-08T12:29:15.782+0000] {dag.py:3947} INFO - Setting next_dagrun for steam_analytics_daily to 2026-09-08 02:00:00+00:00, run_after=2026-09-09 02:00:00+00:00
[2026-09-08T12:29:15.805+0000] {processor.py:183} INFO - Processing /opt/airflow/dags/steam_analytics.py took 0.223 seconds
[2026-09-08T12:29:45.934+0000] {processor.py:161} INFO - Started process (PID=630) to work on /opt/airflow/dags/steam_analytics.py
[2026-09-08T12:29:45.935+0000] {processor.py:830} INFO - Processing file /opt/airflow/dags/steam_analytics.py for tasks to queue
[2026-09-08T12:29:45.937+0000] {logging_mixin.py:188} INFO - [2026-09-08T12:29:45.936+0000] {dagbag.py:545} INFO - Filling up the DagBag from /opt/airflow/dags/steam_analytics.py
[2026-09-08T12:29:46.088+0000] {processor.py:840} INFO - DAG(s) 'steam_analytics_daily' retrieved from /opt/airflow/dags/steam_analytics.py
[2026-09-08T12:29:46.117+0000] {logging_mixin.py:188} INFO - [2026-09-08T12:29:46.117+0000] {dag.py:3089} INFO - Sync 1 DAGs
[2026-09-08T12:29:46.141+0000] {logging_mixin.py:188} INFO - [2026-09-08T12:29:46.140+0000] {dag.py:3947} INFO - Setting next_dagrun for steam_analytics_daily to 2026-09-08 02:00:00+00:00, run_after=2026-09-09 02:00:00+00:00
[2026-09-08T12:29:46.160+0000] {processor.py:183} INFO - Processing /opt/airflow/dags/steam_analytics.py took 0.230 seconds
[2026-09-08T12:30:16.290+0000] {processor.py:161} INFO - Started process (PID=635) to work on /opt/airflow/dags/steam_analytics.py
[2026-09-08T12:30:16.291+0000] {processor.py:830} INFO - Processing file /opt/airflow/dags/steam_analytics.py for tasks to queue
[2026-09-08T12:30:16.292+0000] {logging_mixin.py:188} INFO - [2026-09-08T12:30:16.292+0000] {dagbag.py:545} INFO - Filling up the DagBag from /opt/airflow/dags/steam_analytics.py
[2026-09-08T12:30:16.437+0000] {processor.py:840} INFO - DAG(s) 'steam_analytics_daily' retrieved from /opt/airflow/dags/steam_analytics.py
[2026-09-08T12:30:16.465+0000] {logging_mixin.py:188} INFO - [2026-09-08T12:30:16.465+0000] {dag.py:3089} INFO - Sync 1 DAGs
[2026-09-08T12:30:16.486+0000] {logging_mixin.py:188} INFO - [2026-09-08T12:30:16.485+0000] {dag.py:3947} INFO - Setting next_dagrun for steam_analytics_daily to 2026-09-08 02:00:00+00:00, run_after=2026-09-09 02:00:00+00:00
[2026-09-08T12:30:16.506+0000] {processor.py:183} INFO - Processing /opt/airflow/dags/steam_analytics.py took 0.220 seconds
[2026-09-08T12:30:46.637+0000] {processor.py:161} INFO - Started process (PID=640) to work on /opt/airflow/dags/steam_analytics.py
[2026-09-08T12:30:46.638+0000] {processor.py:830} INFO - Processing file /opt/airflow/dags/steam_analytics.py for tasks to queue
[2026-09-08T12:30:46.640+0000] {logging_mixin.py:188} INFO - [2026-09-08T12:30:46.639+0000] {dagbag.py:545} INFO - Filling up the DagBag from /opt/airflow/dags/steam_analytics.py
[2026-09-08T12:30:46.786+0000] {processor.py:840} INFO - DAG(s) 'steam_analytics_daily' retrieved from /opt/airflow/dags/steam_analytics.py
[2026-09-08T12:30:46.814+0000] {logging_mixin.py:188} INFO - [2026-09-08T12:30:46.813+0000] {dag.py:3089} INFO - Sync 1 DAGs
[2026-09-08T12:30:46.834+0000] {logging_mixin.py:188} INFO - [2026-09-08T12:30:46.834+0000] {dag.py:3947} INFO - Setting next_dagrun for steam_analytics_daily to 2026-09-08 02:00:00+00:00, run_after=2026-09-09 02:00:00+00:00
[2026-09-08T12:30:46.851+0000] {processor.py:183} INFO - Processing /opt/airflow/dags/steam_analytics.py took 0.219 seconds
[2026-09-08T12:31:16.978+0000] {processor.py:161} INFO - Started process (PID=645) to work on /opt/airflow/dags/steam_analytics.py
[2026-09-08T12:31:16.979+0000] {processor.py:830} INFO - Processing file /opt/airflow/dags/steam_analytics.py for tasks to queue
[2026-09-08T12:31:16.980+0000] {logging_mixin.py:188} INFO - [2026-09-08T12:31:16.980+0000] {dagbag.py:545} INFO - Filling up the DagBag from /opt/airflow/dags/steam_analytics.py
[2026-09-08T12:31:17.132+0000] {processor.py:840} INFO - DAG(s) 'steam_analytics_daily' retrieved from /opt/airflow/dags/steam_analytics.py
[2026-09-08T12:31:17.158+0000] {logging_mixin.py:188} INFO - [2026-09-08T12:31:17.158+0000] {dag.py:3089} INFO - Sync 1 DAGs
[2026-09-08T12:31:17.177+0000] {logging_mixin.py:188} INFO - [2026-09-08T12:31:17.177+0000] {dag.py:3947} INFO - Setting next_dagrun for steam_analytics_daily to 2026-09-08 02:00:00+00:00, run_after=2026-09-09 02:00:00+00:00
[2026-09-08T12:31:17.194+0000] {processor.py:183} INFO - Processing /opt/airflow/dags/steam_analytics.py took 0.222 seconds
[2026-09-08T12:31:47.320+0000] {processor.py:161} INFO - Started process (PID=650) to work on /opt/airflow/dags/steam_analytics.py
[2026-09-08T12:31:47.321+0000] {processor.py:830} INFO - Processing file /opt/airflow/dags/steam_analytics.py for tasks to queue
[2026-09-08T12:31:47.322+0000] {logging_mixin.py:188} INFO - [2026-09-08T12:31:47.322+0000] {dagbag.py:545} INFO - Filling up the DagBag from /opt/airflow/dags/steam_analytics.py
[2026-09-08T12:31:47.478+0000] {processor.py:840} INFO - DAG(s) 'steam_analytics_daily' retrieved from /opt/airflow/dags/steam_analytics.py
[2026-09-08T12:31:47.506+0000] {logging_mixin.py:188} INFO - [2026-09-08T12:31:47.505+0000] {dag.py:3089} INFO - Sync 1 DAGs
[2026-09-08T12:31:47.525+0000] {logging_mixin.py:188} INFO - [2026-09-08T12:31:47.525+0000] {dag.py:3947} INFO - Setting next_dagrun for steam_analytics_daily to 2026-09-08 02:00:00+00:00, run_after=2026-09-09 02:00:00+00:00
[2026-09-08T12:31:47.540+0000] {processor.py:183} INFO - Processing /opt/airflow/dags/steam_analytics.py took 0.225 seconds
[2026-09-08T12:32:17.664+0000] {processor.py:161} INFO - Started process (PID=655) to work on /opt/airflow/dags/steam_analytics.py
[2026-09-08T12:32:17.664+0000] {processor.py:830} INFO - Processing file /opt/airflow/dags/steam_analytics.py for tasks to queue
[2026-09-08T12:32:17.666+0000] {logging_mixin.py:188} INFO - [2026-09-08T12:32:17.666+0000] {dagbag.py:545} INFO - Filling up the DagBag from /opt/airflow/dags/steam_analytics.py
[2026-09-08T12:32:17.802+0000] {processor.py:840} INFO - DAG(s) 'steam_analytics_daily' retrieved from /opt/airflow/dags/steam_analytics.py
[2026-09-08T12:32:17.827+0000] {logging_mixin.py:188} INFO - [2026-09-08T12:32:17.827+0000] {dag.py:3089} INFO - Sync 1 DAGs
[2026-09-08T12:32:17.846+0000] {logging_mixin.py:188} INFO - [2026-09-08T12:32:17.846+0000] {dag.py:3947} INFO - Setting next_dagrun for steam_analytics_daily to 2026-09-08 02:00:00+00:00, run_after=2026-09-09 02:00:00+00:00
[2026-09-08T12:32:17.863+0000] {processor.py:183} INFO - Processing /opt/airflow/dags/steam_analytics.py took 0.204 seconds
[2026-09-08T12:32:47.986+0000] {processor.py:161} INFO - Started process (PID=660) to work on /opt/airflow/dags/steam_analytics.py
[2026-09-08T12:32:47.987+0000] {processor.py:830} INFO - Processing file /opt/airflow/dags/steam_analytics.py for tasks to queue
[2026-09-08T12:32:47.988+0000] {logging_mixin.py:188} INFO - [2026-09-08T12:32:47.988+0000] {dagbag.py:545} INFO - Filling up the DagBag from /opt/airflow/dags/steam_analytics.py
[2026-09-08T12:32:48.131+0000] {processor.py:840} INFO - DAG(s) 'steam_analytics_daily' retrieved from /opt/airflow/dags/steam_analytics.py
[2026-09-08T12:32:48.157+0000] {logging_mixin.py:188} INFO - [2026-09-08T12:32:48.157+0000] {dag.py:3089} INFO - Sync 1 DAGs
[2026-09-08T12:32:48.178+0000] {logging_mixin.py:188} INFO - [2026-09-08T12:32:48.178+0000] {dag.py:3947} INFO - Setting next_dagrun for steam_analytics_daily to 2026-09-08 02:00:00+00:00, run_after=2026-09-09 02:00:00+00:00
[2026-09-08T12:32:48.196+0000] {processor.py:183} INFO - Processing /opt/airflow/dags/steam_analytics.py took 0.215 seconds
[2026-09-08T12:33:18.322+0000] {processor.py:161} INFO - Started process (PID=665) to work on /opt/airflow/dags/steam_analytics.py
[2026-09-08T12:33:18.323+0000] {processor.py:830} INFO - Processing file /opt/airflow/dags/steam_analytics.py for tasks to queue
[2026-09-08T12:33:18.324+0000] {logging_mixin.py:188} INFO - [2026-09-08T12:33:18.324+0000] {dagbag.py:545} INFO - Filling up the DagBag from /opt/airflow/dags/steam_analytics.py
[2026-09-08T12:33:18.462+0000] {processor.py:840} INFO - DAG(s) 'steam_analytics_daily' retrieved from /opt/airflow/dags/steam_analytics.py
[2026-09-08T12:33:18.489+0000] {logging_mixin.py:188} INFO - [2026-09-08T12:33:18.489+0000] {dag.py:3089} INFO - Sync 1 DAGs
[2026-09-08T12:33:18.509+0000] {logging_mixin.py:188} INFO - [2026-09-08T12:33:18.509+0000] {dag.py:3947} INFO - Setting next_dagrun for steam_analytics_daily to 2026-09-08 02:00:00+00:00, run_after=2026-09-09 02:00:00+00:00
[2026-09-08T12:33:18.525+0000] {processor.py:183} INFO - Processing /opt/airflow/dags/steam_analytics.py took 0.208 seconds
[2026-09-08T12:33:48.649+0000] {processor.py:161} INFO - Started process (PID=670) to work on /opt/airflow/dags/steam_analytics.py
[2026-09-08T12:33:48.650+0000] {processor.py:830} INFO - Processing file /opt/airflow/dags/steam_analytics.py for tasks to queue
[2026-09-08T12:33:48.652+0000] {logging_mixin.py:188} INFO - [2026-09-08T12:33:48.652+0000] {dagbag.py:545} INFO - Filling up the DagBag from /opt/airflow/dags/steam_analytics.py
[2026-09-08T12:33:48.792+0000] {processor.py:840} INFO - DAG(s) 'steam_analytics_daily' retrieved from /opt/airflow/dags/steam_analytics.py
[2026-09-08T12:33:48.828+0000] {logging_mixin.py:188} INFO - [2026-09-08T12:33:48.827+0000] {dag.py:3089} INFO - Sync 1 DAGs
[2026-09-08T12:33:48.862+0000] {logging_mixin.py:188} INFO - [2026-09-08T12:33:48.862+0000] {dag.py:3947} INFO - Setting next_dagrun for steam_analytics_daily to 2026-09-08 02:00:00+00:00, run_after=2026-09-09 02:00:00+00:00
[2026-09-08T12:33:48.887+0000] {processor.py:183} INFO - Processing /opt/airflow/dags/steam_analytics.py took 0.243 seconds
[2026-09-08T12:34:19.010+0000] {processor.py:161} INFO - Started process (PID=675) to work on /opt/airflow/dags/steam_analytics.py
[2026-09-08T12:34:19.011+0000] {processor.py:830} INFO - Processing file /opt/airflow/dags/steam_analytics.py for tasks to queue
[2026-09-08T12:34:19.013+0000] {logging_mixin.py:188} INFO - [2026-09-08T12:34:19.012+0000] {dagbag.py:545} INFO - Filling up the DagBag from /opt/airflow/dags/steam_analytics.py
[2026-09-08T12:34:19.157+0000] {processor.py:840} INFO - DAG(s) 'steam_analytics_daily' retrieved from /opt/airflow/dags/steam_analytics.py
[2026-09-08T12:34:19.185+0000] {logging_mixin.py:188} INFO - [2026-09-08T12:34:19.185+0000] {dag.py:3089} INFO - Sync 1 DAGs
[2026-09-08T12:34:19.207+0000] {logging_mixin.py:188} INFO - [2026-09-08T12:34:19.206+0000] {dag.py:3947} INFO - Setting next_dagrun for steam_analytics_daily to 2026-09-08 02:00:00+00:00, run_after=2026-09-09 02:00:00+00:00
[2026-09-08T12:34:19.223+0000] {processor.py:183} INFO - Processing /opt/airflow/dags/steam_analytics.py took 0.217 seconds
[2026-09-08T12:34:49.352+0000] {processor.py:161} INFO - Started process (PID=680) to work on /opt/airflow/dags/steam_analytics.py
[2026-09-08T12:34:49.353+0000] {processor.py:830} INFO - Processing file /opt/airflow/dags/steam_analytics.py for tasks to queue
[2026-09-08T12:34:49.354+0000] {logging_mixin.py:188} INFO - [2026-09-08T12:34:49.354+0000] {dagbag.py:545} INFO - Filling up the DagBag from /opt/airflow/dags/steam_analytics.py
[2026-09-08T12:34:49.505+0000] {processor.py:840} INFO - DAG(s) 'steam_analytics_daily' retrieved from /opt/airflow/dags/steam_analytics.py
[2026-09-08T12:34:49.533+0000] {logging_mixin.py:188} INFO - [2026-09-08T12:34:49.533+0000] {dag.py:3089} INFO - Sync 1 DAGs
[2026-09-08T12:34:49.557+0000] {logging_mixin.py:188} INFO - [2026-09-08T12:34:49.557+0000] {dag.py:3947} INFO - Setting next_dagrun for steam_analytics_daily to 2026-09-08 02:00:00+00:00, run_after=2026-09-09 02:00:00+00:00
[2026-09-08T12:34:49.578+0000] {processor.py:183} INFO - Processing /opt/airflow/dags/steam_analytics.py took 0.231 seconds
[2026-09-08T12:35:19.703+0000] {processor.py:161} INFO - Started process (PID=685) to work on /opt/airflow/dags/steam_analytics.py
[2026-09-08T12:35:19.704+0000] {processor.py:830} INFO - Processing file /opt/airflow/dags/steam_analytics.py for tasks to queue
[2026-09-08T12:35:19.706+0000] {logging_mixin.py:188} INFO - [2026-09-08T12:35:19.705+0000] {dagbag.py:545} INFO - Filling up the DagBag from /opt/airflow/dags/steam_analytics.py
[2026-09-08T12:35:19.847+0000] {processor.py:840} INFO - DAG(s) 'steam_analytics_daily' retrieved from /opt/airflow/dags/steam_analytics.py
[2026-09-08T12:35:19.873+0000] {logging_mixin.py:188} INFO - [2026-09-08T12:35:19.873+0000] {dag.py:3089} INFO - Sync 1 DAGs
[2026-09-08T12:35:19.895+0000] {logging_mixin.py:188} INFO - [2026-09-08T12:35:19.895+0000] {dag.py:3947} INFO - Setting next_dagrun for steam_analytics_daily to 2026-09-08 02:00:00+00:00, run_after=2026-09-09 02:00:00+00:00
[2026-09-08T12:35:19.913+0000] {processor.py:183} INFO - Processing /opt/airflow/dags/steam_analytics.py took 0.215 seconds
[2026-09-08T12:35:50.041+0000] {processor.py:161} INFO - Started process (PID=690) to work on /opt/airflow/dags/steam_analytics.py
[2026-09-08T12:35:50.042+0000] {processor.py:830} INFO - Processing file /opt/airflow/dags/steam_analytics.py for tasks to queue
[2026-09-08T12:35:50.043+0000] {logging_mixin.py:188} INFO - [2026-09-08T12:35:50.043+0000] {dagbag.py:545} INFO - Filling up the DagBag from /opt/airflow/dags/steam_analytics.py
[2026-09-08T12:35:50.179+0000] {processor.py:840} INFO - DAG(s) 'steam_analytics_daily' retrieved from /opt/airflow/dags/steam_analytics.py
[2026-09-08T12:35:50.207+0000] {logging_mixin.py:188} INFO - [2026-09-08T12:35:50.206+0000] {dag.py:3089} INFO - Sync 1 DAGs
[2026-09-08T12:35:50.226+0000] {logging_mixin.py:188} INFO - [2026-09-08T12:35:50.226+0000] {dag.py:3947} INFO - Setting next_dagrun for steam_analytics_daily to 2026-09-08 02:00:00+00:00, run_after=2026-09-09 02:00:00+00:00
[2026-09-08T12:35:50.242+0000] {processor.py:183} INFO - Processing /opt/airflow/dags/steam_analytics.py took 0.206 seconds
[2026-09-08T12:36:20.365+0000] {processor.py:161} INFO - Started process (PID=695) to work on /opt/airflow/dags/steam_analytics.py
[2026-09-08T12:36:20.366+0000] {processor.py:830} INFO - Processing file /opt/airflow/dags/steam_analytics.py for tasks to queue
[2026-09-08T12:36:20.368+0000] {logging_mixin.py:188} INFO - [2026-09-08T12:36:20.367+0000] {dagbag.py:545} INFO - Filling up the DagBag from /opt/airflow/dags/steam_analytics.py
[2026-09-08T12:36:20.510+0000] {processor.py:840} INFO - DAG(s) 'steam_analytics_daily' retrieved from /opt/airflow/dags/steam_analytics.py
[2026-09-08T12:36:20.537+0000] {logging_mixin.py:188} INFO - [2026-09-08T12:36:20.537+0000] {dag.py:3089} INFO - Sync 1 DAGs
[2026-09-08T12:36:20.558+0000] {logging_mixin.py:188} INFO - [2026-09-08T12:36:20.558+0000] {dag.py:3947} INFO - Setting next_dagrun for steam_analytics_daily to 2026-09-08 02:00:00+00:00, run_after=2026-09-09 02:00:00+00:00
[2026-09-08T12:36:20.574+0000] {processor.py:183} INFO - Processing /opt/airflow/dags/steam_analytics.py took 0.214 seconds
[2026-09-08T12:36:50.699+0000] {processor.py:161} INFO - Started process (PID=700) to work on /opt/airflow/dags/steam_analytics.py
[2026-09-08T12:36:50.699+0000] {processor.py:830} INFO - Processing file /opt/airflow/dags/steam_analytics.py for tasks to queue
[2026-09-08T12:36:50.701+0000] {logging_mixin.py:188} INFO - [2026-09-08T12:36:50.701+0000] {dagbag.py:545} INFO - Filling up the DagBag from /opt/airflow/dags/steam_analytics.py
[2026-09-08T12:36:50.843+0000] {processor.py:840} INFO - DAG(s) 'steam_analytics_daily' retrieved from /opt/airflow/dags/steam_analytics.py
[2026-09-08T12:36:50.880+0000] {logging_mixin.py:188} INFO - [2026-09-08T12:36:50.880+0000] {dag.py:3089} INFO - Sync 1 DAGs
[2026-09-08T12:36:50.913+0000] {logging_mixin.py:188} INFO - [2026-09-08T12:36:50.912+0000] {dag.py:3947} INFO - Setting next_dagrun for steam_analytics_daily to 2026-09-08 02:00:00+00:00, run_after=2026-09-09 02:00:00+00:00
[2026-09-08T12:36:50.941+0000] {processor.py:183} INFO - Processing /opt/airflow/dags/steam_analytics.py took 0.247 seconds
[2026-09-08T12:37:21.069+0000] {processor.py:161} INFO - Started process (PID=705) to work on /opt/airflow/dags/steam_analytics.py
[2026-09-08T12:37:21.070+0000] {processor.py:830} INFO - Processing file /opt/airflow/dags/steam_analytics.py for tasks to queue
[2026-09-08T12:37:21.071+0000] {logging_mixin.py:188} INFO - [2026-09-08T12:37:21.071+0000] {dagbag.py:545} INFO - Filling up the DagBag from /opt/airflow/dags/steam_analytics.py
[2026-09-08T12:37:21.217+0000] {processor.py:840} INFO - DAG(s) 'steam_analytics_daily' retrieved from /opt/airflow/dags/steam_analytics.py
[2026-09-08T12:37:21.243+0000] {logging_mixin.py:188} INFO - [2026-09-08T12:37:21.243+0000] {dag.py:3089} INFO - Sync 1 DAGs
[2026-09-08T12:37:21.264+0000] {logging_mixin.py:188} INFO - [2026-09-08T12:37:21.264+0000] {dag.py:3947} INFO - Setting next_dagrun for steam_analytics_daily to 2026-09-08 02:00:00+00:00, run_after=2026-09-09 02:00:00+00:00
[2026-09-08T12:37:21.279+0000] {processor.py:183} INFO - Processing /opt/airflow/dags/steam_analytics.py took 0.217 seconds
[2026-09-08T12:37:51.406+0000] {processor.py:161} INFO - Started process (PID=710) to work on /opt/airflow/dags/steam_analytics.py
[2026-09-08T12:37:51.406+0000] {processor.py:830} INFO - Processing file /opt/airflow/dags/steam_analytics.py for tasks to queue
[2026-09-08T12:37:51.408+0000] {logging_mixin.py:188} INFO - [2026-09-08T12:37:51.407+0000] {dagbag.py:545} INFO - Filling up the DagBag from /opt/airflow/dags/steam_analytics.py
[2026-09-08T12:37:51.548+0000] {processor.py:840} INFO - DAG(s) 'steam_analytics_daily' retrieved from /opt/airflow/dags/steam_analytics.py
[2026-09-08T12:37:51.576+0000] {logging_mixin.py:188} INFO - [2026-09-08T12:37:51.575+0000] {dag.py:3089} INFO - Sync 1 DAGs
[2026-09-08T12:37:51.595+0000] {logging_mixin.py:188} INFO - [2026-09-08T12:37:51.595+0000] {dag.py:3947} INFO - Setting next_dagrun for steam_analytics_daily to 2026-09-08 02:00:00+00:00, run_after=2026-09-09 02:00:00+00:00
[2026-09-08T12:37:51.611+0000] {processor.py:183} INFO - Processing /opt/airflow/dags/steam_analytics.py took 0.210 seconds
[2026-09-08T12:38:21.738+0000] {processor.py:161} INFO - Started process (PID=715) to work on /opt/airflow/dags/steam_analytics.py
[2026-09-08T12:38:21.738+0000] {processor.py:830} INFO - Processing file /opt/airflow/dags/steam_analytics.py for tasks to queue
[2026-09-08T12:38:21.740+0000] {logging_mixin.py:188} INFO - [2026-09-08T12:38:21.740+0000] {dagbag.py:545} INFO - Filling up the DagBag from /opt/airflow/dags/steam_analytics.py
[2026-09-08T12:38:21.876+0000] {processor.py:840} INFO - DAG(s) 'steam_analytics_daily' retrieved from /opt/airflow/dags/steam_analytics.py
[2026-09-08T12:38:21.903+0000] {logging_mixin.py:188} INFO - [2026-09-08T12:38:21.902+0000] {dag.py:3089} INFO - Sync 1 DAGs
[2026-09-08T12:38:21.930+0000] {logging_mixin.py:188} INFO - [2026-09-08T12:38:21.930+0000] {dag.py:3947} INFO - Setting next_dagrun for steam_analytics_daily to 2026-09-08 02:00:00+00:00, run_after=2026-09-09 02:00:00+00:00
[2026-09-08T12:38:21.950+0000] {processor.py:183} INFO - Processing /opt/airflow/dags/steam_analytics.py took 0.217 seconds
[2026-09-08T12:38:52.077+0000] {processor.py:161} INFO - Started process (PID=720) to work on /opt/airflow/dags/steam_analytics.py
[2026-09-08T12:38:52.078+0000] {processor.py:830} INFO - Processing file /opt/airflow/dags/steam_analytics.py for tasks to queue
[2026-09-08T12:38:52.080+0000] {logging_mixin.py:188} INFO - [2026-09-08T12:38:52.079+0000] {dagbag.py:545} INFO - Filling up the DagBag from /opt/airflow/dags/steam_analytics.py
[2026-09-08T12:38:52.237+0000] {processor.py:840} INFO - DAG(s) 'steam_analytics_daily' retrieved from /opt/airflow/dags/steam_analytics.py
[2026-09-08T12:38:52.267+0000] {logging_mixin.py:188} INFO - [2026-09-08T12:38:52.267+0000] {dag.py:3089} INFO - Sync 1 DAGs
[2026-09-08T12:38:52.289+0000] {logging_mixin.py:188} INFO - [2026-09-08T12:38:52.288+0000] {dag.py:3947} INFO - Setting next_dagrun for steam_analytics_daily to 2026-09-08 02:00:00+00:00, run_after=2026-09-09 02:00:00+00:00
[2026-09-08T12:38:52.306+0000] {processor.py:183} INFO - Processing /opt/airflow/dags/steam_analytics.py took 0.235 seconds
[2026-09-08T12:39:22.430+0000] {processor.py:161} INFO - Started process (PID=725) to work on /opt/airflow/dags/steam_analytics.py
[2026-09-08T12:39:22.430+0000] {processor.py:830} INFO - Processing file /opt/airflow/dags/steam_analytics.py for tasks to queue
[2026-09-08T12:39:22.432+0000] {logging_mixin.py:188} INFO - [2026-09-08T12:39:22.432+0000] {dagbag.py:545} INFO - Filling up the DagBag from /opt/airflow/dags/steam_analytics.py
[2026-09-08T12:39:22.569+0000] {processor.py:840} INFO - DAG(s) 'steam_analytics_daily' retrieved from /opt/airflow/dags/steam_analytics.py
[2026-09-08T12:39:22.595+0000] {logging_mixin.py:188} INFO - [2026-09-08T12:39:22.595+0000] {dag.py:3089} INFO - Sync 1 DAGs
[2026-09-08T12:39:22.617+0000] {logging_mixin.py:188} INFO - [2026-09-08T12:39:22.616+0000] {dag.py:3947} INFO - Setting next_dagrun for steam_analytics_daily to 2026-09-08 02:00:00+00:00, run_after=2026-09-09 02:00:00+00:00
[2026-09-08T12:39:22.635+0000] {processor.py:183} INFO - Processing /opt/airflow/dags/steam_analytics.py took 0.211 seconds
[2026-09-08T12:39:52.762+0000] {processor.py:161} INFO - Started process (PID=730) to work on /opt/airflow/dags/steam_analytics.py
[2026-09-08T12:39:52.763+0000] {processor.py:830} INFO - Processing file /opt/airflow/dags/steam_analytics.py for tasks to queue
[2026-09-08T12:39:52.764+0000] {logging_mixin.py:188} INFO - [2026-09-08T12:39:52.764+0000] {dagbag.py:545} INFO - Filling up the DagBag from /opt/airflow/dags/steam_analytics.py
[2026-09-08T12:39:52.910+0000] {processor.py:840} INFO - DAG(s) 'steam_analytics_daily' retrieved from /opt/airflow/dags/steam_analytics.py
[2026-09-08T12:39:52.940+0000] {logging_mixin.py:188} INFO - [2026-09-08T12:39:52.940+0000] {dag.py:3089} INFO - Sync 1 DAGs
[2026-09-08T12:39:52.962+0000] {logging_mixin.py:188} INFO - [2026-09-08T12:39:52.962+0000] {dag.py:3947} INFO - Setting next_dagrun for steam_analytics_daily to 2026-09-08 02:00:00+00:00, run_after=2026-09-09 02:00:00+00:00
[2026-09-08T12:39:52.980+0000] {processor.py:183} INFO - Processing /opt/airflow/dags/steam_analytics.py took 0.223 seconds
[2026-09-08T12:40:23.109+0000] {processor.py:161} INFO - Started process (PID=735) to work on /opt/airflow/dags/steam_analytics.py
[2026-09-08T12:40:23.110+0000] {processor.py:830} INFO - Processing file /opt/airflow/dags/steam_analytics.py for tasks to queue
[2026-09-08T12:40:23.111+0000] {logging_mixin.py:188} INFO - [2026-09-08T12:40:23.111+0000] {dagbag.py:545} INFO - Filling up the DagBag from /opt/airflow/dags/steam_analytics.py
[2026-09-08T12:40:23.256+0000] {processor.py:840} INFO - DAG(s) 'steam_analytics_daily' retrieved from /opt/airflow/dags/steam_analytics.py
[2026-09-08T12:40:23.284+0000] {logging_mixin.py:188} INFO - [2026-09-08T12:40:23.284+0000] {dag.py:3089} INFO - Sync 1 DAGs
[2026-09-08T12:40:23.304+0000] {logging_mixin.py:188} INFO - [2026-09-08T12:40:23.304+0000] {dag.py:3947} INFO - Setting next_dagrun for steam_analytics_daily to 2026-09-08 02:00:00+00:00, run_after=2026-09-09 02:00:00+00:00
[2026-09-08T12:40:23.321+0000] {processor.py:183} INFO - Processing /opt/airflow/dags/steam_analytics.py took 0.216 seconds
[2026-09-08T12:40:53.448+0000] {processor.py:161} INFO - Started process (PID=740) to work on /opt/airflow/dags/steam_analytics.py
[2026-09-08T12:40:53.449+0000] {processor.py:830} INFO - Processing file /opt/airflow/dags/steam_analytics.py for tasks to queue
[2026-09-08T12:40:53.451+0000] {logging_mixin.py:188} INFO - [2026-09-08T12:40:53.450+0000] {dagbag.py:545} INFO - Filling up the DagBag from /opt/airflow/dags/steam_analytics.py
[2026-09-08T12:40:53.591+0000] {processor.py:840} INFO - DAG(s) 'steam_analytics_daily' retrieved from /opt/airflow/dags/steam_analytics.py
[2026-09-08T12:40:53.628+0000] {logging_mixin.py:188} INFO - [2026-09-08T12:40:53.628+0000] {dag.py:3089} INFO - Sync 1 DAGs
[2026-09-08T12:40:53.660+0000] {logging_mixin.py:188} INFO - [2026-09-08T12:40:53.660+0000] {dag.py:3947} INFO - Setting next_dagrun for steam_analytics_daily to 2026-09-08 02:00:00+00:00, run_after=2026-09-09 02:00:00+00:00
[2026-09-08T12:40:53.683+0000] {processor.py:183} INFO - Processing /opt/airflow/dags/steam_analytics.py took 0.240 seconds
[2026-09-08T12:41:23.809+0000] {processor.py:161} INFO - Started process (PID=745) to work on /opt/airflow/dags/steam_analytics.py
[2026-09-08T12:41:23.810+0000] {processor.py:830} INFO - Processing file /opt/airflow/dags/steam_analytics.py for tasks to queue
[2026-09-08T12:41:23.811+0000] {logging_mixin.py:188} INFO - [2026-09-08T12:41:23.811+0000] {dagbag.py:545} INFO - Filling up the DagBag from /opt/airflow/dags/steam_analytics.py
[2026-09-08T12:41:23.952+0000] {processor.py:840} INFO - DAG(s) 'steam_analytics_daily' retrieved from /opt/airflow/dags/steam_analytics.py
[2026-09-08T12:41:23.979+0000] {logging_mixin.py:188} INFO - [2026-09-08T12:41:23.979+0000] {dag.py:3089} INFO - Sync 1 DAGs
[2026-09-08T12:41:23.999+0000] {logging_mixin.py:188} INFO - [2026-09-08T12:41:23.999+0000] {dag.py:3947} INFO - Setting next_dagrun for steam_analytics_daily to 2026-09-08 02:00:00+00:00, run_after=2026-09-09 02:00:00+00:00
[2026-09-08T12:41:24.019+0000] {processor.py:183} INFO - Processing /opt/airflow/dags/steam_analytics.py took 0.214 seconds
[2026-09-08T12:41:54.145+0000] {processor.py:161} INFO - Started process (PID=750) to work on /opt/airflow/dags/steam_analytics.py
[2026-09-08T12:41:54.146+0000] {processor.py:830} INFO - Processing file /opt/airflow/dags/steam_analytics.py for tasks to queue
[2026-09-08T12:41:54.147+0000] {logging_mixin.py:188} INFO - [2026-09-08T12:41:54.147+0000] {dagbag.py:545} INFO - Filling up the DagBag from /opt/airflow/dags/steam_analytics.py
[2026-09-08T12:41:54.289+0000] {processor.py:840} INFO - DAG(s) 'steam_analytics_daily' retrieved from /opt/airflow/dags/steam_analytics.py
[2026-09-08T12:41:54.317+0000] {logging_mixin.py:188} INFO - [2026-09-08T12:41:54.317+0000] {dag.py:3089} INFO - Sync 1 DAGs
[2026-09-08T12:41:54.339+0000] {logging_mixin.py:188} INFO - [2026-09-08T12:41:54.339+0000] {dag.py:3947} INFO - Setting next_dagrun for steam_analytics_daily to 2026-09-08 02:00:00+00:00, run_after=2026-09-09 02:00:00+00:00
[2026-09-08T12:41:54.356+0000] {processor.py:183} INFO - Processing /opt/airflow/dags/steam_analytics.py took 0.216 seconds
[2026-09-08T12:42:24.484+0000] {processor.py:161} INFO - Started process (PID=755) to work on /opt/airflow/dags/steam_analytics.py
[2026-09-08T12:42:24.485+0000] {processor.py:830} INFO - Processing file /opt/airflow/dags/steam_analytics.py for tasks to queue
[2026-09-08T12:42:24.487+0000] {logging_mixin.py:188} INFO - [2026-09-08T12:42:24.486+0000] {dagbag.py:545} INFO - Filling up the DagBag from /opt/airflow/dags/steam_analytics.py
[2026-09-08T12:42:24.624+0000] {processor.py:840} INFO - DAG(s) 'steam_analytics_daily' retrieved from /opt/airflow/dags/steam_analytics.py
[2026-09-08T12:42:24.652+0000] {logging_mixin.py:188} INFO - [2026-09-08T12:42:24.651+0000] {dag.py:3089} INFO - Sync 1 DAGs
[2026-09-08T12:42:24.679+0000] {logging_mixin.py:188} INFO - [2026-09-08T12:42:24.678+0000] {dag.py:3947} INFO - Setting next_dagrun for steam_analytics_daily to 2026-09-08 02:00:00+00:00, run_after=2026-09-09 02:00:00+00:00
[2026-09-08T12:42:24.696+0000] {processor.py:183} INFO - Processing /opt/airflow/dags/steam_analytics.py took 0.216 seconds
[2026-09-08T12:42:54.820+0000] {processor.py:161} INFO - Started process (PID=760) to work on /opt/airflow/dags/steam_analytics.py
[2026-09-08T12:42:54.820+0000] {processor.py:830} INFO - Processing file /opt/airflow/dags/steam_analytics.py for tasks to queue
[2026-09-08T12:42:54.822+0000] {logging_mixin.py:188} INFO - [2026-09-08T12:42:54.822+0000] {dagbag.py:545} INFO - Filling up the DagBag from /opt/airflow/dags/steam_analytics.py
[2026-09-08T12:42:54.966+0000] {processor.py:840} INFO - DAG(s) 'steam_analytics_daily' retrieved from /opt/airflow/dags/steam_analytics.py
[2026-09-08T12:42:55.019+0000] {logging_mixin.py:188} INFO - [2026-09-08T12:42:55.019+0000] {dag.py:3089} INFO - Sync 1 DAGs
[2026-09-08T12:42:55.070+0000] {logging_mixin.py:188} INFO - [2026-09-08T12:42:55.069+0000] {dag.py:3947} INFO - Setting next_dagrun for steam_analytics_daily to 2026-09-08 02:00:00+00:00, run_after=2026-09-09 02:00:00+00:00
[2026-09-08T12:42:55.095+0000] {processor.py:183} INFO - Processing /opt/airflow/dags/steam_analytics.py took 0.280 seconds
[2026-09-08T12:43:25.222+0000] {processor.py:161} INFO - Started process (PID=765) to work on /opt/airflow/dags/steam_analytics.py
[2026-09-08T12:43:25.223+0000] {processor.py:830} INFO - Processing file /opt/airflow/dags/steam_analytics.py for tasks to queue
[2026-09-08T12:43:25.224+0000] {logging_mixin.py:188} INFO - [2026-09-08T12:43:25.224+0000] {dagbag.py:545} INFO - Filling up the DagBag from /opt/airflow/dags/steam_analytics.py
[2026-09-08T12:43:25.378+0000] {processor.py:840} INFO - DAG(s) 'steam_analytics_daily' retrieved from /opt/airflow/dags/steam_analytics.py
[2026-09-08T12:43:25.406+0000] {logging_mixin.py:188} INFO - [2026-09-08T12:43:25.406+0000] {dag.py:3089} INFO - Sync 1 DAGs
[2026-09-08T12:43:25.430+0000] {logging_mixin.py:188} INFO - [2026-09-08T12:43:25.430+0000] {dag.py:3947} INFO - Setting next_dagrun for steam_analytics_daily to 2026-09-08 02:00:00+00:00, run_after=2026-09-09 02:00:00+00:00
[2026-09-08T12:43:25.448+0000] {processor.py:183} INFO - Processing /opt/airflow/dags/steam_analytics.py took 0.231 seconds
[2026-09-08T12:43:55.578+0000] {processor.py:161} INFO - Started process (PID=776) to work on /opt/airflow/dags/steam_analytics.py
[2026-09-08T12:43:55.579+0000] {processor.py:830} INFO - Processing file /opt/airflow/dags/steam_analytics.py for tasks to queue
[2026-09-08T12:43:55.580+0000] {logging_mixin.py:188} INFO - [2026-09-08T12:43:55.580+0000] {dagbag.py:545} INFO - Filling up the DagBag from /opt/airflow/dags/steam_analytics.py
[2026-09-08T12:43:55.725+0000] {processor.py:840} INFO - DAG(s) 'steam_analytics_daily' retrieved from /opt/airflow/dags/steam_analytics.py
[2026-09-08T12:43:55.752+0000] {logging_mixin.py:188} INFO - [2026-09-08T12:43:55.752+0000] {dag.py:3089} INFO - Sync 1 DAGs
[2026-09-08T12:43:55.772+0000] {logging_mixin.py:188} INFO - [2026-09-08T12:43:55.772+0000] {dag.py:3947} INFO - Setting next_dagrun for steam_analytics_daily to 2026-09-08 02:00:00+00:00, run_after=2026-09-09 02:00:00+00:00
[2026-09-08T12:43:55.790+0000] {processor.py:183} INFO - Processing /opt/airflow/dags/steam_analytics.py took 0.217 seconds
[2026-09-08T12:44:25.926+0000] {processor.py:161} INFO - Started process (PID=781) to work on /opt/airflow/dags/steam_analytics.py
[2026-09-08T12:44:25.927+0000] {processor.py:830} INFO - Processing file /opt/airflow/dags/steam_analytics.py for tasks to queue
[2026-09-08T12:44:25.929+0000] {logging_mixin.py:188} INFO - [2026-09-08T12:44:25.928+0000] {dagbag.py:545} INFO - Filling up the DagBag from /opt/airflow/dags/steam_analytics.py
[2026-09-08T12:44:26.093+0000] {processor.py:840} INFO - DAG(s) 'steam_analytics_daily' retrieved from /opt/airflow/dags/steam_analytics.py
[2026-09-08T12:44:26.122+0000] {logging_mixin.py:188} INFO - [2026-09-08T12:44:26.122+0000] {dag.py:3089} INFO - Sync 1 DAGs
[2026-09-08T12:44:26.143+0000] {logging_mixin.py:188} INFO - [2026-09-08T12:44:26.143+0000] {dag.py:3947} INFO - Setting next_dagrun for steam_analytics_daily to 2026-09-08 02:00:00+00:00, run_after=2026-09-09 02:00:00+00:00
[2026-09-08T12:44:26.160+0000] {processor.py:183} INFO - Processing /opt/airflow/dags/steam_analytics.py took 0.240 seconds
[2026-09-08T12:44:56.324+0000] {processor.py:161} INFO - Started process (PID=786) to work on /opt/airflow/dags/steam_analytics.py
[2026-09-08T12:44:56.325+0000] {processor.py:830} INFO - Processing file /opt/airflow/dags/steam_analytics.py for tasks to queue
[2026-09-08T12:44:56.327+0000] {logging_mixin.py:188} INFO - [2026-09-08T12:44:56.326+0000] {dagbag.py:545} INFO - Filling up the DagBag from /opt/airflow/dags/steam_analytics.py
[2026-09-08T12:44:56.711+0000] {processor.py:840} INFO - DAG(s) 'steam_analytics_daily' retrieved from /opt/airflow/dags/steam_analytics.py
[2026-09-08T12:44:56.817+0000] {logging_mixin.py:188} INFO - [2026-09-08T12:44:56.817+0000] {dag.py:3089} INFO - Sync 1 DAGs
[2026-09-08T12:44:56.840+0000] {logging_mixin.py:188} INFO - [2026-09-08T12:44:56.840+0000] {dag.py:3947} INFO - Setting next_dagrun for steam_analytics_daily to 2026-09-08 02:00:00+00:00, run_after=2026-09-09 02:00:00+00:00
[2026-09-08T12:44:56.858+0000] {processor.py:183} INFO - Processing /opt/airflow/dags/steam_analytics.py took 0.539 seconds
[2026-09-08T12:45:27.110+0000] {processor.py:161} INFO - Started process (PID=791) to work on /opt/airflow/dags/steam_analytics.py
[2026-09-08T12:45:27.111+0000] {processor.py:830} INFO - Processing file /opt/airflow/dags/steam_analytics.py for tasks to queue
[2026-09-08T12:45:27.112+0000] {logging_mixin.py:188} INFO - [2026-09-08T12:45:27.112+0000] {dagbag.py:545} INFO - Filling up the DagBag from /opt/airflow/dags/steam_analytics.py
[2026-09-08T12:45:27.260+0000] {processor.py:840} INFO - DAG(s) 'steam_analytics_daily' retrieved from /opt/airflow/dags/steam_analytics.py
[2026-09-08T12:45:27.288+0000] {logging_mixin.py:188} INFO - [2026-09-08T12:45:27.288+0000] {dag.py:3089} INFO - Sync 1 DAGs
[2026-09-08T12:45:27.311+0000] {logging_mixin.py:188} INFO - [2026-09-08T12:45:27.311+0000] {dag.py:3947} INFO - Setting next_dagrun for steam_analytics_daily to 2026-09-08 02:00:00+00:00, run_after=2026-09-09 02:00:00+00:00
[2026-09-08T12:45:27.331+0000] {processor.py:183} INFO - Processing /opt/airflow/dags/steam_analytics.py took 0.226 seconds
[2026-09-08T12:45:57.460+0000] {processor.py:161} INFO - Started process (PID=796) to work on /opt/airflow/dags/steam_analytics.py
[2026-09-08T12:45:57.461+0000] {processor.py:830} INFO - Processing file /opt/airflow/dags/steam_analytics.py for tasks to queue
[2026-09-08T12:45:57.462+0000] {logging_mixin.py:188} INFO - [2026-09-08T12:45:57.462+0000] {dagbag.py:545} INFO - Filling up the DagBag from /opt/airflow/dags/steam_analytics.py
[2026-09-08T12:45:57.597+0000] {processor.py:840} INFO - DAG(s) 'steam_analytics_daily' retrieved from /opt/airflow/dags/steam_analytics.py
[2026-09-08T12:45:57.623+0000] {logging_mixin.py:188} INFO - [2026-09-08T12:45:57.623+0000] {dag.py:3089} INFO - Sync 1 DAGs
[2026-09-08T12:45:57.643+0000] {logging_mixin.py:188} INFO - [2026-09-08T12:45:57.643+0000] {dag.py:3947} INFO - Setting next_dagrun for steam_analytics_daily to 2026-09-08 02:00:00+00:00, run_after=2026-09-09 02:00:00+00:00
[2026-09-08T12:45:57.659+0000] {processor.py:183} INFO - Processing /opt/airflow/dags/steam_analytics.py took 0.203 seconds
[2026-09-08T12:46:27.796+0000] {processor.py:161} INFO - Started process (PID=801) to work on /opt/airflow/dags/steam_analytics.py
[2026-09-08T12:46:27.797+0000] {processor.py:830} INFO - Processing file /opt/airflow/dags/steam_analytics.py for tasks to queue
[2026-09-08T12:46:27.799+0000] {logging_mixin.py:188} INFO - [2026-09-08T12:46:27.798+0000] {dagbag.py:545} INFO - Filling up the DagBag from /opt/airflow/dags/steam_analytics.py
[2026-09-08T12:46:27.950+0000] {processor.py:840} INFO - DAG(s) 'steam_analytics_daily' retrieved from /opt/airflow/dags/steam_analytics.py
[2026-09-08T12:46:27.979+0000] {logging_mixin.py:188} INFO - [2026-09-08T12:46:27.979+0000] {dag.py:3089} INFO - Sync 1 DAGs
[2026-09-08T12:46:28.000+0000] {logging_mixin.py:188} INFO - [2026-09-08T12:46:28.000+0000] {dag.py:3947} INFO - Setting next_dagrun for steam_analytics_daily to 2026-09-08 02:00:00+00:00, run_after=2026-09-09 02:00:00+00:00
[2026-09-08T12:46:28.018+0000] {processor.py:183} INFO - Processing /opt/airflow/dags/steam_analytics.py took 0.227 seconds
[2026-09-08T12:46:58.158+0000] {processor.py:161} INFO - Started process (PID=806) to work on /opt/airflow/dags/steam_analytics.py
[2026-09-08T12:46:58.159+0000] {processor.py:830} INFO - Processing file /opt/airflow/dags/steam_analytics.py for tasks to queue
[2026-09-08T12:46:58.161+0000] {logging_mixin.py:188} INFO - [2026-09-08T12:46:58.161+0000] {dagbag.py:545} INFO - Filling up the DagBag from /opt/airflow/dags/steam_analytics.py
[2026-09-08T12:46:58.356+0000] {processor.py:840} INFO - DAG(s) 'steam_analytics_daily' retrieved from /opt/airflow/dags/steam_analytics.py
[2026-09-08T12:46:58.391+0000] {logging_mixin.py:188} INFO - [2026-09-08T12:46:58.391+0000] {dag.py:3089} INFO - Sync 1 DAGs
[2026-09-08T12:46:58.418+0000] {logging_mixin.py:188} INFO - [2026-09-08T12:46:58.418+0000] {dag.py:3947} INFO - Setting next_dagrun for steam_analytics_daily to 2026-09-08 02:00:00+00:00, run_after=2026-09-09 02:00:00+00:00
[2026-09-08T12:46:58.439+0000] {processor.py:183} INFO - Processing /opt/airflow/dags/steam_analytics.py took 0.287 seconds
[2026-09-08T12:47:28.573+0000] {processor.py:161} INFO - Started process (PID=811) to work on /opt/airflow/dags/steam_analytics.py
[2026-09-08T12:47:28.574+0000] {processor.py:830} INFO - Processing file /opt/airflow/dags/steam_analytics.py for tasks to queue
[2026-09-08T12:47:28.575+0000] {logging_mixin.py:188} INFO - [2026-09-08T12:47:28.575+0000] {dagbag.py:545} INFO - Filling up the DagBag from /opt/airflow/dags/steam_analytics.py
[2026-09-08T12:47:28.705+0000] {processor.py:840} INFO - DAG(s) 'steam_analytics_daily' retrieved from /opt/airflow/dags/steam_analytics.py
[2026-09-08T12:47:28.729+0000] {logging_mixin.py:188} INFO - [2026-09-08T12:47:28.729+0000] {dag.py:3089} INFO - Sync 1 DAGs
[2026-09-08T12:47:28.748+0000] {logging_mixin.py:188} INFO - [2026-09-08T12:47:28.748+0000] {dag.py:3947} INFO - Setting next_dagrun for steam_analytics_daily to 2026-09-08 02:00:00+00:00, run_after=2026-09-09 02:00:00+00:00
[2026-09-08T12:47:28.765+0000] {processor.py:183} INFO - Processing /opt/airflow/dags/steam_analytics.py took 0.198 seconds
[2026-09-08T12:47:58.893+0000] {processor.py:161} INFO - Started process (PID=816) to work on /opt/airflow/dags/steam_analytics.py
[2026-09-08T12:47:58.894+0000] {processor.py:830} INFO - Processing file /opt/airflow/dags/steam_analytics.py for tasks to queue
[2026-09-08T12:47:58.895+0000] {logging_mixin.py:188} INFO - [2026-09-08T12:47:58.895+0000] {dagbag.py:545} INFO - Filling up the DagBag from /opt/airflow/dags/steam_analytics.py
[2026-09-08T12:47:59.041+0000] {processor.py:840} INFO - DAG(s) 'steam_analytics_daily' retrieved from /opt/airflow/dags/steam_analytics.py
[2026-09-08T12:47:59.067+0000] {logging_mixin.py:188} INFO - [2026-09-08T12:47:59.067+0000] {dag.py:3089} INFO - Sync 1 DAGs
[2026-09-08T12:47:59.090+0000] {logging_mixin.py:188} INFO - [2026-09-08T12:47:59.089+0000] {dag.py:3947} INFO - Setting next_dagrun for steam_analytics_daily to 2026-09-08 02:00:00+00:00, run_after=2026-09-09 02:00:00+00:00
[2026-09-08T12:47:59.108+0000] {processor.py:183} INFO - Processing /opt/airflow/dags/steam_analytics.py took 0.220 seconds
[2026-09-08T12:48:29.235+0000] {processor.py:161} INFO - Started process (PID=821) to work on /opt/airflow/dags/steam_analytics.py
[2026-09-08T12:48:29.236+0000] {processor.py:830} INFO - Processing file /opt/airflow/dags/steam_analytics.py for tasks to queue
[2026-09-08T12:48:29.237+0000] {logging_mixin.py:188} INFO - [2026-09-08T12:48:29.237+0000] {dagbag.py:545} INFO - Filling up the DagBag from /opt/airflow/dags/steam_analytics.py
[2026-09-08T12:48:29.373+0000] {processor.py:840} INFO - DAG(s) 'steam_analytics_daily' retrieved from /opt/airflow/dags/steam_analytics.py
[2026-09-08T12:48:29.398+0000] {logging_mixin.py:188} INFO - [2026-09-08T12:48:29.398+0000] {dag.py:3089} INFO - Sync 1 DAGs
[2026-09-08T12:48:29.418+0000] {logging_mixin.py:188} INFO - [2026-09-08T12:48:29.418+0000] {dag.py:3947} INFO - Setting next_dagrun for steam_analytics_daily to 2026-09-08 02:00:00+00:00, run_after=2026-09-09 02:00:00+00:00
[2026-09-08T12:48:29.434+0000] {processor.py:183} INFO - Processing /opt/airflow/dags/steam_analytics.py took 0.204 seconds
[2026-09-08T12:48:59.559+0000] {processor.py:161} INFO - Started process (PID=828) to work on /opt/airflow/dags/steam_analytics.py
[2026-09-08T12:48:59.560+0000] {processor.py:830} INFO - Processing file /opt/airflow/dags/steam_analytics.py for tasks to queue
[2026-09-08T12:48:59.561+0000] {logging_mixin.py:188} INFO - [2026-09-08T12:48:59.561+0000] {dagbag.py:545} INFO - Filling up the DagBag from /opt/airflow/dags/steam_analytics.py
[2026-09-08T12:48:59.695+0000] {processor.py:840} INFO - DAG(s) 'steam_analytics_daily' retrieved from /opt/airflow/dags/steam_analytics.py
[2026-09-08T12:48:59.722+0000] {logging_mixin.py:188} INFO - [2026-09-08T12:48:59.722+0000] {dag.py:3089} INFO - Sync 1 DAGs
[2026-09-08T12:48:59.741+0000] {logging_mixin.py:188} INFO - [2026-09-08T12:48:59.741+0000] {dag.py:3947} INFO - Setting next_dagrun for steam_analytics_daily to 2026-09-08 02:00:00+00:00, run_after=2026-09-09 02:00:00+00:00
[2026-09-08T12:48:59.757+0000] {processor.py:183} INFO - Processing /opt/airflow/dags/steam_analytics.py took 0.202 seconds
[2026-09-08T12:49:29.879+0000] {processor.py:161} INFO - Started process (PID=833) to work on /opt/airflow/dags/steam_analytics.py
[2026-09-08T12:49:29.879+0000] {processor.py:830} INFO - Processing file /opt/airflow/dags/steam_analytics.py for tasks to queue
[2026-09-08T12:49:29.881+0000] {logging_mixin.py:188} INFO - [2026-09-08T12:49:29.880+0000] {dagbag.py:545} INFO - Filling up the DagBag from /opt/airflow/dags/steam_analytics.py
[2026-09-08T12:49:30.021+0000] {processor.py:840} INFO - DAG(s) 'steam_analytics_daily' retrieved from /opt/airflow/dags/steam_analytics.py
[2026-09-08T12:49:30.048+0000] {logging_mixin.py:188} INFO - [2026-09-08T12:49:30.048+0000] {dag.py:3089} INFO - Sync 1 DAGs
[2026-09-08T12:49:30.070+0000] {logging_mixin.py:188} INFO - [2026-09-08T12:49:30.069+0000] {dag.py:3947} INFO - Setting next_dagrun for steam_analytics_daily to 2026-09-08 02:00:00+00:00, run_after=2026-09-09 02:00:00+00:00
[2026-09-08T12:49:30.088+0000] {processor.py:183} INFO - Processing /opt/airflow/dags/steam_analytics.py took 0.214 seconds
[2026-09-08T12:50:00.215+0000] {processor.py:161} INFO - Started process (PID=838) to work on /opt/airflow/dags/steam_analytics.py
[2026-09-08T12:50:00.215+0000] {processor.py:830} INFO - Processing file /opt/airflow/dags/steam_analytics.py for tasks to queue
[2026-09-08T12:50:00.217+0000] {logging_mixin.py:188} INFO - [2026-09-08T12:50:00.217+0000] {dagbag.py:545} INFO - Filling up the DagBag from /opt/airflow/dags/steam_analytics.py
[2026-09-08T12:50:00.381+0000] {processor.py:840} INFO - DAG(s) 'steam_analytics_daily' retrieved from /opt/airflow/dags/steam_analytics.py
[2026-09-08T12:50:00.409+0000] {logging_mixin.py:188} INFO - [2026-09-08T12:50:00.409+0000] {dag.py:3089} INFO - Sync 1 DAGs
[2026-09-08T12:50:00.430+0000] {logging_mixin.py:188} INFO - [2026-09-08T12:50:00.430+0000] {dag.py:3947} INFO - Setting next_dagrun for steam_analytics_daily to 2026-09-08 02:00:00+00:00, run_after=2026-09-09 02:00:00+00:00
[2026-09-08T12:50:00.601+0000] {processor.py:183} INFO - Processing /opt/airflow/dags/steam_analytics.py took 0.391 seconds
[2026-09-08T12:50:30.736+0000] {processor.py:161} INFO - Started process (PID=843) to work on /opt/airflow/dags/steam_analytics.py
[2026-09-08T12:50:30.737+0000] {processor.py:830} INFO - Processing file /opt/airflow/dags/steam_analytics.py for tasks to queue
[2026-09-08T12:50:30.739+0000] {logging_mixin.py:188} INFO - [2026-09-08T12:50:30.738+0000] {dagbag.py:545} INFO - Filling up the DagBag from /opt/airflow/dags/steam_analytics.py
[2026-09-08T12:50:30.900+0000] {processor.py:840} INFO - DAG(s) 'steam_analytics_daily' retrieved from /opt/airflow/dags/steam_analytics.py
[2026-09-08T12:50:30.925+0000] {logging_mixin.py:188} INFO - [2026-09-08T12:50:30.925+0000] {dag.py:3089} INFO - Sync 1 DAGs
[2026-09-08T12:50:30.944+0000] {logging_mixin.py:188} INFO - [2026-09-08T12:50:30.944+0000] {dag.py:3947} INFO - Setting next_dagrun for steam_analytics_daily to 2026-09-08 02:00:00+00:00, run_after=2026-09-09 02:00:00+00:00
[2026-09-08T12:50:30.960+0000] {processor.py:183} INFO - Processing /opt/airflow/dags/steam_analytics.py took 0.228 seconds
[2026-09-08T12:51:01.082+0000] {processor.py:161} INFO - Started process (PID=850) to work on /opt/airflow/dags/steam_analytics.py
[2026-09-08T12:51:01.083+0000] {processor.py:830} INFO - Processing file /opt/airflow/dags/steam_analytics.py for tasks to queue
[2026-09-08T12:51:01.084+0000] {logging_mixin.py:188} INFO - [2026-09-08T12:51:01.084+0000] {dagbag.py:545} INFO - Filling up the DagBag from /opt/airflow/dags/steam_analytics.py
[2026-09-08T12:51:01.215+0000] {processor.py:840} INFO - DAG(s) 'steam_analytics_daily' retrieved from /opt/airflow/dags/steam_analytics.py
[2026-09-08T12:51:01.240+0000] {logging_mixin.py:188} INFO - [2026-09-08T12:51:01.240+0000] {dag.py:3089} INFO - Sync 1 DAGs
[2026-09-08T12:51:01.258+0000] {logging_mixin.py:188} INFO - [2026-09-08T12:51:01.258+0000] {dag.py:3947} INFO - Setting next_dagrun for steam_analytics_daily to 2026-09-08 02:00:00+00:00, run_after=2026-09-09 02:00:00+00:00
[2026-09-08T12:51:01.273+0000] {processor.py:183} INFO - Processing /opt/airflow/dags/steam_analytics.py took 0.195 seconds
[2026-09-08T12:51:31.407+0000] {processor.py:161} INFO - Started process (PID=855) to work on /opt/airflow/dags/steam_analytics.py
[2026-09-08T12:51:31.408+0000] {processor.py:830} INFO - Processing file /opt/airflow/dags/steam_analytics.py for tasks to queue
[2026-09-08T12:51:31.410+0000] {logging_mixin.py:188} INFO - [2026-09-08T12:51:31.409+0000] {dagbag.py:545} INFO - Filling up the DagBag from /opt/airflow/dags/steam_analytics.py
[2026-09-08T12:51:31.560+0000] {processor.py:840} INFO - DAG(s) 'steam_analytics_daily' retrieved from /opt/airflow/dags/steam_analytics.py
[2026-09-08T12:51:31.590+0000] {logging_mixin.py:188} INFO - [2026-09-08T12:51:31.589+0000] {dag.py:3089} INFO - Sync 1 DAGs
[2026-09-08T12:51:31.612+0000] {logging_mixin.py:188} INFO - [2026-09-08T12:51:31.612+0000] {dag.py:3947} INFO - Setting next_dagrun for steam_analytics_daily to 2026-09-08 02:00:00+00:00, run_after=2026-09-09 02:00:00+00:00
[2026-09-08T12:51:31.632+0000] {processor.py:183} INFO - Processing /opt/airflow/dags/steam_analytics.py took 0.230 seconds
[2026-09-08T12:52:01.758+0000] {processor.py:161} INFO - Started process (PID=860) to work on /opt/airflow/dags/steam_analytics.py
[2026-09-08T12:52:01.759+0000] {processor.py:830} INFO - Processing file /opt/airflow/dags/steam_analytics.py for tasks to queue
[2026-09-08T12:52:01.760+0000] {logging_mixin.py:188} INFO - [2026-09-08T12:52:01.760+0000] {dagbag.py:545} INFO - Filling up the DagBag from /opt/airflow/dags/steam_analytics.py
[2026-09-08T12:52:01.897+0000] {processor.py:840} INFO - DAG(s) 'steam_analytics_daily' retrieved from /opt/airflow/dags/steam_analytics.py
[2026-09-08T12:52:01.923+0000] {logging_mixin.py:188} INFO - [2026-09-08T12:52:01.923+0000] {dag.py:3089} INFO - Sync 1 DAGs
[2026-09-08T12:52:01.943+0000] {logging_mixin.py:188} INFO - [2026-09-08T12:52:01.943+0000] {dag.py:3947} INFO - Setting next_dagrun for steam_analytics_daily to 2026-09-08 02:00:00+00:00, run_after=2026-09-09 02:00:00+00:00
[2026-09-08T12:52:02.081+0000] {processor.py:183} INFO - Processing /opt/airflow/dags/steam_analytics.py took 0.327 seconds
[2026-09-08T12:52:32.217+0000] {processor.py:161} INFO - Started process (PID=865) to work on /opt/airflow/dags/steam_analytics.py
[2026-09-08T12:52:32.218+0000] {processor.py:830} INFO - Processing file /opt/airflow/dags/steam_analytics.py for tasks to queue
[2026-09-08T12:52:32.219+0000] {logging_mixin.py:188} INFO - [2026-09-08T12:52:32.219+0000] {dagbag.py:545} INFO - Filling up the DagBag from /opt/airflow/dags/steam_analytics.py
[2026-09-08T12:52:32.360+0000] {processor.py:840} INFO - DAG(s) 'steam_analytics_daily' retrieved from /opt/airflow/dags/steam_analytics.py
[2026-09-08T12:52:32.385+0000] {logging_mixin.py:188} INFO - [2026-09-08T12:52:32.385+0000] {dag.py:3089} INFO - Sync 1 DAGs
[2026-09-08T12:52:32.404+0000] {logging_mixin.py:188} INFO - [2026-09-08T12:52:32.404+0000] {dag.py:3947} INFO - Setting next_dagrun for steam_analytics_daily to 2026-09-08 02:00:00+00:00, run_after=2026-09-09 02:00:00+00:00
[2026-09-08T12:52:32.420+0000] {processor.py:183} INFO - Processing /opt/airflow/dags/steam_analytics.py took 0.207 seconds
[2026-09-08T12:53:02.543+0000] {processor.py:161} INFO - Started process (PID=870) to work on /opt/airflow/dags/steam_analytics.py
[2026-09-08T12:53:02.544+0000] {processor.py:830} INFO - Processing file /opt/airflow/dags/steam_analytics.py for tasks to queue
[2026-09-08T12:53:02.545+0000] {logging_mixin.py:188} INFO - [2026-09-08T12:53:02.545+0000] {dagbag.py:545} INFO - Filling up the DagBag from /opt/airflow/dags/steam_analytics.py
[2026-09-08T12:53:02.679+0000] {processor.py:840} INFO - DAG(s) 'steam_analytics_daily' retrieved from /opt/airflow/dags/steam_analytics.py
[2026-09-08T12:53:02.704+0000] {logging_mixin.py:188} INFO - [2026-09-08T12:53:02.704+0000] {dag.py:3089} INFO - Sync 1 DAGs
[2026-09-08T12:53:02.723+0000] {logging_mixin.py:188} INFO - [2026-09-08T12:53:02.723+0000] {dag.py:3947} INFO - Setting next_dagrun for steam_analytics_daily to 2026-09-08 02:00:00+00:00, run_after=2026-09-09 02:00:00+00:00
[2026-09-08T12:53:02.746+0000] {processor.py:183} INFO - Processing /opt/airflow/dags/steam_analytics.py took 0.207 seconds
[2026-09-08T12:53:32.871+0000] {processor.py:161} INFO - Started process (PID=875) to work on /opt/airflow/dags/steam_analytics.py
[2026-09-08T12:53:32.872+0000] {processor.py:830} INFO - Processing file /opt/airflow/dags/steam_analytics.py for tasks to queue
[2026-09-08T12:53:32.874+0000] {logging_mixin.py:188} INFO - [2026-09-08T12:53:32.873+0000] {dagbag.py:545} INFO - Filling up the DagBag from /opt/airflow/dags/steam_analytics.py
[2026-09-08T12:53:33.005+0000] {processor.py:840} INFO - DAG(s) 'steam_analytics_daily' retrieved from /opt/airflow/dags/steam_analytics.py
[2026-09-08T12:53:33.031+0000] {logging_mixin.py:188} INFO - [2026-09-08T12:53:33.031+0000] {dag.py:3089} INFO - Sync 1 DAGs
[2026-09-08T12:53:33.050+0000] {logging_mixin.py:188} INFO - [2026-09-08T12:53:33.050+0000] {dag.py:3947} INFO - Setting next_dagrun for steam_analytics_daily to 2026-09-08 02:00:00+00:00, run_after=2026-09-09 02:00:00+00:00
[2026-09-08T12:53:33.065+0000] {processor.py:183} INFO - Processing /opt/airflow/dags/steam_analytics.py took 0.198 seconds
[2026-09-08T12:54:03.182+0000] {processor.py:161} INFO - Started process (PID=880) to work on /opt/airflow/dags/steam_analytics.py
[2026-09-08T12:54:03.182+0000] {processor.py:830} INFO - Processing file /opt/airflow/dags/steam_analytics.py for tasks to queue
[2026-09-08T12:54:03.184+0000] {logging_mixin.py:188} INFO - [2026-09-08T12:54:03.184+0000] {dagbag.py:545} INFO - Filling up the DagBag from /opt/airflow/dags/steam_analytics.py
[2026-09-08T12:54:03.318+0000] {processor.py:840} INFO - DAG(s) 'steam_analytics_daily' retrieved from /opt/airflow/dags/steam_analytics.py
[2026-09-08T12:54:03.343+0000] {logging_mixin.py:188} INFO - [2026-09-08T12:54:03.342+0000] {dag.py:3089} INFO - Sync 1 DAGs
[2026-09-08T12:54:03.361+0000] {logging_mixin.py:188} INFO - [2026-09-08T12:54:03.361+0000] {dag.py:3947} INFO - Setting next_dagrun for steam_analytics_daily to 2026-09-08 02:00:00+00:00, run_after=2026-09-09 02:00:00+00:00
[2026-09-08T12:54:03.376+0000] {processor.py:183} INFO - Processing /opt/airflow/dags/steam_analytics.py took 0.199 seconds
[2026-09-08T12:54:33.493+0000] {processor.py:161} INFO - Started process (PID=885) to work on /opt/airflow/dags/steam_analytics.py
[2026-09-08T12:54:33.493+0000] {processor.py:830} INFO - Processing file /opt/airflow/dags/steam_analytics.py for tasks to queue
[2026-09-08T12:54:33.495+0000] {logging_mixin.py:188} INFO - [2026-09-08T12:54:33.495+0000] {dagbag.py:545} INFO - Filling up the DagBag from /opt/airflow/dags/steam_analytics.py
[2026-09-08T12:54:33.627+0000] {processor.py:840} INFO - DAG(s) 'steam_analytics_daily' retrieved from /opt/airflow/dags/steam_analytics.py
[2026-09-08T12:54:33.654+0000] {logging_mixin.py:188} INFO - [2026-09-08T12:54:33.654+0000] {dag.py:3089} INFO - Sync 1 DAGs
[2026-09-08T12:54:33.675+0000] {logging_mixin.py:188} INFO - [2026-09-08T12:54:33.674+0000] {dag.py:3947} INFO - Setting next_dagrun for steam_analytics_daily to 2026-09-08 02:00:00+00:00, run_after=2026-09-09 02:00:00+00:00
[2026-09-08T12:54:33.818+0000] {processor.py:183} INFO - Processing /opt/airflow/dags/steam_analytics.py took 0.330 seconds
[2026-09-08T12:55:03.950+0000] {processor.py:161} INFO - Started process (PID=890) to work on /opt/airflow/dags/steam_analytics.py
[2026-09-08T12:55:03.951+0000] {processor.py:830} INFO - Processing file /opt/airflow/dags/steam_analytics.py for tasks to queue
[2026-09-08T12:55:03.952+0000] {logging_mixin.py:188} INFO - [2026-09-08T12:55:03.952+0000] {dagbag.py:545} INFO - Filling up the DagBag from /opt/airflow/dags/steam_analytics.py
[2026-09-08T12:55:04.095+0000] {processor.py:840} INFO - DAG(s) 'steam_analytics_daily' retrieved from /opt/airflow/dags/steam_analytics.py
[2026-09-08T12:55:04.122+0000] {logging_mixin.py:188} INFO - [2026-09-08T12:55:04.121+0000] {dag.py:3089} INFO - Sync 1 DAGs
[2026-09-08T12:55:04.142+0000] {logging_mixin.py:188} INFO - [2026-09-08T12:55:04.142+0000] {dag.py:3947} INFO - Setting next_dagrun for steam_analytics_daily to 2026-09-08 02:00:00+00:00, run_after=2026-09-09 02:00:00+00:00
[2026-09-08T12:55:04.159+0000] {processor.py:183} INFO - Processing /opt/airflow/dags/steam_analytics.py took 0.215 seconds
[2026-09-08T12:55:34.283+0000] {processor.py:161} INFO - Started process (PID=895) to work on /opt/airflow/dags/steam_analytics.py
[2026-09-08T12:55:34.284+0000] {processor.py:830} INFO - Processing file /opt/airflow/dags/steam_analytics.py for tasks to queue
[2026-09-08T12:55:34.285+0000] {logging_mixin.py:188} INFO - [2026-09-08T12:55:34.285+0000] {dagbag.py:545} INFO - Filling up the DagBag from /opt/airflow/dags/steam_analytics.py
[2026-09-08T12:55:34.445+0000] {processor.py:840} INFO - DAG(s) 'steam_analytics_daily' retrieved from /opt/airflow/dags/steam_analytics.py
[2026-09-08T12:55:34.478+0000] {logging_mixin.py:188} INFO - [2026-09-08T12:55:34.477+0000] {dag.py:3089} INFO - Sync 1 DAGs
[2026-09-08T12:55:34.500+0000] {logging_mixin.py:188} INFO - [2026-09-08T12:55:34.499+0000] {dag.py:3947} INFO - Setting next_dagrun for steam_analytics_daily to 2026-09-08 02:00:00+00:00, run_after=2026-09-09 02:00:00+00:00
[2026-09-08T12:55:34.517+0000] {processor.py:183} INFO - Processing /opt/airflow/dags/steam_analytics.py took 0.240 seconds
[2026-09-08T12:56:04.637+0000] {processor.py:161} INFO - Started process (PID=900) to work on /opt/airflow/dags/steam_analytics.py
[2026-09-08T12:56:04.637+0000] {processor.py:830} INFO - Processing file /opt/airflow/dags/steam_analytics.py for tasks to queue
[2026-09-08T12:56:04.639+0000] {logging_mixin.py:188} INFO - [2026-09-08T12:56:04.638+0000] {dagbag.py:545} INFO - Filling up the DagBag from /opt/airflow/dags/steam_analytics.py
[2026-09-08T12:56:04.773+0000] {processor.py:840} INFO - DAG(s) 'steam_analytics_daily' retrieved from /opt/airflow/dags/steam_analytics.py
[2026-09-08T12:56:04.798+0000] {logging_mixin.py:188} INFO - [2026-09-08T12:56:04.797+0000] {dag.py:3089} INFO - Sync 1 DAGs
[2026-09-08T12:56:04.818+0000] {logging_mixin.py:188} INFO - [2026-09-08T12:56:04.818+0000] {dag.py:3947} INFO - Setting next_dagrun for steam_analytics_daily to 2026-09-08 02:00:00+00:00, run_after=2026-09-09 02:00:00+00:00
[2026-09-08T12:56:04.836+0000] {processor.py:183} INFO - Processing /opt/airflow/dags/steam_analytics.py took 0.204 seconds
[2026-09-08T12:56:34.954+0000] {processor.py:161} INFO - Started process (PID=905) to work on /opt/airflow/dags/steam_analytics.py
[2026-09-08T12:56:34.955+0000] {processor.py:830} INFO - Processing file /opt/airflow/dags/steam_analytics.py for tasks to queue
[2026-09-08T12:56:34.956+0000] {logging_mixin.py:188} INFO - [2026-09-08T12:56:34.956+0000] {dagbag.py:545} INFO - Filling up the DagBag from /opt/airflow/dags/steam_analytics.py
[2026-09-08T12:56:35.088+0000] {processor.py:840} INFO - DAG(s) 'steam_analytics_daily' retrieved from /opt/airflow/dags/steam_analytics.py
[2026-09-08T12:56:35.114+0000] {logging_mixin.py:188} INFO - [2026-09-08T12:56:35.113+0000] {dag.py:3089} INFO - Sync 1 DAGs
[2026-09-08T12:56:35.132+0000] {logging_mixin.py:188} INFO - [2026-09-08T12:56:35.132+0000] {dag.py:3947} INFO - Setting next_dagrun for steam_analytics_daily to 2026-09-08 02:00:00+00:00, run_after=2026-09-09 02:00:00+00:00
[2026-09-08T12:56:35.274+0000] {processor.py:183} INFO - Processing /opt/airflow/dags/steam_analytics.py took 0.324 seconds
[2026-09-08T12:57:05.402+0000] {processor.py:161} INFO - Started process (PID=910) to work on /opt/airflow/dags/steam_analytics.py
[2026-09-08T12:57:05.402+0000] {processor.py:830} INFO - Processing file /opt/airflow/dags/steam_analytics.py for tasks to queue
[2026-09-08T12:57:05.404+0000] {logging_mixin.py:188} INFO - [2026-09-08T12:57:05.404+0000] {dagbag.py:545} INFO - Filling up the DagBag from /opt/airflow/dags/steam_analytics.py
[2026-09-08T12:57:05.535+0000] {processor.py:840} INFO - DAG(s) 'steam_analytics_daily' retrieved from /opt/airflow/dags/steam_analytics.py
[2026-09-08T12:57:05.559+0000] {logging_mixin.py:188} INFO - [2026-09-08T12:57:05.559+0000] {dag.py:3089} INFO - Sync 1 DAGs
[2026-09-08T12:57:05.679+0000] {logging_mixin.py:188} INFO - [2026-09-08T12:57:05.679+0000] {dag.py:3947} INFO - Setting next_dagrun for steam_analytics_daily to 2026-09-08 02:00:00+00:00, run_after=2026-09-09 02:00:00+00:00
[2026-09-08T12:57:05.694+0000] {processor.py:183} INFO - Processing /opt/airflow/dags/steam_analytics.py took 0.297 seconds
[2026-09-08T12:57:35.818+0000] {processor.py:161} INFO - Started process (PID=915) to work on /opt/airflow/dags/steam_analytics.py
[2026-09-08T12:57:35.818+0000] {processor.py:830} INFO - Processing file /opt/airflow/dags/steam_analytics.py for tasks to queue
[2026-09-08T12:57:35.820+0000] {logging_mixin.py:188} INFO - [2026-09-08T12:57:35.819+0000] {dagbag.py:545} INFO - Filling up the DagBag from /opt/airflow/dags/steam_analytics.py
[2026-09-08T12:57:35.971+0000] {processor.py:840} INFO - DAG(s) 'steam_analytics_daily' retrieved from /opt/airflow/dags/steam_analytics.py
[2026-09-08T12:57:35.998+0000] {logging_mixin.py:188} INFO - [2026-09-08T12:57:35.997+0000] {dag.py:3089} INFO - Sync 1 DAGs
[2026-09-08T12:57:36.020+0000] {logging_mixin.py:188} INFO - [2026-09-08T12:57:36.020+0000] {dag.py:3947} INFO - Setting next_dagrun for steam_analytics_daily to 2026-09-08 02:00:00+00:00, run_after=2026-09-09 02:00:00+00:00
[2026-09-08T12:57:36.039+0000] {processor.py:183} INFO - Processing /opt/airflow/dags/steam_analytics.py took 0.226 seconds
[2026-09-08T12:58:06.159+0000] {processor.py:161} INFO - Started process (PID=920) to work on /opt/airflow/dags/steam_analytics.py
[2026-09-08T12:58:06.159+0000] {processor.py:830} INFO - Processing file /opt/airflow/dags/steam_analytics.py for tasks to queue
[2026-09-08T12:58:06.161+0000] {logging_mixin.py:188} INFO - [2026-09-08T12:58:06.160+0000] {dagbag.py:545} INFO - Filling up the DagBag from /opt/airflow/dags/steam_analytics.py
[2026-09-08T12:58:06.290+0000] {processor.py:840} INFO - DAG(s) 'steam_analytics_daily' retrieved from /opt/airflow/dags/steam_analytics.py
[2026-09-08T12:58:06.314+0000] {logging_mixin.py:188} INFO - [2026-09-08T12:58:06.314+0000] {dag.py:3089} INFO - Sync 1 DAGs
[2026-09-08T12:58:06.333+0000] {logging_mixin.py:188} INFO - [2026-09-08T12:58:06.332+0000] {dag.py:3947} INFO - Setting next_dagrun for steam_analytics_daily to 2026-09-08 02:00:00+00:00, run_after=2026-09-09 02:00:00+00:00
[2026-09-08T12:58:06.347+0000] {processor.py:183} INFO - Processing /opt/airflow/dags/steam_analytics.py took 0.193 seconds
[2026-09-08T12:58:36.469+0000] {processor.py:161} INFO - Started process (PID=925) to work on /opt/airflow/dags/steam_analytics.py
[2026-09-08T12:58:36.470+0000] {processor.py:830} INFO - Processing file /opt/airflow/dags/steam_analytics.py for tasks to queue
[2026-09-08T12:58:36.471+0000] {logging_mixin.py:188} INFO - [2026-09-08T12:58:36.471+0000] {dagbag.py:545} INFO - Filling up the DagBag from /opt/airflow/dags/steam_analytics.py
[2026-09-08T12:58:36.679+0000] {processor.py:840} INFO - DAG(s) 'steam_analytics_daily' retrieved from /opt/airflow/dags/steam_analytics.py
[2026-09-08T12:58:36.709+0000] {logging_mixin.py:188} INFO - [2026-09-08T12:58:36.709+0000] {dag.py:3089} INFO - Sync 1 DAGs
[2026-09-08T12:58:36.732+0000] {logging_mixin.py:188} INFO - [2026-09-08T12:58:36.731+0000] {dag.py:3947} INFO - Setting next_dagrun for steam_analytics_daily to 2026-09-08 02:00:00+00:00, run_after=2026-09-09 02:00:00+00:00
[2026-09-08T12:58:36.868+0000] {processor.py:183} INFO - Processing /opt/airflow/dags/steam_analytics.py took 0.404 seconds
[2026-09-08T12:59:07.007+0000] {processor.py:161} INFO - Started process (PID=930) to work on /opt/airflow/dags/steam_analytics.py
[2026-09-08T12:59:07.008+0000] {processor.py:830} INFO - Processing file /opt/airflow/dags/steam_analytics.py for tasks to queue
[2026-09-08T12:59:07.010+0000] {logging_mixin.py:188} INFO - [2026-09-08T12:59:07.009+0000] {dagbag.py:545} INFO - Filling up the DagBag from /opt/airflow/dags/steam_analytics.py
[2026-09-08T12:59:07.144+0000] {processor.py:840} INFO - DAG(s) 'steam_analytics_daily' retrieved from /opt/airflow/dags/steam_analytics.py
[2026-09-08T12:59:07.171+0000] {logging_mixin.py:188} INFO - [2026-09-08T12:59:07.171+0000] {dag.py:3089} INFO - Sync 1 DAGs
[2026-09-08T12:59:07.296+0000] {logging_mixin.py:188} INFO - [2026-09-08T12:59:07.295+0000] {dag.py:3947} INFO - Setting next_dagrun for steam_analytics_daily to 2026-09-08 02:00:00+00:00, run_after=2026-09-09 02:00:00+00:00
[2026-09-08T12:59:07.311+0000] {processor.py:183} INFO - Processing /opt/airflow/dags/steam_analytics.py took 0.308 seconds
[2026-09-08T12:59:37.435+0000] {processor.py:161} INFO - Started process (PID=935) to work on /opt/airflow/dags/steam_analytics.py
[2026-09-08T12:59:37.436+0000] {processor.py:830} INFO - Processing file /opt/airflow/dags/steam_analytics.py for tasks to queue
[2026-09-08T12:59:37.438+0000] {logging_mixin.py:188} INFO - [2026-09-08T12:59:37.437+0000] {dagbag.py:545} INFO - Filling up the DagBag from /opt/airflow/dags/steam_analytics.py
[2026-09-08T12:59:37.578+0000] {processor.py:840} INFO - DAG(s) 'steam_analytics_daily' retrieved from /opt/airflow/dags/steam_analytics.py
[2026-09-08T12:59:37.604+0000] {logging_mixin.py:188} INFO - [2026-09-08T12:59:37.604+0000] {dag.py:3089} INFO - Sync 1 DAGs
[2026-09-08T12:59:37.623+0000] {logging_mixin.py:188} INFO - [2026-09-08T12:59:37.623+0000] {dag.py:3947} INFO - Setting next_dagrun for steam_analytics_daily to 2026-09-08 02:00:00+00:00, run_after=2026-09-09 02:00:00+00:00
[2026-09-08T12:59:37.637+0000] {processor.py:183} INFO - Processing /opt/airflow/dags/steam_analytics.py took 0.207 seconds
[2026-09-08T13:00:07.756+0000] {processor.py:161} INFO - Started process (PID=940) to work on /opt/airflow/dags/steam_analytics.py
[2026-09-08T13:00:07.757+0000] {processor.py:830} INFO - Processing file /opt/airflow/dags/steam_analytics.py for tasks to queue
[2026-09-08T13:00:07.758+0000] {logging_mixin.py:188} INFO - [2026-09-08T13:00:07.758+0000] {dagbag.py:545} INFO - Filling up the DagBag from /opt/airflow/dags/steam_analytics.py
[2026-09-08T13:00:07.887+0000] {processor.py:840} INFO - DAG(s) 'steam_analytics_daily' retrieved from /opt/airflow/dags/steam_analytics.py
[2026-09-08T13:00:07.914+0000] {logging_mixin.py:188} INFO - [2026-09-08T13:00:07.914+0000] {dag.py:3089} INFO - Sync 1 DAGs
[2026-09-08T13:00:07.934+0000] {logging_mixin.py:188} INFO - [2026-09-08T13:00:07.934+0000] {dag.py:3947} INFO - Setting next_dagrun for steam_analytics_daily to 2026-09-08 02:00:00+00:00, run_after=2026-09-09 02:00:00+00:00
[2026-09-08T13:00:07.950+0000] {processor.py:183} INFO - Processing /opt/airflow/dags/steam_analytics.py took 0.198 seconds
[2026-09-08T13:00:38.068+0000] {processor.py:161} INFO - Started process (PID=945) to work on /opt/airflow/dags/steam_analytics.py
[2026-09-08T13:00:38.069+0000] {processor.py:830} INFO - Processing file /opt/airflow/dags/steam_analytics.py for tasks to queue
[2026-09-08T13:00:38.070+0000] {logging_mixin.py:188} INFO - [2026-09-08T13:00:38.070+0000] {dagbag.py:545} INFO - Filling up the DagBag from /opt/airflow/dags/steam_analytics.py
[2026-09-08T13:00:38.198+0000] {processor.py:840} INFO - DAG(s) 'steam_analytics_daily' retrieved from /opt/airflow/dags/steam_analytics.py
[2026-09-08T13:00:38.222+0000] {logging_mixin.py:188} INFO - [2026-09-08T13:00:38.222+0000] {dag.py:3089} INFO - Sync 1 DAGs
[2026-09-08T13:00:38.241+0000] {logging_mixin.py:188} INFO - [2026-09-08T13:00:38.241+0000] {dag.py:3947} INFO - Setting next_dagrun for steam_analytics_daily to 2026-09-08 02:00:00+00:00, run_after=2026-09-09 02:00:00+00:00
[2026-09-08T13:00:38.256+0000] {processor.py:183} INFO - Processing /opt/airflow/dags/steam_analytics.py took 0.193 seconds
[2026-09-08T13:01:08.374+0000] {processor.py:161} INFO - Started process (PID=950) to work on /opt/airflow/dags/steam_analytics.py
[2026-09-08T13:01:08.375+0000] {processor.py:830} INFO - Processing file /opt/airflow/dags/steam_analytics.py for tasks to queue
[2026-09-08T13:01:08.376+0000] {logging_mixin.py:188} INFO - [2026-09-08T13:01:08.376+0000] {dagbag.py:545} INFO - Filling up the DagBag from /opt/airflow/dags/steam_analytics.py
[2026-09-08T13:01:08.509+0000] {processor.py:840} INFO - DAG(s) 'steam_analytics_daily' retrieved from /opt/airflow/dags/steam_analytics.py
[2026-09-08T13:01:08.534+0000] {logging_mixin.py:188} INFO - [2026-09-08T13:01:08.534+0000] {dag.py:3089} INFO - Sync 1 DAGs
[2026-09-08T13:01:08.654+0000] {logging_mixin.py:188} INFO - [2026-09-08T13:01:08.654+0000] {dag.py:3947} INFO - Setting next_dagrun for steam_analytics_daily to 2026-09-08 02:00:00+00:00, run_after=2026-09-09 02:00:00+00:00
[2026-09-08T13:01:08.668+0000] {processor.py:183} INFO - Processing /opt/airflow/dags/steam_analytics.py took 0.299 seconds
[2026-09-08T13:01:38.797+0000] {processor.py:161} INFO - Started process (PID=955) to work on /opt/airflow/dags/steam_analytics.py
[2026-09-08T13:01:38.798+0000] {processor.py:830} INFO - Processing file /opt/airflow/dags/steam_analytics.py for tasks to queue
[2026-09-08T13:01:38.800+0000] {logging_mixin.py:188} INFO - [2026-09-08T13:01:38.799+0000] {dagbag.py:545} INFO - Filling up the DagBag from /opt/airflow/dags/steam_analytics.py
[2026-09-08T13:01:38.933+0000] {processor.py:840} INFO - DAG(s) 'steam_analytics_daily' retrieved from /opt/airflow/dags/steam_analytics.py
[2026-09-08T13:01:38.958+0000] {logging_mixin.py:188} INFO - [2026-09-08T13:01:38.958+0000] {dag.py:3089} INFO - Sync 1 DAGs
[2026-09-08T13:01:39.076+0000] {logging_mixin.py:188} INFO - [2026-09-08T13:01:39.076+0000] {dag.py:3947} INFO - Setting next_dagrun for steam_analytics_daily to 2026-09-08 02:00:00+00:00, run_after=2026-09-09 02:00:00+00:00
[2026-09-08T13:01:39.091+0000] {processor.py:183} INFO - Processing /opt/airflow/dags/steam_analytics.py took 0.300 seconds
[2026-09-08T13:02:09.215+0000] {processor.py:161} INFO - Started process (PID=960) to work on /opt/airflow/dags/steam_analytics.py
[2026-09-08T13:02:09.216+0000] {processor.py:830} INFO - Processing file /opt/airflow/dags/steam_analytics.py for tasks to queue
[2026-09-08T13:02:09.217+0000] {logging_mixin.py:188} INFO - [2026-09-08T13:02:09.217+0000] {dagbag.py:545} INFO - Filling up the DagBag from /opt/airflow/dags/steam_analytics.py
[2026-09-08T13:02:09.345+0000] {processor.py:840} INFO - DAG(s) 'steam_analytics_daily' retrieved from /opt/airflow/dags/steam_analytics.py
[2026-09-08T13:02:09.370+0000] {logging_mixin.py:188} INFO - [2026-09-08T13:02:09.370+0000] {dag.py:3089} INFO - Sync 1 DAGs
[2026-09-08T13:02:09.388+0000] {logging_mixin.py:188} INFO - [2026-09-08T13:02:09.388+0000] {dag.py:3947} INFO - Setting next_dagrun for steam_analytics_daily to 2026-09-08 02:00:00+00:00, run_after=2026-09-09 02:00:00+00:00
[2026-09-08T13:02:09.403+0000] {processor.py:183} INFO - Processing /opt/airflow/dags/steam_analytics.py took 0.192 seconds
[2026-09-08T13:02:39.515+0000] {processor.py:161} INFO - Started process (PID=965) to work on /opt/airflow/dags/steam_analytics.py
[2026-09-08T13:02:39.516+0000] {processor.py:830} INFO - Processing file /opt/airflow/dags/steam_analytics.py for tasks to queue
[2026-09-08T13:02:39.517+0000] {logging_mixin.py:188} INFO - [2026-09-08T13:02:39.517+0000] {dagbag.py:545} INFO - Filling up the DagBag from /opt/airflow/dags/steam_analytics.py
[2026-09-08T13:02:39.656+0000] {processor.py:840} INFO - DAG(s) 'steam_analytics_daily' retrieved from /opt/airflow/dags/steam_analytics.py
[2026-09-08T13:02:39.683+0000] {logging_mixin.py:188} INFO - [2026-09-08T13:02:39.683+0000] {dag.py:3089} INFO - Sync 1 DAGs
[2026-09-08T13:02:39.705+0000] {logging_mixin.py:188} INFO - [2026-09-08T13:02:39.705+0000] {dag.py:3947} INFO - Setting next_dagrun for steam_analytics_daily to 2026-09-08 02:00:00+00:00, run_after=2026-09-09 02:00:00+00:00
[2026-09-08T13:02:39.722+0000] {processor.py:183} INFO - Processing /opt/airflow/dags/steam_analytics.py took 0.212 seconds
[2026-09-08T13:03:09.839+0000] {processor.py:161} INFO - Started process (PID=970) to work on /opt/airflow/dags/steam_analytics.py
[2026-09-08T13:03:09.840+0000] {processor.py:830} INFO - Processing file /opt/airflow/dags/steam_analytics.py for tasks to queue
[2026-09-08T13:03:09.841+0000] {logging_mixin.py:188} INFO - [2026-09-08T13:03:09.841+0000] {dagbag.py:545} INFO - Filling up the DagBag from /opt/airflow/dags/steam_analytics.py
[2026-09-08T13:03:09.973+0000] {processor.py:840} INFO - DAG(s) 'steam_analytics_daily' retrieved from /opt/airflow/dags/steam_analytics.py
[2026-09-08T13:03:09.998+0000] {logging_mixin.py:188} INFO - [2026-09-08T13:03:09.998+0000] {dag.py:3089} INFO - Sync 1 DAGs
[2026-09-08T13:03:10.017+0000] {logging_mixin.py:188} INFO - [2026-09-08T13:03:10.017+0000] {dag.py:3947} INFO - Setting next_dagrun for steam_analytics_daily to 2026-09-08 02:00:00+00:00, run_after=2026-09-09 02:00:00+00:00
[2026-09-08T13:03:10.135+0000] {processor.py:183} INFO - Processing /opt/airflow/dags/steam_analytics.py took 0.300 seconds
[2026-09-08T13:03:40.260+0000] {processor.py:161} INFO - Started process (PID=975) to work on /opt/airflow/dags/steam_analytics.py
[2026-09-08T13:03:40.260+0000] {processor.py:830} INFO - Processing file /opt/airflow/dags/steam_analytics.py for tasks to queue
[2026-09-08T13:03:40.262+0000] {logging_mixin.py:188} INFO - [2026-09-08T13:03:40.261+0000] {dagbag.py:545} INFO - Filling up the DagBag from /opt/airflow/dags/steam_analytics.py
[2026-09-08T13:03:40.390+0000] {processor.py:840} INFO - DAG(s) 'steam_analytics_daily' retrieved from /opt/airflow/dags/steam_analytics.py
[2026-09-08T13:03:40.414+0000] {logging_mixin.py:188} INFO - [2026-09-08T13:03:40.414+0000] {dag.py:3089} INFO - Sync 1 DAGs
[2026-09-08T13:03:40.534+0000] {logging_mixin.py:188} INFO - [2026-09-08T13:03:40.534+0000] {dag.py:3947} INFO - Setting next_dagrun for steam_analytics_daily to 2026-09-08 02:00:00+00:00, run_after=2026-09-09 02:00:00+00:00
[2026-09-08T13:03:40.550+0000] {processor.py:183} INFO - Processing /opt/airflow/dags/steam_analytics.py took 0.295 seconds
[2026-09-08T13:04:10.673+0000] {processor.py:161} INFO - Started process (PID=980) to work on /opt/airflow/dags/steam_analytics.py
[2026-09-08T13:04:10.673+0000] {processor.py:830} INFO - Processing file /opt/airflow/dags/steam_analytics.py for tasks to queue
[2026-09-08T13:04:10.675+0000] {logging_mixin.py:188} INFO - [2026-09-08T13:04:10.674+0000] {dagbag.py:545} INFO - Filling up the DagBag from /opt/airflow/dags/steam_analytics.py
[2026-09-08T13:04:10.806+0000] {processor.py:840} INFO - DAG(s) 'steam_analytics_daily' retrieved from /opt/airflow/dags/steam_analytics.py
[2026-09-08T13:04:10.951+0000] {logging_mixin.py:188} INFO - [2026-09-08T13:04:10.950+0000] {dag.py:3089} INFO - Sync 1 DAGs
[2026-09-08T13:04:10.967+0000] {logging_mixin.py:188} INFO - [2026-09-08T13:04:10.967+0000] {dag.py:3947} INFO - Setting next_dagrun for steam_analytics_daily to 2026-09-08 02:00:00+00:00, run_after=2026-09-09 02:00:00+00:00
[2026-09-08T13:04:10.981+0000] {processor.py:183} INFO - Processing /opt/airflow/dags/steam_analytics.py took 0.313 seconds
[2026-09-08T13:04:41.110+0000] {processor.py:161} INFO - Started process (PID=985) to work on /opt/airflow/dags/steam_analytics.py
[2026-09-08T13:04:41.110+0000] {processor.py:830} INFO - Processing file /opt/airflow/dags/steam_analytics.py for tasks to queue
[2026-09-08T13:04:41.112+0000] {logging_mixin.py:188} INFO - [2026-09-08T13:04:41.112+0000] {dagbag.py:545} INFO - Filling up the DagBag from /opt/airflow/dags/steam_analytics.py
[2026-09-08T13:04:41.262+0000] {processor.py:840} INFO - DAG(s) 'steam_analytics_daily' retrieved from /opt/airflow/dags/steam_analytics.py
[2026-09-08T13:04:41.290+0000] {logging_mixin.py:188} INFO - [2026-09-08T13:04:41.289+0000] {dag.py:3089} INFO - Sync 1 DAGs
[2026-09-08T13:04:41.309+0000] {logging_mixin.py:188} INFO - [2026-09-08T13:04:41.309+0000] {dag.py:3947} INFO - Setting next_dagrun for steam_analytics_daily to 2026-09-08 02:00:00+00:00, run_after=2026-09-09 02:00:00+00:00
[2026-09-08T13:04:41.325+0000] {processor.py:183} INFO - Processing /opt/airflow/dags/steam_analytics.py took 0.220 seconds
[2026-09-08T13:05:11.443+0000] {processor.py:161} INFO - Started process (PID=990) to work on /opt/airflow/dags/steam_analytics.py
[2026-09-08T13:05:11.444+0000] {processor.py:830} INFO - Processing file /opt/airflow/dags/steam_analytics.py for tasks to queue
[2026-09-08T13:05:11.445+0000] {logging_mixin.py:188} INFO - [2026-09-08T13:05:11.445+0000] {dagbag.py:545} INFO - Filling up the DagBag from /opt/airflow/dags/steam_analytics.py
[2026-09-08T13:05:11.587+0000] {processor.py:840} INFO - DAG(s) 'steam_analytics_daily' retrieved from /opt/airflow/dags/steam_analytics.py
[2026-09-08T13:05:11.616+0000] {logging_mixin.py:188} INFO - [2026-09-08T13:05:11.616+0000] {dag.py:3089} INFO - Sync 1 DAGs
[2026-09-08T13:05:11.639+0000] {logging_mixin.py:188} INFO - [2026-09-08T13:05:11.639+0000] {dag.py:3947} INFO - Setting next_dagrun for steam_analytics_daily to 2026-09-08 02:00:00+00:00, run_after=2026-09-09 02:00:00+00:00
[2026-09-08T13:05:11.773+0000] {processor.py:183} INFO - Processing /opt/airflow/dags/steam_analytics.py took 0.334 seconds
[2026-09-08T13:05:41.927+0000] {processor.py:161} INFO - Started process (PID=995) to work on /opt/airflow/dags/steam_analytics.py
[2026-09-08T13:05:41.928+0000] {processor.py:830} INFO - Processing file /opt/airflow/dags/steam_analytics.py for tasks to queue
[2026-09-08T13:05:41.929+0000] {logging_mixin.py:188} INFO - [2026-09-08T13:05:41.929+0000] {dagbag.py:545} INFO - Filling up the DagBag from /opt/airflow/dags/steam_analytics.py
[2026-09-08T13:05:42.066+0000] {processor.py:840} INFO - DAG(s) 'steam_analytics_daily' retrieved from /opt/airflow/dags/steam_analytics.py
[2026-09-08T13:05:42.090+0000] {logging_mixin.py:188} INFO - [2026-09-08T13:05:42.090+0000] {dag.py:3089} INFO - Sync 1 DAGs
[2026-09-08T13:05:42.202+0000] {logging_mixin.py:188} INFO - [2026-09-08T13:05:42.202+0000] {dag.py:3947} INFO - Setting next_dagrun for steam_analytics_daily to 2026-09-08 02:00:00+00:00, run_after=2026-09-09 02:00:00+00:00
[2026-09-08T13:05:42.217+0000] {processor.py:183} INFO - Processing /opt/airflow/dags/steam_analytics.py took 0.294 seconds
[2026-09-08T13:06:12.347+0000] {processor.py:161} INFO - Started process (PID=1000) to work on /opt/airflow/dags/steam_analytics.py
[2026-09-08T13:06:12.348+0000] {processor.py:830} INFO - Processing file /opt/airflow/dags/steam_analytics.py for tasks to queue
[2026-09-08T13:06:12.349+0000] {logging_mixin.py:188} INFO - [2026-09-08T13:06:12.349+0000] {dagbag.py:545} INFO - Filling up the DagBag from /opt/airflow/dags/steam_analytics.py
[2026-09-08T13:06:12.481+0000] {processor.py:840} INFO - DAG(s) 'steam_analytics_daily' retrieved from /opt/airflow/dags/steam_analytics.py
[2026-09-08T13:06:12.619+0000] {logging_mixin.py:188} INFO - [2026-09-08T13:06:12.619+0000] {dag.py:3089} INFO - Sync 1 DAGs
[2026-09-08T13:06:12.637+0000] {logging_mixin.py:188} INFO - [2026-09-08T13:06:12.637+0000] {dag.py:3947} INFO - Setting next_dagrun for steam_analytics_daily to 2026-09-08 02:00:00+00:00, run_after=2026-09-09 02:00:00+00:00
[2026-09-08T13:06:12.651+0000] {processor.py:183} INFO - Processing /opt/airflow/dags/steam_analytics.py took 0.309 seconds
[2026-09-08T13:06:42.775+0000] {processor.py:161} INFO - Started process (PID=1005) to work on /opt/airflow/dags/steam_analytics.py
[2026-09-08T13:06:42.775+0000] {processor.py:830} INFO - Processing file /opt/airflow/dags/steam_analytics.py for tasks to queue
[2026-09-08T13:06:42.777+0000] {logging_mixin.py:188} INFO - [2026-09-08T13:06:42.776+0000] {dagbag.py:545} INFO - Filling up the DagBag from /opt/airflow/dags/steam_analytics.py
[2026-09-08T13:06:42.908+0000] {processor.py:840} INFO - DAG(s) 'steam_analytics_daily' retrieved from /opt/airflow/dags/steam_analytics.py
[2026-09-08T13:06:42.932+0000] {logging_mixin.py:188} INFO - [2026-09-08T13:06:42.932+0000] {dag.py:3089} INFO - Sync 1 DAGs
[2026-09-08T13:06:42.950+0000] {logging_mixin.py:188} INFO - [2026-09-08T13:06:42.950+0000] {dag.py:3947} INFO - Setting next_dagrun for steam_analytics_daily to 2026-09-08 02:00:00+00:00, run_after=2026-09-09 02:00:00+00:00
[2026-09-08T13:06:42.965+0000] {processor.py:183} INFO - Processing /opt/airflow/dags/steam_analytics.py took 0.195 seconds
[2026-09-08T13:07:13.085+0000] {processor.py:161} INFO - Started process (PID=1010) to work on /opt/airflow/dags/steam_analytics.py
[2026-09-08T13:07:13.086+0000] {processor.py:830} INFO - Processing file /opt/airflow/dags/steam_analytics.py for tasks to queue
[2026-09-08T13:07:13.087+0000] {logging_mixin.py:188} INFO - [2026-09-08T13:07:13.087+0000] {dagbag.py:545} INFO - Filling up the DagBag from /opt/airflow/dags/steam_analytics.py
[2026-09-08T13:07:13.214+0000] {processor.py:840} INFO - DAG(s) 'steam_analytics_daily' retrieved from /opt/airflow/dags/steam_analytics.py
[2026-09-08T13:07:13.238+0000] {logging_mixin.py:188} INFO - [2026-09-08T13:07:13.238+0000] {dag.py:3089} INFO - Sync 1 DAGs
[2026-09-08T13:07:13.256+0000] {logging_mixin.py:188} INFO - [2026-09-08T13:07:13.256+0000] {dag.py:3947} INFO - Setting next_dagrun for steam_analytics_daily to 2026-09-08 02:00:00+00:00, run_after=2026-09-09 02:00:00+00:00
[2026-09-08T13:07:13.367+0000] {processor.py:183} INFO - Processing /opt/airflow/dags/steam_analytics.py took 0.286 seconds
[2026-09-08T13:07:43.491+0000] {processor.py:161} INFO - Started process (PID=1015) to work on /opt/airflow/dags/steam_analytics.py
[2026-09-08T13:07:43.492+0000] {processor.py:830} INFO - Processing file /opt/airflow/dags/steam_analytics.py for tasks to queue
[2026-09-08T13:07:43.493+0000] {logging_mixin.py:188} INFO - [2026-09-08T13:07:43.493+0000] {dagbag.py:545} INFO - Filling up the DagBag from /opt/airflow/dags/steam_analytics.py
[2026-09-08T13:07:43.623+0000] {processor.py:840} INFO - DAG(s) 'steam_analytics_daily' retrieved from /opt/airflow/dags/steam_analytics.py
[2026-09-08T13:07:43.647+0000] {logging_mixin.py:188} INFO - [2026-09-08T13:07:43.647+0000] {dag.py:3089} INFO - Sync 1 DAGs
[2026-09-08T13:07:43.760+0000] {logging_mixin.py:188} INFO - [2026-09-08T13:07:43.760+0000] {dag.py:3947} INFO - Setting next_dagrun for steam_analytics_daily to 2026-09-08 02:00:00+00:00, run_after=2026-09-09 02:00:00+00:00
[2026-09-08T13:07:43.775+0000] {processor.py:183} INFO - Processing /opt/airflow/dags/steam_analytics.py took 0.288 seconds
[2026-09-08T13:08:13.898+0000] {processor.py:161} INFO - Started process (PID=1020) to work on /opt/airflow/dags/steam_analytics.py
[2026-09-08T13:08:13.899+0000] {processor.py:830} INFO - Processing file /opt/airflow/dags/steam_analytics.py for tasks to queue
[2026-09-08T13:08:13.901+0000] {logging_mixin.py:188} INFO - [2026-09-08T13:08:13.900+0000] {dagbag.py:545} INFO - Filling up the DagBag from /opt/airflow/dags/steam_analytics.py
[2026-09-08T13:08:14.029+0000] {processor.py:840} INFO - DAG(s) 'steam_analytics_daily' retrieved from /opt/airflow/dags/steam_analytics.py
[2026-09-08T13:08:14.054+0000] {logging_mixin.py:188} INFO - [2026-09-08T13:08:14.054+0000] {dag.py:3089} INFO - Sync 1 DAGs
[2026-09-08T13:08:14.171+0000] {logging_mixin.py:188} INFO - [2026-09-08T13:08:14.170+0000] {dag.py:3947} INFO - Setting next_dagrun for steam_analytics_daily to 2026-09-08 02:00:00+00:00, run_after=2026-09-09 02:00:00+00:00
[2026-09-08T13:08:14.186+0000] {processor.py:183} INFO - Processing /opt/airflow/dags/steam_analytics.py took 0.292 seconds
[2026-09-08T13:08:44.312+0000] {processor.py:161} INFO - Started process (PID=1025) to work on /opt/airflow/dags/steam_analytics.py
[2026-09-08T13:08:44.312+0000] {processor.py:830} INFO - Processing file /opt/airflow/dags/steam_analytics.py for tasks to queue
[2026-09-08T13:08:44.314+0000] {logging_mixin.py:188} INFO - [2026-09-08T13:08:44.313+0000] {dagbag.py:545} INFO - Filling up the DagBag from /opt/airflow/dags/steam_analytics.py
[2026-09-08T13:08:44.443+0000] {processor.py:840} INFO - DAG(s) 'steam_analytics_daily' retrieved from /opt/airflow/dags/steam_analytics.py
[2026-09-08T13:08:44.564+0000] {logging_mixin.py:188} INFO - [2026-09-08T13:08:44.564+0000] {dag.py:3089} INFO - Sync 1 DAGs
[2026-09-08T13:08:44.581+0000] {logging_mixin.py:188} INFO - [2026-09-08T13:08:44.581+0000] {dag.py:3947} INFO - Setting next_dagrun for steam_analytics_daily to 2026-09-08 02:00:00+00:00, run_after=2026-09-09 02:00:00+00:00
[2026-09-08T13:08:44.595+0000] {processor.py:183} INFO - Processing /opt/airflow/dags/steam_analytics.py took 0.288 seconds
[2026-09-08T13:09:14.714+0000] {processor.py:161} INFO - Started process (PID=1030) to work on /opt/airflow/dags/steam_analytics.py
[2026-09-08T13:09:14.714+0000] {processor.py:830} INFO - Processing file /opt/airflow/dags/steam_analytics.py for tasks to queue
[2026-09-08T13:09:14.716+0000] {logging_mixin.py:188} INFO - [2026-09-08T13:09:14.716+0000] {dagbag.py:545} INFO - Filling up the DagBag from /opt/airflow/dags/steam_analytics.py
[2026-09-08T13:09:14.946+0000] {processor.py:840} INFO - DAG(s) 'steam_analytics_daily' retrieved from /opt/airflow/dags/steam_analytics.py
[2026-09-08T13:09:14.969+0000] {logging_mixin.py:188} INFO - [2026-09-08T13:09:14.969+0000] {dag.py:3089} INFO - Sync 1 DAGs
[2026-09-08T13:09:14.987+0000] {logging_mixin.py:188} INFO - [2026-09-08T13:09:14.987+0000] {dag.py:3947} INFO - Setting next_dagrun for steam_analytics_daily to 2026-09-08 02:00:00+00:00, run_after=2026-09-09 02:00:00+00:00
[2026-09-08T13:09:15.001+0000] {processor.py:183} INFO - Processing /opt/airflow/dags/steam_analytics.py took 0.292 seconds
[2026-09-08T13:09:45.133+0000] {processor.py:161} INFO - Started process (PID=1035) to work on /opt/airflow/dags/steam_analytics.py
[2026-09-08T13:09:45.133+0000] {processor.py:830} INFO - Processing file /opt/airflow/dags/steam_analytics.py for tasks to queue
[2026-09-08T13:09:45.135+0000] {logging_mixin.py:188} INFO - [2026-09-08T13:09:45.134+0000] {dagbag.py:545} INFO - Filling up the DagBag from /opt/airflow/dags/steam_analytics.py
[2026-09-08T13:09:45.262+0000] {processor.py:840} INFO - DAG(s) 'steam_analytics_daily' retrieved from /opt/airflow/dags/steam_analytics.py
[2026-09-08T13:09:45.286+0000] {logging_mixin.py:188} INFO - [2026-09-08T13:09:45.286+0000] {dag.py:3089} INFO - Sync 1 DAGs
[2026-09-08T13:09:45.305+0000] {logging_mixin.py:188} INFO - [2026-09-08T13:09:45.305+0000] {dag.py:3947} INFO - Setting next_dagrun for steam_analytics_daily to 2026-09-08 02:00:00+00:00, run_after=2026-09-09 02:00:00+00:00
[2026-09-08T13:09:45.414+0000] {processor.py:183} INFO - Processing /opt/airflow/dags/steam_analytics.py took 0.285 seconds
[2026-09-08T13:10:15.537+0000] {processor.py:161} INFO - Started process (PID=1040) to work on /opt/airflow/dags/steam_analytics.py
[2026-09-08T13:10:15.538+0000] {processor.py:830} INFO - Processing file /opt/airflow/dags/steam_analytics.py for tasks to queue
[2026-09-08T13:10:15.539+0000] {logging_mixin.py:188} INFO - [2026-09-08T13:10:15.539+0000] {dagbag.py:545} INFO - Filling up the DagBag from /opt/airflow/dags/steam_analytics.py
[2026-09-08T13:10:15.669+0000] {processor.py:840} INFO - DAG(s) 'steam_analytics_daily' retrieved from /opt/airflow/dags/steam_analytics.py
[2026-09-08T13:10:15.693+0000] {logging_mixin.py:188} INFO - [2026-09-08T13:10:15.693+0000] {dag.py:3089} INFO - Sync 1 DAGs
[2026-09-08T13:10:15.805+0000] {logging_mixin.py:188} INFO - [2026-09-08T13:10:15.805+0000] {dag.py:3947} INFO - Setting next_dagrun for steam_analytics_daily to 2026-09-08 02:00:00+00:00, run_after=2026-09-09 02:00:00+00:00
[2026-09-08T13:10:15.820+0000] {processor.py:183} INFO - Processing /opt/airflow/dags/steam_analytics.py took 0.287 seconds
[2026-09-08T13:10:45.965+0000] {processor.py:161} INFO - Started process (PID=1045) to work on /opt/airflow/dags/steam_analytics.py
[2026-09-08T13:10:45.966+0000] {processor.py:830} INFO - Processing file /opt/airflow/dags/steam_analytics.py for tasks to queue
[2026-09-08T13:10:45.967+0000] {logging_mixin.py:188} INFO - [2026-09-08T13:10:45.967+0000] {dagbag.py:545} INFO - Filling up the DagBag from /opt/airflow/dags/steam_analytics.py
[2026-09-08T13:10:46.109+0000] {processor.py:840} INFO - DAG(s) 'steam_analytics_daily' retrieved from /opt/airflow/dags/steam_analytics.py
[2026-09-08T13:10:46.251+0000] {logging_mixin.py:188} INFO - [2026-09-08T13:10:46.251+0000] {dag.py:3089} INFO - Sync 1 DAGs
[2026-09-08T13:10:46.268+0000] {logging_mixin.py:188} INFO - [2026-09-08T13:10:46.268+0000] {dag.py:3947} INFO - Setting next_dagrun for steam_analytics_daily to 2026-09-08 02:00:00+00:00, run_after=2026-09-09 02:00:00+00:00
[2026-09-08T13:10:46.282+0000] {processor.py:183} INFO - Processing /opt/airflow/dags/steam_analytics.py took 0.322 seconds
[2026-09-08T13:11:16.408+0000] {processor.py:161} INFO - Started process (PID=1050) to work on /opt/airflow/dags/steam_analytics.py
[2026-09-08T13:11:16.408+0000] {processor.py:830} INFO - Processing file /opt/airflow/dags/steam_analytics.py for tasks to queue
[2026-09-08T13:11:16.410+0000] {logging_mixin.py:188} INFO - [2026-09-08T13:11:16.409+0000] {dagbag.py:545} INFO - Filling up the DagBag from /opt/airflow/dags/steam_analytics.py
[2026-09-08T13:11:16.631+0000] {processor.py:840} INFO - DAG(s) 'steam_analytics_daily' retrieved from /opt/airflow/dags/steam_analytics.py
[2026-09-08T13:11:16.653+0000] {logging_mixin.py:188} INFO - [2026-09-08T13:11:16.653+0000] {dag.py:3089} INFO - Sync 1 DAGs
[2026-09-08T13:11:16.670+0000] {logging_mixin.py:188} INFO - [2026-09-08T13:11:16.670+0000] {dag.py:3947} INFO - Setting next_dagrun for steam_analytics_daily to 2026-09-08 02:00:00+00:00, run_after=2026-09-09 02:00:00+00:00
[2026-09-08T13:11:16.683+0000] {processor.py:183} INFO - Processing /opt/airflow/dags/steam_analytics.py took 0.280 seconds
[2026-09-08T13:11:46.806+0000] {processor.py:161} INFO - Started process (PID=1055) to work on /opt/airflow/dags/steam_analytics.py
[2026-09-08T13:11:46.807+0000] {processor.py:830} INFO - Processing file /opt/airflow/dags/steam_analytics.py for tasks to queue
[2026-09-08T13:11:46.808+0000] {logging_mixin.py:188} INFO - [2026-09-08T13:11:46.808+0000] {dagbag.py:545} INFO - Filling up the DagBag from /opt/airflow/dags/steam_analytics.py
[2026-09-08T13:11:47.035+0000] {processor.py:840} INFO - DAG(s) 'steam_analytics_daily' retrieved from /opt/airflow/dags/steam_analytics.py
[2026-09-08T13:11:47.057+0000] {logging_mixin.py:188} INFO - [2026-09-08T13:11:47.057+0000] {dag.py:3089} INFO - Sync 1 DAGs
[2026-09-08T13:11:47.074+0000] {logging_mixin.py:188} INFO - [2026-09-08T13:11:47.073+0000] {dag.py:3947} INFO - Setting next_dagrun for steam_analytics_daily to 2026-09-08 02:00:00+00:00, run_after=2026-09-09 02:00:00+00:00
[2026-09-08T13:11:47.088+0000] {processor.py:183} INFO - Processing /opt/airflow/dags/steam_analytics.py took 0.287 seconds
[2026-09-08T13:12:17.227+0000] {processor.py:161} INFO - Started process (PID=1060) to work on /opt/airflow/dags/steam_analytics.py
[2026-09-08T13:12:17.228+0000] {processor.py:830} INFO - Processing file /opt/airflow/dags/steam_analytics.py for tasks to queue
[2026-09-08T13:12:17.229+0000] {logging_mixin.py:188} INFO - [2026-09-08T13:12:17.229+0000] {dagbag.py:545} INFO - Filling up the DagBag from /opt/airflow/dags/steam_analytics.py
[2026-09-08T13:12:17.364+0000] {processor.py:840} INFO - DAG(s) 'steam_analytics_daily' retrieved from /opt/airflow/dags/steam_analytics.py
[2026-09-08T13:12:17.389+0000] {logging_mixin.py:188} INFO - [2026-09-08T13:12:17.388+0000] {dag.py:3089} INFO - Sync 1 DAGs
[2026-09-08T13:12:17.505+0000] {logging_mixin.py:188} INFO - [2026-09-08T13:12:17.505+0000] {dag.py:3947} INFO - Setting next_dagrun for steam_analytics_daily to 2026-09-08 02:00:00+00:00, run_after=2026-09-09 02:00:00+00:00
[2026-09-08T13:12:17.520+0000] {processor.py:183} INFO - Processing /opt/airflow/dags/steam_analytics.py took 0.297 seconds
[2026-09-08T13:12:47.645+0000] {processor.py:161} INFO - Started process (PID=1065) to work on /opt/airflow/dags/steam_analytics.py
[2026-09-08T13:12:47.646+0000] {processor.py:830} INFO - Processing file /opt/airflow/dags/steam_analytics.py for tasks to queue
[2026-09-08T13:12:47.647+0000] {logging_mixin.py:188} INFO - [2026-09-08T13:12:47.647+0000] {dagbag.py:545} INFO - Filling up the DagBag from /opt/airflow/dags/steam_analytics.py
[2026-09-08T13:12:47.778+0000] {processor.py:840} INFO - DAG(s) 'steam_analytics_daily' retrieved from /opt/airflow/dags/steam_analytics.py
[2026-09-08T13:12:47.912+0000] {logging_mixin.py:188} INFO - [2026-09-08T13:12:47.912+0000] {dag.py:3089} INFO - Sync 1 DAGs
[2026-09-08T13:12:47.929+0000] {logging_mixin.py:188} INFO - [2026-09-08T13:12:47.928+0000] {dag.py:3947} INFO - Setting next_dagrun for steam_analytics_daily to 2026-09-08 02:00:00+00:00, run_after=2026-09-09 02:00:00+00:00
[2026-09-08T13:12:47.943+0000] {processor.py:183} INFO - Processing /opt/airflow/dags/steam_analytics.py took 0.302 seconds
[2026-09-08T13:13:18.063+0000] {processor.py:161} INFO - Started process (PID=1070) to work on /opt/airflow/dags/steam_analytics.py
[2026-09-08T13:13:18.064+0000] {processor.py:830} INFO - Processing file /opt/airflow/dags/steam_analytics.py for tasks to queue
[2026-09-08T13:13:18.065+0000] {logging_mixin.py:188} INFO - [2026-09-08T13:13:18.065+0000] {dagbag.py:545} INFO - Filling up the DagBag from /opt/airflow/dags/steam_analytics.py
[2026-09-08T13:13:18.196+0000] {processor.py:840} INFO - DAG(s) 'steam_analytics_daily' retrieved from /opt/airflow/dags/steam_analytics.py
[2026-09-08T13:13:18.321+0000] {logging_mixin.py:188} INFO - [2026-09-08T13:13:18.321+0000] {dag.py:3089} INFO - Sync 1 DAGs
[2026-09-08T13:13:18.338+0000] {logging_mixin.py:188} INFO - [2026-09-08T13:13:18.338+0000] {dag.py:3947} INFO - Setting next_dagrun for steam_analytics_daily to 2026-09-08 02:00:00+00:00, run_after=2026-09-09 02:00:00+00:00
[2026-09-08T13:13:18.352+0000] {processor.py:183} INFO - Processing /opt/airflow/dags/steam_analytics.py took 0.293 seconds
[2026-09-08T13:13:48.473+0000] {processor.py:161} INFO - Started process (PID=1075) to work on /opt/airflow/dags/steam_analytics.py
[2026-09-08T13:13:48.473+0000] {processor.py:830} INFO - Processing file /opt/airflow/dags/steam_analytics.py for tasks to queue
[2026-09-08T13:13:48.475+0000] {logging_mixin.py:188} INFO - [2026-09-08T13:13:48.474+0000] {dagbag.py:545} INFO - Filling up the DagBag from /opt/airflow/dags/steam_analytics.py
[2026-09-08T13:13:48.717+0000] {processor.py:840} INFO - DAG(s) 'steam_analytics_daily' retrieved from /opt/airflow/dags/steam_analytics.py
[2026-09-08T13:13:48.741+0000] {logging_mixin.py:188} INFO - [2026-09-08T13:13:48.740+0000] {dag.py:3089} INFO - Sync 1 DAGs
[2026-09-08T13:13:48.758+0000] {logging_mixin.py:188} INFO - [2026-09-08T13:13:48.758+0000] {dag.py:3947} INFO - Setting next_dagrun for steam_analytics_daily to 2026-09-08 02:00:00+00:00, run_after=2026-09-09 02:00:00+00:00
[2026-09-08T13:13:48.775+0000] {processor.py:183} INFO - Processing /opt/airflow/dags/steam_analytics.py took 0.307 seconds
[2026-09-08T13:14:18.902+0000] {processor.py:161} INFO - Started process (PID=1080) to work on /opt/airflow/dags/steam_analytics.py
[2026-09-08T13:14:18.903+0000] {processor.py:830} INFO - Processing file /opt/airflow/dags/steam_analytics.py for tasks to queue
[2026-09-08T13:14:18.904+0000] {logging_mixin.py:188} INFO - [2026-09-08T13:14:18.904+0000] {dagbag.py:545} INFO - Filling up the DagBag from /opt/airflow/dags/steam_analytics.py
[2026-09-08T13:14:19.031+0000] {processor.py:840} INFO - DAG(s) 'steam_analytics_daily' retrieved from /opt/airflow/dags/steam_analytics.py
[2026-09-08T13:14:19.055+0000] {logging_mixin.py:188} INFO - [2026-09-08T13:14:19.055+0000] {dag.py:3089} INFO - Sync 1 DAGs
[2026-09-08T13:14:19.169+0000] {logging_mixin.py:188} INFO - [2026-09-08T13:14:19.169+0000] {dag.py:3947} INFO - Setting next_dagrun for steam_analytics_daily to 2026-09-08 02:00:00+00:00, run_after=2026-09-09 02:00:00+00:00
[2026-09-08T13:14:19.184+0000] {processor.py:183} INFO - Processing /opt/airflow/dags/steam_analytics.py took 0.287 seconds
[2026-09-08T13:14:49.306+0000] {processor.py:161} INFO - Started process (PID=1085) to work on /opt/airflow/dags/steam_analytics.py
[2026-09-08T13:14:49.307+0000] {processor.py:830} INFO - Processing file /opt/airflow/dags/steam_analytics.py for tasks to queue
[2026-09-08T13:14:49.308+0000] {logging_mixin.py:188} INFO - [2026-09-08T13:14:49.308+0000] {dagbag.py:545} INFO - Filling up the DagBag from /opt/airflow/dags/steam_analytics.py
[2026-09-08T13:14:49.451+0000] {processor.py:840} INFO - DAG(s) 'steam_analytics_daily' retrieved from /opt/airflow/dags/steam_analytics.py
[2026-09-08T13:14:49.478+0000] {logging_mixin.py:188} INFO - [2026-09-08T13:14:49.477+0000] {dag.py:3089} INFO - Sync 1 DAGs
[2026-09-08T13:14:49.590+0000] {logging_mixin.py:188} INFO - [2026-09-08T13:14:49.590+0000] {dag.py:3947} INFO - Setting next_dagrun for steam_analytics_daily to 2026-09-08 02:00:00+00:00, run_after=2026-09-09 02:00:00+00:00
[2026-09-08T13:14:49.604+0000] {processor.py:183} INFO - Processing /opt/airflow/dags/steam_analytics.py took 0.303 seconds
[2026-09-08T13:15:19.727+0000] {processor.py:161} INFO - Started process (PID=1090) to work on /opt/airflow/dags/steam_analytics.py
[2026-09-08T13:15:19.728+0000] {processor.py:830} INFO - Processing file /opt/airflow/dags/steam_analytics.py for tasks to queue
[2026-09-08T13:15:19.729+0000] {logging_mixin.py:188} INFO - [2026-09-08T13:15:19.729+0000] {dagbag.py:545} INFO - Filling up the DagBag from /opt/airflow/dags/steam_analytics.py
[2026-09-08T13:15:19.867+0000] {processor.py:840} INFO - DAG(s) 'steam_analytics_daily' retrieved from /opt/airflow/dags/steam_analytics.py
[2026-09-08T13:15:20.012+0000] {logging_mixin.py:188} INFO - [2026-09-08T13:15:20.012+0000] {dag.py:3089} INFO - Sync 1 DAGs
[2026-09-08T13:15:20.029+0000] {logging_mixin.py:188} INFO - [2026-09-08T13:15:20.029+0000] {dag.py:3947} INFO - Setting next_dagrun for steam_analytics_daily to 2026-09-08 02:00:00+00:00, run_after=2026-09-09 02:00:00+00:00
[2026-09-08T13:15:20.043+0000] {processor.py:183} INFO - Processing /opt/airflow/dags/steam_analytics.py took 0.320 seconds
[2026-09-08T13:15:50.185+0000] {processor.py:161} INFO - Started process (PID=1095) to work on /opt/airflow/dags/steam_analytics.py
[2026-09-08T13:15:50.186+0000] {processor.py:830} INFO - Processing file /opt/airflow/dags/steam_analytics.py for tasks to queue
[2026-09-08T13:15:50.187+0000] {logging_mixin.py:188} INFO - [2026-09-08T13:15:50.187+0000] {dagbag.py:545} INFO - Filling up the DagBag from /opt/airflow/dags/steam_analytics.py
[2026-09-08T13:15:50.411+0000] {processor.py:840} INFO - DAG(s) 'steam_analytics_daily' retrieved from /opt/airflow/dags/steam_analytics.py
[2026-09-08T13:15:50.433+0000] {logging_mixin.py:188} INFO - [2026-09-08T13:15:50.433+0000] {dag.py:3089} INFO - Sync 1 DAGs
[2026-09-08T13:15:50.450+0000] {logging_mixin.py:188} INFO - [2026-09-08T13:15:50.450+0000] {dag.py:3947} INFO - Setting next_dagrun for steam_analytics_daily to 2026-09-08 02:00:00+00:00, run_after=2026-09-09 02:00:00+00:00
[2026-09-08T13:15:50.464+0000] {processor.py:183} INFO - Processing /opt/airflow/dags/steam_analytics.py took 0.283 seconds
[2026-09-08T13:16:20.588+0000] {processor.py:161} INFO - Started process (PID=1100) to work on /opt/airflow/dags/steam_analytics.py
[2026-09-08T13:16:20.589+0000] {processor.py:830} INFO - Processing file /opt/airflow/dags/steam_analytics.py for tasks to queue
[2026-09-08T13:16:20.590+0000] {logging_mixin.py:188} INFO - [2026-09-08T13:16:20.590+0000] {dagbag.py:545} INFO - Filling up the DagBag from /opt/airflow/dags/steam_analytics.py
[2026-09-08T13:16:20.814+0000] {processor.py:840} INFO - DAG(s) 'steam_analytics_daily' retrieved from /opt/airflow/dags/steam_analytics.py
[2026-09-08T13:16:20.836+0000] {logging_mixin.py:188} INFO - [2026-09-08T13:16:20.835+0000] {dag.py:3089} INFO - Sync 1 DAGs
[2026-09-08T13:16:20.852+0000] {logging_mixin.py:188} INFO - [2026-09-08T13:16:20.852+0000] {dag.py:3947} INFO - Setting next_dagrun for steam_analytics_daily to 2026-09-08 02:00:00+00:00, run_after=2026-09-09 02:00:00+00:00
[2026-09-08T13:16:20.867+0000] {processor.py:183} INFO - Processing /opt/airflow/dags/steam_analytics.py took 0.283 seconds
[2026-09-08T13:16:50.991+0000] {processor.py:161} INFO - Started process (PID=1105) to work on /opt/airflow/dags/steam_analytics.py
[2026-09-08T13:16:50.992+0000] {processor.py:830} INFO - Processing file /opt/airflow/dags/steam_analytics.py for tasks to queue
[2026-09-08T13:16:50.993+0000] {logging_mixin.py:188} INFO - [2026-09-08T13:16:50.993+0000] {dagbag.py:545} INFO - Filling up the DagBag from /opt/airflow/dags/steam_analytics.py
[2026-09-08T13:16:51.218+0000] {processor.py:840} INFO - DAG(s) 'steam_analytics_daily' retrieved from /opt/airflow/dags/steam_analytics.py
[2026-09-08T13:16:51.240+0000] {logging_mixin.py:188} INFO - [2026-09-08T13:16:51.240+0000] {dag.py:3089} INFO - Sync 1 DAGs
[2026-09-08T13:16:51.258+0000] {logging_mixin.py:188} INFO - [2026-09-08T13:16:51.258+0000] {dag.py:3947} INFO - Setting next_dagrun for steam_analytics_daily to 2026-09-08 02:00:00+00:00, run_after=2026-09-09 02:00:00+00:00
[2026-09-08T13:16:51.272+0000] {processor.py:183} INFO - Processing /opt/airflow/dags/steam_analytics.py took 0.285 seconds
[2026-09-08T13:17:21.395+0000] {processor.py:161} INFO - Started process (PID=1110) to work on /opt/airflow/dags/steam_analytics.py
[2026-09-08T13:17:21.395+0000] {processor.py:830} INFO - Processing file /opt/airflow/dags/steam_analytics.py for tasks to queue
[2026-09-08T13:17:21.397+0000] {logging_mixin.py:188} INFO - [2026-09-08T13:17:21.397+0000] {dagbag.py:545} INFO - Filling up the DagBag from /opt/airflow/dags/steam_analytics.py
[2026-09-08T13:17:21.532+0000] {processor.py:840} INFO - DAG(s) 'steam_analytics_daily' retrieved from /opt/airflow/dags/steam_analytics.py
[2026-09-08T13:17:21.660+0000] {logging_mixin.py:188} INFO - [2026-09-08T13:17:21.659+0000] {dag.py:3089} INFO - Sync 1 DAGs
[2026-09-08T13:17:21.676+0000] {logging_mixin.py:188} INFO - [2026-09-08T13:17:21.676+0000] {dag.py:3947} INFO - Setting next_dagrun for steam_analytics_daily to 2026-09-08 02:00:00+00:00, run_after=2026-09-09 02:00:00+00:00
[2026-09-08T13:17:21.691+0000] {processor.py:183} INFO - Processing /opt/airflow/dags/steam_analytics.py took 0.300 seconds
[2026-09-08T13:17:51.812+0000] {processor.py:161} INFO - Started process (PID=1115) to work on /opt/airflow/dags/steam_analytics.py
[2026-09-08T13:17:51.813+0000] {processor.py:830} INFO - Processing file /opt/airflow/dags/steam_analytics.py for tasks to queue
[2026-09-08T13:17:51.814+0000] {logging_mixin.py:188} INFO - [2026-09-08T13:17:51.814+0000] {dagbag.py:545} INFO - Filling up the DagBag from /opt/airflow/dags/steam_analytics.py
[2026-09-08T13:17:52.038+0000] {processor.py:840} INFO - DAG(s) 'steam_analytics_daily' retrieved from /opt/airflow/dags/steam_analytics.py
[2026-09-08T13:17:52.060+0000] {logging_mixin.py:188} INFO - [2026-09-08T13:17:52.060+0000] {dag.py:3089} INFO - Sync 1 DAGs
[2026-09-08T13:17:52.077+0000] {logging_mixin.py:188} INFO - [2026-09-08T13:17:52.077+0000] {dag.py:3947} INFO - Setting next_dagrun for steam_analytics_daily to 2026-09-08 02:00:00+00:00, run_after=2026-09-09 02:00:00+00:00
[2026-09-08T13:17:52.091+0000] {processor.py:183} INFO - Processing /opt/airflow/dags/steam_analytics.py took 0.283 seconds
[2026-09-08T13:18:22.226+0000] {processor.py:161} INFO - Started process (PID=1120) to work on /opt/airflow/dags/steam_analytics.py
[2026-09-08T13:18:22.227+0000] {processor.py:830} INFO - Processing file /opt/airflow/dags/steam_analytics.py for tasks to queue
[2026-09-08T13:18:22.228+0000] {logging_mixin.py:188} INFO - [2026-09-08T13:18:22.228+0000] {dagbag.py:545} INFO - Filling up the DagBag from /opt/airflow/dags/steam_analytics.py
[2026-09-08T13:18:22.448+0000] {processor.py:840} INFO - DAG(s) 'steam_analytics_daily' retrieved from /opt/airflow/dags/steam_analytics.py
[2026-09-08T13:18:22.469+0000] {logging_mixin.py:188} INFO - [2026-09-08T13:18:22.469+0000] {dag.py:3089} INFO - Sync 1 DAGs
[2026-09-08T13:18:22.486+0000] {logging_mixin.py:188} INFO - [2026-09-08T13:18:22.486+0000] {dag.py:3947} INFO - Setting next_dagrun for steam_analytics_daily to 2026-09-08 02:00:00+00:00, run_after=2026-09-09 02:00:00+00:00
[2026-09-08T13:18:22.501+0000] {processor.py:183} INFO - Processing /opt/airflow/dags/steam_analytics.py took 0.280 seconds
[2026-09-08T13:18:52.622+0000] {processor.py:161} INFO - Started process (PID=1125) to work on /opt/airflow/dags/steam_analytics.py
[2026-09-08T13:18:52.623+0000] {processor.py:830} INFO - Processing file /opt/airflow/dags/steam_analytics.py for tasks to queue
[2026-09-08T13:18:52.624+0000] {logging_mixin.py:188} INFO - [2026-09-08T13:18:52.624+0000] {dagbag.py:545} INFO - Filling up the DagBag from /opt/airflow/dags/steam_analytics.py
[2026-09-08T13:18:52.841+0000] {processor.py:840} INFO - DAG(s) 'steam_analytics_daily' retrieved from /opt/airflow/dags/steam_analytics.py
[2026-09-08T13:18:52.863+0000] {logging_mixin.py:188} INFO - [2026-09-08T13:18:52.863+0000] {dag.py:3089} INFO - Sync 1 DAGs
[2026-09-08T13:18:52.881+0000] {logging_mixin.py:188} INFO - [2026-09-08T13:18:52.881+0000] {dag.py:3947} INFO - Setting next_dagrun for steam_analytics_daily to 2026-09-08 02:00:00+00:00, run_after=2026-09-09 02:00:00+00:00
[2026-09-08T13:18:52.895+0000] {processor.py:183} INFO - Processing /opt/airflow/dags/steam_analytics.py took 0.277 seconds
[2026-09-08T13:19:23.015+0000] {processor.py:161} INFO - Started process (PID=1130) to work on /opt/airflow/dags/steam_analytics.py
[2026-09-08T13:19:23.015+0000] {processor.py:830} INFO - Processing file /opt/airflow/dags/steam_analytics.py for tasks to queue
[2026-09-08T13:19:23.017+0000] {logging_mixin.py:188} INFO - [2026-09-08T13:19:23.016+0000] {dagbag.py:545} INFO - Filling up the DagBag from /opt/airflow/dags/steam_analytics.py
[2026-09-08T13:19:23.151+0000] {processor.py:840} INFO - DAG(s) 'steam_analytics_daily' retrieved from /opt/airflow/dags/steam_analytics.py
[2026-09-08T13:19:23.295+0000] {logging_mixin.py:188} INFO - [2026-09-08T13:19:23.294+0000] {dag.py:3089} INFO - Sync 1 DAGs
[2026-09-08T13:19:23.312+0000] {logging_mixin.py:188} INFO - [2026-09-08T13:19:23.312+0000] {dag.py:3947} INFO - Setting next_dagrun for steam_analytics_daily to 2026-09-08 02:00:00+00:00, run_after=2026-09-09 02:00:00+00:00
[2026-09-08T13:19:23.326+0000] {processor.py:183} INFO - Processing /opt/airflow/dags/steam_analytics.py took 0.315 seconds
[2026-09-08T13:19:53.451+0000] {processor.py:161} INFO - Started process (PID=1135) to work on /opt/airflow/dags/steam_analytics.py
[2026-09-08T13:19:53.452+0000] {processor.py:830} INFO - Processing file /opt/airflow/dags/steam_analytics.py for tasks to queue
[2026-09-08T13:19:53.453+0000] {logging_mixin.py:188} INFO - [2026-09-08T13:19:53.453+0000] {dagbag.py:545} INFO - Filling up the DagBag from /opt/airflow/dags/steam_analytics.py
[2026-09-08T13:19:53.595+0000] {processor.py:840} INFO - DAG(s) 'steam_analytics_daily' retrieved from /opt/airflow/dags/steam_analytics.py
[2026-09-08T13:19:53.755+0000] {logging_mixin.py:188} INFO - [2026-09-08T13:19:53.754+0000] {dag.py:3089} INFO - Sync 1 DAGs
[2026-09-08T13:19:53.771+0000] {logging_mixin.py:188} INFO - [2026-09-08T13:19:53.771+0000] {dag.py:3947} INFO - Setting next_dagrun for steam_analytics_daily to 2026-09-08 02:00:00+00:00, run_after=2026-09-09 02:00:00+00:00
[2026-09-08T13:19:53.785+0000] {processor.py:183} INFO - Processing /opt/airflow/dags/steam_analytics.py took 0.339 seconds
[2026-09-08T13:20:23.920+0000] {processor.py:161} INFO - Started process (PID=1140) to work on /opt/airflow/dags/steam_analytics.py
[2026-09-08T13:20:23.921+0000] {processor.py:830} INFO - Processing file /opt/airflow/dags/steam_analytics.py for tasks to queue
[2026-09-08T13:20:23.922+0000] {logging_mixin.py:188} INFO - [2026-09-08T13:20:23.922+0000] {dagbag.py:545} INFO - Filling up the DagBag from /opt/airflow/dags/steam_analytics.py
[2026-09-08T13:20:24.147+0000] {processor.py:840} INFO - DAG(s) 'steam_analytics_daily' retrieved from /opt/airflow/dags/steam_analytics.py
[2026-09-08T13:20:24.170+0000] {logging_mixin.py:188} INFO - [2026-09-08T13:20:24.169+0000] {dag.py:3089} INFO - Sync 1 DAGs
[2026-09-08T13:20:24.186+0000] {logging_mixin.py:188} INFO - [2026-09-08T13:20:24.186+0000] {dag.py:3947} INFO - Setting next_dagrun for steam_analytics_daily to 2026-09-08 02:00:00+00:00, run_after=2026-09-09 02:00:00+00:00
[2026-09-08T13:20:24.201+0000] {processor.py:183} INFO - Processing /opt/airflow/dags/steam_analytics.py took 0.285 seconds
[2026-09-08T13:20:54.324+0000] {processor.py:161} INFO - Started process (PID=1145) to work on /opt/airflow/dags/steam_analytics.py
[2026-09-08T13:20:54.325+0000] {processor.py:830} INFO - Processing file /opt/airflow/dags/steam_analytics.py for tasks to queue
[2026-09-08T13:20:54.327+0000] {logging_mixin.py:188} INFO - [2026-09-08T13:20:54.326+0000] {dagbag.py:545} INFO - Filling up the DagBag from /opt/airflow/dags/steam_analytics.py
[2026-09-08T13:20:54.549+0000] {processor.py:840} INFO - DAG(s) 'steam_analytics_daily' retrieved from /opt/airflow/dags/steam_analytics.py
[2026-09-08T13:20:54.570+0000] {logging_mixin.py:188} INFO - [2026-09-08T13:20:54.570+0000] {dag.py:3089} INFO - Sync 1 DAGs
[2026-09-08T13:20:54.588+0000] {logging_mixin.py:188} INFO - [2026-09-08T13:20:54.588+0000] {dag.py:3947} INFO - Setting next_dagrun for steam_analytics_daily to 2026-09-08 02:00:00+00:00, run_after=2026-09-09 02:00:00+00:00
[2026-09-08T13:20:54.602+0000] {processor.py:183} INFO - Processing /opt/airflow/dags/steam_analytics.py took 0.283 seconds
[2026-09-08T13:21:24.728+0000] {processor.py:161} INFO - Started process (PID=1150) to work on /opt/airflow/dags/steam_analytics.py
[2026-09-08T13:21:24.729+0000] {processor.py:830} INFO - Processing file /opt/airflow/dags/steam_analytics.py for tasks to queue
[2026-09-08T13:21:24.730+0000] {logging_mixin.py:188} INFO - [2026-09-08T13:21:24.730+0000] {dagbag.py:545} INFO - Filling up the DagBag from /opt/airflow/dags/steam_analytics.py
[2026-09-08T13:21:24.862+0000] {processor.py:840} INFO - DAG(s) 'steam_analytics_daily' retrieved from /opt/airflow/dags/steam_analytics.py
[2026-09-08T13:21:24.887+0000] {logging_mixin.py:188} INFO - [2026-09-08T13:21:24.886+0000] {dag.py:3089} INFO - Sync 1 DAGs
[2026-09-08T13:21:24.998+0000] {logging_mixin.py:188} INFO - [2026-09-08T13:21:24.998+0000] {dag.py:3947} INFO - Setting next_dagrun for steam_analytics_daily to 2026-09-08 02:00:00+00:00, run_after=2026-09-09 02:00:00+00:00
[2026-09-08T13:21:25.013+0000] {processor.py:183} INFO - Processing /opt/airflow/dags/steam_analytics.py took 0.290 seconds
[2026-09-08T13:21:55.135+0000] {processor.py:161} INFO - Started process (PID=1155) to work on /opt/airflow/dags/steam_analytics.py
[2026-09-08T13:21:55.136+0000] {processor.py:830} INFO - Processing file /opt/airflow/dags/steam_analytics.py for tasks to queue
[2026-09-08T13:21:55.138+0000] {logging_mixin.py:188} INFO - [2026-09-08T13:21:55.137+0000] {dagbag.py:545} INFO - Filling up the DagBag from /opt/airflow/dags/steam_analytics.py
[2026-09-08T13:21:55.266+0000] {processor.py:840} INFO - DAG(s) 'steam_analytics_daily' retrieved from /opt/airflow/dags/steam_analytics.py
[2026-09-08T13:21:55.386+0000] {logging_mixin.py:188} INFO - [2026-09-08T13:21:55.385+0000] {dag.py:3089} INFO - Sync 1 DAGs
[2026-09-08T13:21:55.402+0000] {logging_mixin.py:188} INFO - [2026-09-08T13:21:55.402+0000] {dag.py:3947} INFO - Setting next_dagrun for steam_analytics_daily to 2026-09-08 02:00:00+00:00, run_after=2026-09-09 02:00:00+00:00
[2026-09-08T13:21:55.417+0000] {processor.py:183} INFO - Processing /opt/airflow/dags/steam_analytics.py took 0.286 seconds
[2026-09-08T13:22:25.548+0000] {processor.py:161} INFO - Started process (PID=1160) to work on /opt/airflow/dags/steam_analytics.py
[2026-09-08T13:22:25.549+0000] {processor.py:830} INFO - Processing file /opt/airflow/dags/steam_analytics.py for tasks to queue
[2026-09-08T13:22:25.550+0000] {logging_mixin.py:188} INFO - [2026-09-08T13:22:25.550+0000] {dagbag.py:545} INFO - Filling up the DagBag from /opt/airflow/dags/steam_analytics.py
[2026-09-08T13:22:25.775+0000] {processor.py:840} INFO - DAG(s) 'steam_analytics_daily' retrieved from /opt/airflow/dags/steam_analytics.py
[2026-09-08T13:22:25.797+0000] {logging_mixin.py:188} INFO - [2026-09-08T13:22:25.796+0000] {dag.py:3089} INFO - Sync 1 DAGs
[2026-09-08T13:22:25.814+0000] {logging_mixin.py:188} INFO - [2026-09-08T13:22:25.814+0000] {dag.py:3947} INFO - Setting next_dagrun for steam_analytics_daily to 2026-09-08 02:00:00+00:00, run_after=2026-09-09 02:00:00+00:00
[2026-09-08T13:22:25.828+0000] {processor.py:183} INFO - Processing /opt/airflow/dags/steam_analytics.py took 0.284 seconds
[2026-09-08T13:22:55.953+0000] {processor.py:161} INFO - Started process (PID=1165) to work on /opt/airflow/dags/steam_analytics.py
[2026-09-08T13:22:55.953+0000] {processor.py:830} INFO - Processing file /opt/airflow/dags/steam_analytics.py for tasks to queue
[2026-09-08T13:22:55.955+0000] {logging_mixin.py:188} INFO - [2026-09-08T13:22:55.954+0000] {dagbag.py:545} INFO - Filling up the DagBag from /opt/airflow/dags/steam_analytics.py
[2026-09-08T13:22:56.179+0000] {processor.py:840} INFO - DAG(s) 'steam_analytics_daily' retrieved from /opt/airflow/dags/steam_analytics.py
[2026-09-08T13:22:56.202+0000] {logging_mixin.py:188} INFO - [2026-09-08T13:22:56.202+0000] {dag.py:3089} INFO - Sync 1 DAGs
[2026-09-08T13:22:56.218+0000] {logging_mixin.py:188} INFO - [2026-09-08T13:22:56.218+0000] {dag.py:3947} INFO - Setting next_dagrun for steam_analytics_daily to 2026-09-08 02:00:00+00:00, run_after=2026-09-09 02:00:00+00:00
[2026-09-08T13:22:56.234+0000] {processor.py:183} INFO - Processing /opt/airflow/dags/steam_analytics.py took 0.286 seconds
[2026-09-08T13:23:26.356+0000] {processor.py:161} INFO - Started process (PID=1170) to work on /opt/airflow/dags/steam_analytics.py
[2026-09-08T13:23:26.357+0000] {processor.py:830} INFO - Processing file /opt/airflow/dags/steam_analytics.py for tasks to queue
[2026-09-08T13:23:26.358+0000] {logging_mixin.py:188} INFO - [2026-09-08T13:23:26.358+0000] {dagbag.py:545} INFO - Filling up the DagBag from /opt/airflow/dags/steam_analytics.py
[2026-09-08T13:23:26.582+0000] {processor.py:840} INFO - DAG(s) 'steam_analytics_daily' retrieved from /opt/airflow/dags/steam_analytics.py
[2026-09-08T13:23:26.604+0000] {logging_mixin.py:188} INFO - [2026-09-08T13:23:26.604+0000] {dag.py:3089} INFO - Sync 1 DAGs
[2026-09-08T13:23:26.622+0000] {logging_mixin.py:188} INFO - [2026-09-08T13:23:26.622+0000] {dag.py:3947} INFO - Setting next_dagrun for steam_analytics_daily to 2026-09-08 02:00:00+00:00, run_after=2026-09-09 02:00:00+00:00
[2026-09-08T13:23:26.636+0000] {processor.py:183} INFO - Processing /opt/airflow/dags/steam_analytics.py took 0.284 seconds
[2026-09-08T13:23:56.755+0000] {processor.py:161} INFO - Started process (PID=1175) to work on /opt/airflow/dags/steam_analytics.py
[2026-09-08T13:23:56.756+0000] {processor.py:830} INFO - Processing file /opt/airflow/dags/steam_analytics.py for tasks to queue
[2026-09-08T13:23:56.757+0000] {logging_mixin.py:188} INFO - [2026-09-08T13:23:56.757+0000] {dagbag.py:545} INFO - Filling up the DagBag from /opt/airflow/dags/steam_analytics.py
[2026-09-08T13:23:56.979+0000] {processor.py:840} INFO - DAG(s) 'steam_analytics_daily' retrieved from /opt/airflow/dags/steam_analytics.py
[2026-09-08T13:23:57.002+0000] {logging_mixin.py:188} INFO - [2026-09-08T13:23:57.002+0000] {dag.py:3089} INFO - Sync 1 DAGs
[2026-09-08T13:23:57.021+0000] {logging_mixin.py:188} INFO - [2026-09-08T13:23:57.020+0000] {dag.py:3947} INFO - Setting next_dagrun for steam_analytics_daily to 2026-09-08 02:00:00+00:00, run_after=2026-09-09 02:00:00+00:00
[2026-09-08T13:23:57.035+0000] {processor.py:183} INFO - Processing /opt/airflow/dags/steam_analytics.py took 0.284 seconds
[2026-09-08T13:24:27.165+0000] {processor.py:161} INFO - Started process (PID=1180) to work on /opt/airflow/dags/steam_analytics.py
[2026-09-08T13:24:27.166+0000] {processor.py:830} INFO - Processing file /opt/airflow/dags/steam_analytics.py for tasks to queue
[2026-09-08T13:24:27.168+0000] {logging_mixin.py:188} INFO - [2026-09-08T13:24:27.167+0000] {dagbag.py:545} INFO - Filling up the DagBag from /opt/airflow/dags/steam_analytics.py
[2026-09-08T13:24:27.443+0000] {processor.py:840} INFO - DAG(s) 'steam_analytics_daily' retrieved from /opt/airflow/dags/steam_analytics.py
[2026-09-08T13:24:27.468+0000] {logging_mixin.py:188} INFO - [2026-09-08T13:24:27.468+0000] {dag.py:3089} INFO - Sync 1 DAGs
[2026-09-08T13:24:27.486+0000] {logging_mixin.py:188} INFO - [2026-09-08T13:24:27.485+0000] {dag.py:3947} INFO - Setting next_dagrun for steam_analytics_daily to 2026-09-08 02:00:00+00:00, run_after=2026-09-09 02:00:00+00:00
[2026-09-08T13:24:27.502+0000] {processor.py:183} INFO - Processing /opt/airflow/dags/steam_analytics.py took 0.341 seconds
[2026-09-08T13:24:57.631+0000] {processor.py:161} INFO - Started process (PID=1185) to work on /opt/airflow/dags/steam_analytics.py
[2026-09-08T13:24:57.631+0000] {processor.py:830} INFO - Processing file /opt/airflow/dags/steam_analytics.py for tasks to queue
[2026-09-08T13:24:57.633+0000] {logging_mixin.py:188} INFO - [2026-09-08T13:24:57.632+0000] {dagbag.py:545} INFO - Filling up the DagBag from /opt/airflow/dags/steam_analytics.py
[2026-09-08T13:24:57.888+0000] {processor.py:840} INFO - DAG(s) 'steam_analytics_daily' retrieved from /opt/airflow/dags/steam_analytics.py
[2026-09-08T13:24:57.912+0000] {logging_mixin.py:188} INFO - [2026-09-08T13:24:57.912+0000] {dag.py:3089} INFO - Sync 1 DAGs
[2026-09-08T13:24:57.930+0000] {logging_mixin.py:188} INFO - [2026-09-08T13:24:57.929+0000] {dag.py:3947} INFO - Setting next_dagrun for steam_analytics_daily to 2026-09-08 02:00:00+00:00, run_after=2026-09-09 02:00:00+00:00
[2026-09-08T13:24:57.945+0000] {processor.py:183} INFO - Processing /opt/airflow/dags/steam_analytics.py took 0.318 seconds
[2026-09-08T13:25:28.071+0000] {processor.py:161} INFO - Started process (PID=1190) to work on /opt/airflow/dags/steam_analytics.py
[2026-09-08T13:25:28.072+0000] {processor.py:830} INFO - Processing file /opt/airflow/dags/steam_analytics.py for tasks to queue
[2026-09-08T13:25:28.073+0000] {logging_mixin.py:188} INFO - [2026-09-08T13:25:28.073+0000] {dagbag.py:545} INFO - Filling up the DagBag from /opt/airflow/dags/steam_analytics.py
[2026-09-08T13:25:28.308+0000] {processor.py:840} INFO - DAG(s) 'steam_analytics_daily' retrieved from /opt/airflow/dags/steam_analytics.py
[2026-09-08T13:25:28.329+0000] {logging_mixin.py:188} INFO - [2026-09-08T13:25:28.329+0000] {dag.py:3089} INFO - Sync 1 DAGs
[2026-09-08T13:25:28.347+0000] {logging_mixin.py:188} INFO - [2026-09-08T13:25:28.347+0000] {dag.py:3947} INFO - Setting next_dagrun for steam_analytics_daily to 2026-09-08 02:00:00+00:00, run_after=2026-09-09 02:00:00+00:00
[2026-09-08T13:25:28.361+0000] {processor.py:183} INFO - Processing /opt/airflow/dags/steam_analytics.py took 0.295 seconds
[2026-09-08T13:25:58.483+0000] {processor.py:161} INFO - Started process (PID=1195) to work on /opt/airflow/dags/steam_analytics.py
[2026-09-08T13:25:58.483+0000] {processor.py:830} INFO - Processing file /opt/airflow/dags/steam_analytics.py for tasks to queue
[2026-09-08T13:25:58.485+0000] {logging_mixin.py:188} INFO - [2026-09-08T13:25:58.484+0000] {dagbag.py:545} INFO - Filling up the DagBag from /opt/airflow/dags/steam_analytics.py
[2026-09-08T13:25:58.707+0000] {processor.py:840} INFO - DAG(s) 'steam_analytics_daily' retrieved from /opt/airflow/dags/steam_analytics.py
[2026-09-08T13:25:58.729+0000] {logging_mixin.py:188} INFO - [2026-09-08T13:25:58.729+0000] {dag.py:3089} INFO - Sync 1 DAGs
[2026-09-08T13:25:58.746+0000] {logging_mixin.py:188} INFO - [2026-09-08T13:25:58.746+0000] {dag.py:3947} INFO - Setting next_dagrun for steam_analytics_daily to 2026-09-08 02:00:00+00:00, run_after=2026-09-09 02:00:00+00:00
[2026-09-08T13:25:58.760+0000] {processor.py:183} INFO - Processing /opt/airflow/dags/steam_analytics.py took 0.282 seconds
[2026-09-08T13:26:28.889+0000] {processor.py:161} INFO - Started process (PID=1200) to work on /opt/airflow/dags/steam_analytics.py
[2026-09-08T13:26:28.890+0000] {processor.py:830} INFO - Processing file /opt/airflow/dags/steam_analytics.py for tasks to queue
[2026-09-08T13:26:28.891+0000] {logging_mixin.py:188} INFO - [2026-09-08T13:26:28.891+0000] {dagbag.py:545} INFO - Filling up the DagBag from /opt/airflow/dags/steam_analytics.py
[2026-09-08T13:26:29.017+0000] {processor.py:840} INFO - DAG(s) 'steam_analytics_daily' retrieved from /opt/airflow/dags/steam_analytics.py
[2026-09-08T13:26:29.136+0000] {logging_mixin.py:188} INFO - [2026-09-08T13:26:29.136+0000] {dag.py:3089} INFO - Sync 1 DAGs
[2026-09-08T13:26:29.153+0000] {logging_mixin.py:188} INFO - [2026-09-08T13:26:29.153+0000] {dag.py:3947} INFO - Setting next_dagrun for steam_analytics_daily to 2026-09-08 02:00:00+00:00, run_after=2026-09-09 02:00:00+00:00
[2026-09-08T13:26:29.167+0000] {processor.py:183} INFO - Processing /opt/airflow/dags/steam_analytics.py took 0.282 seconds
[2026-09-08T13:26:59.290+0000] {processor.py:161} INFO - Started process (PID=1205) to work on /opt/airflow/dags/steam_analytics.py
[2026-09-08T13:26:59.291+0000] {processor.py:830} INFO - Processing file /opt/airflow/dags/steam_analytics.py for tasks to queue
[2026-09-08T13:26:59.292+0000] {logging_mixin.py:188} INFO - [2026-09-08T13:26:59.292+0000] {dagbag.py:545} INFO - Filling up the DagBag from /opt/airflow/dags/steam_analytics.py
[2026-09-08T13:26:59.583+0000] {processor.py:840} INFO - DAG(s) 'steam_analytics_daily' retrieved from /opt/airflow/dags/steam_analytics.py
[2026-09-08T13:26:59.608+0000] {logging_mixin.py:188} INFO - [2026-09-08T13:26:59.608+0000] {dag.py:3089} INFO - Sync 1 DAGs
[2026-09-08T13:26:59.626+0000] {logging_mixin.py:188} INFO - [2026-09-08T13:26:59.625+0000] {dag.py:3947} INFO - Setting next_dagrun for steam_analytics_daily to 2026-09-08 02:00:00+00:00, run_after=2026-09-09 02:00:00+00:00
[2026-09-08T13:26:59.641+0000] {processor.py:183} INFO - Processing /opt/airflow/dags/steam_analytics.py took 0.356 seconds
[2026-09-08T13:27:29.771+0000] {processor.py:161} INFO - Started process (PID=1210) to work on /opt/airflow/dags/steam_analytics.py
[2026-09-08T13:27:29.772+0000] {processor.py:830} INFO - Processing file /opt/airflow/dags/steam_analytics.py for tasks to queue
[2026-09-08T13:27:29.774+0000] {logging_mixin.py:188} INFO - [2026-09-08T13:27:29.773+0000] {dagbag.py:545} INFO - Filling up the DagBag from /opt/airflow/dags/steam_analytics.py
[2026-09-08T13:27:30.021+0000] {processor.py:840} INFO - DAG(s) 'steam_analytics_daily' retrieved from /opt/airflow/dags/steam_analytics.py
[2026-09-08T13:27:30.043+0000] {logging_mixin.py:188} INFO - [2026-09-08T13:27:30.043+0000] {dag.py:3089} INFO - Sync 1 DAGs
[2026-09-08T13:27:30.061+0000] {logging_mixin.py:188} INFO - [2026-09-08T13:27:30.061+0000] {dag.py:3947} INFO - Setting next_dagrun for steam_analytics_daily to 2026-09-08 02:00:00+00:00, run_after=2026-09-09 02:00:00+00:00
[2026-09-08T13:27:30.075+0000] {processor.py:183} INFO - Processing /opt/airflow/dags/steam_analytics.py took 0.308 seconds
[2026-09-08T13:28:00.197+0000] {processor.py:161} INFO - Started process (PID=1215) to work on /opt/airflow/dags/steam_analytics.py
[2026-09-08T13:28:00.198+0000] {processor.py:830} INFO - Processing file /opt/airflow/dags/steam_analytics.py for tasks to queue
[2026-09-08T13:28:00.199+0000] {logging_mixin.py:188} INFO - [2026-09-08T13:28:00.199+0000] {dagbag.py:545} INFO - Filling up the DagBag from /opt/airflow/dags/steam_analytics.py
[2026-09-08T13:28:00.429+0000] {processor.py:840} INFO - DAG(s) 'steam_analytics_daily' retrieved from /opt/airflow/dags/steam_analytics.py
[2026-09-08T13:28:00.452+0000] {logging_mixin.py:188} INFO - [2026-09-08T13:28:00.451+0000] {dag.py:3089} INFO - Sync 1 DAGs
[2026-09-08T13:28:00.469+0000] {logging_mixin.py:188} INFO - [2026-09-08T13:28:00.469+0000] {dag.py:3947} INFO - Setting next_dagrun for steam_analytics_daily to 2026-09-08 02:00:00+00:00, run_after=2026-09-09 02:00:00+00:00
[2026-09-08T13:28:00.483+0000] {processor.py:183} INFO - Processing /opt/airflow/dags/steam_analytics.py took 0.291 seconds
[2026-09-08T13:28:30.610+0000] {processor.py:161} INFO - Started process (PID=1220) to work on /opt/airflow/dags/steam_analytics.py
[2026-09-08T13:28:30.611+0000] {processor.py:830} INFO - Processing file /opt/airflow/dags/steam_analytics.py for tasks to queue
[2026-09-08T13:28:30.612+0000] {logging_mixin.py:188} INFO - [2026-09-08T13:28:30.612+0000] {dagbag.py:545} INFO - Filling up the DagBag from /opt/airflow/dags/steam_analytics.py
[2026-09-08T13:28:30.871+0000] {processor.py:840} INFO - DAG(s) 'steam_analytics_daily' retrieved from /opt/airflow/dags/steam_analytics.py
[2026-09-08T13:28:30.895+0000] {logging_mixin.py:188} INFO - [2026-09-08T13:28:30.894+0000] {dag.py:3089} INFO - Sync 1 DAGs
[2026-09-08T13:28:30.911+0000] {logging_mixin.py:188} INFO - [2026-09-08T13:28:30.911+0000] {dag.py:3947} INFO - Setting next_dagrun for steam_analytics_daily to 2026-09-08 02:00:00+00:00, run_after=2026-09-09 02:00:00+00:00
[2026-09-08T13:28:30.925+0000] {processor.py:183} INFO - Processing /opt/airflow/dags/steam_analytics.py took 0.320 seconds
[2026-09-08T13:29:01.054+0000] {processor.py:161} INFO - Started process (PID=1225) to work on /opt/airflow/dags/steam_analytics.py
[2026-09-08T13:29:01.054+0000] {processor.py:830} INFO - Processing file /opt/airflow/dags/steam_analytics.py for tasks to queue
[2026-09-08T13:29:01.056+0000] {logging_mixin.py:188} INFO - [2026-09-08T13:29:01.055+0000] {dagbag.py:545} INFO - Filling up the DagBag from /opt/airflow/dags/steam_analytics.py
[2026-09-08T13:29:01.283+0000] {processor.py:840} INFO - DAG(s) 'steam_analytics_daily' retrieved from /opt/airflow/dags/steam_analytics.py
[2026-09-08T13:29:01.306+0000] {logging_mixin.py:188} INFO - [2026-09-08T13:29:01.306+0000] {dag.py:3089} INFO - Sync 1 DAGs
[2026-09-08T13:29:01.323+0000] {logging_mixin.py:188} INFO - [2026-09-08T13:29:01.322+0000] {dag.py:3947} INFO - Setting next_dagrun for steam_analytics_daily to 2026-09-08 02:00:00+00:00, run_after=2026-09-09 02:00:00+00:00
[2026-09-08T13:29:01.336+0000] {processor.py:183} INFO - Processing /opt/airflow/dags/steam_analytics.py took 0.288 seconds
[2026-09-08T13:29:31.459+0000] {processor.py:161} INFO - Started process (PID=1230) to work on /opt/airflow/dags/steam_analytics.py
[2026-09-08T13:29:31.460+0000] {processor.py:830} INFO - Processing file /opt/airflow/dags/steam_analytics.py for tasks to queue
[2026-09-08T13:29:31.461+0000] {logging_mixin.py:188} INFO - [2026-09-08T13:29:31.461+0000] {dagbag.py:545} INFO - Filling up the DagBag from /opt/airflow/dags/steam_analytics.py
[2026-09-08T13:29:31.686+0000] {processor.py:840} INFO - DAG(s) 'steam_analytics_daily' retrieved from /opt/airflow/dags/steam_analytics.py
[2026-09-08T13:29:31.709+0000] {logging_mixin.py:188} INFO - [2026-09-08T13:29:31.709+0000] {dag.py:3089} INFO - Sync 1 DAGs
[2026-09-08T13:29:31.726+0000] {logging_mixin.py:188} INFO - [2026-09-08T13:29:31.726+0000] {dag.py:3947} INFO - Setting next_dagrun for steam_analytics_daily to 2026-09-08 02:00:00+00:00, run_after=2026-09-09 02:00:00+00:00
[2026-09-08T13:29:31.741+0000] {processor.py:183} INFO - Processing /opt/airflow/dags/steam_analytics.py took 0.286 seconds
[2026-09-08T13:30:01.862+0000] {processor.py:161} INFO - Started process (PID=1235) to work on /opt/airflow/dags/steam_analytics.py
[2026-09-08T13:30:01.862+0000] {processor.py:830} INFO - Processing file /opt/airflow/dags/steam_analytics.py for tasks to queue
[2026-09-08T13:30:01.864+0000] {logging_mixin.py:188} INFO - [2026-09-08T13:30:01.864+0000] {dagbag.py:545} INFO - Filling up the DagBag from /opt/airflow/dags/steam_analytics.py
[2026-09-08T13:30:02.090+0000] {processor.py:840} INFO - DAG(s) 'steam_analytics_daily' retrieved from /opt/airflow/dags/steam_analytics.py
[2026-09-08T13:30:02.112+0000] {logging_mixin.py:188} INFO - [2026-09-08T13:30:02.112+0000] {dag.py:3089} INFO - Sync 1 DAGs
[2026-09-08T13:30:02.130+0000] {logging_mixin.py:188} INFO - [2026-09-08T13:30:02.129+0000] {dag.py:3947} INFO - Setting next_dagrun for steam_analytics_daily to 2026-09-08 02:00:00+00:00, run_after=2026-09-09 02:00:00+00:00
[2026-09-08T13:30:02.144+0000] {processor.py:183} INFO - Processing /opt/airflow/dags/steam_analytics.py took 0.287 seconds
[2026-09-08T13:30:32.272+0000] {processor.py:161} INFO - Started process (PID=1240) to work on /opt/airflow/dags/steam_analytics.py
[2026-09-08T13:30:32.273+0000] {processor.py:830} INFO - Processing file /opt/airflow/dags/steam_analytics.py for tasks to queue
[2026-09-08T13:30:32.274+0000] {logging_mixin.py:188} INFO - [2026-09-08T13:30:32.274+0000] {dagbag.py:545} INFO - Filling up the DagBag from /opt/airflow/dags/steam_analytics.py
[2026-09-08T13:30:32.503+0000] {processor.py:840} INFO - DAG(s) 'steam_analytics_daily' retrieved from /opt/airflow/dags/steam_analytics.py
[2026-09-08T13:30:32.528+0000] {logging_mixin.py:188} INFO - [2026-09-08T13:30:32.527+0000] {dag.py:3089} INFO - Sync 1 DAGs
[2026-09-08T13:30:32.544+0000] {logging_mixin.py:188} INFO - [2026-09-08T13:30:32.544+0000] {dag.py:3947} INFO - Setting next_dagrun for steam_analytics_daily to 2026-09-08 02:00:00+00:00, run_after=2026-09-09 02:00:00+00:00
[2026-09-08T13:30:32.559+0000] {processor.py:183} INFO - Processing /opt/airflow/dags/steam_analytics.py took 0.291 seconds
[2026-09-08T13:31:02.686+0000] {processor.py:161} INFO - Started process (PID=1245) to work on /opt/airflow/dags/steam_analytics.py
[2026-09-08T13:31:02.686+0000] {processor.py:830} INFO - Processing file /opt/airflow/dags/steam_analytics.py for tasks to queue
[2026-09-08T13:31:02.688+0000] {logging_mixin.py:188} INFO - [2026-09-08T13:31:02.687+0000] {dagbag.py:545} INFO - Filling up the DagBag from /opt/airflow/dags/steam_analytics.py
[2026-09-08T13:31:02.911+0000] {processor.py:840} INFO - DAG(s) 'steam_analytics_daily' retrieved from /opt/airflow/dags/steam_analytics.py
[2026-09-08T13:31:02.933+0000] {logging_mixin.py:188} INFO - [2026-09-08T13:31:02.933+0000] {dag.py:3089} INFO - Sync 1 DAGs
[2026-09-08T13:31:02.949+0000] {logging_mixin.py:188} INFO - [2026-09-08T13:31:02.949+0000] {dag.py:3947} INFO - Setting next_dagrun for steam_analytics_daily to 2026-09-08 02:00:00+00:00, run_after=2026-09-09 02:00:00+00:00
[2026-09-08T13:31:02.963+0000] {processor.py:183} INFO - Processing /opt/airflow/dags/steam_analytics.py took 0.282 seconds
[2026-09-08T13:31:33.088+0000] {processor.py:161} INFO - Started process (PID=1250) to work on /opt/airflow/dags/steam_analytics.py
[2026-09-08T13:31:33.089+0000] {processor.py:830} INFO - Processing file /opt/airflow/dags/steam_analytics.py for tasks to queue
[2026-09-08T13:31:33.090+0000] {logging_mixin.py:188} INFO - [2026-09-08T13:31:33.090+0000] {dagbag.py:545} INFO - Filling up the DagBag from /opt/airflow/dags/steam_analytics.py
[2026-09-08T13:31:33.320+0000] {processor.py:840} INFO - DAG(s) 'steam_analytics_daily' retrieved from /opt/airflow/dags/steam_analytics.py
[2026-09-08T13:31:33.342+0000] {logging_mixin.py:188} INFO - [2026-09-08T13:31:33.341+0000] {dag.py:3089} INFO - Sync 1 DAGs
[2026-09-08T13:31:33.358+0000] {logging_mixin.py:188} INFO - [2026-09-08T13:31:33.358+0000] {dag.py:3947} INFO - Setting next_dagrun for steam_analytics_daily to 2026-09-08 02:00:00+00:00, run_after=2026-09-09 02:00:00+00:00
[2026-09-08T13:31:33.375+0000] {processor.py:183} INFO - Processing /opt/airflow/dags/steam_analytics.py took 0.291 seconds
[2026-09-08T13:32:03.503+0000] {processor.py:161} INFO - Started process (PID=1255) to work on /opt/airflow/dags/steam_analytics.py
[2026-09-08T13:32:03.504+0000] {processor.py:830} INFO - Processing file /opt/airflow/dags/steam_analytics.py for tasks to queue
[2026-09-08T13:32:03.505+0000] {logging_mixin.py:188} INFO - [2026-09-08T13:32:03.505+0000] {dagbag.py:545} INFO - Filling up the DagBag from /opt/airflow/dags/steam_analytics.py
[2026-09-08T13:32:03.732+0000] {processor.py:840} INFO - DAG(s) 'steam_analytics_daily' retrieved from /opt/airflow/dags/steam_analytics.py
[2026-09-08T13:32:03.754+0000] {logging_mixin.py:188} INFO - [2026-09-08T13:32:03.754+0000] {dag.py:3089} INFO - Sync 1 DAGs
[2026-09-08T13:32:03.771+0000] {logging_mixin.py:188} INFO - [2026-09-08T13:32:03.771+0000] {dag.py:3947} INFO - Setting next_dagrun for steam_analytics_daily to 2026-09-08 02:00:00+00:00, run_after=2026-09-09 02:00:00+00:00
[2026-09-08T13:32:03.785+0000] {processor.py:183} INFO - Processing /opt/airflow/dags/steam_analytics.py took 0.286 seconds
[2026-09-08T13:32:33.907+0000] {processor.py:161} INFO - Started process (PID=1260) to work on /opt/airflow/dags/steam_analytics.py
[2026-09-08T13:32:33.908+0000] {processor.py:830} INFO - Processing file /opt/airflow/dags/steam_analytics.py for tasks to queue
[2026-09-08T13:32:33.909+0000] {logging_mixin.py:188} INFO - [2026-09-08T13:32:33.909+0000] {dagbag.py:545} INFO - Filling up the DagBag from /opt/airflow/dags/steam_analytics.py
[2026-09-08T13:32:34.144+0000] {processor.py:840} INFO - DAG(s) 'steam_analytics_daily' retrieved from /opt/airflow/dags/steam_analytics.py
[2026-09-08T13:32:34.166+0000] {logging_mixin.py:188} INFO - [2026-09-08T13:32:34.166+0000] {dag.py:3089} INFO - Sync 1 DAGs
[2026-09-08T13:32:34.183+0000] {logging_mixin.py:188} INFO - [2026-09-08T13:32:34.183+0000] {dag.py:3947} INFO - Setting next_dagrun for steam_analytics_daily to 2026-09-08 02:00:00+00:00, run_after=2026-09-09 02:00:00+00:00
[2026-09-08T13:32:34.197+0000] {processor.py:183} INFO - Processing /opt/airflow/dags/steam_analytics.py took 0.294 seconds
[2026-09-08T13:33:04.324+0000] {processor.py:161} INFO - Started process (PID=1265) to work on /opt/airflow/dags/steam_analytics.py
[2026-09-08T13:33:04.324+0000] {processor.py:830} INFO - Processing file /opt/airflow/dags/steam_analytics.py for tasks to queue
[2026-09-08T13:33:04.326+0000] {logging_mixin.py:188} INFO - [2026-09-08T13:33:04.326+0000] {dagbag.py:545} INFO - Filling up the DagBag from /opt/airflow/dags/steam_analytics.py
[2026-09-08T13:33:04.554+0000] {processor.py:840} INFO - DAG(s) 'steam_analytics_daily' retrieved from /opt/airflow/dags/steam_analytics.py
[2026-09-08T13:33:04.576+0000] {logging_mixin.py:188} INFO - [2026-09-08T13:33:04.575+0000] {dag.py:3089} INFO - Sync 1 DAGs
[2026-09-08T13:33:04.593+0000] {logging_mixin.py:188} INFO - [2026-09-08T13:33:04.592+0000] {dag.py:3947} INFO - Setting next_dagrun for steam_analytics_daily to 2026-09-08 02:00:00+00:00, run_after=2026-09-09 02:00:00+00:00
[2026-09-08T13:33:04.607+0000] {processor.py:183} INFO - Processing /opt/airflow/dags/steam_analytics.py took 0.288 seconds
[2026-09-08T13:33:34.735+0000] {processor.py:161} INFO - Started process (PID=1270) to work on /opt/airflow/dags/steam_analytics.py
[2026-09-08T13:33:34.736+0000] {processor.py:830} INFO - Processing file /opt/airflow/dags/steam_analytics.py for tasks to queue
[2026-09-08T13:33:34.738+0000] {logging_mixin.py:188} INFO - [2026-09-08T13:33:34.737+0000] {dagbag.py:545} INFO - Filling up the DagBag from /opt/airflow/dags/steam_analytics.py
[2026-09-08T13:33:35.005+0000] {processor.py:840} INFO - DAG(s) 'steam_analytics_daily' retrieved from /opt/airflow/dags/steam_analytics.py
[2026-09-08T13:33:35.029+0000] {logging_mixin.py:188} INFO - [2026-09-08T13:33:35.029+0000] {dag.py:3089} INFO - Sync 1 DAGs
[2026-09-08T13:33:35.046+0000] {logging_mixin.py:188} INFO - [2026-09-08T13:33:35.046+0000] {dag.py:3947} INFO - Setting next_dagrun for steam_analytics_daily to 2026-09-08 02:00:00+00:00, run_after=2026-09-09 02:00:00+00:00
[2026-09-08T13:33:35.062+0000] {processor.py:183} INFO - Processing /opt/airflow/dags/steam_analytics.py took 0.332 seconds
[2026-09-08T13:34:05.190+0000] {processor.py:161} INFO - Started process (PID=1275) to work on /opt/airflow/dags/steam_analytics.py
[2026-09-08T13:34:05.190+0000] {processor.py:830} INFO - Processing file /opt/airflow/dags/steam_analytics.py for tasks to queue
[2026-09-08T13:34:05.192+0000] {logging_mixin.py:188} INFO - [2026-09-08T13:34:05.192+0000] {dagbag.py:545} INFO - Filling up the DagBag from /opt/airflow/dags/steam_analytics.py
[2026-09-08T13:34:05.417+0000] {processor.py:840} INFO - DAG(s) 'steam_analytics_daily' retrieved from /opt/airflow/dags/steam_analytics.py
[2026-09-08T13:34:05.439+0000] {logging_mixin.py:188} INFO - [2026-09-08T13:34:05.439+0000] {dag.py:3089} INFO - Sync 1 DAGs
[2026-09-08T13:34:05.456+0000] {logging_mixin.py:188} INFO - [2026-09-08T13:34:05.456+0000] {dag.py:3947} INFO - Setting next_dagrun for steam_analytics_daily to 2026-09-08 02:00:00+00:00, run_after=2026-09-09 02:00:00+00:00
[2026-09-08T13:34:05.470+0000] {processor.py:183} INFO - Processing /opt/airflow/dags/steam_analytics.py took 0.285 seconds
[2026-09-08T13:34:35.594+0000] {processor.py:161} INFO - Started process (PID=1280) to work on /opt/airflow/dags/steam_analytics.py
[2026-09-08T13:34:35.595+0000] {processor.py:830} INFO - Processing file /opt/airflow/dags/steam_analytics.py for tasks to queue
[2026-09-08T13:34:35.596+0000] {logging_mixin.py:188} INFO - [2026-09-08T13:34:35.596+0000] {dagbag.py:545} INFO - Filling up the DagBag from /opt/airflow/dags/steam_analytics.py
[2026-09-08T13:34:35.823+0000] {processor.py:840} INFO - DAG(s) 'steam_analytics_daily' retrieved from /opt/airflow/dags/steam_analytics.py
[2026-09-08T13:34:35.844+0000] {logging_mixin.py:188} INFO - [2026-09-08T13:34:35.844+0000] {dag.py:3089} INFO - Sync 1 DAGs
[2026-09-08T13:34:35.862+0000] {logging_mixin.py:188} INFO - [2026-09-08T13:34:35.862+0000] {dag.py:3947} INFO - Setting next_dagrun for steam_analytics_daily to 2026-09-08 02:00:00+00:00, run_after=2026-09-09 02:00:00+00:00
[2026-09-08T13:34:35.875+0000] {processor.py:183} INFO - Processing /opt/airflow/dags/steam_analytics.py took 0.286 seconds
[2026-09-08T13:35:06.010+0000] {processor.py:161} INFO - Started process (PID=1285) to work on /opt/airflow/dags/steam_analytics.py
[2026-09-08T13:35:06.011+0000] {processor.py:830} INFO - Processing file /opt/airflow/dags/steam_analytics.py for tasks to queue
[2026-09-08T13:35:06.012+0000] {logging_mixin.py:188} INFO - [2026-09-08T13:35:06.012+0000] {dagbag.py:545} INFO - Filling up the DagBag from /opt/airflow/dags/steam_analytics.py
[2026-09-08T13:35:06.238+0000] {processor.py:840} INFO - DAG(s) 'steam_analytics_daily' retrieved from /opt/airflow/dags/steam_analytics.py
[2026-09-08T13:35:06.261+0000] {logging_mixin.py:188} INFO - [2026-09-08T13:35:06.261+0000] {dag.py:3089} INFO - Sync 1 DAGs
[2026-09-08T13:35:06.278+0000] {logging_mixin.py:188} INFO - [2026-09-08T13:35:06.278+0000] {dag.py:3947} INFO - Setting next_dagrun for steam_analytics_daily to 2026-09-08 02:00:00+00:00, run_after=2026-09-09 02:00:00+00:00
[2026-09-08T13:35:06.292+0000] {processor.py:183} INFO - Processing /opt/airflow/dags/steam_analytics.py took 0.287 seconds
[2026-09-08T13:35:36.416+0000] {processor.py:161} INFO - Started process (PID=1290) to work on /opt/airflow/dags/steam_analytics.py
[2026-09-08T13:35:36.416+0000] {processor.py:830} INFO - Processing file /opt/airflow/dags/steam_analytics.py for tasks to queue
[2026-09-08T13:35:36.418+0000] {logging_mixin.py:188} INFO - [2026-09-08T13:35:36.417+0000] {dagbag.py:545} INFO - Filling up the DagBag from /opt/airflow/dags/steam_analytics.py
[2026-09-08T13:35:36.641+0000] {processor.py:840} INFO - DAG(s) 'steam_analytics_daily' retrieved from /opt/airflow/dags/steam_analytics.py
[2026-09-08T13:35:36.663+0000] {logging_mixin.py:188} INFO - [2026-09-08T13:35:36.663+0000] {dag.py:3089} INFO - Sync 1 DAGs
[2026-09-08T13:35:36.679+0000] {logging_mixin.py:188} INFO - [2026-09-08T13:35:36.679+0000] {dag.py:3947} INFO - Setting next_dagrun for steam_analytics_daily to 2026-09-08 02:00:00+00:00, run_after=2026-09-09 02:00:00+00:00
[2026-09-08T13:35:36.693+0000] {processor.py:183} INFO - Processing /opt/airflow/dags/steam_analytics.py took 0.281 seconds
[2026-09-08T13:36:06.819+0000] {processor.py:161} INFO - Started process (PID=1295) to work on /opt/airflow/dags/steam_analytics.py
[2026-09-08T13:36:06.819+0000] {processor.py:830} INFO - Processing file /opt/airflow/dags/steam_analytics.py for tasks to queue
[2026-09-08T13:36:06.821+0000] {logging_mixin.py:188} INFO - [2026-09-08T13:36:06.821+0000] {dagbag.py:545} INFO - Filling up the DagBag from /opt/airflow/dags/steam_analytics.py
[2026-09-08T13:36:07.044+0000] {processor.py:840} INFO - DAG(s) 'steam_analytics_daily' retrieved from /opt/airflow/dags/steam_analytics.py
[2026-09-08T13:36:07.065+0000] {logging_mixin.py:188} INFO - [2026-09-08T13:36:07.065+0000] {dag.py:3089} INFO - Sync 1 DAGs
[2026-09-08T13:36:07.082+0000] {logging_mixin.py:188} INFO - [2026-09-08T13:36:07.082+0000] {dag.py:3947} INFO - Setting next_dagrun for steam_analytics_daily to 2026-09-08 02:00:00+00:00, run_after=2026-09-09 02:00:00+00:00
[2026-09-08T13:36:07.096+0000] {processor.py:183} INFO - Processing /opt/airflow/dags/steam_analytics.py took 0.282 seconds
[2026-09-08T13:36:37.218+0000] {processor.py:161} INFO - Started process (PID=1300) to work on /opt/airflow/dags/steam_analytics.py
[2026-09-08T13:36:37.218+0000] {processor.py:830} INFO - Processing file /opt/airflow/dags/steam_analytics.py for tasks to queue
[2026-09-08T13:36:37.220+0000] {logging_mixin.py:188} INFO - [2026-09-08T13:36:37.219+0000] {dagbag.py:545} INFO - Filling up the DagBag from /opt/airflow/dags/steam_analytics.py
[2026-09-08T13:36:37.443+0000] {processor.py:840} INFO - DAG(s) 'steam_analytics_daily' retrieved from /opt/airflow/dags/steam_analytics.py
[2026-09-08T13:36:37.464+0000] {logging_mixin.py:188} INFO - [2026-09-08T13:36:37.464+0000] {dag.py:3089} INFO - Sync 1 DAGs
[2026-09-08T13:36:37.482+0000] {logging_mixin.py:188} INFO - [2026-09-08T13:36:37.482+0000] {dag.py:3947} INFO - Setting next_dagrun for steam_analytics_daily to 2026-09-08 02:00:00+00:00, run_after=2026-09-09 02:00:00+00:00
[2026-09-08T13:36:37.495+0000] {processor.py:183} INFO - Processing /opt/airflow/dags/steam_analytics.py took 0.282 seconds
[2026-09-08T13:37:07.619+0000] {processor.py:161} INFO - Started process (PID=1305) to work on /opt/airflow/dags/steam_analytics.py
[2026-09-08T13:37:07.620+0000] {processor.py:830} INFO - Processing file /opt/airflow/dags/steam_analytics.py for tasks to queue
[2026-09-08T13:37:07.621+0000] {logging_mixin.py:188} INFO - [2026-09-08T13:37:07.621+0000] {dagbag.py:545} INFO - Filling up the DagBag from /opt/airflow/dags/steam_analytics.py
[2026-09-08T13:37:07.883+0000] {processor.py:840} INFO - DAG(s) 'steam_analytics_daily' retrieved from /opt/airflow/dags/steam_analytics.py
[2026-09-08T13:37:07.907+0000] {logging_mixin.py:188} INFO - [2026-09-08T13:37:07.907+0000] {dag.py:3089} INFO - Sync 1 DAGs
[2026-09-08T13:37:07.924+0000] {logging_mixin.py:188} INFO - [2026-09-08T13:37:07.924+0000] {dag.py:3947} INFO - Setting next_dagrun for steam_analytics_daily to 2026-09-08 02:00:00+00:00, run_after=2026-09-09 02:00:00+00:00
[2026-09-08T13:37:07.938+0000] {processor.py:183} INFO - Processing /opt/airflow/dags/steam_analytics.py took 0.324 seconds
[2026-09-08T13:37:38.069+0000] {processor.py:161} INFO - Started process (PID=1310) to work on /opt/airflow/dags/steam_analytics.py
[2026-09-08T13:37:38.070+0000] {processor.py:830} INFO - Processing file /opt/airflow/dags/steam_analytics.py for tasks to queue
[2026-09-08T13:37:38.071+0000] {logging_mixin.py:188} INFO - [2026-09-08T13:37:38.071+0000] {dagbag.py:545} INFO - Filling up the DagBag from /opt/airflow/dags/steam_analytics.py
[2026-09-08T13:37:38.335+0000] {processor.py:840} INFO - DAG(s) 'steam_analytics_daily' retrieved from /opt/airflow/dags/steam_analytics.py
[2026-09-08T13:37:38.360+0000] {logging_mixin.py:188} INFO - [2026-09-08T13:37:38.360+0000] {dag.py:3089} INFO - Sync 1 DAGs
[2026-09-08T13:37:38.377+0000] {logging_mixin.py:188} INFO - [2026-09-08T13:37:38.377+0000] {dag.py:3947} INFO - Setting next_dagrun for steam_analytics_daily to 2026-09-08 02:00:00+00:00, run_after=2026-09-09 02:00:00+00:00
[2026-09-08T13:37:38.393+0000] {processor.py:183} INFO - Processing /opt/airflow/dags/steam_analytics.py took 0.328 seconds
[2026-09-08T13:38:08.516+0000] {processor.py:161} INFO - Started process (PID=1315) to work on /opt/airflow/dags/steam_analytics.py
[2026-09-08T13:38:08.517+0000] {processor.py:830} INFO - Processing file /opt/airflow/dags/steam_analytics.py for tasks to queue
[2026-09-08T13:38:08.518+0000] {logging_mixin.py:188} INFO - [2026-09-08T13:38:08.518+0000] {dagbag.py:545} INFO - Filling up the DagBag from /opt/airflow/dags/steam_analytics.py
[2026-09-08T13:38:08.742+0000] {processor.py:840} INFO - DAG(s) 'steam_analytics_daily' retrieved from /opt/airflow/dags/steam_analytics.py
[2026-09-08T13:38:08.763+0000] {logging_mixin.py:188} INFO - [2026-09-08T13:38:08.763+0000] {dag.py:3089} INFO - Sync 1 DAGs
[2026-09-08T13:38:08.781+0000] {logging_mixin.py:188} INFO - [2026-09-08T13:38:08.781+0000] {dag.py:3947} INFO - Setting next_dagrun for steam_analytics_daily to 2026-09-08 02:00:00+00:00, run_after=2026-09-09 02:00:00+00:00
[2026-09-08T13:38:08.795+0000] {processor.py:183} INFO - Processing /opt/airflow/dags/steam_analytics.py took 0.283 seconds
[2026-09-08T13:38:38.916+0000] {processor.py:161} INFO - Started process (PID=1320) to work on /opt/airflow/dags/steam_analytics.py
[2026-09-08T13:38:38.916+0000] {processor.py:830} INFO - Processing file /opt/airflow/dags/steam_analytics.py for tasks to queue
[2026-09-08T13:38:38.918+0000] {logging_mixin.py:188} INFO - [2026-09-08T13:38:38.917+0000] {dagbag.py:545} INFO - Filling up the DagBag from /opt/airflow/dags/steam_analytics.py
[2026-09-08T13:38:39.137+0000] {processor.py:840} INFO - DAG(s) 'steam_analytics_daily' retrieved from /opt/airflow/dags/steam_analytics.py
[2026-09-08T13:38:39.160+0000] {logging_mixin.py:188} INFO - [2026-09-08T13:38:39.160+0000] {dag.py:3089} INFO - Sync 1 DAGs
[2026-09-08T13:38:39.177+0000] {logging_mixin.py:188} INFO - [2026-09-08T13:38:39.176+0000] {dag.py:3947} INFO - Setting next_dagrun for steam_analytics_daily to 2026-09-08 02:00:00+00:00, run_after=2026-09-09 02:00:00+00:00
[2026-09-08T13:38:39.190+0000] {processor.py:183} INFO - Processing /opt/airflow/dags/steam_analytics.py took 0.279 seconds
[2026-09-08T13:39:09.312+0000] {processor.py:161} INFO - Started process (PID=1325) to work on /opt/airflow/dags/steam_analytics.py
[2026-09-08T13:39:09.313+0000] {processor.py:830} INFO - Processing file /opt/airflow/dags/steam_analytics.py for tasks to queue
[2026-09-08T13:39:09.314+0000] {logging_mixin.py:188} INFO - [2026-09-08T13:39:09.314+0000] {dagbag.py:545} INFO - Filling up the DagBag from /opt/airflow/dags/steam_analytics.py
[2026-09-08T13:39:09.543+0000] {processor.py:840} INFO - DAG(s) 'steam_analytics_daily' retrieved from /opt/airflow/dags/steam_analytics.py
[2026-09-08T13:39:09.567+0000] {logging_mixin.py:188} INFO - [2026-09-08T13:39:09.567+0000] {dag.py:3089} INFO - Sync 1 DAGs
[2026-09-08T13:39:09.586+0000] {logging_mixin.py:188} INFO - [2026-09-08T13:39:09.585+0000] {dag.py:3947} INFO - Setting next_dagrun for steam_analytics_daily to 2026-09-08 02:00:00+00:00, run_after=2026-09-09 02:00:00+00:00
[2026-09-08T13:39:09.600+0000] {processor.py:183} INFO - Processing /opt/airflow/dags/steam_analytics.py took 0.294 seconds
[2026-09-08T13:39:39.726+0000] {processor.py:161} INFO - Started process (PID=1330) to work on /opt/airflow/dags/steam_analytics.py
[2026-09-08T13:39:39.726+0000] {processor.py:830} INFO - Processing file /opt/airflow/dags/steam_analytics.py for tasks to queue
[2026-09-08T13:39:39.728+0000] {logging_mixin.py:188} INFO - [2026-09-08T13:39:39.728+0000] {dagbag.py:545} INFO - Filling up the DagBag from /opt/airflow/dags/steam_analytics.py
[2026-09-08T13:39:39.949+0000] {processor.py:840} INFO - DAG(s) 'steam_analytics_daily' retrieved from /opt/airflow/dags/steam_analytics.py
[2026-09-08T13:39:39.971+0000] {logging_mixin.py:188} INFO - [2026-09-08T13:39:39.971+0000] {dag.py:3089} INFO - Sync 1 DAGs
[2026-09-08T13:39:39.988+0000] {logging_mixin.py:188} INFO - [2026-09-08T13:39:39.988+0000] {dag.py:3947} INFO - Setting next_dagrun for steam_analytics_daily to 2026-09-08 02:00:00+00:00, run_after=2026-09-09 02:00:00+00:00
[2026-09-08T13:39:40.002+0000] {processor.py:183} INFO - Processing /opt/airflow/dags/steam_analytics.py took 0.281 seconds
[2026-09-08T13:40:10.128+0000] {processor.py:161} INFO - Started process (PID=1335) to work on /opt/airflow/dags/steam_analytics.py
[2026-09-08T13:40:10.128+0000] {processor.py:830} INFO - Processing file /opt/airflow/dags/steam_analytics.py for tasks to queue
[2026-09-08T13:40:10.130+0000] {logging_mixin.py:188} INFO - [2026-09-08T13:40:10.130+0000] {dagbag.py:545} INFO - Filling up the DagBag from /opt/airflow/dags/steam_analytics.py
[2026-09-08T13:40:10.392+0000] {processor.py:840} INFO - DAG(s) 'steam_analytics_daily' retrieved from /opt/airflow/dags/steam_analytics.py
[2026-09-08T13:40:10.422+0000] {logging_mixin.py:188} INFO - [2026-09-08T13:40:10.422+0000] {dag.py:3089} INFO - Sync 1 DAGs
[2026-09-08T13:40:10.440+0000] {logging_mixin.py:188} INFO - [2026-09-08T13:40:10.440+0000] {dag.py:3947} INFO - Setting next_dagrun for steam_analytics_daily to 2026-09-08 02:00:00+00:00, run_after=2026-09-09 02:00:00+00:00
[2026-09-08T13:40:10.457+0000] {processor.py:183} INFO - Processing /opt/airflow/dags/steam_analytics.py took 0.333 seconds
[2026-09-08T13:40:40.586+0000] {processor.py:161} INFO - Started process (PID=1340) to work on /opt/airflow/dags/steam_analytics.py
[2026-09-08T13:40:40.587+0000] {processor.py:830} INFO - Processing file /opt/airflow/dags/steam_analytics.py for tasks to queue
[2026-09-08T13:40:40.588+0000] {logging_mixin.py:188} INFO - [2026-09-08T13:40:40.588+0000] {dagbag.py:545} INFO - Filling up the DagBag from /opt/airflow/dags/steam_analytics.py
[2026-09-08T13:40:40.834+0000] {processor.py:840} INFO - DAG(s) 'steam_analytics_daily' retrieved from /opt/airflow/dags/steam_analytics.py
[2026-09-08T13:40:40.857+0000] {logging_mixin.py:188} INFO - [2026-09-08T13:40:40.857+0000] {dag.py:3089} INFO - Sync 1 DAGs
[2026-09-08T13:40:40.874+0000] {logging_mixin.py:188} INFO - [2026-09-08T13:40:40.874+0000] {dag.py:3947} INFO - Setting next_dagrun for steam_analytics_daily to 2026-09-08 02:00:00+00:00, run_after=2026-09-09 02:00:00+00:00
[2026-09-08T13:40:40.888+0000] {processor.py:183} INFO - Processing /opt/airflow/dags/steam_analytics.py took 0.306 seconds
[2026-09-08T13:41:11.009+0000] {processor.py:161} INFO - Started process (PID=1345) to work on /opt/airflow/dags/steam_analytics.py
[2026-09-08T13:41:11.010+0000] {processor.py:830} INFO - Processing file /opt/airflow/dags/steam_analytics.py for tasks to queue
[2026-09-08T13:41:11.012+0000] {logging_mixin.py:188} INFO - [2026-09-08T13:41:11.011+0000] {dagbag.py:545} INFO - Filling up the DagBag from /opt/airflow/dags/steam_analytics.py
[2026-09-08T13:41:11.231+0000] {processor.py:840} INFO - DAG(s) 'steam_analytics_daily' retrieved from /opt/airflow/dags/steam_analytics.py
[2026-09-08T13:41:11.253+0000] {logging_mixin.py:188} INFO - [2026-09-08T13:41:11.253+0000] {dag.py:3089} INFO - Sync 1 DAGs
[2026-09-08T13:41:11.270+0000] {logging_mixin.py:188} INFO - [2026-09-08T13:41:11.270+0000] {dag.py:3947} INFO - Setting next_dagrun for steam_analytics_daily to 2026-09-08 02:00:00+00:00, run_after=2026-09-09 02:00:00+00:00
[2026-09-08T13:41:11.284+0000] {processor.py:183} INFO - Processing /opt/airflow/dags/steam_analytics.py took 0.280 seconds
[2026-09-08T13:41:41.409+0000] {processor.py:161} INFO - Started process (PID=1350) to work on /opt/airflow/dags/steam_analytics.py
[2026-09-08T13:41:41.410+0000] {processor.py:830} INFO - Processing file /opt/airflow/dags/steam_analytics.py for tasks to queue
[2026-09-08T13:41:41.412+0000] {logging_mixin.py:188} INFO - [2026-09-08T13:41:41.411+0000] {dagbag.py:545} INFO - Filling up the DagBag from /opt/airflow/dags/steam_analytics.py
[2026-09-08T13:41:41.634+0000] {processor.py:840} INFO - DAG(s) 'steam_analytics_daily' retrieved from /opt/airflow/dags/steam_analytics.py
[2026-09-08T13:41:41.656+0000] {logging_mixin.py:188} INFO - [2026-09-08T13:41:41.655+0000] {dag.py:3089} INFO - Sync 1 DAGs
[2026-09-08T13:41:41.672+0000] {logging_mixin.py:188} INFO - [2026-09-08T13:41:41.672+0000] {dag.py:3947} INFO - Setting next_dagrun for steam_analytics_daily to 2026-09-08 02:00:00+00:00, run_after=2026-09-09 02:00:00+00:00
[2026-09-08T13:41:41.686+0000] {processor.py:183} INFO - Processing /opt/airflow/dags/steam_analytics.py took 0.281 seconds
[2026-09-08T13:42:11.809+0000] {processor.py:161} INFO - Started process (PID=1355) to work on /opt/airflow/dags/steam_analytics.py
[2026-09-08T13:42:11.809+0000] {processor.py:830} INFO - Processing file /opt/airflow/dags/steam_analytics.py for tasks to queue
[2026-09-08T13:42:11.811+0000] {logging_mixin.py:188} INFO - [2026-09-08T13:42:11.811+0000] {dagbag.py:545} INFO - Filling up the DagBag from /opt/airflow/dags/steam_analytics.py
[2026-09-08T13:42:12.031+0000] {processor.py:840} INFO - DAG(s) 'steam_analytics_daily' retrieved from /opt/airflow/dags/steam_analytics.py
[2026-09-08T13:42:12.053+0000] {logging_mixin.py:188} INFO - [2026-09-08T13:42:12.053+0000] {dag.py:3089} INFO - Sync 1 DAGs
[2026-09-08T13:42:12.070+0000] {logging_mixin.py:188} INFO - [2026-09-08T13:42:12.070+0000] {dag.py:3947} INFO - Setting next_dagrun for steam_analytics_daily to 2026-09-08 02:00:00+00:00, run_after=2026-09-09 02:00:00+00:00
[2026-09-08T13:42:12.085+0000] {processor.py:183} INFO - Processing /opt/airflow/dags/steam_analytics.py took 0.280 seconds
[2026-09-08T13:42:42.206+0000] {processor.py:161} INFO - Started process (PID=1360) to work on /opt/airflow/dags/steam_analytics.py
[2026-09-08T13:42:42.207+0000] {processor.py:830} INFO - Processing file /opt/airflow/dags/steam_analytics.py for tasks to queue
[2026-09-08T13:42:42.208+0000] {logging_mixin.py:188} INFO - [2026-09-08T13:42:42.208+0000] {dagbag.py:545} INFO - Filling up the DagBag from /opt/airflow/dags/steam_analytics.py
[2026-09-08T13:42:42.459+0000] {processor.py:840} INFO - DAG(s) 'steam_analytics_daily' retrieved from /opt/airflow/dags/steam_analytics.py
[2026-09-08T13:42:42.481+0000] {logging_mixin.py:188} INFO - [2026-09-08T13:42:42.481+0000] {dag.py:3089} INFO - Sync 1 DAGs
[2026-09-08T13:42:42.498+0000] {logging_mixin.py:188} INFO - [2026-09-08T13:42:42.498+0000] {dag.py:3947} INFO - Setting next_dagrun for steam_analytics_daily to 2026-09-08 02:00:00+00:00, run_after=2026-09-09 02:00:00+00:00
[2026-09-08T13:42:42.512+0000] {processor.py:183} INFO - Processing /opt/airflow/dags/steam_analytics.py took 0.311 seconds
[2026-09-08T13:43:12.640+0000] {processor.py:161} INFO - Started process (PID=1365) to work on /opt/airflow/dags/steam_analytics.py
[2026-09-08T13:43:12.641+0000] {processor.py:830} INFO - Processing file /opt/airflow/dags/steam_analytics.py for tasks to queue
[2026-09-08T13:43:12.642+0000] {logging_mixin.py:188} INFO - [2026-09-08T13:43:12.642+0000] {dagbag.py:545} INFO - Filling up the DagBag from /opt/airflow/dags/steam_analytics.py
[2026-09-08T13:43:12.865+0000] {processor.py:840} INFO - DAG(s) 'steam_analytics_daily' retrieved from /opt/airflow/dags/steam_analytics.py
[2026-09-08T13:43:12.888+0000] {logging_mixin.py:188} INFO - [2026-09-08T13:43:12.887+0000] {dag.py:3089} INFO - Sync 1 DAGs
[2026-09-08T13:43:12.904+0000] {logging_mixin.py:188} INFO - [2026-09-08T13:43:12.904+0000] {dag.py:3947} INFO - Setting next_dagrun for steam_analytics_daily to 2026-09-08 02:00:00+00:00, run_after=2026-09-09 02:00:00+00:00
[2026-09-08T13:43:12.918+0000] {processor.py:183} INFO - Processing /opt/airflow/dags/steam_analytics.py took 0.282 seconds
[2026-09-08T13:43:43.046+0000] {processor.py:161} INFO - Started process (PID=1370) to work on /opt/airflow/dags/steam_analytics.py
[2026-09-08T13:43:43.047+0000] {processor.py:830} INFO - Processing file /opt/airflow/dags/steam_analytics.py for tasks to queue
[2026-09-08T13:43:43.049+0000] {logging_mixin.py:188} INFO - [2026-09-08T13:43:43.048+0000] {dagbag.py:545} INFO - Filling up the DagBag from /opt/airflow/dags/steam_analytics.py
[2026-09-08T13:43:43.294+0000] {processor.py:840} INFO - DAG(s) 'steam_analytics_daily' retrieved from /opt/airflow/dags/steam_analytics.py
[2026-09-08T13:43:43.322+0000] {logging_mixin.py:188} INFO - [2026-09-08T13:43:43.322+0000] {dag.py:3089} INFO - Sync 1 DAGs
[2026-09-08T13:43:43.343+0000] {logging_mixin.py:188} INFO - [2026-09-08T13:43:43.343+0000] {dag.py:3947} INFO - Setting next_dagrun for steam_analytics_daily to 2026-09-08 02:00:00+00:00, run_after=2026-09-09 02:00:00+00:00
[2026-09-08T13:43:43.360+0000] {processor.py:183} INFO - Processing /opt/airflow/dags/steam_analytics.py took 0.318 seconds
[2026-09-08T13:44:13.484+0000] {processor.py:161} INFO - Started process (PID=1375) to work on /opt/airflow/dags/steam_analytics.py
[2026-09-08T13:44:13.485+0000] {processor.py:830} INFO - Processing file /opt/airflow/dags/steam_analytics.py for tasks to queue
[2026-09-08T13:44:13.486+0000] {logging_mixin.py:188} INFO - [2026-09-08T13:44:13.486+0000] {dagbag.py:545} INFO - Filling up the DagBag from /opt/airflow/dags/steam_analytics.py
[2026-09-08T13:44:13.714+0000] {processor.py:840} INFO - DAG(s) 'steam_analytics_daily' retrieved from /opt/airflow/dags/steam_analytics.py
[2026-09-08T13:44:13.738+0000] {logging_mixin.py:188} INFO - [2026-09-08T13:44:13.737+0000] {dag.py:3089} INFO - Sync 1 DAGs
[2026-09-08T13:44:13.754+0000] {logging_mixin.py:188} INFO - [2026-09-08T13:44:13.754+0000] {dag.py:3947} INFO - Setting next_dagrun for steam_analytics_daily to 2026-09-08 02:00:00+00:00, run_after=2026-09-09 02:00:00+00:00
[2026-09-08T13:44:13.768+0000] {processor.py:183} INFO - Processing /opt/airflow/dags/steam_analytics.py took 0.289 seconds
[2026-09-08T13:44:43.894+0000] {processor.py:161} INFO - Started process (PID=1380) to work on /opt/airflow/dags/steam_analytics.py
[2026-09-08T13:44:43.895+0000] {processor.py:830} INFO - Processing file /opt/airflow/dags/steam_analytics.py for tasks to queue
[2026-09-08T13:44:43.896+0000] {logging_mixin.py:188} INFO - [2026-09-08T13:44:43.896+0000] {dagbag.py:545} INFO - Filling up the DagBag from /opt/airflow/dags/steam_analytics.py
[2026-09-08T13:44:44.134+0000] {processor.py:840} INFO - DAG(s) 'steam_analytics_daily' retrieved from /opt/airflow/dags/steam_analytics.py
[2026-09-08T13:44:44.155+0000] {logging_mixin.py:188} INFO - [2026-09-08T13:44:44.155+0000] {dag.py:3089} INFO - Sync 1 DAGs
[2026-09-08T13:44:44.173+0000] {logging_mixin.py:188} INFO - [2026-09-08T13:44:44.173+0000] {dag.py:3947} INFO - Setting next_dagrun for steam_analytics_daily to 2026-09-08 02:00:00+00:00, run_after=2026-09-09 02:00:00+00:00
[2026-09-08T13:44:44.187+0000] {processor.py:183} INFO - Processing /opt/airflow/dags/steam_analytics.py took 0.297 seconds
[2026-09-08T13:45:14.308+0000] {processor.py:161} INFO - Started process (PID=1385) to work on /opt/airflow/dags/steam_analytics.py
[2026-09-08T13:45:14.309+0000] {processor.py:830} INFO - Processing file /opt/airflow/dags/steam_analytics.py for tasks to queue
[2026-09-08T13:45:14.310+0000] {logging_mixin.py:188} INFO - [2026-09-08T13:45:14.310+0000] {dagbag.py:545} INFO - Filling up the DagBag from /opt/airflow/dags/steam_analytics.py
[2026-09-08T13:45:14.543+0000] {processor.py:840} INFO - DAG(s) 'steam_analytics_daily' retrieved from /opt/airflow/dags/steam_analytics.py
[2026-09-08T13:45:14.565+0000] {logging_mixin.py:188} INFO - [2026-09-08T13:45:14.565+0000] {dag.py:3089} INFO - Sync 1 DAGs
[2026-09-08T13:45:14.582+0000] {logging_mixin.py:188} INFO - [2026-09-08T13:45:14.582+0000] {dag.py:3947} INFO - Setting next_dagrun for steam_analytics_daily to 2026-09-08 02:00:00+00:00, run_after=2026-09-09 02:00:00+00:00
[2026-09-08T13:45:14.597+0000] {processor.py:183} INFO - Processing /opt/airflow/dags/steam_analytics.py took 0.293 seconds
[2026-09-08T13:45:44.734+0000] {processor.py:161} INFO - Started process (PID=1390) to work on /opt/airflow/dags/steam_analytics.py
[2026-09-08T13:45:44.735+0000] {processor.py:830} INFO - Processing file /opt/airflow/dags/steam_analytics.py for tasks to queue
[2026-09-08T13:45:44.736+0000] {logging_mixin.py:188} INFO - [2026-09-08T13:45:44.736+0000] {dagbag.py:545} INFO - Filling up the DagBag from /opt/airflow/dags/steam_analytics.py
[2026-09-08T13:45:44.962+0000] {processor.py:840} INFO - DAG(s) 'steam_analytics_daily' retrieved from /opt/airflow/dags/steam_analytics.py
[2026-09-08T13:45:44.985+0000] {logging_mixin.py:188} INFO - [2026-09-08T13:45:44.985+0000] {dag.py:3089} INFO - Sync 1 DAGs
[2026-09-08T13:45:45.002+0000] {logging_mixin.py:188} INFO - [2026-09-08T13:45:45.002+0000] {dag.py:3947} INFO - Setting next_dagrun for steam_analytics_daily to 2026-09-08 02:00:00+00:00, run_after=2026-09-09 02:00:00+00:00
[2026-09-08T13:45:45.016+0000] {processor.py:183} INFO - Processing /opt/airflow/dags/steam_analytics.py took 0.287 seconds
[2026-09-08T13:46:15.139+0000] {processor.py:161} INFO - Started process (PID=1395) to work on /opt/airflow/dags/steam_analytics.py
[2026-09-08T13:46:15.139+0000] {processor.py:830} INFO - Processing file /opt/airflow/dags/steam_analytics.py for tasks to queue
[2026-09-08T13:46:15.141+0000] {logging_mixin.py:188} INFO - [2026-09-08T13:46:15.140+0000] {dagbag.py:545} INFO - Filling up the DagBag from /opt/airflow/dags/steam_analytics.py
[2026-09-08T13:46:15.360+0000] {processor.py:840} INFO - DAG(s) 'steam_analytics_daily' retrieved from /opt/airflow/dags/steam_analytics.py
[2026-09-08T13:46:15.382+0000] {logging_mixin.py:188} INFO - [2026-09-08T13:46:15.382+0000] {dag.py:3089} INFO - Sync 1 DAGs
[2026-09-08T13:46:15.398+0000] {logging_mixin.py:188} INFO - [2026-09-08T13:46:15.398+0000] {dag.py:3947} INFO - Setting next_dagrun for steam_analytics_daily to 2026-09-08 02:00:00+00:00, run_after=2026-09-09 02:00:00+00:00
[2026-09-08T13:46:15.413+0000] {processor.py:183} INFO - Processing /opt/airflow/dags/steam_analytics.py took 0.279 seconds
[2026-09-08T13:46:45.536+0000] {processor.py:161} INFO - Started process (PID=1400) to work on /opt/airflow/dags/steam_analytics.py
[2026-09-08T13:46:45.536+0000] {processor.py:830} INFO - Processing file /opt/airflow/dags/steam_analytics.py for tasks to queue
[2026-09-08T13:46:45.537+0000] {logging_mixin.py:188} INFO - [2026-09-08T13:46:45.537+0000] {dagbag.py:545} INFO - Filling up the DagBag from /opt/airflow/dags/steam_analytics.py
[2026-09-08T13:46:45.764+0000] {processor.py:840} INFO - DAG(s) 'steam_analytics_daily' retrieved from /opt/airflow/dags/steam_analytics.py
[2026-09-08T13:46:45.786+0000] {logging_mixin.py:188} INFO - [2026-09-08T13:46:45.786+0000] {dag.py:3089} INFO - Sync 1 DAGs
[2026-09-08T13:46:45.802+0000] {logging_mixin.py:188} INFO - [2026-09-08T13:46:45.802+0000] {dag.py:3947} INFO - Setting next_dagrun for steam_analytics_daily to 2026-09-08 02:00:00+00:00, run_after=2026-09-09 02:00:00+00:00
[2026-09-08T13:46:45.818+0000] {processor.py:183} INFO - Processing /opt/airflow/dags/steam_analytics.py took 0.287 seconds
[2026-09-08T13:47:15.939+0000] {processor.py:161} INFO - Started process (PID=1405) to work on /opt/airflow/dags/steam_analytics.py
[2026-09-08T13:47:15.939+0000] {processor.py:830} INFO - Processing file /opt/airflow/dags/steam_analytics.py for tasks to queue
[2026-09-08T13:47:15.941+0000] {logging_mixin.py:188} INFO - [2026-09-08T13:47:15.941+0000] {dagbag.py:545} INFO - Filling up the DagBag from /opt/airflow/dags/steam_analytics.py
[2026-09-08T13:47:16.161+0000] {processor.py:840} INFO - DAG(s) 'steam_analytics_daily' retrieved from /opt/airflow/dags/steam_analytics.py
[2026-09-08T13:47:16.183+0000] {logging_mixin.py:188} INFO - [2026-09-08T13:47:16.183+0000] {dag.py:3089} INFO - Sync 1 DAGs
[2026-09-08T13:47:16.200+0000] {logging_mixin.py:188} INFO - [2026-09-08T13:47:16.199+0000] {dag.py:3947} INFO - Setting next_dagrun for steam_analytics_daily to 2026-09-08 02:00:00+00:00, run_after=2026-09-09 02:00:00+00:00
[2026-09-08T13:47:16.213+0000] {processor.py:183} INFO - Processing /opt/airflow/dags/steam_analytics.py took 0.279 seconds
[2026-09-08T13:47:46.339+0000] {processor.py:161} INFO - Started process (PID=1410) to work on /opt/airflow/dags/steam_analytics.py
[2026-09-08T13:47:46.340+0000] {processor.py:830} INFO - Processing file /opt/airflow/dags/steam_analytics.py for tasks to queue
[2026-09-08T13:47:46.342+0000] {logging_mixin.py:188} INFO - [2026-09-08T13:47:46.342+0000] {dagbag.py:545} INFO - Filling up the DagBag from /opt/airflow/dags/steam_analytics.py
[2026-09-08T13:47:46.629+0000] {processor.py:840} INFO - DAG(s) 'steam_analytics_daily' retrieved from /opt/airflow/dags/steam_analytics.py
[2026-09-08T13:47:46.655+0000] {logging_mixin.py:188} INFO - [2026-09-08T13:47:46.655+0000] {dag.py:3089} INFO - Sync 1 DAGs
[2026-09-08T13:47:46.672+0000] {logging_mixin.py:188} INFO - [2026-09-08T13:47:46.672+0000] {dag.py:3947} INFO - Setting next_dagrun for steam_analytics_daily to 2026-09-08 02:00:00+00:00, run_after=2026-09-09 02:00:00+00:00
[2026-09-08T13:47:46.686+0000] {processor.py:183} INFO - Processing /opt/airflow/dags/steam_analytics.py took 0.352 seconds
[2026-09-08T13:48:16.822+0000] {processor.py:161} INFO - Started process (PID=1415) to work on /opt/airflow/dags/steam_analytics.py
[2026-09-08T13:48:16.823+0000] {processor.py:830} INFO - Processing file /opt/airflow/dags/steam_analytics.py for tasks to queue
[2026-09-08T13:48:16.825+0000] {logging_mixin.py:188} INFO - [2026-09-08T13:48:16.824+0000] {dagbag.py:545} INFO - Filling up the DagBag from /opt/airflow/dags/steam_analytics.py
[2026-09-08T13:48:17.046+0000] {processor.py:840} INFO - DAG(s) 'steam_analytics_daily' retrieved from /opt/airflow/dags/steam_analytics.py
[2026-09-08T13:48:17.068+0000] {logging_mixin.py:188} INFO - [2026-09-08T13:48:17.068+0000] {dag.py:3089} INFO - Sync 1 DAGs
[2026-09-08T13:48:17.084+0000] {logging_mixin.py:188} INFO - [2026-09-08T13:48:17.084+0000] {dag.py:3947} INFO - Setting next_dagrun for steam_analytics_daily to 2026-09-08 02:00:00+00:00, run_after=2026-09-09 02:00:00+00:00
[2026-09-08T13:48:17.098+0000] {processor.py:183} INFO - Processing /opt/airflow/dags/steam_analytics.py took 0.280 seconds
[2026-09-08T13:48:47.219+0000] {processor.py:161} INFO - Started process (PID=1420) to work on /opt/airflow/dags/steam_analytics.py
[2026-09-08T13:48:47.220+0000] {processor.py:830} INFO - Processing file /opt/airflow/dags/steam_analytics.py for tasks to queue
[2026-09-08T13:48:47.221+0000] {logging_mixin.py:188} INFO - [2026-09-08T13:48:47.221+0000] {dagbag.py:545} INFO - Filling up the DagBag from /opt/airflow/dags/steam_analytics.py
[2026-09-08T13:48:47.445+0000] {processor.py:840} INFO - DAG(s) 'steam_analytics_daily' retrieved from /opt/airflow/dags/steam_analytics.py
[2026-09-08T13:48:47.468+0000] {logging_mixin.py:188} INFO - [2026-09-08T13:48:47.468+0000] {dag.py:3089} INFO - Sync 1 DAGs
[2026-09-08T13:48:47.485+0000] {logging_mixin.py:188} INFO - [2026-09-08T13:48:47.485+0000] {dag.py:3947} INFO - Setting next_dagrun for steam_analytics_daily to 2026-09-08 02:00:00+00:00, run_after=2026-09-09 02:00:00+00:00
[2026-09-08T13:48:47.500+0000] {processor.py:183} INFO - Processing /opt/airflow/dags/steam_analytics.py took 0.285 seconds
[2026-09-08T13:49:17.618+0000] {processor.py:161} INFO - Started process (PID=1425) to work on /opt/airflow/dags/steam_analytics.py
[2026-09-08T13:49:17.619+0000] {processor.py:830} INFO - Processing file /opt/airflow/dags/steam_analytics.py for tasks to queue
[2026-09-08T13:49:17.620+0000] {logging_mixin.py:188} INFO - [2026-09-08T13:49:17.620+0000] {dagbag.py:545} INFO - Filling up the DagBag from /opt/airflow/dags/steam_analytics.py
[2026-09-08T13:49:17.843+0000] {processor.py:840} INFO - DAG(s) 'steam_analytics_daily' retrieved from /opt/airflow/dags/steam_analytics.py
[2026-09-08T13:49:17.865+0000] {logging_mixin.py:188} INFO - [2026-09-08T13:49:17.865+0000] {dag.py:3089} INFO - Sync 1 DAGs
[2026-09-08T13:49:17.883+0000] {logging_mixin.py:188} INFO - [2026-09-08T13:49:17.882+0000] {dag.py:3947} INFO - Setting next_dagrun for steam_analytics_daily to 2026-09-08 02:00:00+00:00, run_after=2026-09-09 02:00:00+00:00
[2026-09-08T13:49:17.897+0000] {processor.py:183} INFO - Processing /opt/airflow/dags/steam_analytics.py took 0.284 seconds
[2026-09-08T13:49:48.020+0000] {processor.py:161} INFO - Started process (PID=1430) to work on /opt/airflow/dags/steam_analytics.py
[2026-09-08T13:49:48.021+0000] {processor.py:830} INFO - Processing file /opt/airflow/dags/steam_analytics.py for tasks to queue
[2026-09-08T13:49:48.022+0000] {logging_mixin.py:188} INFO - [2026-09-08T13:49:48.022+0000] {dagbag.py:545} INFO - Filling up the DagBag from /opt/airflow/dags/steam_analytics.py
[2026-09-08T13:49:48.243+0000] {processor.py:840} INFO - DAG(s) 'steam_analytics_daily' retrieved from /opt/airflow/dags/steam_analytics.py
[2026-09-08T13:49:48.266+0000] {logging_mixin.py:188} INFO - [2026-09-08T13:49:48.265+0000] {dag.py:3089} INFO - Sync 1 DAGs
[2026-09-08T13:49:48.283+0000] {logging_mixin.py:188} INFO - [2026-09-08T13:49:48.283+0000] {dag.py:3947} INFO - Setting next_dagrun for steam_analytics_daily to 2026-09-08 02:00:00+00:00, run_after=2026-09-09 02:00:00+00:00
[2026-09-08T13:49:48.297+0000] {processor.py:183} INFO - Processing /opt/airflow/dags/steam_analytics.py took 0.281 seconds
[2026-09-08T13:50:18.420+0000] {processor.py:161} INFO - Started process (PID=1435) to work on /opt/airflow/dags/steam_analytics.py
[2026-09-08T13:50:18.421+0000] {processor.py:830} INFO - Processing file /opt/airflow/dags/steam_analytics.py for tasks to queue
[2026-09-08T13:50:18.422+0000] {logging_mixin.py:188} INFO - [2026-09-08T13:50:18.422+0000] {dagbag.py:545} INFO - Filling up the DagBag from /opt/airflow/dags/steam_analytics.py
[2026-09-08T13:50:18.647+0000] {processor.py:840} INFO - DAG(s) 'steam_analytics_daily' retrieved from /opt/airflow/dags/steam_analytics.py
[2026-09-08T13:50:18.669+0000] {logging_mixin.py:188} INFO - [2026-09-08T13:50:18.669+0000] {dag.py:3089} INFO - Sync 1 DAGs
[2026-09-08T13:50:18.686+0000] {logging_mixin.py:188} INFO - [2026-09-08T13:50:18.686+0000] {dag.py:3947} INFO - Setting next_dagrun for steam_analytics_daily to 2026-09-08 02:00:00+00:00, run_after=2026-09-09 02:00:00+00:00
[2026-09-08T13:50:18.700+0000] {processor.py:183} INFO - Processing /opt/airflow/dags/steam_analytics.py took 0.285 seconds
[2026-09-08T13:50:48.833+0000] {processor.py:161} INFO - Started process (PID=1440) to work on /opt/airflow/dags/steam_analytics.py
[2026-09-08T13:50:48.835+0000] {processor.py:830} INFO - Processing file /opt/airflow/dags/steam_analytics.py for tasks to queue
[2026-09-08T13:50:48.838+0000] {logging_mixin.py:188} INFO - [2026-09-08T13:50:48.837+0000] {dagbag.py:545} INFO - Filling up the DagBag from /opt/airflow/dags/steam_analytics.py
[2026-09-08T13:50:49.140+0000] {processor.py:840} INFO - DAG(s) 'steam_analytics_daily' retrieved from /opt/airflow/dags/steam_analytics.py
[2026-09-08T13:50:49.163+0000] {logging_mixin.py:188} INFO - [2026-09-08T13:50:49.163+0000] {dag.py:3089} INFO - Sync 1 DAGs
[2026-09-08T13:50:49.180+0000] {logging_mixin.py:188} INFO - [2026-09-08T13:50:49.180+0000] {dag.py:3947} INFO - Setting next_dagrun for steam_analytics_daily to 2026-09-08 02:00:00+00:00, run_after=2026-09-09 02:00:00+00:00
[2026-09-08T13:50:49.195+0000] {processor.py:183} INFO - Processing /opt/airflow/dags/steam_analytics.py took 0.369 seconds
[2026-09-08T13:51:19.430+0000] {processor.py:161} INFO - Started process (PID=1445) to work on /opt/airflow/dags/steam_analytics.py
[2026-09-08T13:51:19.431+0000] {processor.py:830} INFO - Processing file /opt/airflow/dags/steam_analytics.py for tasks to queue
[2026-09-08T13:51:19.432+0000] {logging_mixin.py:188} INFO - [2026-09-08T13:51:19.432+0000] {dagbag.py:545} INFO - Filling up the DagBag from /opt/airflow/dags/steam_analytics.py
[2026-09-08T13:51:19.565+0000] {processor.py:840} INFO - DAG(s) 'steam_analytics_daily' retrieved from /opt/airflow/dags/steam_analytics.py
[2026-09-08T13:51:19.589+0000] {logging_mixin.py:188} INFO - [2026-09-08T13:51:19.589+0000] {dag.py:3089} INFO - Sync 1 DAGs
[2026-09-08T13:51:19.608+0000] {logging_mixin.py:188} INFO - [2026-09-08T13:51:19.608+0000] {dag.py:3947} INFO - Setting next_dagrun for steam_analytics_daily to 2026-09-08 02:00:00+00:00, run_after=2026-09-09 02:00:00+00:00
[2026-09-08T13:51:19.622+0000] {processor.py:183} INFO - Processing /opt/airflow/dags/steam_analytics.py took 0.197 seconds
[2026-09-08T13:51:49.740+0000] {processor.py:161} INFO - Started process (PID=1450) to work on /opt/airflow/dags/steam_analytics.py
[2026-09-08T13:51:49.740+0000] {processor.py:830} INFO - Processing file /opt/airflow/dags/steam_analytics.py for tasks to queue
[2026-09-08T13:51:49.742+0000] {logging_mixin.py:188} INFO - [2026-09-08T13:51:49.742+0000] {dagbag.py:545} INFO - Filling up the DagBag from /opt/airflow/dags/steam_analytics.py
[2026-09-08T13:51:49.873+0000] {processor.py:840} INFO - DAG(s) 'steam_analytics_daily' retrieved from /opt/airflow/dags/steam_analytics.py
[2026-09-08T13:51:49.898+0000] {logging_mixin.py:188} INFO - [2026-09-08T13:51:49.898+0000] {dag.py:3089} INFO - Sync 1 DAGs
[2026-09-08T13:51:49.916+0000] {logging_mixin.py:188} INFO - [2026-09-08T13:51:49.916+0000] {dag.py:3947} INFO - Setting next_dagrun for steam_analytics_daily to 2026-09-08 02:00:00+00:00, run_after=2026-09-09 02:00:00+00:00
[2026-09-08T13:51:49.932+0000] {processor.py:183} INFO - Processing /opt/airflow/dags/steam_analytics.py took 0.197 seconds
[2026-09-08T13:52:20.050+0000] {processor.py:161} INFO - Started process (PID=1455) to work on /opt/airflow/dags/steam_analytics.py
[2026-09-08T13:52:20.051+0000] {processor.py:830} INFO - Processing file /opt/airflow/dags/steam_analytics.py for tasks to queue
[2026-09-08T13:52:20.053+0000] {logging_mixin.py:188} INFO - [2026-09-08T13:52:20.052+0000] {dagbag.py:545} INFO - Filling up the DagBag from /opt/airflow/dags/steam_analytics.py
[2026-09-08T13:52:20.183+0000] {processor.py:840} INFO - DAG(s) 'steam_analytics_daily' retrieved from /opt/airflow/dags/steam_analytics.py
[2026-09-08T13:52:20.207+0000] {logging_mixin.py:188} INFO - [2026-09-08T13:52:20.207+0000] {dag.py:3089} INFO - Sync 1 DAGs
[2026-09-08T13:52:20.225+0000] {logging_mixin.py:188} INFO - [2026-09-08T13:52:20.225+0000] {dag.py:3947} INFO - Setting next_dagrun for steam_analytics_daily to 2026-09-08 02:00:00+00:00, run_after=2026-09-09 02:00:00+00:00
[2026-09-08T13:52:20.240+0000] {processor.py:183} INFO - Processing /opt/airflow/dags/steam_analytics.py took 0.194 seconds
[2026-09-08T13:52:50.360+0000] {processor.py:161} INFO - Started process (PID=1460) to work on /opt/airflow/dags/steam_analytics.py
[2026-09-08T13:52:50.361+0000] {processor.py:830} INFO - Processing file /opt/airflow/dags/steam_analytics.py for tasks to queue
[2026-09-08T13:52:50.362+0000] {logging_mixin.py:188} INFO - [2026-09-08T13:52:50.362+0000] {dagbag.py:545} INFO - Filling up the DagBag from /opt/airflow/dags/steam_analytics.py
[2026-09-08T13:52:50.504+0000] {processor.py:840} INFO - DAG(s) 'steam_analytics_daily' retrieved from /opt/airflow/dags/steam_analytics.py
[2026-09-08T13:52:50.531+0000] {logging_mixin.py:188} INFO - [2026-09-08T13:52:50.531+0000] {dag.py:3089} INFO - Sync 1 DAGs
[2026-09-08T13:52:50.551+0000] {logging_mixin.py:188} INFO - [2026-09-08T13:52:50.551+0000] {dag.py:3947} INFO - Setting next_dagrun for steam_analytics_daily to 2026-09-08 02:00:00+00:00, run_after=2026-09-09 02:00:00+00:00
[2026-09-08T13:52:50.567+0000] {processor.py:183} INFO - Processing /opt/airflow/dags/steam_analytics.py took 0.213 seconds
[2026-09-08T13:53:20.685+0000] {processor.py:161} INFO - Started process (PID=1465) to work on /opt/airflow/dags/steam_analytics.py
[2026-09-08T13:53:20.686+0000] {processor.py:830} INFO - Processing file /opt/airflow/dags/steam_analytics.py for tasks to queue
[2026-09-08T13:53:20.687+0000] {logging_mixin.py:188} INFO - [2026-09-08T13:53:20.687+0000] {dagbag.py:545} INFO - Filling up the DagBag from /opt/airflow/dags/steam_analytics.py
[2026-09-08T13:53:20.815+0000] {processor.py:840} INFO - DAG(s) 'steam_analytics_daily' retrieved from /opt/airflow/dags/steam_analytics.py
[2026-09-08T13:53:20.839+0000] {logging_mixin.py:188} INFO - [2026-09-08T13:53:20.839+0000] {dag.py:3089} INFO - Sync 1 DAGs
[2026-09-08T13:53:20.860+0000] {logging_mixin.py:188} INFO - [2026-09-08T13:53:20.860+0000] {dag.py:3947} INFO - Setting next_dagrun for steam_analytics_daily to 2026-09-08 02:00:00+00:00, run_after=2026-09-09 02:00:00+00:00
[2026-09-08T13:53:20.875+0000] {processor.py:183} INFO - Processing /opt/airflow/dags/steam_analytics.py took 0.194 seconds
[2026-09-08T13:53:50.999+0000] {processor.py:161} INFO - Started process (PID=1470) to work on /opt/airflow/dags/steam_analytics.py
[2026-09-08T13:53:51.000+0000] {processor.py:830} INFO - Processing file /opt/airflow/dags/steam_analytics.py for tasks to queue
[2026-09-08T13:53:51.002+0000] {logging_mixin.py:188} INFO - [2026-09-08T13:53:51.001+0000] {dagbag.py:545} INFO - Filling up the DagBag from /opt/airflow/dags/steam_analytics.py
[2026-09-08T13:53:51.159+0000] {processor.py:840} INFO - DAG(s) 'steam_analytics_daily' retrieved from /opt/airflow/dags/steam_analytics.py
[2026-09-08T13:53:51.187+0000] {logging_mixin.py:188} INFO - [2026-09-08T13:53:51.187+0000] {dag.py:3089} INFO - Sync 1 DAGs
[2026-09-08T13:53:51.207+0000] {logging_mixin.py:188} INFO - [2026-09-08T13:53:51.207+0000] {dag.py:3947} INFO - Setting next_dagrun for steam_analytics_daily to 2026-09-08 02:00:00+00:00, run_after=2026-09-09 02:00:00+00:00
[2026-09-08T13:53:51.222+0000] {processor.py:183} INFO - Processing /opt/airflow/dags/steam_analytics.py took 0.229 seconds
[2026-09-08T13:54:21.343+0000] {processor.py:161} INFO - Started process (PID=1475) to work on /opt/airflow/dags/steam_analytics.py
[2026-09-08T13:54:21.343+0000] {processor.py:830} INFO - Processing file /opt/airflow/dags/steam_analytics.py for tasks to queue
[2026-09-08T13:54:21.345+0000] {logging_mixin.py:188} INFO - [2026-09-08T13:54:21.345+0000] {dagbag.py:545} INFO - Filling up the DagBag from /opt/airflow/dags/steam_analytics.py
[2026-09-08T13:54:21.472+0000] {processor.py:840} INFO - DAG(s) 'steam_analytics_daily' retrieved from /opt/airflow/dags/steam_analytics.py
[2026-09-08T13:54:21.497+0000] {logging_mixin.py:188} INFO - [2026-09-08T13:54:21.497+0000] {dag.py:3089} INFO - Sync 1 DAGs
[2026-09-08T13:54:21.515+0000] {logging_mixin.py:188} INFO - [2026-09-08T13:54:21.514+0000] {dag.py:3947} INFO - Setting next_dagrun for steam_analytics_daily to 2026-09-08 02:00:00+00:00, run_after=2026-09-09 02:00:00+00:00
[2026-09-08T13:54:21.529+0000] {processor.py:183} INFO - Processing /opt/airflow/dags/steam_analytics.py took 0.191 seconds
[2026-09-08T13:54:51.642+0000] {processor.py:161} INFO - Started process (PID=1480) to work on /opt/airflow/dags/steam_analytics.py
[2026-09-08T13:54:51.643+0000] {processor.py:830} INFO - Processing file /opt/airflow/dags/steam_analytics.py for tasks to queue
[2026-09-08T13:54:51.645+0000] {logging_mixin.py:188} INFO - [2026-09-08T13:54:51.645+0000] {dagbag.py:545} INFO - Filling up the DagBag from /opt/airflow/dags/steam_analytics.py
[2026-09-08T13:54:51.780+0000] {processor.py:840} INFO - DAG(s) 'steam_analytics_daily' retrieved from /opt/airflow/dags/steam_analytics.py
[2026-09-08T13:54:51.806+0000] {logging_mixin.py:188} INFO - [2026-09-08T13:54:51.806+0000] {dag.py:3089} INFO - Sync 1 DAGs
[2026-09-08T13:54:51.826+0000] {logging_mixin.py:188} INFO - [2026-09-08T13:54:51.826+0000] {dag.py:3947} INFO - Setting next_dagrun for steam_analytics_daily to 2026-09-08 02:00:00+00:00, run_after=2026-09-09 02:00:00+00:00
[2026-09-08T13:54:51.842+0000] {processor.py:183} INFO - Processing /opt/airflow/dags/steam_analytics.py took 0.206 seconds
[2026-09-08T13:55:21.964+0000] {processor.py:161} INFO - Started process (PID=1485) to work on /opt/airflow/dags/steam_analytics.py
[2026-09-08T13:55:21.965+0000] {processor.py:830} INFO - Processing file /opt/airflow/dags/steam_analytics.py for tasks to queue
[2026-09-08T13:55:21.966+0000] {logging_mixin.py:188} INFO - [2026-09-08T13:55:21.966+0000] {dagbag.py:545} INFO - Filling up the DagBag from /opt/airflow/dags/steam_analytics.py
[2026-09-08T13:55:22.096+0000] {processor.py:840} INFO - DAG(s) 'steam_analytics_daily' retrieved from /opt/airflow/dags/steam_analytics.py
[2026-09-08T13:55:22.120+0000] {logging_mixin.py:188} INFO - [2026-09-08T13:55:22.120+0000] {dag.py:3089} INFO - Sync 1 DAGs
[2026-09-08T13:55:22.139+0000] {logging_mixin.py:188} INFO - [2026-09-08T13:55:22.139+0000] {dag.py:3947} INFO - Setting next_dagrun for steam_analytics_daily to 2026-09-08 02:00:00+00:00, run_after=2026-09-09 02:00:00+00:00
[2026-09-08T13:55:22.154+0000] {processor.py:183} INFO - Processing /opt/airflow/dags/steam_analytics.py took 0.194 seconds
[2026-09-08T13:55:52.271+0000] {processor.py:161} INFO - Started process (PID=1490) to work on /opt/airflow/dags/steam_analytics.py
[2026-09-08T13:55:52.272+0000] {processor.py:830} INFO - Processing file /opt/airflow/dags/steam_analytics.py for tasks to queue
[2026-09-08T13:55:52.273+0000] {logging_mixin.py:188} INFO - [2026-09-08T13:55:52.273+0000] {dagbag.py:545} INFO - Filling up the DagBag from /opt/airflow/dags/steam_analytics.py
[2026-09-08T13:55:52.402+0000] {processor.py:840} INFO - DAG(s) 'steam_analytics_daily' retrieved from /opt/airflow/dags/steam_analytics.py
[2026-09-08T13:55:52.427+0000] {logging_mixin.py:188} INFO - [2026-09-08T13:55:52.427+0000] {dag.py:3089} INFO - Sync 1 DAGs
[2026-09-08T13:55:52.445+0000] {logging_mixin.py:188} INFO - [2026-09-08T13:55:52.445+0000] {dag.py:3947} INFO - Setting next_dagrun for steam_analytics_daily to 2026-09-08 02:00:00+00:00, run_after=2026-09-09 02:00:00+00:00
[2026-09-08T13:55:52.460+0000] {processor.py:183} INFO - Processing /opt/airflow/dags/steam_analytics.py took 0.194 seconds
[2026-09-08T13:56:22.577+0000] {processor.py:161} INFO - Started process (PID=1495) to work on /opt/airflow/dags/steam_analytics.py
[2026-09-08T13:56:22.578+0000] {processor.py:830} INFO - Processing file /opt/airflow/dags/steam_analytics.py for tasks to queue
[2026-09-08T13:56:22.579+0000] {logging_mixin.py:188} INFO - [2026-09-08T13:56:22.579+0000] {dagbag.py:545} INFO - Filling up the DagBag from /opt/airflow/dags/steam_analytics.py
[2026-09-08T13:56:22.710+0000] {processor.py:840} INFO - DAG(s) 'steam_analytics_daily' retrieved from /opt/airflow/dags/steam_analytics.py
[2026-09-08T13:56:22.734+0000] {logging_mixin.py:188} INFO - [2026-09-08T13:56:22.734+0000] {dag.py:3089} INFO - Sync 1 DAGs
[2026-09-08T13:56:22.753+0000] {logging_mixin.py:188} INFO - [2026-09-08T13:56:22.753+0000] {dag.py:3947} INFO - Setting next_dagrun for steam_analytics_daily to 2026-09-08 02:00:00+00:00, run_after=2026-09-09 02:00:00+00:00
[2026-09-08T13:56:22.767+0000] {processor.py:183} INFO - Processing /opt/airflow/dags/steam_analytics.py took 0.195 seconds
[2026-09-08T13:56:52.886+0000] {processor.py:161} INFO - Started process (PID=1500) to work on /opt/airflow/dags/steam_analytics.py
[2026-09-08T13:56:52.887+0000] {processor.py:830} INFO - Processing file /opt/airflow/dags/steam_analytics.py for tasks to queue
[2026-09-08T13:56:52.888+0000] {logging_mixin.py:188} INFO - [2026-09-08T13:56:52.888+0000] {dagbag.py:545} INFO - Filling up the DagBag from /opt/airflow/dags/steam_analytics.py
[2026-09-08T13:56:53.029+0000] {processor.py:840} INFO - DAG(s) 'steam_analytics_daily' retrieved from /opt/airflow/dags/steam_analytics.py
[2026-09-08T13:56:53.055+0000] {logging_mixin.py:188} INFO - [2026-09-08T13:56:53.055+0000] {dag.py:3089} INFO - Sync 1 DAGs
[2026-09-08T13:56:53.075+0000] {logging_mixin.py:188} INFO - [2026-09-08T13:56:53.075+0000] {dag.py:3947} INFO - Setting next_dagrun for steam_analytics_daily to 2026-09-08 02:00:00+00:00, run_after=2026-09-09 02:00:00+00:00
[2026-09-08T13:56:53.091+0000] {processor.py:183} INFO - Processing /opt/airflow/dags/steam_analytics.py took 0.211 seconds
[2026-09-08T13:57:23.212+0000] {processor.py:161} INFO - Started process (PID=1505) to work on /opt/airflow/dags/steam_analytics.py
[2026-09-08T13:57:23.213+0000] {processor.py:830} INFO - Processing file /opt/airflow/dags/steam_analytics.py for tasks to queue
[2026-09-08T13:57:23.215+0000] {logging_mixin.py:188} INFO - [2026-09-08T13:57:23.214+0000] {dagbag.py:545} INFO - Filling up the DagBag from /opt/airflow/dags/steam_analytics.py
[2026-09-08T13:57:23.347+0000] {processor.py:840} INFO - DAG(s) 'steam_analytics_daily' retrieved from /opt/airflow/dags/steam_analytics.py
[2026-09-08T13:57:23.371+0000] {logging_mixin.py:188} INFO - [2026-09-08T13:57:23.371+0000] {dag.py:3089} INFO - Sync 1 DAGs
[2026-09-08T13:57:23.389+0000] {logging_mixin.py:188} INFO - [2026-09-08T13:57:23.389+0000] {dag.py:3947} INFO - Setting next_dagrun for steam_analytics_daily to 2026-09-08 02:00:00+00:00, run_after=2026-09-09 02:00:00+00:00
[2026-09-08T13:57:23.404+0000] {processor.py:183} INFO - Processing /opt/airflow/dags/steam_analytics.py took 0.196 seconds
[2026-09-08T13:57:53.527+0000] {processor.py:161} INFO - Started process (PID=1510) to work on /opt/airflow/dags/steam_analytics.py
[2026-09-08T13:57:53.528+0000] {processor.py:830} INFO - Processing file /opt/airflow/dags/steam_analytics.py for tasks to queue
[2026-09-08T13:57:53.530+0000] {logging_mixin.py:188} INFO - [2026-09-08T13:57:53.529+0000] {dagbag.py:545} INFO - Filling up the DagBag from /opt/airflow/dags/steam_analytics.py
[2026-09-08T13:57:53.676+0000] {processor.py:840} INFO - DAG(s) 'steam_analytics_daily' retrieved from /opt/airflow/dags/steam_analytics.py
[2026-09-08T13:57:53.703+0000] {logging_mixin.py:188} INFO - [2026-09-08T13:57:53.703+0000] {dag.py:3089} INFO - Sync 1 DAGs
[2026-09-08T13:57:53.723+0000] {logging_mixin.py:188} INFO - [2026-09-08T13:57:53.723+0000] {dag.py:3947} INFO - Setting next_dagrun for steam_analytics_daily to 2026-09-08 02:00:00+00:00, run_after=2026-09-09 02:00:00+00:00
[2026-09-08T13:57:53.739+0000] {processor.py:183} INFO - Processing /opt/airflow/dags/steam_analytics.py took 0.217 seconds
[2026-09-08T13:58:23.857+0000] {processor.py:161} INFO - Started process (PID=1515) to work on /opt/airflow/dags/steam_analytics.py
[2026-09-08T13:58:23.858+0000] {processor.py:830} INFO - Processing file /opt/airflow/dags/steam_analytics.py for tasks to queue
[2026-09-08T13:58:23.859+0000] {logging_mixin.py:188} INFO - [2026-09-08T13:58:23.859+0000] {dagbag.py:545} INFO - Filling up the DagBag from /opt/airflow/dags/steam_analytics.py
[2026-09-08T13:58:23.992+0000] {processor.py:840} INFO - DAG(s) 'steam_analytics_daily' retrieved from /opt/airflow/dags/steam_analytics.py
[2026-09-08T13:58:24.019+0000] {logging_mixin.py:188} INFO - [2026-09-08T13:58:24.018+0000] {dag.py:3089} INFO - Sync 1 DAGs
[2026-09-08T13:58:24.038+0000] {logging_mixin.py:188} INFO - [2026-09-08T13:58:24.037+0000] {dag.py:3947} INFO - Setting next_dagrun for steam_analytics_daily to 2026-09-08 02:00:00+00:00, run_after=2026-09-09 02:00:00+00:00
[2026-09-08T13:58:24.053+0000] {processor.py:183} INFO - Processing /opt/airflow/dags/steam_analytics.py took 0.201 seconds
[2026-09-08T13:58:54.170+0000] {processor.py:161} INFO - Started process (PID=1520) to work on /opt/airflow/dags/steam_analytics.py
[2026-09-08T13:58:54.171+0000] {processor.py:830} INFO - Processing file /opt/airflow/dags/steam_analytics.py for tasks to queue
[2026-09-08T13:58:54.172+0000] {logging_mixin.py:188} INFO - [2026-09-08T13:58:54.172+0000] {dagbag.py:545} INFO - Filling up the DagBag from /opt/airflow/dags/steam_analytics.py
[2026-09-08T13:58:54.305+0000] {processor.py:840} INFO - DAG(s) 'steam_analytics_daily' retrieved from /opt/airflow/dags/steam_analytics.py
[2026-09-08T13:58:54.331+0000] {logging_mixin.py:188} INFO - [2026-09-08T13:58:54.331+0000] {dag.py:3089} INFO - Sync 1 DAGs
[2026-09-08T13:58:54.351+0000] {logging_mixin.py:188} INFO - [2026-09-08T13:58:54.351+0000] {dag.py:3947} INFO - Setting next_dagrun for steam_analytics_daily to 2026-09-08 02:00:00+00:00, run_after=2026-09-09 02:00:00+00:00
[2026-09-08T13:58:54.366+0000] {processor.py:183} INFO - Processing /opt/airflow/dags/steam_analytics.py took 0.201 seconds
[2026-09-08T13:59:24.488+0000] {processor.py:161} INFO - Started process (PID=1525) to work on /opt/airflow/dags/steam_analytics.py
[2026-09-08T13:59:24.489+0000] {processor.py:830} INFO - Processing file /opt/airflow/dags/steam_analytics.py for tasks to queue
[2026-09-08T13:59:24.490+0000] {logging_mixin.py:188} INFO - [2026-09-08T13:59:24.490+0000] {dagbag.py:545} INFO - Filling up the DagBag from /opt/airflow/dags/steam_analytics.py
[2026-09-08T13:59:24.616+0000] {processor.py:840} INFO - DAG(s) 'steam_analytics_daily' retrieved from /opt/airflow/dags/steam_analytics.py
[2026-09-08T13:59:24.641+0000] {logging_mixin.py:188} INFO - [2026-09-08T13:59:24.641+0000] {dag.py:3089} INFO - Sync 1 DAGs
[2026-09-08T13:59:24.660+0000] {logging_mixin.py:188} INFO - [2026-09-08T13:59:24.660+0000] {dag.py:3947} INFO - Setting next_dagrun for steam_analytics_daily to 2026-09-08 02:00:00+00:00, run_after=2026-09-09 02:00:00+00:00
[2026-09-08T13:59:24.676+0000] {processor.py:183} INFO - Processing /opt/airflow/dags/steam_analytics.py took 0.192 seconds
[2026-09-08T13:59:54.791+0000] {processor.py:161} INFO - Started process (PID=1530) to work on /opt/airflow/dags/steam_analytics.py
[2026-09-08T13:59:54.792+0000] {processor.py:830} INFO - Processing file /opt/airflow/dags/steam_analytics.py for tasks to queue
[2026-09-08T13:59:54.794+0000] {logging_mixin.py:188} INFO - [2026-09-08T13:59:54.794+0000] {dagbag.py:545} INFO - Filling up the DagBag from /opt/airflow/dags/steam_analytics.py
[2026-09-08T13:59:54.925+0000] {processor.py:840} INFO - DAG(s) 'steam_analytics_daily' retrieved from /opt/airflow/dags/steam_analytics.py
[2026-09-08T13:59:54.951+0000] {logging_mixin.py:188} INFO - [2026-09-08T13:59:54.951+0000] {dag.py:3089} INFO - Sync 1 DAGs
[2026-09-08T13:59:54.971+0000] {logging_mixin.py:188} INFO - [2026-09-08T13:59:54.971+0000] {dag.py:3947} INFO - Setting next_dagrun for steam_analytics_daily to 2026-09-08 02:00:00+00:00, run_after=2026-09-09 02:00:00+00:00
[2026-09-08T13:59:54.986+0000] {processor.py:183} INFO - Processing /opt/airflow/dags/steam_analytics.py took 0.199 seconds
[2026-09-08T14:00:25.124+0000] {processor.py:161} INFO - Started process (PID=1535) to work on /opt/airflow/dags/steam_analytics.py
[2026-09-08T14:00:25.125+0000] {processor.py:830} INFO - Processing file /opt/airflow/dags/steam_analytics.py for tasks to queue
[2026-09-08T14:00:25.126+0000] {logging_mixin.py:188} INFO - [2026-09-08T14:00:25.126+0000] {dagbag.py:545} INFO - Filling up the DagBag from /opt/airflow/dags/steam_analytics.py
[2026-09-08T14:00:25.250+0000] {processor.py:840} INFO - DAG(s) 'steam_analytics_daily' retrieved from /opt/airflow/dags/steam_analytics.py
[2026-09-08T14:00:25.275+0000] {logging_mixin.py:188} INFO - [2026-09-08T14:00:25.275+0000] {dag.py:3089} INFO - Sync 1 DAGs
[2026-09-08T14:00:25.293+0000] {logging_mixin.py:188} INFO - [2026-09-08T14:00:25.293+0000] {dag.py:3947} INFO - Setting next_dagrun for steam_analytics_daily to 2026-09-08 02:00:00+00:00, run_after=2026-09-09 02:00:00+00:00
[2026-09-08T14:00:25.307+0000] {processor.py:183} INFO - Processing /opt/airflow/dags/steam_analytics.py took 0.188 seconds
[2026-09-08T14:00:55.430+0000] {processor.py:161} INFO - Started process (PID=1540) to work on /opt/airflow/dags/steam_analytics.py
[2026-09-08T14:00:55.431+0000] {processor.py:830} INFO - Processing file /opt/airflow/dags/steam_analytics.py for tasks to queue
[2026-09-08T14:00:55.432+0000] {logging_mixin.py:188} INFO - [2026-09-08T14:00:55.432+0000] {dagbag.py:545} INFO - Filling up the DagBag from /opt/airflow/dags/steam_analytics.py
[2026-09-08T14:00:55.565+0000] {processor.py:840} INFO - DAG(s) 'steam_analytics_daily' retrieved from /opt/airflow/dags/steam_analytics.py
[2026-09-08T14:00:55.591+0000] {logging_mixin.py:188} INFO - [2026-09-08T14:00:55.591+0000] {dag.py:3089} INFO - Sync 1 DAGs
[2026-09-08T14:00:55.610+0000] {logging_mixin.py:188} INFO - [2026-09-08T14:00:55.610+0000] {dag.py:3947} INFO - Setting next_dagrun for steam_analytics_daily to 2026-09-08 02:00:00+00:00, run_after=2026-09-09 02:00:00+00:00
[2026-09-08T14:00:55.625+0000] {processor.py:183} INFO - Processing /opt/airflow/dags/steam_analytics.py took 0.199 seconds
[2026-09-08T14:01:25.743+0000] {processor.py:161} INFO - Started process (PID=1545) to work on /opt/airflow/dags/steam_analytics.py
[2026-09-08T14:01:25.743+0000] {processor.py:830} INFO - Processing file /opt/airflow/dags/steam_analytics.py for tasks to queue
[2026-09-08T14:01:25.745+0000] {logging_mixin.py:188} INFO - [2026-09-08T14:01:25.745+0000] {dagbag.py:545} INFO - Filling up the DagBag from /opt/airflow/dags/steam_analytics.py
[2026-09-08T14:01:25.874+0000] {processor.py:840} INFO - DAG(s) 'steam_analytics_daily' retrieved from /opt/airflow/dags/steam_analytics.py
[2026-09-08T14:01:25.898+0000] {logging_mixin.py:188} INFO - [2026-09-08T14:01:25.897+0000] {dag.py:3089} INFO - Sync 1 DAGs
[2026-09-08T14:01:25.915+0000] {logging_mixin.py:188} INFO - [2026-09-08T14:01:25.915+0000] {dag.py:3947} INFO - Setting next_dagrun for steam_analytics_daily to 2026-09-08 02:00:00+00:00, run_after=2026-09-09 02:00:00+00:00
[2026-09-08T14:01:25.930+0000] {processor.py:183} INFO - Processing /opt/airflow/dags/steam_analytics.py took 0.192 seconds
[2026-09-08T14:01:56.048+0000] {processor.py:161} INFO - Started process (PID=1550) to work on /opt/airflow/dags/steam_analytics.py
[2026-09-08T14:01:56.049+0000] {processor.py:830} INFO - Processing file /opt/airflow/dags/steam_analytics.py for tasks to queue
[2026-09-08T14:01:56.051+0000] {logging_mixin.py:188} INFO - [2026-09-08T14:01:56.050+0000] {dagbag.py:545} INFO - Filling up the DagBag from /opt/airflow/dags/steam_analytics.py
[2026-09-08T14:01:56.194+0000] {processor.py:840} INFO - DAG(s) 'steam_analytics_daily' retrieved from /opt/airflow/dags/steam_analytics.py
[2026-09-08T14:01:56.222+0000] {logging_mixin.py:188} INFO - [2026-09-08T14:01:56.222+0000] {dag.py:3089} INFO - Sync 1 DAGs
[2026-09-08T14:01:56.243+0000] {logging_mixin.py:188} INFO - [2026-09-08T14:01:56.243+0000] {dag.py:3947} INFO - Setting next_dagrun for steam_analytics_daily to 2026-09-08 02:00:00+00:00, run_after=2026-09-09 02:00:00+00:00
[2026-09-08T14:01:56.258+0000] {processor.py:183} INFO - Processing /opt/airflow/dags/steam_analytics.py took 0.216 seconds
[2026-09-08T14:02:26.381+0000] {processor.py:161} INFO - Started process (PID=1555) to work on /opt/airflow/dags/steam_analytics.py
[2026-09-08T14:02:26.382+0000] {processor.py:830} INFO - Processing file /opt/airflow/dags/steam_analytics.py for tasks to queue
[2026-09-08T14:02:26.383+0000] {logging_mixin.py:188} INFO - [2026-09-08T14:02:26.383+0000] {dagbag.py:545} INFO - Filling up the DagBag from /opt/airflow/dags/steam_analytics.py
[2026-09-08T14:02:26.526+0000] {processor.py:840} INFO - DAG(s) 'steam_analytics_daily' retrieved from /opt/airflow/dags/steam_analytics.py
[2026-09-08T14:02:26.552+0000] {logging_mixin.py:188} INFO - [2026-09-08T14:02:26.552+0000] {dag.py:3089} INFO - Sync 1 DAGs
[2026-09-08T14:02:26.572+0000] {logging_mixin.py:188} INFO - [2026-09-08T14:02:26.572+0000] {dag.py:3947} INFO - Setting next_dagrun for steam_analytics_daily to 2026-09-08 02:00:00+00:00, run_after=2026-09-09 02:00:00+00:00
[2026-09-08T14:02:26.587+0000] {processor.py:183} INFO - Processing /opt/airflow/dags/steam_analytics.py took 0.212 seconds
[2026-09-08T14:02:56.710+0000] {processor.py:161} INFO - Started process (PID=1560) to work on /opt/airflow/dags/steam_analytics.py
[2026-09-08T14:02:56.711+0000] {processor.py:830} INFO - Processing file /opt/airflow/dags/steam_analytics.py for tasks to queue
[2026-09-08T14:02:56.712+0000] {logging_mixin.py:188} INFO - [2026-09-08T14:02:56.712+0000] {dagbag.py:545} INFO - Filling up the DagBag from /opt/airflow/dags/steam_analytics.py
[2026-09-08T14:02:56.857+0000] {processor.py:840} INFO - DAG(s) 'steam_analytics_daily' retrieved from /opt/airflow/dags/steam_analytics.py
[2026-09-08T14:02:56.885+0000] {logging_mixin.py:188} INFO - [2026-09-08T14:02:56.885+0000] {dag.py:3089} INFO - Sync 1 DAGs
[2026-09-08T14:02:56.905+0000] {logging_mixin.py:188} INFO - [2026-09-08T14:02:56.905+0000] {dag.py:3947} INFO - Setting next_dagrun for steam_analytics_daily to 2026-09-08 02:00:00+00:00, run_after=2026-09-09 02:00:00+00:00
[2026-09-08T14:02:56.921+0000] {processor.py:183} INFO - Processing /opt/airflow/dags/steam_analytics.py took 0.216 seconds
[2026-09-08T14:03:27.040+0000] {processor.py:161} INFO - Started process (PID=1565) to work on /opt/airflow/dags/steam_analytics.py
[2026-09-08T14:03:27.041+0000] {processor.py:830} INFO - Processing file /opt/airflow/dags/steam_analytics.py for tasks to queue
[2026-09-08T14:03:27.042+0000] {logging_mixin.py:188} INFO - [2026-09-08T14:03:27.042+0000] {dagbag.py:545} INFO - Filling up the DagBag from /opt/airflow/dags/steam_analytics.py
[2026-09-08T14:03:27.187+0000] {processor.py:840} INFO - DAG(s) 'steam_analytics_daily' retrieved from /opt/airflow/dags/steam_analytics.py
[2026-09-08T14:03:27.212+0000] {logging_mixin.py:188} INFO - [2026-09-08T14:03:27.211+0000] {dag.py:3089} INFO - Sync 1 DAGs
[2026-09-08T14:03:27.230+0000] {logging_mixin.py:188} INFO - [2026-09-08T14:03:27.230+0000] {dag.py:3947} INFO - Setting next_dagrun for steam_analytics_daily to 2026-09-08 02:00:00+00:00, run_after=2026-09-09 02:00:00+00:00
[2026-09-08T14:03:27.245+0000] {processor.py:183} INFO - Processing /opt/airflow/dags/steam_analytics.py took 0.209 seconds
[2026-09-08T14:03:57.362+0000] {processor.py:161} INFO - Started process (PID=1570) to work on /opt/airflow/dags/steam_analytics.py
[2026-09-08T14:03:57.363+0000] {processor.py:830} INFO - Processing file /opt/airflow/dags/steam_analytics.py for tasks to queue
[2026-09-08T14:03:57.365+0000] {logging_mixin.py:188} INFO - [2026-09-08T14:03:57.364+0000] {dagbag.py:545} INFO - Filling up the DagBag from /opt/airflow/dags/steam_analytics.py
[2026-09-08T14:03:57.502+0000] {processor.py:840} INFO - DAG(s) 'steam_analytics_daily' retrieved from /opt/airflow/dags/steam_analytics.py
[2026-09-08T14:03:57.528+0000] {logging_mixin.py:188} INFO - [2026-09-08T14:03:57.528+0000] {dag.py:3089} INFO - Sync 1 DAGs
[2026-09-08T14:03:57.547+0000] {logging_mixin.py:188} INFO - [2026-09-08T14:03:57.547+0000] {dag.py:3947} INFO - Setting next_dagrun for steam_analytics_daily to 2026-09-08 02:00:00+00:00, run_after=2026-09-09 02:00:00+00:00
[2026-09-08T14:03:57.563+0000] {processor.py:183} INFO - Processing /opt/airflow/dags/steam_analytics.py took 0.205 seconds
[2026-09-08T14:04:27.682+0000] {processor.py:161} INFO - Started process (PID=1575) to work on /opt/airflow/dags/steam_analytics.py
[2026-09-08T14:04:27.683+0000] {processor.py:830} INFO - Processing file /opt/airflow/dags/steam_analytics.py for tasks to queue
[2026-09-08T14:04:27.684+0000] {logging_mixin.py:188} INFO - [2026-09-08T14:04:27.684+0000] {dagbag.py:545} INFO - Filling up the DagBag from /opt/airflow/dags/steam_analytics.py
[2026-09-08T14:04:27.818+0000] {processor.py:840} INFO - DAG(s) 'steam_analytics_daily' retrieved from /opt/airflow/dags/steam_analytics.py
[2026-09-08T14:04:27.844+0000] {logging_mixin.py:188} INFO - [2026-09-08T14:04:27.844+0000] {dag.py:3089} INFO - Sync 1 DAGs
[2026-09-08T14:04:27.867+0000] {logging_mixin.py:188} INFO - [2026-09-08T14:04:27.867+0000] {dag.py:3947} INFO - Setting next_dagrun for steam_analytics_daily to 2026-09-08 02:00:00+00:00, run_after=2026-09-09 02:00:00+00:00
[2026-09-08T14:04:27.882+0000] {processor.py:183} INFO - Processing /opt/airflow/dags/steam_analytics.py took 0.205 seconds
[2026-09-08T14:04:58.000+0000] {processor.py:161} INFO - Started process (PID=1580) to work on /opt/airflow/dags/steam_analytics.py
[2026-09-08T14:04:58.001+0000] {processor.py:830} INFO - Processing file /opt/airflow/dags/steam_analytics.py for tasks to queue
[2026-09-08T14:04:58.002+0000] {logging_mixin.py:188} INFO - [2026-09-08T14:04:58.002+0000] {dagbag.py:545} INFO - Filling up the DagBag from /opt/airflow/dags/steam_analytics.py
[2026-09-08T14:04:58.136+0000] {processor.py:840} INFO - DAG(s) 'steam_analytics_daily' retrieved from /opt/airflow/dags/steam_analytics.py
[2026-09-08T14:04:58.165+0000] {logging_mixin.py:188} INFO - [2026-09-08T14:04:58.165+0000] {dag.py:3089} INFO - Sync 1 DAGs
[2026-09-08T14:04:58.185+0000] {logging_mixin.py:188} INFO - [2026-09-08T14:04:58.185+0000] {dag.py:3947} INFO - Setting next_dagrun for steam_analytics_daily to 2026-09-08 02:00:00+00:00, run_after=2026-09-09 02:00:00+00:00
[2026-09-08T14:04:58.202+0000] {processor.py:183} INFO - Processing /opt/airflow/dags/steam_analytics.py took 0.207 seconds
[2026-09-08T14:05:28.321+0000] {processor.py:161} INFO - Started process (PID=1585) to work on /opt/airflow/dags/steam_analytics.py
[2026-09-08T14:05:28.321+0000] {processor.py:830} INFO - Processing file /opt/airflow/dags/steam_analytics.py for tasks to queue
[2026-09-08T14:05:28.323+0000] {logging_mixin.py:188} INFO - [2026-09-08T14:05:28.323+0000] {dagbag.py:545} INFO - Filling up the DagBag from /opt/airflow/dags/steam_analytics.py
[2026-09-08T14:05:28.460+0000] {processor.py:840} INFO - DAG(s) 'steam_analytics_daily' retrieved from /opt/airflow/dags/steam_analytics.py
[2026-09-08T14:05:28.487+0000] {logging_mixin.py:188} INFO - [2026-09-08T14:05:28.486+0000] {dag.py:3089} INFO - Sync 1 DAGs
[2026-09-08T14:05:28.509+0000] {logging_mixin.py:188} INFO - [2026-09-08T14:05:28.509+0000] {dag.py:3947} INFO - Setting next_dagrun for steam_analytics_daily to 2026-09-08 02:00:00+00:00, run_after=2026-09-09 02:00:00+00:00
[2026-09-08T14:05:28.526+0000] {processor.py:183} INFO - Processing /opt/airflow/dags/steam_analytics.py took 0.211 seconds
[2026-09-08T14:05:58.648+0000] {processor.py:161} INFO - Started process (PID=1590) to work on /opt/airflow/dags/steam_analytics.py
[2026-09-08T14:05:58.649+0000] {processor.py:830} INFO - Processing file /opt/airflow/dags/steam_analytics.py for tasks to queue
[2026-09-08T14:05:58.650+0000] {logging_mixin.py:188} INFO - [2026-09-08T14:05:58.650+0000] {dagbag.py:545} INFO - Filling up the DagBag from /opt/airflow/dags/steam_analytics.py
[2026-09-08T14:05:58.780+0000] {processor.py:840} INFO - DAG(s) 'steam_analytics_daily' retrieved from /opt/airflow/dags/steam_analytics.py
[2026-09-08T14:05:58.804+0000] {logging_mixin.py:188} INFO - [2026-09-08T14:05:58.804+0000] {dag.py:3089} INFO - Sync 1 DAGs
[2026-09-08T14:05:58.825+0000] {logging_mixin.py:188} INFO - [2026-09-08T14:05:58.824+0000] {dag.py:3947} INFO - Setting next_dagrun for steam_analytics_daily to 2026-09-08 02:00:00+00:00, run_after=2026-09-09 02:00:00+00:00
[2026-09-08T14:05:58.842+0000] {processor.py:183} INFO - Processing /opt/airflow/dags/steam_analytics.py took 0.199 seconds
[2026-09-08T14:06:28.962+0000] {processor.py:161} INFO - Started process (PID=1595) to work on /opt/airflow/dags/steam_analytics.py
[2026-09-08T14:06:28.963+0000] {processor.py:830} INFO - Processing file /opt/airflow/dags/steam_analytics.py for tasks to queue
[2026-09-08T14:06:28.964+0000] {logging_mixin.py:188} INFO - [2026-09-08T14:06:28.964+0000] {dagbag.py:545} INFO - Filling up the DagBag from /opt/airflow/dags/steam_analytics.py
[2026-09-08T14:06:29.092+0000] {processor.py:840} INFO - DAG(s) 'steam_analytics_daily' retrieved from /opt/airflow/dags/steam_analytics.py
[2026-09-08T14:06:29.116+0000] {logging_mixin.py:188} INFO - [2026-09-08T14:06:29.116+0000] {dag.py:3089} INFO - Sync 1 DAGs
[2026-09-08T14:06:29.135+0000] {logging_mixin.py:188} INFO - [2026-09-08T14:06:29.134+0000] {dag.py:3947} INFO - Setting next_dagrun for steam_analytics_daily to 2026-09-08 02:00:00+00:00, run_after=2026-09-09 02:00:00+00:00
[2026-09-08T14:06:29.149+0000] {processor.py:183} INFO - Processing /opt/airflow/dags/steam_analytics.py took 0.191 seconds
[2026-09-08T14:06:59.265+0000] {processor.py:161} INFO - Started process (PID=1600) to work on /opt/airflow/dags/steam_analytics.py
[2026-09-08T14:06:59.266+0000] {processor.py:830} INFO - Processing file /opt/airflow/dags/steam_analytics.py for tasks to queue
[2026-09-08T14:06:59.267+0000] {logging_mixin.py:188} INFO - [2026-09-08T14:06:59.267+0000] {dagbag.py:545} INFO - Filling up the DagBag from /opt/airflow/dags/steam_analytics.py
[2026-09-08T14:06:59.395+0000] {processor.py:840} INFO - DAG(s) 'steam_analytics_daily' retrieved from /opt/airflow/dags/steam_analytics.py
[2026-09-08T14:06:59.419+0000] {logging_mixin.py:188} INFO - [2026-09-08T14:06:59.419+0000] {dag.py:3089} INFO - Sync 1 DAGs
[2026-09-08T14:06:59.437+0000] {logging_mixin.py:188} INFO - [2026-09-08T14:06:59.437+0000] {dag.py:3947} INFO - Setting next_dagrun for steam_analytics_daily to 2026-09-08 02:00:00+00:00, run_after=2026-09-09 02:00:00+00:00
[2026-09-08T14:06:59.451+0000] {processor.py:183} INFO - Processing /opt/airflow/dags/steam_analytics.py took 0.190 seconds
[2026-09-08T14:07:29.567+0000] {processor.py:161} INFO - Started process (PID=1605) to work on /opt/airflow/dags/steam_analytics.py
[2026-09-08T14:07:29.567+0000] {processor.py:830} INFO - Processing file /opt/airflow/dags/steam_analytics.py for tasks to queue
[2026-09-08T14:07:29.569+0000] {logging_mixin.py:188} INFO - [2026-09-08T14:07:29.569+0000] {dagbag.py:545} INFO - Filling up the DagBag from /opt/airflow/dags/steam_analytics.py
[2026-09-08T14:07:29.744+0000] {processor.py:840} INFO - DAG(s) 'steam_analytics_daily' retrieved from /opt/airflow/dags/steam_analytics.py
[2026-09-08T14:07:29.771+0000] {logging_mixin.py:188} INFO - [2026-09-08T14:07:29.771+0000] {dag.py:3089} INFO - Sync 1 DAGs
[2026-09-08T14:07:29.791+0000] {logging_mixin.py:188} INFO - [2026-09-08T14:07:29.790+0000] {dag.py:3947} INFO - Setting next_dagrun for steam_analytics_daily to 2026-09-08 02:00:00+00:00, run_after=2026-09-09 02:00:00+00:00
[2026-09-08T14:07:29.805+0000] {processor.py:183} INFO - Processing /opt/airflow/dags/steam_analytics.py took 0.244 seconds
[2026-09-08T14:07:59.927+0000] {processor.py:161} INFO - Started process (PID=1610) to work on /opt/airflow/dags/steam_analytics.py
[2026-09-08T14:07:59.928+0000] {processor.py:830} INFO - Processing file /opt/airflow/dags/steam_analytics.py for tasks to queue
[2026-09-08T14:07:59.929+0000] {logging_mixin.py:188} INFO - [2026-09-08T14:07:59.929+0000] {dagbag.py:545} INFO - Filling up the DagBag from /opt/airflow/dags/steam_analytics.py
[2026-09-08T14:08:00.061+0000] {processor.py:840} INFO - DAG(s) 'steam_analytics_daily' retrieved from /opt/airflow/dags/steam_analytics.py
[2026-09-08T14:08:00.087+0000] {logging_mixin.py:188} INFO - [2026-09-08T14:08:00.087+0000] {dag.py:3089} INFO - Sync 1 DAGs
[2026-09-08T14:08:00.107+0000] {logging_mixin.py:188} INFO - [2026-09-08T14:08:00.107+0000] {dag.py:3947} INFO - Setting next_dagrun for steam_analytics_daily to 2026-09-08 02:00:00+00:00, run_after=2026-09-09 02:00:00+00:00
[2026-09-08T14:08:00.123+0000] {processor.py:183} INFO - Processing /opt/airflow/dags/steam_analytics.py took 0.200 seconds
[2026-09-08T14:08:30.241+0000] {processor.py:161} INFO - Started process (PID=1615) to work on /opt/airflow/dags/steam_analytics.py
[2026-09-08T14:08:30.242+0000] {processor.py:830} INFO - Processing file /opt/airflow/dags/steam_analytics.py for tasks to queue
[2026-09-08T14:08:30.243+0000] {logging_mixin.py:188} INFO - [2026-09-08T14:08:30.243+0000] {dagbag.py:545} INFO - Filling up the DagBag from /opt/airflow/dags/steam_analytics.py
[2026-09-08T14:08:30.369+0000] {processor.py:840} INFO - DAG(s) 'steam_analytics_daily' retrieved from /opt/airflow/dags/steam_analytics.py
[2026-09-08T14:08:30.393+0000] {logging_mixin.py:188} INFO - [2026-09-08T14:08:30.393+0000] {dag.py:3089} INFO - Sync 1 DAGs
[2026-09-08T14:08:30.412+0000] {logging_mixin.py:188} INFO - [2026-09-08T14:08:30.412+0000] {dag.py:3947} INFO - Setting next_dagrun for steam_analytics_daily to 2026-09-08 02:00:00+00:00, run_after=2026-09-09 02:00:00+00:00
[2026-09-08T14:08:30.428+0000] {processor.py:183} INFO - Processing /opt/airflow/dags/steam_analytics.py took 0.191 seconds
[2026-09-08T14:09:00.549+0000] {processor.py:161} INFO - Started process (PID=1620) to work on /opt/airflow/dags/steam_analytics.py
[2026-09-08T14:09:00.550+0000] {processor.py:830} INFO - Processing file /opt/airflow/dags/steam_analytics.py for tasks to queue
[2026-09-08T14:09:00.552+0000] {logging_mixin.py:188} INFO - [2026-09-08T14:09:00.552+0000] {dagbag.py:545} INFO - Filling up the DagBag from /opt/airflow/dags/steam_analytics.py
[2026-09-08T14:09:00.712+0000] {processor.py:840} INFO - DAG(s) 'steam_analytics_daily' retrieved from /opt/airflow/dags/steam_analytics.py
[2026-09-08T14:09:00.742+0000] {logging_mixin.py:188} INFO - [2026-09-08T14:09:00.742+0000] {dag.py:3089} INFO - Sync 1 DAGs
[2026-09-08T14:09:00.767+0000] {logging_mixin.py:188} INFO - [2026-09-08T14:09:00.767+0000] {dag.py:3947} INFO - Setting next_dagrun for steam_analytics_daily to 2026-09-08 02:00:00+00:00, run_after=2026-09-09 02:00:00+00:00
[2026-09-08T14:09:00.783+0000] {processor.py:183} INFO - Processing /opt/airflow/dags/steam_analytics.py took 0.240 seconds
[2026-09-08T14:09:30.911+0000] {processor.py:161} INFO - Started process (PID=1625) to work on /opt/airflow/dags/steam_analytics.py
[2026-09-08T14:09:30.912+0000] {processor.py:830} INFO - Processing file /opt/airflow/dags/steam_analytics.py for tasks to queue
[2026-09-08T14:09:30.913+0000] {logging_mixin.py:188} INFO - [2026-09-08T14:09:30.913+0000] {dagbag.py:545} INFO - Filling up the DagBag from /opt/airflow/dags/steam_analytics.py
[2026-09-08T14:09:31.054+0000] {processor.py:840} INFO - DAG(s) 'steam_analytics_daily' retrieved from /opt/airflow/dags/steam_analytics.py
[2026-09-08T14:09:31.083+0000] {logging_mixin.py:188} INFO - [2026-09-08T14:09:31.083+0000] {dag.py:3089} INFO - Sync 1 DAGs
[2026-09-08T14:09:31.103+0000] {logging_mixin.py:188} INFO - [2026-09-08T14:09:31.103+0000] {dag.py:3947} INFO - Setting next_dagrun for steam_analytics_daily to 2026-09-08 02:00:00+00:00, run_after=2026-09-09 02:00:00+00:00
[2026-09-08T14:09:31.120+0000] {processor.py:183} INFO - Processing /opt/airflow/dags/steam_analytics.py took 0.214 seconds
[2026-09-08T14:10:01.246+0000] {processor.py:161} INFO - Started process (PID=1630) to work on /opt/airflow/dags/steam_analytics.py
[2026-09-08T14:10:01.247+0000] {processor.py:830} INFO - Processing file /opt/airflow/dags/steam_analytics.py for tasks to queue
[2026-09-08T14:10:01.248+0000] {logging_mixin.py:188} INFO - [2026-09-08T14:10:01.248+0000] {dagbag.py:545} INFO - Filling up the DagBag from /opt/airflow/dags/steam_analytics.py
[2026-09-08T14:10:01.411+0000] {processor.py:840} INFO - DAG(s) 'steam_analytics_daily' retrieved from /opt/airflow/dags/steam_analytics.py
[2026-09-08T14:10:01.442+0000] {logging_mixin.py:188} INFO - [2026-09-08T14:10:01.441+0000] {dag.py:3089} INFO - Sync 1 DAGs
[2026-09-08T14:10:01.465+0000] {logging_mixin.py:188} INFO - [2026-09-08T14:10:01.465+0000] {dag.py:3947} INFO - Setting next_dagrun for steam_analytics_daily to 2026-09-08 02:00:00+00:00, run_after=2026-09-09 02:00:00+00:00
[2026-09-08T14:10:01.483+0000] {processor.py:183} INFO - Processing /opt/airflow/dags/steam_analytics.py took 0.242 seconds
[2026-09-08T14:10:31.612+0000] {processor.py:161} INFO - Started process (PID=1635) to work on /opt/airflow/dags/steam_analytics.py
[2026-09-08T14:10:31.613+0000] {processor.py:830} INFO - Processing file /opt/airflow/dags/steam_analytics.py for tasks to queue
[2026-09-08T14:10:31.615+0000] {logging_mixin.py:188} INFO - [2026-09-08T14:10:31.614+0000] {dagbag.py:545} INFO - Filling up the DagBag from /opt/airflow/dags/steam_analytics.py
[2026-09-08T14:10:31.750+0000] {processor.py:840} INFO - DAG(s) 'steam_analytics_daily' retrieved from /opt/airflow/dags/steam_analytics.py
[2026-09-08T14:10:31.774+0000] {logging_mixin.py:188} INFO - [2026-09-08T14:10:31.774+0000] {dag.py:3089} INFO - Sync 1 DAGs
[2026-09-08T14:10:31.799+0000] {logging_mixin.py:188} INFO - [2026-09-08T14:10:31.799+0000] {dag.py:3947} INFO - Setting next_dagrun for steam_analytics_daily to 2026-09-08 02:00:00+00:00, run_after=2026-09-09 02:00:00+00:00
[2026-09-08T14:10:31.819+0000] {processor.py:183} INFO - Processing /opt/airflow/dags/steam_analytics.py took 0.211 seconds
[2026-09-08T14:11:01.953+0000] {processor.py:161} INFO - Started process (PID=1640) to work on /opt/airflow/dags/steam_analytics.py
[2026-09-08T14:11:01.954+0000] {processor.py:830} INFO - Processing file /opt/airflow/dags/steam_analytics.py for tasks to queue
[2026-09-08T14:11:01.955+0000] {logging_mixin.py:188} INFO - [2026-09-08T14:11:01.955+0000] {dagbag.py:545} INFO - Filling up the DagBag from /opt/airflow/dags/steam_analytics.py
[2026-09-08T14:11:02.112+0000] {processor.py:840} INFO - DAG(s) 'steam_analytics_daily' retrieved from /opt/airflow/dags/steam_analytics.py
[2026-09-08T14:11:02.143+0000] {logging_mixin.py:188} INFO - [2026-09-08T14:11:02.143+0000] {dag.py:3089} INFO - Sync 1 DAGs
[2026-09-08T14:11:02.168+0000] {logging_mixin.py:188} INFO - [2026-09-08T14:11:02.168+0000] {dag.py:3947} INFO - Setting next_dagrun for steam_analytics_daily to 2026-09-08 02:00:00+00:00, run_after=2026-09-09 02:00:00+00:00
[2026-09-08T14:11:02.185+0000] {processor.py:183} INFO - Processing /opt/airflow/dags/steam_analytics.py took 0.238 seconds
[2026-09-08T14:11:32.307+0000] {processor.py:161} INFO - Started process (PID=1645) to work on /opt/airflow/dags/steam_analytics.py
[2026-09-08T14:11:32.308+0000] {processor.py:830} INFO - Processing file /opt/airflow/dags/steam_analytics.py for tasks to queue
[2026-09-08T14:11:32.309+0000] {logging_mixin.py:188} INFO - [2026-09-08T14:11:32.309+0000] {dagbag.py:545} INFO - Filling up the DagBag from /opt/airflow/dags/steam_analytics.py
[2026-09-08T14:11:32.443+0000] {processor.py:840} INFO - DAG(s) 'steam_analytics_daily' retrieved from /opt/airflow/dags/steam_analytics.py
[2026-09-08T14:11:32.469+0000] {logging_mixin.py:188} INFO - [2026-09-08T14:11:32.468+0000] {dag.py:3089} INFO - Sync 1 DAGs
[2026-09-08T14:11:32.488+0000] {logging_mixin.py:188} INFO - [2026-09-08T14:11:32.488+0000] {dag.py:3947} INFO - Setting next_dagrun for steam_analytics_daily to 2026-09-08 02:00:00+00:00, run_after=2026-09-09 02:00:00+00:00
[2026-09-08T14:11:32.503+0000] {processor.py:183} INFO - Processing /opt/airflow/dags/steam_analytics.py took 0.201 seconds
[2026-09-08T14:12:02.617+0000] {processor.py:161} INFO - Started process (PID=1650) to work on /opt/airflow/dags/steam_analytics.py
[2026-09-08T14:12:02.617+0000] {processor.py:830} INFO - Processing file /opt/airflow/dags/steam_analytics.py for tasks to queue
[2026-09-08T14:12:02.619+0000] {logging_mixin.py:188} INFO - [2026-09-08T14:12:02.619+0000] {dagbag.py:545} INFO - Filling up the DagBag from /opt/airflow/dags/steam_analytics.py
[2026-09-08T14:12:02.752+0000] {processor.py:840} INFO - DAG(s) 'steam_analytics_daily' retrieved from /opt/airflow/dags/steam_analytics.py
[2026-09-08T14:12:02.777+0000] {logging_mixin.py:188} INFO - [2026-09-08T14:12:02.776+0000] {dag.py:3089} INFO - Sync 1 DAGs
[2026-09-08T14:12:02.796+0000] {logging_mixin.py:188} INFO - [2026-09-08T14:12:02.796+0000] {dag.py:3947} INFO - Setting next_dagrun for steam_analytics_daily to 2026-09-08 02:00:00+00:00, run_after=2026-09-09 02:00:00+00:00
[2026-09-08T14:12:02.811+0000] {processor.py:183} INFO - Processing /opt/airflow/dags/steam_analytics.py took 0.199 seconds
[2026-09-08T14:12:32.933+0000] {processor.py:161} INFO - Started process (PID=1655) to work on /opt/airflow/dags/steam_analytics.py
[2026-09-08T14:12:32.934+0000] {processor.py:830} INFO - Processing file /opt/airflow/dags/steam_analytics.py for tasks to queue
[2026-09-08T14:12:32.936+0000] {logging_mixin.py:188} INFO - [2026-09-08T14:12:32.935+0000] {dagbag.py:545} INFO - Filling up the DagBag from /opt/airflow/dags/steam_analytics.py
[2026-09-08T14:12:33.067+0000] {processor.py:840} INFO - DAG(s) 'steam_analytics_daily' retrieved from /opt/airflow/dags/steam_analytics.py
[2026-09-08T14:12:33.090+0000] {logging_mixin.py:188} INFO - [2026-09-08T14:12:33.090+0000] {dag.py:3089} INFO - Sync 1 DAGs
[2026-09-08T14:12:33.108+0000] {logging_mixin.py:188} INFO - [2026-09-08T14:12:33.108+0000] {dag.py:3947} INFO - Setting next_dagrun for steam_analytics_daily to 2026-09-08 02:00:00+00:00, run_after=2026-09-09 02:00:00+00:00
[2026-09-08T14:12:33.124+0000] {processor.py:183} INFO - Processing /opt/airflow/dags/steam_analytics.py took 0.196 seconds
[2026-09-08T14:13:03.241+0000] {processor.py:161} INFO - Started process (PID=1660) to work on /opt/airflow/dags/steam_analytics.py
[2026-09-08T14:13:03.242+0000] {processor.py:830} INFO - Processing file /opt/airflow/dags/steam_analytics.py for tasks to queue
[2026-09-08T14:13:03.243+0000] {logging_mixin.py:188} INFO - [2026-09-08T14:13:03.243+0000] {dagbag.py:545} INFO - Filling up the DagBag from /opt/airflow/dags/steam_analytics.py
[2026-09-08T14:13:03.379+0000] {processor.py:840} INFO - DAG(s) 'steam_analytics_daily' retrieved from /opt/airflow/dags/steam_analytics.py
[2026-09-08T14:13:03.405+0000] {logging_mixin.py:188} INFO - [2026-09-08T14:13:03.405+0000] {dag.py:3089} INFO - Sync 1 DAGs
[2026-09-08T14:13:03.425+0000] {logging_mixin.py:188} INFO - [2026-09-08T14:13:03.425+0000] {dag.py:3947} INFO - Setting next_dagrun for steam_analytics_daily to 2026-09-08 02:00:00+00:00, run_after=2026-09-09 02:00:00+00:00
[2026-09-08T14:13:03.440+0000] {processor.py:183} INFO - Processing /opt/airflow/dags/steam_analytics.py took 0.204 seconds
[2026-09-08T14:13:33.555+0000] {processor.py:161} INFO - Started process (PID=1665) to work on /opt/airflow/dags/steam_analytics.py
[2026-09-08T14:13:33.556+0000] {processor.py:830} INFO - Processing file /opt/airflow/dags/steam_analytics.py for tasks to queue
[2026-09-08T14:13:33.557+0000] {logging_mixin.py:188} INFO - [2026-09-08T14:13:33.557+0000] {dagbag.py:545} INFO - Filling up the DagBag from /opt/airflow/dags/steam_analytics.py
[2026-09-08T14:13:33.694+0000] {processor.py:840} INFO - DAG(s) 'steam_analytics_daily' retrieved from /opt/airflow/dags/steam_analytics.py
[2026-09-08T14:13:33.722+0000] {logging_mixin.py:188} INFO - [2026-09-08T14:13:33.721+0000] {dag.py:3089} INFO - Sync 1 DAGs
[2026-09-08T14:13:33.741+0000] {logging_mixin.py:188} INFO - [2026-09-08T14:13:33.740+0000] {dag.py:3947} INFO - Setting next_dagrun for steam_analytics_daily to 2026-09-08 02:00:00+00:00, run_after=2026-09-09 02:00:00+00:00
[2026-09-08T14:13:33.756+0000] {processor.py:183} INFO - Processing /opt/airflow/dags/steam_analytics.py took 0.206 seconds
[2026-09-08T14:14:03.874+0000] {processor.py:161} INFO - Started process (PID=1670) to work on /opt/airflow/dags/steam_analytics.py
[2026-09-08T14:14:03.875+0000] {processor.py:830} INFO - Processing file /opt/airflow/dags/steam_analytics.py for tasks to queue
[2026-09-08T14:14:03.876+0000] {logging_mixin.py:188} INFO - [2026-09-08T14:14:03.876+0000] {dagbag.py:545} INFO - Filling up the DagBag from /opt/airflow/dags/steam_analytics.py
[2026-09-08T14:14:04.014+0000] {processor.py:840} INFO - DAG(s) 'steam_analytics_daily' retrieved from /opt/airflow/dags/steam_analytics.py
[2026-09-08T14:14:04.039+0000] {logging_mixin.py:188} INFO - [2026-09-08T14:14:04.039+0000] {dag.py:3089} INFO - Sync 1 DAGs
[2026-09-08T14:14:04.057+0000] {logging_mixin.py:188} INFO - [2026-09-08T14:14:04.057+0000] {dag.py:3947} INFO - Setting next_dagrun for steam_analytics_daily to 2026-09-08 02:00:00+00:00, run_after=2026-09-09 02:00:00+00:00
[2026-09-08T14:14:04.072+0000] {processor.py:183} INFO - Processing /opt/airflow/dags/steam_analytics.py took 0.202 seconds
[2026-09-08T14:14:34.193+0000] {processor.py:161} INFO - Started process (PID=1675) to work on /opt/airflow/dags/steam_analytics.py
[2026-09-08T14:14:34.194+0000] {processor.py:830} INFO - Processing file /opt/airflow/dags/steam_analytics.py for tasks to queue
[2026-09-08T14:14:34.195+0000] {logging_mixin.py:188} INFO - [2026-09-08T14:14:34.195+0000] {dagbag.py:545} INFO - Filling up the DagBag from /opt/airflow/dags/steam_analytics.py
[2026-09-08T14:14:34.332+0000] {processor.py:840} INFO - DAG(s) 'steam_analytics_daily' retrieved from /opt/airflow/dags/steam_analytics.py
[2026-09-08T14:14:34.359+0000] {logging_mixin.py:188} INFO - [2026-09-08T14:14:34.358+0000] {dag.py:3089} INFO - Sync 1 DAGs
[2026-09-08T14:14:34.378+0000] {logging_mixin.py:188} INFO - [2026-09-08T14:14:34.378+0000] {dag.py:3947} INFO - Setting next_dagrun for steam_analytics_daily to 2026-09-08 02:00:00+00:00, run_after=2026-09-09 02:00:00+00:00
[2026-09-08T14:14:34.394+0000] {processor.py:183} INFO - Processing /opt/airflow/dags/steam_analytics.py took 0.206 seconds
[2026-09-08T14:15:04.508+0000] {processor.py:161} INFO - Started process (PID=1680) to work on /opt/airflow/dags/steam_analytics.py
[2026-09-08T14:15:04.509+0000] {processor.py:830} INFO - Processing file /opt/airflow/dags/steam_analytics.py for tasks to queue
[2026-09-08T14:15:04.510+0000] {logging_mixin.py:188} INFO - [2026-09-08T14:15:04.510+0000] {dagbag.py:545} INFO - Filling up the DagBag from /opt/airflow/dags/steam_analytics.py
[2026-09-08T14:15:04.638+0000] {processor.py:840} INFO - DAG(s) 'steam_analytics_daily' retrieved from /opt/airflow/dags/steam_analytics.py
[2026-09-08T14:15:04.662+0000] {logging_mixin.py:188} INFO - [2026-09-08T14:15:04.662+0000] {dag.py:3089} INFO - Sync 1 DAGs
[2026-09-08T14:15:04.683+0000] {logging_mixin.py:188} INFO - [2026-09-08T14:15:04.683+0000] {dag.py:3947} INFO - Setting next_dagrun for steam_analytics_daily to 2026-09-08 02:00:00+00:00, run_after=2026-09-09 02:00:00+00:00
[2026-09-08T14:15:04.699+0000] {processor.py:183} INFO - Processing /opt/airflow/dags/steam_analytics.py took 0.195 seconds
[2026-09-08T14:15:34.818+0000] {processor.py:161} INFO - Started process (PID=1685) to work on /opt/airflow/dags/steam_analytics.py
[2026-09-08T14:15:34.819+0000] {processor.py:830} INFO - Processing file /opt/airflow/dags/steam_analytics.py for tasks to queue
[2026-09-08T14:15:34.820+0000] {logging_mixin.py:188} INFO - [2026-09-08T14:15:34.820+0000] {dagbag.py:545} INFO - Filling up the DagBag from /opt/airflow/dags/steam_analytics.py
[2026-09-08T14:15:34.952+0000] {processor.py:840} INFO - DAG(s) 'steam_analytics_daily' retrieved from /opt/airflow/dags/steam_analytics.py
[2026-09-08T14:15:34.978+0000] {logging_mixin.py:188} INFO - [2026-09-08T14:15:34.977+0000] {dag.py:3089} INFO - Sync 1 DAGs
[2026-09-08T14:15:34.997+0000] {logging_mixin.py:188} INFO - [2026-09-08T14:15:34.997+0000] {dag.py:3947} INFO - Setting next_dagrun for steam_analytics_daily to 2026-09-08 02:00:00+00:00, run_after=2026-09-09 02:00:00+00:00
[2026-09-08T14:15:35.012+0000] {processor.py:183} INFO - Processing /opt/airflow/dags/steam_analytics.py took 0.199 seconds
[2026-09-08T14:16:05.135+0000] {processor.py:161} INFO - Started process (PID=1690) to work on /opt/airflow/dags/steam_analytics.py
[2026-09-08T14:16:05.136+0000] {processor.py:830} INFO - Processing file /opt/airflow/dags/steam_analytics.py for tasks to queue
[2026-09-08T14:16:05.137+0000] {logging_mixin.py:188} INFO - [2026-09-08T14:16:05.137+0000] {dagbag.py:545} INFO - Filling up the DagBag from /opt/airflow/dags/steam_analytics.py
[2026-09-08T14:16:05.272+0000] {processor.py:840} INFO - DAG(s) 'steam_analytics_daily' retrieved from /opt/airflow/dags/steam_analytics.py
[2026-09-08T14:16:05.299+0000] {logging_mixin.py:188} INFO - [2026-09-08T14:16:05.298+0000] {dag.py:3089} INFO - Sync 1 DAGs
[2026-09-08T14:16:05.318+0000] {logging_mixin.py:188} INFO - [2026-09-08T14:16:05.317+0000] {dag.py:3947} INFO - Setting next_dagrun for steam_analytics_daily to 2026-09-08 02:00:00+00:00, run_after=2026-09-09 02:00:00+00:00
[2026-09-08T14:16:05.333+0000] {processor.py:183} INFO - Processing /opt/airflow/dags/steam_analytics.py took 0.203 seconds
[2026-09-08T14:16:35.453+0000] {processor.py:161} INFO - Started process (PID=1695) to work on /opt/airflow/dags/steam_analytics.py
[2026-09-08T14:16:35.454+0000] {processor.py:830} INFO - Processing file /opt/airflow/dags/steam_analytics.py for tasks to queue
[2026-09-08T14:16:35.455+0000] {logging_mixin.py:188} INFO - [2026-09-08T14:16:35.455+0000] {dagbag.py:545} INFO - Filling up the DagBag from /opt/airflow/dags/steam_analytics.py
[2026-09-08T14:16:35.581+0000] {processor.py:840} INFO - DAG(s) 'steam_analytics_daily' retrieved from /opt/airflow/dags/steam_analytics.py
[2026-09-08T14:16:35.605+0000] {logging_mixin.py:188} INFO - [2026-09-08T14:16:35.605+0000] {dag.py:3089} INFO - Sync 1 DAGs
[2026-09-08T14:16:35.623+0000] {logging_mixin.py:188} INFO - [2026-09-08T14:16:35.623+0000] {dag.py:3947} INFO - Setting next_dagrun for steam_analytics_daily to 2026-09-08 02:00:00+00:00, run_after=2026-09-09 02:00:00+00:00
[2026-09-08T14:16:35.639+0000] {processor.py:183} INFO - Processing /opt/airflow/dags/steam_analytics.py took 0.191 seconds
[2026-09-08T14:17:05.754+0000] {processor.py:161} INFO - Started process (PID=1700) to work on /opt/airflow/dags/steam_analytics.py
[2026-09-08T14:17:05.755+0000] {processor.py:830} INFO - Processing file /opt/airflow/dags/steam_analytics.py for tasks to queue
[2026-09-08T14:17:05.756+0000] {logging_mixin.py:188} INFO - [2026-09-08T14:17:05.756+0000] {dagbag.py:545} INFO - Filling up the DagBag from /opt/airflow/dags/steam_analytics.py
[2026-09-08T14:17:05.889+0000] {processor.py:840} INFO - DAG(s) 'steam_analytics_daily' retrieved from /opt/airflow/dags/steam_analytics.py
[2026-09-08T14:17:05.914+0000] {logging_mixin.py:188} INFO - [2026-09-08T14:17:05.914+0000] {dag.py:3089} INFO - Sync 1 DAGs
[2026-09-08T14:17:05.934+0000] {logging_mixin.py:188} INFO - [2026-09-08T14:17:05.934+0000] {dag.py:3947} INFO - Setting next_dagrun for steam_analytics_daily to 2026-09-08 02:00:00+00:00, run_after=2026-09-09 02:00:00+00:00
[2026-09-08T14:17:05.948+0000] {processor.py:183} INFO - Processing /opt/airflow/dags/steam_analytics.py took 0.199 seconds
[2026-09-08T14:17:36.065+0000] {processor.py:161} INFO - Started process (PID=1705) to work on /opt/airflow/dags/steam_analytics.py
[2026-09-08T14:17:36.065+0000] {processor.py:830} INFO - Processing file /opt/airflow/dags/steam_analytics.py for tasks to queue
[2026-09-08T14:17:36.067+0000] {logging_mixin.py:188} INFO - [2026-09-08T14:17:36.067+0000] {dagbag.py:545} INFO - Filling up the DagBag from /opt/airflow/dags/steam_analytics.py
[2026-09-08T14:17:36.196+0000] {processor.py:840} INFO - DAG(s) 'steam_analytics_daily' retrieved from /opt/airflow/dags/steam_analytics.py
[2026-09-08T14:17:36.221+0000] {logging_mixin.py:188} INFO - [2026-09-08T14:17:36.220+0000] {dag.py:3089} INFO - Sync 1 DAGs
[2026-09-08T14:17:36.240+0000] {logging_mixin.py:188} INFO - [2026-09-08T14:17:36.239+0000] {dag.py:3947} INFO - Setting next_dagrun for steam_analytics_daily to 2026-09-08 02:00:00+00:00, run_after=2026-09-09 02:00:00+00:00
[2026-09-08T14:17:36.254+0000] {processor.py:183} INFO - Processing /opt/airflow/dags/steam_analytics.py took 0.194 seconds
[2026-09-08T14:18:06.375+0000] {processor.py:161} INFO - Started process (PID=1710) to work on /opt/airflow/dags/steam_analytics.py
[2026-09-08T14:18:06.379+0000] {processor.py:830} INFO - Processing file /opt/airflow/dags/steam_analytics.py for tasks to queue
[2026-09-08T14:18:06.381+0000] {logging_mixin.py:188} INFO - [2026-09-08T14:18:06.380+0000] {dagbag.py:545} INFO - Filling up the DagBag from /opt/airflow/dags/steam_analytics.py
[2026-09-08T14:18:06.511+0000] {processor.py:840} INFO - DAG(s) 'steam_analytics_daily' retrieved from /opt/airflow/dags/steam_analytics.py
[2026-09-08T14:18:06.537+0000] {logging_mixin.py:188} INFO - [2026-09-08T14:18:06.537+0000] {dag.py:3089} INFO - Sync 1 DAGs
[2026-09-08T14:18:06.556+0000] {logging_mixin.py:188} INFO - [2026-09-08T14:18:06.556+0000] {dag.py:3947} INFO - Setting next_dagrun for steam_analytics_daily to 2026-09-08 02:00:00+00:00, run_after=2026-09-09 02:00:00+00:00
[2026-09-08T14:18:06.571+0000] {processor.py:183} INFO - Processing /opt/airflow/dags/steam_analytics.py took 0.200 seconds
[2026-09-08T14:18:36.688+0000] {processor.py:161} INFO - Started process (PID=1715) to work on /opt/airflow/dags/steam_analytics.py
[2026-09-08T14:18:36.688+0000] {processor.py:830} INFO - Processing file /opt/airflow/dags/steam_analytics.py for tasks to queue
[2026-09-08T14:18:36.690+0000] {logging_mixin.py:188} INFO - [2026-09-08T14:18:36.689+0000] {dagbag.py:545} INFO - Filling up the DagBag from /opt/airflow/dags/steam_analytics.py
[2026-09-08T14:18:36.820+0000] {processor.py:840} INFO - DAG(s) 'steam_analytics_daily' retrieved from /opt/airflow/dags/steam_analytics.py
[2026-09-08T14:18:36.845+0000] {logging_mixin.py:188} INFO - [2026-09-08T14:18:36.845+0000] {dag.py:3089} INFO - Sync 1 DAGs
[2026-09-08T14:18:36.864+0000] {logging_mixin.py:188} INFO - [2026-09-08T14:18:36.864+0000] {dag.py:3947} INFO - Setting next_dagrun for steam_analytics_daily to 2026-09-08 02:00:00+00:00, run_after=2026-09-09 02:00:00+00:00
[2026-09-08T14:18:36.879+0000] {processor.py:183} INFO - Processing /opt/airflow/dags/steam_analytics.py took 0.196 seconds
[2026-09-08T14:19:06.998+0000] {processor.py:161} INFO - Started process (PID=1720) to work on /opt/airflow/dags/steam_analytics.py
[2026-09-08T14:19:06.998+0000] {processor.py:830} INFO - Processing file /opt/airflow/dags/steam_analytics.py for tasks to queue
[2026-09-08T14:19:07.000+0000] {logging_mixin.py:188} INFO - [2026-09-08T14:19:07.000+0000] {dagbag.py:545} INFO - Filling up the DagBag from /opt/airflow/dags/steam_analytics.py
[2026-09-08T14:19:07.131+0000] {processor.py:840} INFO - DAG(s) 'steam_analytics_daily' retrieved from /opt/airflow/dags/steam_analytics.py
[2026-09-08T14:19:07.156+0000] {logging_mixin.py:188} INFO - [2026-09-08T14:19:07.156+0000] {dag.py:3089} INFO - Sync 1 DAGs
[2026-09-08T14:19:07.174+0000] {logging_mixin.py:188} INFO - [2026-09-08T14:19:07.174+0000] {dag.py:3947} INFO - Setting next_dagrun for steam_analytics_daily to 2026-09-08 02:00:00+00:00, run_after=2026-09-09 02:00:00+00:00
[2026-09-08T14:19:07.190+0000] {processor.py:183} INFO - Processing /opt/airflow/dags/steam_analytics.py took 0.197 seconds
[2026-09-08T14:19:37.309+0000] {processor.py:161} INFO - Started process (PID=1725) to work on /opt/airflow/dags/steam_analytics.py
[2026-09-08T14:19:37.310+0000] {processor.py:830} INFO - Processing file /opt/airflow/dags/steam_analytics.py for tasks to queue
[2026-09-08T14:19:37.311+0000] {logging_mixin.py:188} INFO - [2026-09-08T14:19:37.311+0000] {dagbag.py:545} INFO - Filling up the DagBag from /opt/airflow/dags/steam_analytics.py
[2026-09-08T14:19:37.441+0000] {processor.py:840} INFO - DAG(s) 'steam_analytics_daily' retrieved from /opt/airflow/dags/steam_analytics.py
[2026-09-08T14:19:37.464+0000] {logging_mixin.py:188} INFO - [2026-09-08T14:19:37.464+0000] {dag.py:3089} INFO - Sync 1 DAGs
[2026-09-08T14:19:37.483+0000] {logging_mixin.py:188} INFO - [2026-09-08T14:19:37.483+0000] {dag.py:3947} INFO - Setting next_dagrun for steam_analytics_daily to 2026-09-08 02:00:00+00:00, run_after=2026-09-09 02:00:00+00:00
[2026-09-08T14:19:37.498+0000] {processor.py:183} INFO - Processing /opt/airflow/dags/steam_analytics.py took 0.193 seconds
[2026-09-08T14:20:07.619+0000] {processor.py:161} INFO - Started process (PID=1730) to work on /opt/airflow/dags/steam_analytics.py
[2026-09-08T14:20:07.619+0000] {processor.py:830} INFO - Processing file /opt/airflow/dags/steam_analytics.py for tasks to queue
[2026-09-08T14:20:07.621+0000] {logging_mixin.py:188} INFO - [2026-09-08T14:20:07.621+0000] {dagbag.py:545} INFO - Filling up the DagBag from /opt/airflow/dags/steam_analytics.py
[2026-09-08T14:20:07.750+0000] {processor.py:840} INFO - DAG(s) 'steam_analytics_daily' retrieved from /opt/airflow/dags/steam_analytics.py
[2026-09-08T14:20:07.776+0000] {logging_mixin.py:188} INFO - [2026-09-08T14:20:07.776+0000] {dag.py:3089} INFO - Sync 1 DAGs
[2026-09-08T14:20:07.794+0000] {logging_mixin.py:188} INFO - [2026-09-08T14:20:07.794+0000] {dag.py:3947} INFO - Setting next_dagrun for steam_analytics_daily to 2026-09-08 02:00:00+00:00, run_after=2026-09-09 02:00:00+00:00
[2026-09-08T14:20:07.809+0000] {processor.py:183} INFO - Processing /opt/airflow/dags/steam_analytics.py took 0.195 seconds
[2026-09-08T14:20:37.924+0000] {processor.py:161} INFO - Started process (PID=1735) to work on /opt/airflow/dags/steam_analytics.py
[2026-09-08T14:20:37.925+0000] {processor.py:830} INFO - Processing file /opt/airflow/dags/steam_analytics.py for tasks to queue
[2026-09-08T14:20:37.926+0000] {logging_mixin.py:188} INFO - [2026-09-08T14:20:37.926+0000] {dagbag.py:545} INFO - Filling up the DagBag from /opt/airflow/dags/steam_analytics.py
[2026-09-08T14:20:38.053+0000] {processor.py:840} INFO - DAG(s) 'steam_analytics_daily' retrieved from /opt/airflow/dags/steam_analytics.py
[2026-09-08T14:20:38.078+0000] {logging_mixin.py:188} INFO - [2026-09-08T14:20:38.078+0000] {dag.py:3089} INFO - Sync 1 DAGs
[2026-09-08T14:20:38.096+0000] {logging_mixin.py:188} INFO - [2026-09-08T14:20:38.096+0000] {dag.py:3947} INFO - Setting next_dagrun for steam_analytics_daily to 2026-09-08 02:00:00+00:00, run_after=2026-09-09 02:00:00+00:00
[2026-09-08T14:20:38.111+0000] {processor.py:183} INFO - Processing /opt/airflow/dags/steam_analytics.py took 0.191 seconds
[2026-09-08T14:21:08.228+0000] {processor.py:161} INFO - Started process (PID=1740) to work on /opt/airflow/dags/steam_analytics.py
[2026-09-08T14:21:08.229+0000] {processor.py:830} INFO - Processing file /opt/airflow/dags/steam_analytics.py for tasks to queue
[2026-09-08T14:21:08.230+0000] {logging_mixin.py:188} INFO - [2026-09-08T14:21:08.230+0000] {dagbag.py:545} INFO - Filling up the DagBag from /opt/airflow/dags/steam_analytics.py
[2026-09-08T14:21:08.370+0000] {processor.py:840} INFO - DAG(s) 'steam_analytics_daily' retrieved from /opt/airflow/dags/steam_analytics.py
[2026-09-08T14:21:08.395+0000] {logging_mixin.py:188} INFO - [2026-09-08T14:21:08.395+0000] {dag.py:3089} INFO - Sync 1 DAGs
[2026-09-08T14:21:08.413+0000] {logging_mixin.py:188} INFO - [2026-09-08T14:21:08.413+0000] {dag.py:3947} INFO - Setting next_dagrun for steam_analytics_daily to 2026-09-08 02:00:00+00:00, run_after=2026-09-09 02:00:00+00:00
[2026-09-08T14:21:08.429+0000] {processor.py:183} INFO - Processing /opt/airflow/dags/steam_analytics.py took 0.206 seconds
[2026-09-08T14:21:38.547+0000] {processor.py:161} INFO - Started process (PID=1745) to work on /opt/airflow/dags/steam_analytics.py
[2026-09-08T14:21:38.548+0000] {processor.py:830} INFO - Processing file /opt/airflow/dags/steam_analytics.py for tasks to queue
[2026-09-08T14:21:38.549+0000] {logging_mixin.py:188} INFO - [2026-09-08T14:21:38.549+0000] {dagbag.py:545} INFO - Filling up the DagBag from /opt/airflow/dags/steam_analytics.py
[2026-09-08T14:21:38.677+0000] {processor.py:840} INFO - DAG(s) 'steam_analytics_daily' retrieved from /opt/airflow/dags/steam_analytics.py
[2026-09-08T14:21:38.701+0000] {logging_mixin.py:188} INFO - [2026-09-08T14:21:38.701+0000] {dag.py:3089} INFO - Sync 1 DAGs
[2026-09-08T14:21:38.720+0000] {logging_mixin.py:188} INFO - [2026-09-08T14:21:38.720+0000] {dag.py:3947} INFO - Setting next_dagrun for steam_analytics_daily to 2026-09-08 02:00:00+00:00, run_after=2026-09-09 02:00:00+00:00
[2026-09-08T14:21:38.735+0000] {processor.py:183} INFO - Processing /opt/airflow/dags/steam_analytics.py took 0.192 seconds
[2026-09-08T14:22:08.853+0000] {processor.py:161} INFO - Started process (PID=1750) to work on /opt/airflow/dags/steam_analytics.py
[2026-09-08T14:22:08.854+0000] {processor.py:830} INFO - Processing file /opt/airflow/dags/steam_analytics.py for tasks to queue
[2026-09-08T14:22:08.855+0000] {logging_mixin.py:188} INFO - [2026-09-08T14:22:08.855+0000] {dagbag.py:545} INFO - Filling up the DagBag from /opt/airflow/dags/steam_analytics.py
[2026-09-08T14:22:08.983+0000] {processor.py:840} INFO - DAG(s) 'steam_analytics_daily' retrieved from /opt/airflow/dags/steam_analytics.py
[2026-09-08T14:22:09.009+0000] {logging_mixin.py:188} INFO - [2026-09-08T14:22:09.009+0000] {dag.py:3089} INFO - Sync 1 DAGs
[2026-09-08T14:22:09.029+0000] {logging_mixin.py:188} INFO - [2026-09-08T14:22:09.029+0000] {dag.py:3947} INFO - Setting next_dagrun for steam_analytics_daily to 2026-09-08 02:00:00+00:00, run_after=2026-09-09 02:00:00+00:00
[2026-09-08T14:22:09.044+0000] {processor.py:183} INFO - Processing /opt/airflow/dags/steam_analytics.py took 0.199 seconds
[2026-09-08T14:22:39.168+0000] {processor.py:161} INFO - Started process (PID=1755) to work on /opt/airflow/dags/steam_analytics.py
[2026-09-08T14:22:39.168+0000] {processor.py:830} INFO - Processing file /opt/airflow/dags/steam_analytics.py for tasks to queue
[2026-09-08T14:22:39.170+0000] {logging_mixin.py:188} INFO - [2026-09-08T14:22:39.170+0000] {dagbag.py:545} INFO - Filling up the DagBag from /opt/airflow/dags/steam_analytics.py
[2026-09-08T14:22:39.300+0000] {processor.py:840} INFO - DAG(s) 'steam_analytics_daily' retrieved from /opt/airflow/dags/steam_analytics.py
[2026-09-08T14:22:39.326+0000] {logging_mixin.py:188} INFO - [2026-09-08T14:22:39.325+0000] {dag.py:3089} INFO - Sync 1 DAGs
[2026-09-08T14:22:39.344+0000] {logging_mixin.py:188} INFO - [2026-09-08T14:22:39.344+0000] {dag.py:3947} INFO - Setting next_dagrun for steam_analytics_daily to 2026-09-08 02:00:00+00:00, run_after=2026-09-09 02:00:00+00:00
[2026-09-08T14:22:39.359+0000] {processor.py:183} INFO - Processing /opt/airflow/dags/steam_analytics.py took 0.196 seconds
[2026-09-08T14:23:09.479+0000] {processor.py:161} INFO - Started process (PID=1760) to work on /opt/airflow/dags/steam_analytics.py
[2026-09-08T14:23:09.480+0000] {processor.py:830} INFO - Processing file /opt/airflow/dags/steam_analytics.py for tasks to queue
[2026-09-08T14:23:09.481+0000] {logging_mixin.py:188} INFO - [2026-09-08T14:23:09.481+0000] {dagbag.py:545} INFO - Filling up the DagBag from /opt/airflow/dags/steam_analytics.py
[2026-09-08T14:23:09.618+0000] {processor.py:840} INFO - DAG(s) 'steam_analytics_daily' retrieved from /opt/airflow/dags/steam_analytics.py
[2026-09-08T14:23:09.646+0000] {logging_mixin.py:188} INFO - [2026-09-08T14:23:09.645+0000] {dag.py:3089} INFO - Sync 1 DAGs
[2026-09-08T14:23:09.666+0000] {logging_mixin.py:188} INFO - [2026-09-08T14:23:09.665+0000] {dag.py:3947} INFO - Setting next_dagrun for steam_analytics_daily to 2026-09-08 02:00:00+00:00, run_after=2026-09-09 02:00:00+00:00
[2026-09-08T14:23:09.683+0000] {processor.py:183} INFO - Processing /opt/airflow/dags/steam_analytics.py took 0.210 seconds
[2026-09-08T14:23:39.800+0000] {processor.py:161} INFO - Started process (PID=1765) to work on /opt/airflow/dags/steam_analytics.py
[2026-09-08T14:23:39.801+0000] {processor.py:830} INFO - Processing file /opt/airflow/dags/steam_analytics.py for tasks to queue
[2026-09-08T14:23:39.802+0000] {logging_mixin.py:188} INFO - [2026-09-08T14:23:39.802+0000] {dagbag.py:545} INFO - Filling up the DagBag from /opt/airflow/dags/steam_analytics.py
[2026-09-08T14:23:39.936+0000] {processor.py:840} INFO - DAG(s) 'steam_analytics_daily' retrieved from /opt/airflow/dags/steam_analytics.py
[2026-09-08T14:23:39.963+0000] {logging_mixin.py:188} INFO - [2026-09-08T14:23:39.963+0000] {dag.py:3089} INFO - Sync 1 DAGs
[2026-09-08T14:23:39.983+0000] {logging_mixin.py:188} INFO - [2026-09-08T14:23:39.983+0000] {dag.py:3947} INFO - Setting next_dagrun for steam_analytics_daily to 2026-09-08 02:00:00+00:00, run_after=2026-09-09 02:00:00+00:00
[2026-09-08T14:23:39.998+0000] {processor.py:183} INFO - Processing /opt/airflow/dags/steam_analytics.py took 0.202 seconds
[2026-09-08T14:24:10.115+0000] {processor.py:161} INFO - Started process (PID=1770) to work on /opt/airflow/dags/steam_analytics.py
[2026-09-08T14:24:10.116+0000] {processor.py:830} INFO - Processing file /opt/airflow/dags/steam_analytics.py for tasks to queue
[2026-09-08T14:24:10.117+0000] {logging_mixin.py:188} INFO - [2026-09-08T14:24:10.117+0000] {dagbag.py:545} INFO - Filling up the DagBag from /opt/airflow/dags/steam_analytics.py
[2026-09-08T14:24:10.247+0000] {processor.py:840} INFO - DAG(s) 'steam_analytics_daily' retrieved from /opt/airflow/dags/steam_analytics.py
[2026-09-08T14:24:10.273+0000] {logging_mixin.py:188} INFO - [2026-09-08T14:24:10.273+0000] {dag.py:3089} INFO - Sync 1 DAGs
[2026-09-08T14:24:10.293+0000] {logging_mixin.py:188} INFO - [2026-09-08T14:24:10.293+0000] {dag.py:3947} INFO - Setting next_dagrun for steam_analytics_daily to 2026-09-08 02:00:00+00:00, run_after=2026-09-09 02:00:00+00:00
[2026-09-08T14:24:10.313+0000] {processor.py:183} INFO - Processing /opt/airflow/dags/steam_analytics.py took 0.202 seconds
[2026-09-08T14:24:40.439+0000] {processor.py:161} INFO - Started process (PID=1775) to work on /opt/airflow/dags/steam_analytics.py
[2026-09-08T14:24:40.440+0000] {processor.py:830} INFO - Processing file /opt/airflow/dags/steam_analytics.py for tasks to queue
[2026-09-08T14:24:40.442+0000] {logging_mixin.py:188} INFO - [2026-09-08T14:24:40.441+0000] {dagbag.py:545} INFO - Filling up the DagBag from /opt/airflow/dags/steam_analytics.py
[2026-09-08T14:24:40.578+0000] {processor.py:840} INFO - DAG(s) 'steam_analytics_daily' retrieved from /opt/airflow/dags/steam_analytics.py
[2026-09-08T14:24:40.606+0000] {logging_mixin.py:188} INFO - [2026-09-08T14:24:40.605+0000] {dag.py:3089} INFO - Sync 1 DAGs
[2026-09-08T14:24:40.626+0000] {logging_mixin.py:188} INFO - [2026-09-08T14:24:40.626+0000] {dag.py:3947} INFO - Setting next_dagrun for steam_analytics_daily to 2026-09-08 02:00:00+00:00, run_after=2026-09-09 02:00:00+00:00
[2026-09-08T14:24:40.642+0000] {processor.py:183} INFO - Processing /opt/airflow/dags/steam_analytics.py took 0.208 seconds
[2026-09-08T14:25:10.760+0000] {processor.py:161} INFO - Started process (PID=1780) to work on /opt/airflow/dags/steam_analytics.py
[2026-09-08T14:25:10.761+0000] {processor.py:830} INFO - Processing file /opt/airflow/dags/steam_analytics.py for tasks to queue
[2026-09-08T14:25:10.762+0000] {logging_mixin.py:188} INFO - [2026-09-08T14:25:10.762+0000] {dagbag.py:545} INFO - Filling up the DagBag from /opt/airflow/dags/steam_analytics.py
[2026-09-08T14:25:10.893+0000] {processor.py:840} INFO - DAG(s) 'steam_analytics_daily' retrieved from /opt/airflow/dags/steam_analytics.py
[2026-09-08T14:25:10.917+0000] {logging_mixin.py:188} INFO - [2026-09-08T14:25:10.917+0000] {dag.py:3089} INFO - Sync 1 DAGs
[2026-09-08T14:25:10.936+0000] {logging_mixin.py:188} INFO - [2026-09-08T14:25:10.936+0000] {dag.py:3947} INFO - Setting next_dagrun for steam_analytics_daily to 2026-09-08 02:00:00+00:00, run_after=2026-09-09 02:00:00+00:00
[2026-09-08T14:25:10.953+0000] {processor.py:183} INFO - Processing /opt/airflow/dags/steam_analytics.py took 0.197 seconds
[2026-09-08T14:25:41.074+0000] {processor.py:161} INFO - Started process (PID=1785) to work on /opt/airflow/dags/steam_analytics.py
[2026-09-08T14:25:41.075+0000] {processor.py:830} INFO - Processing file /opt/airflow/dags/steam_analytics.py for tasks to queue
[2026-09-08T14:25:41.076+0000] {logging_mixin.py:188} INFO - [2026-09-08T14:25:41.076+0000] {dagbag.py:545} INFO - Filling up the DagBag from /opt/airflow/dags/steam_analytics.py
[2026-09-08T14:25:41.206+0000] {processor.py:840} INFO - DAG(s) 'steam_analytics_daily' retrieved from /opt/airflow/dags/steam_analytics.py
[2026-09-08T14:25:41.230+0000] {logging_mixin.py:188} INFO - [2026-09-08T14:25:41.230+0000] {dag.py:3089} INFO - Sync 1 DAGs
[2026-09-08T14:25:41.250+0000] {logging_mixin.py:188} INFO - [2026-09-08T14:25:41.249+0000] {dag.py:3947} INFO - Setting next_dagrun for steam_analytics_daily to 2026-09-08 02:00:00+00:00, run_after=2026-09-09 02:00:00+00:00
[2026-09-08T14:25:41.264+0000] {processor.py:183} INFO - Processing /opt/airflow/dags/steam_analytics.py took 0.194 seconds
[2026-09-08T14:26:11.383+0000] {processor.py:161} INFO - Started process (PID=1790) to work on /opt/airflow/dags/steam_analytics.py
[2026-09-08T14:26:11.383+0000] {processor.py:830} INFO - Processing file /opt/airflow/dags/steam_analytics.py for tasks to queue
[2026-09-08T14:26:11.385+0000] {logging_mixin.py:188} INFO - [2026-09-08T14:26:11.385+0000] {dagbag.py:545} INFO - Filling up the DagBag from /opt/airflow/dags/steam_analytics.py
[2026-09-08T14:26:11.516+0000] {processor.py:840} INFO - DAG(s) 'steam_analytics_daily' retrieved from /opt/airflow/dags/steam_analytics.py
[2026-09-08T14:26:11.540+0000] {logging_mixin.py:188} INFO - [2026-09-08T14:26:11.540+0000] {dag.py:3089} INFO - Sync 1 DAGs
[2026-09-08T14:26:11.559+0000] {logging_mixin.py:188} INFO - [2026-09-08T14:26:11.558+0000] {dag.py:3947} INFO - Setting next_dagrun for steam_analytics_daily to 2026-09-08 02:00:00+00:00, run_after=2026-09-09 02:00:00+00:00
[2026-09-08T14:26:11.573+0000] {processor.py:183} INFO - Processing /opt/airflow/dags/steam_analytics.py took 0.194 seconds
[2026-09-08T14:26:41.696+0000] {processor.py:161} INFO - Started process (PID=1795) to work on /opt/airflow/dags/steam_analytics.py
[2026-09-08T14:26:41.696+0000] {processor.py:830} INFO - Processing file /opt/airflow/dags/steam_analytics.py for tasks to queue
[2026-09-08T14:26:41.698+0000] {logging_mixin.py:188} INFO - [2026-09-08T14:26:41.698+0000] {dagbag.py:545} INFO - Filling up the DagBag from /opt/airflow/dags/steam_analytics.py
[2026-09-08T14:26:41.834+0000] {processor.py:840} INFO - DAG(s) 'steam_analytics_daily' retrieved from /opt/airflow/dags/steam_analytics.py
[2026-09-08T14:26:41.860+0000] {logging_mixin.py:188} INFO - [2026-09-08T14:26:41.860+0000] {dag.py:3089} INFO - Sync 1 DAGs
[2026-09-08T14:26:41.879+0000] {logging_mixin.py:188} INFO - [2026-09-08T14:26:41.879+0000] {dag.py:3947} INFO - Setting next_dagrun for steam_analytics_daily to 2026-09-08 02:00:00+00:00, run_after=2026-09-09 02:00:00+00:00
[2026-09-08T14:26:41.894+0000] {processor.py:183} INFO - Processing /opt/airflow/dags/steam_analytics.py took 0.203 seconds
[2026-09-08T14:27:12.011+0000] {processor.py:161} INFO - Started process (PID=1800) to work on /opt/airflow/dags/steam_analytics.py
[2026-09-08T14:27:12.012+0000] {processor.py:830} INFO - Processing file /opt/airflow/dags/steam_analytics.py for tasks to queue
[2026-09-08T14:27:12.014+0000] {logging_mixin.py:188} INFO - [2026-09-08T14:27:12.013+0000] {dagbag.py:545} INFO - Filling up the DagBag from /opt/airflow/dags/steam_analytics.py
[2026-09-08T14:27:12.142+0000] {processor.py:840} INFO - DAG(s) 'steam_analytics_daily' retrieved from /opt/airflow/dags/steam_analytics.py
[2026-09-08T14:27:12.166+0000] {logging_mixin.py:188} INFO - [2026-09-08T14:27:12.166+0000] {dag.py:3089} INFO - Sync 1 DAGs
[2026-09-08T14:27:12.184+0000] {logging_mixin.py:188} INFO - [2026-09-08T14:27:12.184+0000] {dag.py:3947} INFO - Setting next_dagrun for steam_analytics_daily to 2026-09-08 02:00:00+00:00, run_after=2026-09-09 02:00:00+00:00
[2026-09-08T14:27:12.199+0000] {processor.py:183} INFO - Processing /opt/airflow/dags/steam_analytics.py took 0.192 seconds
[2026-09-08T14:27:42.318+0000] {processor.py:161} INFO - Started process (PID=1805) to work on /opt/airflow/dags/steam_analytics.py
[2026-09-08T14:27:42.318+0000] {processor.py:830} INFO - Processing file /opt/airflow/dags/steam_analytics.py for tasks to queue
[2026-09-08T14:27:42.320+0000] {logging_mixin.py:188} INFO - [2026-09-08T14:27:42.320+0000] {dagbag.py:545} INFO - Filling up the DagBag from /opt/airflow/dags/steam_analytics.py
[2026-09-08T14:27:42.453+0000] {processor.py:840} INFO - DAG(s) 'steam_analytics_daily' retrieved from /opt/airflow/dags/steam_analytics.py
[2026-09-08T14:27:42.479+0000] {logging_mixin.py:188} INFO - [2026-09-08T14:27:42.478+0000] {dag.py:3089} INFO - Sync 1 DAGs
[2026-09-08T14:27:42.499+0000] {logging_mixin.py:188} INFO - [2026-09-08T14:27:42.499+0000] {dag.py:3947} INFO - Setting next_dagrun for steam_analytics_daily to 2026-09-08 02:00:00+00:00, run_after=2026-09-09 02:00:00+00:00
[2026-09-08T14:27:42.516+0000] {processor.py:183} INFO - Processing /opt/airflow/dags/steam_analytics.py took 0.203 seconds
[2026-09-08T14:28:12.669+0000] {processor.py:161} INFO - Started process (PID=1810) to work on /opt/airflow/dags/steam_analytics.py
[2026-09-08T14:28:12.670+0000] {processor.py:830} INFO - Processing file /opt/airflow/dags/steam_analytics.py for tasks to queue
[2026-09-08T14:28:12.672+0000] {logging_mixin.py:188} INFO - [2026-09-08T14:28:12.671+0000] {dagbag.py:545} INFO - Filling up the DagBag from /opt/airflow/dags/steam_analytics.py
[2026-09-08T14:28:13.079+0000] {processor.py:840} INFO - DAG(s) 'steam_analytics_daily' retrieved from /opt/airflow/dags/steam_analytics.py
[2026-09-08T14:28:13.192+0000] {logging_mixin.py:188} INFO - [2026-09-08T14:28:13.192+0000] {dag.py:3089} INFO - Sync 1 DAGs
[2026-09-08T14:28:13.213+0000] {logging_mixin.py:188} INFO - [2026-09-08T14:28:13.212+0000] {dag.py:3947} INFO - Setting next_dagrun for steam_analytics_daily to 2026-09-08 02:00:00+00:00, run_after=2026-09-09 02:00:00+00:00
[2026-09-08T14:28:13.227+0000] {processor.py:183} INFO - Processing /opt/airflow/dags/steam_analytics.py took 0.564 seconds
[2026-09-08T14:28:43.386+0000] {processor.py:161} INFO - Started process (PID=1815) to work on /opt/airflow/dags/steam_analytics.py
[2026-09-08T14:28:43.386+0000] {processor.py:830} INFO - Processing file /opt/airflow/dags/steam_analytics.py for tasks to queue
[2026-09-08T14:28:43.388+0000] {logging_mixin.py:188} INFO - [2026-09-08T14:28:43.387+0000] {dagbag.py:545} INFO - Filling up the DagBag from /opt/airflow/dags/steam_analytics.py
[2026-09-08T14:28:43.522+0000] {processor.py:840} INFO - DAG(s) 'steam_analytics_daily' retrieved from /opt/airflow/dags/steam_analytics.py
[2026-09-08T14:28:43.548+0000] {logging_mixin.py:188} INFO - [2026-09-08T14:28:43.548+0000] {dag.py:3089} INFO - Sync 1 DAGs
[2026-09-08T14:28:43.567+0000] {logging_mixin.py:188} INFO - [2026-09-08T14:28:43.567+0000] {dag.py:3947} INFO - Setting next_dagrun for steam_analytics_daily to 2026-09-08 02:00:00+00:00, run_after=2026-09-09 02:00:00+00:00
[2026-09-08T14:28:43.582+0000] {processor.py:183} INFO - Processing /opt/airflow/dags/steam_analytics.py took 0.201 seconds
[2026-09-08T14:29:13.703+0000] {processor.py:161} INFO - Started process (PID=1820) to work on /opt/airflow/dags/steam_analytics.py
[2026-09-08T14:29:13.704+0000] {processor.py:830} INFO - Processing file /opt/airflow/dags/steam_analytics.py for tasks to queue
[2026-09-08T14:29:13.705+0000] {logging_mixin.py:188} INFO - [2026-09-08T14:29:13.705+0000] {dagbag.py:545} INFO - Filling up the DagBag from /opt/airflow/dags/steam_analytics.py
[2026-09-08T14:29:13.834+0000] {processor.py:840} INFO - DAG(s) 'steam_analytics_daily' retrieved from /opt/airflow/dags/steam_analytics.py
[2026-09-08T14:29:13.859+0000] {logging_mixin.py:188} INFO - [2026-09-08T14:29:13.859+0000] {dag.py:3089} INFO - Sync 1 DAGs
[2026-09-08T14:29:13.877+0000] {logging_mixin.py:188} INFO - [2026-09-08T14:29:13.877+0000] {dag.py:3947} INFO - Setting next_dagrun for steam_analytics_daily to 2026-09-08 02:00:00+00:00, run_after=2026-09-09 02:00:00+00:00
[2026-09-08T14:29:13.893+0000] {processor.py:183} INFO - Processing /opt/airflow/dags/steam_analytics.py took 0.194 seconds
[2026-09-08T14:29:44.008+0000] {processor.py:161} INFO - Started process (PID=1825) to work on /opt/airflow/dags/steam_analytics.py
[2026-09-08T14:29:44.009+0000] {processor.py:830} INFO - Processing file /opt/airflow/dags/steam_analytics.py for tasks to queue
[2026-09-08T14:29:44.011+0000] {logging_mixin.py:188} INFO - [2026-09-08T14:29:44.011+0000] {dagbag.py:545} INFO - Filling up the DagBag from /opt/airflow/dags/steam_analytics.py
[2026-09-08T14:29:44.163+0000] {processor.py:840} INFO - DAG(s) 'steam_analytics_daily' retrieved from /opt/airflow/dags/steam_analytics.py
[2026-09-08T14:29:44.192+0000] {logging_mixin.py:188} INFO - [2026-09-08T14:29:44.192+0000] {dag.py:3089} INFO - Sync 1 DAGs
[2026-09-08T14:29:44.214+0000] {logging_mixin.py:188} INFO - [2026-09-08T14:29:44.214+0000] {dag.py:3947} INFO - Setting next_dagrun for steam_analytics_daily to 2026-09-08 02:00:00+00:00, run_after=2026-09-09 02:00:00+00:00
[2026-09-08T14:29:44.231+0000] {processor.py:183} INFO - Processing /opt/airflow/dags/steam_analytics.py took 0.228 seconds
[2026-09-08T14:30:14.354+0000] {processor.py:161} INFO - Started process (PID=1830) to work on /opt/airflow/dags/steam_analytics.py
[2026-09-08T14:30:14.355+0000] {processor.py:830} INFO - Processing file /opt/airflow/dags/steam_analytics.py for tasks to queue
[2026-09-08T14:30:14.357+0000] {logging_mixin.py:188} INFO - [2026-09-08T14:30:14.356+0000] {dagbag.py:545} INFO - Filling up the DagBag from /opt/airflow/dags/steam_analytics.py
[2026-09-08T14:30:14.487+0000] {processor.py:840} INFO - DAG(s) 'steam_analytics_daily' retrieved from /opt/airflow/dags/steam_analytics.py
[2026-09-08T14:30:14.511+0000] {logging_mixin.py:188} INFO - [2026-09-08T14:30:14.511+0000] {dag.py:3089} INFO - Sync 1 DAGs
[2026-09-08T14:30:14.530+0000] {logging_mixin.py:188} INFO - [2026-09-08T14:30:14.530+0000] {dag.py:3947} INFO - Setting next_dagrun for steam_analytics_daily to 2026-09-08 02:00:00+00:00, run_after=2026-09-09 02:00:00+00:00
[2026-09-08T14:30:14.545+0000] {processor.py:183} INFO - Processing /opt/airflow/dags/steam_analytics.py took 0.195 seconds
[2026-09-08T14:30:44.660+0000] {processor.py:161} INFO - Started process (PID=1835) to work on /opt/airflow/dags/steam_analytics.py
[2026-09-08T14:30:44.661+0000] {processor.py:830} INFO - Processing file /opt/airflow/dags/steam_analytics.py for tasks to queue
[2026-09-08T14:30:44.662+0000] {logging_mixin.py:188} INFO - [2026-09-08T14:30:44.662+0000] {dagbag.py:545} INFO - Filling up the DagBag from /opt/airflow/dags/steam_analytics.py
[2026-09-08T14:30:44.797+0000] {processor.py:840} INFO - DAG(s) 'steam_analytics_daily' retrieved from /opt/airflow/dags/steam_analytics.py
[2026-09-08T14:30:44.824+0000] {logging_mixin.py:188} INFO - [2026-09-08T14:30:44.824+0000] {dag.py:3089} INFO - Sync 1 DAGs
[2026-09-08T14:30:44.845+0000] {logging_mixin.py:188} INFO - [2026-09-08T14:30:44.845+0000] {dag.py:3947} INFO - Setting next_dagrun for steam_analytics_daily to 2026-09-08 02:00:00+00:00, run_after=2026-09-09 02:00:00+00:00
[2026-09-08T14:30:44.860+0000] {processor.py:183} INFO - Processing /opt/airflow/dags/steam_analytics.py took 0.205 seconds
[2026-09-08T14:31:14.977+0000] {processor.py:161} INFO - Started process (PID=1840) to work on /opt/airflow/dags/steam_analytics.py
[2026-09-08T14:31:14.978+0000] {processor.py:830} INFO - Processing file /opt/airflow/dags/steam_analytics.py for tasks to queue
[2026-09-08T14:31:14.979+0000] {logging_mixin.py:188} INFO - [2026-09-08T14:31:14.979+0000] {dagbag.py:545} INFO - Filling up the DagBag from /opt/airflow/dags/steam_analytics.py
[2026-09-08T14:31:15.108+0000] {processor.py:840} INFO - DAG(s) 'steam_analytics_daily' retrieved from /opt/airflow/dags/steam_analytics.py
[2026-09-08T14:31:15.135+0000] {logging_mixin.py:188} INFO - [2026-09-08T14:31:15.135+0000] {dag.py:3089} INFO - Sync 1 DAGs
[2026-09-08T14:31:15.155+0000] {logging_mixin.py:188} INFO - [2026-09-08T14:31:15.155+0000] {dag.py:3947} INFO - Setting next_dagrun for steam_analytics_daily to 2026-09-08 02:00:00+00:00, run_after=2026-09-09 02:00:00+00:00
[2026-09-08T14:31:15.170+0000] {processor.py:183} INFO - Processing /opt/airflow/dags/steam_analytics.py took 0.197 seconds
[2026-09-08T14:31:45.290+0000] {processor.py:161} INFO - Started process (PID=1845) to work on /opt/airflow/dags/steam_analytics.py
[2026-09-08T14:31:45.291+0000] {processor.py:830} INFO - Processing file /opt/airflow/dags/steam_analytics.py for tasks to queue
[2026-09-08T14:31:45.292+0000] {logging_mixin.py:188} INFO - [2026-09-08T14:31:45.292+0000] {dagbag.py:545} INFO - Filling up the DagBag from /opt/airflow/dags/steam_analytics.py
[2026-09-08T14:31:45.423+0000] {processor.py:840} INFO - DAG(s) 'steam_analytics_daily' retrieved from /opt/airflow/dags/steam_analytics.py
[2026-09-08T14:31:45.448+0000] {logging_mixin.py:188} INFO - [2026-09-08T14:31:45.448+0000] {dag.py:3089} INFO - Sync 1 DAGs
[2026-09-08T14:31:45.467+0000] {logging_mixin.py:188} INFO - [2026-09-08T14:31:45.466+0000] {dag.py:3947} INFO - Setting next_dagrun for steam_analytics_daily to 2026-09-08 02:00:00+00:00, run_after=2026-09-09 02:00:00+00:00
[2026-09-08T14:31:45.483+0000] {processor.py:183} INFO - Processing /opt/airflow/dags/steam_analytics.py took 0.198 seconds
[2026-09-08T14:32:15.601+0000] {processor.py:161} INFO - Started process (PID=1850) to work on /opt/airflow/dags/steam_analytics.py
[2026-09-08T14:32:15.601+0000] {processor.py:830} INFO - Processing file /opt/airflow/dags/steam_analytics.py for tasks to queue
[2026-09-08T14:32:15.603+0000] {logging_mixin.py:188} INFO - [2026-09-08T14:32:15.602+0000] {dagbag.py:545} INFO - Filling up the DagBag from /opt/airflow/dags/steam_analytics.py
[2026-09-08T14:32:15.735+0000] {processor.py:840} INFO - DAG(s) 'steam_analytics_daily' retrieved from /opt/airflow/dags/steam_analytics.py
[2026-09-08T14:32:15.762+0000] {logging_mixin.py:188} INFO - [2026-09-08T14:32:15.762+0000] {dag.py:3089} INFO - Sync 1 DAGs
[2026-09-08T14:32:15.783+0000] {logging_mixin.py:188} INFO - [2026-09-08T14:32:15.783+0000] {dag.py:3947} INFO - Setting next_dagrun for steam_analytics_daily to 2026-09-08 02:00:00+00:00, run_after=2026-09-09 02:00:00+00:00
[2026-09-08T14:32:15.799+0000] {processor.py:183} INFO - Processing /opt/airflow/dags/steam_analytics.py took 0.203 seconds
[2026-09-08T14:32:45.917+0000] {processor.py:161} INFO - Started process (PID=1855) to work on /opt/airflow/dags/steam_analytics.py
[2026-09-08T14:32:45.918+0000] {processor.py:830} INFO - Processing file /opt/airflow/dags/steam_analytics.py for tasks to queue
[2026-09-08T14:32:45.920+0000] {logging_mixin.py:188} INFO - [2026-09-08T14:32:45.919+0000] {dagbag.py:545} INFO - Filling up the DagBag from /opt/airflow/dags/steam_analytics.py
[2026-09-08T14:32:46.055+0000] {processor.py:840} INFO - DAG(s) 'steam_analytics_daily' retrieved from /opt/airflow/dags/steam_analytics.py
[2026-09-08T14:32:46.080+0000] {logging_mixin.py:188} INFO - [2026-09-08T14:32:46.080+0000] {dag.py:3089} INFO - Sync 1 DAGs
[2026-09-08T14:32:46.100+0000] {logging_mixin.py:188} INFO - [2026-09-08T14:32:46.100+0000] {dag.py:3947} INFO - Setting next_dagrun for steam_analytics_daily to 2026-09-08 02:00:00+00:00, run_after=2026-09-09 02:00:00+00:00
[2026-09-08T14:32:46.115+0000] {processor.py:183} INFO - Processing /opt/airflow/dags/steam_analytics.py took 0.203 seconds
[2026-09-08T14:33:16.233+0000] {processor.py:161} INFO - Started process (PID=1860) to work on /opt/airflow/dags/steam_analytics.py
[2026-09-08T14:33:16.234+0000] {processor.py:830} INFO - Processing file /opt/airflow/dags/steam_analytics.py for tasks to queue
[2026-09-08T14:33:16.235+0000] {logging_mixin.py:188} INFO - [2026-09-08T14:33:16.235+0000] {dagbag.py:545} INFO - Filling up the DagBag from /opt/airflow/dags/steam_analytics.py
[2026-09-08T14:33:16.365+0000] {processor.py:840} INFO - DAG(s) 'steam_analytics_daily' retrieved from /opt/airflow/dags/steam_analytics.py
[2026-09-08T14:33:16.391+0000] {logging_mixin.py:188} INFO - [2026-09-08T14:33:16.391+0000] {dag.py:3089} INFO - Sync 1 DAGs
[2026-09-08T14:33:16.410+0000] {logging_mixin.py:188} INFO - [2026-09-08T14:33:16.410+0000] {dag.py:3947} INFO - Setting next_dagrun for steam_analytics_daily to 2026-09-08 02:00:00+00:00, run_after=2026-09-09 02:00:00+00:00
[2026-09-08T14:33:16.425+0000] {processor.py:183} INFO - Processing /opt/airflow/dags/steam_analytics.py took 0.197 seconds
[2026-09-08T14:33:46.545+0000] {processor.py:161} INFO - Started process (PID=1865) to work on /opt/airflow/dags/steam_analytics.py
[2026-09-08T14:33:46.545+0000] {processor.py:830} INFO - Processing file /opt/airflow/dags/steam_analytics.py for tasks to queue
[2026-09-08T14:33:46.547+0000] {logging_mixin.py:188} INFO - [2026-09-08T14:33:46.546+0000] {dagbag.py:545} INFO - Filling up the DagBag from /opt/airflow/dags/steam_analytics.py
[2026-09-08T14:33:46.671+0000] {processor.py:840} INFO - DAG(s) 'steam_analytics_daily' retrieved from /opt/airflow/dags/steam_analytics.py
[2026-09-08T14:33:46.695+0000] {logging_mixin.py:188} INFO - [2026-09-08T14:33:46.694+0000] {dag.py:3089} INFO - Sync 1 DAGs
[2026-09-08T14:33:46.713+0000] {logging_mixin.py:188} INFO - [2026-09-08T14:33:46.713+0000] {dag.py:3947} INFO - Setting next_dagrun for steam_analytics_daily to 2026-09-08 02:00:00+00:00, run_after=2026-09-09 02:00:00+00:00
[2026-09-08T14:33:46.727+0000] {processor.py:183} INFO - Processing /opt/airflow/dags/steam_analytics.py took 0.187 seconds
[2026-09-08T14:34:16.838+0000] {processor.py:161} INFO - Started process (PID=1870) to work on /opt/airflow/dags/steam_analytics.py
[2026-09-08T14:34:16.839+0000] {processor.py:830} INFO - Processing file /opt/airflow/dags/steam_analytics.py for tasks to queue
[2026-09-08T14:34:16.840+0000] {logging_mixin.py:188} INFO - [2026-09-08T14:34:16.840+0000] {dagbag.py:545} INFO - Filling up the DagBag from /opt/airflow/dags/steam_analytics.py
[2026-09-08T14:34:16.969+0000] {processor.py:840} INFO - DAG(s) 'steam_analytics_daily' retrieved from /opt/airflow/dags/steam_analytics.py
[2026-09-08T14:34:16.995+0000] {logging_mixin.py:188} INFO - [2026-09-08T14:34:16.995+0000] {dag.py:3089} INFO - Sync 1 DAGs
[2026-09-08T14:34:17.014+0000] {logging_mixin.py:188} INFO - [2026-09-08T14:34:17.014+0000] {dag.py:3947} INFO - Setting next_dagrun for steam_analytics_daily to 2026-09-08 02:00:00+00:00, run_after=2026-09-09 02:00:00+00:00
[2026-09-08T14:34:17.030+0000] {processor.py:183} INFO - Processing /opt/airflow/dags/steam_analytics.py took 0.196 seconds
[2026-09-08T14:34:47.149+0000] {processor.py:161} INFO - Started process (PID=1875) to work on /opt/airflow/dags/steam_analytics.py
[2026-09-08T14:34:47.150+0000] {processor.py:830} INFO - Processing file /opt/airflow/dags/steam_analytics.py for tasks to queue
[2026-09-08T14:34:47.151+0000] {logging_mixin.py:188} INFO - [2026-09-08T14:34:47.151+0000] {dagbag.py:545} INFO - Filling up the DagBag from /opt/airflow/dags/steam_analytics.py
[2026-09-08T14:34:47.283+0000] {processor.py:840} INFO - DAG(s) 'steam_analytics_daily' retrieved from /opt/airflow/dags/steam_analytics.py
[2026-09-08T14:34:47.308+0000] {logging_mixin.py:188} INFO - [2026-09-08T14:34:47.307+0000] {dag.py:3089} INFO - Sync 1 DAGs
[2026-09-08T14:34:47.327+0000] {logging_mixin.py:188} INFO - [2026-09-08T14:34:47.327+0000] {dag.py:3947} INFO - Setting next_dagrun for steam_analytics_daily to 2026-09-08 02:00:00+00:00, run_after=2026-09-09 02:00:00+00:00
[2026-09-08T14:34:47.342+0000] {processor.py:183} INFO - Processing /opt/airflow/dags/steam_analytics.py took 0.197 seconds
[2026-09-08T14:35:17.459+0000] {processor.py:161} INFO - Started process (PID=1880) to work on /opt/airflow/dags/steam_analytics.py
[2026-09-08T14:35:17.460+0000] {processor.py:830} INFO - Processing file /opt/airflow/dags/steam_analytics.py for tasks to queue
[2026-09-08T14:35:17.461+0000] {logging_mixin.py:188} INFO - [2026-09-08T14:35:17.461+0000] {dagbag.py:545} INFO - Filling up the DagBag from /opt/airflow/dags/steam_analytics.py
[2026-09-08T14:35:17.603+0000] {processor.py:840} INFO - DAG(s) 'steam_analytics_daily' retrieved from /opt/airflow/dags/steam_analytics.py
[2026-09-08T14:35:17.629+0000] {logging_mixin.py:188} INFO - [2026-09-08T14:35:17.629+0000] {dag.py:3089} INFO - Sync 1 DAGs
[2026-09-08T14:35:17.648+0000] {logging_mixin.py:188} INFO - [2026-09-08T14:35:17.648+0000] {dag.py:3947} INFO - Setting next_dagrun for steam_analytics_daily to 2026-09-08 02:00:00+00:00, run_after=2026-09-09 02:00:00+00:00
[2026-09-08T14:35:17.663+0000] {processor.py:183} INFO - Processing /opt/airflow/dags/steam_analytics.py took 0.208 seconds
[2026-09-08T14:35:47.783+0000] {processor.py:161} INFO - Started process (PID=1885) to work on /opt/airflow/dags/steam_analytics.py
[2026-09-08T14:35:47.783+0000] {processor.py:830} INFO - Processing file /opt/airflow/dags/steam_analytics.py for tasks to queue
[2026-09-08T14:35:47.785+0000] {logging_mixin.py:188} INFO - [2026-09-08T14:35:47.784+0000] {dagbag.py:545} INFO - Filling up the DagBag from /opt/airflow/dags/steam_analytics.py
[2026-09-08T14:35:47.915+0000] {processor.py:840} INFO - DAG(s) 'steam_analytics_daily' retrieved from /opt/airflow/dags/steam_analytics.py
[2026-09-08T14:35:47.940+0000] {logging_mixin.py:188} INFO - [2026-09-08T14:35:47.940+0000] {dag.py:3089} INFO - Sync 1 DAGs
[2026-09-08T14:35:47.960+0000] {logging_mixin.py:188} INFO - [2026-09-08T14:35:47.959+0000] {dag.py:3947} INFO - Setting next_dagrun for steam_analytics_daily to 2026-09-08 02:00:00+00:00, run_after=2026-09-09 02:00:00+00:00
[2026-09-08T14:35:47.974+0000] {processor.py:183} INFO - Processing /opt/airflow/dags/steam_analytics.py took 0.196 seconds
[2026-09-08T14:36:18.094+0000] {processor.py:161} INFO - Started process (PID=1890) to work on /opt/airflow/dags/steam_analytics.py
[2026-09-08T14:36:18.095+0000] {processor.py:830} INFO - Processing file /opt/airflow/dags/steam_analytics.py for tasks to queue
[2026-09-08T14:36:18.097+0000] {logging_mixin.py:188} INFO - [2026-09-08T14:36:18.096+0000] {dagbag.py:545} INFO - Filling up the DagBag from /opt/airflow/dags/steam_analytics.py
[2026-09-08T14:36:18.227+0000] {processor.py:840} INFO - DAG(s) 'steam_analytics_daily' retrieved from /opt/airflow/dags/steam_analytics.py
[2026-09-08T14:36:18.252+0000] {logging_mixin.py:188} INFO - [2026-09-08T14:36:18.252+0000] {dag.py:3089} INFO - Sync 1 DAGs
[2026-09-08T14:36:18.271+0000] {logging_mixin.py:188} INFO - [2026-09-08T14:36:18.271+0000] {dag.py:3947} INFO - Setting next_dagrun for steam_analytics_daily to 2026-09-08 02:00:00+00:00, run_after=2026-09-09 02:00:00+00:00
[2026-09-08T14:36:18.287+0000] {processor.py:183} INFO - Processing /opt/airflow/dags/steam_analytics.py took 0.198 seconds
[2026-09-08T14:36:48.404+0000] {processor.py:161} INFO - Started process (PID=1895) to work on /opt/airflow/dags/steam_analytics.py
[2026-09-08T14:36:48.405+0000] {processor.py:830} INFO - Processing file /opt/airflow/dags/steam_analytics.py for tasks to queue
[2026-09-08T14:36:48.406+0000] {logging_mixin.py:188} INFO - [2026-09-08T14:36:48.406+0000] {dagbag.py:545} INFO - Filling up the DagBag from /opt/airflow/dags/steam_analytics.py
[2026-09-08T14:36:48.534+0000] {processor.py:840} INFO - DAG(s) 'steam_analytics_daily' retrieved from /opt/airflow/dags/steam_analytics.py
[2026-09-08T14:36:48.559+0000] {logging_mixin.py:188} INFO - [2026-09-08T14:36:48.558+0000] {dag.py:3089} INFO - Sync 1 DAGs
[2026-09-08T14:36:48.577+0000] {logging_mixin.py:188} INFO - [2026-09-08T14:36:48.577+0000] {dag.py:3947} INFO - Setting next_dagrun for steam_analytics_daily to 2026-09-08 02:00:00+00:00, run_after=2026-09-09 02:00:00+00:00
[2026-09-08T14:36:48.592+0000] {processor.py:183} INFO - Processing /opt/airflow/dags/steam_analytics.py took 0.192 seconds
[2026-09-08T14:37:18.711+0000] {processor.py:161} INFO - Started process (PID=1900) to work on /opt/airflow/dags/steam_analytics.py
[2026-09-08T14:37:18.712+0000] {processor.py:830} INFO - Processing file /opt/airflow/dags/steam_analytics.py for tasks to queue
[2026-09-08T14:37:18.714+0000] {logging_mixin.py:188} INFO - [2026-09-08T14:37:18.713+0000] {dagbag.py:545} INFO - Filling up the DagBag from /opt/airflow/dags/steam_analytics.py
[2026-09-08T14:37:18.848+0000] {processor.py:840} INFO - DAG(s) 'steam_analytics_daily' retrieved from /opt/airflow/dags/steam_analytics.py
[2026-09-08T14:37:18.875+0000] {logging_mixin.py:188} INFO - [2026-09-08T14:37:18.875+0000] {dag.py:3089} INFO - Sync 1 DAGs
[2026-09-08T14:37:18.894+0000] {logging_mixin.py:188} INFO - [2026-09-08T14:37:18.894+0000] {dag.py:3947} INFO - Setting next_dagrun for steam_analytics_daily to 2026-09-08 02:00:00+00:00, run_after=2026-09-09 02:00:00+00:00
[2026-09-08T14:37:18.910+0000] {processor.py:183} INFO - Processing /opt/airflow/dags/steam_analytics.py took 0.204 seconds
[2026-09-08T14:37:49.029+0000] {processor.py:161} INFO - Started process (PID=1905) to work on /opt/airflow/dags/steam_analytics.py
[2026-09-08T14:37:49.030+0000] {processor.py:830} INFO - Processing file /opt/airflow/dags/steam_analytics.py for tasks to queue
[2026-09-08T14:37:49.031+0000] {logging_mixin.py:188} INFO - [2026-09-08T14:37:49.031+0000] {dagbag.py:545} INFO - Filling up the DagBag from /opt/airflow/dags/steam_analytics.py
[2026-09-08T14:37:49.166+0000] {processor.py:840} INFO - DAG(s) 'steam_analytics_daily' retrieved from /opt/airflow/dags/steam_analytics.py
[2026-09-08T14:37:49.193+0000] {logging_mixin.py:188} INFO - [2026-09-08T14:37:49.193+0000] {dag.py:3089} INFO - Sync 1 DAGs
[2026-09-08T14:37:49.214+0000] {logging_mixin.py:188} INFO - [2026-09-08T14:37:49.214+0000] {dag.py:3947} INFO - Setting next_dagrun for steam_analytics_daily to 2026-09-08 02:00:00+00:00, run_after=2026-09-09 02:00:00+00:00
[2026-09-08T14:37:49.230+0000] {processor.py:183} INFO - Processing /opt/airflow/dags/steam_analytics.py took 0.206 seconds
[2026-09-08T14:38:19.351+0000] {processor.py:161} INFO - Started process (PID=1910) to work on /opt/airflow/dags/steam_analytics.py
[2026-09-08T14:38:19.351+0000] {processor.py:830} INFO - Processing file /opt/airflow/dags/steam_analytics.py for tasks to queue
[2026-09-08T14:38:19.353+0000] {logging_mixin.py:188} INFO - [2026-09-08T14:38:19.353+0000] {dagbag.py:545} INFO - Filling up the DagBag from /opt/airflow/dags/steam_analytics.py
[2026-09-08T14:38:19.485+0000] {processor.py:840} INFO - DAG(s) 'steam_analytics_daily' retrieved from /opt/airflow/dags/steam_analytics.py
[2026-09-08T14:38:19.512+0000] {logging_mixin.py:188} INFO - [2026-09-08T14:38:19.512+0000] {dag.py:3089} INFO - Sync 1 DAGs
[2026-09-08T14:38:19.531+0000] {logging_mixin.py:188} INFO - [2026-09-08T14:38:19.531+0000] {dag.py:3947} INFO - Setting next_dagrun for steam_analytics_daily to 2026-09-08 02:00:00+00:00, run_after=2026-09-09 02:00:00+00:00
[2026-09-08T14:38:19.546+0000] {processor.py:183} INFO - Processing /opt/airflow/dags/steam_analytics.py took 0.200 seconds
[2026-09-08T14:38:49.664+0000] {processor.py:161} INFO - Started process (PID=1915) to work on /opt/airflow/dags/steam_analytics.py
[2026-09-08T14:38:49.665+0000] {processor.py:830} INFO - Processing file /opt/airflow/dags/steam_analytics.py for tasks to queue
[2026-09-08T14:38:49.666+0000] {logging_mixin.py:188} INFO - [2026-09-08T14:38:49.666+0000] {dagbag.py:545} INFO - Filling up the DagBag from /opt/airflow/dags/steam_analytics.py
[2026-09-08T14:38:49.796+0000] {processor.py:840} INFO - DAG(s) 'steam_analytics_daily' retrieved from /opt/airflow/dags/steam_analytics.py
[2026-09-08T14:38:49.823+0000] {logging_mixin.py:188} INFO - [2026-09-08T14:38:49.822+0000] {dag.py:3089} INFO - Sync 1 DAGs
[2026-09-08T14:38:49.845+0000] {logging_mixin.py:188} INFO - [2026-09-08T14:38:49.845+0000] {dag.py:3947} INFO - Setting next_dagrun for steam_analytics_daily to 2026-09-08 02:00:00+00:00, run_after=2026-09-09 02:00:00+00:00
[2026-09-08T14:38:49.860+0000] {processor.py:183} INFO - Processing /opt/airflow/dags/steam_analytics.py took 0.201 seconds
[2026-09-08T14:39:19.973+0000] {processor.py:161} INFO - Started process (PID=1920) to work on /opt/airflow/dags/steam_analytics.py
[2026-09-08T14:39:19.974+0000] {processor.py:830} INFO - Processing file /opt/airflow/dags/steam_analytics.py for tasks to queue
[2026-09-08T14:39:19.975+0000] {logging_mixin.py:188} INFO - [2026-09-08T14:39:19.975+0000] {dagbag.py:545} INFO - Filling up the DagBag from /opt/airflow/dags/steam_analytics.py
[2026-09-08T14:39:20.102+0000] {processor.py:840} INFO - DAG(s) 'steam_analytics_daily' retrieved from /opt/airflow/dags/steam_analytics.py
[2026-09-08T14:39:20.128+0000] {logging_mixin.py:188} INFO - [2026-09-08T14:39:20.127+0000] {dag.py:3089} INFO - Sync 1 DAGs
[2026-09-08T14:39:20.148+0000] {logging_mixin.py:188} INFO - [2026-09-08T14:39:20.148+0000] {dag.py:3947} INFO - Setting next_dagrun for steam_analytics_daily to 2026-09-08 02:00:00+00:00, run_after=2026-09-09 02:00:00+00:00
[2026-09-08T14:39:20.163+0000] {processor.py:183} INFO - Processing /opt/airflow/dags/steam_analytics.py took 0.194 seconds
[2026-09-08T14:39:50.281+0000] {processor.py:161} INFO - Started process (PID=1925) to work on /opt/airflow/dags/steam_analytics.py
[2026-09-08T14:39:50.282+0000] {processor.py:830} INFO - Processing file /opt/airflow/dags/steam_analytics.py for tasks to queue
[2026-09-08T14:39:50.283+0000] {logging_mixin.py:188} INFO - [2026-09-08T14:39:50.283+0000] {dagbag.py:545} INFO - Filling up the DagBag from /opt/airflow/dags/steam_analytics.py
[2026-09-08T14:39:50.413+0000] {processor.py:840} INFO - DAG(s) 'steam_analytics_daily' retrieved from /opt/airflow/dags/steam_analytics.py
[2026-09-08T14:39:50.440+0000] {logging_mixin.py:188} INFO - [2026-09-08T14:39:50.439+0000] {dag.py:3089} INFO - Sync 1 DAGs
[2026-09-08T14:39:50.459+0000] {logging_mixin.py:188} INFO - [2026-09-08T14:39:50.458+0000] {dag.py:3947} INFO - Setting next_dagrun for steam_analytics_daily to 2026-09-08 02:00:00+00:00, run_after=2026-09-09 02:00:00+00:00
[2026-09-08T14:39:50.474+0000] {processor.py:183} INFO - Processing /opt/airflow/dags/steam_analytics.py took 0.197 seconds
[2026-09-08T14:40:20.592+0000] {processor.py:161} INFO - Started process (PID=1930) to work on /opt/airflow/dags/steam_analytics.py
[2026-09-08T14:40:20.593+0000] {processor.py:830} INFO - Processing file /opt/airflow/dags/steam_analytics.py for tasks to queue
[2026-09-08T14:40:20.594+0000] {logging_mixin.py:188} INFO - [2026-09-08T14:40:20.594+0000] {dagbag.py:545} INFO - Filling up the DagBag from /opt/airflow/dags/steam_analytics.py
[2026-09-08T14:40:20.724+0000] {processor.py:840} INFO - DAG(s) 'steam_analytics_daily' retrieved from /opt/airflow/dags/steam_analytics.py
[2026-09-08T14:40:20.749+0000] {logging_mixin.py:188} INFO - [2026-09-08T14:40:20.749+0000] {dag.py:3089} INFO - Sync 1 DAGs
[2026-09-08T14:40:20.767+0000] {logging_mixin.py:188} INFO - [2026-09-08T14:40:20.767+0000] {dag.py:3947} INFO - Setting next_dagrun for steam_analytics_daily to 2026-09-08 02:00:00+00:00, run_after=2026-09-09 02:00:00+00:00
[2026-09-08T14:40:20.781+0000] {processor.py:183} INFO - Processing /opt/airflow/dags/steam_analytics.py took 0.194 seconds
[2026-09-08T14:40:50.897+0000] {processor.py:161} INFO - Started process (PID=1935) to work on /opt/airflow/dags/steam_analytics.py
[2026-09-08T14:40:50.897+0000] {processor.py:830} INFO - Processing file /opt/airflow/dags/steam_analytics.py for tasks to queue
[2026-09-08T14:40:50.899+0000] {logging_mixin.py:188} INFO - [2026-09-08T14:40:50.899+0000] {dagbag.py:545} INFO - Filling up the DagBag from /opt/airflow/dags/steam_analytics.py
[2026-09-08T14:40:51.029+0000] {processor.py:840} INFO - DAG(s) 'steam_analytics_daily' retrieved from /opt/airflow/dags/steam_analytics.py
[2026-09-08T14:40:51.054+0000] {logging_mixin.py:188} INFO - [2026-09-08T14:40:51.054+0000] {dag.py:3089} INFO - Sync 1 DAGs
[2026-09-08T14:40:51.074+0000] {logging_mixin.py:188} INFO - [2026-09-08T14:40:51.074+0000] {dag.py:3947} INFO - Setting next_dagrun for steam_analytics_daily to 2026-09-08 02:00:00+00:00, run_after=2026-09-09 02:00:00+00:00
[2026-09-08T14:40:51.089+0000] {processor.py:183} INFO - Processing /opt/airflow/dags/steam_analytics.py took 0.197 seconds
[2026-09-08T14:41:21.221+0000] {processor.py:161} INFO - Started process (PID=1940) to work on /opt/airflow/dags/steam_analytics.py
[2026-09-08T14:41:21.222+0000] {processor.py:830} INFO - Processing file /opt/airflow/dags/steam_analytics.py for tasks to queue
[2026-09-08T14:41:21.224+0000] {logging_mixin.py:188} INFO - [2026-09-08T14:41:21.224+0000] {dagbag.py:545} INFO - Filling up the DagBag from /opt/airflow/dags/steam_analytics.py
[2026-09-08T14:41:21.359+0000] {processor.py:840} INFO - DAG(s) 'steam_analytics_daily' retrieved from /opt/airflow/dags/steam_analytics.py
[2026-09-08T14:41:21.383+0000] {logging_mixin.py:188} INFO - [2026-09-08T14:41:21.383+0000] {dag.py:3089} INFO - Sync 1 DAGs
[2026-09-08T14:41:21.402+0000] {logging_mixin.py:188} INFO - [2026-09-08T14:41:21.402+0000] {dag.py:3947} INFO - Setting next_dagrun for steam_analytics_daily to 2026-09-08 02:00:00+00:00, run_after=2026-09-09 02:00:00+00:00
[2026-09-08T14:41:21.416+0000] {processor.py:183} INFO - Processing /opt/airflow/dags/steam_analytics.py took 0.202 seconds
[2026-09-08T14:41:51.534+0000] {processor.py:161} INFO - Started process (PID=1945) to work on /opt/airflow/dags/steam_analytics.py
[2026-09-08T14:41:51.535+0000] {processor.py:830} INFO - Processing file /opt/airflow/dags/steam_analytics.py for tasks to queue
[2026-09-08T14:41:51.536+0000] {logging_mixin.py:188} INFO - [2026-09-08T14:41:51.536+0000] {dagbag.py:545} INFO - Filling up the DagBag from /opt/airflow/dags/steam_analytics.py
[2026-09-08T14:41:51.663+0000] {processor.py:840} INFO - DAG(s) 'steam_analytics_daily' retrieved from /opt/airflow/dags/steam_analytics.py
[2026-09-08T14:41:51.688+0000] {logging_mixin.py:188} INFO - [2026-09-08T14:41:51.688+0000] {dag.py:3089} INFO - Sync 1 DAGs
[2026-09-08T14:41:51.706+0000] {logging_mixin.py:188} INFO - [2026-09-08T14:41:51.706+0000] {dag.py:3947} INFO - Setting next_dagrun for steam_analytics_daily to 2026-09-08 02:00:00+00:00, run_after=2026-09-09 02:00:00+00:00
[2026-09-08T14:41:51.721+0000] {processor.py:183} INFO - Processing /opt/airflow/dags/steam_analytics.py took 0.192 seconds
[2026-09-08T14:42:21.836+0000] {processor.py:161} INFO - Started process (PID=1950) to work on /opt/airflow/dags/steam_analytics.py
[2026-09-08T14:42:21.837+0000] {processor.py:830} INFO - Processing file /opt/airflow/dags/steam_analytics.py for tasks to queue
[2026-09-08T14:42:21.838+0000] {logging_mixin.py:188} INFO - [2026-09-08T14:42:21.838+0000] {dagbag.py:545} INFO - Filling up the DagBag from /opt/airflow/dags/steam_analytics.py
[2026-09-08T14:42:21.968+0000] {processor.py:840} INFO - DAG(s) 'steam_analytics_daily' retrieved from /opt/airflow/dags/steam_analytics.py
[2026-09-08T14:42:21.992+0000] {logging_mixin.py:188} INFO - [2026-09-08T14:42:21.992+0000] {dag.py:3089} INFO - Sync 1 DAGs
[2026-09-08T14:42:22.010+0000] {logging_mixin.py:188} INFO - [2026-09-08T14:42:22.010+0000] {dag.py:3947} INFO - Setting next_dagrun for steam_analytics_daily to 2026-09-08 02:00:00+00:00, run_after=2026-09-09 02:00:00+00:00
[2026-09-08T14:42:22.025+0000] {processor.py:183} INFO - Processing /opt/airflow/dags/steam_analytics.py took 0.193 seconds
[2026-09-08T14:42:52.144+0000] {processor.py:161} INFO - Started process (PID=1955) to work on /opt/airflow/dags/steam_analytics.py
[2026-09-08T14:42:52.145+0000] {processor.py:830} INFO - Processing file /opt/airflow/dags/steam_analytics.py for tasks to queue
[2026-09-08T14:42:52.146+0000] {logging_mixin.py:188} INFO - [2026-09-08T14:42:52.146+0000] {dagbag.py:545} INFO - Filling up the DagBag from /opt/airflow/dags/steam_analytics.py
[2026-09-08T14:42:52.279+0000] {processor.py:840} INFO - DAG(s) 'steam_analytics_daily' retrieved from /opt/airflow/dags/steam_analytics.py
[2026-09-08T14:42:52.304+0000] {logging_mixin.py:188} INFO - [2026-09-08T14:42:52.304+0000] {dag.py:3089} INFO - Sync 1 DAGs
[2026-09-08T14:42:52.324+0000] {logging_mixin.py:188} INFO - [2026-09-08T14:42:52.324+0000] {dag.py:3947} INFO - Setting next_dagrun for steam_analytics_daily to 2026-09-08 02:00:00+00:00, run_after=2026-09-09 02:00:00+00:00
[2026-09-08T14:42:52.340+0000] {processor.py:183} INFO - Processing /opt/airflow/dags/steam_analytics.py took 0.201 seconds
[2026-09-08T14:43:22.458+0000] {processor.py:161} INFO - Started process (PID=1960) to work on /opt/airflow/dags/steam_analytics.py
[2026-09-08T14:43:22.459+0000] {processor.py:830} INFO - Processing file /opt/airflow/dags/steam_analytics.py for tasks to queue
[2026-09-08T14:43:22.460+0000] {logging_mixin.py:188} INFO - [2026-09-08T14:43:22.460+0000] {dagbag.py:545} INFO - Filling up the DagBag from /opt/airflow/dags/steam_analytics.py
[2026-09-08T14:43:22.590+0000] {processor.py:840} INFO - DAG(s) 'steam_analytics_daily' retrieved from /opt/airflow/dags/steam_analytics.py
[2026-09-08T14:43:22.615+0000] {logging_mixin.py:188} INFO - [2026-09-08T14:43:22.615+0000] {dag.py:3089} INFO - Sync 1 DAGs
[2026-09-08T14:43:22.635+0000] {logging_mixin.py:188} INFO - [2026-09-08T14:43:22.635+0000] {dag.py:3947} INFO - Setting next_dagrun for steam_analytics_daily to 2026-09-08 02:00:00+00:00, run_after=2026-09-09 02:00:00+00:00
[2026-09-08T14:43:22.649+0000] {processor.py:183} INFO - Processing /opt/airflow/dags/steam_analytics.py took 0.196 seconds
[2026-09-08T14:43:52.764+0000] {processor.py:161} INFO - Started process (PID=1965) to work on /opt/airflow/dags/steam_analytics.py
[2026-09-08T14:43:52.765+0000] {processor.py:830} INFO - Processing file /opt/airflow/dags/steam_analytics.py for tasks to queue
[2026-09-08T14:43:52.766+0000] {logging_mixin.py:188} INFO - [2026-09-08T14:43:52.766+0000] {dagbag.py:545} INFO - Filling up the DagBag from /opt/airflow/dags/steam_analytics.py
[2026-09-08T14:43:52.894+0000] {processor.py:840} INFO - DAG(s) 'steam_analytics_daily' retrieved from /opt/airflow/dags/steam_analytics.py
[2026-09-08T14:43:52.919+0000] {logging_mixin.py:188} INFO - [2026-09-08T14:43:52.918+0000] {dag.py:3089} INFO - Sync 1 DAGs
[2026-09-08T14:43:52.937+0000] {logging_mixin.py:188} INFO - [2026-09-08T14:43:52.936+0000] {dag.py:3947} INFO - Setting next_dagrun for steam_analytics_daily to 2026-09-08 02:00:00+00:00, run_after=2026-09-09 02:00:00+00:00
[2026-09-08T14:43:52.951+0000] {processor.py:183} INFO - Processing /opt/airflow/dags/steam_analytics.py took 0.191 seconds
[2026-09-08T14:44:23.088+0000] {processor.py:161} INFO - Started process (PID=1970) to work on /opt/airflow/dags/steam_analytics.py
[2026-09-08T14:44:23.089+0000] {processor.py:830} INFO - Processing file /opt/airflow/dags/steam_analytics.py for tasks to queue
[2026-09-08T14:44:23.091+0000] {logging_mixin.py:188} INFO - [2026-09-08T14:44:23.091+0000] {dagbag.py:545} INFO - Filling up the DagBag from /opt/airflow/dags/steam_analytics.py
[2026-09-08T14:44:23.242+0000] {processor.py:840} INFO - DAG(s) 'steam_analytics_daily' retrieved from /opt/airflow/dags/steam_analytics.py
[2026-09-08T14:44:23.271+0000] {logging_mixin.py:188} INFO - [2026-09-08T14:44:23.270+0000] {dag.py:3089} INFO - Sync 1 DAGs
[2026-09-08T14:44:23.295+0000] {logging_mixin.py:188} INFO - [2026-09-08T14:44:23.294+0000] {dag.py:3947} INFO - Setting next_dagrun for steam_analytics_daily to 2026-09-08 02:00:00+00:00, run_after=2026-09-09 02:00:00+00:00
[2026-09-08T14:44:23.316+0000] {processor.py:183} INFO - Processing /opt/airflow/dags/steam_analytics.py took 0.233 seconds
[2026-09-08T14:44:53.461+0000] {processor.py:161} INFO - Started process (PID=1975) to work on /opt/airflow/dags/steam_analytics.py
[2026-09-08T14:44:53.462+0000] {processor.py:830} INFO - Processing file /opt/airflow/dags/steam_analytics.py for tasks to queue
[2026-09-08T14:44:53.464+0000] {logging_mixin.py:188} INFO - [2026-09-08T14:44:53.464+0000] {dagbag.py:545} INFO - Filling up the DagBag from /opt/airflow/dags/steam_analytics.py
[2026-09-08T14:44:53.611+0000] {processor.py:840} INFO - DAG(s) 'steam_analytics_daily' retrieved from /opt/airflow/dags/steam_analytics.py
[2026-09-08T14:44:53.638+0000] {logging_mixin.py:188} INFO - [2026-09-08T14:44:53.638+0000] {dag.py:3089} INFO - Sync 1 DAGs
[2026-09-08T14:44:53.658+0000] {logging_mixin.py:188} INFO - [2026-09-08T14:44:53.658+0000] {dag.py:3947} INFO - Setting next_dagrun for steam_analytics_daily to 2026-09-08 02:00:00+00:00, run_after=2026-09-09 02:00:00+00:00
[2026-09-08T14:44:53.676+0000] {processor.py:183} INFO - Processing /opt/airflow/dags/steam_analytics.py took 0.220 seconds
[2026-09-08T14:45:23.819+0000] {processor.py:161} INFO - Started process (PID=1980) to work on /opt/airflow/dags/steam_analytics.py
[2026-09-08T14:45:23.820+0000] {processor.py:830} INFO - Processing file /opt/airflow/dags/steam_analytics.py for tasks to queue
[2026-09-08T14:45:23.821+0000] {logging_mixin.py:188} INFO - [2026-09-08T14:45:23.821+0000] {dagbag.py:545} INFO - Filling up the DagBag from /opt/airflow/dags/steam_analytics.py
[2026-09-08T14:45:23.962+0000] {processor.py:840} INFO - DAG(s) 'steam_analytics_daily' retrieved from /opt/airflow/dags/steam_analytics.py
[2026-09-08T14:45:23.993+0000] {logging_mixin.py:188} INFO - [2026-09-08T14:45:23.993+0000] {dag.py:3089} INFO - Sync 1 DAGs
[2026-09-08T14:45:24.015+0000] {logging_mixin.py:188} INFO - [2026-09-08T14:45:24.015+0000] {dag.py:3947} INFO - Setting next_dagrun for steam_analytics_daily to 2026-09-08 02:00:00+00:00, run_after=2026-09-09 02:00:00+00:00
[2026-09-08T14:45:24.032+0000] {processor.py:183} INFO - Processing /opt/airflow/dags/steam_analytics.py took 0.217 seconds
[2026-09-08T14:45:54.168+0000] {processor.py:161} INFO - Started process (PID=1985) to work on /opt/airflow/dags/steam_analytics.py
[2026-09-08T14:45:54.169+0000] {processor.py:830} INFO - Processing file /opt/airflow/dags/steam_analytics.py for tasks to queue
[2026-09-08T14:45:54.170+0000] {logging_mixin.py:188} INFO - [2026-09-08T14:45:54.170+0000] {dagbag.py:545} INFO - Filling up the DagBag from /opt/airflow/dags/steam_analytics.py
[2026-09-08T14:45:54.312+0000] {processor.py:840} INFO - DAG(s) 'steam_analytics_daily' retrieved from /opt/airflow/dags/steam_analytics.py
[2026-09-08T14:45:54.339+0000] {logging_mixin.py:188} INFO - [2026-09-08T14:45:54.339+0000] {dag.py:3089} INFO - Sync 1 DAGs
[2026-09-08T14:45:54.360+0000] {logging_mixin.py:188} INFO - [2026-09-08T14:45:54.360+0000] {dag.py:3947} INFO - Setting next_dagrun for steam_analytics_daily to 2026-09-08 02:00:00+00:00, run_after=2026-09-09 02:00:00+00:00
[2026-09-08T14:45:54.380+0000] {processor.py:183} INFO - Processing /opt/airflow/dags/steam_analytics.py took 0.217 seconds
[2026-09-08T14:46:24.525+0000] {processor.py:161} INFO - Started process (PID=1990) to work on /opt/airflow/dags/steam_analytics.py
[2026-09-08T14:46:24.526+0000] {processor.py:830} INFO - Processing file /opt/airflow/dags/steam_analytics.py for tasks to queue
[2026-09-08T14:46:24.528+0000] {logging_mixin.py:188} INFO - [2026-09-08T14:46:24.527+0000] {dagbag.py:545} INFO - Filling up the DagBag from /opt/airflow/dags/steam_analytics.py
[2026-09-08T14:46:24.676+0000] {processor.py:840} INFO - DAG(s) 'steam_analytics_daily' retrieved from /opt/airflow/dags/steam_analytics.py
[2026-09-08T14:46:24.704+0000] {logging_mixin.py:188} INFO - [2026-09-08T14:46:24.704+0000] {dag.py:3089} INFO - Sync 1 DAGs
[2026-09-08T14:46:24.726+0000] {logging_mixin.py:188} INFO - [2026-09-08T14:46:24.726+0000] {dag.py:3947} INFO - Setting next_dagrun for steam_analytics_daily to 2026-09-08 02:00:00+00:00, run_after=2026-09-09 02:00:00+00:00
[2026-09-08T14:46:24.745+0000] {processor.py:183} INFO - Processing /opt/airflow/dags/steam_analytics.py took 0.225 seconds
[2026-09-08T14:46:54.880+0000] {processor.py:161} INFO - Started process (PID=1995) to work on /opt/airflow/dags/steam_analytics.py
[2026-09-08T14:46:54.881+0000] {processor.py:830} INFO - Processing file /opt/airflow/dags/steam_analytics.py for tasks to queue
[2026-09-08T14:46:54.883+0000] {logging_mixin.py:188} INFO - [2026-09-08T14:46:54.882+0000] {dagbag.py:545} INFO - Filling up the DagBag from /opt/airflow/dags/steam_analytics.py
[2026-09-08T14:46:55.030+0000] {processor.py:840} INFO - DAG(s) 'steam_analytics_daily' retrieved from /opt/airflow/dags/steam_analytics.py
[2026-09-08T14:46:55.059+0000] {logging_mixin.py:188} INFO - [2026-09-08T14:46:55.059+0000] {dag.py:3089} INFO - Sync 1 DAGs
[2026-09-08T14:46:55.084+0000] {logging_mixin.py:188} INFO - [2026-09-08T14:46:55.084+0000] {dag.py:3947} INFO - Setting next_dagrun for steam_analytics_daily to 2026-09-08 02:00:00+00:00, run_after=2026-09-09 02:00:00+00:00
[2026-09-08T14:46:55.108+0000] {processor.py:183} INFO - Processing /opt/airflow/dags/steam_analytics.py took 0.233 seconds
[2026-09-08T14:47:25.248+0000] {processor.py:161} INFO - Started process (PID=2000) to work on /opt/airflow/dags/steam_analytics.py
[2026-09-08T14:47:25.249+0000] {processor.py:830} INFO - Processing file /opt/airflow/dags/steam_analytics.py for tasks to queue
[2026-09-08T14:47:25.250+0000] {logging_mixin.py:188} INFO - [2026-09-08T14:47:25.250+0000] {dagbag.py:545} INFO - Filling up the DagBag from /opt/airflow/dags/steam_analytics.py
[2026-09-08T14:47:25.393+0000] {processor.py:840} INFO - DAG(s) 'steam_analytics_daily' retrieved from /opt/airflow/dags/steam_analytics.py
[2026-09-08T14:47:25.420+0000] {logging_mixin.py:188} INFO - [2026-09-08T14:47:25.420+0000] {dag.py:3089} INFO - Sync 1 DAGs
[2026-09-08T14:47:25.441+0000] {logging_mixin.py:188} INFO - [2026-09-08T14:47:25.441+0000] {dag.py:3947} INFO - Setting next_dagrun for steam_analytics_daily to 2026-09-08 02:00:00+00:00, run_after=2026-09-09 02:00:00+00:00
[2026-09-08T14:47:25.458+0000] {processor.py:183} INFO - Processing /opt/airflow/dags/steam_analytics.py took 0.215 seconds
[2026-09-08T14:47:55.592+0000] {processor.py:161} INFO - Started process (PID=2005) to work on /opt/airflow/dags/steam_analytics.py
[2026-09-08T14:47:55.593+0000] {processor.py:830} INFO - Processing file /opt/airflow/dags/steam_analytics.py for tasks to queue
[2026-09-08T14:47:55.594+0000] {logging_mixin.py:188} INFO - [2026-09-08T14:47:55.594+0000] {dagbag.py:545} INFO - Filling up the DagBag from /opt/airflow/dags/steam_analytics.py
[2026-09-08T14:47:55.736+0000] {processor.py:840} INFO - DAG(s) 'steam_analytics_daily' retrieved from /opt/airflow/dags/steam_analytics.py
[2026-09-08T14:47:55.762+0000] {logging_mixin.py:188} INFO - [2026-09-08T14:47:55.761+0000] {dag.py:3089} INFO - Sync 1 DAGs
[2026-09-08T14:47:55.785+0000] {logging_mixin.py:188} INFO - [2026-09-08T14:47:55.785+0000] {dag.py:3947} INFO - Setting next_dagrun for steam_analytics_daily to 2026-09-08 02:00:00+00:00, run_after=2026-09-09 02:00:00+00:00
[2026-09-08T14:47:55.802+0000] {processor.py:183} INFO - Processing /opt/airflow/dags/steam_analytics.py took 0.215 seconds
[2026-09-08T14:48:25.941+0000] {processor.py:161} INFO - Started process (PID=2010) to work on /opt/airflow/dags/steam_analytics.py
[2026-09-08T14:48:25.942+0000] {processor.py:830} INFO - Processing file /opt/airflow/dags/steam_analytics.py for tasks to queue
[2026-09-08T14:48:25.944+0000] {logging_mixin.py:188} INFO - [2026-09-08T14:48:25.943+0000] {dagbag.py:545} INFO - Filling up the DagBag from /opt/airflow/dags/steam_analytics.py
[2026-09-08T14:48:26.100+0000] {processor.py:840} INFO - DAG(s) 'steam_analytics_daily' retrieved from /opt/airflow/dags/steam_analytics.py
[2026-09-08T14:48:26.134+0000] {logging_mixin.py:188} INFO - [2026-09-08T14:48:26.133+0000] {dag.py:3089} INFO - Sync 1 DAGs
[2026-09-08T14:48:26.160+0000] {logging_mixin.py:188} INFO - [2026-09-08T14:48:26.160+0000] {dag.py:3947} INFO - Setting next_dagrun for steam_analytics_daily to 2026-09-08 02:00:00+00:00, run_after=2026-09-09 02:00:00+00:00
[2026-09-08T14:48:26.181+0000] {processor.py:183} INFO - Processing /opt/airflow/dags/steam_analytics.py took 0.247 seconds
[2026-09-08T14:48:56.327+0000] {processor.py:161} INFO - Started process (PID=2015) to work on /opt/airflow/dags/steam_analytics.py
[2026-09-08T14:48:56.328+0000] {processor.py:830} INFO - Processing file /opt/airflow/dags/steam_analytics.py for tasks to queue
[2026-09-08T14:48:56.329+0000] {logging_mixin.py:188} INFO - [2026-09-08T14:48:56.329+0000] {dagbag.py:545} INFO - Filling up the DagBag from /opt/airflow/dags/steam_analytics.py
[2026-09-08T14:48:56.479+0000] {processor.py:840} INFO - DAG(s) 'steam_analytics_daily' retrieved from /opt/airflow/dags/steam_analytics.py
[2026-09-08T14:48:56.506+0000] {logging_mixin.py:188} INFO - [2026-09-08T14:48:56.506+0000] {dag.py:3089} INFO - Sync 1 DAGs
[2026-09-08T14:48:56.526+0000] {logging_mixin.py:188} INFO - [2026-09-08T14:48:56.526+0000] {dag.py:3947} INFO - Setting next_dagrun for steam_analytics_daily to 2026-09-08 02:00:00+00:00, run_after=2026-09-09 02:00:00+00:00
[2026-09-08T14:48:56.545+0000] {processor.py:183} INFO - Processing /opt/airflow/dags/steam_analytics.py took 0.223 seconds
[2026-09-08T14:49:26.676+0000] {processor.py:161} INFO - Started process (PID=2020) to work on /opt/airflow/dags/steam_analytics.py
[2026-09-08T14:49:26.677+0000] {processor.py:830} INFO - Processing file /opt/airflow/dags/steam_analytics.py for tasks to queue
[2026-09-08T14:49:26.678+0000] {logging_mixin.py:188} INFO - [2026-09-08T14:49:26.678+0000] {dagbag.py:545} INFO - Filling up the DagBag from /opt/airflow/dags/steam_analytics.py
[2026-09-08T14:49:26.821+0000] {processor.py:840} INFO - DAG(s) 'steam_analytics_daily' retrieved from /opt/airflow/dags/steam_analytics.py
[2026-09-08T14:49:26.848+0000] {logging_mixin.py:188} INFO - [2026-09-08T14:49:26.847+0000] {dag.py:3089} INFO - Sync 1 DAGs
[2026-09-08T14:49:26.868+0000] {logging_mixin.py:188} INFO - [2026-09-08T14:49:26.868+0000] {dag.py:3947} INFO - Setting next_dagrun for steam_analytics_daily to 2026-09-08 02:00:00+00:00, run_after=2026-09-09 02:00:00+00:00
[2026-09-08T14:49:26.886+0000] {processor.py:183} INFO - Processing /opt/airflow/dags/steam_analytics.py took 0.215 seconds
[2026-09-08T14:49:57.021+0000] {processor.py:161} INFO - Started process (PID=2025) to work on /opt/airflow/dags/steam_analytics.py
[2026-09-08T14:49:57.021+0000] {processor.py:830} INFO - Processing file /opt/airflow/dags/steam_analytics.py for tasks to queue
[2026-09-08T14:49:57.023+0000] {logging_mixin.py:188} INFO - [2026-09-08T14:49:57.023+0000] {dagbag.py:545} INFO - Filling up the DagBag from /opt/airflow/dags/steam_analytics.py
[2026-09-08T14:49:57.175+0000] {processor.py:840} INFO - DAG(s) 'steam_analytics_daily' retrieved from /opt/airflow/dags/steam_analytics.py
[2026-09-08T14:49:57.204+0000] {logging_mixin.py:188} INFO - [2026-09-08T14:49:57.203+0000] {dag.py:3089} INFO - Sync 1 DAGs
[2026-09-08T14:49:57.226+0000] {logging_mixin.py:188} INFO - [2026-09-08T14:49:57.226+0000] {dag.py:3947} INFO - Setting next_dagrun for steam_analytics_daily to 2026-09-08 02:00:00+00:00, run_after=2026-09-09 02:00:00+00:00
[2026-09-08T14:49:57.244+0000] {processor.py:183} INFO - Processing /opt/airflow/dags/steam_analytics.py took 0.228 seconds
[2026-09-08T14:50:27.378+0000] {processor.py:161} INFO - Started process (PID=2030) to work on /opt/airflow/dags/steam_analytics.py
[2026-09-08T14:50:27.379+0000] {processor.py:830} INFO - Processing file /opt/airflow/dags/steam_analytics.py for tasks to queue
[2026-09-08T14:50:27.381+0000] {logging_mixin.py:188} INFO - [2026-09-08T14:50:27.380+0000] {dagbag.py:545} INFO - Filling up the DagBag from /opt/airflow/dags/steam_analytics.py
[2026-09-08T14:50:27.522+0000] {processor.py:840} INFO - DAG(s) 'steam_analytics_daily' retrieved from /opt/airflow/dags/steam_analytics.py
[2026-09-08T14:50:27.549+0000] {logging_mixin.py:188} INFO - [2026-09-08T14:50:27.549+0000] {dag.py:3089} INFO - Sync 1 DAGs
[2026-09-08T14:50:27.569+0000] {logging_mixin.py:188} INFO - [2026-09-08T14:50:27.569+0000] {dag.py:3947} INFO - Setting next_dagrun for steam_analytics_daily to 2026-09-08 02:00:00+00:00, run_after=2026-09-09 02:00:00+00:00
[2026-09-08T14:50:27.587+0000] {processor.py:183} INFO - Processing /opt/airflow/dags/steam_analytics.py took 0.213 seconds
[2026-09-08T14:50:57.722+0000] {processor.py:161} INFO - Started process (PID=2035) to work on /opt/airflow/dags/steam_analytics.py
[2026-09-08T14:50:57.722+0000] {processor.py:830} INFO - Processing file /opt/airflow/dags/steam_analytics.py for tasks to queue
[2026-09-08T14:50:57.724+0000] {logging_mixin.py:188} INFO - [2026-09-08T14:50:57.723+0000] {dagbag.py:545} INFO - Filling up the DagBag from /opt/airflow/dags/steam_analytics.py
[2026-09-08T14:50:57.868+0000] {processor.py:840} INFO - DAG(s) 'steam_analytics_daily' retrieved from /opt/airflow/dags/steam_analytics.py
[2026-09-08T14:50:57.894+0000] {logging_mixin.py:188} INFO - [2026-09-08T14:50:57.894+0000] {dag.py:3089} INFO - Sync 1 DAGs
[2026-09-08T14:50:57.914+0000] {logging_mixin.py:188} INFO - [2026-09-08T14:50:57.914+0000] {dag.py:3947} INFO - Setting next_dagrun for steam_analytics_daily to 2026-09-08 02:00:00+00:00, run_after=2026-09-09 02:00:00+00:00
[2026-09-08T14:50:57.931+0000] {processor.py:183} INFO - Processing /opt/airflow/dags/steam_analytics.py took 0.214 seconds
[2026-09-08T14:51:28.068+0000] {processor.py:161} INFO - Started process (PID=2040) to work on /opt/airflow/dags/steam_analytics.py
[2026-09-08T14:51:28.069+0000] {processor.py:830} INFO - Processing file /opt/airflow/dags/steam_analytics.py for tasks to queue
[2026-09-08T14:51:28.070+0000] {logging_mixin.py:188} INFO - [2026-09-08T14:51:28.070+0000] {dagbag.py:545} INFO - Filling up the DagBag from /opt/airflow/dags/steam_analytics.py
[2026-09-08T14:51:28.345+0000] {processor.py:840} INFO - DAG(s) 'steam_analytics_daily' retrieved from /opt/airflow/dags/steam_analytics.py
[2026-09-08T14:51:28.411+0000] {logging_mixin.py:188} INFO - [2026-09-08T14:51:28.410+0000] {dag.py:3089} INFO - Sync 1 DAGs
[2026-09-08T14:51:28.502+0000] {logging_mixin.py:188} INFO - [2026-09-08T14:51:28.502+0000] {dag.py:3947} INFO - Setting next_dagrun for steam_analytics_daily to 2026-09-08 02:00:00+00:00, run_after=2026-09-09 02:00:00+00:00
[2026-09-08T14:51:28.598+0000] {processor.py:183} INFO - Processing /opt/airflow/dags/steam_analytics.py took 0.535 seconds
[2026-09-08T14:51:58.779+0000] {processor.py:161} INFO - Started process (PID=2045) to work on /opt/airflow/dags/steam_analytics.py
[2026-09-08T14:51:58.780+0000] {processor.py:830} INFO - Processing file /opt/airflow/dags/steam_analytics.py for tasks to queue
[2026-09-08T14:51:58.781+0000] {logging_mixin.py:188} INFO - [2026-09-08T14:51:58.781+0000] {dagbag.py:545} INFO - Filling up the DagBag from /opt/airflow/dags/steam_analytics.py
[2026-09-08T14:51:58.915+0000] {processor.py:840} INFO - DAG(s) 'steam_analytics_daily' retrieved from /opt/airflow/dags/steam_analytics.py
[2026-09-08T14:51:58.941+0000] {logging_mixin.py:188} INFO - [2026-09-08T14:51:58.940+0000] {dag.py:3089} INFO - Sync 1 DAGs
[2026-09-08T14:51:58.964+0000] {logging_mixin.py:188} INFO - [2026-09-08T14:51:58.964+0000] {dag.py:3947} INFO - Setting next_dagrun for steam_analytics_daily to 2026-09-08 02:00:00+00:00, run_after=2026-09-09 02:00:00+00:00
[2026-09-08T14:51:58.982+0000] {processor.py:183} INFO - Processing /opt/airflow/dags/steam_analytics.py took 0.209 seconds
[2026-09-08T14:52:29.114+0000] {processor.py:161} INFO - Started process (PID=2050) to work on /opt/airflow/dags/steam_analytics.py
[2026-09-08T14:52:29.115+0000] {processor.py:830} INFO - Processing file /opt/airflow/dags/steam_analytics.py for tasks to queue
[2026-09-08T14:52:29.116+0000] {logging_mixin.py:188} INFO - [2026-09-08T14:52:29.116+0000] {dagbag.py:545} INFO - Filling up the DagBag from /opt/airflow/dags/steam_analytics.py
[2026-09-08T14:52:29.253+0000] {processor.py:840} INFO - DAG(s) 'steam_analytics_daily' retrieved from /opt/airflow/dags/steam_analytics.py
[2026-09-08T14:52:29.280+0000] {logging_mixin.py:188} INFO - [2026-09-08T14:52:29.280+0000] {dag.py:3089} INFO - Sync 1 DAGs
[2026-09-08T14:52:29.299+0000] {logging_mixin.py:188} INFO - [2026-09-08T14:52:29.299+0000] {dag.py:3947} INFO - Setting next_dagrun for steam_analytics_daily to 2026-09-08 02:00:00+00:00, run_after=2026-09-09 02:00:00+00:00
[2026-09-08T14:52:29.317+0000] {processor.py:183} INFO - Processing /opt/airflow/dags/steam_analytics.py took 0.208 seconds
[2026-09-08T14:52:59.451+0000] {processor.py:161} INFO - Started process (PID=2055) to work on /opt/airflow/dags/steam_analytics.py
[2026-09-08T14:52:59.452+0000] {processor.py:830} INFO - Processing file /opt/airflow/dags/steam_analytics.py for tasks to queue
[2026-09-08T14:52:59.454+0000] {logging_mixin.py:188} INFO - [2026-09-08T14:52:59.454+0000] {dagbag.py:545} INFO - Filling up the DagBag from /opt/airflow/dags/steam_analytics.py
[2026-09-08T14:52:59.594+0000] {processor.py:840} INFO - DAG(s) 'steam_analytics_daily' retrieved from /opt/airflow/dags/steam_analytics.py
[2026-09-08T14:52:59.621+0000] {logging_mixin.py:188} INFO - [2026-09-08T14:52:59.620+0000] {dag.py:3089} INFO - Sync 1 DAGs
[2026-09-08T14:52:59.640+0000] {logging_mixin.py:188} INFO - [2026-09-08T14:52:59.640+0000] {dag.py:3947} INFO - Setting next_dagrun for steam_analytics_daily to 2026-09-08 02:00:00+00:00, run_after=2026-09-09 02:00:00+00:00
[2026-09-08T14:52:59.658+0000] {processor.py:183} INFO - Processing /opt/airflow/dags/steam_analytics.py took 0.212 seconds
[2026-09-08T14:53:29.791+0000] {processor.py:161} INFO - Started process (PID=2060) to work on /opt/airflow/dags/steam_analytics.py
[2026-09-08T14:53:29.792+0000] {processor.py:830} INFO - Processing file /opt/airflow/dags/steam_analytics.py for tasks to queue
[2026-09-08T14:53:29.794+0000] {logging_mixin.py:188} INFO - [2026-09-08T14:53:29.793+0000] {dagbag.py:545} INFO - Filling up the DagBag from /opt/airflow/dags/steam_analytics.py
[2026-09-08T14:53:29.927+0000] {processor.py:840} INFO - DAG(s) 'steam_analytics_daily' retrieved from /opt/airflow/dags/steam_analytics.py
[2026-09-08T14:53:29.952+0000] {logging_mixin.py:188} INFO - [2026-09-08T14:53:29.952+0000] {dag.py:3089} INFO - Sync 1 DAGs
[2026-09-08T14:53:29.971+0000] {logging_mixin.py:188} INFO - [2026-09-08T14:53:29.970+0000] {dag.py:3947} INFO - Setting next_dagrun for steam_analytics_daily to 2026-09-08 02:00:00+00:00, run_after=2026-09-09 02:00:00+00:00
[2026-09-08T14:53:29.987+0000] {processor.py:183} INFO - Processing /opt/airflow/dags/steam_analytics.py took 0.200 seconds
[2026-09-08T14:54:00.119+0000] {processor.py:161} INFO - Started process (PID=2065) to work on /opt/airflow/dags/steam_analytics.py
[2026-09-08T14:54:00.119+0000] {processor.py:830} INFO - Processing file /opt/airflow/dags/steam_analytics.py for tasks to queue
[2026-09-08T14:54:00.121+0000] {logging_mixin.py:188} INFO - [2026-09-08T14:54:00.120+0000] {dagbag.py:545} INFO - Filling up the DagBag from /opt/airflow/dags/steam_analytics.py
[2026-09-08T14:54:00.259+0000] {processor.py:840} INFO - DAG(s) 'steam_analytics_daily' retrieved from /opt/airflow/dags/steam_analytics.py
[2026-09-08T14:54:00.285+0000] {logging_mixin.py:188} INFO - [2026-09-08T14:54:00.285+0000] {dag.py:3089} INFO - Sync 1 DAGs
[2026-09-08T14:54:00.305+0000] {logging_mixin.py:188} INFO - [2026-09-08T14:54:00.305+0000] {dag.py:3947} INFO - Setting next_dagrun for steam_analytics_daily to 2026-09-08 02:00:00+00:00, run_after=2026-09-09 02:00:00+00:00
[2026-09-08T14:54:00.321+0000] {processor.py:183} INFO - Processing /opt/airflow/dags/steam_analytics.py took 0.207 seconds
[2026-09-08T14:54:30.449+0000] {processor.py:161} INFO - Started process (PID=2070) to work on /opt/airflow/dags/steam_analytics.py
[2026-09-08T14:54:30.449+0000] {processor.py:830} INFO - Processing file /opt/airflow/dags/steam_analytics.py for tasks to queue
[2026-09-08T14:54:30.451+0000] {logging_mixin.py:188} INFO - [2026-09-08T14:54:30.450+0000] {dagbag.py:545} INFO - Filling up the DagBag from /opt/airflow/dags/steam_analytics.py
[2026-09-08T14:54:30.586+0000] {processor.py:840} INFO - DAG(s) 'steam_analytics_daily' retrieved from /opt/airflow/dags/steam_analytics.py
[2026-09-08T14:54:30.612+0000] {logging_mixin.py:188} INFO - [2026-09-08T14:54:30.611+0000] {dag.py:3089} INFO - Sync 1 DAGs
[2026-09-08T14:54:30.632+0000] {logging_mixin.py:188} INFO - [2026-09-08T14:54:30.632+0000] {dag.py:3947} INFO - Setting next_dagrun for steam_analytics_daily to 2026-09-08 02:00:00+00:00, run_after=2026-09-09 02:00:00+00:00
[2026-09-08T14:54:30.648+0000] {processor.py:183} INFO - Processing /opt/airflow/dags/steam_analytics.py took 0.204 seconds
[2026-09-08T14:55:00.782+0000] {processor.py:161} INFO - Started process (PID=2075) to work on /opt/airflow/dags/steam_analytics.py
[2026-09-08T14:55:00.782+0000] {processor.py:830} INFO - Processing file /opt/airflow/dags/steam_analytics.py for tasks to queue
[2026-09-08T14:55:00.784+0000] {logging_mixin.py:188} INFO - [2026-09-08T14:55:00.784+0000] {dagbag.py:545} INFO - Filling up the DagBag from /opt/airflow/dags/steam_analytics.py
[2026-09-08T14:55:00.929+0000] {processor.py:840} INFO - DAG(s) 'steam_analytics_daily' retrieved from /opt/airflow/dags/steam_analytics.py
[2026-09-08T14:55:00.955+0000] {logging_mixin.py:188} INFO - [2026-09-08T14:55:00.955+0000] {dag.py:3089} INFO - Sync 1 DAGs
[2026-09-08T14:55:00.975+0000] {logging_mixin.py:188} INFO - [2026-09-08T14:55:00.975+0000] {dag.py:3947} INFO - Setting next_dagrun for steam_analytics_daily to 2026-09-08 02:00:00+00:00, run_after=2026-09-09 02:00:00+00:00
[2026-09-08T14:55:00.992+0000] {processor.py:183} INFO - Processing /opt/airflow/dags/steam_analytics.py took 0.216 seconds
[2026-09-08T14:55:31.124+0000] {processor.py:161} INFO - Started process (PID=2080) to work on /opt/airflow/dags/steam_analytics.py
[2026-09-08T14:55:31.125+0000] {processor.py:830} INFO - Processing file /opt/airflow/dags/steam_analytics.py for tasks to queue
[2026-09-08T14:55:31.126+0000] {logging_mixin.py:188} INFO - [2026-09-08T14:55:31.126+0000] {dagbag.py:545} INFO - Filling up the DagBag from /opt/airflow/dags/steam_analytics.py
[2026-09-08T14:55:31.268+0000] {processor.py:840} INFO - DAG(s) 'steam_analytics_daily' retrieved from /opt/airflow/dags/steam_analytics.py
[2026-09-08T14:55:31.294+0000] {logging_mixin.py:188} INFO - [2026-09-08T14:55:31.294+0000] {dag.py:3089} INFO - Sync 1 DAGs
[2026-09-08T14:55:31.313+0000] {logging_mixin.py:188} INFO - [2026-09-08T14:55:31.313+0000] {dag.py:3947} INFO - Setting next_dagrun for steam_analytics_daily to 2026-09-08 02:00:00+00:00, run_after=2026-09-09 02:00:00+00:00
[2026-09-08T14:55:31.331+0000] {processor.py:183} INFO - Processing /opt/airflow/dags/steam_analytics.py took 0.212 seconds
[2026-09-08T14:56:01.458+0000] {processor.py:161} INFO - Started process (PID=2085) to work on /opt/airflow/dags/steam_analytics.py
[2026-09-08T14:56:01.459+0000] {processor.py:830} INFO - Processing file /opt/airflow/dags/steam_analytics.py for tasks to queue
[2026-09-08T14:56:01.460+0000] {logging_mixin.py:188} INFO - [2026-09-08T14:56:01.460+0000] {dagbag.py:545} INFO - Filling up the DagBag from /opt/airflow/dags/steam_analytics.py
[2026-09-08T14:56:01.608+0000] {processor.py:840} INFO - DAG(s) 'steam_analytics_daily' retrieved from /opt/airflow/dags/steam_analytics.py
[2026-09-08T14:56:01.638+0000] {logging_mixin.py:188} INFO - [2026-09-08T14:56:01.637+0000] {dag.py:3089} INFO - Sync 1 DAGs
[2026-09-08T14:56:01.659+0000] {logging_mixin.py:188} INFO - [2026-09-08T14:56:01.659+0000] {dag.py:3947} INFO - Setting next_dagrun for steam_analytics_daily to 2026-09-08 02:00:00+00:00, run_after=2026-09-09 02:00:00+00:00
[2026-09-08T14:56:01.679+0000] {processor.py:183} INFO - Processing /opt/airflow/dags/steam_analytics.py took 0.226 seconds
[2026-09-08T14:56:31.810+0000] {processor.py:161} INFO - Started process (PID=2090) to work on /opt/airflow/dags/steam_analytics.py
[2026-09-08T14:56:31.811+0000] {processor.py:830} INFO - Processing file /opt/airflow/dags/steam_analytics.py for tasks to queue
[2026-09-08T14:56:31.812+0000] {logging_mixin.py:188} INFO - [2026-09-08T14:56:31.812+0000] {dagbag.py:545} INFO - Filling up the DagBag from /opt/airflow/dags/steam_analytics.py
[2026-09-08T14:56:31.988+0000] {processor.py:840} INFO - DAG(s) 'steam_analytics_daily' retrieved from /opt/airflow/dags/steam_analytics.py
[2026-09-08T14:56:32.015+0000] {logging_mixin.py:188} INFO - [2026-09-08T14:56:32.014+0000] {dag.py:3089} INFO - Sync 1 DAGs
[2026-09-08T14:56:32.035+0000] {logging_mixin.py:188} INFO - [2026-09-08T14:56:32.035+0000] {dag.py:3947} INFO - Setting next_dagrun for steam_analytics_daily to 2026-09-08 02:00:00+00:00, run_after=2026-09-09 02:00:00+00:00
[2026-09-08T14:56:32.051+0000] {processor.py:183} INFO - Processing /opt/airflow/dags/steam_analytics.py took 0.246 seconds
[2026-09-08T14:57:02.176+0000] {processor.py:161} INFO - Started process (PID=2095) to work on /opt/airflow/dags/steam_analytics.py
[2026-09-08T14:57:02.177+0000] {processor.py:830} INFO - Processing file /opt/airflow/dags/steam_analytics.py for tasks to queue
[2026-09-08T14:57:02.179+0000] {logging_mixin.py:188} INFO - [2026-09-08T14:57:02.178+0000] {dagbag.py:545} INFO - Filling up the DagBag from /opt/airflow/dags/steam_analytics.py
[2026-09-08T14:57:02.309+0000] {processor.py:840} INFO - DAG(s) 'steam_analytics_daily' retrieved from /opt/airflow/dags/steam_analytics.py
[2026-09-08T14:57:02.335+0000] {logging_mixin.py:188} INFO - [2026-09-08T14:57:02.335+0000] {dag.py:3089} INFO - Sync 1 DAGs
[2026-09-08T14:57:02.354+0000] {logging_mixin.py:188} INFO - [2026-09-08T14:57:02.353+0000] {dag.py:3947} INFO - Setting next_dagrun for steam_analytics_daily to 2026-09-08 02:00:00+00:00, run_after=2026-09-09 02:00:00+00:00
[2026-09-08T14:57:02.369+0000] {processor.py:183} INFO - Processing /opt/airflow/dags/steam_analytics.py took 0.197 seconds
[2026-09-08T14:57:32.502+0000] {processor.py:161} INFO - Started process (PID=2100) to work on /opt/airflow/dags/steam_analytics.py
[2026-09-08T14:57:32.503+0000] {processor.py:830} INFO - Processing file /opt/airflow/dags/steam_analytics.py for tasks to queue
[2026-09-08T14:57:32.505+0000] {logging_mixin.py:188} INFO - [2026-09-08T14:57:32.504+0000] {dagbag.py:545} INFO - Filling up the DagBag from /opt/airflow/dags/steam_analytics.py
[2026-09-08T14:57:32.643+0000] {processor.py:840} INFO - DAG(s) 'steam_analytics_daily' retrieved from /opt/airflow/dags/steam_analytics.py
[2026-09-08T14:57:32.668+0000] {logging_mixin.py:188} INFO - [2026-09-08T14:57:32.668+0000] {dag.py:3089} INFO - Sync 1 DAGs
[2026-09-08T14:57:32.688+0000] {logging_mixin.py:188} INFO - [2026-09-08T14:57:32.688+0000] {dag.py:3947} INFO - Setting next_dagrun for steam_analytics_daily to 2026-09-08 02:00:00+00:00, run_after=2026-09-09 02:00:00+00:00
[2026-09-08T14:57:32.705+0000] {processor.py:183} INFO - Processing /opt/airflow/dags/steam_analytics.py took 0.207 seconds
[2026-09-08T14:58:02.835+0000] {processor.py:161} INFO - Started process (PID=2105) to work on /opt/airflow/dags/steam_analytics.py
[2026-09-08T14:58:02.836+0000] {processor.py:830} INFO - Processing file /opt/airflow/dags/steam_analytics.py for tasks to queue
[2026-09-08T14:58:02.837+0000] {logging_mixin.py:188} INFO - [2026-09-08T14:58:02.837+0000] {dagbag.py:545} INFO - Filling up the DagBag from /opt/airflow/dags/steam_analytics.py
[2026-09-08T14:58:02.981+0000] {processor.py:840} INFO - DAG(s) 'steam_analytics_daily' retrieved from /opt/airflow/dags/steam_analytics.py
[2026-09-08T14:58:03.010+0000] {logging_mixin.py:188} INFO - [2026-09-08T14:58:03.009+0000] {dag.py:3089} INFO - Sync 1 DAGs
[2026-09-08T14:58:03.029+0000] {logging_mixin.py:188} INFO - [2026-09-08T14:58:03.029+0000] {dag.py:3947} INFO - Setting next_dagrun for steam_analytics_daily to 2026-09-08 02:00:00+00:00, run_after=2026-09-09 02:00:00+00:00
[2026-09-08T14:58:03.046+0000] {processor.py:183} INFO - Processing /opt/airflow/dags/steam_analytics.py took 0.216 seconds
[2026-09-08T14:58:33.186+0000] {processor.py:161} INFO - Started process (PID=2110) to work on /opt/airflow/dags/steam_analytics.py
[2026-09-08T14:58:33.187+0000] {processor.py:830} INFO - Processing file /opt/airflow/dags/steam_analytics.py for tasks to queue
[2026-09-08T14:58:33.189+0000] {logging_mixin.py:188} INFO - [2026-09-08T14:58:33.188+0000] {dagbag.py:545} INFO - Filling up the DagBag from /opt/airflow/dags/steam_analytics.py
[2026-09-08T14:58:33.344+0000] {processor.py:840} INFO - DAG(s) 'steam_analytics_daily' retrieved from /opt/airflow/dags/steam_analytics.py
[2026-09-08T14:58:33.371+0000] {logging_mixin.py:188} INFO - [2026-09-08T14:58:33.370+0000] {dag.py:3089} INFO - Sync 1 DAGs
[2026-09-08T14:58:33.392+0000] {logging_mixin.py:188} INFO - [2026-09-08T14:58:33.392+0000] {dag.py:3947} INFO - Setting next_dagrun for steam_analytics_daily to 2026-09-08 02:00:00+00:00, run_after=2026-09-09 02:00:00+00:00
[2026-09-08T14:58:33.411+0000] {processor.py:183} INFO - Processing /opt/airflow/dags/steam_analytics.py took 0.230 seconds
[2026-09-08T14:59:03.542+0000] {processor.py:161} INFO - Started process (PID=2115) to work on /opt/airflow/dags/steam_analytics.py
[2026-09-08T14:59:03.543+0000] {processor.py:830} INFO - Processing file /opt/airflow/dags/steam_analytics.py for tasks to queue
[2026-09-08T14:59:03.544+0000] {logging_mixin.py:188} INFO - [2026-09-08T14:59:03.544+0000] {dagbag.py:545} INFO - Filling up the DagBag from /opt/airflow/dags/steam_analytics.py
[2026-09-08T14:59:03.689+0000] {processor.py:840} INFO - DAG(s) 'steam_analytics_daily' retrieved from /opt/airflow/dags/steam_analytics.py
[2026-09-08T14:59:03.717+0000] {logging_mixin.py:188} INFO - [2026-09-08T14:59:03.717+0000] {dag.py:3089} INFO - Sync 1 DAGs
[2026-09-08T14:59:03.737+0000] {logging_mixin.py:188} INFO - [2026-09-08T14:59:03.737+0000] {dag.py:3947} INFO - Setting next_dagrun for steam_analytics_daily to 2026-09-08 02:00:00+00:00, run_after=2026-09-09 02:00:00+00:00
[2026-09-08T14:59:03.754+0000] {processor.py:183} INFO - Processing /opt/airflow/dags/steam_analytics.py took 0.216 seconds
[2026-09-08T14:59:33.886+0000] {processor.py:161} INFO - Started process (PID=2120) to work on /opt/airflow/dags/steam_analytics.py
[2026-09-08T14:59:33.887+0000] {processor.py:830} INFO - Processing file /opt/airflow/dags/steam_analytics.py for tasks to queue
[2026-09-08T14:59:33.888+0000] {logging_mixin.py:188} INFO - [2026-09-08T14:59:33.888+0000] {dagbag.py:545} INFO - Filling up the DagBag from /opt/airflow/dags/steam_analytics.py
[2026-09-08T14:59:34.033+0000] {processor.py:840} INFO - DAG(s) 'steam_analytics_daily' retrieved from /opt/airflow/dags/steam_analytics.py
[2026-09-08T14:59:34.060+0000] {logging_mixin.py:188} INFO - [2026-09-08T14:59:34.059+0000] {dag.py:3089} INFO - Sync 1 DAGs
[2026-09-08T14:59:34.079+0000] {logging_mixin.py:188} INFO - [2026-09-08T14:59:34.079+0000] {dag.py:3947} INFO - Setting next_dagrun for steam_analytics_daily to 2026-09-08 02:00:00+00:00, run_after=2026-09-09 02:00:00+00:00
[2026-09-08T14:59:34.095+0000] {processor.py:183} INFO - Processing /opt/airflow/dags/steam_analytics.py took 0.214 seconds
[2026-09-08T15:00:04.225+0000] {processor.py:161} INFO - Started process (PID=2125) to work on /opt/airflow/dags/steam_analytics.py
[2026-09-08T15:00:04.225+0000] {processor.py:830} INFO - Processing file /opt/airflow/dags/steam_analytics.py for tasks to queue
[2026-09-08T15:00:04.227+0000] {logging_mixin.py:188} INFO - [2026-09-08T15:00:04.227+0000] {dagbag.py:545} INFO - Filling up the DagBag from /opt/airflow/dags/steam_analytics.py
[2026-09-08T15:00:04.371+0000] {processor.py:840} INFO - DAG(s) 'steam_analytics_daily' retrieved from /opt/airflow/dags/steam_analytics.py
[2026-09-08T15:00:04.396+0000] {logging_mixin.py:188} INFO - [2026-09-08T15:00:04.396+0000] {dag.py:3089} INFO - Sync 1 DAGs
[2026-09-08T15:00:04.417+0000] {logging_mixin.py:188} INFO - [2026-09-08T15:00:04.417+0000] {dag.py:3947} INFO - Setting next_dagrun for steam_analytics_daily to 2026-09-08 02:00:00+00:00, run_after=2026-09-09 02:00:00+00:00
[2026-09-08T15:00:04.437+0000] {processor.py:183} INFO - Processing /opt/airflow/dags/steam_analytics.py took 0.217 seconds
[2026-09-08T15:00:34.574+0000] {processor.py:161} INFO - Started process (PID=2130) to work on /opt/airflow/dags/steam_analytics.py
[2026-09-08T15:00:34.575+0000] {processor.py:830} INFO - Processing file /opt/airflow/dags/steam_analytics.py for tasks to queue
[2026-09-08T15:00:34.576+0000] {logging_mixin.py:188} INFO - [2026-09-08T15:00:34.576+0000] {dagbag.py:545} INFO - Filling up the DagBag from /opt/airflow/dags/steam_analytics.py
[2026-09-08T15:00:34.733+0000] {processor.py:840} INFO - DAG(s) 'steam_analytics_daily' retrieved from /opt/airflow/dags/steam_analytics.py
[2026-09-08T15:00:34.761+0000] {logging_mixin.py:188} INFO - [2026-09-08T15:00:34.760+0000] {dag.py:3089} INFO - Sync 1 DAGs
[2026-09-08T15:00:34.782+0000] {logging_mixin.py:188} INFO - [2026-09-08T15:00:34.782+0000] {dag.py:3947} INFO - Setting next_dagrun for steam_analytics_daily to 2026-09-08 02:00:00+00:00, run_after=2026-09-09 02:00:00+00:00
[2026-09-08T15:00:34.798+0000] {processor.py:183} INFO - Processing /opt/airflow/dags/steam_analytics.py took 0.230 seconds
[2026-09-08T16:03:42.584+0000] {processor.py:161} INFO - Started process (PID=2137) to work on /opt/airflow/dags/steam_analytics.py
[2026-09-08T16:03:42.586+0000] {processor.py:830} INFO - Processing file /opt/airflow/dags/steam_analytics.py for tasks to queue
[2026-09-08T16:03:42.605+0000] {logging_mixin.py:188} INFO - [2026-09-08T16:03:42.603+0000] {dagbag.py:545} INFO - Filling up the DagBag from /opt/airflow/dags/steam_analytics.py
[2026-09-08T16:03:43.097+0000] {processor.py:840} INFO - DAG(s) 'steam_analytics_daily' retrieved from /opt/airflow/dags/steam_analytics.py
[2026-09-08T16:03:43.168+0000] {logging_mixin.py:188} INFO - [2026-09-08T16:03:43.167+0000] {dag.py:3089} INFO - Sync 1 DAGs
[2026-09-08T16:03:43.226+0000] {logging_mixin.py:188} INFO - [2026-09-08T16:03:43.225+0000] {dag.py:3947} INFO - Setting next_dagrun for steam_analytics_daily to 2026-09-08 02:00:00+00:00, run_after=2026-09-09 02:00:00+00:00
[2026-09-08T16:03:43.256+0000] {processor.py:183} INFO - Processing /opt/airflow/dags/steam_analytics.py took 0.709 seconds
[2026-09-08T16:04:13.420+0000] {processor.py:161} INFO - Started process (PID=2144) to work on /opt/airflow/dags/steam_analytics.py
[2026-09-08T16:04:13.421+0000] {processor.py:830} INFO - Processing file /opt/airflow/dags/steam_analytics.py for tasks to queue
[2026-09-08T16:04:13.423+0000] {logging_mixin.py:188} INFO - [2026-09-08T16:04:13.423+0000] {dagbag.py:545} INFO - Filling up the DagBag from /opt/airflow/dags/steam_analytics.py
[2026-09-08T16:04:13.565+0000] {processor.py:840} INFO - DAG(s) 'steam_analytics_daily' retrieved from /opt/airflow/dags/steam_analytics.py
[2026-09-08T16:04:13.595+0000] {logging_mixin.py:188} INFO - [2026-09-08T16:04:13.595+0000] {dag.py:3089} INFO - Sync 1 DAGs
[2026-09-08T16:04:13.619+0000] {logging_mixin.py:188} INFO - [2026-09-08T16:04:13.619+0000] {dag.py:3947} INFO - Setting next_dagrun for steam_analytics_daily to 2026-09-08 02:00:00+00:00, run_after=2026-09-09 02:00:00+00:00
[2026-09-08T16:04:13.637+0000] {processor.py:183} INFO - Processing /opt/airflow/dags/steam_analytics.py took 0.222 seconds
[2026-09-08T16:04:43.776+0000] {processor.py:161} INFO - Started process (PID=2149) to work on /opt/airflow/dags/steam_analytics.py
[2026-09-08T16:04:43.776+0000] {processor.py:830} INFO - Processing file /opt/airflow/dags/steam_analytics.py for tasks to queue
[2026-09-08T16:04:43.778+0000] {logging_mixin.py:188} INFO - [2026-09-08T16:04:43.777+0000] {dagbag.py:545} INFO - Filling up the DagBag from /opt/airflow/dags/steam_analytics.py
[2026-09-08T16:04:43.913+0000] {processor.py:840} INFO - DAG(s) 'steam_analytics_daily' retrieved from /opt/airflow/dags/steam_analytics.py
[2026-09-08T16:04:43.942+0000] {logging_mixin.py:188} INFO - [2026-09-08T16:04:43.941+0000] {dag.py:3089} INFO - Sync 1 DAGs
[2026-09-08T16:04:43.963+0000] {logging_mixin.py:188} INFO - [2026-09-08T16:04:43.963+0000] {dag.py:3947} INFO - Setting next_dagrun for steam_analytics_daily to 2026-09-08 02:00:00+00:00, run_after=2026-09-09 02:00:00+00:00
[2026-09-08T16:04:43.980+0000] {processor.py:183} INFO - Processing /opt/airflow/dags/steam_analytics.py took 0.210 seconds
[2026-09-08T16:05:14.114+0000] {processor.py:161} INFO - Started process (PID=2154) to work on /opt/airflow/dags/steam_analytics.py
[2026-09-08T16:05:14.115+0000] {processor.py:830} INFO - Processing file /opt/airflow/dags/steam_analytics.py for tasks to queue
[2026-09-08T16:05:14.116+0000] {logging_mixin.py:188} INFO - [2026-09-08T16:05:14.116+0000] {dagbag.py:545} INFO - Filling up the DagBag from /opt/airflow/dags/steam_analytics.py
[2026-09-08T16:05:14.261+0000] {processor.py:840} INFO - DAG(s) 'steam_analytics_daily' retrieved from /opt/airflow/dags/steam_analytics.py
[2026-09-08T16:05:14.294+0000] {logging_mixin.py:188} INFO - [2026-09-08T16:05:14.294+0000] {dag.py:3089} INFO - Sync 1 DAGs
[2026-09-08T16:05:14.318+0000] {logging_mixin.py:188} INFO - [2026-09-08T16:05:14.318+0000] {dag.py:3947} INFO - Setting next_dagrun for steam_analytics_daily to 2026-09-08 02:00:00+00:00, run_after=2026-09-09 02:00:00+00:00
[2026-09-08T16:05:14.339+0000] {processor.py:183} INFO - Processing /opt/airflow/dags/steam_analytics.py took 0.230 seconds
[2026-09-08T16:05:44.481+0000] {processor.py:161} INFO - Started process (PID=2159) to work on /opt/airflow/dags/steam_analytics.py
[2026-09-08T16:05:44.482+0000] {processor.py:830} INFO - Processing file /opt/airflow/dags/steam_analytics.py for tasks to queue
[2026-09-08T16:05:44.484+0000] {logging_mixin.py:188} INFO - [2026-09-08T16:05:44.484+0000] {dagbag.py:545} INFO - Filling up the DagBag from /opt/airflow/dags/steam_analytics.py
[2026-09-08T16:05:44.625+0000] {processor.py:840} INFO - DAG(s) 'steam_analytics_daily' retrieved from /opt/airflow/dags/steam_analytics.py
[2026-09-08T16:05:44.655+0000] {logging_mixin.py:188} INFO - [2026-09-08T16:05:44.655+0000] {dag.py:3089} INFO - Sync 1 DAGs
[2026-09-08T16:05:44.678+0000] {logging_mixin.py:188} INFO - [2026-09-08T16:05:44.678+0000] {dag.py:3947} INFO - Setting next_dagrun for steam_analytics_daily to 2026-09-08 02:00:00+00:00, run_after=2026-09-09 02:00:00+00:00
[2026-09-08T16:05:44.695+0000] {processor.py:183} INFO - Processing /opt/airflow/dags/steam_analytics.py took 0.218 seconds
[2026-09-08T16:06:14.831+0000] {processor.py:161} INFO - Started process (PID=2166) to work on /opt/airflow/dags/steam_analytics.py
[2026-09-08T16:06:14.832+0000] {processor.py:830} INFO - Processing file /opt/airflow/dags/steam_analytics.py for tasks to queue
[2026-09-08T16:06:14.833+0000] {logging_mixin.py:188} INFO - [2026-09-08T16:06:14.833+0000] {dagbag.py:545} INFO - Filling up the DagBag from /opt/airflow/dags/steam_analytics.py
[2026-09-08T16:06:14.967+0000] {processor.py:840} INFO - DAG(s) 'steam_analytics_daily' retrieved from /opt/airflow/dags/steam_analytics.py
[2026-09-08T16:06:14.996+0000] {logging_mixin.py:188} INFO - [2026-09-08T16:06:14.996+0000] {dag.py:3089} INFO - Sync 1 DAGs
[2026-09-08T16:06:15.021+0000] {logging_mixin.py:188} INFO - [2026-09-08T16:06:15.020+0000] {dag.py:3947} INFO - Setting next_dagrun for steam_analytics_daily to 2026-09-08 02:00:00+00:00, run_after=2026-09-09 02:00:00+00:00
[2026-09-08T16:06:15.040+0000] {processor.py:183} INFO - Processing /opt/airflow/dags/steam_analytics.py took 0.214 seconds
[2026-09-08T16:06:45.188+0000] {processor.py:161} INFO - Started process (PID=2171) to work on /opt/airflow/dags/steam_analytics.py
[2026-09-08T16:06:45.191+0000] {processor.py:830} INFO - Processing file /opt/airflow/dags/steam_analytics.py for tasks to queue
[2026-09-08T16:06:45.195+0000] {logging_mixin.py:188} INFO - [2026-09-08T16:06:45.194+0000] {dagbag.py:545} INFO - Filling up the DagBag from /opt/airflow/dags/steam_analytics.py
[2026-09-08T16:06:45.357+0000] {processor.py:840} INFO - DAG(s) 'steam_analytics_daily' retrieved from /opt/airflow/dags/steam_analytics.py
[2026-09-08T16:06:45.387+0000] {logging_mixin.py:188} INFO - [2026-09-08T16:06:45.386+0000] {dag.py:3089} INFO - Sync 1 DAGs
[2026-09-08T16:06:45.410+0000] {logging_mixin.py:188} INFO - [2026-09-08T16:06:45.410+0000] {dag.py:3947} INFO - Setting next_dagrun for steam_analytics_daily to 2026-09-08 02:00:00+00:00, run_after=2026-09-09 02:00:00+00:00
[2026-09-08T16:06:45.429+0000] {processor.py:183} INFO - Processing /opt/airflow/dags/steam_analytics.py took 0.251 seconds
[2026-09-08T16:07:15.574+0000] {processor.py:161} INFO - Started process (PID=2176) to work on /opt/airflow/dags/steam_analytics.py
[2026-09-08T16:07:15.575+0000] {processor.py:830} INFO - Processing file /opt/airflow/dags/steam_analytics.py for tasks to queue
[2026-09-08T16:07:15.577+0000] {logging_mixin.py:188} INFO - [2026-09-08T16:07:15.576+0000] {dagbag.py:545} INFO - Filling up the DagBag from /opt/airflow/dags/steam_analytics.py
[2026-09-08T16:07:15.739+0000] {processor.py:840} INFO - DAG(s) 'steam_analytics_daily' retrieved from /opt/airflow/dags/steam_analytics.py
[2026-09-08T16:07:15.768+0000] {logging_mixin.py:188} INFO - [2026-09-08T16:07:15.768+0000] {dag.py:3089} INFO - Sync 1 DAGs
[2026-09-08T16:07:15.790+0000] {logging_mixin.py:188} INFO - [2026-09-08T16:07:15.790+0000] {dag.py:3947} INFO - Setting next_dagrun for steam_analytics_daily to 2026-09-08 02:00:00+00:00, run_after=2026-09-09 02:00:00+00:00
[2026-09-08T16:07:15.809+0000] {processor.py:183} INFO - Processing /opt/airflow/dags/steam_analytics.py took 0.240 seconds
[2026-09-08T16:07:45.964+0000] {processor.py:161} INFO - Started process (PID=2181) to work on /opt/airflow/dags/steam_analytics.py
[2026-09-08T16:07:45.965+0000] {processor.py:830} INFO - Processing file /opt/airflow/dags/steam_analytics.py for tasks to queue
[2026-09-08T16:07:45.966+0000] {logging_mixin.py:188} INFO - [2026-09-08T16:07:45.966+0000] {dagbag.py:545} INFO - Filling up the DagBag from /opt/airflow/dags/steam_analytics.py
[2026-09-08T16:07:46.109+0000] {processor.py:840} INFO - DAG(s) 'steam_analytics_daily' retrieved from /opt/airflow/dags/steam_analytics.py
[2026-09-08T16:07:46.137+0000] {logging_mixin.py:188} INFO - [2026-09-08T16:07:46.136+0000] {dag.py:3089} INFO - Sync 1 DAGs
[2026-09-08T16:07:46.158+0000] {logging_mixin.py:188} INFO - [2026-09-08T16:07:46.158+0000] {dag.py:3947} INFO - Setting next_dagrun for steam_analytics_daily to 2026-09-08 02:00:00+00:00, run_after=2026-09-09 02:00:00+00:00
[2026-09-08T16:07:46.176+0000] {processor.py:183} INFO - Processing /opt/airflow/dags/steam_analytics.py took 0.217 seconds
[2026-09-08T16:08:16.317+0000] {processor.py:161} INFO - Started process (PID=2186) to work on /opt/airflow/dags/steam_analytics.py
[2026-09-08T16:08:16.318+0000] {processor.py:830} INFO - Processing file /opt/airflow/dags/steam_analytics.py for tasks to queue
[2026-09-08T16:08:16.320+0000] {logging_mixin.py:188} INFO - [2026-09-08T16:08:16.320+0000] {dagbag.py:545} INFO - Filling up the DagBag from /opt/airflow/dags/steam_analytics.py
[2026-09-08T16:08:16.458+0000] {processor.py:840} INFO - DAG(s) 'steam_analytics_daily' retrieved from /opt/airflow/dags/steam_analytics.py
[2026-09-08T16:08:16.486+0000] {logging_mixin.py:188} INFO - [2026-09-08T16:08:16.486+0000] {dag.py:3089} INFO - Sync 1 DAGs
[2026-09-08T16:08:16.507+0000] {logging_mixin.py:188} INFO - [2026-09-08T16:08:16.507+0000] {dag.py:3947} INFO - Setting next_dagrun for steam_analytics_daily to 2026-09-08 02:00:00+00:00, run_after=2026-09-09 02:00:00+00:00
[2026-09-08T16:08:16.526+0000] {processor.py:183} INFO - Processing /opt/airflow/dags/steam_analytics.py took 0.213 seconds
[2026-09-08T16:08:46.659+0000] {processor.py:161} INFO - Started process (PID=2191) to work on /opt/airflow/dags/steam_analytics.py
[2026-09-08T16:08:46.660+0000] {processor.py:830} INFO - Processing file /opt/airflow/dags/steam_analytics.py for tasks to queue
[2026-09-08T16:08:46.661+0000] {logging_mixin.py:188} INFO - [2026-09-08T16:08:46.661+0000] {dagbag.py:545} INFO - Filling up the DagBag from /opt/airflow/dags/steam_analytics.py
[2026-09-08T16:08:46.796+0000] {processor.py:840} INFO - DAG(s) 'steam_analytics_daily' retrieved from /opt/airflow/dags/steam_analytics.py
[2026-09-08T16:08:46.826+0000] {logging_mixin.py:188} INFO - [2026-09-08T16:08:46.825+0000] {dag.py:3089} INFO - Sync 1 DAGs
[2026-09-08T16:08:46.848+0000] {logging_mixin.py:188} INFO - [2026-09-08T16:08:46.848+0000] {dag.py:3947} INFO - Setting next_dagrun for steam_analytics_daily to 2026-09-08 02:00:00+00:00, run_after=2026-09-09 02:00:00+00:00
[2026-09-08T16:08:46.866+0000] {processor.py:183} INFO - Processing /opt/airflow/dags/steam_analytics.py took 0.211 seconds
[2026-09-08T16:09:16.999+0000] {processor.py:161} INFO - Started process (PID=2196) to work on /opt/airflow/dags/steam_analytics.py
[2026-09-08T16:09:17.000+0000] {processor.py:830} INFO - Processing file /opt/airflow/dags/steam_analytics.py for tasks to queue
[2026-09-08T16:09:17.001+0000] {logging_mixin.py:188} INFO - [2026-09-08T16:09:17.001+0000] {dagbag.py:545} INFO - Filling up the DagBag from /opt/airflow/dags/steam_analytics.py
[2026-09-08T16:09:17.138+0000] {processor.py:840} INFO - DAG(s) 'steam_analytics_daily' retrieved from /opt/airflow/dags/steam_analytics.py
[2026-09-08T16:09:17.166+0000] {logging_mixin.py:188} INFO - [2026-09-08T16:09:17.166+0000] {dag.py:3089} INFO - Sync 1 DAGs
[2026-09-08T16:09:17.187+0000] {logging_mixin.py:188} INFO - [2026-09-08T16:09:17.187+0000] {dag.py:3947} INFO - Setting next_dagrun for steam_analytics_daily to 2026-09-08 02:00:00+00:00, run_after=2026-09-09 02:00:00+00:00
[2026-09-08T16:09:17.204+0000] {processor.py:183} INFO - Processing /opt/airflow/dags/steam_analytics.py took 0.210 seconds
[2026-09-08T16:09:47.335+0000] {processor.py:161} INFO - Started process (PID=2201) to work on /opt/airflow/dags/steam_analytics.py
[2026-09-08T16:09:47.335+0000] {processor.py:830} INFO - Processing file /opt/airflow/dags/steam_analytics.py for tasks to queue
[2026-09-08T16:09:47.337+0000] {logging_mixin.py:188} INFO - [2026-09-08T16:09:47.337+0000] {dagbag.py:545} INFO - Filling up the DagBag from /opt/airflow/dags/steam_analytics.py
[2026-09-08T16:09:47.466+0000] {processor.py:840} INFO - DAG(s) 'steam_analytics_daily' retrieved from /opt/airflow/dags/steam_analytics.py
[2026-09-08T16:09:47.494+0000] {logging_mixin.py:188} INFO - [2026-09-08T16:09:47.493+0000] {dag.py:3089} INFO - Sync 1 DAGs
[2026-09-08T16:09:47.513+0000] {logging_mixin.py:188} INFO - [2026-09-08T16:09:47.513+0000] {dag.py:3947} INFO - Setting next_dagrun for steam_analytics_daily to 2026-09-08 02:00:00+00:00, run_after=2026-09-09 02:00:00+00:00
[2026-09-08T16:09:47.530+0000] {processor.py:183} INFO - Processing /opt/airflow/dags/steam_analytics.py took 0.200 seconds
[2026-09-08T16:10:17.659+0000] {processor.py:161} INFO - Started process (PID=2206) to work on /opt/airflow/dags/steam_analytics.py
[2026-09-08T16:10:17.659+0000] {processor.py:830} INFO - Processing file /opt/airflow/dags/steam_analytics.py for tasks to queue
[2026-09-08T16:10:17.661+0000] {logging_mixin.py:188} INFO - [2026-09-08T16:10:17.661+0000] {dagbag.py:545} INFO - Filling up the DagBag from /opt/airflow/dags/steam_analytics.py
[2026-09-08T16:10:17.792+0000] {processor.py:840} INFO - DAG(s) 'steam_analytics_daily' retrieved from /opt/airflow/dags/steam_analytics.py
[2026-09-08T16:10:17.820+0000] {logging_mixin.py:188} INFO - [2026-09-08T16:10:17.820+0000] {dag.py:3089} INFO - Sync 1 DAGs
[2026-09-08T16:10:17.839+0000] {logging_mixin.py:188} INFO - [2026-09-08T16:10:17.839+0000] {dag.py:3947} INFO - Setting next_dagrun for steam_analytics_daily to 2026-09-08 02:00:00+00:00, run_after=2026-09-09 02:00:00+00:00
[2026-09-08T16:10:17.855+0000] {processor.py:183} INFO - Processing /opt/airflow/dags/steam_analytics.py took 0.201 seconds
[2026-09-08T16:10:47.984+0000] {processor.py:161} INFO - Started process (PID=2211) to work on /opt/airflow/dags/steam_analytics.py
[2026-09-08T16:10:47.985+0000] {processor.py:830} INFO - Processing file /opt/airflow/dags/steam_analytics.py for tasks to queue
[2026-09-08T16:10:47.986+0000] {logging_mixin.py:188} INFO - [2026-09-08T16:10:47.986+0000] {dagbag.py:545} INFO - Filling up the DagBag from /opt/airflow/dags/steam_analytics.py
[2026-09-08T16:10:48.115+0000] {processor.py:840} INFO - DAG(s) 'steam_analytics_daily' retrieved from /opt/airflow/dags/steam_analytics.py
[2026-09-08T16:10:48.141+0000] {logging_mixin.py:188} INFO - [2026-09-08T16:10:48.140+0000] {dag.py:3089} INFO - Sync 1 DAGs
[2026-09-08T16:10:48.161+0000] {logging_mixin.py:188} INFO - [2026-09-08T16:10:48.161+0000] {dag.py:3947} INFO - Setting next_dagrun for steam_analytics_daily to 2026-09-08 02:00:00+00:00, run_after=2026-09-09 02:00:00+00:00
[2026-09-08T16:10:48.177+0000] {processor.py:183} INFO - Processing /opt/airflow/dags/steam_analytics.py took 0.198 seconds
[2026-09-08T16:11:18.314+0000] {processor.py:161} INFO - Started process (PID=2218) to work on /opt/airflow/dags/steam_analytics.py
[2026-09-08T16:11:18.315+0000] {processor.py:830} INFO - Processing file /opt/airflow/dags/steam_analytics.py for tasks to queue
[2026-09-08T16:11:18.316+0000] {logging_mixin.py:188} INFO - [2026-09-08T16:11:18.316+0000] {dagbag.py:545} INFO - Filling up the DagBag from /opt/airflow/dags/steam_analytics.py
[2026-09-08T16:11:18.765+0000] {processor.py:840} INFO - DAG(s) 'steam_analytics_daily' retrieved from /opt/airflow/dags/steam_analytics.py
[2026-09-08T16:11:18.799+0000] {logging_mixin.py:188} INFO - [2026-09-08T16:11:18.798+0000] {dag.py:3089} INFO - Sync 1 DAGs
[2026-09-08T16:11:18.910+0000] {logging_mixin.py:188} INFO - [2026-09-08T16:11:18.909+0000] {dag.py:3947} INFO - Setting next_dagrun for steam_analytics_daily to 2026-09-08 02:00:00+00:00, run_after=2026-09-09 02:00:00+00:00
[2026-09-08T16:11:18.925+0000] {processor.py:183} INFO - Processing /opt/airflow/dags/steam_analytics.py took 0.618 seconds
[2026-09-08T16:11:49.080+0000] {processor.py:161} INFO - Started process (PID=2224) to work on /opt/airflow/dags/steam_analytics.py
[2026-09-08T16:11:49.081+0000] {processor.py:830} INFO - Processing file /opt/airflow/dags/steam_analytics.py for tasks to queue
[2026-09-08T16:11:49.083+0000] {logging_mixin.py:188} INFO - [2026-09-08T16:11:49.083+0000] {dagbag.py:545} INFO - Filling up the DagBag from /opt/airflow/dags/steam_analytics.py
[2026-09-08T16:11:49.225+0000] {logging_mixin.py:188} INFO - [2026-09-08T16:11:49.217+0000] {dagbag.py:355} ERROR - Failed to import: /opt/airflow/dags/steam_analytics.py
Traceback (most recent call last):
  File "/home/airflow/.local/lib/python3.12/site-packages/airflow/models/dagbag.py", line 351, in parse
    loader.exec_module(new_module)
  File "<frozen importlib._bootstrap_external>", line 995, in exec_module
  File "<frozen importlib._bootstrap>", line 488, in _call_with_frames_removed
  File "/opt/airflow/dags/steam_analytics.py", line 33, in <module>
    from src.load import minio_client, postgres
  File "/opt/airflow/src/load/postgres.py", line 5, in <module>
    def build_mart_game_ranking(conn, snapshot_date: date) -> None:
                                                     ^^^^
NameError: name 'date' is not defined
[2026-09-08T16:11:49.228+0000] {processor.py:842} WARNING - No viable dags retrieved from /opt/airflow/dags/steam_analytics.py
[2026-09-08T16:11:49.251+0000] {processor.py:183} INFO - Processing /opt/airflow/dags/steam_analytics.py took 0.176 seconds
[2026-09-08T16:12:19.386+0000] {processor.py:161} INFO - Started process (PID=2229) to work on /opt/airflow/dags/steam_analytics.py
[2026-09-08T16:12:19.387+0000] {processor.py:830} INFO - Processing file /opt/airflow/dags/steam_analytics.py for tasks to queue
[2026-09-08T16:12:19.388+0000] {logging_mixin.py:188} INFO - [2026-09-08T16:12:19.388+0000] {dagbag.py:545} INFO - Filling up the DagBag from /opt/airflow/dags/steam_analytics.py
[2026-09-08T16:12:19.521+0000] {logging_mixin.py:188} INFO - [2026-09-08T16:12:19.514+0000] {dagbag.py:355} ERROR - Failed to import: /opt/airflow/dags/steam_analytics.py
Traceback (most recent call last):
  File "/home/airflow/.local/lib/python3.12/site-packages/airflow/models/dagbag.py", line 351, in parse
    loader.exec_module(new_module)
  File "<frozen importlib._bootstrap_external>", line 995, in exec_module
  File "<frozen importlib._bootstrap>", line 488, in _call_with_frames_removed
  File "/opt/airflow/dags/steam_analytics.py", line 33, in <module>
    from src.load import minio_client, postgres
  File "/opt/airflow/src/load/postgres.py", line 5, in <module>
    def build_mart_game_ranking(conn, snapshot_date: date) -> None:
                                                     ^^^^
NameError: name 'date' is not defined
[2026-09-08T16:12:19.523+0000] {processor.py:842} WARNING - No viable dags retrieved from /opt/airflow/dags/steam_analytics.py
[2026-09-08T16:12:19.541+0000] {processor.py:183} INFO - Processing /opt/airflow/dags/steam_analytics.py took 0.160 seconds
[2026-09-08T16:12:49.681+0000] {processor.py:161} INFO - Started process (PID=2235) to work on /opt/airflow/dags/steam_analytics.py
[2026-09-08T16:12:49.682+0000] {processor.py:830} INFO - Processing file /opt/airflow/dags/steam_analytics.py for tasks to queue
[2026-09-08T16:12:49.683+0000] {logging_mixin.py:188} INFO - [2026-09-08T16:12:49.682+0000] {dagbag.py:545} INFO - Filling up the DagBag from /opt/airflow/dags/steam_analytics.py
[2026-09-08T16:12:49.816+0000] {logging_mixin.py:188} INFO - [2026-09-08T16:12:49.809+0000] {dagbag.py:355} ERROR - Failed to import: /opt/airflow/dags/steam_analytics.py
Traceback (most recent call last):
  File "/home/airflow/.local/lib/python3.12/site-packages/airflow/models/dagbag.py", line 351, in parse
    loader.exec_module(new_module)
  File "<frozen importlib._bootstrap_external>", line 995, in exec_module
  File "<frozen importlib._bootstrap>", line 488, in _call_with_frames_removed
  File "/opt/airflow/dags/steam_analytics.py", line 33, in <module>
    from src.load import minio_client, postgres
  File "/opt/airflow/src/load/postgres.py", line 5, in <module>
    def build_mart_game_ranking(conn, snapshot_date: date) -> None:
                                                     ^^^^
NameError: name 'date' is not defined
[2026-09-08T16:12:49.818+0000] {processor.py:842} WARNING - No viable dags retrieved from /opt/airflow/dags/steam_analytics.py
[2026-09-08T16:12:49.836+0000] {processor.py:183} INFO - Processing /opt/airflow/dags/steam_analytics.py took 0.160 seconds
[2026-09-08T16:13:19.977+0000] {processor.py:161} INFO - Started process (PID=2240) to work on /opt/airflow/dags/steam_analytics.py
[2026-09-08T16:13:19.978+0000] {processor.py:830} INFO - Processing file /opt/airflow/dags/steam_analytics.py for tasks to queue
[2026-09-08T16:13:19.978+0000] {logging_mixin.py:188} INFO - [2026-09-08T16:13:19.978+0000] {dagbag.py:545} INFO - Filling up the DagBag from /opt/airflow/dags/steam_analytics.py
[2026-09-08T16:13:20.128+0000] {logging_mixin.py:188} INFO - [2026-09-08T16:13:20.120+0000] {dagbag.py:355} ERROR - Failed to import: /opt/airflow/dags/steam_analytics.py
Traceback (most recent call last):
  File "/home/airflow/.local/lib/python3.12/site-packages/airflow/models/dagbag.py", line 351, in parse
    loader.exec_module(new_module)
  File "<frozen importlib._bootstrap_external>", line 995, in exec_module
  File "<frozen importlib._bootstrap>", line 488, in _call_with_frames_removed
  File "/opt/airflow/dags/steam_analytics.py", line 33, in <module>
    from src.load import minio_client, postgres
  File "/opt/airflow/src/load/postgres.py", line 5, in <module>
    def build_mart_game_ranking(conn, snapshot_date: date) -> None:
                                                     ^^^^
NameError: name 'date' is not defined
[2026-09-08T16:13:20.130+0000] {processor.py:842} WARNING - No viable dags retrieved from /opt/airflow/dags/steam_analytics.py
[2026-09-08T16:13:20.153+0000] {processor.py:183} INFO - Processing /opt/airflow/dags/steam_analytics.py took 0.182 seconds
[2026-09-08T16:13:50.285+0000] {processor.py:161} INFO - Started process (PID=2245) to work on /opt/airflow/dags/steam_analytics.py
[2026-09-08T16:13:50.286+0000] {processor.py:830} INFO - Processing file /opt/airflow/dags/steam_analytics.py for tasks to queue
[2026-09-08T16:13:50.287+0000] {logging_mixin.py:188} INFO - [2026-09-08T16:13:50.287+0000] {dagbag.py:545} INFO - Filling up the DagBag from /opt/airflow/dags/steam_analytics.py
[2026-09-08T16:13:50.426+0000] {logging_mixin.py:188} INFO - [2026-09-08T16:13:50.420+0000] {dagbag.py:355} ERROR - Failed to import: /opt/airflow/dags/steam_analytics.py
Traceback (most recent call last):
  File "/home/airflow/.local/lib/python3.12/site-packages/airflow/models/dagbag.py", line 351, in parse
    loader.exec_module(new_module)
  File "<frozen importlib._bootstrap_external>", line 995, in exec_module
  File "<frozen importlib._bootstrap>", line 488, in _call_with_frames_removed
  File "/opt/airflow/dags/steam_analytics.py", line 33, in <module>
    from src.load import minio_client, postgres
  File "/opt/airflow/src/load/postgres.py", line 5, in <module>
    def build_mart_game_ranking(conn, snapshot_date: date) -> None:
                                                     ^^^^
NameError: name 'date' is not defined
[2026-09-08T16:13:50.428+0000] {processor.py:842} WARNING - No viable dags retrieved from /opt/airflow/dags/steam_analytics.py
[2026-09-08T16:13:50.446+0000] {processor.py:183} INFO - Processing /opt/airflow/dags/steam_analytics.py took 0.165 seconds
[2026-09-08T16:14:20.581+0000] {processor.py:161} INFO - Started process (PID=2250) to work on /opt/airflow/dags/steam_analytics.py
[2026-09-08T16:14:20.581+0000] {processor.py:830} INFO - Processing file /opt/airflow/dags/steam_analytics.py for tasks to queue
[2026-09-08T16:14:20.582+0000] {logging_mixin.py:188} INFO - [2026-09-08T16:14:20.582+0000] {dagbag.py:545} INFO - Filling up the DagBag from /opt/airflow/dags/steam_analytics.py
[2026-09-08T16:14:20.724+0000] {logging_mixin.py:188} INFO - [2026-09-08T16:14:20.717+0000] {dagbag.py:355} ERROR - Failed to import: /opt/airflow/dags/steam_analytics.py
Traceback (most recent call last):
  File "/home/airflow/.local/lib/python3.12/site-packages/airflow/models/dagbag.py", line 351, in parse
    loader.exec_module(new_module)
  File "<frozen importlib._bootstrap_external>", line 995, in exec_module
  File "<frozen importlib._bootstrap>", line 488, in _call_with_frames_removed
  File "/opt/airflow/dags/steam_analytics.py", line 33, in <module>
    from src.load import minio_client, postgres
  File "/opt/airflow/src/load/postgres.py", line 5, in <module>
    def build_mart_game_ranking(conn, snapshot_date: date) -> None:
                                                     ^^^^
NameError: name 'date' is not defined
[2026-09-08T16:14:20.726+0000] {processor.py:842} WARNING - No viable dags retrieved from /opt/airflow/dags/steam_analytics.py
[2026-09-08T16:14:20.743+0000] {processor.py:183} INFO - Processing /opt/airflow/dags/steam_analytics.py took 0.167 seconds
[2026-09-08T16:14:50.874+0000] {processor.py:161} INFO - Started process (PID=2255) to work on /opt/airflow/dags/steam_analytics.py
[2026-09-08T16:14:50.874+0000] {processor.py:830} INFO - Processing file /opt/airflow/dags/steam_analytics.py for tasks to queue
[2026-09-08T16:14:50.875+0000] {logging_mixin.py:188} INFO - [2026-09-08T16:14:50.875+0000] {dagbag.py:545} INFO - Filling up the DagBag from /opt/airflow/dags/steam_analytics.py
[2026-09-08T16:14:51.033+0000] {processor.py:840} INFO - DAG(s) 'steam_analytics_daily' retrieved from /opt/airflow/dags/steam_analytics.py
[2026-09-08T16:14:51.210+0000] {logging_mixin.py:188} INFO - [2026-09-08T16:14:51.210+0000] {dag.py:3089} INFO - Sync 1 DAGs
[2026-09-08T16:14:51.230+0000] {logging_mixin.py:188} INFO - [2026-09-08T16:14:51.229+0000] {dag.py:3947} INFO - Setting next_dagrun for steam_analytics_daily to 2026-09-08 02:00:00+00:00, run_after=2026-09-09 02:00:00+00:00
[2026-09-08T16:14:51.248+0000] {processor.py:183} INFO - Processing /opt/airflow/dags/steam_analytics.py took 0.379 seconds
[2026-09-08T16:15:21.388+0000] {processor.py:161} INFO - Started process (PID=2260) to work on /opt/airflow/dags/steam_analytics.py
[2026-09-08T16:15:21.389+0000] {processor.py:830} INFO - Processing file /opt/airflow/dags/steam_analytics.py for tasks to queue
[2026-09-08T16:15:21.390+0000] {logging_mixin.py:188} INFO - [2026-09-08T16:15:21.390+0000] {dagbag.py:545} INFO - Filling up the DagBag from /opt/airflow/dags/steam_analytics.py
[2026-09-08T16:15:21.569+0000] {processor.py:840} INFO - DAG(s) 'steam_analytics_daily' retrieved from /opt/airflow/dags/steam_analytics.py
[2026-09-08T16:15:21.603+0000] {logging_mixin.py:188} INFO - [2026-09-08T16:15:21.603+0000] {dag.py:3089} INFO - Sync 1 DAGs
[2026-09-08T16:15:21.630+0000] {logging_mixin.py:188} INFO - [2026-09-08T16:15:21.629+0000] {dag.py:3947} INFO - Setting next_dagrun for steam_analytics_daily to 2026-09-08 02:00:00+00:00, run_after=2026-09-09 02:00:00+00:00
[2026-09-08T16:15:21.661+0000] {processor.py:183} INFO - Processing /opt/airflow/dags/steam_analytics.py took 0.277 seconds
[2026-09-08T16:15:51.804+0000] {processor.py:161} INFO - Started process (PID=2265) to work on /opt/airflow/dags/steam_analytics.py
[2026-09-08T16:15:51.805+0000] {processor.py:830} INFO - Processing file /opt/airflow/dags/steam_analytics.py for tasks to queue
[2026-09-08T16:15:51.806+0000] {logging_mixin.py:188} INFO - [2026-09-08T16:15:51.806+0000] {dagbag.py:545} INFO - Filling up the DagBag from /opt/airflow/dags/steam_analytics.py
[2026-09-08T16:15:51.993+0000] {processor.py:840} INFO - DAG(s) 'steam_analytics_daily' retrieved from /opt/airflow/dags/steam_analytics.py
[2026-09-08T16:15:52.032+0000] {logging_mixin.py:188} INFO - [2026-09-08T16:15:52.031+0000] {dag.py:3089} INFO - Sync 1 DAGs
[2026-09-08T16:15:52.055+0000] {logging_mixin.py:188} INFO - [2026-09-08T16:15:52.055+0000] {dag.py:3947} INFO - Setting next_dagrun for steam_analytics_daily to 2026-09-08 02:00:00+00:00, run_after=2026-09-09 02:00:00+00:00
[2026-09-08T16:15:52.075+0000] {processor.py:183} INFO - Processing /opt/airflow/dags/steam_analytics.py took 0.277 seconds
[2026-09-08T16:16:22.217+0000] {processor.py:161} INFO - Started process (PID=2270) to work on /opt/airflow/dags/steam_analytics.py
[2026-09-08T16:16:22.217+0000] {processor.py:830} INFO - Processing file /opt/airflow/dags/steam_analytics.py for tasks to queue
[2026-09-08T16:16:22.219+0000] {logging_mixin.py:188} INFO - [2026-09-08T16:16:22.218+0000] {dagbag.py:545} INFO - Filling up the DagBag from /opt/airflow/dags/steam_analytics.py
[2026-09-08T16:16:22.382+0000] {processor.py:840} INFO - DAG(s) 'steam_analytics_daily' retrieved from /opt/airflow/dags/steam_analytics.py
[2026-09-08T16:16:22.417+0000] {logging_mixin.py:188} INFO - [2026-09-08T16:16:22.417+0000] {dag.py:3089} INFO - Sync 1 DAGs
[2026-09-08T16:16:22.448+0000] {logging_mixin.py:188} INFO - [2026-09-08T16:16:22.448+0000] {dag.py:3947} INFO - Setting next_dagrun for steam_analytics_daily to 2026-09-08 02:00:00+00:00, run_after=2026-09-09 02:00:00+00:00
[2026-09-08T16:16:22.473+0000] {processor.py:183} INFO - Processing /opt/airflow/dags/steam_analytics.py took 0.262 seconds
[2026-09-08T16:16:52.617+0000] {processor.py:161} INFO - Started process (PID=2275) to work on /opt/airflow/dags/steam_analytics.py
[2026-09-08T16:16:52.618+0000] {processor.py:830} INFO - Processing file /opt/airflow/dags/steam_analytics.py for tasks to queue
[2026-09-08T16:16:52.619+0000] {logging_mixin.py:188} INFO - [2026-09-08T16:16:52.618+0000] {dagbag.py:545} INFO - Filling up the DagBag from /opt/airflow/dags/steam_analytics.py
[2026-09-08T16:16:52.810+0000] {processor.py:840} INFO - DAG(s) 'steam_analytics_daily' retrieved from /opt/airflow/dags/steam_analytics.py
[2026-09-08T16:16:52.840+0000] {logging_mixin.py:188} INFO - [2026-09-08T16:16:52.840+0000] {dag.py:3089} INFO - Sync 1 DAGs
[2026-09-08T16:16:52.863+0000] {logging_mixin.py:188} INFO - [2026-09-08T16:16:52.863+0000] {dag.py:3947} INFO - Setting next_dagrun for steam_analytics_daily to 2026-09-08 02:00:00+00:00, run_after=2026-09-09 02:00:00+00:00
[2026-09-08T16:16:52.882+0000] {processor.py:183} INFO - Processing /opt/airflow/dags/steam_analytics.py took 0.270 seconds
[2026-09-08T16:17:23.014+0000] {processor.py:161} INFO - Started process (PID=2280) to work on /opt/airflow/dags/steam_analytics.py
[2026-09-08T16:17:23.015+0000] {processor.py:830} INFO - Processing file /opt/airflow/dags/steam_analytics.py for tasks to queue
[2026-09-08T16:17:23.015+0000] {logging_mixin.py:188} INFO - [2026-09-08T16:17:23.015+0000] {dagbag.py:545} INFO - Filling up the DagBag from /opt/airflow/dags/steam_analytics.py
[2026-09-08T16:17:23.145+0000] {processor.py:840} INFO - DAG(s) 'steam_analytics_daily' retrieved from /opt/airflow/dags/steam_analytics.py
[2026-09-08T16:17:23.171+0000] {logging_mixin.py:188} INFO - [2026-09-08T16:17:23.170+0000] {dag.py:3089} INFO - Sync 1 DAGs
[2026-09-08T16:17:23.190+0000] {logging_mixin.py:188} INFO - [2026-09-08T16:17:23.190+0000] {dag.py:3947} INFO - Setting next_dagrun for steam_analytics_daily to 2026-09-08 02:00:00+00:00, run_after=2026-09-09 02:00:00+00:00
[2026-09-08T16:17:23.206+0000] {processor.py:183} INFO - Processing /opt/airflow/dags/steam_analytics.py took 0.197 seconds
[2026-09-08T16:17:53.345+0000] {processor.py:161} INFO - Started process (PID=2289) to work on /opt/airflow/dags/steam_analytics.py
[2026-09-08T16:17:53.346+0000] {processor.py:830} INFO - Processing file /opt/airflow/dags/steam_analytics.py for tasks to queue
[2026-09-08T16:17:53.347+0000] {logging_mixin.py:188} INFO - [2026-09-08T16:17:53.346+0000] {dagbag.py:545} INFO - Filling up the DagBag from /opt/airflow/dags/steam_analytics.py
[2026-09-08T16:17:53.489+0000] {processor.py:840} INFO - DAG(s) 'steam_analytics_daily' retrieved from /opt/airflow/dags/steam_analytics.py
[2026-09-08T16:17:53.523+0000] {logging_mixin.py:188} INFO - [2026-09-08T16:17:53.523+0000] {dag.py:3089} INFO - Sync 1 DAGs
[2026-09-08T16:17:53.545+0000] {logging_mixin.py:188} INFO - [2026-09-08T16:17:53.545+0000] {dag.py:3947} INFO - Setting next_dagrun for steam_analytics_daily to 2026-09-08 02:00:00+00:00, run_after=2026-09-09 02:00:00+00:00
[2026-09-08T16:17:53.564+0000] {processor.py:183} INFO - Processing /opt/airflow/dags/steam_analytics.py took 0.223 seconds
[2026-09-08T16:18:23.707+0000] {processor.py:161} INFO - Started process (PID=2294) to work on /opt/airflow/dags/steam_analytics.py
[2026-09-08T16:18:23.708+0000] {processor.py:830} INFO - Processing file /opt/airflow/dags/steam_analytics.py for tasks to queue
[2026-09-08T16:18:23.709+0000] {logging_mixin.py:188} INFO - [2026-09-08T16:18:23.709+0000] {dagbag.py:545} INFO - Filling up the DagBag from /opt/airflow/dags/steam_analytics.py
[2026-09-08T16:18:23.856+0000] {processor.py:840} INFO - DAG(s) 'steam_analytics_daily' retrieved from /opt/airflow/dags/steam_analytics.py
[2026-09-08T16:18:23.888+0000] {logging_mixin.py:188} INFO - [2026-09-08T16:18:23.888+0000] {dag.py:3089} INFO - Sync 1 DAGs
[2026-09-08T16:18:23.913+0000] {logging_mixin.py:188} INFO - [2026-09-08T16:18:23.913+0000] {dag.py:3947} INFO - Setting next_dagrun for steam_analytics_daily to 2026-09-08 02:00:00+00:00, run_after=2026-09-09 02:00:00+00:00
[2026-09-08T16:18:23.935+0000] {processor.py:183} INFO - Processing /opt/airflow/dags/steam_analytics.py took 0.235 seconds
[2026-09-08T16:18:54.077+0000] {processor.py:161} INFO - Started process (PID=2299) to work on /opt/airflow/dags/steam_analytics.py
[2026-09-08T16:18:54.078+0000] {processor.py:830} INFO - Processing file /opt/airflow/dags/steam_analytics.py for tasks to queue
[2026-09-08T16:18:54.078+0000] {logging_mixin.py:188} INFO - [2026-09-08T16:18:54.078+0000] {dagbag.py:545} INFO - Filling up the DagBag from /opt/airflow/dags/steam_analytics.py
[2026-09-08T16:18:54.218+0000] {processor.py:840} INFO - DAG(s) 'steam_analytics_daily' retrieved from /opt/airflow/dags/steam_analytics.py
[2026-09-08T16:18:54.244+0000] {logging_mixin.py:188} INFO - [2026-09-08T16:18:54.244+0000] {dag.py:3089} INFO - Sync 1 DAGs
[2026-09-08T16:18:54.266+0000] {logging_mixin.py:188} INFO - [2026-09-08T16:18:54.265+0000] {dag.py:3947} INFO - Setting next_dagrun for steam_analytics_daily to 2026-09-08 02:00:00+00:00, run_after=2026-09-09 02:00:00+00:00
[2026-09-08T16:18:54.284+0000] {processor.py:183} INFO - Processing /opt/airflow/dags/steam_analytics.py took 0.213 seconds
[2026-09-08T16:19:24.417+0000] {processor.py:161} INFO - Started process (PID=2304) to work on /opt/airflow/dags/steam_analytics.py
[2026-09-08T16:19:24.418+0000] {processor.py:830} INFO - Processing file /opt/airflow/dags/steam_analytics.py for tasks to queue
[2026-09-08T16:19:24.419+0000] {logging_mixin.py:188} INFO - [2026-09-08T16:19:24.418+0000] {dagbag.py:545} INFO - Filling up the DagBag from /opt/airflow/dags/steam_analytics.py
[2026-09-08T16:19:24.550+0000] {processor.py:840} INFO - DAG(s) 'steam_analytics_daily' retrieved from /opt/airflow/dags/steam_analytics.py
[2026-09-08T16:19:24.576+0000] {logging_mixin.py:188} INFO - [2026-09-08T16:19:24.576+0000] {dag.py:3089} INFO - Sync 1 DAGs
[2026-09-08T16:19:24.597+0000] {logging_mixin.py:188} INFO - [2026-09-08T16:19:24.597+0000] {dag.py:3947} INFO - Setting next_dagrun for steam_analytics_daily to 2026-09-08 02:00:00+00:00, run_after=2026-09-09 02:00:00+00:00
[2026-09-08T16:19:24.613+0000] {processor.py:183} INFO - Processing /opt/airflow/dags/steam_analytics.py took 0.201 seconds
[2026-09-08T16:19:54.756+0000] {processor.py:161} INFO - Started process (PID=2309) to work on /opt/airflow/dags/steam_analytics.py
[2026-09-08T16:19:54.757+0000] {processor.py:830} INFO - Processing file /opt/airflow/dags/steam_analytics.py for tasks to queue
[2026-09-08T16:19:54.758+0000] {logging_mixin.py:188} INFO - [2026-09-08T16:19:54.757+0000] {dagbag.py:545} INFO - Filling up the DagBag from /opt/airflow/dags/steam_analytics.py
[2026-09-08T16:19:54.921+0000] {processor.py:840} INFO - DAG(s) 'steam_analytics_daily' retrieved from /opt/airflow/dags/steam_analytics.py
[2026-09-08T16:19:54.956+0000] {logging_mixin.py:188} INFO - [2026-09-08T16:19:54.956+0000] {dag.py:3089} INFO - Sync 1 DAGs
[2026-09-08T16:19:54.980+0000] {logging_mixin.py:188} INFO - [2026-09-08T16:19:54.980+0000] {dag.py:3947} INFO - Setting next_dagrun for steam_analytics_daily to 2026-09-08 02:00:00+00:00, run_after=2026-09-09 02:00:00+00:00
[2026-09-08T16:19:55.000+0000] {processor.py:183} INFO - Processing /opt/airflow/dags/steam_analytics.py took 0.250 seconds
[2026-09-08T16:20:25.137+0000] {processor.py:161} INFO - Started process (PID=2314) to work on /opt/airflow/dags/steam_analytics.py
[2026-09-08T16:20:25.138+0000] {processor.py:830} INFO - Processing file /opt/airflow/dags/steam_analytics.py for tasks to queue
[2026-09-08T16:20:25.139+0000] {logging_mixin.py:188} INFO - [2026-09-08T16:20:25.138+0000] {dagbag.py:545} INFO - Filling up the DagBag from /opt/airflow/dags/steam_analytics.py
[2026-09-08T16:20:25.296+0000] {processor.py:840} INFO - DAG(s) 'steam_analytics_daily' retrieved from /opt/airflow/dags/steam_analytics.py
[2026-09-08T16:20:25.324+0000] {logging_mixin.py:188} INFO - [2026-09-08T16:20:25.324+0000] {dag.py:3089} INFO - Sync 1 DAGs
[2026-09-08T16:20:25.344+0000] {logging_mixin.py:188} INFO - [2026-09-08T16:20:25.344+0000] {dag.py:3947} INFO - Setting next_dagrun for steam_analytics_daily to 2026-09-08 02:00:00+00:00, run_after=2026-09-09 02:00:00+00:00
[2026-09-08T16:20:25.360+0000] {processor.py:183} INFO - Processing /opt/airflow/dags/steam_analytics.py took 0.228 seconds
[2026-09-08T16:20:55.501+0000] {processor.py:161} INFO - Started process (PID=2319) to work on /opt/airflow/dags/steam_analytics.py
[2026-09-08T16:20:55.502+0000] {processor.py:830} INFO - Processing file /opt/airflow/dags/steam_analytics.py for tasks to queue
[2026-09-08T16:20:55.503+0000] {logging_mixin.py:188} INFO - [2026-09-08T16:20:55.502+0000] {dagbag.py:545} INFO - Filling up the DagBag from /opt/airflow/dags/steam_analytics.py
[2026-09-08T16:20:55.655+0000] {processor.py:840} INFO - DAG(s) 'steam_analytics_daily' retrieved from /opt/airflow/dags/steam_analytics.py
[2026-09-08T16:20:55.683+0000] {logging_mixin.py:188} INFO - [2026-09-08T16:20:55.683+0000] {dag.py:3089} INFO - Sync 1 DAGs
[2026-09-08T16:20:55.703+0000] {logging_mixin.py:188} INFO - [2026-09-08T16:20:55.702+0000] {dag.py:3947} INFO - Setting next_dagrun for steam_analytics_daily to 2026-09-08 02:00:00+00:00, run_after=2026-09-09 02:00:00+00:00
[2026-09-08T16:20:55.720+0000] {processor.py:183} INFO - Processing /opt/airflow/dags/steam_analytics.py took 0.224 seconds
[2026-09-08T16:21:25.855+0000] {processor.py:161} INFO - Started process (PID=2324) to work on /opt/airflow/dags/steam_analytics.py
[2026-09-08T16:21:25.856+0000] {processor.py:830} INFO - Processing file /opt/airflow/dags/steam_analytics.py for tasks to queue
[2026-09-08T16:21:25.857+0000] {logging_mixin.py:188} INFO - [2026-09-08T16:21:25.857+0000] {dagbag.py:545} INFO - Filling up the DagBag from /opt/airflow/dags/steam_analytics.py
[2026-09-08T16:21:25.987+0000] {processor.py:840} INFO - DAG(s) 'steam_analytics_daily' retrieved from /opt/airflow/dags/steam_analytics.py
[2026-09-08T16:21:26.015+0000] {logging_mixin.py:188} INFO - [2026-09-08T16:21:26.015+0000] {dag.py:3089} INFO - Sync 1 DAGs
[2026-09-08T16:21:26.038+0000] {logging_mixin.py:188} INFO - [2026-09-08T16:21:26.037+0000] {dag.py:3947} INFO - Setting next_dagrun for steam_analytics_daily to 2026-09-08 02:00:00+00:00, run_after=2026-09-09 02:00:00+00:00
[2026-09-08T16:21:26.055+0000] {processor.py:183} INFO - Processing /opt/airflow/dags/steam_analytics.py took 0.204 seconds
[2026-09-08T16:21:56.185+0000] {processor.py:161} INFO - Started process (PID=2329) to work on /opt/airflow/dags/steam_analytics.py
[2026-09-08T16:21:56.186+0000] {processor.py:830} INFO - Processing file /opt/airflow/dags/steam_analytics.py for tasks to queue
[2026-09-08T16:21:56.187+0000] {logging_mixin.py:188} INFO - [2026-09-08T16:21:56.187+0000] {dagbag.py:545} INFO - Filling up the DagBag from /opt/airflow/dags/steam_analytics.py
[2026-09-08T16:21:56.343+0000] {processor.py:840} INFO - DAG(s) 'steam_analytics_daily' retrieved from /opt/airflow/dags/steam_analytics.py
[2026-09-08T16:21:56.372+0000] {logging_mixin.py:188} INFO - [2026-09-08T16:21:56.371+0000] {dag.py:3089} INFO - Sync 1 DAGs
[2026-09-08T16:21:56.397+0000] {logging_mixin.py:188} INFO - [2026-09-08T16:21:56.397+0000] {dag.py:3947} INFO - Setting next_dagrun for steam_analytics_daily to 2026-09-08 02:00:00+00:00, run_after=2026-09-09 02:00:00+00:00
[2026-09-08T16:21:56.417+0000] {processor.py:183} INFO - Processing /opt/airflow/dags/steam_analytics.py took 0.236 seconds
[2026-09-08T16:22:26.551+0000] {processor.py:161} INFO - Started process (PID=2334) to work on /opt/airflow/dags/steam_analytics.py
[2026-09-08T16:22:26.552+0000] {processor.py:830} INFO - Processing file /opt/airflow/dags/steam_analytics.py for tasks to queue
[2026-09-08T16:22:26.553+0000] {logging_mixin.py:188} INFO - [2026-09-08T16:22:26.553+0000] {dagbag.py:545} INFO - Filling up the DagBag from /opt/airflow/dags/steam_analytics.py
[2026-09-08T16:22:26.679+0000] {processor.py:840} INFO - DAG(s) 'steam_analytics_daily' retrieved from /opt/airflow/dags/steam_analytics.py
[2026-09-08T16:22:26.707+0000] {logging_mixin.py:188} INFO - [2026-09-08T16:22:26.707+0000] {dag.py:3089} INFO - Sync 1 DAGs
[2026-09-08T16:22:26.727+0000] {logging_mixin.py:188} INFO - [2026-09-08T16:22:26.726+0000] {dag.py:3947} INFO - Setting next_dagrun for steam_analytics_daily to 2026-09-08 02:00:00+00:00, run_after=2026-09-09 02:00:00+00:00
[2026-09-08T16:22:26.742+0000] {processor.py:183} INFO - Processing /opt/airflow/dags/steam_analytics.py took 0.196 seconds
[2026-09-08T16:22:56.875+0000] {processor.py:161} INFO - Started process (PID=2341) to work on /opt/airflow/dags/steam_analytics.py
[2026-09-08T16:22:56.876+0000] {processor.py:830} INFO - Processing file /opt/airflow/dags/steam_analytics.py for tasks to queue
[2026-09-08T16:22:56.877+0000] {logging_mixin.py:188} INFO - [2026-09-08T16:22:56.877+0000] {dagbag.py:545} INFO - Filling up the DagBag from /opt/airflow/dags/steam_analytics.py
[2026-09-08T16:22:57.006+0000] {processor.py:840} INFO - DAG(s) 'steam_analytics_daily' retrieved from /opt/airflow/dags/steam_analytics.py
[2026-09-08T16:22:57.032+0000] {logging_mixin.py:188} INFO - [2026-09-08T16:22:57.031+0000] {dag.py:3089} INFO - Sync 1 DAGs
[2026-09-08T16:22:57.051+0000] {logging_mixin.py:188} INFO - [2026-09-08T16:22:57.051+0000] {dag.py:3947} INFO - Setting next_dagrun for steam_analytics_daily to 2026-09-08 02:00:00+00:00, run_after=2026-09-09 02:00:00+00:00
[2026-09-08T16:22:57.068+0000] {processor.py:183} INFO - Processing /opt/airflow/dags/steam_analytics.py took 0.197 seconds
[2026-09-08T16:23:27.202+0000] {processor.py:161} INFO - Started process (PID=2346) to work on /opt/airflow/dags/steam_analytics.py
[2026-09-08T16:23:27.203+0000] {processor.py:830} INFO - Processing file /opt/airflow/dags/steam_analytics.py for tasks to queue
[2026-09-08T16:23:27.203+0000] {logging_mixin.py:188} INFO - [2026-09-08T16:23:27.203+0000] {dagbag.py:545} INFO - Filling up the DagBag from /opt/airflow/dags/steam_analytics.py
[2026-09-08T16:23:27.333+0000] {processor.py:840} INFO - DAG(s) 'steam_analytics_daily' retrieved from /opt/airflow/dags/steam_analytics.py
[2026-09-08T16:23:27.360+0000] {logging_mixin.py:188} INFO - [2026-09-08T16:23:27.359+0000] {dag.py:3089} INFO - Sync 1 DAGs
[2026-09-08T16:23:27.379+0000] {logging_mixin.py:188} INFO - [2026-09-08T16:23:27.379+0000] {dag.py:3947} INFO - Setting next_dagrun for steam_analytics_daily to 2026-09-08 02:00:00+00:00, run_after=2026-09-09 02:00:00+00:00
[2026-09-08T16:23:27.396+0000] {processor.py:183} INFO - Processing /opt/airflow/dags/steam_analytics.py took 0.199 seconds
[2026-09-08T16:23:57.533+0000] {processor.py:161} INFO - Started process (PID=2351) to work on /opt/airflow/dags/steam_analytics.py
[2026-09-08T16:23:57.534+0000] {processor.py:830} INFO - Processing file /opt/airflow/dags/steam_analytics.py for tasks to queue
[2026-09-08T16:23:57.535+0000] {logging_mixin.py:188} INFO - [2026-09-08T16:23:57.534+0000] {dagbag.py:545} INFO - Filling up the DagBag from /opt/airflow/dags/steam_analytics.py
[2026-09-08T16:23:57.669+0000] {processor.py:840} INFO - DAG(s) 'steam_analytics_daily' retrieved from /opt/airflow/dags/steam_analytics.py
[2026-09-08T16:23:57.694+0000] {logging_mixin.py:188} INFO - [2026-09-08T16:23:57.694+0000] {dag.py:3089} INFO - Sync 1 DAGs
[2026-09-08T16:23:57.716+0000] {logging_mixin.py:188} INFO - [2026-09-08T16:23:57.716+0000] {dag.py:3947} INFO - Setting next_dagrun for steam_analytics_daily to 2026-09-08 02:00:00+00:00, run_after=2026-09-09 02:00:00+00:00
[2026-09-08T16:23:57.733+0000] {processor.py:183} INFO - Processing /opt/airflow/dags/steam_analytics.py took 0.205 seconds
[2026-09-08T16:24:27.864+0000] {processor.py:161} INFO - Started process (PID=2356) to work on /opt/airflow/dags/steam_analytics.py
[2026-09-08T16:24:27.865+0000] {processor.py:830} INFO - Processing file /opt/airflow/dags/steam_analytics.py for tasks to queue
[2026-09-08T16:24:27.865+0000] {logging_mixin.py:188} INFO - [2026-09-08T16:24:27.865+0000] {dagbag.py:545} INFO - Filling up the DagBag from /opt/airflow/dags/steam_analytics.py
[2026-09-08T16:24:28.050+0000] {processor.py:840} INFO - DAG(s) 'steam_analytics_daily' retrieved from /opt/airflow/dags/steam_analytics.py
[2026-09-08T16:24:28.075+0000] {logging_mixin.py:188} INFO - [2026-09-08T16:24:28.075+0000] {dag.py:3089} INFO - Sync 1 DAGs
[2026-09-08T16:24:28.094+0000] {logging_mixin.py:188} INFO - [2026-09-08T16:24:28.094+0000] {dag.py:3947} INFO - Setting next_dagrun for steam_analytics_daily to 2026-09-08 02:00:00+00:00, run_after=2026-09-09 02:00:00+00:00
[2026-09-08T16:24:28.110+0000] {processor.py:183} INFO - Processing /opt/airflow/dags/steam_analytics.py took 0.251 seconds
[2026-09-08T16:24:58.245+0000] {processor.py:161} INFO - Started process (PID=2361) to work on /opt/airflow/dags/steam_analytics.py
[2026-09-08T16:24:58.246+0000] {processor.py:830} INFO - Processing file /opt/airflow/dags/steam_analytics.py for tasks to queue
[2026-09-08T16:24:58.246+0000] {logging_mixin.py:188} INFO - [2026-09-08T16:24:58.246+0000] {dagbag.py:545} INFO - Filling up the DagBag from /opt/airflow/dags/steam_analytics.py
[2026-09-08T16:24:58.419+0000] {processor.py:840} INFO - DAG(s) 'steam_analytics_daily' retrieved from /opt/airflow/dags/steam_analytics.py
[2026-09-08T16:24:58.445+0000] {logging_mixin.py:188} INFO - [2026-09-08T16:24:58.445+0000] {dag.py:3089} INFO - Sync 1 DAGs
[2026-09-08T16:24:58.468+0000] {logging_mixin.py:188} INFO - [2026-09-08T16:24:58.467+0000] {dag.py:3947} INFO - Setting next_dagrun for steam_analytics_daily to 2026-09-08 02:00:00+00:00, run_after=2026-09-09 02:00:00+00:00
[2026-09-08T16:24:58.486+0000] {processor.py:183} INFO - Processing /opt/airflow/dags/steam_analytics.py took 0.247 seconds
[2026-09-08T16:25:28.618+0000] {processor.py:161} INFO - Started process (PID=2366) to work on /opt/airflow/dags/steam_analytics.py
[2026-09-08T16:25:28.619+0000] {processor.py:830} INFO - Processing file /opt/airflow/dags/steam_analytics.py for tasks to queue
[2026-09-08T16:25:28.620+0000] {logging_mixin.py:188} INFO - [2026-09-08T16:25:28.619+0000] {dagbag.py:545} INFO - Filling up the DagBag from /opt/airflow/dags/steam_analytics.py
[2026-09-08T16:25:28.766+0000] {processor.py:840} INFO - DAG(s) 'steam_analytics_daily' retrieved from /opt/airflow/dags/steam_analytics.py
[2026-09-08T16:25:28.794+0000] {logging_mixin.py:188} INFO - [2026-09-08T16:25:28.794+0000] {dag.py:3089} INFO - Sync 1 DAGs
[2026-09-08T16:25:28.817+0000] {logging_mixin.py:188} INFO - [2026-09-08T16:25:28.817+0000] {dag.py:3947} INFO - Setting next_dagrun for steam_analytics_daily to 2026-09-08 02:00:00+00:00, run_after=2026-09-09 02:00:00+00:00
[2026-09-08T16:25:28.867+0000] {processor.py:183} INFO - Processing /opt/airflow/dags/steam_analytics.py took 0.254 seconds
[2026-09-08T16:25:58.998+0000] {processor.py:161} INFO - Started process (PID=2371) to work on /opt/airflow/dags/steam_analytics.py
[2026-09-08T16:25:58.999+0000] {processor.py:830} INFO - Processing file /opt/airflow/dags/steam_analytics.py for tasks to queue
[2026-09-08T16:25:58.999+0000] {logging_mixin.py:188} INFO - [2026-09-08T16:25:58.999+0000] {dagbag.py:545} INFO - Filling up the DagBag from /opt/airflow/dags/steam_analytics.py
[2026-09-08T16:25:59.143+0000] {processor.py:840} INFO - DAG(s) 'steam_analytics_daily' retrieved from /opt/airflow/dags/steam_analytics.py
[2026-09-08T16:25:59.169+0000] {logging_mixin.py:188} INFO - [2026-09-08T16:25:59.169+0000] {dag.py:3089} INFO - Sync 1 DAGs
[2026-09-08T16:25:59.188+0000] {logging_mixin.py:188} INFO - [2026-09-08T16:25:59.188+0000] {dag.py:3947} INFO - Setting next_dagrun for steam_analytics_daily to 2026-09-08 02:00:00+00:00, run_after=2026-09-09 02:00:00+00:00
[2026-09-08T16:25:59.204+0000] {processor.py:183} INFO - Processing /opt/airflow/dags/steam_analytics.py took 0.211 seconds
[2026-09-08T16:26:29.332+0000] {processor.py:161} INFO - Started process (PID=2376) to work on /opt/airflow/dags/steam_analytics.py
[2026-09-08T16:26:29.333+0000] {processor.py:830} INFO - Processing file /opt/airflow/dags/steam_analytics.py for tasks to queue
[2026-09-08T16:26:29.334+0000] {logging_mixin.py:188} INFO - [2026-09-08T16:26:29.334+0000] {dagbag.py:545} INFO - Filling up the DagBag from /opt/airflow/dags/steam_analytics.py
[2026-09-08T16:26:29.513+0000] {processor.py:840} INFO - DAG(s) 'steam_analytics_daily' retrieved from /opt/airflow/dags/steam_analytics.py
[2026-09-08T16:26:29.541+0000] {logging_mixin.py:188} INFO - [2026-09-08T16:26:29.540+0000] {dag.py:3089} INFO - Sync 1 DAGs
[2026-09-08T16:26:29.560+0000] {logging_mixin.py:188} INFO - [2026-09-08T16:26:29.560+0000] {dag.py:3947} INFO - Setting next_dagrun for steam_analytics_daily to 2026-09-08 02:00:00+00:00, run_after=2026-09-09 02:00:00+00:00
[2026-09-08T16:26:29.576+0000] {processor.py:183} INFO - Processing /opt/airflow/dags/steam_analytics.py took 0.248 seconds
[2026-09-08T16:26:59.710+0000] {processor.py:161} INFO - Started process (PID=2381) to work on /opt/airflow/dags/steam_analytics.py
[2026-09-08T16:26:59.711+0000] {processor.py:830} INFO - Processing file /opt/airflow/dags/steam_analytics.py for tasks to queue
[2026-09-08T16:26:59.712+0000] {logging_mixin.py:188} INFO - [2026-09-08T16:26:59.712+0000] {dagbag.py:545} INFO - Filling up the DagBag from /opt/airflow/dags/steam_analytics.py
[2026-09-08T16:26:59.888+0000] {processor.py:840} INFO - DAG(s) 'steam_analytics_daily' retrieved from /opt/airflow/dags/steam_analytics.py
[2026-09-08T16:26:59.915+0000] {logging_mixin.py:188} INFO - [2026-09-08T16:26:59.914+0000] {dag.py:3089} INFO - Sync 1 DAGs
[2026-09-08T16:26:59.935+0000] {logging_mixin.py:188} INFO - [2026-09-08T16:26:59.935+0000] {dag.py:3947} INFO - Setting next_dagrun for steam_analytics_daily to 2026-09-08 02:00:00+00:00, run_after=2026-09-09 02:00:00+00:00
[2026-09-08T16:26:59.953+0000] {processor.py:183} INFO - Processing /opt/airflow/dags/steam_analytics.py took 0.249 seconds
[2026-09-08T16:27:30.084+0000] {processor.py:161} INFO - Started process (PID=2386) to work on /opt/airflow/dags/steam_analytics.py
[2026-09-08T16:27:30.085+0000] {processor.py:830} INFO - Processing file /opt/airflow/dags/steam_analytics.py for tasks to queue
[2026-09-08T16:27:30.086+0000] {logging_mixin.py:188} INFO - [2026-09-08T16:27:30.085+0000] {dagbag.py:545} INFO - Filling up the DagBag from /opt/airflow/dags/steam_analytics.py
[2026-09-08T16:27:30.245+0000] {processor.py:840} INFO - DAG(s) 'steam_analytics_daily' retrieved from /opt/airflow/dags/steam_analytics.py
[2026-09-08T16:27:30.271+0000] {logging_mixin.py:188} INFO - [2026-09-08T16:27:30.271+0000] {dag.py:3089} INFO - Sync 1 DAGs
[2026-09-08T16:27:30.292+0000] {logging_mixin.py:188} INFO - [2026-09-08T16:27:30.291+0000] {dag.py:3947} INFO - Setting next_dagrun for steam_analytics_daily to 2026-09-08 02:00:00+00:00, run_after=2026-09-09 02:00:00+00:00
[2026-09-08T16:27:30.308+0000] {processor.py:183} INFO - Processing /opt/airflow/dags/steam_analytics.py took 0.229 seconds
[2026-09-08T16:28:00.441+0000] {processor.py:161} INFO - Started process (PID=2391) to work on /opt/airflow/dags/steam_analytics.py
[2026-09-08T16:28:00.442+0000] {processor.py:830} INFO - Processing file /opt/airflow/dags/steam_analytics.py for tasks to queue
[2026-09-08T16:28:00.443+0000] {logging_mixin.py:188} INFO - [2026-09-08T16:28:00.442+0000] {dagbag.py:545} INFO - Filling up the DagBag from /opt/airflow/dags/steam_analytics.py
[2026-09-08T16:28:00.585+0000] {processor.py:840} INFO - DAG(s) 'steam_analytics_daily' retrieved from /opt/airflow/dags/steam_analytics.py
[2026-09-08T16:28:00.612+0000] {logging_mixin.py:188} INFO - [2026-09-08T16:28:00.611+0000] {dag.py:3089} INFO - Sync 1 DAGs
[2026-09-08T16:28:00.631+0000] {logging_mixin.py:188} INFO - [2026-09-08T16:28:00.631+0000] {dag.py:3947} INFO - Setting next_dagrun for steam_analytics_daily to 2026-09-08 02:00:00+00:00, run_after=2026-09-09 02:00:00+00:00
[2026-09-08T16:28:00.647+0000] {processor.py:183} INFO - Processing /opt/airflow/dags/steam_analytics.py took 0.211 seconds
[2026-09-08T16:28:30.781+0000] {processor.py:161} INFO - Started process (PID=2404) to work on /opt/airflow/dags/steam_analytics.py
[2026-09-08T16:28:30.782+0000] {processor.py:830} INFO - Processing file /opt/airflow/dags/steam_analytics.py for tasks to queue
[2026-09-08T16:28:30.783+0000] {logging_mixin.py:188} INFO - [2026-09-08T16:28:30.782+0000] {dagbag.py:545} INFO - Filling up the DagBag from /opt/airflow/dags/steam_analytics.py
[2026-09-08T16:28:30.930+0000] {processor.py:840} INFO - DAG(s) 'steam_analytics_daily' retrieved from /opt/airflow/dags/steam_analytics.py
[2026-09-08T16:28:30.960+0000] {logging_mixin.py:188} INFO - [2026-09-08T16:28:30.959+0000] {dag.py:3089} INFO - Sync 1 DAGs
[2026-09-08T16:28:30.981+0000] {logging_mixin.py:188} INFO - [2026-09-08T16:28:30.980+0000] {dag.py:3947} INFO - Setting next_dagrun for steam_analytics_daily to 2026-09-08 02:00:00+00:00, run_after=2026-09-09 02:00:00+00:00
[2026-09-08T16:28:30.997+0000] {processor.py:183} INFO - Processing /opt/airflow/dags/steam_analytics.py took 0.222 seconds
[2026-09-08T16:29:01.122+0000] {processor.py:161} INFO - Started process (PID=2409) to work on /opt/airflow/dags/steam_analytics.py
[2026-09-08T16:29:01.123+0000] {processor.py:830} INFO - Processing file /opt/airflow/dags/steam_analytics.py for tasks to queue
[2026-09-08T16:29:01.124+0000] {logging_mixin.py:188} INFO - [2026-09-08T16:29:01.123+0000] {dagbag.py:545} INFO - Filling up the DagBag from /opt/airflow/dags/steam_analytics.py
[2026-09-08T16:29:01.261+0000] {processor.py:840} INFO - DAG(s) 'steam_analytics_daily' retrieved from /opt/airflow/dags/steam_analytics.py
[2026-09-08T16:29:01.289+0000] {logging_mixin.py:188} INFO - [2026-09-08T16:29:01.289+0000] {dag.py:3089} INFO - Sync 1 DAGs
[2026-09-08T16:29:01.308+0000] {logging_mixin.py:188} INFO - [2026-09-08T16:29:01.308+0000] {dag.py:3947} INFO - Setting next_dagrun for steam_analytics_daily to 2026-09-08 02:00:00+00:00, run_after=2026-09-09 02:00:00+00:00
[2026-09-08T16:29:01.326+0000] {processor.py:183} INFO - Processing /opt/airflow/dags/steam_analytics.py took 0.209 seconds
[2026-09-08T16:29:31.443+0000] {processor.py:161} INFO - Started process (PID=2414) to work on /opt/airflow/dags/steam_analytics.py
[2026-09-08T16:29:31.444+0000] {processor.py:830} INFO - Processing file /opt/airflow/dags/steam_analytics.py for tasks to queue
[2026-09-08T16:29:31.445+0000] {logging_mixin.py:188} INFO - [2026-09-08T16:29:31.444+0000] {dagbag.py:545} INFO - Filling up the DagBag from /opt/airflow/dags/steam_analytics.py
[2026-09-08T16:29:31.581+0000] {processor.py:840} INFO - DAG(s) 'steam_analytics_daily' retrieved from /opt/airflow/dags/steam_analytics.py
[2026-09-08T16:29:31.608+0000] {logging_mixin.py:188} INFO - [2026-09-08T16:29:31.608+0000] {dag.py:3089} INFO - Sync 1 DAGs
[2026-09-08T16:29:31.636+0000] {logging_mixin.py:188} INFO - [2026-09-08T16:29:31.636+0000] {dag.py:3947} INFO - Setting next_dagrun for steam_analytics_daily to 2026-09-08 02:00:00+00:00, run_after=2026-09-09 02:00:00+00:00
[2026-09-08T16:29:31.659+0000] {processor.py:183} INFO - Processing /opt/airflow/dags/steam_analytics.py took 0.220 seconds
[2026-09-08T16:30:01.792+0000] {processor.py:161} INFO - Started process (PID=2419) to work on /opt/airflow/dags/steam_analytics.py
[2026-09-08T16:30:01.793+0000] {processor.py:830} INFO - Processing file /opt/airflow/dags/steam_analytics.py for tasks to queue
[2026-09-08T16:30:01.794+0000] {logging_mixin.py:188} INFO - [2026-09-08T16:30:01.794+0000] {dagbag.py:545} INFO - Filling up the DagBag from /opt/airflow/dags/steam_analytics.py
[2026-09-08T16:30:01.938+0000] {processor.py:840} INFO - DAG(s) 'steam_analytics_daily' retrieved from /opt/airflow/dags/steam_analytics.py
[2026-09-08T16:30:01.965+0000] {logging_mixin.py:188} INFO - [2026-09-08T16:30:01.965+0000] {dag.py:3089} INFO - Sync 1 DAGs
[2026-09-08T16:30:01.986+0000] {logging_mixin.py:188} INFO - [2026-09-08T16:30:01.986+0000] {dag.py:3947} INFO - Setting next_dagrun for steam_analytics_daily to 2026-09-08 02:00:00+00:00, run_after=2026-09-09 02:00:00+00:00
[2026-09-08T16:30:02.004+0000] {processor.py:183} INFO - Processing /opt/airflow/dags/steam_analytics.py took 0.216 seconds
[2026-09-08T16:30:32.138+0000] {processor.py:161} INFO - Started process (PID=2424) to work on /opt/airflow/dags/steam_analytics.py
[2026-09-08T16:30:32.139+0000] {processor.py:830} INFO - Processing file /opt/airflow/dags/steam_analytics.py for tasks to queue
[2026-09-08T16:30:32.140+0000] {logging_mixin.py:188} INFO - [2026-09-08T16:30:32.140+0000] {dagbag.py:545} INFO - Filling up the DagBag from /opt/airflow/dags/steam_analytics.py
[2026-09-08T16:30:32.275+0000] {processor.py:840} INFO - DAG(s) 'steam_analytics_daily' retrieved from /opt/airflow/dags/steam_analytics.py
[2026-09-08T16:30:32.302+0000] {logging_mixin.py:188} INFO - [2026-09-08T16:30:32.301+0000] {dag.py:3089} INFO - Sync 1 DAGs
[2026-09-08T16:30:32.322+0000] {logging_mixin.py:188} INFO - [2026-09-08T16:30:32.321+0000] {dag.py:3947} INFO - Setting next_dagrun for steam_analytics_daily to 2026-09-08 02:00:00+00:00, run_after=2026-09-09 02:00:00+00:00
[2026-09-08T16:30:32.339+0000] {processor.py:183} INFO - Processing /opt/airflow/dags/steam_analytics.py took 0.206 seconds
[2026-09-08T16:31:02.484+0000] {processor.py:161} INFO - Started process (PID=2429) to work on /opt/airflow/dags/steam_analytics.py
[2026-09-08T16:31:02.485+0000] {processor.py:830} INFO - Processing file /opt/airflow/dags/steam_analytics.py for tasks to queue
[2026-09-08T16:31:02.486+0000] {logging_mixin.py:188} INFO - [2026-09-08T16:31:02.486+0000] {dagbag.py:545} INFO - Filling up the DagBag from /opt/airflow/dags/steam_analytics.py
[2026-09-08T16:31:02.648+0000] {processor.py:840} INFO - DAG(s) 'steam_analytics_daily' retrieved from /opt/airflow/dags/steam_analytics.py
[2026-09-08T16:31:02.675+0000] {logging_mixin.py:188} INFO - [2026-09-08T16:31:02.675+0000] {dag.py:3089} INFO - Sync 1 DAGs
[2026-09-08T16:31:02.696+0000] {logging_mixin.py:188} INFO - [2026-09-08T16:31:02.696+0000] {dag.py:3947} INFO - Setting next_dagrun for steam_analytics_daily to 2026-09-08 02:00:00+00:00, run_after=2026-09-09 02:00:00+00:00
[2026-09-08T16:31:02.717+0000] {processor.py:183} INFO - Processing /opt/airflow/dags/steam_analytics.py took 0.239 seconds
[2026-09-08T16:31:32.848+0000] {processor.py:161} INFO - Started process (PID=2434) to work on /opt/airflow/dags/steam_analytics.py
[2026-09-08T16:31:32.848+0000] {processor.py:830} INFO - Processing file /opt/airflow/dags/steam_analytics.py for tasks to queue
[2026-09-08T16:31:32.849+0000] {logging_mixin.py:188} INFO - [2026-09-08T16:31:32.849+0000] {dagbag.py:545} INFO - Filling up the DagBag from /opt/airflow/dags/steam_analytics.py
[2026-09-08T16:31:33.000+0000] {processor.py:840} INFO - DAG(s) 'steam_analytics_daily' retrieved from /opt/airflow/dags/steam_analytics.py
[2026-09-08T16:31:33.028+0000] {logging_mixin.py:188} INFO - [2026-09-08T16:31:33.027+0000] {dag.py:3089} INFO - Sync 1 DAGs
[2026-09-08T16:31:33.048+0000] {logging_mixin.py:188} INFO - [2026-09-08T16:31:33.047+0000] {dag.py:3947} INFO - Setting next_dagrun for steam_analytics_daily to 2026-09-08 02:00:00+00:00, run_after=2026-09-09 02:00:00+00:00
[2026-09-08T16:31:33.066+0000] {processor.py:183} INFO - Processing /opt/airflow/dags/steam_analytics.py took 0.223 seconds
[2026-09-08T16:32:03.200+0000] {processor.py:161} INFO - Started process (PID=2439) to work on /opt/airflow/dags/steam_analytics.py
[2026-09-08T16:32:03.201+0000] {processor.py:830} INFO - Processing file /opt/airflow/dags/steam_analytics.py for tasks to queue
[2026-09-08T16:32:03.202+0000] {logging_mixin.py:188} INFO - [2026-09-08T16:32:03.201+0000] {dagbag.py:545} INFO - Filling up the DagBag from /opt/airflow/dags/steam_analytics.py
[2026-09-08T16:32:03.377+0000] {processor.py:840} INFO - DAG(s) 'steam_analytics_daily' retrieved from /opt/airflow/dags/steam_analytics.py
[2026-09-08T16:32:03.421+0000] {logging_mixin.py:188} INFO - [2026-09-08T16:32:03.420+0000] {dag.py:3089} INFO - Sync 1 DAGs
[2026-09-08T16:32:03.466+0000] {logging_mixin.py:188} INFO - [2026-09-08T16:32:03.466+0000] {dag.py:3947} INFO - Setting next_dagrun for steam_analytics_daily to 2026-09-08 02:00:00+00:00, run_after=2026-09-09 02:00:00+00:00
[2026-09-08T16:32:03.491+0000] {processor.py:183} INFO - Processing /opt/airflow/dags/steam_analytics.py took 0.296 seconds
[2026-09-08T16:32:33.636+0000] {processor.py:161} INFO - Started process (PID=2444) to work on /opt/airflow/dags/steam_analytics.py
[2026-09-08T16:32:33.637+0000] {processor.py:830} INFO - Processing file /opt/airflow/dags/steam_analytics.py for tasks to queue
[2026-09-08T16:32:33.638+0000] {logging_mixin.py:188} INFO - [2026-09-08T16:32:33.638+0000] {dagbag.py:545} INFO - Filling up the DagBag from /opt/airflow/dags/steam_analytics.py
[2026-09-08T16:32:33.803+0000] {processor.py:840} INFO - DAG(s) 'steam_analytics_daily' retrieved from /opt/airflow/dags/steam_analytics.py
[2026-09-08T16:32:33.831+0000] {logging_mixin.py:188} INFO - [2026-09-08T16:32:33.831+0000] {dag.py:3089} INFO - Sync 1 DAGs
[2026-09-08T16:32:33.851+0000] {logging_mixin.py:188} INFO - [2026-09-08T16:32:33.851+0000] {dag.py:3947} INFO - Setting next_dagrun for steam_analytics_daily to 2026-09-08 02:00:00+00:00, run_after=2026-09-09 02:00:00+00:00
[2026-09-08T16:32:33.869+0000] {processor.py:183} INFO - Processing /opt/airflow/dags/steam_analytics.py took 0.239 seconds
[2026-09-08T16:33:04.022+0000] {processor.py:161} INFO - Started process (PID=2451) to work on /opt/airflow/dags/steam_analytics.py
[2026-09-08T16:33:04.023+0000] {processor.py:830} INFO - Processing file /opt/airflow/dags/steam_analytics.py for tasks to queue
[2026-09-08T16:33:04.024+0000] {logging_mixin.py:188} INFO - [2026-09-08T16:33:04.023+0000] {dagbag.py:545} INFO - Filling up the DagBag from /opt/airflow/dags/steam_analytics.py
[2026-09-08T16:33:04.181+0000] {processor.py:840} INFO - DAG(s) 'steam_analytics_daily' retrieved from /opt/airflow/dags/steam_analytics.py
[2026-09-08T16:33:04.213+0000] {logging_mixin.py:188} INFO - [2026-09-08T16:33:04.212+0000] {dag.py:3089} INFO - Sync 1 DAGs
[2026-09-08T16:33:04.234+0000] {logging_mixin.py:188} INFO - [2026-09-08T16:33:04.233+0000] {dag.py:3947} INFO - Setting next_dagrun for steam_analytics_daily to 2026-09-08 02:00:00+00:00, run_after=2026-09-09 02:00:00+00:00
[2026-09-08T16:33:04.250+0000] {processor.py:183} INFO - Processing /opt/airflow/dags/steam_analytics.py took 0.235 seconds
[2026-09-08T16:33:34.378+0000] {processor.py:161} INFO - Started process (PID=2466) to work on /opt/airflow/dags/steam_analytics.py
[2026-09-08T16:33:34.378+0000] {processor.py:830} INFO - Processing file /opt/airflow/dags/steam_analytics.py for tasks to queue
[2026-09-08T16:33:34.379+0000] {logging_mixin.py:188} INFO - [2026-09-08T16:33:34.379+0000] {dagbag.py:545} INFO - Filling up the DagBag from /opt/airflow/dags/steam_analytics.py
[2026-09-08T16:33:34.546+0000] {processor.py:840} INFO - DAG(s) 'steam_analytics_daily' retrieved from /opt/airflow/dags/steam_analytics.py
[2026-09-08T16:33:34.576+0000] {logging_mixin.py:188} INFO - [2026-09-08T16:33:34.576+0000] {dag.py:3089} INFO - Sync 1 DAGs
[2026-09-08T16:33:34.597+0000] {logging_mixin.py:188} INFO - [2026-09-08T16:33:34.597+0000] {dag.py:3947} INFO - Setting next_dagrun for steam_analytics_daily to 2026-09-08 02:00:00+00:00, run_after=2026-09-09 02:00:00+00:00
[2026-09-08T16:33:34.617+0000] {processor.py:183} INFO - Processing /opt/airflow/dags/steam_analytics.py took 0.244 seconds
[2026-09-08T16:34:04.747+0000] {processor.py:161} INFO - Started process (PID=2471) to work on /opt/airflow/dags/steam_analytics.py
[2026-09-08T16:34:04.747+0000] {processor.py:830} INFO - Processing file /opt/airflow/dags/steam_analytics.py for tasks to queue
[2026-09-08T16:34:04.748+0000] {logging_mixin.py:188} INFO - [2026-09-08T16:34:04.748+0000] {dagbag.py:545} INFO - Filling up the DagBag from /opt/airflow/dags/steam_analytics.py
[2026-09-08T16:34:04.890+0000] {processor.py:840} INFO - DAG(s) 'steam_analytics_daily' retrieved from /opt/airflow/dags/steam_analytics.py
[2026-09-08T16:34:04.916+0000] {logging_mixin.py:188} INFO - [2026-09-08T16:34:04.915+0000] {dag.py:3089} INFO - Sync 1 DAGs
[2026-09-08T16:34:04.936+0000] {logging_mixin.py:188} INFO - [2026-09-08T16:34:04.936+0000] {dag.py:3947} INFO - Setting next_dagrun for steam_analytics_daily to 2026-09-08 02:00:00+00:00, run_after=2026-09-09 02:00:00+00:00
[2026-09-08T16:34:04.952+0000] {processor.py:183} INFO - Processing /opt/airflow/dags/steam_analytics.py took 0.210 seconds
[2026-09-08T16:34:35.085+0000] {processor.py:161} INFO - Started process (PID=2476) to work on /opt/airflow/dags/steam_analytics.py
[2026-09-08T16:34:35.086+0000] {processor.py:830} INFO - Processing file /opt/airflow/dags/steam_analytics.py for tasks to queue
[2026-09-08T16:34:35.087+0000] {logging_mixin.py:188} INFO - [2026-09-08T16:34:35.087+0000] {dagbag.py:545} INFO - Filling up the DagBag from /opt/airflow/dags/steam_analytics.py
[2026-09-08T16:34:35.251+0000] {processor.py:840} INFO - DAG(s) 'steam_analytics_daily' retrieved from /opt/airflow/dags/steam_analytics.py
[2026-09-08T16:34:35.286+0000] {logging_mixin.py:188} INFO - [2026-09-08T16:34:35.286+0000] {dag.py:3089} INFO - Sync 1 DAGs
[2026-09-08T16:34:35.308+0000] {logging_mixin.py:188} INFO - [2026-09-08T16:34:35.308+0000] {dag.py:3947} INFO - Setting next_dagrun for steam_analytics_daily to 2026-09-08 02:00:00+00:00, run_after=2026-09-09 02:00:00+00:00
[2026-09-08T16:34:35.328+0000] {processor.py:183} INFO - Processing /opt/airflow/dags/steam_analytics.py took 0.248 seconds
[2026-09-08T16:35:05.472+0000] {processor.py:161} INFO - Started process (PID=2481) to work on /opt/airflow/dags/steam_analytics.py
[2026-09-08T16:35:05.472+0000] {processor.py:830} INFO - Processing file /opt/airflow/dags/steam_analytics.py for tasks to queue
[2026-09-08T16:35:05.473+0000] {logging_mixin.py:188} INFO - [2026-09-08T16:35:05.473+0000] {dagbag.py:545} INFO - Filling up the DagBag from /opt/airflow/dags/steam_analytics.py
[2026-09-08T16:35:05.647+0000] {processor.py:840} INFO - DAG(s) 'steam_analytics_daily' retrieved from /opt/airflow/dags/steam_analytics.py
[2026-09-08T16:35:05.677+0000] {logging_mixin.py:188} INFO - [2026-09-08T16:35:05.677+0000] {dag.py:3089} INFO - Sync 1 DAGs
[2026-09-08T16:35:05.706+0000] {logging_mixin.py:188} INFO - [2026-09-08T16:35:05.705+0000] {dag.py:3947} INFO - Setting next_dagrun for steam_analytics_daily to 2026-09-08 02:00:00+00:00, run_after=2026-09-09 02:00:00+00:00
[2026-09-08T16:35:05.725+0000] {processor.py:183} INFO - Processing /opt/airflow/dags/steam_analytics.py took 0.258 seconds
[2026-09-08T16:35:35.855+0000] {processor.py:161} INFO - Started process (PID=2486) to work on /opt/airflow/dags/steam_analytics.py
[2026-09-08T16:35:35.856+0000] {processor.py:830} INFO - Processing file /opt/airflow/dags/steam_analytics.py for tasks to queue
[2026-09-08T16:35:35.857+0000] {logging_mixin.py:188} INFO - [2026-09-08T16:35:35.856+0000] {dagbag.py:545} INFO - Filling up the DagBag from /opt/airflow/dags/steam_analytics.py
[2026-09-08T16:35:35.999+0000] {processor.py:840} INFO - DAG(s) 'steam_analytics_daily' retrieved from /opt/airflow/dags/steam_analytics.py
[2026-09-08T16:35:36.026+0000] {logging_mixin.py:188} INFO - [2026-09-08T16:35:36.025+0000] {dag.py:3089} INFO - Sync 1 DAGs
[2026-09-08T16:35:36.045+0000] {logging_mixin.py:188} INFO - [2026-09-08T16:35:36.045+0000] {dag.py:3947} INFO - Setting next_dagrun for steam_analytics_daily to 2026-09-08 02:00:00+00:00, run_after=2026-09-09 02:00:00+00:00
[2026-09-08T16:35:36.063+0000] {processor.py:183} INFO - Processing /opt/airflow/dags/steam_analytics.py took 0.213 seconds
[2026-09-08T16:36:06.196+0000] {processor.py:161} INFO - Started process (PID=2491) to work on /opt/airflow/dags/steam_analytics.py
[2026-09-08T16:36:06.196+0000] {processor.py:830} INFO - Processing file /opt/airflow/dags/steam_analytics.py for tasks to queue
[2026-09-08T16:36:06.197+0000] {logging_mixin.py:188} INFO - [2026-09-08T16:36:06.197+0000] {dagbag.py:545} INFO - Filling up the DagBag from /opt/airflow/dags/steam_analytics.py
[2026-09-08T16:36:06.349+0000] {processor.py:840} INFO - DAG(s) 'steam_analytics_daily' retrieved from /opt/airflow/dags/steam_analytics.py
[2026-09-08T16:36:06.376+0000] {logging_mixin.py:188} INFO - [2026-09-08T16:36:06.376+0000] {dag.py:3089} INFO - Sync 1 DAGs
[2026-09-08T16:36:06.398+0000] {logging_mixin.py:188} INFO - [2026-09-08T16:36:06.398+0000] {dag.py:3947} INFO - Setting next_dagrun for steam_analytics_daily to 2026-09-08 02:00:00+00:00, run_after=2026-09-09 02:00:00+00:00
[2026-09-08T16:36:06.416+0000] {processor.py:183} INFO - Processing /opt/airflow/dags/steam_analytics.py took 0.225 seconds
[2026-09-08T16:36:36.551+0000] {processor.py:161} INFO - Started process (PID=2496) to work on /opt/airflow/dags/steam_analytics.py
[2026-09-08T16:36:36.551+0000] {processor.py:830} INFO - Processing file /opt/airflow/dags/steam_analytics.py for tasks to queue
[2026-09-08T16:36:36.552+0000] {logging_mixin.py:188} INFO - [2026-09-08T16:36:36.552+0000] {dagbag.py:545} INFO - Filling up the DagBag from /opt/airflow/dags/steam_analytics.py
[2026-09-08T16:36:36.686+0000] {processor.py:840} INFO - DAG(s) 'steam_analytics_daily' retrieved from /opt/airflow/dags/steam_analytics.py
[2026-09-08T16:36:36.713+0000] {logging_mixin.py:188} INFO - [2026-09-08T16:36:36.713+0000] {dag.py:3089} INFO - Sync 1 DAGs
[2026-09-08T16:36:36.732+0000] {logging_mixin.py:188} INFO - [2026-09-08T16:36:36.732+0000] {dag.py:3947} INFO - Setting next_dagrun for steam_analytics_daily to 2026-09-08 02:00:00+00:00, run_after=2026-09-09 02:00:00+00:00
[2026-09-08T16:36:36.749+0000] {processor.py:183} INFO - Processing /opt/airflow/dags/steam_analytics.py took 0.203 seconds
[2026-09-08T16:37:06.877+0000] {processor.py:161} INFO - Started process (PID=2501) to work on /opt/airflow/dags/steam_analytics.py
[2026-09-08T16:37:06.878+0000] {processor.py:830} INFO - Processing file /opt/airflow/dags/steam_analytics.py for tasks to queue
[2026-09-08T16:37:06.879+0000] {logging_mixin.py:188} INFO - [2026-09-08T16:37:06.879+0000] {dagbag.py:545} INFO - Filling up the DagBag from /opt/airflow/dags/steam_analytics.py
[2026-09-08T16:37:07.015+0000] {processor.py:840} INFO - DAG(s) 'steam_analytics_daily' retrieved from /opt/airflow/dags/steam_analytics.py
[2026-09-08T16:37:07.041+0000] {logging_mixin.py:188} INFO - [2026-09-08T16:37:07.041+0000] {dag.py:3089} INFO - Sync 1 DAGs
[2026-09-08T16:37:07.062+0000] {logging_mixin.py:188} INFO - [2026-09-08T16:37:07.062+0000] {dag.py:3947} INFO - Setting next_dagrun for steam_analytics_daily to 2026-09-08 02:00:00+00:00, run_after=2026-09-09 02:00:00+00:00
[2026-09-08T16:37:07.080+0000] {processor.py:183} INFO - Processing /opt/airflow/dags/steam_analytics.py took 0.207 seconds
[2026-09-08T16:37:37.210+0000] {processor.py:161} INFO - Started process (PID=2506) to work on /opt/airflow/dags/steam_analytics.py
[2026-09-08T16:37:37.211+0000] {processor.py:830} INFO - Processing file /opt/airflow/dags/steam_analytics.py for tasks to queue
[2026-09-08T16:37:37.212+0000] {logging_mixin.py:188} INFO - [2026-09-08T16:37:37.212+0000] {dagbag.py:545} INFO - Filling up the DagBag from /opt/airflow/dags/steam_analytics.py
[2026-09-08T16:37:37.349+0000] {processor.py:840} INFO - DAG(s) 'steam_analytics_daily' retrieved from /opt/airflow/dags/steam_analytics.py
[2026-09-08T16:37:37.376+0000] {logging_mixin.py:188} INFO - [2026-09-08T16:37:37.376+0000] {dag.py:3089} INFO - Sync 1 DAGs
[2026-09-08T16:37:37.395+0000] {logging_mixin.py:188} INFO - [2026-09-08T16:37:37.395+0000] {dag.py:3947} INFO - Setting next_dagrun for steam_analytics_daily to 2026-09-08 02:00:00+00:00, run_after=2026-09-09 02:00:00+00:00
[2026-09-08T16:37:37.413+0000] {processor.py:183} INFO - Processing /opt/airflow/dags/steam_analytics.py took 0.207 seconds
[2026-09-08T16:38:07.543+0000] {processor.py:161} INFO - Started process (PID=2511) to work on /opt/airflow/dags/steam_analytics.py
[2026-09-08T16:38:07.544+0000] {processor.py:830} INFO - Processing file /opt/airflow/dags/steam_analytics.py for tasks to queue
[2026-09-08T16:38:07.545+0000] {logging_mixin.py:188} INFO - [2026-09-08T16:38:07.544+0000] {dagbag.py:545} INFO - Filling up the DagBag from /opt/airflow/dags/steam_analytics.py
[2026-09-08T16:38:07.682+0000] {processor.py:840} INFO - DAG(s) 'steam_analytics_daily' retrieved from /opt/airflow/dags/steam_analytics.py
[2026-09-08T16:38:07.708+0000] {logging_mixin.py:188} INFO - [2026-09-08T16:38:07.707+0000] {dag.py:3089} INFO - Sync 1 DAGs
[2026-09-08T16:38:07.727+0000] {logging_mixin.py:188} INFO - [2026-09-08T16:38:07.727+0000] {dag.py:3947} INFO - Setting next_dagrun for steam_analytics_daily to 2026-09-08 02:00:00+00:00, run_after=2026-09-09 02:00:00+00:00
[2026-09-08T16:38:07.744+0000] {processor.py:183} INFO - Processing /opt/airflow/dags/steam_analytics.py took 0.205 seconds
[2026-09-08T16:38:37.871+0000] {processor.py:161} INFO - Started process (PID=2516) to work on /opt/airflow/dags/steam_analytics.py
[2026-09-08T16:38:37.871+0000] {processor.py:830} INFO - Processing file /opt/airflow/dags/steam_analytics.py for tasks to queue
[2026-09-08T16:38:37.872+0000] {logging_mixin.py:188} INFO - [2026-09-08T16:38:37.872+0000] {dagbag.py:545} INFO - Filling up the DagBag from /opt/airflow/dags/steam_analytics.py
[2026-09-08T16:38:38.006+0000] {processor.py:840} INFO - DAG(s) 'steam_analytics_daily' retrieved from /opt/airflow/dags/steam_analytics.py
[2026-09-08T16:38:38.035+0000] {logging_mixin.py:188} INFO - [2026-09-08T16:38:38.034+0000] {dag.py:3089} INFO - Sync 1 DAGs
[2026-09-08T16:38:38.055+0000] {logging_mixin.py:188} INFO - [2026-09-08T16:38:38.054+0000] {dag.py:3947} INFO - Setting next_dagrun for steam_analytics_daily to 2026-09-08 02:00:00+00:00, run_after=2026-09-09 02:00:00+00:00
[2026-09-08T16:38:38.070+0000] {processor.py:183} INFO - Processing /opt/airflow/dags/steam_analytics.py took 0.204 seconds
[2026-09-08T16:39:08.192+0000] {processor.py:161} INFO - Started process (PID=2521) to work on /opt/airflow/dags/steam_analytics.py
[2026-09-08T16:39:08.193+0000] {processor.py:830} INFO - Processing file /opt/airflow/dags/steam_analytics.py for tasks to queue
[2026-09-08T16:39:08.193+0000] {logging_mixin.py:188} INFO - [2026-09-08T16:39:08.193+0000] {dagbag.py:545} INFO - Filling up the DagBag from /opt/airflow/dags/steam_analytics.py
[2026-09-08T16:39:08.331+0000] {processor.py:840} INFO - DAG(s) 'steam_analytics_daily' retrieved from /opt/airflow/dags/steam_analytics.py
[2026-09-08T16:39:08.358+0000] {logging_mixin.py:188} INFO - [2026-09-08T16:39:08.358+0000] {dag.py:3089} INFO - Sync 1 DAGs
[2026-09-08T16:39:08.376+0000] {logging_mixin.py:188} INFO - [2026-09-08T16:39:08.376+0000] {dag.py:3947} INFO - Setting next_dagrun for steam_analytics_daily to 2026-09-08 02:00:00+00:00, run_after=2026-09-09 02:00:00+00:00
[2026-09-08T16:39:08.391+0000] {processor.py:183} INFO - Processing /opt/airflow/dags/steam_analytics.py took 0.204 seconds
[2026-09-08T16:39:38.517+0000] {processor.py:161} INFO - Started process (PID=2526) to work on /opt/airflow/dags/steam_analytics.py
[2026-09-08T16:39:38.518+0000] {processor.py:830} INFO - Processing file /opt/airflow/dags/steam_analytics.py for tasks to queue
[2026-09-08T16:39:38.519+0000] {logging_mixin.py:188} INFO - [2026-09-08T16:39:38.518+0000] {dagbag.py:545} INFO - Filling up the DagBag from /opt/airflow/dags/steam_analytics.py
[2026-09-08T16:39:38.653+0000] {processor.py:840} INFO - DAG(s) 'steam_analytics_daily' retrieved from /opt/airflow/dags/steam_analytics.py
[2026-09-08T16:39:38.679+0000] {logging_mixin.py:188} INFO - [2026-09-08T16:39:38.679+0000] {dag.py:3089} INFO - Sync 1 DAGs
[2026-09-08T16:39:38.698+0000] {logging_mixin.py:188} INFO - [2026-09-08T16:39:38.698+0000] {dag.py:3947} INFO - Setting next_dagrun for steam_analytics_daily to 2026-09-08 02:00:00+00:00, run_after=2026-09-09 02:00:00+00:00
[2026-09-08T16:39:38.714+0000] {processor.py:183} INFO - Processing /opt/airflow/dags/steam_analytics.py took 0.201 seconds
[2026-09-08T16:40:08.853+0000] {processor.py:161} INFO - Started process (PID=2531) to work on /opt/airflow/dags/steam_analytics.py
[2026-09-08T16:40:08.853+0000] {processor.py:830} INFO - Processing file /opt/airflow/dags/steam_analytics.py for tasks to queue
[2026-09-08T16:40:08.854+0000] {logging_mixin.py:188} INFO - [2026-09-08T16:40:08.854+0000] {dagbag.py:545} INFO - Filling up the DagBag from /opt/airflow/dags/steam_analytics.py
[2026-09-08T16:40:08.990+0000] {processor.py:840} INFO - DAG(s) 'steam_analytics_daily' retrieved from /opt/airflow/dags/steam_analytics.py
[2026-09-08T16:40:09.016+0000] {logging_mixin.py:188} INFO - [2026-09-08T16:40:09.016+0000] {dag.py:3089} INFO - Sync 1 DAGs
[2026-09-08T16:40:09.035+0000] {logging_mixin.py:188} INFO - [2026-09-08T16:40:09.035+0000] {dag.py:3947} INFO - Setting next_dagrun for steam_analytics_daily to 2026-09-08 02:00:00+00:00, run_after=2026-09-09 02:00:00+00:00
[2026-09-08T16:40:09.054+0000] {processor.py:183} INFO - Processing /opt/airflow/dags/steam_analytics.py took 0.206 seconds
[2026-09-08T16:40:39.184+0000] {processor.py:161} INFO - Started process (PID=2536) to work on /opt/airflow/dags/steam_analytics.py
[2026-09-08T16:40:39.184+0000] {processor.py:830} INFO - Processing file /opt/airflow/dags/steam_analytics.py for tasks to queue
[2026-09-08T16:40:39.185+0000] {logging_mixin.py:188} INFO - [2026-09-08T16:40:39.185+0000] {dagbag.py:545} INFO - Filling up the DagBag from /opt/airflow/dags/steam_analytics.py
[2026-09-08T16:40:39.330+0000] {processor.py:840} INFO - DAG(s) 'steam_analytics_daily' retrieved from /opt/airflow/dags/steam_analytics.py
[2026-09-08T16:40:39.357+0000] {logging_mixin.py:188} INFO - [2026-09-08T16:40:39.357+0000] {dag.py:3089} INFO - Sync 1 DAGs
[2026-09-08T16:40:39.379+0000] {logging_mixin.py:188} INFO - [2026-09-08T16:40:39.379+0000] {dag.py:3947} INFO - Setting next_dagrun for steam_analytics_daily to 2026-09-08 02:00:00+00:00, run_after=2026-09-09 02:00:00+00:00
[2026-09-08T16:40:39.398+0000] {processor.py:183} INFO - Processing /opt/airflow/dags/steam_analytics.py took 0.219 seconds
[2026-09-08T16:41:09.530+0000] {processor.py:161} INFO - Started process (PID=2541) to work on /opt/airflow/dags/steam_analytics.py
[2026-09-08T16:41:09.531+0000] {processor.py:830} INFO - Processing file /opt/airflow/dags/steam_analytics.py for tasks to queue
[2026-09-08T16:41:09.532+0000] {logging_mixin.py:188} INFO - [2026-09-08T16:41:09.531+0000] {dagbag.py:545} INFO - Filling up the DagBag from /opt/airflow/dags/steam_analytics.py
[2026-09-08T16:41:09.671+0000] {processor.py:840} INFO - DAG(s) 'steam_analytics_daily' retrieved from /opt/airflow/dags/steam_analytics.py
[2026-09-08T16:41:09.700+0000] {logging_mixin.py:188} INFO - [2026-09-08T16:41:09.700+0000] {dag.py:3089} INFO - Sync 1 DAGs
[2026-09-08T16:41:09.721+0000] {logging_mixin.py:188} INFO - [2026-09-08T16:41:09.721+0000] {dag.py:3947} INFO - Setting next_dagrun for steam_analytics_daily to 2026-09-08 02:00:00+00:00, run_after=2026-09-09 02:00:00+00:00
[2026-09-08T16:41:09.737+0000] {processor.py:183} INFO - Processing /opt/airflow/dags/steam_analytics.py took 0.213 seconds
[2026-09-08T16:41:39.869+0000] {processor.py:161} INFO - Started process (PID=2546) to work on /opt/airflow/dags/steam_analytics.py
[2026-09-08T16:41:39.869+0000] {processor.py:830} INFO - Processing file /opt/airflow/dags/steam_analytics.py for tasks to queue
[2026-09-08T16:41:39.870+0000] {logging_mixin.py:188} INFO - [2026-09-08T16:41:39.870+0000] {dagbag.py:545} INFO - Filling up the DagBag from /opt/airflow/dags/steam_analytics.py
[2026-09-08T16:41:40.007+0000] {processor.py:840} INFO - DAG(s) 'steam_analytics_daily' retrieved from /opt/airflow/dags/steam_analytics.py
[2026-09-08T16:41:40.033+0000] {logging_mixin.py:188} INFO - [2026-09-08T16:41:40.033+0000] {dag.py:3089} INFO - Sync 1 DAGs
[2026-09-08T16:41:40.053+0000] {logging_mixin.py:188} INFO - [2026-09-08T16:41:40.053+0000] {dag.py:3947} INFO - Setting next_dagrun for steam_analytics_daily to 2026-09-08 02:00:00+00:00, run_after=2026-09-09 02:00:00+00:00
[2026-09-08T16:41:40.069+0000] {processor.py:183} INFO - Processing /opt/airflow/dags/steam_analytics.py took 0.205 seconds
[2026-09-08T16:42:10.198+0000] {processor.py:161} INFO - Started process (PID=2551) to work on /opt/airflow/dags/steam_analytics.py
[2026-09-08T16:42:10.199+0000] {processor.py:830} INFO - Processing file /opt/airflow/dags/steam_analytics.py for tasks to queue
[2026-09-08T16:42:10.199+0000] {logging_mixin.py:188} INFO - [2026-09-08T16:42:10.199+0000] {dagbag.py:545} INFO - Filling up the DagBag from /opt/airflow/dags/steam_analytics.py
[2026-09-08T16:42:10.337+0000] {processor.py:840} INFO - DAG(s) 'steam_analytics_daily' retrieved from /opt/airflow/dags/steam_analytics.py
[2026-09-08T16:42:10.362+0000] {logging_mixin.py:188} INFO - [2026-09-08T16:42:10.361+0000] {dag.py:3089} INFO - Sync 1 DAGs
[2026-09-08T16:42:10.381+0000] {logging_mixin.py:188} INFO - [2026-09-08T16:42:10.380+0000] {dag.py:3947} INFO - Setting next_dagrun for steam_analytics_daily to 2026-09-08 02:00:00+00:00, run_after=2026-09-09 02:00:00+00:00
[2026-09-08T16:42:10.397+0000] {processor.py:183} INFO - Processing /opt/airflow/dags/steam_analytics.py took 0.204 seconds
[2026-09-08T16:42:40.525+0000] {processor.py:161} INFO - Started process (PID=2556) to work on /opt/airflow/dags/steam_analytics.py
[2026-09-08T16:42:40.526+0000] {processor.py:830} INFO - Processing file /opt/airflow/dags/steam_analytics.py for tasks to queue
[2026-09-08T16:42:40.527+0000] {logging_mixin.py:188} INFO - [2026-09-08T16:42:40.526+0000] {dagbag.py:545} INFO - Filling up the DagBag from /opt/airflow/dags/steam_analytics.py
[2026-09-08T16:42:40.664+0000] {processor.py:840} INFO - DAG(s) 'steam_analytics_daily' retrieved from /opt/airflow/dags/steam_analytics.py
[2026-09-08T16:42:40.690+0000] {logging_mixin.py:188} INFO - [2026-09-08T16:42:40.690+0000] {dag.py:3089} INFO - Sync 1 DAGs
[2026-09-08T16:42:40.710+0000] {logging_mixin.py:188} INFO - [2026-09-08T16:42:40.710+0000] {dag.py:3947} INFO - Setting next_dagrun for steam_analytics_daily to 2026-09-08 02:00:00+00:00, run_after=2026-09-09 02:00:00+00:00
[2026-09-08T16:42:40.725+0000] {processor.py:183} INFO - Processing /opt/airflow/dags/steam_analytics.py took 0.205 seconds
[2026-09-08T16:43:10.865+0000] {processor.py:161} INFO - Started process (PID=2561) to work on /opt/airflow/dags/steam_analytics.py
[2026-09-08T16:43:10.866+0000] {processor.py:830} INFO - Processing file /opt/airflow/dags/steam_analytics.py for tasks to queue
[2026-09-08T16:43:10.866+0000] {logging_mixin.py:188} INFO - [2026-09-08T16:43:10.866+0000] {dagbag.py:545} INFO - Filling up the DagBag from /opt/airflow/dags/steam_analytics.py
[2026-09-08T16:43:10.999+0000] {processor.py:840} INFO - DAG(s) 'steam_analytics_daily' retrieved from /opt/airflow/dags/steam_analytics.py
[2026-09-08T16:43:11.026+0000] {logging_mixin.py:188} INFO - [2026-09-08T16:43:11.026+0000] {dag.py:3089} INFO - Sync 1 DAGs
[2026-09-08T16:43:11.045+0000] {logging_mixin.py:188} INFO - [2026-09-08T16:43:11.045+0000] {dag.py:3947} INFO - Setting next_dagrun for steam_analytics_daily to 2026-09-08 02:00:00+00:00, run_after=2026-09-09 02:00:00+00:00
[2026-09-08T16:43:11.061+0000] {processor.py:183} INFO - Processing /opt/airflow/dags/steam_analytics.py took 0.201 seconds
[2026-09-08T16:43:41.189+0000] {processor.py:161} INFO - Started process (PID=2566) to work on /opt/airflow/dags/steam_analytics.py
[2026-09-08T16:43:41.190+0000] {processor.py:830} INFO - Processing file /opt/airflow/dags/steam_analytics.py for tasks to queue
[2026-09-08T16:43:41.191+0000] {logging_mixin.py:188} INFO - [2026-09-08T16:43:41.191+0000] {dagbag.py:545} INFO - Filling up the DagBag from /opt/airflow/dags/steam_analytics.py
[2026-09-08T16:43:41.329+0000] {processor.py:840} INFO - DAG(s) 'steam_analytics_daily' retrieved from /opt/airflow/dags/steam_analytics.py
[2026-09-08T16:43:41.356+0000] {logging_mixin.py:188} INFO - [2026-09-08T16:43:41.356+0000] {dag.py:3089} INFO - Sync 1 DAGs
[2026-09-08T16:43:41.376+0000] {logging_mixin.py:188} INFO - [2026-09-08T16:43:41.376+0000] {dag.py:3947} INFO - Setting next_dagrun for steam_analytics_daily to 2026-09-08 02:00:00+00:00, run_after=2026-09-09 02:00:00+00:00
[2026-09-08T16:43:41.393+0000] {processor.py:183} INFO - Processing /opt/airflow/dags/steam_analytics.py took 0.208 seconds
[2026-09-08T16:44:11.520+0000] {processor.py:161} INFO - Started process (PID=2571) to work on /opt/airflow/dags/steam_analytics.py
[2026-09-08T16:44:11.521+0000] {processor.py:830} INFO - Processing file /opt/airflow/dags/steam_analytics.py for tasks to queue
[2026-09-08T16:44:11.522+0000] {logging_mixin.py:188} INFO - [2026-09-08T16:44:11.521+0000] {dagbag.py:545} INFO - Filling up the DagBag from /opt/airflow/dags/steam_analytics.py
[2026-09-08T16:44:11.653+0000] {processor.py:840} INFO - DAG(s) 'steam_analytics_daily' retrieved from /opt/airflow/dags/steam_analytics.py
[2026-09-08T16:44:11.679+0000] {logging_mixin.py:188} INFO - [2026-09-08T16:44:11.679+0000] {dag.py:3089} INFO - Sync 1 DAGs
[2026-09-08T16:44:11.699+0000] {logging_mixin.py:188} INFO - [2026-09-08T16:44:11.699+0000] {dag.py:3947} INFO - Setting next_dagrun for steam_analytics_daily to 2026-09-08 02:00:00+00:00, run_after=2026-09-09 02:00:00+00:00
[2026-09-08T16:44:11.716+0000] {processor.py:183} INFO - Processing /opt/airflow/dags/steam_analytics.py took 0.200 seconds
[2026-09-08T16:44:41.841+0000] {processor.py:161} INFO - Started process (PID=2576) to work on /opt/airflow/dags/steam_analytics.py
[2026-09-08T16:44:41.842+0000] {processor.py:830} INFO - Processing file /opt/airflow/dags/steam_analytics.py for tasks to queue
[2026-09-08T16:44:41.843+0000] {logging_mixin.py:188} INFO - [2026-09-08T16:44:41.842+0000] {dagbag.py:545} INFO - Filling up the DagBag from /opt/airflow/dags/steam_analytics.py
[2026-09-08T16:44:41.985+0000] {processor.py:840} INFO - DAG(s) 'steam_analytics_daily' retrieved from /opt/airflow/dags/steam_analytics.py
[2026-09-08T16:44:42.013+0000] {logging_mixin.py:188} INFO - [2026-09-08T16:44:42.013+0000] {dag.py:3089} INFO - Sync 1 DAGs
[2026-09-08T16:44:42.036+0000] {logging_mixin.py:188} INFO - [2026-09-08T16:44:42.036+0000] {dag.py:3947} INFO - Setting next_dagrun for steam_analytics_daily to 2026-09-08 02:00:00+00:00, run_after=2026-09-09 02:00:00+00:00
[2026-09-08T16:44:42.055+0000] {processor.py:183} INFO - Processing /opt/airflow/dags/steam_analytics.py took 0.219 seconds
[2026-09-08T16:45:12.182+0000] {processor.py:161} INFO - Started process (PID=2581) to work on /opt/airflow/dags/steam_analytics.py
[2026-09-08T16:45:12.183+0000] {processor.py:830} INFO - Processing file /opt/airflow/dags/steam_analytics.py for tasks to queue
[2026-09-08T16:45:12.184+0000] {logging_mixin.py:188} INFO - [2026-09-08T16:45:12.183+0000] {dagbag.py:545} INFO - Filling up the DagBag from /opt/airflow/dags/steam_analytics.py
[2026-09-08T16:45:12.325+0000] {processor.py:840} INFO - DAG(s) 'steam_analytics_daily' retrieved from /opt/airflow/dags/steam_analytics.py
[2026-09-08T16:45:12.349+0000] {logging_mixin.py:188} INFO - [2026-09-08T16:45:12.349+0000] {dag.py:3089} INFO - Sync 1 DAGs
[2026-09-08T16:45:12.368+0000] {logging_mixin.py:188} INFO - [2026-09-08T16:45:12.368+0000] {dag.py:3947} INFO - Setting next_dagrun for steam_analytics_daily to 2026-09-08 02:00:00+00:00, run_after=2026-09-09 02:00:00+00:00
[2026-09-08T16:45:12.385+0000] {processor.py:183} INFO - Processing /opt/airflow/dags/steam_analytics.py took 0.207 seconds
[2026-09-08T16:45:42.506+0000] {processor.py:161} INFO - Started process (PID=2586) to work on /opt/airflow/dags/steam_analytics.py
[2026-09-08T16:45:42.506+0000] {processor.py:830} INFO - Processing file /opt/airflow/dags/steam_analytics.py for tasks to queue
[2026-09-08T16:45:42.507+0000] {logging_mixin.py:188} INFO - [2026-09-08T16:45:42.507+0000] {dagbag.py:545} INFO - Filling up the DagBag from /opt/airflow/dags/steam_analytics.py
[2026-09-08T16:45:42.644+0000] {processor.py:840} INFO - DAG(s) 'steam_analytics_daily' retrieved from /opt/airflow/dags/steam_analytics.py
[2026-09-08T16:45:42.670+0000] {logging_mixin.py:188} INFO - [2026-09-08T16:45:42.670+0000] {dag.py:3089} INFO - Sync 1 DAGs
[2026-09-08T16:45:42.689+0000] {logging_mixin.py:188} INFO - [2026-09-08T16:45:42.689+0000] {dag.py:3947} INFO - Setting next_dagrun for steam_analytics_daily to 2026-09-08 02:00:00+00:00, run_after=2026-09-09 02:00:00+00:00
[2026-09-08T16:45:42.704+0000] {processor.py:183} INFO - Processing /opt/airflow/dags/steam_analytics.py took 0.203 seconds
[2026-09-08T16:46:12.825+0000] {processor.py:161} INFO - Started process (PID=2591) to work on /opt/airflow/dags/steam_analytics.py
[2026-09-08T16:46:12.825+0000] {processor.py:830} INFO - Processing file /opt/airflow/dags/steam_analytics.py for tasks to queue
[2026-09-08T16:46:12.826+0000] {logging_mixin.py:188} INFO - [2026-09-08T16:46:12.826+0000] {dagbag.py:545} INFO - Filling up the DagBag from /opt/airflow/dags/steam_analytics.py
[2026-09-08T16:46:12.955+0000] {processor.py:840} INFO - DAG(s) 'steam_analytics_daily' retrieved from /opt/airflow/dags/steam_analytics.py
[2026-09-08T16:46:12.982+0000] {logging_mixin.py:188} INFO - [2026-09-08T16:46:12.981+0000] {dag.py:3089} INFO - Sync 1 DAGs
[2026-09-08T16:46:13.000+0000] {logging_mixin.py:188} INFO - [2026-09-08T16:46:13.000+0000] {dag.py:3947} INFO - Setting next_dagrun for steam_analytics_daily to 2026-09-08 02:00:00+00:00, run_after=2026-09-09 02:00:00+00:00
[2026-09-08T16:46:13.016+0000] {processor.py:183} INFO - Processing /opt/airflow/dags/steam_analytics.py took 0.195 seconds
[2026-09-08T16:46:43.146+0000] {processor.py:161} INFO - Started process (PID=2596) to work on /opt/airflow/dags/steam_analytics.py
[2026-09-08T16:46:43.146+0000] {processor.py:830} INFO - Processing file /opt/airflow/dags/steam_analytics.py for tasks to queue
[2026-09-08T16:46:43.147+0000] {logging_mixin.py:188} INFO - [2026-09-08T16:46:43.147+0000] {dagbag.py:545} INFO - Filling up the DagBag from /opt/airflow/dags/steam_analytics.py
[2026-09-08T16:46:43.288+0000] {processor.py:840} INFO - DAG(s) 'steam_analytics_daily' retrieved from /opt/airflow/dags/steam_analytics.py
[2026-09-08T16:46:43.318+0000] {logging_mixin.py:188} INFO - [2026-09-08T16:46:43.318+0000] {dag.py:3089} INFO - Sync 1 DAGs
[2026-09-08T16:46:43.338+0000] {logging_mixin.py:188} INFO - [2026-09-08T16:46:43.338+0000] {dag.py:3947} INFO - Setting next_dagrun for steam_analytics_daily to 2026-09-08 02:00:00+00:00, run_after=2026-09-09 02:00:00+00:00
[2026-09-08T16:46:43.355+0000] {processor.py:183} INFO - Processing /opt/airflow/dags/steam_analytics.py took 0.214 seconds
[2026-09-08T16:47:13.476+0000] {processor.py:161} INFO - Started process (PID=2601) to work on /opt/airflow/dags/steam_analytics.py
[2026-09-08T16:47:13.476+0000] {processor.py:830} INFO - Processing file /opt/airflow/dags/steam_analytics.py for tasks to queue
[2026-09-08T16:47:13.477+0000] {logging_mixin.py:188} INFO - [2026-09-08T16:47:13.477+0000] {dagbag.py:545} INFO - Filling up the DagBag from /opt/airflow/dags/steam_analytics.py
[2026-09-08T16:47:13.606+0000] {processor.py:840} INFO - DAG(s) 'steam_analytics_daily' retrieved from /opt/airflow/dags/steam_analytics.py
[2026-09-08T16:47:13.631+0000] {logging_mixin.py:188} INFO - [2026-09-08T16:47:13.631+0000] {dag.py:3089} INFO - Sync 1 DAGs
[2026-09-08T16:47:13.651+0000] {logging_mixin.py:188} INFO - [2026-09-08T16:47:13.651+0000] {dag.py:3947} INFO - Setting next_dagrun for steam_analytics_daily to 2026-09-08 02:00:00+00:00, run_after=2026-09-09 02:00:00+00:00
[2026-09-08T16:47:13.666+0000] {processor.py:183} INFO - Processing /opt/airflow/dags/steam_analytics.py took 0.195 seconds
[2026-09-08T16:47:43.790+0000] {processor.py:161} INFO - Started process (PID=2606) to work on /opt/airflow/dags/steam_analytics.py
[2026-09-08T16:47:43.791+0000] {processor.py:830} INFO - Processing file /opt/airflow/dags/steam_analytics.py for tasks to queue
[2026-09-08T16:47:43.791+0000] {logging_mixin.py:188} INFO - [2026-09-08T16:47:43.791+0000] {dagbag.py:545} INFO - Filling up the DagBag from /opt/airflow/dags/steam_analytics.py
[2026-09-08T16:47:43.922+0000] {processor.py:840} INFO - DAG(s) 'steam_analytics_daily' retrieved from /opt/airflow/dags/steam_analytics.py
[2026-09-08T16:47:43.948+0000] {logging_mixin.py:188} INFO - [2026-09-08T16:47:43.947+0000] {dag.py:3089} INFO - Sync 1 DAGs
[2026-09-08T16:47:43.966+0000] {logging_mixin.py:188} INFO - [2026-09-08T16:47:43.966+0000] {dag.py:3947} INFO - Setting next_dagrun for steam_analytics_daily to 2026-09-08 02:00:00+00:00, run_after=2026-09-09 02:00:00+00:00
[2026-09-08T16:47:43.981+0000] {processor.py:183} INFO - Processing /opt/airflow/dags/steam_analytics.py took 0.196 seconds
[2026-09-08T16:48:14.108+0000] {processor.py:161} INFO - Started process (PID=2611) to work on /opt/airflow/dags/steam_analytics.py
[2026-09-08T16:48:14.109+0000] {processor.py:830} INFO - Processing file /opt/airflow/dags/steam_analytics.py for tasks to queue
[2026-09-08T16:48:14.110+0000] {logging_mixin.py:188} INFO - [2026-09-08T16:48:14.109+0000] {dagbag.py:545} INFO - Filling up the DagBag from /opt/airflow/dags/steam_analytics.py
[2026-09-08T16:48:14.283+0000] {processor.py:840} INFO - DAG(s) 'steam_analytics_daily' retrieved from /opt/airflow/dags/steam_analytics.py
[2026-09-08T16:48:14.309+0000] {logging_mixin.py:188} INFO - [2026-09-08T16:48:14.309+0000] {dag.py:3089} INFO - Sync 1 DAGs
[2026-09-08T16:48:14.329+0000] {logging_mixin.py:188} INFO - [2026-09-08T16:48:14.328+0000] {dag.py:3947} INFO - Setting next_dagrun for steam_analytics_daily to 2026-09-08 02:00:00+00:00, run_after=2026-09-09 02:00:00+00:00
[2026-09-08T16:48:14.343+0000] {processor.py:183} INFO - Processing /opt/airflow/dags/steam_analytics.py took 0.241 seconds
[2026-09-08T16:48:44.470+0000] {processor.py:161} INFO - Started process (PID=2616) to work on /opt/airflow/dags/steam_analytics.py
[2026-09-08T16:48:44.471+0000] {processor.py:830} INFO - Processing file /opt/airflow/dags/steam_analytics.py for tasks to queue
[2026-09-08T16:48:44.471+0000] {logging_mixin.py:188} INFO - [2026-09-08T16:48:44.471+0000] {dagbag.py:545} INFO - Filling up the DagBag from /opt/airflow/dags/steam_analytics.py
[2026-09-08T16:48:44.605+0000] {processor.py:840} INFO - DAG(s) 'steam_analytics_daily' retrieved from /opt/airflow/dags/steam_analytics.py
[2026-09-08T16:48:44.631+0000] {logging_mixin.py:188} INFO - [2026-09-08T16:48:44.630+0000] {dag.py:3089} INFO - Sync 1 DAGs
[2026-09-08T16:48:44.651+0000] {logging_mixin.py:188} INFO - [2026-09-08T16:48:44.651+0000] {dag.py:3947} INFO - Setting next_dagrun for steam_analytics_daily to 2026-09-08 02:00:00+00:00, run_after=2026-09-09 02:00:00+00:00
[2026-09-08T16:48:44.670+0000] {processor.py:183} INFO - Processing /opt/airflow/dags/steam_analytics.py took 0.205 seconds
[2026-09-08T16:49:14.792+0000] {processor.py:161} INFO - Started process (PID=2621) to work on /opt/airflow/dags/steam_analytics.py
[2026-09-08T16:49:14.793+0000] {processor.py:830} INFO - Processing file /opt/airflow/dags/steam_analytics.py for tasks to queue
[2026-09-08T16:49:14.794+0000] {logging_mixin.py:188} INFO - [2026-09-08T16:49:14.793+0000] {dagbag.py:545} INFO - Filling up the DagBag from /opt/airflow/dags/steam_analytics.py
[2026-09-08T16:49:14.927+0000] {processor.py:840} INFO - DAG(s) 'steam_analytics_daily' retrieved from /opt/airflow/dags/steam_analytics.py
[2026-09-08T16:49:14.954+0000] {logging_mixin.py:188} INFO - [2026-09-08T16:49:14.954+0000] {dag.py:3089} INFO - Sync 1 DAGs
[2026-09-08T16:49:14.975+0000] {logging_mixin.py:188} INFO - [2026-09-08T16:49:14.974+0000] {dag.py:3947} INFO - Setting next_dagrun for steam_analytics_daily to 2026-09-08 02:00:00+00:00, run_after=2026-09-09 02:00:00+00:00
[2026-09-08T16:49:14.994+0000] {processor.py:183} INFO - Processing /opt/airflow/dags/steam_analytics.py took 0.206 seconds
[2026-09-08T16:49:45.119+0000] {processor.py:161} INFO - Started process (PID=2626) to work on /opt/airflow/dags/steam_analytics.py
[2026-09-08T16:49:45.120+0000] {processor.py:830} INFO - Processing file /opt/airflow/dags/steam_analytics.py for tasks to queue
[2026-09-08T16:49:45.120+0000] {logging_mixin.py:188} INFO - [2026-09-08T16:49:45.120+0000] {dagbag.py:545} INFO - Filling up the DagBag from /opt/airflow/dags/steam_analytics.py
[2026-09-08T16:49:45.260+0000] {processor.py:840} INFO - DAG(s) 'steam_analytics_daily' retrieved from /opt/airflow/dags/steam_analytics.py
[2026-09-08T16:49:45.286+0000] {logging_mixin.py:188} INFO - [2026-09-08T16:49:45.286+0000] {dag.py:3089} INFO - Sync 1 DAGs
[2026-09-08T16:49:45.305+0000] {logging_mixin.py:188} INFO - [2026-09-08T16:49:45.305+0000] {dag.py:3947} INFO - Setting next_dagrun for steam_analytics_daily to 2026-09-08 02:00:00+00:00, run_after=2026-09-09 02:00:00+00:00
[2026-09-08T16:49:45.321+0000] {processor.py:183} INFO - Processing /opt/airflow/dags/steam_analytics.py took 0.206 seconds
[2026-09-08T16:50:15.454+0000] {processor.py:161} INFO - Started process (PID=2631) to work on /opt/airflow/dags/steam_analytics.py
[2026-09-08T16:50:15.455+0000] {processor.py:830} INFO - Processing file /opt/airflow/dags/steam_analytics.py for tasks to queue
[2026-09-08T16:50:15.456+0000] {logging_mixin.py:188} INFO - [2026-09-08T16:50:15.455+0000] {dagbag.py:545} INFO - Filling up the DagBag from /opt/airflow/dags/steam_analytics.py
[2026-09-08T16:50:15.612+0000] {processor.py:840} INFO - DAG(s) 'steam_analytics_daily' retrieved from /opt/airflow/dags/steam_analytics.py
[2026-09-08T16:50:15.643+0000] {logging_mixin.py:188} INFO - [2026-09-08T16:50:15.643+0000] {dag.py:3089} INFO - Sync 1 DAGs
[2026-09-08T16:50:15.666+0000] {logging_mixin.py:188} INFO - [2026-09-08T16:50:15.665+0000] {dag.py:3947} INFO - Setting next_dagrun for steam_analytics_daily to 2026-09-08 02:00:00+00:00, run_after=2026-09-09 02:00:00+00:00
[2026-09-08T16:50:15.689+0000] {processor.py:183} INFO - Processing /opt/airflow/dags/steam_analytics.py took 0.241 seconds
[2026-09-08T16:50:45.844+0000] {processor.py:161} INFO - Started process (PID=2636) to work on /opt/airflow/dags/steam_analytics.py
[2026-09-08T16:50:45.845+0000] {processor.py:830} INFO - Processing file /opt/airflow/dags/steam_analytics.py for tasks to queue
[2026-09-08T16:50:45.846+0000] {logging_mixin.py:188} INFO - [2026-09-08T16:50:45.846+0000] {dagbag.py:545} INFO - Filling up the DagBag from /opt/airflow/dags/steam_analytics.py
[2026-09-08T16:50:46.020+0000] {processor.py:840} INFO - DAG(s) 'steam_analytics_daily' retrieved from /opt/airflow/dags/steam_analytics.py
[2026-09-08T16:50:46.049+0000] {logging_mixin.py:188} INFO - [2026-09-08T16:50:46.049+0000] {dag.py:3089} INFO - Sync 1 DAGs
[2026-09-08T16:50:46.073+0000] {logging_mixin.py:188} INFO - [2026-09-08T16:50:46.073+0000] {dag.py:3947} INFO - Setting next_dagrun for steam_analytics_daily to 2026-09-08 02:00:00+00:00, run_after=2026-09-09 02:00:00+00:00
[2026-09-08T16:50:46.095+0000] {processor.py:183} INFO - Processing /opt/airflow/dags/steam_analytics.py took 0.258 seconds
[2026-09-08T16:51:16.242+0000] {processor.py:161} INFO - Started process (PID=2641) to work on /opt/airflow/dags/steam_analytics.py
[2026-09-08T16:51:16.243+0000] {processor.py:830} INFO - Processing file /opt/airflow/dags/steam_analytics.py for tasks to queue
[2026-09-08T16:51:16.244+0000] {logging_mixin.py:188} INFO - [2026-09-08T16:51:16.243+0000] {dagbag.py:545} INFO - Filling up the DagBag from /opt/airflow/dags/steam_analytics.py
[2026-09-08T16:51:16.402+0000] {processor.py:840} INFO - DAG(s) 'steam_analytics_daily' retrieved from /opt/airflow/dags/steam_analytics.py
[2026-09-08T16:51:16.429+0000] {logging_mixin.py:188} INFO - [2026-09-08T16:51:16.429+0000] {dag.py:3089} INFO - Sync 1 DAGs
[2026-09-08T16:51:16.450+0000] {logging_mixin.py:188} INFO - [2026-09-08T16:51:16.450+0000] {dag.py:3947} INFO - Setting next_dagrun for steam_analytics_daily to 2026-09-08 02:00:00+00:00, run_after=2026-09-09 02:00:00+00:00
[2026-09-08T16:51:16.469+0000] {processor.py:183} INFO - Processing /opt/airflow/dags/steam_analytics.py took 0.232 seconds
[2026-09-08T16:51:46.604+0000] {processor.py:161} INFO - Started process (PID=2646) to work on /opt/airflow/dags/steam_analytics.py
[2026-09-08T16:51:46.605+0000] {processor.py:830} INFO - Processing file /opt/airflow/dags/steam_analytics.py for tasks to queue
[2026-09-08T16:51:46.605+0000] {logging_mixin.py:188} INFO - [2026-09-08T16:51:46.605+0000] {dagbag.py:545} INFO - Filling up the DagBag from /opt/airflow/dags/steam_analytics.py
[2026-09-08T16:51:46.745+0000] {processor.py:840} INFO - DAG(s) 'steam_analytics_daily' retrieved from /opt/airflow/dags/steam_analytics.py
[2026-09-08T16:51:46.773+0000] {logging_mixin.py:188} INFO - [2026-09-08T16:51:46.773+0000] {dag.py:3089} INFO - Sync 1 DAGs
[2026-09-08T16:51:46.794+0000] {logging_mixin.py:188} INFO - [2026-09-08T16:51:46.793+0000] {dag.py:3947} INFO - Setting next_dagrun for steam_analytics_daily to 2026-09-08 02:00:00+00:00, run_after=2026-09-09 02:00:00+00:00
[2026-09-08T16:51:46.810+0000] {processor.py:183} INFO - Processing /opt/airflow/dags/steam_analytics.py took 0.211 seconds
[2026-09-08T16:52:16.932+0000] {processor.py:161} INFO - Started process (PID=2651) to work on /opt/airflow/dags/steam_analytics.py
[2026-09-08T16:52:16.933+0000] {processor.py:830} INFO - Processing file /opt/airflow/dags/steam_analytics.py for tasks to queue
[2026-09-08T16:52:16.934+0000] {logging_mixin.py:188} INFO - [2026-09-08T16:52:16.934+0000] {dagbag.py:545} INFO - Filling up the DagBag from /opt/airflow/dags/steam_analytics.py
[2026-09-08T16:52:17.073+0000] {processor.py:840} INFO - DAG(s) 'steam_analytics_daily' retrieved from /opt/airflow/dags/steam_analytics.py
[2026-09-08T16:52:17.099+0000] {logging_mixin.py:188} INFO - [2026-09-08T16:52:17.099+0000] {dag.py:3089} INFO - Sync 1 DAGs
[2026-09-08T16:52:17.118+0000] {logging_mixin.py:188} INFO - [2026-09-08T16:52:17.118+0000] {dag.py:3947} INFO - Setting next_dagrun for steam_analytics_daily to 2026-09-08 02:00:00+00:00, run_after=2026-09-09 02:00:00+00:00
[2026-09-08T16:52:17.134+0000] {processor.py:183} INFO - Processing /opt/airflow/dags/steam_analytics.py took 0.205 seconds
[2026-09-08T16:52:47.257+0000] {processor.py:161} INFO - Started process (PID=2656) to work on /opt/airflow/dags/steam_analytics.py
[2026-09-08T16:52:47.257+0000] {processor.py:830} INFO - Processing file /opt/airflow/dags/steam_analytics.py for tasks to queue
[2026-09-08T16:52:47.258+0000] {logging_mixin.py:188} INFO - [2026-09-08T16:52:47.258+0000] {dagbag.py:545} INFO - Filling up the DagBag from /opt/airflow/dags/steam_analytics.py
[2026-09-08T16:52:47.399+0000] {processor.py:840} INFO - DAG(s) 'steam_analytics_daily' retrieved from /opt/airflow/dags/steam_analytics.py
[2026-09-08T16:52:47.426+0000] {logging_mixin.py:188} INFO - [2026-09-08T16:52:47.425+0000] {dag.py:3089} INFO - Sync 1 DAGs
[2026-09-08T16:52:47.446+0000] {logging_mixin.py:188} INFO - [2026-09-08T16:52:47.445+0000] {dag.py:3947} INFO - Setting next_dagrun for steam_analytics_daily to 2026-09-08 02:00:00+00:00, run_after=2026-09-09 02:00:00+00:00
[2026-09-08T16:52:47.463+0000] {processor.py:183} INFO - Processing /opt/airflow/dags/steam_analytics.py took 0.212 seconds
[2026-09-08T16:53:17.583+0000] {processor.py:161} INFO - Started process (PID=2661) to work on /opt/airflow/dags/steam_analytics.py
[2026-09-08T16:53:17.584+0000] {processor.py:830} INFO - Processing file /opt/airflow/dags/steam_analytics.py for tasks to queue
[2026-09-08T16:53:17.585+0000] {logging_mixin.py:188} INFO - [2026-09-08T16:53:17.585+0000] {dagbag.py:545} INFO - Filling up the DagBag from /opt/airflow/dags/steam_analytics.py
[2026-09-08T16:53:17.722+0000] {processor.py:840} INFO - DAG(s) 'steam_analytics_daily' retrieved from /opt/airflow/dags/steam_analytics.py
[2026-09-08T16:53:17.750+0000] {logging_mixin.py:188} INFO - [2026-09-08T16:53:17.750+0000] {dag.py:3089} INFO - Sync 1 DAGs
[2026-09-08T16:53:17.770+0000] {logging_mixin.py:188} INFO - [2026-09-08T16:53:17.769+0000] {dag.py:3947} INFO - Setting next_dagrun for steam_analytics_daily to 2026-09-08 02:00:00+00:00, run_after=2026-09-09 02:00:00+00:00
[2026-09-08T16:53:17.785+0000] {processor.py:183} INFO - Processing /opt/airflow/dags/steam_analytics.py took 0.206 seconds
[2026-09-08T16:53:47.907+0000] {processor.py:161} INFO - Started process (PID=2666) to work on /opt/airflow/dags/steam_analytics.py
[2026-09-08T16:53:47.907+0000] {processor.py:830} INFO - Processing file /opt/airflow/dags/steam_analytics.py for tasks to queue
[2026-09-08T16:53:47.908+0000] {logging_mixin.py:188} INFO - [2026-09-08T16:53:47.908+0000] {dagbag.py:545} INFO - Filling up the DagBag from /opt/airflow/dags/steam_analytics.py
[2026-09-08T16:53:48.048+0000] {processor.py:840} INFO - DAG(s) 'steam_analytics_daily' retrieved from /opt/airflow/dags/steam_analytics.py
[2026-09-08T16:53:48.075+0000] {logging_mixin.py:188} INFO - [2026-09-08T16:53:48.075+0000] {dag.py:3089} INFO - Sync 1 DAGs
[2026-09-08T16:53:48.098+0000] {logging_mixin.py:188} INFO - [2026-09-08T16:53:48.098+0000] {dag.py:3947} INFO - Setting next_dagrun for steam_analytics_daily to 2026-09-08 02:00:00+00:00, run_after=2026-09-09 02:00:00+00:00
[2026-09-08T16:53:48.114+0000] {processor.py:183} INFO - Processing /opt/airflow/dags/steam_analytics.py took 0.212 seconds
[2026-09-08T16:54:18.236+0000] {processor.py:161} INFO - Started process (PID=2671) to work on /opt/airflow/dags/steam_analytics.py
[2026-09-08T16:54:18.237+0000] {processor.py:830} INFO - Processing file /opt/airflow/dags/steam_analytics.py for tasks to queue
[2026-09-08T16:54:18.238+0000] {logging_mixin.py:188} INFO - [2026-09-08T16:54:18.238+0000] {dagbag.py:545} INFO - Filling up the DagBag from /opt/airflow/dags/steam_analytics.py
[2026-09-08T16:54:18.379+0000] {processor.py:840} INFO - DAG(s) 'steam_analytics_daily' retrieved from /opt/airflow/dags/steam_analytics.py
[2026-09-08T16:54:18.411+0000] {logging_mixin.py:188} INFO - [2026-09-08T16:54:18.411+0000] {dag.py:3089} INFO - Sync 1 DAGs
[2026-09-08T16:54:18.432+0000] {logging_mixin.py:188} INFO - [2026-09-08T16:54:18.431+0000] {dag.py:3947} INFO - Setting next_dagrun for steam_analytics_daily to 2026-09-08 02:00:00+00:00, run_after=2026-09-09 02:00:00+00:00
[2026-09-08T16:54:18.451+0000] {processor.py:183} INFO - Processing /opt/airflow/dags/steam_analytics.py took 0.219 seconds
[2026-09-08T16:54:48.577+0000] {processor.py:161} INFO - Started process (PID=2676) to work on /opt/airflow/dags/steam_analytics.py
[2026-09-08T16:54:48.578+0000] {processor.py:830} INFO - Processing file /opt/airflow/dags/steam_analytics.py for tasks to queue
[2026-09-08T16:54:48.578+0000] {logging_mixin.py:188} INFO - [2026-09-08T16:54:48.578+0000] {dagbag.py:545} INFO - Filling up the DagBag from /opt/airflow/dags/steam_analytics.py
[2026-09-08T16:54:48.706+0000] {processor.py:840} INFO - DAG(s) 'steam_analytics_daily' retrieved from /opt/airflow/dags/steam_analytics.py
[2026-09-08T16:54:48.731+0000] {logging_mixin.py:188} INFO - [2026-09-08T16:54:48.730+0000] {dag.py:3089} INFO - Sync 1 DAGs
[2026-09-08T16:54:48.751+0000] {logging_mixin.py:188} INFO - [2026-09-08T16:54:48.750+0000] {dag.py:3947} INFO - Setting next_dagrun for steam_analytics_daily to 2026-09-08 02:00:00+00:00, run_after=2026-09-09 02:00:00+00:00
[2026-09-08T16:54:48.771+0000] {processor.py:183} INFO - Processing /opt/airflow/dags/steam_analytics.py took 0.198 seconds
[2026-09-08T16:55:18.895+0000] {processor.py:161} INFO - Started process (PID=2681) to work on /opt/airflow/dags/steam_analytics.py
[2026-09-08T16:55:18.896+0000] {processor.py:830} INFO - Processing file /opt/airflow/dags/steam_analytics.py for tasks to queue
[2026-09-08T16:55:18.896+0000] {logging_mixin.py:188} INFO - [2026-09-08T16:55:18.896+0000] {dagbag.py:545} INFO - Filling up the DagBag from /opt/airflow/dags/steam_analytics.py
[2026-09-08T16:55:19.033+0000] {processor.py:840} INFO - DAG(s) 'steam_analytics_daily' retrieved from /opt/airflow/dags/steam_analytics.py
[2026-09-08T16:55:19.057+0000] {logging_mixin.py:188} INFO - [2026-09-08T16:55:19.057+0000] {dag.py:3089} INFO - Sync 1 DAGs
[2026-09-08T16:55:19.076+0000] {logging_mixin.py:188} INFO - [2026-09-08T16:55:19.075+0000] {dag.py:3947} INFO - Setting next_dagrun for steam_analytics_daily to 2026-09-08 02:00:00+00:00, run_after=2026-09-09 02:00:00+00:00
[2026-09-08T16:55:19.092+0000] {processor.py:183} INFO - Processing /opt/airflow/dags/steam_analytics.py took 0.202 seconds
[2026-09-08T16:55:49.213+0000] {processor.py:161} INFO - Started process (PID=2686) to work on /opt/airflow/dags/steam_analytics.py
[2026-09-08T16:55:49.214+0000] {processor.py:830} INFO - Processing file /opt/airflow/dags/steam_analytics.py for tasks to queue
[2026-09-08T16:55:49.214+0000] {logging_mixin.py:188} INFO - [2026-09-08T16:55:49.214+0000] {dagbag.py:545} INFO - Filling up the DagBag from /opt/airflow/dags/steam_analytics.py
[2026-09-08T16:55:49.354+0000] {processor.py:840} INFO - DAG(s) 'steam_analytics_daily' retrieved from /opt/airflow/dags/steam_analytics.py
[2026-09-08T16:55:49.380+0000] {logging_mixin.py:188} INFO - [2026-09-08T16:55:49.379+0000] {dag.py:3089} INFO - Sync 1 DAGs
[2026-09-08T16:55:49.400+0000] {logging_mixin.py:188} INFO - [2026-09-08T16:55:49.400+0000] {dag.py:3947} INFO - Setting next_dagrun for steam_analytics_daily to 2026-09-08 02:00:00+00:00, run_after=2026-09-09 02:00:00+00:00
[2026-09-08T16:55:49.415+0000] {processor.py:183} INFO - Processing /opt/airflow/dags/steam_analytics.py took 0.207 seconds
[2026-09-08T16:56:19.540+0000] {processor.py:161} INFO - Started process (PID=2691) to work on /opt/airflow/dags/steam_analytics.py
[2026-09-08T16:56:19.541+0000] {processor.py:830} INFO - Processing file /opt/airflow/dags/steam_analytics.py for tasks to queue
[2026-09-08T16:56:19.541+0000] {logging_mixin.py:188} INFO - [2026-09-08T16:56:19.541+0000] {dagbag.py:545} INFO - Filling up the DagBag from /opt/airflow/dags/steam_analytics.py
[2026-09-08T16:56:19.674+0000] {processor.py:840} INFO - DAG(s) 'steam_analytics_daily' retrieved from /opt/airflow/dags/steam_analytics.py
[2026-09-08T16:56:19.699+0000] {logging_mixin.py:188} INFO - [2026-09-08T16:56:19.699+0000] {dag.py:3089} INFO - Sync 1 DAGs
[2026-09-08T16:56:19.717+0000] {logging_mixin.py:188} INFO - [2026-09-08T16:56:19.717+0000] {dag.py:3947} INFO - Setting next_dagrun for steam_analytics_daily to 2026-09-08 02:00:00+00:00, run_after=2026-09-09 02:00:00+00:00
[2026-09-08T16:56:19.733+0000] {processor.py:183} INFO - Processing /opt/airflow/dags/steam_analytics.py took 0.198 seconds
[2026-09-08T16:56:49.858+0000] {processor.py:161} INFO - Started process (PID=2696) to work on /opt/airflow/dags/steam_analytics.py
[2026-09-08T16:56:49.859+0000] {processor.py:830} INFO - Processing file /opt/airflow/dags/steam_analytics.py for tasks to queue
[2026-09-08T16:56:49.860+0000] {logging_mixin.py:188} INFO - [2026-09-08T16:56:49.860+0000] {dagbag.py:545} INFO - Filling up the DagBag from /opt/airflow/dags/steam_analytics.py
[2026-09-08T16:56:49.998+0000] {processor.py:840} INFO - DAG(s) 'steam_analytics_daily' retrieved from /opt/airflow/dags/steam_analytics.py
[2026-09-08T16:56:50.024+0000] {logging_mixin.py:188} INFO - [2026-09-08T16:56:50.024+0000] {dag.py:3089} INFO - Sync 1 DAGs
[2026-09-08T16:56:50.044+0000] {logging_mixin.py:188} INFO - [2026-09-08T16:56:50.043+0000] {dag.py:3947} INFO - Setting next_dagrun for steam_analytics_daily to 2026-09-08 02:00:00+00:00, run_after=2026-09-09 02:00:00+00:00
[2026-09-08T16:56:50.059+0000] {processor.py:183} INFO - Processing /opt/airflow/dags/steam_analytics.py took 0.205 seconds
[2026-09-08T16:57:20.183+0000] {processor.py:161} INFO - Started process (PID=2701) to work on /opt/airflow/dags/steam_analytics.py
[2026-09-08T16:57:20.184+0000] {processor.py:830} INFO - Processing file /opt/airflow/dags/steam_analytics.py for tasks to queue
[2026-09-08T16:57:20.184+0000] {logging_mixin.py:188} INFO - [2026-09-08T16:57:20.184+0000] {dagbag.py:545} INFO - Filling up the DagBag from /opt/airflow/dags/steam_analytics.py
[2026-09-08T16:57:20.315+0000] {processor.py:840} INFO - DAG(s) 'steam_analytics_daily' retrieved from /opt/airflow/dags/steam_analytics.py
[2026-09-08T16:57:20.340+0000] {logging_mixin.py:188} INFO - [2026-09-08T16:57:20.340+0000] {dag.py:3089} INFO - Sync 1 DAGs
[2026-09-08T16:57:20.358+0000] {logging_mixin.py:188} INFO - [2026-09-08T16:57:20.358+0000] {dag.py:3947} INFO - Setting next_dagrun for steam_analytics_daily to 2026-09-08 02:00:00+00:00, run_after=2026-09-09 02:00:00+00:00
[2026-09-08T16:57:20.374+0000] {processor.py:183} INFO - Processing /opt/airflow/dags/steam_analytics.py took 0.195 seconds
[2026-09-08T16:57:50.496+0000] {processor.py:161} INFO - Started process (PID=2706) to work on /opt/airflow/dags/steam_analytics.py
[2026-09-08T16:57:50.497+0000] {processor.py:830} INFO - Processing file /opt/airflow/dags/steam_analytics.py for tasks to queue
[2026-09-08T16:57:50.498+0000] {logging_mixin.py:188} INFO - [2026-09-08T16:57:50.498+0000] {dagbag.py:545} INFO - Filling up the DagBag from /opt/airflow/dags/steam_analytics.py
[2026-09-08T16:57:50.629+0000] {processor.py:840} INFO - DAG(s) 'steam_analytics_daily' retrieved from /opt/airflow/dags/steam_analytics.py
[2026-09-08T16:57:50.654+0000] {logging_mixin.py:188} INFO - [2026-09-08T16:57:50.654+0000] {dag.py:3089} INFO - Sync 1 DAGs
[2026-09-08T16:57:50.673+0000] {logging_mixin.py:188} INFO - [2026-09-08T16:57:50.673+0000] {dag.py:3947} INFO - Setting next_dagrun for steam_analytics_daily to 2026-09-08 02:00:00+00:00, run_after=2026-09-09 02:00:00+00:00
[2026-09-08T16:57:50.688+0000] {processor.py:183} INFO - Processing /opt/airflow/dags/steam_analytics.py took 0.197 seconds
[2026-09-08T16:58:20.810+0000] {processor.py:161} INFO - Started process (PID=2711) to work on /opt/airflow/dags/steam_analytics.py
[2026-09-08T16:58:20.811+0000] {processor.py:830} INFO - Processing file /opt/airflow/dags/steam_analytics.py for tasks to queue
[2026-09-08T16:58:20.811+0000] {logging_mixin.py:188} INFO - [2026-09-08T16:58:20.811+0000] {dagbag.py:545} INFO - Filling up the DagBag from /opt/airflow/dags/steam_analytics.py
[2026-09-08T16:58:20.942+0000] {processor.py:840} INFO - DAG(s) 'steam_analytics_daily' retrieved from /opt/airflow/dags/steam_analytics.py
[2026-09-08T16:58:20.969+0000] {logging_mixin.py:188} INFO - [2026-09-08T16:58:20.968+0000] {dag.py:3089} INFO - Sync 1 DAGs
[2026-09-08T16:58:20.987+0000] {logging_mixin.py:188} INFO - [2026-09-08T16:58:20.987+0000] {dag.py:3947} INFO - Setting next_dagrun for steam_analytics_daily to 2026-09-08 02:00:00+00:00, run_after=2026-09-09 02:00:00+00:00
[2026-09-08T16:58:21.004+0000] {processor.py:183} INFO - Processing /opt/airflow/dags/steam_analytics.py took 0.199 seconds
[2026-09-08T16:58:51.130+0000] {processor.py:161} INFO - Started process (PID=2716) to work on /opt/airflow/dags/steam_analytics.py
[2026-09-08T16:58:51.131+0000] {processor.py:830} INFO - Processing file /opt/airflow/dags/steam_analytics.py for tasks to queue
[2026-09-08T16:58:51.131+0000] {logging_mixin.py:188} INFO - [2026-09-08T16:58:51.131+0000] {dagbag.py:545} INFO - Filling up the DagBag from /opt/airflow/dags/steam_analytics.py
[2026-09-08T16:58:51.262+0000] {processor.py:840} INFO - DAG(s) 'steam_analytics_daily' retrieved from /opt/airflow/dags/steam_analytics.py
[2026-09-08T16:58:51.288+0000] {logging_mixin.py:188} INFO - [2026-09-08T16:58:51.287+0000] {dag.py:3089} INFO - Sync 1 DAGs
[2026-09-08T16:58:51.306+0000] {logging_mixin.py:188} INFO - [2026-09-08T16:58:51.306+0000] {dag.py:3947} INFO - Setting next_dagrun for steam_analytics_daily to 2026-09-08 02:00:00+00:00, run_after=2026-09-09 02:00:00+00:00
[2026-09-08T16:58:51.321+0000] {processor.py:183} INFO - Processing /opt/airflow/dags/steam_analytics.py took 0.196 seconds
[2026-09-08T16:59:21.443+0000] {processor.py:161} INFO - Started process (PID=2721) to work on /opt/airflow/dags/steam_analytics.py
[2026-09-08T16:59:21.444+0000] {processor.py:830} INFO - Processing file /opt/airflow/dags/steam_analytics.py for tasks to queue
[2026-09-08T16:59:21.444+0000] {logging_mixin.py:188} INFO - [2026-09-08T16:59:21.444+0000] {dagbag.py:545} INFO - Filling up the DagBag from /opt/airflow/dags/steam_analytics.py
[2026-09-08T16:59:21.578+0000] {processor.py:840} INFO - DAG(s) 'steam_analytics_daily' retrieved from /opt/airflow/dags/steam_analytics.py
[2026-09-08T16:59:21.603+0000] {logging_mixin.py:188} INFO - [2026-09-08T16:59:21.602+0000] {dag.py:3089} INFO - Sync 1 DAGs
[2026-09-08T16:59:21.621+0000] {logging_mixin.py:188} INFO - [2026-09-08T16:59:21.621+0000] {dag.py:3947} INFO - Setting next_dagrun for steam_analytics_daily to 2026-09-08 02:00:00+00:00, run_after=2026-09-09 02:00:00+00:00
[2026-09-08T16:59:21.637+0000] {processor.py:183} INFO - Processing /opt/airflow/dags/steam_analytics.py took 0.198 seconds
[2026-09-08T16:59:51.763+0000] {processor.py:161} INFO - Started process (PID=2726) to work on /opt/airflow/dags/steam_analytics.py
[2026-09-08T16:59:51.763+0000] {processor.py:830} INFO - Processing file /opt/airflow/dags/steam_analytics.py for tasks to queue
[2026-09-08T16:59:51.764+0000] {logging_mixin.py:188} INFO - [2026-09-08T16:59:51.764+0000] {dagbag.py:545} INFO - Filling up the DagBag from /opt/airflow/dags/steam_analytics.py
[2026-09-08T16:59:51.903+0000] {processor.py:840} INFO - DAG(s) 'steam_analytics_daily' retrieved from /opt/airflow/dags/steam_analytics.py
[2026-09-08T16:59:51.928+0000] {logging_mixin.py:188} INFO - [2026-09-08T16:59:51.928+0000] {dag.py:3089} INFO - Sync 1 DAGs
[2026-09-08T16:59:51.947+0000] {logging_mixin.py:188} INFO - [2026-09-08T16:59:51.947+0000] {dag.py:3947} INFO - Setting next_dagrun for steam_analytics_daily to 2026-09-08 02:00:00+00:00, run_after=2026-09-09 02:00:00+00:00
[2026-09-08T16:59:51.963+0000] {processor.py:183} INFO - Processing /opt/airflow/dags/steam_analytics.py took 0.205 seconds
[2026-09-08T17:00:22.089+0000] {processor.py:161} INFO - Started process (PID=2731) to work on /opt/airflow/dags/steam_analytics.py
[2026-09-08T17:00:22.090+0000] {processor.py:830} INFO - Processing file /opt/airflow/dags/steam_analytics.py for tasks to queue
[2026-09-08T17:00:22.091+0000] {logging_mixin.py:188} INFO - [2026-09-08T17:00:22.091+0000] {dagbag.py:545} INFO - Filling up the DagBag from /opt/airflow/dags/steam_analytics.py
[2026-09-08T17:00:22.223+0000] {processor.py:840} INFO - DAG(s) 'steam_analytics_daily' retrieved from /opt/airflow/dags/steam_analytics.py
[2026-09-08T17:00:22.248+0000] {logging_mixin.py:188} INFO - [2026-09-08T17:00:22.248+0000] {dag.py:3089} INFO - Sync 1 DAGs
[2026-09-08T17:00:22.268+0000] {logging_mixin.py:188} INFO - [2026-09-08T17:00:22.267+0000] {dag.py:3947} INFO - Setting next_dagrun for steam_analytics_daily to 2026-09-08 02:00:00+00:00, run_after=2026-09-09 02:00:00+00:00
[2026-09-08T17:00:22.284+0000] {processor.py:183} INFO - Processing /opt/airflow/dags/steam_analytics.py took 0.199 seconds
[2026-09-08T17:00:52.411+0000] {processor.py:161} INFO - Started process (PID=2736) to work on /opt/airflow/dags/steam_analytics.py
[2026-09-08T17:00:52.412+0000] {processor.py:830} INFO - Processing file /opt/airflow/dags/steam_analytics.py for tasks to queue
[2026-09-08T17:00:52.413+0000] {logging_mixin.py:188} INFO - [2026-09-08T17:00:52.413+0000] {dagbag.py:545} INFO - Filling up the DagBag from /opt/airflow/dags/steam_analytics.py
[2026-09-08T17:00:52.555+0000] {processor.py:840} INFO - DAG(s) 'steam_analytics_daily' retrieved from /opt/airflow/dags/steam_analytics.py
[2026-09-08T17:00:52.583+0000] {logging_mixin.py:188} INFO - [2026-09-08T17:00:52.582+0000] {dag.py:3089} INFO - Sync 1 DAGs
[2026-09-08T17:00:52.604+0000] {logging_mixin.py:188} INFO - [2026-09-08T17:00:52.604+0000] {dag.py:3947} INFO - Setting next_dagrun for steam_analytics_daily to 2026-09-08 02:00:00+00:00, run_after=2026-09-09 02:00:00+00:00
[2026-09-08T17:00:52.623+0000] {processor.py:183} INFO - Processing /opt/airflow/dags/steam_analytics.py took 0.217 seconds
[2026-09-08T17:01:22.747+0000] {processor.py:161} INFO - Started process (PID=2741) to work on /opt/airflow/dags/steam_analytics.py
[2026-09-08T17:01:22.748+0000] {processor.py:830} INFO - Processing file /opt/airflow/dags/steam_analytics.py for tasks to queue
[2026-09-08T17:01:22.749+0000] {logging_mixin.py:188} INFO - [2026-09-08T17:01:22.748+0000] {dagbag.py:545} INFO - Filling up the DagBag from /opt/airflow/dags/steam_analytics.py
[2026-09-08T17:01:22.881+0000] {processor.py:840} INFO - DAG(s) 'steam_analytics_daily' retrieved from /opt/airflow/dags/steam_analytics.py
[2026-09-08T17:01:22.905+0000] {logging_mixin.py:188} INFO - [2026-09-08T17:01:22.905+0000] {dag.py:3089} INFO - Sync 1 DAGs
[2026-09-08T17:01:22.925+0000] {logging_mixin.py:188} INFO - [2026-09-08T17:01:22.925+0000] {dag.py:3947} INFO - Setting next_dagrun for steam_analytics_daily to 2026-09-08 02:00:00+00:00, run_after=2026-09-09 02:00:00+00:00
[2026-09-08T17:01:22.942+0000] {processor.py:183} INFO - Processing /opt/airflow/dags/steam_analytics.py took 0.199 seconds
[2026-09-08T17:01:53.066+0000] {processor.py:161} INFO - Started process (PID=2746) to work on /opt/airflow/dags/steam_analytics.py
[2026-09-08T17:01:53.066+0000] {processor.py:830} INFO - Processing file /opt/airflow/dags/steam_analytics.py for tasks to queue
[2026-09-08T17:01:53.067+0000] {logging_mixin.py:188} INFO - [2026-09-08T17:01:53.067+0000] {dagbag.py:545} INFO - Filling up the DagBag from /opt/airflow/dags/steam_analytics.py
[2026-09-08T17:01:53.199+0000] {processor.py:840} INFO - DAG(s) 'steam_analytics_daily' retrieved from /opt/airflow/dags/steam_analytics.py
[2026-09-08T17:01:53.224+0000] {logging_mixin.py:188} INFO - [2026-09-08T17:01:53.224+0000] {dag.py:3089} INFO - Sync 1 DAGs
[2026-09-08T17:01:53.243+0000] {logging_mixin.py:188} INFO - [2026-09-08T17:01:53.243+0000] {dag.py:3947} INFO - Setting next_dagrun for steam_analytics_daily to 2026-09-08 02:00:00+00:00, run_after=2026-09-09 02:00:00+00:00
[2026-09-08T17:01:53.259+0000] {processor.py:183} INFO - Processing /opt/airflow/dags/steam_analytics.py took 0.198 seconds
[2026-09-08T17:02:23.384+0000] {processor.py:161} INFO - Started process (PID=2751) to work on /opt/airflow/dags/steam_analytics.py
[2026-09-08T17:02:23.385+0000] {processor.py:830} INFO - Processing file /opt/airflow/dags/steam_analytics.py for tasks to queue
[2026-09-08T17:02:23.386+0000] {logging_mixin.py:188} INFO - [2026-09-08T17:02:23.385+0000] {dagbag.py:545} INFO - Filling up the DagBag from /opt/airflow/dags/steam_analytics.py
[2026-09-08T17:02:23.516+0000] {processor.py:840} INFO - DAG(s) 'steam_analytics_daily' retrieved from /opt/airflow/dags/steam_analytics.py
[2026-09-08T17:02:23.540+0000] {logging_mixin.py:188} INFO - [2026-09-08T17:02:23.540+0000] {dag.py:3089} INFO - Sync 1 DAGs
[2026-09-08T17:02:23.560+0000] {logging_mixin.py:188} INFO - [2026-09-08T17:02:23.559+0000] {dag.py:3947} INFO - Setting next_dagrun for steam_analytics_daily to 2026-09-08 02:00:00+00:00, run_after=2026-09-09 02:00:00+00:00
[2026-09-08T17:02:23.575+0000] {processor.py:183} INFO - Processing /opt/airflow/dags/steam_analytics.py took 0.195 seconds
[2026-09-08T17:02:53.695+0000] {processor.py:161} INFO - Started process (PID=2756) to work on /opt/airflow/dags/steam_analytics.py
[2026-09-08T17:02:53.696+0000] {processor.py:830} INFO - Processing file /opt/airflow/dags/steam_analytics.py for tasks to queue
[2026-09-08T17:02:53.697+0000] {logging_mixin.py:188} INFO - [2026-09-08T17:02:53.696+0000] {dagbag.py:545} INFO - Filling up the DagBag from /opt/airflow/dags/steam_analytics.py
[2026-09-08T17:02:53.835+0000] {processor.py:840} INFO - DAG(s) 'steam_analytics_daily' retrieved from /opt/airflow/dags/steam_analytics.py
[2026-09-08T17:02:53.861+0000] {logging_mixin.py:188} INFO - [2026-09-08T17:02:53.861+0000] {dag.py:3089} INFO - Sync 1 DAGs
[2026-09-08T17:02:53.880+0000] {logging_mixin.py:188} INFO - [2026-09-08T17:02:53.880+0000] {dag.py:3947} INFO - Setting next_dagrun for steam_analytics_daily to 2026-09-08 02:00:00+00:00, run_after=2026-09-09 02:00:00+00:00
[2026-09-08T17:02:53.896+0000] {processor.py:183} INFO - Processing /opt/airflow/dags/steam_analytics.py took 0.206 seconds
[2026-09-08T17:03:24.021+0000] {processor.py:161} INFO - Started process (PID=2761) to work on /opt/airflow/dags/steam_analytics.py
[2026-09-08T17:03:24.022+0000] {processor.py:830} INFO - Processing file /opt/airflow/dags/steam_analytics.py for tasks to queue
[2026-09-08T17:03:24.023+0000] {logging_mixin.py:188} INFO - [2026-09-08T17:03:24.023+0000] {dagbag.py:545} INFO - Filling up the DagBag from /opt/airflow/dags/steam_analytics.py
[2026-09-08T17:03:24.155+0000] {processor.py:840} INFO - DAG(s) 'steam_analytics_daily' retrieved from /opt/airflow/dags/steam_analytics.py
[2026-09-08T17:03:24.183+0000] {logging_mixin.py:188} INFO - [2026-09-08T17:03:24.182+0000] {dag.py:3089} INFO - Sync 1 DAGs
[2026-09-08T17:03:24.205+0000] {logging_mixin.py:188} INFO - [2026-09-08T17:03:24.205+0000] {dag.py:3947} INFO - Setting next_dagrun for steam_analytics_daily to 2026-09-08 02:00:00+00:00, run_after=2026-09-09 02:00:00+00:00
[2026-09-08T17:03:24.224+0000] {processor.py:183} INFO - Processing /opt/airflow/dags/steam_analytics.py took 0.207 seconds
[2026-09-08T17:03:54.348+0000] {processor.py:161} INFO - Started process (PID=2766) to work on /opt/airflow/dags/steam_analytics.py
[2026-09-08T17:03:54.349+0000] {processor.py:830} INFO - Processing file /opt/airflow/dags/steam_analytics.py for tasks to queue
[2026-09-08T17:03:54.350+0000] {logging_mixin.py:188} INFO - [2026-09-08T17:03:54.349+0000] {dagbag.py:545} INFO - Filling up the DagBag from /opt/airflow/dags/steam_analytics.py
[2026-09-08T17:03:54.484+0000] {processor.py:840} INFO - DAG(s) 'steam_analytics_daily' retrieved from /opt/airflow/dags/steam_analytics.py
[2026-09-08T17:03:54.509+0000] {logging_mixin.py:188} INFO - [2026-09-08T17:03:54.509+0000] {dag.py:3089} INFO - Sync 1 DAGs
[2026-09-08T17:03:54.528+0000] {logging_mixin.py:188} INFO - [2026-09-08T17:03:54.528+0000] {dag.py:3947} INFO - Setting next_dagrun for steam_analytics_daily to 2026-09-08 02:00:00+00:00, run_after=2026-09-09 02:00:00+00:00
[2026-09-08T17:03:54.544+0000] {processor.py:183} INFO - Processing /opt/airflow/dags/steam_analytics.py took 0.200 seconds
[2026-09-08T17:04:24.672+0000] {processor.py:161} INFO - Started process (PID=2771) to work on /opt/airflow/dags/steam_analytics.py
[2026-09-08T17:04:24.672+0000] {processor.py:830} INFO - Processing file /opt/airflow/dags/steam_analytics.py for tasks to queue
[2026-09-08T17:04:24.673+0000] {logging_mixin.py:188} INFO - [2026-09-08T17:04:24.673+0000] {dagbag.py:545} INFO - Filling up the DagBag from /opt/airflow/dags/steam_analytics.py
[2026-09-08T17:04:24.808+0000] {processor.py:840} INFO - DAG(s) 'steam_analytics_daily' retrieved from /opt/airflow/dags/steam_analytics.py
[2026-09-08T17:04:24.833+0000] {logging_mixin.py:188} INFO - [2026-09-08T17:04:24.832+0000] {dag.py:3089} INFO - Sync 1 DAGs
[2026-09-08T17:04:24.852+0000] {logging_mixin.py:188} INFO - [2026-09-08T17:04:24.852+0000] {dag.py:3947} INFO - Setting next_dagrun for steam_analytics_daily to 2026-09-08 02:00:00+00:00, run_after=2026-09-09 02:00:00+00:00
[2026-09-08T17:04:24.867+0000] {processor.py:183} INFO - Processing /opt/airflow/dags/steam_analytics.py took 0.200 seconds
[2026-09-08T17:04:55.003+0000] {processor.py:161} INFO - Started process (PID=2776) to work on /opt/airflow/dags/steam_analytics.py
[2026-09-08T17:04:55.005+0000] {processor.py:830} INFO - Processing file /opt/airflow/dags/steam_analytics.py for tasks to queue
[2026-09-08T17:04:55.006+0000] {logging_mixin.py:188} INFO - [2026-09-08T17:04:55.006+0000] {dagbag.py:545} INFO - Filling up the DagBag from /opt/airflow/dags/steam_analytics.py
[2026-09-08T17:04:55.152+0000] {processor.py:840} INFO - DAG(s) 'steam_analytics_daily' retrieved from /opt/airflow/dags/steam_analytics.py
[2026-09-08T17:04:55.182+0000] {logging_mixin.py:188} INFO - [2026-09-08T17:04:55.182+0000] {dag.py:3089} INFO - Sync 1 DAGs
[2026-09-08T17:04:55.205+0000] {logging_mixin.py:188} INFO - [2026-09-08T17:04:55.205+0000] {dag.py:3947} INFO - Setting next_dagrun for steam_analytics_daily to 2026-09-08 02:00:00+00:00, run_after=2026-09-09 02:00:00+00:00
[2026-09-08T17:04:55.225+0000] {processor.py:183} INFO - Processing /opt/airflow/dags/steam_analytics.py took 0.229 seconds
[2026-09-08T17:05:25.349+0000] {processor.py:161} INFO - Started process (PID=2781) to work on /opt/airflow/dags/steam_analytics.py
[2026-09-08T17:05:25.349+0000] {processor.py:830} INFO - Processing file /opt/airflow/dags/steam_analytics.py for tasks to queue
[2026-09-08T17:05:25.350+0000] {logging_mixin.py:188} INFO - [2026-09-08T17:05:25.350+0000] {dagbag.py:545} INFO - Filling up the DagBag from /opt/airflow/dags/steam_analytics.py
[2026-09-08T17:05:25.481+0000] {processor.py:840} INFO - DAG(s) 'steam_analytics_daily' retrieved from /opt/airflow/dags/steam_analytics.py
[2026-09-08T17:05:25.506+0000] {logging_mixin.py:188} INFO - [2026-09-08T17:05:25.506+0000] {dag.py:3089} INFO - Sync 1 DAGs
[2026-09-08T17:05:25.525+0000] {logging_mixin.py:188} INFO - [2026-09-08T17:05:25.525+0000] {dag.py:3947} INFO - Setting next_dagrun for steam_analytics_daily to 2026-09-08 02:00:00+00:00, run_after=2026-09-09 02:00:00+00:00
[2026-09-08T17:05:25.540+0000] {processor.py:183} INFO - Processing /opt/airflow/dags/steam_analytics.py took 0.196 seconds
[2026-09-08T17:05:55.670+0000] {processor.py:161} INFO - Started process (PID=2786) to work on /opt/airflow/dags/steam_analytics.py
[2026-09-08T17:05:55.671+0000] {processor.py:830} INFO - Processing file /opt/airflow/dags/steam_analytics.py for tasks to queue
[2026-09-08T17:05:55.671+0000] {logging_mixin.py:188} INFO - [2026-09-08T17:05:55.671+0000] {dagbag.py:545} INFO - Filling up the DagBag from /opt/airflow/dags/steam_analytics.py
[2026-09-08T17:05:55.802+0000] {processor.py:840} INFO - DAG(s) 'steam_analytics_daily' retrieved from /opt/airflow/dags/steam_analytics.py
[2026-09-08T17:05:55.828+0000] {logging_mixin.py:188} INFO - [2026-09-08T17:05:55.827+0000] {dag.py:3089} INFO - Sync 1 DAGs
[2026-09-08T17:05:55.846+0000] {logging_mixin.py:188} INFO - [2026-09-08T17:05:55.845+0000] {dag.py:3947} INFO - Setting next_dagrun for steam_analytics_daily to 2026-09-08 02:00:00+00:00, run_after=2026-09-09 02:00:00+00:00
[2026-09-08T17:05:55.862+0000] {processor.py:183} INFO - Processing /opt/airflow/dags/steam_analytics.py took 0.197 seconds
[2026-09-08T17:06:25.992+0000] {processor.py:161} INFO - Started process (PID=2801) to work on /opt/airflow/dags/steam_analytics.py
[2026-09-08T17:06:25.993+0000] {processor.py:830} INFO - Processing file /opt/airflow/dags/steam_analytics.py for tasks to queue
[2026-09-08T17:06:25.994+0000] {logging_mixin.py:188} INFO - [2026-09-08T17:06:25.994+0000] {dagbag.py:545} INFO - Filling up the DagBag from /opt/airflow/dags/steam_analytics.py
[2026-09-08T17:06:26.139+0000] {processor.py:840} INFO - DAG(s) 'steam_analytics_daily' retrieved from /opt/airflow/dags/steam_analytics.py
[2026-09-08T17:06:26.165+0000] {logging_mixin.py:188} INFO - [2026-09-08T17:06:26.165+0000] {dag.py:3089} INFO - Sync 1 DAGs
[2026-09-08T17:06:26.186+0000] {logging_mixin.py:188} INFO - [2026-09-08T17:06:26.186+0000] {dag.py:3947} INFO - Setting next_dagrun for steam_analytics_daily to 2026-09-08 02:00:00+00:00, run_after=2026-09-09 02:00:00+00:00
[2026-09-08T17:06:26.203+0000] {processor.py:183} INFO - Processing /opt/airflow/dags/steam_analytics.py took 0.215 seconds
[2026-09-08T17:06:56.330+0000] {processor.py:161} INFO - Started process (PID=2806) to work on /opt/airflow/dags/steam_analytics.py
[2026-09-08T17:06:56.331+0000] {processor.py:830} INFO - Processing file /opt/airflow/dags/steam_analytics.py for tasks to queue
[2026-09-08T17:06:56.331+0000] {logging_mixin.py:188} INFO - [2026-09-08T17:06:56.331+0000] {dagbag.py:545} INFO - Filling up the DagBag from /opt/airflow/dags/steam_analytics.py
[2026-09-08T17:06:56.467+0000] {processor.py:840} INFO - DAG(s) 'steam_analytics_daily' retrieved from /opt/airflow/dags/steam_analytics.py
[2026-09-08T17:06:56.495+0000] {logging_mixin.py:188} INFO - [2026-09-08T17:06:56.495+0000] {dag.py:3089} INFO - Sync 1 DAGs
[2026-09-08T17:06:56.515+0000] {logging_mixin.py:188} INFO - [2026-09-08T17:06:56.515+0000] {dag.py:3947} INFO - Setting next_dagrun for steam_analytics_daily to 2026-09-08 02:00:00+00:00, run_after=2026-09-09 02:00:00+00:00
[2026-09-08T17:06:56.531+0000] {processor.py:183} INFO - Processing /opt/airflow/dags/steam_analytics.py took 0.206 seconds
[2026-09-08T17:07:26.659+0000] {processor.py:161} INFO - Started process (PID=2811) to work on /opt/airflow/dags/steam_analytics.py
[2026-09-08T17:07:26.660+0000] {processor.py:830} INFO - Processing file /opt/airflow/dags/steam_analytics.py for tasks to queue
[2026-09-08T17:07:26.660+0000] {logging_mixin.py:188} INFO - [2026-09-08T17:07:26.660+0000] {dagbag.py:545} INFO - Filling up the DagBag from /opt/airflow/dags/steam_analytics.py
[2026-09-08T17:07:26.798+0000] {processor.py:840} INFO - DAG(s) 'steam_analytics_daily' retrieved from /opt/airflow/dags/steam_analytics.py
[2026-09-08T17:07:26.825+0000] {logging_mixin.py:188} INFO - [2026-09-08T17:07:26.824+0000] {dag.py:3089} INFO - Sync 1 DAGs
[2026-09-08T17:07:26.844+0000] {logging_mixin.py:188} INFO - [2026-09-08T17:07:26.844+0000] {dag.py:3947} INFO - Setting next_dagrun for steam_analytics_daily to 2026-09-08 02:00:00+00:00, run_after=2026-09-09 02:00:00+00:00
[2026-09-08T17:07:26.859+0000] {processor.py:183} INFO - Processing /opt/airflow/dags/steam_analytics.py took 0.205 seconds
[2026-09-08T17:07:57.004+0000] {processor.py:161} INFO - Started process (PID=2816) to work on /opt/airflow/dags/steam_analytics.py
[2026-09-08T17:07:57.005+0000] {processor.py:830} INFO - Processing file /opt/airflow/dags/steam_analytics.py for tasks to queue
[2026-09-08T17:07:57.006+0000] {logging_mixin.py:188} INFO - [2026-09-08T17:07:57.006+0000] {dagbag.py:545} INFO - Filling up the DagBag from /opt/airflow/dags/steam_analytics.py
[2026-09-08T17:07:57.161+0000] {processor.py:840} INFO - DAG(s) 'steam_analytics_daily' retrieved from /opt/airflow/dags/steam_analytics.py
[2026-09-08T17:07:57.196+0000] {logging_mixin.py:188} INFO - [2026-09-08T17:07:57.195+0000] {dag.py:3089} INFO - Sync 1 DAGs
[2026-09-08T17:07:57.219+0000] {logging_mixin.py:188} INFO - [2026-09-08T17:07:57.219+0000] {dag.py:3947} INFO - Setting next_dagrun for steam_analytics_daily to 2026-09-08 02:00:00+00:00, run_after=2026-09-09 02:00:00+00:00
[2026-09-08T17:07:57.244+0000] {processor.py:183} INFO - Processing /opt/airflow/dags/steam_analytics.py took 0.245 seconds
[2026-09-08T17:08:27.379+0000] {processor.py:161} INFO - Started process (PID=2821) to work on /opt/airflow/dags/steam_analytics.py
[2026-09-08T17:08:27.380+0000] {processor.py:830} INFO - Processing file /opt/airflow/dags/steam_analytics.py for tasks to queue
[2026-09-08T17:08:27.381+0000] {logging_mixin.py:188} INFO - [2026-09-08T17:08:27.381+0000] {dagbag.py:545} INFO - Filling up the DagBag from /opt/airflow/dags/steam_analytics.py
[2026-09-08T17:08:27.524+0000] {processor.py:840} INFO - DAG(s) 'steam_analytics_daily' retrieved from /opt/airflow/dags/steam_analytics.py
[2026-09-08T17:08:27.550+0000] {logging_mixin.py:188} INFO - [2026-09-08T17:08:27.550+0000] {dag.py:3089} INFO - Sync 1 DAGs
[2026-09-08T17:08:27.571+0000] {logging_mixin.py:188} INFO - [2026-09-08T17:08:27.570+0000] {dag.py:3947} INFO - Setting next_dagrun for steam_analytics_daily to 2026-09-08 02:00:00+00:00, run_after=2026-09-09 02:00:00+00:00
[2026-09-08T17:08:27.588+0000] {processor.py:183} INFO - Processing /opt/airflow/dags/steam_analytics.py took 0.213 seconds
[2026-09-08T17:08:57.735+0000] {processor.py:161} INFO - Started process (PID=2826) to work on /opt/airflow/dags/steam_analytics.py
[2026-09-08T17:08:57.736+0000] {processor.py:830} INFO - Processing file /opt/airflow/dags/steam_analytics.py for tasks to queue
[2026-09-08T17:08:57.737+0000] {logging_mixin.py:188} INFO - [2026-09-08T17:08:57.737+0000] {dagbag.py:545} INFO - Filling up the DagBag from /opt/airflow/dags/steam_analytics.py
[2026-09-08T17:08:57.886+0000] {processor.py:840} INFO - DAG(s) 'steam_analytics_daily' retrieved from /opt/airflow/dags/steam_analytics.py
[2026-09-08T17:08:57.917+0000] {logging_mixin.py:188} INFO - [2026-09-08T17:08:57.917+0000] {dag.py:3089} INFO - Sync 1 DAGs
[2026-09-08T17:08:57.941+0000] {logging_mixin.py:188} INFO - [2026-09-08T17:08:57.941+0000] {dag.py:3947} INFO - Setting next_dagrun for steam_analytics_daily to 2026-09-08 02:00:00+00:00, run_after=2026-09-09 02:00:00+00:00
[2026-09-08T17:08:57.962+0000] {processor.py:183} INFO - Processing /opt/airflow/dags/steam_analytics.py took 0.231 seconds
[2026-09-08T17:09:28.093+0000] {processor.py:161} INFO - Started process (PID=2831) to work on /opt/airflow/dags/steam_analytics.py
[2026-09-08T17:09:28.094+0000] {processor.py:830} INFO - Processing file /opt/airflow/dags/steam_analytics.py for tasks to queue
[2026-09-08T17:09:28.096+0000] {logging_mixin.py:188} INFO - [2026-09-08T17:09:28.095+0000] {dagbag.py:545} INFO - Filling up the DagBag from /opt/airflow/dags/steam_analytics.py
[2026-09-08T17:09:28.229+0000] {processor.py:840} INFO - DAG(s) 'steam_analytics_daily' retrieved from /opt/airflow/dags/steam_analytics.py
[2026-09-08T17:09:28.263+0000] {logging_mixin.py:188} INFO - [2026-09-08T17:09:28.263+0000] {dag.py:3089} INFO - Sync 1 DAGs
[2026-09-08T17:09:28.291+0000] {logging_mixin.py:188} INFO - [2026-09-08T17:09:28.291+0000] {dag.py:3947} INFO - Setting next_dagrun for steam_analytics_daily to 2026-09-08 02:00:00+00:00, run_after=2026-09-09 02:00:00+00:00
[2026-09-08T17:09:28.307+0000] {processor.py:183} INFO - Processing /opt/airflow/dags/steam_analytics.py took 0.218 seconds
[2026-09-08T17:09:58.446+0000] {processor.py:161} INFO - Started process (PID=2836) to work on /opt/airflow/dags/steam_analytics.py
[2026-09-08T17:09:58.447+0000] {processor.py:830} INFO - Processing file /opt/airflow/dags/steam_analytics.py for tasks to queue
[2026-09-08T17:09:58.448+0000] {logging_mixin.py:188} INFO - [2026-09-08T17:09:58.448+0000] {dagbag.py:545} INFO - Filling up the DagBag from /opt/airflow/dags/steam_analytics.py
[2026-09-08T17:09:58.608+0000] {processor.py:840} INFO - DAG(s) 'steam_analytics_daily' retrieved from /opt/airflow/dags/steam_analytics.py
[2026-09-08T17:09:58.641+0000] {logging_mixin.py:188} INFO - [2026-09-08T17:09:58.640+0000] {dag.py:3089} INFO - Sync 1 DAGs
[2026-09-08T17:09:58.665+0000] {logging_mixin.py:188} INFO - [2026-09-08T17:09:58.665+0000] {dag.py:3947} INFO - Setting next_dagrun for steam_analytics_daily to 2026-09-08 02:00:00+00:00, run_after=2026-09-09 02:00:00+00:00
[2026-09-08T17:09:58.685+0000] {processor.py:183} INFO - Processing /opt/airflow/dags/steam_analytics.py took 0.244 seconds
[2026-09-08T17:10:28.835+0000] {processor.py:161} INFO - Started process (PID=2841) to work on /opt/airflow/dags/steam_analytics.py
[2026-09-08T17:10:28.836+0000] {processor.py:830} INFO - Processing file /opt/airflow/dags/steam_analytics.py for tasks to queue
[2026-09-08T17:10:28.837+0000] {logging_mixin.py:188} INFO - [2026-09-08T17:10:28.837+0000] {dagbag.py:545} INFO - Filling up the DagBag from /opt/airflow/dags/steam_analytics.py
[2026-09-08T17:10:28.993+0000] {processor.py:840} INFO - DAG(s) 'steam_analytics_daily' retrieved from /opt/airflow/dags/steam_analytics.py
[2026-09-08T17:10:29.023+0000] {logging_mixin.py:188} INFO - [2026-09-08T17:10:29.023+0000] {dag.py:3089} INFO - Sync 1 DAGs
[2026-09-08T17:10:29.050+0000] {logging_mixin.py:188} INFO - [2026-09-08T17:10:29.050+0000] {dag.py:3947} INFO - Setting next_dagrun for steam_analytics_daily to 2026-09-08 02:00:00+00:00, run_after=2026-09-09 02:00:00+00:00
[2026-09-08T17:10:29.076+0000] {processor.py:183} INFO - Processing /opt/airflow/dags/steam_analytics.py took 0.247 seconds
[2026-09-08T17:10:59.219+0000] {processor.py:161} INFO - Started process (PID=2846) to work on /opt/airflow/dags/steam_analytics.py
[2026-09-08T17:10:59.220+0000] {processor.py:830} INFO - Processing file /opt/airflow/dags/steam_analytics.py for tasks to queue
[2026-09-08T17:10:59.221+0000] {logging_mixin.py:188} INFO - [2026-09-08T17:10:59.221+0000] {dagbag.py:545} INFO - Filling up the DagBag from /opt/airflow/dags/steam_analytics.py
[2026-09-08T17:10:59.369+0000] {processor.py:840} INFO - DAG(s) 'steam_analytics_daily' retrieved from /opt/airflow/dags/steam_analytics.py
[2026-09-08T17:10:59.397+0000] {logging_mixin.py:188} INFO - [2026-09-08T17:10:59.397+0000] {dag.py:3089} INFO - Sync 1 DAGs
[2026-09-08T17:10:59.419+0000] {logging_mixin.py:188} INFO - [2026-09-08T17:10:59.419+0000] {dag.py:3947} INFO - Setting next_dagrun for steam_analytics_daily to 2026-09-08 02:00:00+00:00, run_after=2026-09-09 02:00:00+00:00
[2026-09-08T17:10:59.440+0000] {processor.py:183} INFO - Processing /opt/airflow/dags/steam_analytics.py took 0.226 seconds
[2026-09-08T17:11:29.587+0000] {processor.py:161} INFO - Started process (PID=2851) to work on /opt/airflow/dags/steam_analytics.py
[2026-09-08T17:11:29.587+0000] {processor.py:830} INFO - Processing file /opt/airflow/dags/steam_analytics.py for tasks to queue
[2026-09-08T17:11:29.588+0000] {logging_mixin.py:188} INFO - [2026-09-08T17:11:29.588+0000] {dagbag.py:545} INFO - Filling up the DagBag from /opt/airflow/dags/steam_analytics.py
[2026-09-08T17:11:29.724+0000] {processor.py:840} INFO - DAG(s) 'steam_analytics_daily' retrieved from /opt/airflow/dags/steam_analytics.py
[2026-09-08T17:11:29.751+0000] {logging_mixin.py:188} INFO - [2026-09-08T17:11:29.751+0000] {dag.py:3089} INFO - Sync 1 DAGs
[2026-09-08T17:11:29.773+0000] {logging_mixin.py:188} INFO - [2026-09-08T17:11:29.773+0000] {dag.py:3947} INFO - Setting next_dagrun for steam_analytics_daily to 2026-09-08 02:00:00+00:00, run_after=2026-09-09 02:00:00+00:00
[2026-09-08T17:11:29.791+0000] {processor.py:183} INFO - Processing /opt/airflow/dags/steam_analytics.py took 0.210 seconds
[2026-09-08T17:11:59.934+0000] {processor.py:161} INFO - Started process (PID=2856) to work on /opt/airflow/dags/steam_analytics.py
[2026-09-08T17:11:59.934+0000] {processor.py:830} INFO - Processing file /opt/airflow/dags/steam_analytics.py for tasks to queue
[2026-09-08T17:11:59.935+0000] {logging_mixin.py:188} INFO - [2026-09-08T17:11:59.935+0000] {dagbag.py:545} INFO - Filling up the DagBag from /opt/airflow/dags/steam_analytics.py
[2026-09-08T17:12:00.082+0000] {processor.py:840} INFO - DAG(s) 'steam_analytics_daily' retrieved from /opt/airflow/dags/steam_analytics.py
[2026-09-08T17:12:00.110+0000] {logging_mixin.py:188} INFO - [2026-09-08T17:12:00.110+0000] {dag.py:3089} INFO - Sync 1 DAGs
[2026-09-08T17:12:00.130+0000] {logging_mixin.py:188} INFO - [2026-09-08T17:12:00.130+0000] {dag.py:3947} INFO - Setting next_dagrun for steam_analytics_daily to 2026-09-08 02:00:00+00:00, run_after=2026-09-09 02:00:00+00:00
[2026-09-08T17:12:00.148+0000] {processor.py:183} INFO - Processing /opt/airflow/dags/steam_analytics.py took 0.219 seconds
[2026-09-08T17:12:30.275+0000] {processor.py:161} INFO - Started process (PID=2861) to work on /opt/airflow/dags/steam_analytics.py
[2026-09-08T17:12:30.276+0000] {processor.py:830} INFO - Processing file /opt/airflow/dags/steam_analytics.py for tasks to queue
[2026-09-08T17:12:30.276+0000] {logging_mixin.py:188} INFO - [2026-09-08T17:12:30.276+0000] {dagbag.py:545} INFO - Filling up the DagBag from /opt/airflow/dags/steam_analytics.py
[2026-09-08T17:12:30.421+0000] {processor.py:840} INFO - DAG(s) 'steam_analytics_daily' retrieved from /opt/airflow/dags/steam_analytics.py
[2026-09-08T17:12:30.448+0000] {logging_mixin.py:188} INFO - [2026-09-08T17:12:30.448+0000] {dag.py:3089} INFO - Sync 1 DAGs
[2026-09-08T17:12:30.473+0000] {logging_mixin.py:188} INFO - [2026-09-08T17:12:30.472+0000] {dag.py:3947} INFO - Setting next_dagrun for steam_analytics_daily to 2026-09-08 02:00:00+00:00, run_after=2026-09-09 02:00:00+00:00
[2026-09-08T17:12:30.489+0000] {processor.py:183} INFO - Processing /opt/airflow/dags/steam_analytics.py took 0.220 seconds
[2026-09-08T17:13:00.625+0000] {processor.py:161} INFO - Started process (PID=2866) to work on /opt/airflow/dags/steam_analytics.py
[2026-09-08T17:13:00.625+0000] {processor.py:830} INFO - Processing file /opt/airflow/dags/steam_analytics.py for tasks to queue
[2026-09-08T17:13:00.626+0000] {logging_mixin.py:188} INFO - [2026-09-08T17:13:00.626+0000] {dagbag.py:545} INFO - Filling up the DagBag from /opt/airflow/dags/steam_analytics.py
[2026-09-08T17:13:00.769+0000] {processor.py:840} INFO - DAG(s) 'steam_analytics_daily' retrieved from /opt/airflow/dags/steam_analytics.py
[2026-09-08T17:13:00.796+0000] {logging_mixin.py:188} INFO - [2026-09-08T17:13:00.796+0000] {dag.py:3089} INFO - Sync 1 DAGs
[2026-09-08T17:13:00.817+0000] {logging_mixin.py:188} INFO - [2026-09-08T17:13:00.817+0000] {dag.py:3947} INFO - Setting next_dagrun for steam_analytics_daily to 2026-09-08 02:00:00+00:00, run_after=2026-09-09 02:00:00+00:00
[2026-09-08T17:13:00.839+0000] {processor.py:183} INFO - Processing /opt/airflow/dags/steam_analytics.py took 0.219 seconds
[2026-09-08T17:13:30.992+0000] {processor.py:161} INFO - Started process (PID=2871) to work on /opt/airflow/dags/steam_analytics.py
[2026-09-08T17:13:30.993+0000] {processor.py:830} INFO - Processing file /opt/airflow/dags/steam_analytics.py for tasks to queue
[2026-09-08T17:13:30.994+0000] {logging_mixin.py:188} INFO - [2026-09-08T17:13:30.993+0000] {dagbag.py:545} INFO - Filling up the DagBag from /opt/airflow/dags/steam_analytics.py
[2026-09-08T17:13:31.132+0000] {processor.py:840} INFO - DAG(s) 'steam_analytics_daily' retrieved from /opt/airflow/dags/steam_analytics.py
[2026-09-08T17:13:31.158+0000] {logging_mixin.py:188} INFO - [2026-09-08T17:13:31.157+0000] {dag.py:3089} INFO - Sync 1 DAGs
[2026-09-08T17:13:31.177+0000] {logging_mixin.py:188} INFO - [2026-09-08T17:13:31.177+0000] {dag.py:3947} INFO - Setting next_dagrun for steam_analytics_daily to 2026-09-08 02:00:00+00:00, run_after=2026-09-09 02:00:00+00:00
[2026-09-08T17:13:31.193+0000] {processor.py:183} INFO - Processing /opt/airflow/dags/steam_analytics.py took 0.206 seconds
[2026-09-08T17:14:01.325+0000] {processor.py:161} INFO - Started process (PID=2876) to work on /opt/airflow/dags/steam_analytics.py
[2026-09-08T17:14:01.326+0000] {processor.py:830} INFO - Processing file /opt/airflow/dags/steam_analytics.py for tasks to queue
[2026-09-08T17:14:01.327+0000] {logging_mixin.py:188} INFO - [2026-09-08T17:14:01.327+0000] {dagbag.py:545} INFO - Filling up the DagBag from /opt/airflow/dags/steam_analytics.py
[2026-09-08T17:14:01.472+0000] {processor.py:840} INFO - DAG(s) 'steam_analytics_daily' retrieved from /opt/airflow/dags/steam_analytics.py
[2026-09-08T17:14:01.502+0000] {logging_mixin.py:188} INFO - [2026-09-08T17:14:01.502+0000] {dag.py:3089} INFO - Sync 1 DAGs
[2026-09-08T17:14:01.524+0000] {logging_mixin.py:188} INFO - [2026-09-08T17:14:01.523+0000] {dag.py:3947} INFO - Setting next_dagrun for steam_analytics_daily to 2026-09-08 02:00:00+00:00, run_after=2026-09-09 02:00:00+00:00
[2026-09-08T17:14:01.546+0000] {processor.py:183} INFO - Processing /opt/airflow/dags/steam_analytics.py took 0.225 seconds
[2026-09-08T17:14:31.677+0000] {processor.py:161} INFO - Started process (PID=2881) to work on /opt/airflow/dags/steam_analytics.py
[2026-09-08T17:14:31.677+0000] {processor.py:830} INFO - Processing file /opt/airflow/dags/steam_analytics.py for tasks to queue
[2026-09-08T17:14:31.678+0000] {logging_mixin.py:188} INFO - [2026-09-08T17:14:31.678+0000] {dagbag.py:545} INFO - Filling up the DagBag from /opt/airflow/dags/steam_analytics.py
[2026-09-08T17:14:31.816+0000] {processor.py:840} INFO - DAG(s) 'steam_analytics_daily' retrieved from /opt/airflow/dags/steam_analytics.py
[2026-09-08T17:14:31.844+0000] {logging_mixin.py:188} INFO - [2026-09-08T17:14:31.844+0000] {dag.py:3089} INFO - Sync 1 DAGs
[2026-09-08T17:14:31.863+0000] {logging_mixin.py:188} INFO - [2026-09-08T17:14:31.863+0000] {dag.py:3947} INFO - Setting next_dagrun for steam_analytics_daily to 2026-09-08 02:00:00+00:00, run_after=2026-09-09 02:00:00+00:00
[2026-09-08T17:14:31.880+0000] {processor.py:183} INFO - Processing /opt/airflow/dags/steam_analytics.py took 0.208 seconds
[2026-09-08T17:15:02.021+0000] {processor.py:161} INFO - Started process (PID=2886) to work on /opt/airflow/dags/steam_analytics.py
[2026-09-08T17:15:02.022+0000] {processor.py:830} INFO - Processing file /opt/airflow/dags/steam_analytics.py for tasks to queue
[2026-09-08T17:15:02.023+0000] {logging_mixin.py:188} INFO - [2026-09-08T17:15:02.022+0000] {dagbag.py:545} INFO - Filling up the DagBag from /opt/airflow/dags/steam_analytics.py
[2026-09-08T17:15:02.153+0000] {processor.py:840} INFO - DAG(s) 'steam_analytics_daily' retrieved from /opt/airflow/dags/steam_analytics.py
[2026-09-08T17:15:02.178+0000] {logging_mixin.py:188} INFO - [2026-09-08T17:15:02.178+0000] {dag.py:3089} INFO - Sync 1 DAGs
[2026-09-08T17:15:02.197+0000] {logging_mixin.py:188} INFO - [2026-09-08T17:15:02.197+0000] {dag.py:3947} INFO - Setting next_dagrun for steam_analytics_daily to 2026-09-08 02:00:00+00:00, run_after=2026-09-09 02:00:00+00:00
[2026-09-08T17:15:02.212+0000] {processor.py:183} INFO - Processing /opt/airflow/dags/steam_analytics.py took 0.196 seconds
[2026-09-08T17:15:32.341+0000] {processor.py:161} INFO - Started process (PID=2891) to work on /opt/airflow/dags/steam_analytics.py
[2026-09-08T17:15:32.341+0000] {processor.py:830} INFO - Processing file /opt/airflow/dags/steam_analytics.py for tasks to queue
[2026-09-08T17:15:32.342+0000] {logging_mixin.py:188} INFO - [2026-09-08T17:15:32.342+0000] {dagbag.py:545} INFO - Filling up the DagBag from /opt/airflow/dags/steam_analytics.py
[2026-09-08T17:15:32.481+0000] {processor.py:840} INFO - DAG(s) 'steam_analytics_daily' retrieved from /opt/airflow/dags/steam_analytics.py
[2026-09-08T17:15:32.507+0000] {logging_mixin.py:188} INFO - [2026-09-08T17:15:32.507+0000] {dag.py:3089} INFO - Sync 1 DAGs
[2026-09-08T17:15:32.527+0000] {logging_mixin.py:188} INFO - [2026-09-08T17:15:32.527+0000] {dag.py:3947} INFO - Setting next_dagrun for steam_analytics_daily to 2026-09-08 02:00:00+00:00, run_after=2026-09-09 02:00:00+00:00
[2026-09-08T17:15:32.542+0000] {processor.py:183} INFO - Processing /opt/airflow/dags/steam_analytics.py took 0.206 seconds
[2026-09-08T17:16:02.671+0000] {processor.py:161} INFO - Started process (PID=2896) to work on /opt/airflow/dags/steam_analytics.py
[2026-09-08T17:16:02.672+0000] {processor.py:830} INFO - Processing file /opt/airflow/dags/steam_analytics.py for tasks to queue
[2026-09-08T17:16:02.673+0000] {logging_mixin.py:188} INFO - [2026-09-08T17:16:02.672+0000] {dagbag.py:545} INFO - Filling up the DagBag from /opt/airflow/dags/steam_analytics.py
[2026-09-08T17:16:02.826+0000] {processor.py:840} INFO - DAG(s) 'steam_analytics_daily' retrieved from /opt/airflow/dags/steam_analytics.py
[2026-09-08T17:16:02.852+0000] {logging_mixin.py:188} INFO - [2026-09-08T17:16:02.852+0000] {dag.py:3089} INFO - Sync 1 DAGs
[2026-09-08T17:16:02.871+0000] {logging_mixin.py:188} INFO - [2026-09-08T17:16:02.871+0000] {dag.py:3947} INFO - Setting next_dagrun for steam_analytics_daily to 2026-09-08 02:00:00+00:00, run_after=2026-09-09 02:00:00+00:00
[2026-09-08T17:16:02.888+0000] {processor.py:183} INFO - Processing /opt/airflow/dags/steam_analytics.py took 0.221 seconds
[2026-09-08T17:16:33.021+0000] {processor.py:161} INFO - Started process (PID=2901) to work on /opt/airflow/dags/steam_analytics.py
[2026-09-08T17:16:33.022+0000] {processor.py:830} INFO - Processing file /opt/airflow/dags/steam_analytics.py for tasks to queue
[2026-09-08T17:16:33.023+0000] {logging_mixin.py:188} INFO - [2026-09-08T17:16:33.023+0000] {dagbag.py:545} INFO - Filling up the DagBag from /opt/airflow/dags/steam_analytics.py
[2026-09-08T17:16:33.161+0000] {processor.py:840} INFO - DAG(s) 'steam_analytics_daily' retrieved from /opt/airflow/dags/steam_analytics.py
[2026-09-08T17:16:33.187+0000] {logging_mixin.py:188} INFO - [2026-09-08T17:16:33.187+0000] {dag.py:3089} INFO - Sync 1 DAGs
[2026-09-08T17:16:33.206+0000] {logging_mixin.py:188} INFO - [2026-09-08T17:16:33.206+0000] {dag.py:3947} INFO - Setting next_dagrun for steam_analytics_daily to 2026-09-08 02:00:00+00:00, run_after=2026-09-09 02:00:00+00:00
[2026-09-08T17:16:33.225+0000] {processor.py:183} INFO - Processing /opt/airflow/dags/steam_analytics.py took 0.209 seconds
[2026-09-08T17:17:03.368+0000] {processor.py:161} INFO - Started process (PID=2906) to work on /opt/airflow/dags/steam_analytics.py
[2026-09-08T17:17:03.369+0000] {processor.py:830} INFO - Processing file /opt/airflow/dags/steam_analytics.py for tasks to queue
[2026-09-08T17:17:03.370+0000] {logging_mixin.py:188} INFO - [2026-09-08T17:17:03.369+0000] {dagbag.py:545} INFO - Filling up the DagBag from /opt/airflow/dags/steam_analytics.py
[2026-09-08T17:17:03.513+0000] {processor.py:840} INFO - DAG(s) 'steam_analytics_daily' retrieved from /opt/airflow/dags/steam_analytics.py
[2026-09-08T17:17:03.539+0000] {logging_mixin.py:188} INFO - [2026-09-08T17:17:03.539+0000] {dag.py:3089} INFO - Sync 1 DAGs
[2026-09-08T17:17:03.558+0000] {logging_mixin.py:188} INFO - [2026-09-08T17:17:03.558+0000] {dag.py:3947} INFO - Setting next_dagrun for steam_analytics_daily to 2026-09-08 02:00:00+00:00, run_after=2026-09-09 02:00:00+00:00
[2026-09-08T17:17:03.575+0000] {processor.py:183} INFO - Processing /opt/airflow/dags/steam_analytics.py took 0.212 seconds
[2026-09-08T17:17:33.721+0000] {processor.py:161} INFO - Started process (PID=2911) to work on /opt/airflow/dags/steam_analytics.py
[2026-09-08T17:17:33.722+0000] {processor.py:830} INFO - Processing file /opt/airflow/dags/steam_analytics.py for tasks to queue
[2026-09-08T17:17:33.723+0000] {logging_mixin.py:188} INFO - [2026-09-08T17:17:33.723+0000] {dagbag.py:545} INFO - Filling up the DagBag from /opt/airflow/dags/steam_analytics.py
[2026-09-08T17:17:33.869+0000] {processor.py:840} INFO - DAG(s) 'steam_analytics_daily' retrieved from /opt/airflow/dags/steam_analytics.py
[2026-09-08T17:17:33.897+0000] {logging_mixin.py:188} INFO - [2026-09-08T17:17:33.897+0000] {dag.py:3089} INFO - Sync 1 DAGs
[2026-09-08T17:17:33.921+0000] {logging_mixin.py:188} INFO - [2026-09-08T17:17:33.921+0000] {dag.py:3947} INFO - Setting next_dagrun for steam_analytics_daily to 2026-09-08 02:00:00+00:00, run_after=2026-09-09 02:00:00+00:00
[2026-09-08T17:17:33.941+0000] {processor.py:183} INFO - Processing /opt/airflow/dags/steam_analytics.py took 0.224 seconds
[2026-09-08T17:18:04.080+0000] {processor.py:161} INFO - Started process (PID=2916) to work on /opt/airflow/dags/steam_analytics.py
[2026-09-08T17:18:04.081+0000] {processor.py:830} INFO - Processing file /opt/airflow/dags/steam_analytics.py for tasks to queue
[2026-09-08T17:18:04.082+0000] {logging_mixin.py:188} INFO - [2026-09-08T17:18:04.082+0000] {dagbag.py:545} INFO - Filling up the DagBag from /opt/airflow/dags/steam_analytics.py
[2026-09-08T17:18:04.239+0000] {processor.py:840} INFO - DAG(s) 'steam_analytics_daily' retrieved from /opt/airflow/dags/steam_analytics.py
[2026-09-08T17:18:04.267+0000] {logging_mixin.py:188} INFO - [2026-09-08T17:18:04.267+0000] {dag.py:3089} INFO - Sync 1 DAGs
[2026-09-08T17:18:04.287+0000] {logging_mixin.py:188} INFO - [2026-09-08T17:18:04.287+0000] {dag.py:3947} INFO - Setting next_dagrun for steam_analytics_daily to 2026-09-08 02:00:00+00:00, run_after=2026-09-09 02:00:00+00:00
[2026-09-08T17:18:04.304+0000] {processor.py:183} INFO - Processing /opt/airflow/dags/steam_analytics.py took 0.229 seconds
[2026-09-08T17:18:34.443+0000] {processor.py:161} INFO - Started process (PID=2921) to work on /opt/airflow/dags/steam_analytics.py
[2026-09-08T17:18:34.444+0000] {processor.py:830} INFO - Processing file /opt/airflow/dags/steam_analytics.py for tasks to queue
[2026-09-08T17:18:34.445+0000] {logging_mixin.py:188} INFO - [2026-09-08T17:18:34.445+0000] {dagbag.py:545} INFO - Filling up the DagBag from /opt/airflow/dags/steam_analytics.py
[2026-09-08T17:18:34.581+0000] {processor.py:840} INFO - DAG(s) 'steam_analytics_daily' retrieved from /opt/airflow/dags/steam_analytics.py
[2026-09-08T17:18:34.607+0000] {logging_mixin.py:188} INFO - [2026-09-08T17:18:34.607+0000] {dag.py:3089} INFO - Sync 1 DAGs
[2026-09-08T17:18:34.626+0000] {logging_mixin.py:188} INFO - [2026-09-08T17:18:34.626+0000] {dag.py:3947} INFO - Setting next_dagrun for steam_analytics_daily to 2026-09-08 02:00:00+00:00, run_after=2026-09-09 02:00:00+00:00
[2026-09-08T17:18:34.642+0000] {processor.py:183} INFO - Processing /opt/airflow/dags/steam_analytics.py took 0.204 seconds
[2026-09-08T17:19:04.777+0000] {processor.py:161} INFO - Started process (PID=2926) to work on /opt/airflow/dags/steam_analytics.py
[2026-09-08T17:19:04.778+0000] {processor.py:830} INFO - Processing file /opt/airflow/dags/steam_analytics.py for tasks to queue
[2026-09-08T17:19:04.779+0000] {logging_mixin.py:188} INFO - [2026-09-08T17:19:04.778+0000] {dagbag.py:545} INFO - Filling up the DagBag from /opt/airflow/dags/steam_analytics.py
[2026-09-08T17:19:04.950+0000] {processor.py:840} INFO - DAG(s) 'steam_analytics_daily' retrieved from /opt/airflow/dags/steam_analytics.py
[2026-09-08T17:19:04.984+0000] {logging_mixin.py:188} INFO - [2026-09-08T17:19:04.984+0000] {dag.py:3089} INFO - Sync 1 DAGs
[2026-09-08T17:19:05.007+0000] {logging_mixin.py:188} INFO - [2026-09-08T17:19:05.007+0000] {dag.py:3947} INFO - Setting next_dagrun for steam_analytics_daily to 2026-09-08 02:00:00+00:00, run_after=2026-09-09 02:00:00+00:00
[2026-09-08T17:19:05.027+0000] {processor.py:183} INFO - Processing /opt/airflow/dags/steam_analytics.py took 0.255 seconds
[2026-09-08T17:19:35.166+0000] {processor.py:161} INFO - Started process (PID=2931) to work on /opt/airflow/dags/steam_analytics.py
[2026-09-08T17:19:35.167+0000] {processor.py:830} INFO - Processing file /opt/airflow/dags/steam_analytics.py for tasks to queue
[2026-09-08T17:19:35.168+0000] {logging_mixin.py:188} INFO - [2026-09-08T17:19:35.167+0000] {dagbag.py:545} INFO - Filling up the DagBag from /opt/airflow/dags/steam_analytics.py
[2026-09-08T17:19:35.311+0000] {processor.py:840} INFO - DAG(s) 'steam_analytics_daily' retrieved from /opt/airflow/dags/steam_analytics.py
[2026-09-08T17:19:35.340+0000] {logging_mixin.py:188} INFO - [2026-09-08T17:19:35.339+0000] {dag.py:3089} INFO - Sync 1 DAGs
[2026-09-08T17:19:35.360+0000] {logging_mixin.py:188} INFO - [2026-09-08T17:19:35.360+0000] {dag.py:3947} INFO - Setting next_dagrun for steam_analytics_daily to 2026-09-08 02:00:00+00:00, run_after=2026-09-09 02:00:00+00:00
[2026-09-08T17:19:35.376+0000] {processor.py:183} INFO - Processing /opt/airflow/dags/steam_analytics.py took 0.215 seconds
[2026-09-08T17:20:05.512+0000] {processor.py:161} INFO - Started process (PID=2936) to work on /opt/airflow/dags/steam_analytics.py
[2026-09-08T17:20:05.513+0000] {processor.py:830} INFO - Processing file /opt/airflow/dags/steam_analytics.py for tasks to queue
[2026-09-08T17:20:05.514+0000] {logging_mixin.py:188} INFO - [2026-09-08T17:20:05.514+0000] {dagbag.py:545} INFO - Filling up the DagBag from /opt/airflow/dags/steam_analytics.py
[2026-09-08T17:20:05.666+0000] {processor.py:840} INFO - DAG(s) 'steam_analytics_daily' retrieved from /opt/airflow/dags/steam_analytics.py
[2026-09-08T17:20:05.696+0000] {logging_mixin.py:188} INFO - [2026-09-08T17:20:05.696+0000] {dag.py:3089} INFO - Sync 1 DAGs
[2026-09-08T17:20:05.732+0000] {logging_mixin.py:188} INFO - [2026-09-08T17:20:05.731+0000] {dag.py:3947} INFO - Setting next_dagrun for steam_analytics_daily to 2026-09-08 02:00:00+00:00, run_after=2026-09-09 02:00:00+00:00
[2026-09-08T17:20:05.759+0000] {processor.py:183} INFO - Processing /opt/airflow/dags/steam_analytics.py took 0.252 seconds
[2026-09-08T17:20:35.895+0000] {processor.py:161} INFO - Started process (PID=2941) to work on /opt/airflow/dags/steam_analytics.py
[2026-09-08T17:20:35.896+0000] {processor.py:830} INFO - Processing file /opt/airflow/dags/steam_analytics.py for tasks to queue
[2026-09-08T17:20:35.897+0000] {logging_mixin.py:188} INFO - [2026-09-08T17:20:35.897+0000] {dagbag.py:545} INFO - Filling up the DagBag from /opt/airflow/dags/steam_analytics.py
[2026-09-08T17:20:36.033+0000] {processor.py:840} INFO - DAG(s) 'steam_analytics_daily' retrieved from /opt/airflow/dags/steam_analytics.py
[2026-09-08T17:20:36.061+0000] {logging_mixin.py:188} INFO - [2026-09-08T17:20:36.061+0000] {dag.py:3089} INFO - Sync 1 DAGs
[2026-09-08T17:20:36.081+0000] {logging_mixin.py:188} INFO - [2026-09-08T17:20:36.081+0000] {dag.py:3947} INFO - Setting next_dagrun for steam_analytics_daily to 2026-09-08 02:00:00+00:00, run_after=2026-09-09 02:00:00+00:00
[2026-09-08T17:20:36.099+0000] {processor.py:183} INFO - Processing /opt/airflow/dags/steam_analytics.py took 0.209 seconds
[2026-09-08T17:21:06.233+0000] {processor.py:161} INFO - Started process (PID=2946) to work on /opt/airflow/dags/steam_analytics.py
[2026-09-08T17:21:06.234+0000] {processor.py:830} INFO - Processing file /opt/airflow/dags/steam_analytics.py for tasks to queue
[2026-09-08T17:21:06.235+0000] {logging_mixin.py:188} INFO - [2026-09-08T17:21:06.235+0000] {dagbag.py:545} INFO - Filling up the DagBag from /opt/airflow/dags/steam_analytics.py
[2026-09-08T17:21:06.379+0000] {processor.py:840} INFO - DAG(s) 'steam_analytics_daily' retrieved from /opt/airflow/dags/steam_analytics.py
[2026-09-08T17:21:06.409+0000] {logging_mixin.py:188} INFO - [2026-09-08T17:21:06.409+0000] {dag.py:3089} INFO - Sync 1 DAGs
[2026-09-08T17:21:06.430+0000] {logging_mixin.py:188} INFO - [2026-09-08T17:21:06.430+0000] {dag.py:3947} INFO - Setting next_dagrun for steam_analytics_daily to 2026-09-08 02:00:00+00:00, run_after=2026-09-09 02:00:00+00:00
[2026-09-08T17:21:06.448+0000] {processor.py:183} INFO - Processing /opt/airflow/dags/steam_analytics.py took 0.220 seconds
[2026-09-08T17:21:36.579+0000] {processor.py:161} INFO - Started process (PID=2951) to work on /opt/airflow/dags/steam_analytics.py
[2026-09-08T17:21:36.579+0000] {processor.py:830} INFO - Processing file /opt/airflow/dags/steam_analytics.py for tasks to queue
[2026-09-08T17:21:36.580+0000] {logging_mixin.py:188} INFO - [2026-09-08T17:21:36.580+0000] {dagbag.py:545} INFO - Filling up the DagBag from /opt/airflow/dags/steam_analytics.py
[2026-09-08T17:21:36.729+0000] {processor.py:840} INFO - DAG(s) 'steam_analytics_daily' retrieved from /opt/airflow/dags/steam_analytics.py
[2026-09-08T17:21:36.756+0000] {logging_mixin.py:188} INFO - [2026-09-08T17:21:36.755+0000] {dag.py:3089} INFO - Sync 1 DAGs
[2026-09-08T17:21:36.775+0000] {logging_mixin.py:188} INFO - [2026-09-08T17:21:36.775+0000] {dag.py:3947} INFO - Setting next_dagrun for steam_analytics_daily to 2026-09-08 02:00:00+00:00, run_after=2026-09-09 02:00:00+00:00
[2026-09-08T17:21:36.792+0000] {processor.py:183} INFO - Processing /opt/airflow/dags/steam_analytics.py took 0.218 seconds
[2026-09-08T17:22:06.929+0000] {processor.py:161} INFO - Started process (PID=2956) to work on /opt/airflow/dags/steam_analytics.py
[2026-09-08T17:22:06.930+0000] {processor.py:830} INFO - Processing file /opt/airflow/dags/steam_analytics.py for tasks to queue
[2026-09-08T17:22:06.932+0000] {logging_mixin.py:188} INFO - [2026-09-08T17:22:06.932+0000] {dagbag.py:545} INFO - Filling up the DagBag from /opt/airflow/dags/steam_analytics.py
[2026-09-08T17:22:07.074+0000] {processor.py:840} INFO - DAG(s) 'steam_analytics_daily' retrieved from /opt/airflow/dags/steam_analytics.py
[2026-09-08T17:22:07.100+0000] {logging_mixin.py:188} INFO - [2026-09-08T17:22:07.100+0000] {dag.py:3089} INFO - Sync 1 DAGs
[2026-09-08T17:22:07.121+0000] {logging_mixin.py:188} INFO - [2026-09-08T17:22:07.121+0000] {dag.py:3947} INFO - Setting next_dagrun for steam_analytics_daily to 2026-09-08 02:00:00+00:00, run_after=2026-09-09 02:00:00+00:00
[2026-09-08T17:22:07.137+0000] {processor.py:183} INFO - Processing /opt/airflow/dags/steam_analytics.py took 0.212 seconds
[2026-09-08T17:22:37.269+0000] {processor.py:161} INFO - Started process (PID=2961) to work on /opt/airflow/dags/steam_analytics.py
[2026-09-08T17:22:37.269+0000] {processor.py:830} INFO - Processing file /opt/airflow/dags/steam_analytics.py for tasks to queue
[2026-09-08T17:22:37.270+0000] {logging_mixin.py:188} INFO - [2026-09-08T17:22:37.270+0000] {dagbag.py:545} INFO - Filling up the DagBag from /opt/airflow/dags/steam_analytics.py
[2026-09-08T17:22:37.438+0000] {processor.py:840} INFO - DAG(s) 'steam_analytics_daily' retrieved from /opt/airflow/dags/steam_analytics.py
[2026-09-08T17:22:37.469+0000] {logging_mixin.py:188} INFO - [2026-09-08T17:22:37.469+0000] {dag.py:3089} INFO - Sync 1 DAGs
[2026-09-08T17:22:37.489+0000] {logging_mixin.py:188} INFO - [2026-09-08T17:22:37.489+0000] {dag.py:3947} INFO - Setting next_dagrun for steam_analytics_daily to 2026-09-08 02:00:00+00:00, run_after=2026-09-09 02:00:00+00:00
[2026-09-08T17:22:37.505+0000] {processor.py:183} INFO - Processing /opt/airflow/dags/steam_analytics.py took 0.241 seconds
[2026-09-08T17:23:07.645+0000] {processor.py:161} INFO - Started process (PID=2966) to work on /opt/airflow/dags/steam_analytics.py
[2026-09-08T17:23:07.646+0000] {processor.py:830} INFO - Processing file /opt/airflow/dags/steam_analytics.py for tasks to queue
[2026-09-08T17:23:07.647+0000] {logging_mixin.py:188} INFO - [2026-09-08T17:23:07.646+0000] {dagbag.py:545} INFO - Filling up the DagBag from /opt/airflow/dags/steam_analytics.py
[2026-09-08T17:23:07.789+0000] {processor.py:840} INFO - DAG(s) 'steam_analytics_daily' retrieved from /opt/airflow/dags/steam_analytics.py
[2026-09-08T17:23:07.817+0000] {logging_mixin.py:188} INFO - [2026-09-08T17:23:07.817+0000] {dag.py:3089} INFO - Sync 1 DAGs
[2026-09-08T17:23:07.839+0000] {logging_mixin.py:188} INFO - [2026-09-08T17:23:07.838+0000] {dag.py:3947} INFO - Setting next_dagrun for steam_analytics_daily to 2026-09-08 02:00:00+00:00, run_after=2026-09-09 02:00:00+00:00
[2026-09-08T17:23:07.858+0000] {processor.py:183} INFO - Processing /opt/airflow/dags/steam_analytics.py took 0.218 seconds
[2026-09-08T17:23:38.003+0000] {processor.py:161} INFO - Started process (PID=2971) to work on /opt/airflow/dags/steam_analytics.py
[2026-09-08T17:23:38.004+0000] {processor.py:830} INFO - Processing file /opt/airflow/dags/steam_analytics.py for tasks to queue
[2026-09-08T17:23:38.005+0000] {logging_mixin.py:188} INFO - [2026-09-08T17:23:38.004+0000] {dagbag.py:545} INFO - Filling up the DagBag from /opt/airflow/dags/steam_analytics.py
[2026-09-08T17:23:38.165+0000] {processor.py:840} INFO - DAG(s) 'steam_analytics_daily' retrieved from /opt/airflow/dags/steam_analytics.py
[2026-09-08T17:23:38.193+0000] {logging_mixin.py:188} INFO - [2026-09-08T17:23:38.193+0000] {dag.py:3089} INFO - Sync 1 DAGs
[2026-09-08T17:23:38.213+0000] {logging_mixin.py:188} INFO - [2026-09-08T17:23:38.213+0000] {dag.py:3947} INFO - Setting next_dagrun for steam_analytics_daily to 2026-09-08 02:00:00+00:00, run_after=2026-09-09 02:00:00+00:00
[2026-09-08T17:23:38.231+0000] {processor.py:183} INFO - Processing /opt/airflow/dags/steam_analytics.py took 0.235 seconds
[2026-09-08T17:24:08.364+0000] {processor.py:161} INFO - Started process (PID=2976) to work on /opt/airflow/dags/steam_analytics.py
[2026-09-08T17:24:08.365+0000] {processor.py:830} INFO - Processing file /opt/airflow/dags/steam_analytics.py for tasks to queue
[2026-09-08T17:24:08.366+0000] {logging_mixin.py:188} INFO - [2026-09-08T17:24:08.365+0000] {dagbag.py:545} INFO - Filling up the DagBag from /opt/airflow/dags/steam_analytics.py
[2026-09-08T17:24:08.507+0000] {processor.py:840} INFO - DAG(s) 'steam_analytics_daily' retrieved from /opt/airflow/dags/steam_analytics.py
[2026-09-08T17:24:08.533+0000] {logging_mixin.py:188} INFO - [2026-09-08T17:24:08.533+0000] {dag.py:3089} INFO - Sync 1 DAGs
[2026-09-08T17:24:08.555+0000] {logging_mixin.py:188} INFO - [2026-09-08T17:24:08.555+0000] {dag.py:3947} INFO - Setting next_dagrun for steam_analytics_daily to 2026-09-08 02:00:00+00:00, run_after=2026-09-09 02:00:00+00:00
[2026-09-08T17:24:08.574+0000] {processor.py:183} INFO - Processing /opt/airflow/dags/steam_analytics.py took 0.215 seconds
[2026-09-08T17:24:38.720+0000] {processor.py:161} INFO - Started process (PID=2981) to work on /opt/airflow/dags/steam_analytics.py
[2026-09-08T17:24:38.721+0000] {processor.py:830} INFO - Processing file /opt/airflow/dags/steam_analytics.py for tasks to queue
[2026-09-08T17:24:38.722+0000] {logging_mixin.py:188} INFO - [2026-09-08T17:24:38.721+0000] {dagbag.py:545} INFO - Filling up the DagBag from /opt/airflow/dags/steam_analytics.py
[2026-09-08T17:24:38.868+0000] {processor.py:840} INFO - DAG(s) 'steam_analytics_daily' retrieved from /opt/airflow/dags/steam_analytics.py
[2026-09-08T17:24:38.897+0000] {logging_mixin.py:188} INFO - [2026-09-08T17:24:38.897+0000] {dag.py:3089} INFO - Sync 1 DAGs
[2026-09-08T17:24:38.917+0000] {logging_mixin.py:188} INFO - [2026-09-08T17:24:38.917+0000] {dag.py:3947} INFO - Setting next_dagrun for steam_analytics_daily to 2026-09-08 02:00:00+00:00, run_after=2026-09-09 02:00:00+00:00
[2026-09-08T17:24:38.934+0000] {processor.py:183} INFO - Processing /opt/airflow/dags/steam_analytics.py took 0.219 seconds
[2026-09-08T17:25:09.070+0000] {processor.py:161} INFO - Started process (PID=2986) to work on /opt/airflow/dags/steam_analytics.py
[2026-09-08T17:25:09.071+0000] {processor.py:830} INFO - Processing file /opt/airflow/dags/steam_analytics.py for tasks to queue
[2026-09-08T17:25:09.072+0000] {logging_mixin.py:188} INFO - [2026-09-08T17:25:09.071+0000] {dagbag.py:545} INFO - Filling up the DagBag from /opt/airflow/dags/steam_analytics.py
[2026-09-08T17:25:09.205+0000] {processor.py:840} INFO - DAG(s) 'steam_analytics_daily' retrieved from /opt/airflow/dags/steam_analytics.py
[2026-09-08T17:25:09.231+0000] {logging_mixin.py:188} INFO - [2026-09-08T17:25:09.231+0000] {dag.py:3089} INFO - Sync 1 DAGs
[2026-09-08T17:25:09.251+0000] {logging_mixin.py:188} INFO - [2026-09-08T17:25:09.251+0000] {dag.py:3947} INFO - Setting next_dagrun for steam_analytics_daily to 2026-09-08 02:00:00+00:00, run_after=2026-09-09 02:00:00+00:00
[2026-09-08T17:25:09.267+0000] {processor.py:183} INFO - Processing /opt/airflow/dags/steam_analytics.py took 0.202 seconds
[2026-09-08T17:25:39.398+0000] {processor.py:161} INFO - Started process (PID=2991) to work on /opt/airflow/dags/steam_analytics.py
[2026-09-08T17:25:39.399+0000] {processor.py:830} INFO - Processing file /opt/airflow/dags/steam_analytics.py for tasks to queue
[2026-09-08T17:25:39.400+0000] {logging_mixin.py:188} INFO - [2026-09-08T17:25:39.400+0000] {dagbag.py:545} INFO - Filling up the DagBag from /opt/airflow/dags/steam_analytics.py
[2026-09-08T17:25:39.538+0000] {processor.py:840} INFO - DAG(s) 'steam_analytics_daily' retrieved from /opt/airflow/dags/steam_analytics.py
[2026-09-08T17:25:39.564+0000] {logging_mixin.py:188} INFO - [2026-09-08T17:25:39.564+0000] {dag.py:3089} INFO - Sync 1 DAGs
[2026-09-08T17:25:39.583+0000] {logging_mixin.py:188} INFO - [2026-09-08T17:25:39.583+0000] {dag.py:3947} INFO - Setting next_dagrun for steam_analytics_daily to 2026-09-08 02:00:00+00:00, run_after=2026-09-09 02:00:00+00:00
[2026-09-08T17:25:39.599+0000] {processor.py:183} INFO - Processing /opt/airflow/dags/steam_analytics.py took 0.206 seconds
[2026-09-08T17:26:09.728+0000] {processor.py:161} INFO - Started process (PID=2996) to work on /opt/airflow/dags/steam_analytics.py
[2026-09-08T17:26:09.729+0000] {processor.py:830} INFO - Processing file /opt/airflow/dags/steam_analytics.py for tasks to queue
[2026-09-08T17:26:09.729+0000] {logging_mixin.py:188} INFO - [2026-09-08T17:26:09.729+0000] {dagbag.py:545} INFO - Filling up the DagBag from /opt/airflow/dags/steam_analytics.py
[2026-09-08T17:26:09.871+0000] {processor.py:840} INFO - DAG(s) 'steam_analytics_daily' retrieved from /opt/airflow/dags/steam_analytics.py
[2026-09-08T17:26:09.897+0000] {logging_mixin.py:188} INFO - [2026-09-08T17:26:09.896+0000] {dag.py:3089} INFO - Sync 1 DAGs
[2026-09-08T17:26:09.916+0000] {logging_mixin.py:188} INFO - [2026-09-08T17:26:09.916+0000] {dag.py:3947} INFO - Setting next_dagrun for steam_analytics_daily to 2026-09-08 02:00:00+00:00, run_after=2026-09-09 02:00:00+00:00
[2026-09-08T17:26:09.932+0000] {processor.py:183} INFO - Processing /opt/airflow/dags/steam_analytics.py took 0.209 seconds
[2026-09-08T17:26:40.066+0000] {processor.py:161} INFO - Started process (PID=3001) to work on /opt/airflow/dags/steam_analytics.py
[2026-09-08T17:26:40.067+0000] {processor.py:830} INFO - Processing file /opt/airflow/dags/steam_analytics.py for tasks to queue
[2026-09-08T17:26:40.068+0000] {logging_mixin.py:188} INFO - [2026-09-08T17:26:40.067+0000] {dagbag.py:545} INFO - Filling up the DagBag from /opt/airflow/dags/steam_analytics.py
[2026-09-08T17:26:40.205+0000] {processor.py:840} INFO - DAG(s) 'steam_analytics_daily' retrieved from /opt/airflow/dags/steam_analytics.py
[2026-09-08T17:26:40.234+0000] {logging_mixin.py:188} INFO - [2026-09-08T17:26:40.234+0000] {dag.py:3089} INFO - Sync 1 DAGs
[2026-09-08T17:26:40.253+0000] {logging_mixin.py:188} INFO - [2026-09-08T17:26:40.253+0000] {dag.py:3947} INFO - Setting next_dagrun for steam_analytics_daily to 2026-09-08 02:00:00+00:00, run_after=2026-09-09 02:00:00+00:00
[2026-09-08T17:26:40.269+0000] {processor.py:183} INFO - Processing /opt/airflow/dags/steam_analytics.py took 0.207 seconds
[2026-09-08T17:27:10.394+0000] {processor.py:161} INFO - Started process (PID=3006) to work on /opt/airflow/dags/steam_analytics.py
[2026-09-08T17:27:10.395+0000] {processor.py:830} INFO - Processing file /opt/airflow/dags/steam_analytics.py for tasks to queue
[2026-09-08T17:27:10.396+0000] {logging_mixin.py:188} INFO - [2026-09-08T17:27:10.396+0000] {dagbag.py:545} INFO - Filling up the DagBag from /opt/airflow/dags/steam_analytics.py
[2026-09-08T17:27:10.531+0000] {processor.py:840} INFO - DAG(s) 'steam_analytics_daily' retrieved from /opt/airflow/dags/steam_analytics.py
[2026-09-08T17:27:10.561+0000] {logging_mixin.py:188} INFO - [2026-09-08T17:27:10.561+0000] {dag.py:3089} INFO - Sync 1 DAGs
[2026-09-08T17:27:10.583+0000] {logging_mixin.py:188} INFO - [2026-09-08T17:27:10.582+0000] {dag.py:3947} INFO - Setting next_dagrun for steam_analytics_daily to 2026-09-08 02:00:00+00:00, run_after=2026-09-09 02:00:00+00:00
[2026-09-08T17:27:10.599+0000] {processor.py:183} INFO - Processing /opt/airflow/dags/steam_analytics.py took 0.209 seconds
[2026-09-08T17:27:40.727+0000] {processor.py:161} INFO - Started process (PID=3011) to work on /opt/airflow/dags/steam_analytics.py
[2026-09-08T17:27:40.727+0000] {processor.py:830} INFO - Processing file /opt/airflow/dags/steam_analytics.py for tasks to queue
[2026-09-08T17:27:40.728+0000] {logging_mixin.py:188} INFO - [2026-09-08T17:27:40.728+0000] {dagbag.py:545} INFO - Filling up the DagBag from /opt/airflow/dags/steam_analytics.py
[2026-09-08T17:27:40.861+0000] {processor.py:840} INFO - DAG(s) 'steam_analytics_daily' retrieved from /opt/airflow/dags/steam_analytics.py
[2026-09-08T17:27:40.887+0000] {logging_mixin.py:188} INFO - [2026-09-08T17:27:40.887+0000] {dag.py:3089} INFO - Sync 1 DAGs
[2026-09-08T17:27:40.907+0000] {logging_mixin.py:188} INFO - [2026-09-08T17:27:40.907+0000] {dag.py:3947} INFO - Setting next_dagrun for steam_analytics_daily to 2026-09-08 02:00:00+00:00, run_after=2026-09-09 02:00:00+00:00
[2026-09-08T17:27:40.924+0000] {processor.py:183} INFO - Processing /opt/airflow/dags/steam_analytics.py took 0.202 seconds
[2026-09-08T17:28:11.058+0000] {processor.py:161} INFO - Started process (PID=3016) to work on /opt/airflow/dags/steam_analytics.py
[2026-09-08T17:28:11.059+0000] {processor.py:830} INFO - Processing file /opt/airflow/dags/steam_analytics.py for tasks to queue
[2026-09-08T17:28:11.060+0000] {logging_mixin.py:188} INFO - [2026-09-08T17:28:11.059+0000] {dagbag.py:545} INFO - Filling up the DagBag from /opt/airflow/dags/steam_analytics.py
[2026-09-08T17:28:11.204+0000] {processor.py:840} INFO - DAG(s) 'steam_analytics_daily' retrieved from /opt/airflow/dags/steam_analytics.py
[2026-09-08T17:28:11.231+0000] {logging_mixin.py:188} INFO - [2026-09-08T17:28:11.231+0000] {dag.py:3089} INFO - Sync 1 DAGs
[2026-09-08T17:28:11.252+0000] {logging_mixin.py:188} INFO - [2026-09-08T17:28:11.252+0000] {dag.py:3947} INFO - Setting next_dagrun for steam_analytics_daily to 2026-09-08 02:00:00+00:00, run_after=2026-09-09 02:00:00+00:00
[2026-09-08T17:28:11.271+0000] {processor.py:183} INFO - Processing /opt/airflow/dags/steam_analytics.py took 0.219 seconds
[2026-09-08T17:28:41.407+0000] {processor.py:161} INFO - Started process (PID=3021) to work on /opt/airflow/dags/steam_analytics.py
[2026-09-08T17:28:41.408+0000] {processor.py:830} INFO - Processing file /opt/airflow/dags/steam_analytics.py for tasks to queue
[2026-09-08T17:28:41.408+0000] {logging_mixin.py:188} INFO - [2026-09-08T17:28:41.408+0000] {dagbag.py:545} INFO - Filling up the DagBag from /opt/airflow/dags/steam_analytics.py
[2026-09-08T17:28:41.547+0000] {processor.py:840} INFO - DAG(s) 'steam_analytics_daily' retrieved from /opt/airflow/dags/steam_analytics.py
[2026-09-08T17:28:41.574+0000] {logging_mixin.py:188} INFO - [2026-09-08T17:28:41.574+0000] {dag.py:3089} INFO - Sync 1 DAGs
[2026-09-08T17:28:41.594+0000] {logging_mixin.py:188} INFO - [2026-09-08T17:28:41.594+0000] {dag.py:3947} INFO - Setting next_dagrun for steam_analytics_daily to 2026-09-08 02:00:00+00:00, run_after=2026-09-09 02:00:00+00:00
[2026-09-08T17:28:41.610+0000] {processor.py:183} INFO - Processing /opt/airflow/dags/steam_analytics.py took 0.208 seconds
[2026-09-08T17:29:11.745+0000] {processor.py:161} INFO - Started process (PID=3026) to work on /opt/airflow/dags/steam_analytics.py
[2026-09-08T17:29:11.746+0000] {processor.py:830} INFO - Processing file /opt/airflow/dags/steam_analytics.py for tasks to queue
[2026-09-08T17:29:11.747+0000] {logging_mixin.py:188} INFO - [2026-09-08T17:29:11.746+0000] {dagbag.py:545} INFO - Filling up the DagBag from /opt/airflow/dags/steam_analytics.py
[2026-09-08T17:29:11.883+0000] {processor.py:840} INFO - DAG(s) 'steam_analytics_daily' retrieved from /opt/airflow/dags/steam_analytics.py
[2026-09-08T17:29:11.911+0000] {logging_mixin.py:188} INFO - [2026-09-08T17:29:11.911+0000] {dag.py:3089} INFO - Sync 1 DAGs
[2026-09-08T17:29:11.932+0000] {logging_mixin.py:188} INFO - [2026-09-08T17:29:11.932+0000] {dag.py:3947} INFO - Setting next_dagrun for steam_analytics_daily to 2026-09-08 02:00:00+00:00, run_after=2026-09-09 02:00:00+00:00
[2026-09-08T17:29:11.948+0000] {processor.py:183} INFO - Processing /opt/airflow/dags/steam_analytics.py took 0.208 seconds
[2026-09-08T17:29:42.090+0000] {processor.py:161} INFO - Started process (PID=3031) to work on /opt/airflow/dags/steam_analytics.py
[2026-09-08T17:29:42.091+0000] {processor.py:830} INFO - Processing file /opt/airflow/dags/steam_analytics.py for tasks to queue
[2026-09-08T17:29:42.092+0000] {logging_mixin.py:188} INFO - [2026-09-08T17:29:42.092+0000] {dagbag.py:545} INFO - Filling up the DagBag from /opt/airflow/dags/steam_analytics.py
[2026-09-08T17:29:42.234+0000] {processor.py:840} INFO - DAG(s) 'steam_analytics_daily' retrieved from /opt/airflow/dags/steam_analytics.py
[2026-09-08T17:29:42.262+0000] {logging_mixin.py:188} INFO - [2026-09-08T17:29:42.261+0000] {dag.py:3089} INFO - Sync 1 DAGs
[2026-09-08T17:29:42.282+0000] {logging_mixin.py:188} INFO - [2026-09-08T17:29:42.281+0000] {dag.py:3947} INFO - Setting next_dagrun for steam_analytics_daily to 2026-09-08 02:00:00+00:00, run_after=2026-09-09 02:00:00+00:00
[2026-09-08T17:29:42.299+0000] {processor.py:183} INFO - Processing /opt/airflow/dags/steam_analytics.py took 0.214 seconds
[2026-09-08T17:30:12.434+0000] {processor.py:161} INFO - Started process (PID=3036) to work on /opt/airflow/dags/steam_analytics.py
[2026-09-08T17:30:12.435+0000] {processor.py:830} INFO - Processing file /opt/airflow/dags/steam_analytics.py for tasks to queue
[2026-09-08T17:30:12.436+0000] {logging_mixin.py:188} INFO - [2026-09-08T17:30:12.436+0000] {dagbag.py:545} INFO - Filling up the DagBag from /opt/airflow/dags/steam_analytics.py
[2026-09-08T17:30:12.616+0000] {processor.py:840} INFO - DAG(s) 'steam_analytics_daily' retrieved from /opt/airflow/dags/steam_analytics.py
[2026-09-08T17:30:12.644+0000] {logging_mixin.py:188} INFO - [2026-09-08T17:30:12.644+0000] {dag.py:3089} INFO - Sync 1 DAGs
[2026-09-08T17:30:12.667+0000] {logging_mixin.py:188} INFO - [2026-09-08T17:30:12.666+0000] {dag.py:3947} INFO - Setting next_dagrun for steam_analytics_daily to 2026-09-08 02:00:00+00:00, run_after=2026-09-09 02:00:00+00:00
[2026-09-08T17:30:12.686+0000] {processor.py:183} INFO - Processing /opt/airflow/dags/steam_analytics.py took 0.257 seconds
[2026-09-08T17:30:42.822+0000] {processor.py:161} INFO - Started process (PID=3041) to work on /opt/airflow/dags/steam_analytics.py
[2026-09-08T17:30:42.823+0000] {processor.py:830} INFO - Processing file /opt/airflow/dags/steam_analytics.py for tasks to queue
[2026-09-08T17:30:42.824+0000] {logging_mixin.py:188} INFO - [2026-09-08T17:30:42.824+0000] {dagbag.py:545} INFO - Filling up the DagBag from /opt/airflow/dags/steam_analytics.py
[2026-09-08T17:30:42.984+0000] {processor.py:840} INFO - DAG(s) 'steam_analytics_daily' retrieved from /opt/airflow/dags/steam_analytics.py
[2026-09-08T17:30:43.012+0000] {logging_mixin.py:188} INFO - [2026-09-08T17:30:43.011+0000] {dag.py:3089} INFO - Sync 1 DAGs
[2026-09-08T17:30:43.032+0000] {logging_mixin.py:188} INFO - [2026-09-08T17:30:43.031+0000] {dag.py:3947} INFO - Setting next_dagrun for steam_analytics_daily to 2026-09-08 02:00:00+00:00, run_after=2026-09-09 02:00:00+00:00
[2026-09-08T17:30:43.047+0000] {processor.py:183} INFO - Processing /opt/airflow/dags/steam_analytics.py took 0.230 seconds
[2026-09-08T17:31:13.188+0000] {processor.py:161} INFO - Started process (PID=3046) to work on /opt/airflow/dags/steam_analytics.py
[2026-09-08T17:31:13.189+0000] {processor.py:830} INFO - Processing file /opt/airflow/dags/steam_analytics.py for tasks to queue
[2026-09-08T17:31:13.190+0000] {logging_mixin.py:188} INFO - [2026-09-08T17:31:13.189+0000] {dagbag.py:545} INFO - Filling up the DagBag from /opt/airflow/dags/steam_analytics.py
[2026-09-08T17:31:13.327+0000] {processor.py:840} INFO - DAG(s) 'steam_analytics_daily' retrieved from /opt/airflow/dags/steam_analytics.py
[2026-09-08T17:31:13.356+0000] {logging_mixin.py:188} INFO - [2026-09-08T17:31:13.355+0000] {dag.py:3089} INFO - Sync 1 DAGs
[2026-09-08T17:31:13.375+0000] {logging_mixin.py:188} INFO - [2026-09-08T17:31:13.375+0000] {dag.py:3947} INFO - Setting next_dagrun for steam_analytics_daily to 2026-09-08 02:00:00+00:00, run_after=2026-09-09 02:00:00+00:00
[2026-09-08T17:31:13.391+0000] {processor.py:183} INFO - Processing /opt/airflow/dags/steam_analytics.py took 0.208 seconds
[2026-09-08T17:31:43.523+0000] {processor.py:161} INFO - Started process (PID=3051) to work on /opt/airflow/dags/steam_analytics.py
[2026-09-08T17:31:43.523+0000] {processor.py:830} INFO - Processing file /opt/airflow/dags/steam_analytics.py for tasks to queue
[2026-09-08T17:31:43.524+0000] {logging_mixin.py:188} INFO - [2026-09-08T17:31:43.524+0000] {dagbag.py:545} INFO - Filling up the DagBag from /opt/airflow/dags/steam_analytics.py
[2026-09-08T17:31:43.664+0000] {processor.py:840} INFO - DAG(s) 'steam_analytics_daily' retrieved from /opt/airflow/dags/steam_analytics.py
[2026-09-08T17:31:43.690+0000] {logging_mixin.py:188} INFO - [2026-09-08T17:31:43.690+0000] {dag.py:3089} INFO - Sync 1 DAGs
[2026-09-08T17:31:43.709+0000] {logging_mixin.py:188} INFO - [2026-09-08T17:31:43.709+0000] {dag.py:3947} INFO - Setting next_dagrun for steam_analytics_daily to 2026-09-08 02:00:00+00:00, run_after=2026-09-09 02:00:00+00:00
[2026-09-08T17:31:43.725+0000] {processor.py:183} INFO - Processing /opt/airflow/dags/steam_analytics.py took 0.207 seconds
[2026-09-08T17:33:16.797+0000] {processor.py:161} INFO - Started process (PID=186) to work on /opt/airflow/dags/steam_analytics.py
[2026-09-08T17:33:16.798+0000] {processor.py:830} INFO - Processing file /opt/airflow/dags/steam_analytics.py for tasks to queue
[2026-09-08T17:33:16.799+0000] {logging_mixin.py:188} INFO - [2026-09-08T17:33:16.799+0000] {dagbag.py:545} INFO - Filling up the DagBag from /opt/airflow/dags/steam_analytics.py
[2026-09-08T17:33:17.302+0000] {processor.py:840} INFO - DAG(s) 'steam_analytics_daily' retrieved from /opt/airflow/dags/steam_analytics.py
[2026-09-08T17:33:17.548+0000] {logging_mixin.py:188} INFO - [2026-09-08T17:33:17.547+0000] {override.py:1858} INFO - Created Permission View: can read on DAG:steam_analytics_daily
[2026-09-08T17:33:17.558+0000] {logging_mixin.py:188} INFO - [2026-09-08T17:33:17.557+0000] {override.py:1858} INFO - Created Permission View: can delete on DAG:steam_analytics_daily
[2026-09-08T17:33:17.564+0000] {logging_mixin.py:188} INFO - [2026-09-08T17:33:17.564+0000] {override.py:1858} INFO - Created Permission View: can edit on DAG:steam_analytics_daily
[2026-09-08T17:33:17.565+0000] {logging_mixin.py:188} INFO - [2026-09-08T17:33:17.565+0000] {dag.py:3089} INFO - Sync 1 DAGs
[2026-09-08T17:33:17.575+0000] {logging_mixin.py:188} INFO - [2026-09-08T17:33:17.575+0000] {dag.py:3111} INFO - Creating ORM DAG for steam_analytics_daily
[2026-09-08T17:33:17.585+0000] {logging_mixin.py:188} INFO - [2026-09-08T17:33:17.585+0000] {dag.py:3947} INFO - Setting next_dagrun for steam_analytics_daily to 2026-09-07 02:00:00+00:00, run_after=2026-09-08 02:00:00+00:00
[2026-09-08T17:33:17.606+0000] {processor.py:183} INFO - Processing /opt/airflow/dags/steam_analytics.py took 0.815 seconds
[2026-09-08T17:33:47.764+0000] {processor.py:161} INFO - Started process (PID=191) to work on /opt/airflow/dags/steam_analytics.py
[2026-09-08T17:33:47.765+0000] {processor.py:830} INFO - Processing file /opt/airflow/dags/steam_analytics.py for tasks to queue
[2026-09-08T17:33:47.766+0000] {logging_mixin.py:188} INFO - [2026-09-08T17:33:47.766+0000] {dagbag.py:545} INFO - Filling up the DagBag from /opt/airflow/dags/steam_analytics.py
[2026-09-08T17:33:47.901+0000] {processor.py:840} INFO - DAG(s) 'steam_analytics_daily' retrieved from /opt/airflow/dags/steam_analytics.py
[2026-09-08T17:33:47.930+0000] {logging_mixin.py:188} INFO - [2026-09-08T17:33:47.930+0000] {dag.py:3089} INFO - Sync 1 DAGs
[2026-09-08T17:33:47.950+0000] {logging_mixin.py:188} INFO - [2026-09-08T17:33:47.950+0000] {dag.py:3947} INFO - Setting next_dagrun for steam_analytics_daily to 2026-09-07 02:00:00+00:00, run_after=2026-09-08 02:00:00+00:00
[2026-09-08T17:33:47.967+0000] {processor.py:183} INFO - Processing /opt/airflow/dags/steam_analytics.py took 0.207 seconds
[2026-09-08T17:34:18.061+0000] {processor.py:161} INFO - Started process (PID=200) to work on /opt/airflow/dags/steam_analytics.py
[2026-09-08T17:34:18.063+0000] {processor.py:830} INFO - Processing file /opt/airflow/dags/steam_analytics.py for tasks to queue
[2026-09-08T17:34:18.065+0000] {logging_mixin.py:188} INFO - [2026-09-08T17:34:18.064+0000] {dagbag.py:545} INFO - Filling up the DagBag from /opt/airflow/dags/steam_analytics.py
[2026-09-08T17:34:18.217+0000] {processor.py:840} INFO - DAG(s) 'steam_analytics_daily' retrieved from /opt/airflow/dags/steam_analytics.py
[2026-09-08T17:34:18.245+0000] {logging_mixin.py:188} INFO - [2026-09-08T17:34:18.244+0000] {dag.py:3089} INFO - Sync 1 DAGs
[2026-09-08T17:34:18.267+0000] {logging_mixin.py:188} INFO - [2026-09-08T17:34:18.267+0000] {dag.py:3947} INFO - Setting next_dagrun for steam_analytics_daily to 2026-09-08 02:00:00+00:00, run_after=2026-09-09 02:00:00+00:00
[2026-09-08T17:34:18.286+0000] {processor.py:183} INFO - Processing /opt/airflow/dags/steam_analytics.py took 0.232 seconds
[2026-09-08T17:34:48.426+0000] {processor.py:161} INFO - Started process (PID=205) to work on /opt/airflow/dags/steam_analytics.py
[2026-09-08T17:34:48.427+0000] {processor.py:830} INFO - Processing file /opt/airflow/dags/steam_analytics.py for tasks to queue
[2026-09-08T17:34:48.429+0000] {logging_mixin.py:188} INFO - [2026-09-08T17:34:48.429+0000] {dagbag.py:545} INFO - Filling up the DagBag from /opt/airflow/dags/steam_analytics.py
[2026-09-08T17:34:48.591+0000] {processor.py:840} INFO - DAG(s) 'steam_analytics_daily' retrieved from /opt/airflow/dags/steam_analytics.py
[2026-09-08T17:34:48.620+0000] {logging_mixin.py:188} INFO - [2026-09-08T17:34:48.620+0000] {dag.py:3089} INFO - Sync 1 DAGs
[2026-09-08T17:34:48.642+0000] {logging_mixin.py:188} INFO - [2026-09-08T17:34:48.641+0000] {dag.py:3947} INFO - Setting next_dagrun for steam_analytics_daily to 2026-09-08 02:00:00+00:00, run_after=2026-09-09 02:00:00+00:00
[2026-09-08T17:34:48.660+0000] {processor.py:183} INFO - Processing /opt/airflow/dags/steam_analytics.py took 0.239 seconds
[2026-09-08T17:35:18.793+0000] {processor.py:161} INFO - Started process (PID=210) to work on /opt/airflow/dags/steam_analytics.py
[2026-09-08T17:35:18.794+0000] {processor.py:830} INFO - Processing file /opt/airflow/dags/steam_analytics.py for tasks to queue
[2026-09-08T17:35:18.796+0000] {logging_mixin.py:188} INFO - [2026-09-08T17:35:18.795+0000] {dagbag.py:545} INFO - Filling up the DagBag from /opt/airflow/dags/steam_analytics.py
[2026-09-08T17:35:18.958+0000] {processor.py:840} INFO - DAG(s) 'steam_analytics_daily' retrieved from /opt/airflow/dags/steam_analytics.py
[2026-09-08T17:35:18.986+0000] {logging_mixin.py:188} INFO - [2026-09-08T17:35:18.986+0000] {dag.py:3089} INFO - Sync 1 DAGs
[2026-09-08T17:35:19.009+0000] {logging_mixin.py:188} INFO - [2026-09-08T17:35:19.008+0000] {dag.py:3947} INFO - Setting next_dagrun for steam_analytics_daily to 2026-09-08 02:00:00+00:00, run_after=2026-09-09 02:00:00+00:00
[2026-09-08T17:35:19.026+0000] {processor.py:183} INFO - Processing /opt/airflow/dags/steam_analytics.py took 0.237 seconds
[2026-09-08T17:35:49.160+0000] {processor.py:161} INFO - Started process (PID=215) to work on /opt/airflow/dags/steam_analytics.py
[2026-09-08T17:35:49.161+0000] {processor.py:830} INFO - Processing file /opt/airflow/dags/steam_analytics.py for tasks to queue
[2026-09-08T17:35:49.162+0000] {logging_mixin.py:188} INFO - [2026-09-08T17:35:49.162+0000] {dagbag.py:545} INFO - Filling up the DagBag from /opt/airflow/dags/steam_analytics.py
[2026-09-08T17:35:49.327+0000] {processor.py:840} INFO - DAG(s) 'steam_analytics_daily' retrieved from /opt/airflow/dags/steam_analytics.py
[2026-09-08T17:35:49.357+0000] {logging_mixin.py:188} INFO - [2026-09-08T17:35:49.356+0000] {dag.py:3089} INFO - Sync 1 DAGs
[2026-09-08T17:35:49.378+0000] {logging_mixin.py:188} INFO - [2026-09-08T17:35:49.377+0000] {dag.py:3947} INFO - Setting next_dagrun for steam_analytics_daily to 2026-09-08 02:00:00+00:00, run_after=2026-09-09 02:00:00+00:00
[2026-09-08T17:35:49.395+0000] {processor.py:183} INFO - Processing /opt/airflow/dags/steam_analytics.py took 0.240 seconds
[2026-09-08T17:36:19.518+0000] {processor.py:161} INFO - Started process (PID=222) to work on /opt/airflow/dags/steam_analytics.py
[2026-09-08T17:36:19.519+0000] {processor.py:830} INFO - Processing file /opt/airflow/dags/steam_analytics.py for tasks to queue
[2026-09-08T17:36:19.521+0000] {logging_mixin.py:188} INFO - [2026-09-08T17:36:19.520+0000] {dagbag.py:545} INFO - Filling up the DagBag from /opt/airflow/dags/steam_analytics.py
[2026-09-08T17:36:19.667+0000] {processor.py:840} INFO - DAG(s) 'steam_analytics_daily' retrieved from /opt/airflow/dags/steam_analytics.py
[2026-09-08T17:36:19.694+0000] {logging_mixin.py:188} INFO - [2026-09-08T17:36:19.694+0000] {dag.py:3089} INFO - Sync 1 DAGs
[2026-09-08T17:36:19.713+0000] {logging_mixin.py:188} INFO - [2026-09-08T17:36:19.712+0000] {dag.py:3947} INFO - Setting next_dagrun for steam_analytics_daily to 2026-09-08 02:00:00+00:00, run_after=2026-09-09 02:00:00+00:00
[2026-09-08T17:36:19.728+0000] {processor.py:183} INFO - Processing /opt/airflow/dags/steam_analytics.py took 0.215 seconds
[2026-09-08T17:36:49.850+0000] {processor.py:161} INFO - Started process (PID=227) to work on /opt/airflow/dags/steam_analytics.py
[2026-09-08T17:36:49.851+0000] {processor.py:830} INFO - Processing file /opt/airflow/dags/steam_analytics.py for tasks to queue
[2026-09-08T17:36:49.853+0000] {logging_mixin.py:188} INFO - [2026-09-08T17:36:49.852+0000] {dagbag.py:545} INFO - Filling up the DagBag from /opt/airflow/dags/steam_analytics.py
[2026-09-08T17:36:49.993+0000] {processor.py:840} INFO - DAG(s) 'steam_analytics_daily' retrieved from /opt/airflow/dags/steam_analytics.py
[2026-09-08T17:36:50.020+0000] {logging_mixin.py:188} INFO - [2026-09-08T17:36:50.020+0000] {dag.py:3089} INFO - Sync 1 DAGs
[2026-09-08T17:36:50.040+0000] {logging_mixin.py:188} INFO - [2026-09-08T17:36:50.039+0000] {dag.py:3947} INFO - Setting next_dagrun for steam_analytics_daily to 2026-09-08 02:00:00+00:00, run_after=2026-09-09 02:00:00+00:00
[2026-09-08T17:36:50.057+0000] {processor.py:183} INFO - Processing /opt/airflow/dags/steam_analytics.py took 0.211 seconds
[2026-09-08T17:37:20.189+0000] {processor.py:161} INFO - Started process (PID=232) to work on /opt/airflow/dags/steam_analytics.py
[2026-09-08T17:37:20.190+0000] {processor.py:830} INFO - Processing file /opt/airflow/dags/steam_analytics.py for tasks to queue
[2026-09-08T17:37:20.192+0000] {logging_mixin.py:188} INFO - [2026-09-08T17:37:20.192+0000] {dagbag.py:545} INFO - Filling up the DagBag from /opt/airflow/dags/steam_analytics.py
[2026-09-08T17:37:20.341+0000] {processor.py:840} INFO - DAG(s) 'steam_analytics_daily' retrieved from /opt/airflow/dags/steam_analytics.py
[2026-09-08T17:37:20.368+0000] {logging_mixin.py:188} INFO - [2026-09-08T17:37:20.368+0000] {dag.py:3089} INFO - Sync 1 DAGs
[2026-09-08T17:37:20.396+0000] {logging_mixin.py:188} INFO - [2026-09-08T17:37:20.396+0000] {dag.py:3947} INFO - Setting next_dagrun for steam_analytics_daily to 2026-09-08 02:00:00+00:00, run_after=2026-09-09 02:00:00+00:00
[2026-09-08T17:37:20.415+0000] {processor.py:183} INFO - Processing /opt/airflow/dags/steam_analytics.py took 0.231 seconds
[2026-09-08T17:37:50.552+0000] {processor.py:161} INFO - Started process (PID=237) to work on /opt/airflow/dags/steam_analytics.py
[2026-09-08T17:37:50.553+0000] {processor.py:830} INFO - Processing file /opt/airflow/dags/steam_analytics.py for tasks to queue
[2026-09-08T17:37:50.555+0000] {logging_mixin.py:188} INFO - [2026-09-08T17:37:50.554+0000] {dagbag.py:545} INFO - Filling up the DagBag from /opt/airflow/dags/steam_analytics.py
[2026-09-08T17:37:50.719+0000] {processor.py:840} INFO - DAG(s) 'steam_analytics_daily' retrieved from /opt/airflow/dags/steam_analytics.py
[2026-09-08T17:37:50.749+0000] {logging_mixin.py:188} INFO - [2026-09-08T17:37:50.749+0000] {dag.py:3089} INFO - Sync 1 DAGs
[2026-09-08T17:37:50.771+0000] {logging_mixin.py:188} INFO - [2026-09-08T17:37:50.771+0000] {dag.py:3947} INFO - Setting next_dagrun for steam_analytics_daily to 2026-09-08 02:00:00+00:00, run_after=2026-09-09 02:00:00+00:00
[2026-09-08T17:37:50.796+0000] {processor.py:183} INFO - Processing /opt/airflow/dags/steam_analytics.py took 0.249 seconds
[2026-09-08T17:38:20.953+0000] {processor.py:161} INFO - Started process (PID=242) to work on /opt/airflow/dags/steam_analytics.py
[2026-09-08T17:38:20.954+0000] {processor.py:830} INFO - Processing file /opt/airflow/dags/steam_analytics.py for tasks to queue
[2026-09-08T17:38:20.955+0000] {logging_mixin.py:188} INFO - [2026-09-08T17:38:20.955+0000] {dagbag.py:545} INFO - Filling up the DagBag from /opt/airflow/dags/steam_analytics.py
[2026-09-08T17:38:21.098+0000] {processor.py:840} INFO - DAG(s) 'steam_analytics_daily' retrieved from /opt/airflow/dags/steam_analytics.py
[2026-09-08T17:38:21.127+0000] {logging_mixin.py:188} INFO - [2026-09-08T17:38:21.126+0000] {dag.py:3089} INFO - Sync 1 DAGs
[2026-09-08T17:38:21.148+0000] {logging_mixin.py:188} INFO - [2026-09-08T17:38:21.147+0000] {dag.py:3947} INFO - Setting next_dagrun for steam_analytics_daily to 2026-09-08 02:00:00+00:00, run_after=2026-09-09 02:00:00+00:00
[2026-09-08T17:38:21.164+0000] {processor.py:183} INFO - Processing /opt/airflow/dags/steam_analytics.py took 0.217 seconds
[2026-09-08T17:38:51.296+0000] {processor.py:161} INFO - Started process (PID=247) to work on /opt/airflow/dags/steam_analytics.py
[2026-09-08T17:38:51.297+0000] {processor.py:830} INFO - Processing file /opt/airflow/dags/steam_analytics.py for tasks to queue
[2026-09-08T17:38:51.299+0000] {logging_mixin.py:188} INFO - [2026-09-08T17:38:51.298+0000] {dagbag.py:545} INFO - Filling up the DagBag from /opt/airflow/dags/steam_analytics.py
[2026-09-08T17:38:51.443+0000] {processor.py:840} INFO - DAG(s) 'steam_analytics_daily' retrieved from /opt/airflow/dags/steam_analytics.py
[2026-09-08T17:38:51.470+0000] {logging_mixin.py:188} INFO - [2026-09-08T17:38:51.470+0000] {dag.py:3089} INFO - Sync 1 DAGs
[2026-09-08T17:38:51.490+0000] {logging_mixin.py:188} INFO - [2026-09-08T17:38:51.490+0000] {dag.py:3947} INFO - Setting next_dagrun for steam_analytics_daily to 2026-09-08 02:00:00+00:00, run_after=2026-09-09 02:00:00+00:00
[2026-09-08T17:38:51.508+0000] {processor.py:183} INFO - Processing /opt/airflow/dags/steam_analytics.py took 0.216 seconds
[2026-09-08T17:39:21.634+0000] {processor.py:161} INFO - Started process (PID=252) to work on /opt/airflow/dags/steam_analytics.py
[2026-09-08T17:39:21.634+0000] {processor.py:830} INFO - Processing file /opt/airflow/dags/steam_analytics.py for tasks to queue
[2026-09-08T17:39:21.636+0000] {logging_mixin.py:188} INFO - [2026-09-08T17:39:21.636+0000] {dagbag.py:545} INFO - Filling up the DagBag from /opt/airflow/dags/steam_analytics.py
[2026-09-08T17:39:21.779+0000] {processor.py:840} INFO - DAG(s) 'steam_analytics_daily' retrieved from /opt/airflow/dags/steam_analytics.py
[2026-09-08T17:39:21.805+0000] {logging_mixin.py:188} INFO - [2026-09-08T17:39:21.805+0000] {dag.py:3089} INFO - Sync 1 DAGs
[2026-09-08T17:39:21.827+0000] {logging_mixin.py:188} INFO - [2026-09-08T17:39:21.826+0000] {dag.py:3947} INFO - Setting next_dagrun for steam_analytics_daily to 2026-09-08 02:00:00+00:00, run_after=2026-09-09 02:00:00+00:00
[2026-09-08T17:39:21.843+0000] {processor.py:183} INFO - Processing /opt/airflow/dags/steam_analytics.py took 0.214 seconds
[2026-09-08T17:39:51.966+0000] {processor.py:161} INFO - Started process (PID=257) to work on /opt/airflow/dags/steam_analytics.py
[2026-09-08T17:39:51.966+0000] {processor.py:830} INFO - Processing file /opt/airflow/dags/steam_analytics.py for tasks to queue
[2026-09-08T17:39:51.968+0000] {logging_mixin.py:188} INFO - [2026-09-08T17:39:51.967+0000] {dagbag.py:545} INFO - Filling up the DagBag from /opt/airflow/dags/steam_analytics.py
[2026-09-08T17:39:52.148+0000] {processor.py:840} INFO - DAG(s) 'steam_analytics_daily' retrieved from /opt/airflow/dags/steam_analytics.py
[2026-09-08T17:39:52.176+0000] {logging_mixin.py:188} INFO - [2026-09-08T17:39:52.176+0000] {dag.py:3089} INFO - Sync 1 DAGs
[2026-09-08T17:39:52.199+0000] {logging_mixin.py:188} INFO - [2026-09-08T17:39:52.199+0000] {dag.py:3947} INFO - Setting next_dagrun for steam_analytics_daily to 2026-09-08 02:00:00+00:00, run_after=2026-09-09 02:00:00+00:00
[2026-09-08T17:39:52.215+0000] {processor.py:183} INFO - Processing /opt/airflow/dags/steam_analytics.py took 0.254 seconds
[2026-09-08T17:40:22.340+0000] {processor.py:161} INFO - Started process (PID=262) to work on /opt/airflow/dags/steam_analytics.py
[2026-09-08T17:40:22.341+0000] {processor.py:830} INFO - Processing file /opt/airflow/dags/steam_analytics.py for tasks to queue
[2026-09-08T17:40:22.343+0000] {logging_mixin.py:188} INFO - [2026-09-08T17:40:22.342+0000] {dagbag.py:545} INFO - Filling up the DagBag from /opt/airflow/dags/steam_analytics.py
[2026-09-08T17:40:22.484+0000] {processor.py:840} INFO - DAG(s) 'steam_analytics_daily' retrieved from /opt/airflow/dags/steam_analytics.py
[2026-09-08T17:40:22.513+0000] {logging_mixin.py:188} INFO - [2026-09-08T17:40:22.512+0000] {dag.py:3089} INFO - Sync 1 DAGs
[2026-09-08T17:40:22.533+0000] {logging_mixin.py:188} INFO - [2026-09-08T17:40:22.533+0000] {dag.py:3947} INFO - Setting next_dagrun for steam_analytics_daily to 2026-09-08 02:00:00+00:00, run_after=2026-09-09 02:00:00+00:00
[2026-09-08T17:40:22.551+0000] {processor.py:183} INFO - Processing /opt/airflow/dags/steam_analytics.py took 0.215 seconds
[2026-09-08T17:40:52.679+0000] {processor.py:161} INFO - Started process (PID=267) to work on /opt/airflow/dags/steam_analytics.py
[2026-09-08T17:40:52.680+0000] {processor.py:830} INFO - Processing file /opt/airflow/dags/steam_analytics.py for tasks to queue
[2026-09-08T17:40:52.681+0000] {logging_mixin.py:188} INFO - [2026-09-08T17:40:52.681+0000] {dagbag.py:545} INFO - Filling up the DagBag from /opt/airflow/dags/steam_analytics.py
[2026-09-08T17:40:52.826+0000] {processor.py:840} INFO - DAG(s) 'steam_analytics_daily' retrieved from /opt/airflow/dags/steam_analytics.py
[2026-09-08T17:40:52.855+0000] {logging_mixin.py:188} INFO - [2026-09-08T17:40:52.854+0000] {dag.py:3089} INFO - Sync 1 DAGs
[2026-09-08T17:40:52.876+0000] {logging_mixin.py:188} INFO - [2026-09-08T17:40:52.876+0000] {dag.py:3947} INFO - Setting next_dagrun for steam_analytics_daily to 2026-09-08 02:00:00+00:00, run_after=2026-09-09 02:00:00+00:00
[2026-09-08T17:40:52.893+0000] {processor.py:183} INFO - Processing /opt/airflow/dags/steam_analytics.py took 0.218 seconds
[2026-09-08T17:41:23.018+0000] {processor.py:161} INFO - Started process (PID=272) to work on /opt/airflow/dags/steam_analytics.py
[2026-09-08T17:41:23.019+0000] {processor.py:830} INFO - Processing file /opt/airflow/dags/steam_analytics.py for tasks to queue
[2026-09-08T17:41:23.020+0000] {logging_mixin.py:188} INFO - [2026-09-08T17:41:23.020+0000] {dagbag.py:545} INFO - Filling up the DagBag from /opt/airflow/dags/steam_analytics.py
[2026-09-08T17:41:23.164+0000] {processor.py:840} INFO - DAG(s) 'steam_analytics_daily' retrieved from /opt/airflow/dags/steam_analytics.py
[2026-09-08T17:41:23.191+0000] {logging_mixin.py:188} INFO - [2026-09-08T17:41:23.191+0000] {dag.py:3089} INFO - Sync 1 DAGs
[2026-09-08T17:41:23.213+0000] {logging_mixin.py:188} INFO - [2026-09-08T17:41:23.213+0000] {dag.py:3947} INFO - Setting next_dagrun for steam_analytics_daily to 2026-09-08 02:00:00+00:00, run_after=2026-09-09 02:00:00+00:00
[2026-09-08T17:41:23.233+0000] {processor.py:183} INFO - Processing /opt/airflow/dags/steam_analytics.py took 0.220 seconds
[2026-09-08T17:41:53.368+0000] {processor.py:161} INFO - Started process (PID=277) to work on /opt/airflow/dags/steam_analytics.py
[2026-09-08T17:41:53.368+0000] {processor.py:830} INFO - Processing file /opt/airflow/dags/steam_analytics.py for tasks to queue
[2026-09-08T17:41:53.370+0000] {logging_mixin.py:188} INFO - [2026-09-08T17:41:53.370+0000] {dagbag.py:545} INFO - Filling up the DagBag from /opt/airflow/dags/steam_analytics.py
[2026-09-08T17:41:53.514+0000] {processor.py:840} INFO - DAG(s) 'steam_analytics_daily' retrieved from /opt/airflow/dags/steam_analytics.py
[2026-09-08T17:41:53.540+0000] {logging_mixin.py:188} INFO - [2026-09-08T17:41:53.540+0000] {dag.py:3089} INFO - Sync 1 DAGs
[2026-09-08T17:41:53.562+0000] {logging_mixin.py:188} INFO - [2026-09-08T17:41:53.562+0000] {dag.py:3947} INFO - Setting next_dagrun for steam_analytics_daily to 2026-09-08 02:00:00+00:00, run_after=2026-09-09 02:00:00+00:00
[2026-09-08T17:41:53.579+0000] {processor.py:183} INFO - Processing /opt/airflow/dags/steam_analytics.py took 0.217 seconds
[2026-09-08T17:42:23.703+0000] {processor.py:161} INFO - Started process (PID=282) to work on /opt/airflow/dags/steam_analytics.py
[2026-09-08T17:42:23.704+0000] {processor.py:830} INFO - Processing file /opt/airflow/dags/steam_analytics.py for tasks to queue
[2026-09-08T17:42:23.705+0000] {logging_mixin.py:188} INFO - [2026-09-08T17:42:23.705+0000] {dagbag.py:545} INFO - Filling up the DagBag from /opt/airflow/dags/steam_analytics.py
[2026-09-08T17:42:23.860+0000] {processor.py:840} INFO - DAG(s) 'steam_analytics_daily' retrieved from /opt/airflow/dags/steam_analytics.py
[2026-09-08T17:42:23.889+0000] {logging_mixin.py:188} INFO - [2026-09-08T17:42:23.888+0000] {dag.py:3089} INFO - Sync 1 DAGs
[2026-09-08T17:42:23.910+0000] {logging_mixin.py:188} INFO - [2026-09-08T17:42:23.909+0000] {dag.py:3947} INFO - Setting next_dagrun for steam_analytics_daily to 2026-09-08 02:00:00+00:00, run_after=2026-09-09 02:00:00+00:00
[2026-09-08T17:42:23.928+0000] {processor.py:183} INFO - Processing /opt/airflow/dags/steam_analytics.py took 0.230 seconds
[2026-09-08T17:42:54.056+0000] {processor.py:161} INFO - Started process (PID=287) to work on /opt/airflow/dags/steam_analytics.py
[2026-09-08T17:42:54.057+0000] {processor.py:830} INFO - Processing file /opt/airflow/dags/steam_analytics.py for tasks to queue
[2026-09-08T17:42:54.059+0000] {logging_mixin.py:188} INFO - [2026-09-08T17:42:54.058+0000] {dagbag.py:545} INFO - Filling up the DagBag from /opt/airflow/dags/steam_analytics.py
[2026-09-08T17:42:54.201+0000] {processor.py:840} INFO - DAG(s) 'steam_analytics_daily' retrieved from /opt/airflow/dags/steam_analytics.py
[2026-09-08T17:42:54.230+0000] {logging_mixin.py:188} INFO - [2026-09-08T17:42:54.230+0000] {dag.py:3089} INFO - Sync 1 DAGs
[2026-09-08T17:42:54.252+0000] {logging_mixin.py:188} INFO - [2026-09-08T17:42:54.251+0000] {dag.py:3947} INFO - Setting next_dagrun for steam_analytics_daily to 2026-09-08 02:00:00+00:00, run_after=2026-09-09 02:00:00+00:00
[2026-09-08T17:42:54.271+0000] {processor.py:183} INFO - Processing /opt/airflow/dags/steam_analytics.py took 0.220 seconds
[2026-09-08T17:43:24.422+0000] {processor.py:161} INFO - Started process (PID=292) to work on /opt/airflow/dags/steam_analytics.py
[2026-09-08T17:43:24.424+0000] {processor.py:830} INFO - Processing file /opt/airflow/dags/steam_analytics.py for tasks to queue
[2026-09-08T17:43:24.426+0000] {logging_mixin.py:188} INFO - [2026-09-08T17:43:24.425+0000] {dagbag.py:545} INFO - Filling up the DagBag from /opt/airflow/dags/steam_analytics.py
[2026-09-08T17:43:24.646+0000] {processor.py:840} INFO - DAG(s) 'steam_analytics_daily' retrieved from /opt/airflow/dags/steam_analytics.py
[2026-09-08T17:43:24.678+0000] {logging_mixin.py:188} INFO - [2026-09-08T17:43:24.678+0000] {dag.py:3089} INFO - Sync 1 DAGs
[2026-09-08T17:43:24.705+0000] {logging_mixin.py:188} INFO - [2026-09-08T17:43:24.705+0000] {dag.py:3947} INFO - Setting next_dagrun for steam_analytics_daily to 2026-09-08 02:00:00+00:00, run_after=2026-09-09 02:00:00+00:00
[2026-09-08T17:43:24.724+0000] {processor.py:183} INFO - Processing /opt/airflow/dags/steam_analytics.py took 0.308 seconds
[2026-09-08T17:43:54.872+0000] {processor.py:161} INFO - Started process (PID=297) to work on /opt/airflow/dags/steam_analytics.py
[2026-09-08T17:43:54.873+0000] {processor.py:830} INFO - Processing file /opt/airflow/dags/steam_analytics.py for tasks to queue
[2026-09-08T17:43:54.875+0000] {logging_mixin.py:188} INFO - [2026-09-08T17:43:54.875+0000] {dagbag.py:545} INFO - Filling up the DagBag from /opt/airflow/dags/steam_analytics.py
[2026-09-08T17:43:55.036+0000] {processor.py:840} INFO - DAG(s) 'steam_analytics_daily' retrieved from /opt/airflow/dags/steam_analytics.py
[2026-09-08T17:43:55.068+0000] {logging_mixin.py:188} INFO - [2026-09-08T17:43:55.067+0000] {dag.py:3089} INFO - Sync 1 DAGs
[2026-09-08T17:43:55.089+0000] {logging_mixin.py:188} INFO - [2026-09-08T17:43:55.089+0000] {dag.py:3947} INFO - Setting next_dagrun for steam_analytics_daily to 2026-09-08 02:00:00+00:00, run_after=2026-09-09 02:00:00+00:00
[2026-09-08T17:43:55.108+0000] {processor.py:183} INFO - Processing /opt/airflow/dags/steam_analytics.py took 0.242 seconds
[2026-09-08T17:44:25.243+0000] {processor.py:161} INFO - Started process (PID=302) to work on /opt/airflow/dags/steam_analytics.py
[2026-09-08T17:44:25.244+0000] {processor.py:830} INFO - Processing file /opt/airflow/dags/steam_analytics.py for tasks to queue
[2026-09-08T17:44:25.246+0000] {logging_mixin.py:188} INFO - [2026-09-08T17:44:25.245+0000] {dagbag.py:545} INFO - Filling up the DagBag from /opt/airflow/dags/steam_analytics.py
[2026-09-08T17:44:25.400+0000] {processor.py:840} INFO - DAG(s) 'steam_analytics_daily' retrieved from /opt/airflow/dags/steam_analytics.py
[2026-09-08T17:44:25.427+0000] {logging_mixin.py:188} INFO - [2026-09-08T17:44:25.427+0000] {dag.py:3089} INFO - Sync 1 DAGs
[2026-09-08T17:44:25.448+0000] {logging_mixin.py:188} INFO - [2026-09-08T17:44:25.448+0000] {dag.py:3947} INFO - Setting next_dagrun for steam_analytics_daily to 2026-09-08 02:00:00+00:00, run_after=2026-09-09 02:00:00+00:00
[2026-09-08T17:44:25.465+0000] {processor.py:183} INFO - Processing /opt/airflow/dags/steam_analytics.py took 0.226 seconds
[2026-09-08T17:44:55.599+0000] {processor.py:161} INFO - Started process (PID=307) to work on /opt/airflow/dags/steam_analytics.py
[2026-09-08T17:44:55.600+0000] {processor.py:830} INFO - Processing file /opt/airflow/dags/steam_analytics.py for tasks to queue
[2026-09-08T17:44:55.601+0000] {logging_mixin.py:188} INFO - [2026-09-08T17:44:55.601+0000] {dagbag.py:545} INFO - Filling up the DagBag from /opt/airflow/dags/steam_analytics.py
[2026-09-08T17:44:55.749+0000] {processor.py:840} INFO - DAG(s) 'steam_analytics_daily' retrieved from /opt/airflow/dags/steam_analytics.py
[2026-09-08T17:44:55.778+0000] {logging_mixin.py:188} INFO - [2026-09-08T17:44:55.777+0000] {dag.py:3089} INFO - Sync 1 DAGs
[2026-09-08T17:44:55.801+0000] {logging_mixin.py:188} INFO - [2026-09-08T17:44:55.800+0000] {dag.py:3947} INFO - Setting next_dagrun for steam_analytics_daily to 2026-09-08 02:00:00+00:00, run_after=2026-09-09 02:00:00+00:00
[2026-09-08T17:44:55.818+0000] {processor.py:183} INFO - Processing /opt/airflow/dags/steam_analytics.py took 0.224 seconds
[2026-09-08T17:45:25.957+0000] {processor.py:161} INFO - Started process (PID=312) to work on /opt/airflow/dags/steam_analytics.py
[2026-09-08T17:45:25.957+0000] {processor.py:830} INFO - Processing file /opt/airflow/dags/steam_analytics.py for tasks to queue
[2026-09-08T17:45:25.959+0000] {logging_mixin.py:188} INFO - [2026-09-08T17:45:25.959+0000] {dagbag.py:545} INFO - Filling up the DagBag from /opt/airflow/dags/steam_analytics.py
[2026-09-08T17:45:26.112+0000] {processor.py:840} INFO - DAG(s) 'steam_analytics_daily' retrieved from /opt/airflow/dags/steam_analytics.py
[2026-09-08T17:45:26.143+0000] {logging_mixin.py:188} INFO - [2026-09-08T17:45:26.143+0000] {dag.py:3089} INFO - Sync 1 DAGs
[2026-09-08T17:45:26.166+0000] {logging_mixin.py:188} INFO - [2026-09-08T17:45:26.166+0000] {dag.py:3947} INFO - Setting next_dagrun for steam_analytics_daily to 2026-09-08 02:00:00+00:00, run_after=2026-09-09 02:00:00+00:00
[2026-09-08T17:45:26.186+0000] {processor.py:183} INFO - Processing /opt/airflow/dags/steam_analytics.py took 0.234 seconds
[2026-09-08T17:45:56.327+0000] {processor.py:161} INFO - Started process (PID=317) to work on /opt/airflow/dags/steam_analytics.py
[2026-09-08T17:45:56.328+0000] {processor.py:830} INFO - Processing file /opt/airflow/dags/steam_analytics.py for tasks to queue
[2026-09-08T17:45:56.329+0000] {logging_mixin.py:188} INFO - [2026-09-08T17:45:56.329+0000] {dagbag.py:545} INFO - Filling up the DagBag from /opt/airflow/dags/steam_analytics.py
[2026-09-08T17:45:56.500+0000] {processor.py:840} INFO - DAG(s) 'steam_analytics_daily' retrieved from /opt/airflow/dags/steam_analytics.py
[2026-09-08T17:45:56.527+0000] {logging_mixin.py:188} INFO - [2026-09-08T17:45:56.526+0000] {dag.py:3089} INFO - Sync 1 DAGs
[2026-09-08T17:45:56.547+0000] {logging_mixin.py:188} INFO - [2026-09-08T17:45:56.546+0000] {dag.py:3947} INFO - Setting next_dagrun for steam_analytics_daily to 2026-09-08 02:00:00+00:00, run_after=2026-09-09 02:00:00+00:00
[2026-09-08T17:45:56.564+0000] {processor.py:183} INFO - Processing /opt/airflow/dags/steam_analytics.py took 0.242 seconds
[2026-09-08T17:46:26.697+0000] {processor.py:161} INFO - Started process (PID=322) to work on /opt/airflow/dags/steam_analytics.py
[2026-09-08T17:46:26.698+0000] {processor.py:830} INFO - Processing file /opt/airflow/dags/steam_analytics.py for tasks to queue
[2026-09-08T17:46:26.700+0000] {logging_mixin.py:188} INFO - [2026-09-08T17:46:26.699+0000] {dagbag.py:545} INFO - Filling up the DagBag from /opt/airflow/dags/steam_analytics.py
[2026-09-08T17:46:26.846+0000] {processor.py:840} INFO - DAG(s) 'steam_analytics_daily' retrieved from /opt/airflow/dags/steam_analytics.py
[2026-09-08T17:46:26.874+0000] {logging_mixin.py:188} INFO - [2026-09-08T17:46:26.874+0000] {dag.py:3089} INFO - Sync 1 DAGs
[2026-09-08T17:46:26.895+0000] {logging_mixin.py:188} INFO - [2026-09-08T17:46:26.895+0000] {dag.py:3947} INFO - Setting next_dagrun for steam_analytics_daily to 2026-09-08 02:00:00+00:00, run_after=2026-09-09 02:00:00+00:00
[2026-09-08T17:46:26.914+0000] {processor.py:183} INFO - Processing /opt/airflow/dags/steam_analytics.py took 0.221 seconds
[2026-09-08T17:46:57.049+0000] {processor.py:161} INFO - Started process (PID=327) to work on /opt/airflow/dags/steam_analytics.py
[2026-09-08T17:46:57.050+0000] {processor.py:830} INFO - Processing file /opt/airflow/dags/steam_analytics.py for tasks to queue
[2026-09-08T17:46:57.052+0000] {logging_mixin.py:188} INFO - [2026-09-08T17:46:57.051+0000] {dagbag.py:545} INFO - Filling up the DagBag from /opt/airflow/dags/steam_analytics.py
[2026-09-08T17:46:57.204+0000] {processor.py:840} INFO - DAG(s) 'steam_analytics_daily' retrieved from /opt/airflow/dags/steam_analytics.py
[2026-09-08T17:46:57.232+0000] {logging_mixin.py:188} INFO - [2026-09-08T17:46:57.232+0000] {dag.py:3089} INFO - Sync 1 DAGs
[2026-09-08T17:46:57.253+0000] {logging_mixin.py:188} INFO - [2026-09-08T17:46:57.253+0000] {dag.py:3947} INFO - Setting next_dagrun for steam_analytics_daily to 2026-09-08 02:00:00+00:00, run_after=2026-09-09 02:00:00+00:00
[2026-09-08T17:46:57.270+0000] {processor.py:183} INFO - Processing /opt/airflow/dags/steam_analytics.py took 0.227 seconds
[2026-09-08T17:47:27.401+0000] {processor.py:161} INFO - Started process (PID=332) to work on /opt/airflow/dags/steam_analytics.py
[2026-09-08T17:47:27.402+0000] {processor.py:830} INFO - Processing file /opt/airflow/dags/steam_analytics.py for tasks to queue
[2026-09-08T17:47:27.403+0000] {logging_mixin.py:188} INFO - [2026-09-08T17:47:27.403+0000] {dagbag.py:545} INFO - Filling up the DagBag from /opt/airflow/dags/steam_analytics.py
[2026-09-08T17:47:27.544+0000] {processor.py:840} INFO - DAG(s) 'steam_analytics_daily' retrieved from /opt/airflow/dags/steam_analytics.py
[2026-09-08T17:47:27.577+0000] {logging_mixin.py:188} INFO - [2026-09-08T17:47:27.577+0000] {dag.py:3089} INFO - Sync 1 DAGs
[2026-09-08T17:47:27.598+0000] {logging_mixin.py:188} INFO - [2026-09-08T17:47:27.598+0000] {dag.py:3947} INFO - Setting next_dagrun for steam_analytics_daily to 2026-09-08 02:00:00+00:00, run_after=2026-09-09 02:00:00+00:00
[2026-09-08T17:47:27.616+0000] {processor.py:183} INFO - Processing /opt/airflow/dags/steam_analytics.py took 0.220 seconds
[2026-09-08T17:47:57.749+0000] {processor.py:161} INFO - Started process (PID=337) to work on /opt/airflow/dags/steam_analytics.py
[2026-09-08T17:47:57.750+0000] {processor.py:830} INFO - Processing file /opt/airflow/dags/steam_analytics.py for tasks to queue
[2026-09-08T17:47:57.751+0000] {logging_mixin.py:188} INFO - [2026-09-08T17:47:57.751+0000] {dagbag.py:545} INFO - Filling up the DagBag from /opt/airflow/dags/steam_analytics.py
[2026-09-08T17:47:57.892+0000] {processor.py:840} INFO - DAG(s) 'steam_analytics_daily' retrieved from /opt/airflow/dags/steam_analytics.py
[2026-09-08T17:47:57.920+0000] {logging_mixin.py:188} INFO - [2026-09-08T17:47:57.920+0000] {dag.py:3089} INFO - Sync 1 DAGs
[2026-09-08T17:47:57.943+0000] {logging_mixin.py:188} INFO - [2026-09-08T17:47:57.943+0000] {dag.py:3947} INFO - Setting next_dagrun for steam_analytics_daily to 2026-09-08 02:00:00+00:00, run_after=2026-09-09 02:00:00+00:00
[2026-09-08T17:47:57.962+0000] {processor.py:183} INFO - Processing /opt/airflow/dags/steam_analytics.py took 0.218 seconds
[2026-09-08T17:48:28.095+0000] {processor.py:161} INFO - Started process (PID=342) to work on /opt/airflow/dags/steam_analytics.py
[2026-09-08T17:48:28.096+0000] {processor.py:830} INFO - Processing file /opt/airflow/dags/steam_analytics.py for tasks to queue
[2026-09-08T17:48:28.097+0000] {logging_mixin.py:188} INFO - [2026-09-08T17:48:28.097+0000] {dagbag.py:545} INFO - Filling up the DagBag from /opt/airflow/dags/steam_analytics.py
[2026-09-08T17:48:28.238+0000] {processor.py:840} INFO - DAG(s) 'steam_analytics_daily' retrieved from /opt/airflow/dags/steam_analytics.py
[2026-09-08T17:48:28.265+0000] {logging_mixin.py:188} INFO - [2026-09-08T17:48:28.265+0000] {dag.py:3089} INFO - Sync 1 DAGs
[2026-09-08T17:48:28.286+0000] {logging_mixin.py:188} INFO - [2026-09-08T17:48:28.286+0000] {dag.py:3947} INFO - Setting next_dagrun for steam_analytics_daily to 2026-09-08 02:00:00+00:00, run_after=2026-09-09 02:00:00+00:00
[2026-09-08T17:48:28.302+0000] {processor.py:183} INFO - Processing /opt/airflow/dags/steam_analytics.py took 0.211 seconds
[2026-09-08T17:48:58.432+0000] {processor.py:161} INFO - Started process (PID=347) to work on /opt/airflow/dags/steam_analytics.py
[2026-09-08T17:48:58.433+0000] {processor.py:830} INFO - Processing file /opt/airflow/dags/steam_analytics.py for tasks to queue
[2026-09-08T17:48:58.434+0000] {logging_mixin.py:188} INFO - [2026-09-08T17:48:58.434+0000] {dagbag.py:545} INFO - Filling up the DagBag from /opt/airflow/dags/steam_analytics.py
[2026-09-08T17:48:58.575+0000] {processor.py:840} INFO - DAG(s) 'steam_analytics_daily' retrieved from /opt/airflow/dags/steam_analytics.py
[2026-09-08T17:48:58.604+0000] {logging_mixin.py:188} INFO - [2026-09-08T17:48:58.603+0000] {dag.py:3089} INFO - Sync 1 DAGs
[2026-09-08T17:48:58.625+0000] {logging_mixin.py:188} INFO - [2026-09-08T17:48:58.624+0000] {dag.py:3947} INFO - Setting next_dagrun for steam_analytics_daily to 2026-09-08 02:00:00+00:00, run_after=2026-09-09 02:00:00+00:00
[2026-09-08T17:48:58.642+0000] {processor.py:183} INFO - Processing /opt/airflow/dags/steam_analytics.py took 0.215 seconds
[2026-09-08T17:49:28.776+0000] {processor.py:161} INFO - Started process (PID=352) to work on /opt/airflow/dags/steam_analytics.py
[2026-09-08T17:49:28.777+0000] {processor.py:830} INFO - Processing file /opt/airflow/dags/steam_analytics.py for tasks to queue
[2026-09-08T17:49:28.780+0000] {logging_mixin.py:188} INFO - [2026-09-08T17:49:28.780+0000] {dagbag.py:545} INFO - Filling up the DagBag from /opt/airflow/dags/steam_analytics.py
[2026-09-08T17:49:28.936+0000] {processor.py:840} INFO - DAG(s) 'steam_analytics_daily' retrieved from /opt/airflow/dags/steam_analytics.py
[2026-09-08T17:49:28.964+0000] {logging_mixin.py:188} INFO - [2026-09-08T17:49:28.964+0000] {dag.py:3089} INFO - Sync 1 DAGs
[2026-09-08T17:49:28.984+0000] {logging_mixin.py:188} INFO - [2026-09-08T17:49:28.984+0000] {dag.py:3947} INFO - Setting next_dagrun for steam_analytics_daily to 2026-09-08 02:00:00+00:00, run_after=2026-09-09 02:00:00+00:00
[2026-09-08T17:49:29.002+0000] {processor.py:183} INFO - Processing /opt/airflow/dags/steam_analytics.py took 0.230 seconds
[2026-09-08T17:49:59.133+0000] {processor.py:161} INFO - Started process (PID=357) to work on /opt/airflow/dags/steam_analytics.py
[2026-09-08T17:49:59.134+0000] {processor.py:830} INFO - Processing file /opt/airflow/dags/steam_analytics.py for tasks to queue
[2026-09-08T17:49:59.135+0000] {logging_mixin.py:188} INFO - [2026-09-08T17:49:59.135+0000] {dagbag.py:545} INFO - Filling up the DagBag from /opt/airflow/dags/steam_analytics.py
[2026-09-08T17:49:59.298+0000] {processor.py:840} INFO - DAG(s) 'steam_analytics_daily' retrieved from /opt/airflow/dags/steam_analytics.py
[2026-09-08T17:49:59.329+0000] {logging_mixin.py:188} INFO - [2026-09-08T17:49:59.329+0000] {dag.py:3089} INFO - Sync 1 DAGs
[2026-09-08T17:49:59.355+0000] {logging_mixin.py:188} INFO - [2026-09-08T17:49:59.354+0000] {dag.py:3947} INFO - Setting next_dagrun for steam_analytics_daily to 2026-09-08 02:00:00+00:00, run_after=2026-09-09 02:00:00+00:00
[2026-09-08T17:49:59.376+0000] {processor.py:183} INFO - Processing /opt/airflow/dags/steam_analytics.py took 0.248 seconds
[2026-09-08T17:50:29.507+0000] {processor.py:161} INFO - Started process (PID=362) to work on /opt/airflow/dags/steam_analytics.py
[2026-09-08T17:50:29.508+0000] {processor.py:830} INFO - Processing file /opt/airflow/dags/steam_analytics.py for tasks to queue
[2026-09-08T17:50:29.509+0000] {logging_mixin.py:188} INFO - [2026-09-08T17:50:29.509+0000] {dagbag.py:545} INFO - Filling up the DagBag from /opt/airflow/dags/steam_analytics.py
[2026-09-08T17:50:29.657+0000] {processor.py:840} INFO - DAG(s) 'steam_analytics_daily' retrieved from /opt/airflow/dags/steam_analytics.py
[2026-09-08T17:50:29.684+0000] {logging_mixin.py:188} INFO - [2026-09-08T17:50:29.684+0000] {dag.py:3089} INFO - Sync 1 DAGs
[2026-09-08T17:50:29.706+0000] {logging_mixin.py:188} INFO - [2026-09-08T17:50:29.705+0000] {dag.py:3947} INFO - Setting next_dagrun for steam_analytics_daily to 2026-09-08 02:00:00+00:00, run_after=2026-09-09 02:00:00+00:00
[2026-09-08T17:50:29.722+0000] {processor.py:183} INFO - Processing /opt/airflow/dags/steam_analytics.py took 0.221 seconds
[2026-09-08T17:50:59.859+0000] {processor.py:161} INFO - Started process (PID=367) to work on /opt/airflow/dags/steam_analytics.py
[2026-09-08T17:50:59.860+0000] {processor.py:830} INFO - Processing file /opt/airflow/dags/steam_analytics.py for tasks to queue
[2026-09-08T17:50:59.861+0000] {logging_mixin.py:188} INFO - [2026-09-08T17:50:59.861+0000] {dagbag.py:545} INFO - Filling up the DagBag from /opt/airflow/dags/steam_analytics.py
[2026-09-08T17:51:00.020+0000] {processor.py:840} INFO - DAG(s) 'steam_analytics_daily' retrieved from /opt/airflow/dags/steam_analytics.py
[2026-09-08T17:51:00.050+0000] {logging_mixin.py:188} INFO - [2026-09-08T17:51:00.050+0000] {dag.py:3089} INFO - Sync 1 DAGs
[2026-09-08T17:51:00.073+0000] {logging_mixin.py:188} INFO - [2026-09-08T17:51:00.073+0000] {dag.py:3947} INFO - Setting next_dagrun for steam_analytics_daily to 2026-09-08 02:00:00+00:00, run_after=2026-09-09 02:00:00+00:00
[2026-09-08T17:51:00.103+0000] {processor.py:183} INFO - Processing /opt/airflow/dags/steam_analytics.py took 0.250 seconds
[2026-09-08T17:51:30.242+0000] {processor.py:161} INFO - Started process (PID=372) to work on /opt/airflow/dags/steam_analytics.py
[2026-09-08T17:51:30.243+0000] {processor.py:830} INFO - Processing file /opt/airflow/dags/steam_analytics.py for tasks to queue
[2026-09-08T17:51:30.244+0000] {logging_mixin.py:188} INFO - [2026-09-08T17:51:30.244+0000] {dagbag.py:545} INFO - Filling up the DagBag from /opt/airflow/dags/steam_analytics.py
[2026-09-08T17:51:30.385+0000] {processor.py:840} INFO - DAG(s) 'steam_analytics_daily' retrieved from /opt/airflow/dags/steam_analytics.py
[2026-09-08T17:51:30.413+0000] {logging_mixin.py:188} INFO - [2026-09-08T17:51:30.413+0000] {dag.py:3089} INFO - Sync 1 DAGs
[2026-09-08T17:51:30.435+0000] {logging_mixin.py:188} INFO - [2026-09-08T17:51:30.434+0000] {dag.py:3947} INFO - Setting next_dagrun for steam_analytics_daily to 2026-09-08 02:00:00+00:00, run_after=2026-09-09 02:00:00+00:00
[2026-09-08T17:51:30.452+0000] {processor.py:183} INFO - Processing /opt/airflow/dags/steam_analytics.py took 0.215 seconds
[2026-09-08T17:52:00.580+0000] {processor.py:161} INFO - Started process (PID=377) to work on /opt/airflow/dags/steam_analytics.py
[2026-09-08T17:52:00.581+0000] {processor.py:830} INFO - Processing file /opt/airflow/dags/steam_analytics.py for tasks to queue
[2026-09-08T17:52:00.584+0000] {logging_mixin.py:188} INFO - [2026-09-08T17:52:00.583+0000] {dagbag.py:545} INFO - Filling up the DagBag from /opt/airflow/dags/steam_analytics.py
[2026-09-08T17:52:00.735+0000] {processor.py:840} INFO - DAG(s) 'steam_analytics_daily' retrieved from /opt/airflow/dags/steam_analytics.py
[2026-09-08T17:52:00.762+0000] {logging_mixin.py:188} INFO - [2026-09-08T17:52:00.762+0000] {dag.py:3089} INFO - Sync 1 DAGs
[2026-09-08T17:52:00.783+0000] {logging_mixin.py:188} INFO - [2026-09-08T17:52:00.783+0000] {dag.py:3947} INFO - Setting next_dagrun for steam_analytics_daily to 2026-09-08 02:00:00+00:00, run_after=2026-09-09 02:00:00+00:00
[2026-09-08T17:52:00.800+0000] {processor.py:183} INFO - Processing /opt/airflow/dags/steam_analytics.py took 0.224 seconds
[2026-09-08T17:52:30.935+0000] {processor.py:161} INFO - Started process (PID=382) to work on /opt/airflow/dags/steam_analytics.py
[2026-09-08T17:52:30.936+0000] {processor.py:830} INFO - Processing file /opt/airflow/dags/steam_analytics.py for tasks to queue
[2026-09-08T17:52:30.937+0000] {logging_mixin.py:188} INFO - [2026-09-08T17:52:30.937+0000] {dagbag.py:545} INFO - Filling up the DagBag from /opt/airflow/dags/steam_analytics.py
[2026-09-08T17:52:31.080+0000] {processor.py:840} INFO - DAG(s) 'steam_analytics_daily' retrieved from /opt/airflow/dags/steam_analytics.py
[2026-09-08T17:52:31.108+0000] {logging_mixin.py:188} INFO - [2026-09-08T17:52:31.107+0000] {dag.py:3089} INFO - Sync 1 DAGs
[2026-09-08T17:52:31.130+0000] {logging_mixin.py:188} INFO - [2026-09-08T17:52:31.130+0000] {dag.py:3947} INFO - Setting next_dagrun for steam_analytics_daily to 2026-09-08 02:00:00+00:00, run_after=2026-09-09 02:00:00+00:00
[2026-09-08T17:52:31.148+0000] {processor.py:183} INFO - Processing /opt/airflow/dags/steam_analytics.py took 0.218 seconds
[2026-09-08T17:53:01.279+0000] {processor.py:161} INFO - Started process (PID=387) to work on /opt/airflow/dags/steam_analytics.py
[2026-09-08T17:53:01.280+0000] {processor.py:830} INFO - Processing file /opt/airflow/dags/steam_analytics.py for tasks to queue
[2026-09-08T17:53:01.281+0000] {logging_mixin.py:188} INFO - [2026-09-08T17:53:01.281+0000] {dagbag.py:545} INFO - Filling up the DagBag from /opt/airflow/dags/steam_analytics.py
[2026-09-08T17:53:01.428+0000] {processor.py:840} INFO - DAG(s) 'steam_analytics_daily' retrieved from /opt/airflow/dags/steam_analytics.py
[2026-09-08T17:53:01.455+0000] {logging_mixin.py:188} INFO - [2026-09-08T17:53:01.455+0000] {dag.py:3089} INFO - Sync 1 DAGs
[2026-09-08T17:53:01.476+0000] {logging_mixin.py:188} INFO - [2026-09-08T17:53:01.476+0000] {dag.py:3947} INFO - Setting next_dagrun for steam_analytics_daily to 2026-09-08 02:00:00+00:00, run_after=2026-09-09 02:00:00+00:00
[2026-09-08T17:53:01.492+0000] {processor.py:183} INFO - Processing /opt/airflow/dags/steam_analytics.py took 0.217 seconds
[2026-09-08T17:53:31.621+0000] {processor.py:161} INFO - Started process (PID=392) to work on /opt/airflow/dags/steam_analytics.py
[2026-09-08T17:53:31.622+0000] {processor.py:830} INFO - Processing file /opt/airflow/dags/steam_analytics.py for tasks to queue
[2026-09-08T17:53:31.624+0000] {logging_mixin.py:188} INFO - [2026-09-08T17:53:31.623+0000] {dagbag.py:545} INFO - Filling up the DagBag from /opt/airflow/dags/steam_analytics.py
[2026-09-08T17:53:31.766+0000] {processor.py:840} INFO - DAG(s) 'steam_analytics_daily' retrieved from /opt/airflow/dags/steam_analytics.py
[2026-09-08T17:53:31.795+0000] {logging_mixin.py:188} INFO - [2026-09-08T17:53:31.795+0000] {dag.py:3089} INFO - Sync 1 DAGs
[2026-09-08T17:53:31.817+0000] {logging_mixin.py:188} INFO - [2026-09-08T17:53:31.817+0000] {dag.py:3947} INFO - Setting next_dagrun for steam_analytics_daily to 2026-09-08 02:00:00+00:00, run_after=2026-09-09 02:00:00+00:00
[2026-09-08T17:53:31.835+0000] {processor.py:183} INFO - Processing /opt/airflow/dags/steam_analytics.py took 0.218 seconds
[2026-09-08T17:54:01.969+0000] {processor.py:161} INFO - Started process (PID=397) to work on /opt/airflow/dags/steam_analytics.py
[2026-09-08T17:54:01.970+0000] {processor.py:830} INFO - Processing file /opt/airflow/dags/steam_analytics.py for tasks to queue
[2026-09-08T17:54:01.971+0000] {logging_mixin.py:188} INFO - [2026-09-08T17:54:01.971+0000] {dagbag.py:545} INFO - Filling up the DagBag from /opt/airflow/dags/steam_analytics.py
[2026-09-08T17:54:02.126+0000] {processor.py:840} INFO - DAG(s) 'steam_analytics_daily' retrieved from /opt/airflow/dags/steam_analytics.py
[2026-09-08T17:54:02.157+0000] {logging_mixin.py:188} INFO - [2026-09-08T17:54:02.156+0000] {dag.py:3089} INFO - Sync 1 DAGs
[2026-09-08T17:54:02.179+0000] {logging_mixin.py:188} INFO - [2026-09-08T17:54:02.178+0000] {dag.py:3947} INFO - Setting next_dagrun for steam_analytics_daily to 2026-09-08 02:00:00+00:00, run_after=2026-09-09 02:00:00+00:00
[2026-09-08T17:54:02.196+0000] {processor.py:183} INFO - Processing /opt/airflow/dags/steam_analytics.py took 0.232 seconds
[2026-09-08T17:54:32.334+0000] {processor.py:161} INFO - Started process (PID=402) to work on /opt/airflow/dags/steam_analytics.py
[2026-09-08T17:54:32.335+0000] {processor.py:830} INFO - Processing file /opt/airflow/dags/steam_analytics.py for tasks to queue
[2026-09-08T17:54:32.337+0000] {logging_mixin.py:188} INFO - [2026-09-08T17:54:32.337+0000] {dagbag.py:545} INFO - Filling up the DagBag from /opt/airflow/dags/steam_analytics.py
[2026-09-08T17:54:32.502+0000] {processor.py:840} INFO - DAG(s) 'steam_analytics_daily' retrieved from /opt/airflow/dags/steam_analytics.py
[2026-09-08T17:54:32.536+0000] {logging_mixin.py:188} INFO - [2026-09-08T17:54:32.535+0000] {dag.py:3089} INFO - Sync 1 DAGs
[2026-09-08T17:54:32.560+0000] {logging_mixin.py:188} INFO - [2026-09-08T17:54:32.560+0000] {dag.py:3947} INFO - Setting next_dagrun for steam_analytics_daily to 2026-09-08 02:00:00+00:00, run_after=2026-09-09 02:00:00+00:00
[2026-09-08T17:54:32.585+0000] {processor.py:183} INFO - Processing /opt/airflow/dags/steam_analytics.py took 0.256 seconds
[2026-09-08T17:55:02.717+0000] {processor.py:161} INFO - Started process (PID=407) to work on /opt/airflow/dags/steam_analytics.py
[2026-09-08T17:55:02.717+0000] {processor.py:830} INFO - Processing file /opt/airflow/dags/steam_analytics.py for tasks to queue
[2026-09-08T17:55:02.719+0000] {logging_mixin.py:188} INFO - [2026-09-08T17:55:02.718+0000] {dagbag.py:545} INFO - Filling up the DagBag from /opt/airflow/dags/steam_analytics.py
[2026-09-08T17:55:02.865+0000] {processor.py:840} INFO - DAG(s) 'steam_analytics_daily' retrieved from /opt/airflow/dags/steam_analytics.py
[2026-09-08T17:55:02.897+0000] {logging_mixin.py:188} INFO - [2026-09-08T17:55:02.897+0000] {dag.py:3089} INFO - Sync 1 DAGs
[2026-09-08T17:55:02.921+0000] {logging_mixin.py:188} INFO - [2026-09-08T17:55:02.920+0000] {dag.py:3947} INFO - Setting next_dagrun for steam_analytics_daily to 2026-09-08 02:00:00+00:00, run_after=2026-09-09 02:00:00+00:00
[2026-09-08T17:55:02.943+0000] {processor.py:183} INFO - Processing /opt/airflow/dags/steam_analytics.py took 0.231 seconds
[2026-09-08T17:55:32.993+0000] {processor.py:161} INFO - Started process (PID=412) to work on /opt/airflow/dags/steam_analytics.py
[2026-09-08T17:55:32.994+0000] {processor.py:830} INFO - Processing file /opt/airflow/dags/steam_analytics.py for tasks to queue
[2026-09-08T17:55:32.996+0000] {logging_mixin.py:188} INFO - [2026-09-08T17:55:32.995+0000] {dagbag.py:545} INFO - Filling up the DagBag from /opt/airflow/dags/steam_analytics.py
[2026-09-08T17:55:33.163+0000] {processor.py:840} INFO - DAG(s) 'steam_analytics_daily' retrieved from /opt/airflow/dags/steam_analytics.py
[2026-09-08T17:55:33.191+0000] {logging_mixin.py:188} INFO - [2026-09-08T17:55:33.191+0000] {dag.py:3089} INFO - Sync 1 DAGs
[2026-09-08T17:55:33.212+0000] {logging_mixin.py:188} INFO - [2026-09-08T17:55:33.212+0000] {dag.py:3947} INFO - Setting next_dagrun for steam_analytics_daily to 2026-09-08 02:00:00+00:00, run_after=2026-09-09 02:00:00+00:00
[2026-09-08T17:55:33.228+0000] {processor.py:183} INFO - Processing /opt/airflow/dags/steam_analytics.py took 0.240 seconds
[2026-09-08T17:56:03.355+0000] {processor.py:161} INFO - Started process (PID=417) to work on /opt/airflow/dags/steam_analytics.py
[2026-09-08T17:56:03.355+0000] {processor.py:830} INFO - Processing file /opt/airflow/dags/steam_analytics.py for tasks to queue
[2026-09-08T17:56:03.357+0000] {logging_mixin.py:188} INFO - [2026-09-08T17:56:03.356+0000] {dagbag.py:545} INFO - Filling up the DagBag from /opt/airflow/dags/steam_analytics.py
[2026-09-08T17:56:03.509+0000] {processor.py:840} INFO - DAG(s) 'steam_analytics_daily' retrieved from /opt/airflow/dags/steam_analytics.py
[2026-09-08T17:56:03.540+0000] {logging_mixin.py:188} INFO - [2026-09-08T17:56:03.540+0000] {dag.py:3089} INFO - Sync 1 DAGs
[2026-09-08T17:56:03.563+0000] {logging_mixin.py:188} INFO - [2026-09-08T17:56:03.563+0000] {dag.py:3947} INFO - Setting next_dagrun for steam_analytics_daily to 2026-09-08 02:00:00+00:00, run_after=2026-09-09 02:00:00+00:00
[2026-09-08T17:56:03.581+0000] {processor.py:183} INFO - Processing /opt/airflow/dags/steam_analytics.py took 0.231 seconds
[2026-09-08T17:56:33.710+0000] {processor.py:161} INFO - Started process (PID=422) to work on /opt/airflow/dags/steam_analytics.py
[2026-09-08T17:56:33.711+0000] {processor.py:830} INFO - Processing file /opt/airflow/dags/steam_analytics.py for tasks to queue
[2026-09-08T17:56:33.713+0000] {logging_mixin.py:188} INFO - [2026-09-08T17:56:33.713+0000] {dagbag.py:545} INFO - Filling up the DagBag from /opt/airflow/dags/steam_analytics.py
[2026-09-08T17:56:33.872+0000] {processor.py:840} INFO - DAG(s) 'steam_analytics_daily' retrieved from /opt/airflow/dags/steam_analytics.py
[2026-09-08T17:56:33.903+0000] {logging_mixin.py:188} INFO - [2026-09-08T17:56:33.903+0000] {dag.py:3089} INFO - Sync 1 DAGs
[2026-09-08T17:56:33.927+0000] {logging_mixin.py:188} INFO - [2026-09-08T17:56:33.927+0000] {dag.py:3947} INFO - Setting next_dagrun for steam_analytics_daily to 2026-09-08 02:00:00+00:00, run_after=2026-09-09 02:00:00+00:00
[2026-09-08T17:56:33.947+0000] {processor.py:183} INFO - Processing /opt/airflow/dags/steam_analytics.py took 0.243 seconds
[2026-09-08T17:57:04.086+0000] {processor.py:161} INFO - Started process (PID=427) to work on /opt/airflow/dags/steam_analytics.py
[2026-09-08T17:57:04.087+0000] {processor.py:830} INFO - Processing file /opt/airflow/dags/steam_analytics.py for tasks to queue
[2026-09-08T17:57:04.089+0000] {logging_mixin.py:188} INFO - [2026-09-08T17:57:04.089+0000] {dagbag.py:545} INFO - Filling up the DagBag from /opt/airflow/dags/steam_analytics.py
[2026-09-08T17:57:04.241+0000] {processor.py:840} INFO - DAG(s) 'steam_analytics_daily' retrieved from /opt/airflow/dags/steam_analytics.py
[2026-09-08T17:57:04.277+0000] {logging_mixin.py:188} INFO - [2026-09-08T17:57:04.276+0000] {dag.py:3089} INFO - Sync 1 DAGs
[2026-09-08T17:57:04.307+0000] {logging_mixin.py:188} INFO - [2026-09-08T17:57:04.307+0000] {dag.py:3947} INFO - Setting next_dagrun for steam_analytics_daily to 2026-09-08 02:00:00+00:00, run_after=2026-09-09 02:00:00+00:00
[2026-09-08T17:57:04.328+0000] {processor.py:183} INFO - Processing /opt/airflow/dags/steam_analytics.py took 0.247 seconds
[2026-09-08T17:57:34.469+0000] {processor.py:161} INFO - Started process (PID=432) to work on /opt/airflow/dags/steam_analytics.py
[2026-09-08T17:57:34.471+0000] {processor.py:830} INFO - Processing file /opt/airflow/dags/steam_analytics.py for tasks to queue
[2026-09-08T17:57:34.474+0000] {logging_mixin.py:188} INFO - [2026-09-08T17:57:34.473+0000] {dagbag.py:545} INFO - Filling up the DagBag from /opt/airflow/dags/steam_analytics.py
[2026-09-08T17:57:34.624+0000] {processor.py:840} INFO - DAG(s) 'steam_analytics_daily' retrieved from /opt/airflow/dags/steam_analytics.py
[2026-09-08T17:57:34.664+0000] {logging_mixin.py:188} INFO - [2026-09-08T17:57:34.664+0000] {dag.py:3089} INFO - Sync 1 DAGs
[2026-09-08T17:57:34.690+0000] {logging_mixin.py:188} INFO - [2026-09-08T17:57:34.690+0000] {dag.py:3947} INFO - Setting next_dagrun for steam_analytics_daily to 2026-09-08 02:00:00+00:00, run_after=2026-09-09 02:00:00+00:00
[2026-09-08T17:57:34.708+0000] {processor.py:183} INFO - Processing /opt/airflow/dags/steam_analytics.py took 0.250 seconds
[2026-09-08T17:58:04.840+0000] {processor.py:161} INFO - Started process (PID=437) to work on /opt/airflow/dags/steam_analytics.py
[2026-09-08T17:58:04.841+0000] {processor.py:830} INFO - Processing file /opt/airflow/dags/steam_analytics.py for tasks to queue
[2026-09-08T17:58:04.844+0000] {logging_mixin.py:188} INFO - [2026-09-08T17:58:04.843+0000] {dagbag.py:545} INFO - Filling up the DagBag from /opt/airflow/dags/steam_analytics.py
[2026-09-08T17:58:05.002+0000] {processor.py:840} INFO - DAG(s) 'steam_analytics_daily' retrieved from /opt/airflow/dags/steam_analytics.py
[2026-09-08T17:58:05.038+0000] {logging_mixin.py:188} INFO - [2026-09-08T17:58:05.037+0000] {dag.py:3089} INFO - Sync 1 DAGs
[2026-09-08T17:58:05.058+0000] {logging_mixin.py:188} INFO - [2026-09-08T17:58:05.058+0000] {dag.py:3947} INFO - Setting next_dagrun for steam_analytics_daily to 2026-09-08 02:00:00+00:00, run_after=2026-09-09 02:00:00+00:00
[2026-09-08T17:58:05.074+0000] {processor.py:183} INFO - Processing /opt/airflow/dags/steam_analytics.py took 0.240 seconds
[2026-09-08T17:58:35.206+0000] {processor.py:161} INFO - Started process (PID=442) to work on /opt/airflow/dags/steam_analytics.py
[2026-09-08T17:58:35.207+0000] {processor.py:830} INFO - Processing file /opt/airflow/dags/steam_analytics.py for tasks to queue
[2026-09-08T17:58:35.210+0000] {logging_mixin.py:188} INFO - [2026-09-08T17:58:35.210+0000] {dagbag.py:545} INFO - Filling up the DagBag from /opt/airflow/dags/steam_analytics.py
[2026-09-08T17:58:35.359+0000] {processor.py:840} INFO - DAG(s) 'steam_analytics_daily' retrieved from /opt/airflow/dags/steam_analytics.py
[2026-09-08T17:58:35.392+0000] {logging_mixin.py:188} INFO - [2026-09-08T17:58:35.391+0000] {dag.py:3089} INFO - Sync 1 DAGs
[2026-09-08T17:58:35.415+0000] {logging_mixin.py:188} INFO - [2026-09-08T17:58:35.415+0000] {dag.py:3947} INFO - Setting next_dagrun for steam_analytics_daily to 2026-09-08 02:00:00+00:00, run_after=2026-09-09 02:00:00+00:00
[2026-09-08T17:58:35.432+0000] {processor.py:183} INFO - Processing /opt/airflow/dags/steam_analytics.py took 0.232 seconds
[2026-09-08T17:59:05.568+0000] {processor.py:161} INFO - Started process (PID=447) to work on /opt/airflow/dags/steam_analytics.py
[2026-09-08T17:59:05.569+0000] {processor.py:830} INFO - Processing file /opt/airflow/dags/steam_analytics.py for tasks to queue
[2026-09-08T17:59:05.570+0000] {logging_mixin.py:188} INFO - [2026-09-08T17:59:05.570+0000] {dagbag.py:545} INFO - Filling up the DagBag from /opt/airflow/dags/steam_analytics.py
[2026-09-08T17:59:05.722+0000] {processor.py:840} INFO - DAG(s) 'steam_analytics_daily' retrieved from /opt/airflow/dags/steam_analytics.py
[2026-09-08T17:59:05.771+0000] {logging_mixin.py:188} INFO - [2026-09-08T17:59:05.771+0000] {dag.py:3089} INFO - Sync 1 DAGs
[2026-09-08T17:59:05.795+0000] {logging_mixin.py:188} INFO - [2026-09-08T17:59:05.795+0000] {dag.py:3947} INFO - Setting next_dagrun for steam_analytics_daily to 2026-09-08 02:00:00+00:00, run_after=2026-09-09 02:00:00+00:00
[2026-09-08T17:59:05.816+0000] {processor.py:183} INFO - Processing /opt/airflow/dags/steam_analytics.py took 0.253 seconds
[2026-09-08T17:59:35.954+0000] {processor.py:161} INFO - Started process (PID=452) to work on /opt/airflow/dags/steam_analytics.py
[2026-09-08T17:59:35.956+0000] {processor.py:830} INFO - Processing file /opt/airflow/dags/steam_analytics.py for tasks to queue
[2026-09-08T17:59:35.958+0000] {logging_mixin.py:188} INFO - [2026-09-08T17:59:35.958+0000] {dagbag.py:545} INFO - Filling up the DagBag from /opt/airflow/dags/steam_analytics.py
[2026-09-08T17:59:36.127+0000] {processor.py:840} INFO - DAG(s) 'steam_analytics_daily' retrieved from /opt/airflow/dags/steam_analytics.py
[2026-09-08T17:59:36.158+0000] {logging_mixin.py:188} INFO - [2026-09-08T17:59:36.158+0000] {dag.py:3089} INFO - Sync 1 DAGs
[2026-09-08T17:59:36.181+0000] {logging_mixin.py:188} INFO - [2026-09-08T17:59:36.180+0000] {dag.py:3947} INFO - Setting next_dagrun for steam_analytics_daily to 2026-09-08 02:00:00+00:00, run_after=2026-09-09 02:00:00+00:00
[2026-09-08T17:59:36.200+0000] {processor.py:183} INFO - Processing /opt/airflow/dags/steam_analytics.py took 0.252 seconds
[2026-09-08T18:00:06.330+0000] {processor.py:161} INFO - Started process (PID=457) to work on /opt/airflow/dags/steam_analytics.py
[2026-09-08T18:00:06.331+0000] {processor.py:830} INFO - Processing file /opt/airflow/dags/steam_analytics.py for tasks to queue
[2026-09-08T18:00:06.332+0000] {logging_mixin.py:188} INFO - [2026-09-08T18:00:06.332+0000] {dagbag.py:545} INFO - Filling up the DagBag from /opt/airflow/dags/steam_analytics.py
[2026-09-08T18:00:06.477+0000] {processor.py:840} INFO - DAG(s) 'steam_analytics_daily' retrieved from /opt/airflow/dags/steam_analytics.py
[2026-09-08T18:00:06.504+0000] {logging_mixin.py:188} INFO - [2026-09-08T18:00:06.504+0000] {dag.py:3089} INFO - Sync 1 DAGs
[2026-09-08T18:00:06.525+0000] {logging_mixin.py:188} INFO - [2026-09-08T18:00:06.525+0000] {dag.py:3947} INFO - Setting next_dagrun for steam_analytics_daily to 2026-09-08 02:00:00+00:00, run_after=2026-09-09 02:00:00+00:00
[2026-09-08T18:00:06.543+0000] {processor.py:183} INFO - Processing /opt/airflow/dags/steam_analytics.py took 0.218 seconds
[2026-09-08T18:00:36.674+0000] {processor.py:161} INFO - Started process (PID=462) to work on /opt/airflow/dags/steam_analytics.py
[2026-09-08T18:00:36.675+0000] {processor.py:830} INFO - Processing file /opt/airflow/dags/steam_analytics.py for tasks to queue
[2026-09-08T18:00:36.676+0000] {logging_mixin.py:188} INFO - [2026-09-08T18:00:36.676+0000] {dagbag.py:545} INFO - Filling up the DagBag from /opt/airflow/dags/steam_analytics.py
[2026-09-08T18:00:36.829+0000] {processor.py:840} INFO - DAG(s) 'steam_analytics_daily' retrieved from /opt/airflow/dags/steam_analytics.py
[2026-09-08T18:00:36.857+0000] {logging_mixin.py:188} INFO - [2026-09-08T18:00:36.857+0000] {dag.py:3089} INFO - Sync 1 DAGs
[2026-09-08T18:00:36.879+0000] {logging_mixin.py:188} INFO - [2026-09-08T18:00:36.879+0000] {dag.py:3947} INFO - Setting next_dagrun for steam_analytics_daily to 2026-09-08 02:00:00+00:00, run_after=2026-09-09 02:00:00+00:00
[2026-09-08T18:00:36.899+0000] {processor.py:183} INFO - Processing /opt/airflow/dags/steam_analytics.py took 0.230 seconds
[2026-09-08T18:01:07.033+0000] {processor.py:161} INFO - Started process (PID=467) to work on /opt/airflow/dags/steam_analytics.py
[2026-09-08T18:01:07.034+0000] {processor.py:830} INFO - Processing file /opt/airflow/dags/steam_analytics.py for tasks to queue
[2026-09-08T18:01:07.035+0000] {logging_mixin.py:188} INFO - [2026-09-08T18:01:07.035+0000] {dagbag.py:545} INFO - Filling up the DagBag from /opt/airflow/dags/steam_analytics.py
[2026-09-08T18:01:07.183+0000] {processor.py:840} INFO - DAG(s) 'steam_analytics_daily' retrieved from /opt/airflow/dags/steam_analytics.py
[2026-09-08T18:01:07.215+0000] {logging_mixin.py:188} INFO - [2026-09-08T18:01:07.214+0000] {dag.py:3089} INFO - Sync 1 DAGs
[2026-09-08T18:01:07.239+0000] {logging_mixin.py:188} INFO - [2026-09-08T18:01:07.239+0000] {dag.py:3947} INFO - Setting next_dagrun for steam_analytics_daily to 2026-09-08 02:00:00+00:00, run_after=2026-09-09 02:00:00+00:00
[2026-09-08T18:01:07.260+0000] {processor.py:183} INFO - Processing /opt/airflow/dags/steam_analytics.py took 0.232 seconds
[2026-09-08T18:01:37.393+0000] {processor.py:161} INFO - Started process (PID=472) to work on /opt/airflow/dags/steam_analytics.py
[2026-09-08T18:01:37.394+0000] {processor.py:830} INFO - Processing file /opt/airflow/dags/steam_analytics.py for tasks to queue
[2026-09-08T18:01:37.396+0000] {logging_mixin.py:188} INFO - [2026-09-08T18:01:37.395+0000] {dagbag.py:545} INFO - Filling up the DagBag from /opt/airflow/dags/steam_analytics.py
[2026-09-08T18:01:37.537+0000] {processor.py:840} INFO - DAG(s) 'steam_analytics_daily' retrieved from /opt/airflow/dags/steam_analytics.py
[2026-09-08T18:01:37.565+0000] {logging_mixin.py:188} INFO - [2026-09-08T18:01:37.565+0000] {dag.py:3089} INFO - Sync 1 DAGs
[2026-09-08T18:01:37.588+0000] {logging_mixin.py:188} INFO - [2026-09-08T18:01:37.588+0000] {dag.py:3947} INFO - Setting next_dagrun for steam_analytics_daily to 2026-09-08 02:00:00+00:00, run_after=2026-09-09 02:00:00+00:00
[2026-09-08T18:01:37.607+0000] {processor.py:183} INFO - Processing /opt/airflow/dags/steam_analytics.py took 0.218 seconds
[2026-09-08T18:02:07.738+0000] {processor.py:161} INFO - Started process (PID=477) to work on /opt/airflow/dags/steam_analytics.py
[2026-09-08T18:02:07.738+0000] {processor.py:830} INFO - Processing file /opt/airflow/dags/steam_analytics.py for tasks to queue
[2026-09-08T18:02:07.740+0000] {logging_mixin.py:188} INFO - [2026-09-08T18:02:07.740+0000] {dagbag.py:545} INFO - Filling up the DagBag from /opt/airflow/dags/steam_analytics.py
[2026-09-08T18:02:07.885+0000] {processor.py:840} INFO - DAG(s) 'steam_analytics_daily' retrieved from /opt/airflow/dags/steam_analytics.py
[2026-09-08T18:02:07.913+0000] {logging_mixin.py:188} INFO - [2026-09-08T18:02:07.913+0000] {dag.py:3089} INFO - Sync 1 DAGs
[2026-09-08T18:02:07.934+0000] {logging_mixin.py:188} INFO - [2026-09-08T18:02:07.934+0000] {dag.py:3947} INFO - Setting next_dagrun for steam_analytics_daily to 2026-09-08 02:00:00+00:00, run_after=2026-09-09 02:00:00+00:00
[2026-09-08T18:02:07.951+0000] {processor.py:183} INFO - Processing /opt/airflow/dags/steam_analytics.py took 0.218 seconds
[2026-09-08T18:02:38.081+0000] {processor.py:161} INFO - Started process (PID=482) to work on /opt/airflow/dags/steam_analytics.py
[2026-09-08T18:02:38.082+0000] {processor.py:830} INFO - Processing file /opt/airflow/dags/steam_analytics.py for tasks to queue
[2026-09-08T18:02:38.084+0000] {logging_mixin.py:188} INFO - [2026-09-08T18:02:38.083+0000] {dagbag.py:545} INFO - Filling up the DagBag from /opt/airflow/dags/steam_analytics.py
[2026-09-08T18:02:38.222+0000] {processor.py:840} INFO - DAG(s) 'steam_analytics_daily' retrieved from /opt/airflow/dags/steam_analytics.py
[2026-09-08T18:02:38.250+0000] {logging_mixin.py:188} INFO - [2026-09-08T18:02:38.249+0000] {dag.py:3089} INFO - Sync 1 DAGs
[2026-09-08T18:02:38.271+0000] {logging_mixin.py:188} INFO - [2026-09-08T18:02:38.270+0000] {dag.py:3947} INFO - Setting next_dagrun for steam_analytics_daily to 2026-09-08 02:00:00+00:00, run_after=2026-09-09 02:00:00+00:00
[2026-09-08T18:02:38.288+0000] {processor.py:183} INFO - Processing /opt/airflow/dags/steam_analytics.py took 0.212 seconds
[2026-09-08T18:03:08.420+0000] {processor.py:161} INFO - Started process (PID=487) to work on /opt/airflow/dags/steam_analytics.py
[2026-09-08T18:03:08.421+0000] {processor.py:830} INFO - Processing file /opt/airflow/dags/steam_analytics.py for tasks to queue
[2026-09-08T18:03:08.422+0000] {logging_mixin.py:188} INFO - [2026-09-08T18:03:08.422+0000] {dagbag.py:545} INFO - Filling up the DagBag from /opt/airflow/dags/steam_analytics.py
[2026-09-08T18:03:08.575+0000] {processor.py:840} INFO - DAG(s) 'steam_analytics_daily' retrieved from /opt/airflow/dags/steam_analytics.py
[2026-09-08T18:03:08.608+0000] {logging_mixin.py:188} INFO - [2026-09-08T18:03:08.608+0000] {dag.py:3089} INFO - Sync 1 DAGs
[2026-09-08T18:03:08.636+0000] {logging_mixin.py:188} INFO - [2026-09-08T18:03:08.636+0000] {dag.py:3947} INFO - Setting next_dagrun for steam_analytics_daily to 2026-09-08 02:00:00+00:00, run_after=2026-09-09 02:00:00+00:00
[2026-09-08T18:03:08.658+0000] {processor.py:183} INFO - Processing /opt/airflow/dags/steam_analytics.py took 0.243 seconds
[2026-09-08T18:03:38.791+0000] {processor.py:161} INFO - Started process (PID=492) to work on /opt/airflow/dags/steam_analytics.py
[2026-09-08T18:03:38.792+0000] {processor.py:830} INFO - Processing file /opt/airflow/dags/steam_analytics.py for tasks to queue
[2026-09-08T18:03:38.793+0000] {logging_mixin.py:188} INFO - [2026-09-08T18:03:38.793+0000] {dagbag.py:545} INFO - Filling up the DagBag from /opt/airflow/dags/steam_analytics.py
[2026-09-08T18:03:38.940+0000] {processor.py:840} INFO - DAG(s) 'steam_analytics_daily' retrieved from /opt/airflow/dags/steam_analytics.py
[2026-09-08T18:03:38.968+0000] {logging_mixin.py:188} INFO - [2026-09-08T18:03:38.968+0000] {dag.py:3089} INFO - Sync 1 DAGs
[2026-09-08T18:03:38.988+0000] {logging_mixin.py:188} INFO - [2026-09-08T18:03:38.988+0000] {dag.py:3947} INFO - Setting next_dagrun for steam_analytics_daily to 2026-09-08 02:00:00+00:00, run_after=2026-09-09 02:00:00+00:00
[2026-09-08T18:03:39.004+0000] {processor.py:183} INFO - Processing /opt/airflow/dags/steam_analytics.py took 0.217 seconds
[2026-09-08T18:04:09.135+0000] {processor.py:161} INFO - Started process (PID=497) to work on /opt/airflow/dags/steam_analytics.py
[2026-09-08T18:04:09.136+0000] {processor.py:830} INFO - Processing file /opt/airflow/dags/steam_analytics.py for tasks to queue
[2026-09-08T18:04:09.138+0000] {logging_mixin.py:188} INFO - [2026-09-08T18:04:09.137+0000] {dagbag.py:545} INFO - Filling up the DagBag from /opt/airflow/dags/steam_analytics.py
[2026-09-08T18:04:09.298+0000] {processor.py:840} INFO - DAG(s) 'steam_analytics_daily' retrieved from /opt/airflow/dags/steam_analytics.py
[2026-09-08T18:04:09.330+0000] {logging_mixin.py:188} INFO - [2026-09-08T18:04:09.330+0000] {dag.py:3089} INFO - Sync 1 DAGs
[2026-09-08T18:04:09.351+0000] {logging_mixin.py:188} INFO - [2026-09-08T18:04:09.350+0000] {dag.py:3947} INFO - Setting next_dagrun for steam_analytics_daily to 2026-09-08 02:00:00+00:00, run_after=2026-09-09 02:00:00+00:00
[2026-09-08T18:04:09.368+0000] {processor.py:183} INFO - Processing /opt/airflow/dags/steam_analytics.py took 0.237 seconds
[2026-09-08T18:04:39.499+0000] {processor.py:161} INFO - Started process (PID=502) to work on /opt/airflow/dags/steam_analytics.py
[2026-09-08T18:04:39.500+0000] {processor.py:830} INFO - Processing file /opt/airflow/dags/steam_analytics.py for tasks to queue
[2026-09-08T18:04:39.502+0000] {logging_mixin.py:188} INFO - [2026-09-08T18:04:39.502+0000] {dagbag.py:545} INFO - Filling up the DagBag from /opt/airflow/dags/steam_analytics.py
[2026-09-08T18:04:39.642+0000] {processor.py:840} INFO - DAG(s) 'steam_analytics_daily' retrieved from /opt/airflow/dags/steam_analytics.py
[2026-09-08T18:04:39.669+0000] {logging_mixin.py:188} INFO - [2026-09-08T18:04:39.668+0000] {dag.py:3089} INFO - Sync 1 DAGs
[2026-09-08T18:04:39.690+0000] {logging_mixin.py:188} INFO - [2026-09-08T18:04:39.690+0000] {dag.py:3947} INFO - Setting next_dagrun for steam_analytics_daily to 2026-09-08 02:00:00+00:00, run_after=2026-09-09 02:00:00+00:00
[2026-09-08T18:04:39.707+0000] {processor.py:183} INFO - Processing /opt/airflow/dags/steam_analytics.py took 0.212 seconds
[2026-09-08T18:05:09.838+0000] {processor.py:161} INFO - Started process (PID=507) to work on /opt/airflow/dags/steam_analytics.py
[2026-09-08T18:05:09.839+0000] {processor.py:830} INFO - Processing file /opt/airflow/dags/steam_analytics.py for tasks to queue
[2026-09-08T18:05:09.841+0000] {logging_mixin.py:188} INFO - [2026-09-08T18:05:09.840+0000] {dagbag.py:545} INFO - Filling up the DagBag from /opt/airflow/dags/steam_analytics.py
[2026-09-08T18:05:10.012+0000] {processor.py:840} INFO - DAG(s) 'steam_analytics_daily' retrieved from /opt/airflow/dags/steam_analytics.py
[2026-09-08T18:05:10.053+0000] {logging_mixin.py:188} INFO - [2026-09-08T18:05:10.052+0000] {dag.py:3089} INFO - Sync 1 DAGs
[2026-09-08T18:05:10.077+0000] {logging_mixin.py:188} INFO - [2026-09-08T18:05:10.076+0000] {dag.py:3947} INFO - Setting next_dagrun for steam_analytics_daily to 2026-09-08 02:00:00+00:00, run_after=2026-09-09 02:00:00+00:00
[2026-09-08T18:05:10.096+0000] {processor.py:183} INFO - Processing /opt/airflow/dags/steam_analytics.py took 0.263 seconds
[2026-09-08T18:05:40.226+0000] {processor.py:161} INFO - Started process (PID=512) to work on /opt/airflow/dags/steam_analytics.py
[2026-09-08T18:05:40.227+0000] {processor.py:830} INFO - Processing file /opt/airflow/dags/steam_analytics.py for tasks to queue
[2026-09-08T18:05:40.229+0000] {logging_mixin.py:188} INFO - [2026-09-08T18:05:40.228+0000] {dagbag.py:545} INFO - Filling up the DagBag from /opt/airflow/dags/steam_analytics.py
[2026-09-08T18:05:40.372+0000] {processor.py:840} INFO - DAG(s) 'steam_analytics_daily' retrieved from /opt/airflow/dags/steam_analytics.py
[2026-09-08T18:05:40.398+0000] {logging_mixin.py:188} INFO - [2026-09-08T18:05:40.398+0000] {dag.py:3089} INFO - Sync 1 DAGs
[2026-09-08T18:05:40.424+0000] {logging_mixin.py:188} INFO - [2026-09-08T18:05:40.424+0000] {dag.py:3947} INFO - Setting next_dagrun for steam_analytics_daily to 2026-09-08 02:00:00+00:00, run_after=2026-09-09 02:00:00+00:00
[2026-09-08T18:05:40.445+0000] {processor.py:183} INFO - Processing /opt/airflow/dags/steam_analytics.py took 0.223 seconds
[2026-09-08T18:06:10.576+0000] {processor.py:161} INFO - Started process (PID=517) to work on /opt/airflow/dags/steam_analytics.py
[2026-09-08T18:06:10.577+0000] {processor.py:830} INFO - Processing file /opt/airflow/dags/steam_analytics.py for tasks to queue
[2026-09-08T18:06:10.578+0000] {logging_mixin.py:188} INFO - [2026-09-08T18:06:10.578+0000] {dagbag.py:545} INFO - Filling up the DagBag from /opt/airflow/dags/steam_analytics.py
[2026-09-08T18:06:10.718+0000] {processor.py:840} INFO - DAG(s) 'steam_analytics_daily' retrieved from /opt/airflow/dags/steam_analytics.py
[2026-09-08T18:06:10.745+0000] {logging_mixin.py:188} INFO - [2026-09-08T18:06:10.745+0000] {dag.py:3089} INFO - Sync 1 DAGs
[2026-09-08T18:06:10.765+0000] {logging_mixin.py:188} INFO - [2026-09-08T18:06:10.765+0000] {dag.py:3947} INFO - Setting next_dagrun for steam_analytics_daily to 2026-09-08 02:00:00+00:00, run_after=2026-09-09 02:00:00+00:00
[2026-09-08T18:06:10.781+0000] {processor.py:183} INFO - Processing /opt/airflow/dags/steam_analytics.py took 0.209 seconds
[2026-09-08T18:06:40.917+0000] {processor.py:161} INFO - Started process (PID=522) to work on /opt/airflow/dags/steam_analytics.py
[2026-09-08T18:06:40.918+0000] {processor.py:830} INFO - Processing file /opt/airflow/dags/steam_analytics.py for tasks to queue
[2026-09-08T18:06:40.919+0000] {logging_mixin.py:188} INFO - [2026-09-08T18:06:40.919+0000] {dagbag.py:545} INFO - Filling up the DagBag from /opt/airflow/dags/steam_analytics.py
[2026-09-08T18:06:41.059+0000] {processor.py:840} INFO - DAG(s) 'steam_analytics_daily' retrieved from /opt/airflow/dags/steam_analytics.py
[2026-09-08T18:06:41.086+0000] {logging_mixin.py:188} INFO - [2026-09-08T18:06:41.085+0000] {dag.py:3089} INFO - Sync 1 DAGs
[2026-09-08T18:06:41.105+0000] {logging_mixin.py:188} INFO - [2026-09-08T18:06:41.105+0000] {dag.py:3947} INFO - Setting next_dagrun for steam_analytics_daily to 2026-09-08 02:00:00+00:00, run_after=2026-09-09 02:00:00+00:00
[2026-09-08T18:06:41.122+0000] {processor.py:183} INFO - Processing /opt/airflow/dags/steam_analytics.py took 0.210 seconds
[2026-09-08T18:07:11.247+0000] {processor.py:161} INFO - Started process (PID=527) to work on /opt/airflow/dags/steam_analytics.py
[2026-09-08T18:07:11.248+0000] {processor.py:830} INFO - Processing file /opt/airflow/dags/steam_analytics.py for tasks to queue
[2026-09-08T18:07:11.249+0000] {logging_mixin.py:188} INFO - [2026-09-08T18:07:11.249+0000] {dagbag.py:545} INFO - Filling up the DagBag from /opt/airflow/dags/steam_analytics.py
[2026-09-08T18:07:11.397+0000] {processor.py:840} INFO - DAG(s) 'steam_analytics_daily' retrieved from /opt/airflow/dags/steam_analytics.py
[2026-09-08T18:07:11.428+0000] {logging_mixin.py:188} INFO - [2026-09-08T18:07:11.427+0000] {dag.py:3089} INFO - Sync 1 DAGs
[2026-09-08T18:07:11.448+0000] {logging_mixin.py:188} INFO - [2026-09-08T18:07:11.448+0000] {dag.py:3947} INFO - Setting next_dagrun for steam_analytics_daily to 2026-09-08 02:00:00+00:00, run_after=2026-09-09 02:00:00+00:00
[2026-09-08T18:07:11.465+0000] {processor.py:183} INFO - Processing /opt/airflow/dags/steam_analytics.py took 0.222 seconds
[2026-09-08T18:07:41.597+0000] {processor.py:161} INFO - Started process (PID=532) to work on /opt/airflow/dags/steam_analytics.py
[2026-09-08T18:07:41.598+0000] {processor.py:830} INFO - Processing file /opt/airflow/dags/steam_analytics.py for tasks to queue
[2026-09-08T18:07:41.600+0000] {logging_mixin.py:188} INFO - [2026-09-08T18:07:41.600+0000] {dagbag.py:545} INFO - Filling up the DagBag from /opt/airflow/dags/steam_analytics.py
[2026-09-08T18:07:41.747+0000] {processor.py:840} INFO - DAG(s) 'steam_analytics_daily' retrieved from /opt/airflow/dags/steam_analytics.py
[2026-09-08T18:07:41.777+0000] {logging_mixin.py:188} INFO - [2026-09-08T18:07:41.776+0000] {dag.py:3089} INFO - Sync 1 DAGs
[2026-09-08T18:07:41.796+0000] {logging_mixin.py:188} INFO - [2026-09-08T18:07:41.796+0000] {dag.py:3947} INFO - Setting next_dagrun for steam_analytics_daily to 2026-09-08 02:00:00+00:00, run_after=2026-09-09 02:00:00+00:00
[2026-09-08T18:07:41.816+0000] {processor.py:183} INFO - Processing /opt/airflow/dags/steam_analytics.py took 0.225 seconds
[2026-09-08T18:08:11.950+0000] {processor.py:161} INFO - Started process (PID=537) to work on /opt/airflow/dags/steam_analytics.py
[2026-09-08T18:08:11.951+0000] {processor.py:830} INFO - Processing file /opt/airflow/dags/steam_analytics.py for tasks to queue
[2026-09-08T18:08:11.953+0000] {logging_mixin.py:188} INFO - [2026-09-08T18:08:11.952+0000] {dagbag.py:545} INFO - Filling up the DagBag from /opt/airflow/dags/steam_analytics.py
[2026-09-08T18:08:12.099+0000] {processor.py:840} INFO - DAG(s) 'steam_analytics_daily' retrieved from /opt/airflow/dags/steam_analytics.py
[2026-09-08T18:08:12.127+0000] {logging_mixin.py:188} INFO - [2026-09-08T18:08:12.127+0000] {dag.py:3089} INFO - Sync 1 DAGs
[2026-09-08T18:08:12.151+0000] {logging_mixin.py:188} INFO - [2026-09-08T18:08:12.150+0000] {dag.py:3947} INFO - Setting next_dagrun for steam_analytics_daily to 2026-09-08 02:00:00+00:00, run_after=2026-09-09 02:00:00+00:00
[2026-09-08T18:08:12.170+0000] {processor.py:183} INFO - Processing /opt/airflow/dags/steam_analytics.py took 0.225 seconds
[2026-09-08T18:08:42.303+0000] {processor.py:161} INFO - Started process (PID=542) to work on /opt/airflow/dags/steam_analytics.py
[2026-09-08T18:08:42.304+0000] {processor.py:830} INFO - Processing file /opt/airflow/dags/steam_analytics.py for tasks to queue
[2026-09-08T18:08:42.305+0000] {logging_mixin.py:188} INFO - [2026-09-08T18:08:42.305+0000] {dagbag.py:545} INFO - Filling up the DagBag from /opt/airflow/dags/steam_analytics.py
[2026-09-08T18:08:42.449+0000] {processor.py:840} INFO - DAG(s) 'steam_analytics_daily' retrieved from /opt/airflow/dags/steam_analytics.py
[2026-09-08T18:08:42.477+0000] {logging_mixin.py:188} INFO - [2026-09-08T18:08:42.477+0000] {dag.py:3089} INFO - Sync 1 DAGs
[2026-09-08T18:08:42.496+0000] {logging_mixin.py:188} INFO - [2026-09-08T18:08:42.496+0000] {dag.py:3947} INFO - Setting next_dagrun for steam_analytics_daily to 2026-09-08 02:00:00+00:00, run_after=2026-09-09 02:00:00+00:00
[2026-09-08T18:08:42.513+0000] {processor.py:183} INFO - Processing /opt/airflow/dags/steam_analytics.py took 0.215 seconds
[2026-09-08T18:09:12.648+0000] {processor.py:161} INFO - Started process (PID=547) to work on /opt/airflow/dags/steam_analytics.py
[2026-09-08T18:09:12.649+0000] {processor.py:830} INFO - Processing file /opt/airflow/dags/steam_analytics.py for tasks to queue
[2026-09-08T18:09:12.650+0000] {logging_mixin.py:188} INFO - [2026-09-08T18:09:12.650+0000] {dagbag.py:545} INFO - Filling up the DagBag from /opt/airflow/dags/steam_analytics.py
[2026-09-08T18:09:12.802+0000] {processor.py:840} INFO - DAG(s) 'steam_analytics_daily' retrieved from /opt/airflow/dags/steam_analytics.py
[2026-09-08T18:09:12.831+0000] {logging_mixin.py:188} INFO - [2026-09-08T18:09:12.831+0000] {dag.py:3089} INFO - Sync 1 DAGs
[2026-09-08T18:09:12.854+0000] {logging_mixin.py:188} INFO - [2026-09-08T18:09:12.854+0000] {dag.py:3947} INFO - Setting next_dagrun for steam_analytics_daily to 2026-09-08 02:00:00+00:00, run_after=2026-09-09 02:00:00+00:00
[2026-09-08T18:09:12.872+0000] {processor.py:183} INFO - Processing /opt/airflow/dags/steam_analytics.py took 0.229 seconds
[2026-09-08T18:09:43.011+0000] {processor.py:161} INFO - Started process (PID=552) to work on /opt/airflow/dags/steam_analytics.py
[2026-09-08T18:09:43.012+0000] {processor.py:830} INFO - Processing file /opt/airflow/dags/steam_analytics.py for tasks to queue
[2026-09-08T18:09:43.013+0000] {logging_mixin.py:188} INFO - [2026-09-08T18:09:43.013+0000] {dagbag.py:545} INFO - Filling up the DagBag from /opt/airflow/dags/steam_analytics.py
[2026-09-08T18:09:43.163+0000] {processor.py:840} INFO - DAG(s) 'steam_analytics_daily' retrieved from /opt/airflow/dags/steam_analytics.py
[2026-09-08T18:09:43.190+0000] {logging_mixin.py:188} INFO - [2026-09-08T18:09:43.190+0000] {dag.py:3089} INFO - Sync 1 DAGs
[2026-09-08T18:09:43.213+0000] {logging_mixin.py:188} INFO - [2026-09-08T18:09:43.212+0000] {dag.py:3947} INFO - Setting next_dagrun for steam_analytics_daily to 2026-09-08 02:00:00+00:00, run_after=2026-09-09 02:00:00+00:00
[2026-09-08T18:09:43.233+0000] {processor.py:183} INFO - Processing /opt/airflow/dags/steam_analytics.py took 0.227 seconds
[2026-09-08T18:10:13.365+0000] {processor.py:161} INFO - Started process (PID=557) to work on /opt/airflow/dags/steam_analytics.py
[2026-09-08T18:10:13.366+0000] {processor.py:830} INFO - Processing file /opt/airflow/dags/steam_analytics.py for tasks to queue
[2026-09-08T18:10:13.367+0000] {logging_mixin.py:188} INFO - [2026-09-08T18:10:13.367+0000] {dagbag.py:545} INFO - Filling up the DagBag from /opt/airflow/dags/steam_analytics.py
[2026-09-08T18:10:13.512+0000] {processor.py:840} INFO - DAG(s) 'steam_analytics_daily' retrieved from /opt/airflow/dags/steam_analytics.py
[2026-09-08T18:10:13.539+0000] {logging_mixin.py:188} INFO - [2026-09-08T18:10:13.539+0000] {dag.py:3089} INFO - Sync 1 DAGs
[2026-09-08T18:10:13.561+0000] {logging_mixin.py:188} INFO - [2026-09-08T18:10:13.561+0000] {dag.py:3947} INFO - Setting next_dagrun for steam_analytics_daily to 2026-09-08 02:00:00+00:00, run_after=2026-09-09 02:00:00+00:00
[2026-09-08T18:10:13.579+0000] {processor.py:183} INFO - Processing /opt/airflow/dags/steam_analytics.py took 0.219 seconds
[2026-09-08T18:10:43.713+0000] {processor.py:161} INFO - Started process (PID=562) to work on /opt/airflow/dags/steam_analytics.py
[2026-09-08T18:10:43.715+0000] {processor.py:830} INFO - Processing file /opt/airflow/dags/steam_analytics.py for tasks to queue
[2026-09-08T18:10:43.717+0000] {logging_mixin.py:188} INFO - [2026-09-08T18:10:43.716+0000] {dagbag.py:545} INFO - Filling up the DagBag from /opt/airflow/dags/steam_analytics.py
[2026-09-08T18:10:43.926+0000] {processor.py:840} INFO - DAG(s) 'steam_analytics_daily' retrieved from /opt/airflow/dags/steam_analytics.py
[2026-09-08T18:10:43.961+0000] {logging_mixin.py:188} INFO - [2026-09-08T18:10:43.961+0000] {dag.py:3089} INFO - Sync 1 DAGs
[2026-09-08T18:10:43.987+0000] {logging_mixin.py:188} INFO - [2026-09-08T18:10:43.987+0000] {dag.py:3947} INFO - Setting next_dagrun for steam_analytics_daily to 2026-09-08 02:00:00+00:00, run_after=2026-09-09 02:00:00+00:00
[2026-09-08T18:10:44.010+0000] {processor.py:183} INFO - Processing /opt/airflow/dags/steam_analytics.py took 0.301 seconds
[2026-09-08T18:11:14.141+0000] {processor.py:161} INFO - Started process (PID=567) to work on /opt/airflow/dags/steam_analytics.py
[2026-09-08T18:11:14.141+0000] {processor.py:830} INFO - Processing file /opt/airflow/dags/steam_analytics.py for tasks to queue
[2026-09-08T18:11:14.143+0000] {logging_mixin.py:188} INFO - [2026-09-08T18:11:14.143+0000] {dagbag.py:545} INFO - Filling up the DagBag from /opt/airflow/dags/steam_analytics.py
[2026-09-08T18:11:14.288+0000] {processor.py:840} INFO - DAG(s) 'steam_analytics_daily' retrieved from /opt/airflow/dags/steam_analytics.py
[2026-09-08T18:11:14.317+0000] {logging_mixin.py:188} INFO - [2026-09-08T18:11:14.316+0000] {dag.py:3089} INFO - Sync 1 DAGs
[2026-09-08T18:11:14.340+0000] {logging_mixin.py:188} INFO - [2026-09-08T18:11:14.340+0000] {dag.py:3947} INFO - Setting next_dagrun for steam_analytics_daily to 2026-09-08 02:00:00+00:00, run_after=2026-09-09 02:00:00+00:00
[2026-09-08T18:11:14.359+0000] {processor.py:183} INFO - Processing /opt/airflow/dags/steam_analytics.py took 0.224 seconds
[2026-09-08T18:11:44.490+0000] {processor.py:161} INFO - Started process (PID=572) to work on /opt/airflow/dags/steam_analytics.py
[2026-09-08T18:11:44.491+0000] {processor.py:830} INFO - Processing file /opt/airflow/dags/steam_analytics.py for tasks to queue
[2026-09-08T18:11:44.493+0000] {logging_mixin.py:188} INFO - [2026-09-08T18:11:44.492+0000] {dagbag.py:545} INFO - Filling up the DagBag from /opt/airflow/dags/steam_analytics.py
[2026-09-08T18:11:44.642+0000] {processor.py:840} INFO - DAG(s) 'steam_analytics_daily' retrieved from /opt/airflow/dags/steam_analytics.py
[2026-09-08T18:11:44.669+0000] {logging_mixin.py:188} INFO - [2026-09-08T18:11:44.669+0000] {dag.py:3089} INFO - Sync 1 DAGs
[2026-09-08T18:11:44.691+0000] {logging_mixin.py:188} INFO - [2026-09-08T18:11:44.691+0000] {dag.py:3947} INFO - Setting next_dagrun for steam_analytics_daily to 2026-09-08 02:00:00+00:00, run_after=2026-09-09 02:00:00+00:00
[2026-09-08T18:11:44.712+0000] {processor.py:183} INFO - Processing /opt/airflow/dags/steam_analytics.py took 0.226 seconds
[2026-09-08T18:12:14.855+0000] {processor.py:161} INFO - Started process (PID=577) to work on /opt/airflow/dags/steam_analytics.py
[2026-09-08T18:12:14.856+0000] {processor.py:830} INFO - Processing file /opt/airflow/dags/steam_analytics.py for tasks to queue
[2026-09-08T18:12:14.858+0000] {logging_mixin.py:188} INFO - [2026-09-08T18:12:14.858+0000] {dagbag.py:545} INFO - Filling up the DagBag from /opt/airflow/dags/steam_analytics.py
[2026-09-08T18:12:15.000+0000] {processor.py:840} INFO - DAG(s) 'steam_analytics_daily' retrieved from /opt/airflow/dags/steam_analytics.py
[2026-09-08T18:12:15.028+0000] {logging_mixin.py:188} INFO - [2026-09-08T18:12:15.028+0000] {dag.py:3089} INFO - Sync 1 DAGs
[2026-09-08T18:12:15.050+0000] {logging_mixin.py:188} INFO - [2026-09-08T18:12:15.050+0000] {dag.py:3947} INFO - Setting next_dagrun for steam_analytics_daily to 2026-09-08 02:00:00+00:00, run_after=2026-09-09 02:00:00+00:00
[2026-09-08T18:12:15.067+0000] {processor.py:183} INFO - Processing /opt/airflow/dags/steam_analytics.py took 0.219 seconds
[2026-09-08T18:12:45.199+0000] {processor.py:161} INFO - Started process (PID=582) to work on /opt/airflow/dags/steam_analytics.py
[2026-09-08T18:12:45.199+0000] {processor.py:830} INFO - Processing file /opt/airflow/dags/steam_analytics.py for tasks to queue
[2026-09-08T18:12:45.201+0000] {logging_mixin.py:188} INFO - [2026-09-08T18:12:45.201+0000] {dagbag.py:545} INFO - Filling up the DagBag from /opt/airflow/dags/steam_analytics.py
[2026-09-08T18:12:45.346+0000] {processor.py:840} INFO - DAG(s) 'steam_analytics_daily' retrieved from /opt/airflow/dags/steam_analytics.py
[2026-09-08T18:12:45.373+0000] {logging_mixin.py:188} INFO - [2026-09-08T18:12:45.373+0000] {dag.py:3089} INFO - Sync 1 DAGs
[2026-09-08T18:12:45.396+0000] {logging_mixin.py:188} INFO - [2026-09-08T18:12:45.396+0000] {dag.py:3947} INFO - Setting next_dagrun for steam_analytics_daily to 2026-09-08 02:00:00+00:00, run_after=2026-09-09 02:00:00+00:00
[2026-09-08T18:12:45.413+0000] {processor.py:183} INFO - Processing /opt/airflow/dags/steam_analytics.py took 0.219 seconds
[2026-09-08T18:13:15.544+0000] {processor.py:161} INFO - Started process (PID=587) to work on /opt/airflow/dags/steam_analytics.py
[2026-09-08T18:13:15.545+0000] {processor.py:830} INFO - Processing file /opt/airflow/dags/steam_analytics.py for tasks to queue
[2026-09-08T18:13:15.546+0000] {logging_mixin.py:188} INFO - [2026-09-08T18:13:15.546+0000] {dagbag.py:545} INFO - Filling up the DagBag from /opt/airflow/dags/steam_analytics.py
[2026-09-08T18:13:15.686+0000] {processor.py:840} INFO - DAG(s) 'steam_analytics_daily' retrieved from /opt/airflow/dags/steam_analytics.py
[2026-09-08T18:13:15.714+0000] {logging_mixin.py:188} INFO - [2026-09-08T18:13:15.714+0000] {dag.py:3089} INFO - Sync 1 DAGs
[2026-09-08T18:13:15.734+0000] {logging_mixin.py:188} INFO - [2026-09-08T18:13:15.734+0000] {dag.py:3947} INFO - Setting next_dagrun for steam_analytics_daily to 2026-09-08 02:00:00+00:00, run_after=2026-09-09 02:00:00+00:00
[2026-09-08T18:13:15.752+0000] {processor.py:183} INFO - Processing /opt/airflow/dags/steam_analytics.py took 0.215 seconds
[2026-09-08T18:13:45.881+0000] {processor.py:161} INFO - Started process (PID=592) to work on /opt/airflow/dags/steam_analytics.py
[2026-09-08T18:13:45.882+0000] {processor.py:830} INFO - Processing file /opt/airflow/dags/steam_analytics.py for tasks to queue
[2026-09-08T18:13:45.883+0000] {logging_mixin.py:188} INFO - [2026-09-08T18:13:45.883+0000] {dagbag.py:545} INFO - Filling up the DagBag from /opt/airflow/dags/steam_analytics.py
[2026-09-08T18:13:46.039+0000] {processor.py:840} INFO - DAG(s) 'steam_analytics_daily' retrieved from /opt/airflow/dags/steam_analytics.py
[2026-09-08T18:13:46.070+0000] {logging_mixin.py:188} INFO - [2026-09-08T18:13:46.070+0000] {dag.py:3089} INFO - Sync 1 DAGs
[2026-09-08T18:13:46.092+0000] {logging_mixin.py:188} INFO - [2026-09-08T18:13:46.092+0000] {dag.py:3947} INFO - Setting next_dagrun for steam_analytics_daily to 2026-09-08 02:00:00+00:00, run_after=2026-09-09 02:00:00+00:00
[2026-09-08T18:13:46.111+0000] {processor.py:183} INFO - Processing /opt/airflow/dags/steam_analytics.py took 0.235 seconds
[2026-09-08T18:14:16.247+0000] {processor.py:161} INFO - Started process (PID=597) to work on /opt/airflow/dags/steam_analytics.py
[2026-09-08T18:14:16.248+0000] {processor.py:830} INFO - Processing file /opt/airflow/dags/steam_analytics.py for tasks to queue
[2026-09-08T18:14:16.249+0000] {logging_mixin.py:188} INFO - [2026-09-08T18:14:16.249+0000] {dagbag.py:545} INFO - Filling up the DagBag from /opt/airflow/dags/steam_analytics.py
[2026-09-08T18:14:16.393+0000] {processor.py:840} INFO - DAG(s) 'steam_analytics_daily' retrieved from /opt/airflow/dags/steam_analytics.py
[2026-09-08T18:14:16.421+0000] {logging_mixin.py:188} INFO - [2026-09-08T18:14:16.421+0000] {dag.py:3089} INFO - Sync 1 DAGs
[2026-09-08T18:14:16.444+0000] {logging_mixin.py:188} INFO - [2026-09-08T18:14:16.444+0000] {dag.py:3947} INFO - Setting next_dagrun for steam_analytics_daily to 2026-09-08 02:00:00+00:00, run_after=2026-09-09 02:00:00+00:00
[2026-09-08T18:14:16.463+0000] {processor.py:183} INFO - Processing /opt/airflow/dags/steam_analytics.py took 0.221 seconds
[2026-09-08T18:14:46.593+0000] {processor.py:161} INFO - Started process (PID=602) to work on /opt/airflow/dags/steam_analytics.py
[2026-09-08T18:14:46.593+0000] {processor.py:830} INFO - Processing file /opt/airflow/dags/steam_analytics.py for tasks to queue
[2026-09-08T18:14:46.595+0000] {logging_mixin.py:188} INFO - [2026-09-08T18:14:46.595+0000] {dagbag.py:545} INFO - Filling up the DagBag from /opt/airflow/dags/steam_analytics.py
[2026-09-08T18:14:46.733+0000] {processor.py:840} INFO - DAG(s) 'steam_analytics_daily' retrieved from /opt/airflow/dags/steam_analytics.py
[2026-09-08T18:14:46.760+0000] {logging_mixin.py:188} INFO - [2026-09-08T18:14:46.760+0000] {dag.py:3089} INFO - Sync 1 DAGs
[2026-09-08T18:14:46.784+0000] {logging_mixin.py:188} INFO - [2026-09-08T18:14:46.783+0000] {dag.py:3947} INFO - Setting next_dagrun for steam_analytics_daily to 2026-09-08 02:00:00+00:00, run_after=2026-09-09 02:00:00+00:00
[2026-09-08T18:14:46.801+0000] {processor.py:183} INFO - Processing /opt/airflow/dags/steam_analytics.py took 0.212 seconds
[2026-09-08T18:15:16.931+0000] {processor.py:161} INFO - Started process (PID=607) to work on /opt/airflow/dags/steam_analytics.py
[2026-09-08T18:15:16.932+0000] {processor.py:830} INFO - Processing file /opt/airflow/dags/steam_analytics.py for tasks to queue
[2026-09-08T18:15:16.933+0000] {logging_mixin.py:188} INFO - [2026-09-08T18:15:16.933+0000] {dagbag.py:545} INFO - Filling up the DagBag from /opt/airflow/dags/steam_analytics.py
[2026-09-08T18:15:17.090+0000] {processor.py:840} INFO - DAG(s) 'steam_analytics_daily' retrieved from /opt/airflow/dags/steam_analytics.py
[2026-09-08T18:15:17.119+0000] {logging_mixin.py:188} INFO - [2026-09-08T18:15:17.118+0000] {dag.py:3089} INFO - Sync 1 DAGs
[2026-09-08T18:15:17.139+0000] {logging_mixin.py:188} INFO - [2026-09-08T18:15:17.139+0000] {dag.py:3947} INFO - Setting next_dagrun for steam_analytics_daily to 2026-09-08 02:00:00+00:00, run_after=2026-09-09 02:00:00+00:00
[2026-09-08T18:15:17.156+0000] {processor.py:183} INFO - Processing /opt/airflow/dags/steam_analytics.py took 0.230 seconds
[2026-09-08T18:15:47.286+0000] {processor.py:161} INFO - Started process (PID=612) to work on /opt/airflow/dags/steam_analytics.py
[2026-09-08T18:15:47.287+0000] {processor.py:830} INFO - Processing file /opt/airflow/dags/steam_analytics.py for tasks to queue
[2026-09-08T18:15:47.288+0000] {logging_mixin.py:188} INFO - [2026-09-08T18:15:47.288+0000] {dagbag.py:545} INFO - Filling up the DagBag from /opt/airflow/dags/steam_analytics.py
[2026-09-08T18:15:47.439+0000] {processor.py:840} INFO - DAG(s) 'steam_analytics_daily' retrieved from /opt/airflow/dags/steam_analytics.py
[2026-09-08T18:15:47.470+0000] {logging_mixin.py:188} INFO - [2026-09-08T18:15:47.470+0000] {dag.py:3089} INFO - Sync 1 DAGs
[2026-09-08T18:15:47.495+0000] {logging_mixin.py:188} INFO - [2026-09-08T18:15:47.495+0000] {dag.py:3947} INFO - Setting next_dagrun for steam_analytics_daily to 2026-09-08 02:00:00+00:00, run_after=2026-09-09 02:00:00+00:00
[2026-09-08T18:15:47.514+0000] {processor.py:183} INFO - Processing /opt/airflow/dags/steam_analytics.py took 0.233 seconds
[2026-09-08T18:16:17.640+0000] {processor.py:161} INFO - Started process (PID=617) to work on /opt/airflow/dags/steam_analytics.py
[2026-09-08T18:16:17.641+0000] {processor.py:830} INFO - Processing file /opt/airflow/dags/steam_analytics.py for tasks to queue
[2026-09-08T18:16:17.642+0000] {logging_mixin.py:188} INFO - [2026-09-08T18:16:17.642+0000] {dagbag.py:545} INFO - Filling up the DagBag from /opt/airflow/dags/steam_analytics.py
[2026-09-08T18:16:17.777+0000] {processor.py:840} INFO - DAG(s) 'steam_analytics_daily' retrieved from /opt/airflow/dags/steam_analytics.py
[2026-09-08T18:16:17.803+0000] {logging_mixin.py:188} INFO - [2026-09-08T18:16:17.803+0000] {dag.py:3089} INFO - Sync 1 DAGs
[2026-09-08T18:16:17.822+0000] {logging_mixin.py:188} INFO - [2026-09-08T18:16:17.822+0000] {dag.py:3947} INFO - Setting next_dagrun for steam_analytics_daily to 2026-09-08 02:00:00+00:00, run_after=2026-09-09 02:00:00+00:00
[2026-09-08T18:16:17.837+0000] {processor.py:183} INFO - Processing /opt/airflow/dags/steam_analytics.py took 0.202 seconds
[2026-09-08T18:16:47.989+0000] {processor.py:161} INFO - Started process (PID=622) to work on /opt/airflow/dags/steam_analytics.py
[2026-09-08T18:16:47.991+0000] {processor.py:830} INFO - Processing file /opt/airflow/dags/steam_analytics.py for tasks to queue
[2026-09-08T18:16:47.993+0000] {logging_mixin.py:188} INFO - [2026-09-08T18:16:47.993+0000] {dagbag.py:545} INFO - Filling up the DagBag from /opt/airflow/dags/steam_analytics.py
[2026-09-08T18:16:48.226+0000] {processor.py:840} INFO - DAG(s) 'steam_analytics_daily' retrieved from /opt/airflow/dags/steam_analytics.py
[2026-09-08T18:16:48.277+0000] {logging_mixin.py:188} INFO - [2026-09-08T18:16:48.276+0000] {dag.py:3089} INFO - Sync 1 DAGs
[2026-09-08T18:16:48.321+0000] {logging_mixin.py:188} INFO - [2026-09-08T18:16:48.320+0000] {dag.py:3947} INFO - Setting next_dagrun for steam_analytics_daily to 2026-09-08 02:00:00+00:00, run_after=2026-09-09 02:00:00+00:00
[2026-09-08T18:16:48.346+0000] {processor.py:183} INFO - Processing /opt/airflow/dags/steam_analytics.py took 0.362 seconds
[2026-09-08T18:17:18.508+0000] {processor.py:161} INFO - Started process (PID=627) to work on /opt/airflow/dags/steam_analytics.py
[2026-09-08T18:17:18.509+0000] {processor.py:830} INFO - Processing file /opt/airflow/dags/steam_analytics.py for tasks to queue
[2026-09-08T18:17:18.511+0000] {logging_mixin.py:188} INFO - [2026-09-08T18:17:18.510+0000] {dagbag.py:545} INFO - Filling up the DagBag from /opt/airflow/dags/steam_analytics.py
[2026-09-08T18:17:18.664+0000] {processor.py:840} INFO - DAG(s) 'steam_analytics_daily' retrieved from /opt/airflow/dags/steam_analytics.py
[2026-09-08T18:17:18.692+0000] {logging_mixin.py:188} INFO - [2026-09-08T18:17:18.691+0000] {dag.py:3089} INFO - Sync 1 DAGs
[2026-09-08T18:17:18.713+0000] {logging_mixin.py:188} INFO - [2026-09-08T18:17:18.713+0000] {dag.py:3947} INFO - Setting next_dagrun for steam_analytics_daily to 2026-09-08 02:00:00+00:00, run_after=2026-09-09 02:00:00+00:00
[2026-09-08T18:17:18.737+0000] {processor.py:183} INFO - Processing /opt/airflow/dags/steam_analytics.py took 0.235 seconds
[2026-09-08T18:17:48.796+0000] {processor.py:161} INFO - Started process (PID=632) to work on /opt/airflow/dags/steam_analytics.py
[2026-09-08T18:17:48.797+0000] {processor.py:830} INFO - Processing file /opt/airflow/dags/steam_analytics.py for tasks to queue
[2026-09-08T18:17:48.800+0000] {logging_mixin.py:188} INFO - [2026-09-08T18:17:48.799+0000] {dagbag.py:545} INFO - Filling up the DagBag from /opt/airflow/dags/steam_analytics.py
[2026-09-08T18:17:49.493+0000] {processor.py:840} INFO - DAG(s) 'steam_analytics_daily' retrieved from /opt/airflow/dags/steam_analytics.py
[2026-09-08T18:17:49.532+0000] {logging_mixin.py:188} INFO - [2026-09-08T18:17:49.532+0000] {dag.py:3089} INFO - Sync 1 DAGs
[2026-09-08T18:17:49.561+0000] {logging_mixin.py:188} INFO - [2026-09-08T18:17:49.561+0000] {dag.py:3947} INFO - Setting next_dagrun for steam_analytics_daily to 2026-09-08 02:00:00+00:00, run_after=2026-09-09 02:00:00+00:00
[2026-09-08T18:17:49.582+0000] {processor.py:183} INFO - Processing /opt/airflow/dags/steam_analytics.py took 0.792 seconds
[2026-09-08T18:18:19.733+0000] {processor.py:161} INFO - Started process (PID=637) to work on /opt/airflow/dags/steam_analytics.py
[2026-09-08T18:18:19.734+0000] {processor.py:830} INFO - Processing file /opt/airflow/dags/steam_analytics.py for tasks to queue
[2026-09-08T18:18:19.736+0000] {logging_mixin.py:188} INFO - [2026-09-08T18:18:19.735+0000] {dagbag.py:545} INFO - Filling up the DagBag from /opt/airflow/dags/steam_analytics.py
[2026-09-08T18:18:19.898+0000] {processor.py:840} INFO - DAG(s) 'steam_analytics_daily' retrieved from /opt/airflow/dags/steam_analytics.py
[2026-09-08T18:18:19.939+0000] {logging_mixin.py:188} INFO - [2026-09-08T18:18:19.938+0000] {dag.py:3089} INFO - Sync 1 DAGs
[2026-09-08T18:18:19.974+0000] {logging_mixin.py:188} INFO - [2026-09-08T18:18:19.973+0000] {dag.py:3947} INFO - Setting next_dagrun for steam_analytics_daily to 2026-09-08 02:00:00+00:00, run_after=2026-09-09 02:00:00+00:00
[2026-09-08T18:18:19.993+0000] {processor.py:183} INFO - Processing /opt/airflow/dags/steam_analytics.py took 0.264 seconds
[2026-09-08T18:18:50.140+0000] {processor.py:161} INFO - Started process (PID=642) to work on /opt/airflow/dags/steam_analytics.py
[2026-09-08T18:18:50.141+0000] {processor.py:830} INFO - Processing file /opt/airflow/dags/steam_analytics.py for tasks to queue
[2026-09-08T18:18:50.143+0000] {logging_mixin.py:188} INFO - [2026-09-08T18:18:50.142+0000] {dagbag.py:545} INFO - Filling up the DagBag from /opt/airflow/dags/steam_analytics.py
[2026-09-08T18:18:50.297+0000] {processor.py:840} INFO - DAG(s) 'steam_analytics_daily' retrieved from /opt/airflow/dags/steam_analytics.py
[2026-09-08T18:18:50.325+0000] {logging_mixin.py:188} INFO - [2026-09-08T18:18:50.325+0000] {dag.py:3089} INFO - Sync 1 DAGs
[2026-09-08T18:18:50.347+0000] {logging_mixin.py:188} INFO - [2026-09-08T18:18:50.347+0000] {dag.py:3947} INFO - Setting next_dagrun for steam_analytics_daily to 2026-09-08 02:00:00+00:00, run_after=2026-09-09 02:00:00+00:00
[2026-09-08T18:18:50.365+0000] {processor.py:183} INFO - Processing /opt/airflow/dags/steam_analytics.py took 0.230 seconds
[2026-09-08T18:19:20.585+0000] {processor.py:161} INFO - Started process (PID=647) to work on /opt/airflow/dags/steam_analytics.py
[2026-09-08T18:19:20.586+0000] {processor.py:830} INFO - Processing file /opt/airflow/dags/steam_analytics.py for tasks to queue
[2026-09-08T18:19:20.588+0000] {logging_mixin.py:188} INFO - [2026-09-08T18:19:20.587+0000] {dagbag.py:545} INFO - Filling up the DagBag from /opt/airflow/dags/steam_analytics.py
[2026-09-08T18:19:20.772+0000] {processor.py:840} INFO - DAG(s) 'steam_analytics_daily' retrieved from /opt/airflow/dags/steam_analytics.py
[2026-09-08T18:19:20.807+0000] {logging_mixin.py:188} INFO - [2026-09-08T18:19:20.807+0000] {dag.py:3089} INFO - Sync 1 DAGs
[2026-09-08T18:19:20.834+0000] {logging_mixin.py:188} INFO - [2026-09-08T18:19:20.834+0000] {dag.py:3947} INFO - Setting next_dagrun for steam_analytics_daily to 2026-09-08 02:00:00+00:00, run_after=2026-09-09 02:00:00+00:00
[2026-09-08T18:19:20.856+0000] {processor.py:183} INFO - Processing /opt/airflow/dags/steam_analytics.py took 0.276 seconds
[2026-09-08T18:19:51.013+0000] {processor.py:161} INFO - Started process (PID=652) to work on /opt/airflow/dags/steam_analytics.py
[2026-09-08T18:19:51.014+0000] {processor.py:830} INFO - Processing file /opt/airflow/dags/steam_analytics.py for tasks to queue
[2026-09-08T18:19:51.016+0000] {logging_mixin.py:188} INFO - [2026-09-08T18:19:51.015+0000] {dagbag.py:545} INFO - Filling up the DagBag from /opt/airflow/dags/steam_analytics.py
[2026-09-08T18:19:51.168+0000] {processor.py:840} INFO - DAG(s) 'steam_analytics_daily' retrieved from /opt/airflow/dags/steam_analytics.py
[2026-09-08T18:19:51.198+0000] {logging_mixin.py:188} INFO - [2026-09-08T18:19:51.198+0000] {dag.py:3089} INFO - Sync 1 DAGs
[2026-09-08T18:19:51.219+0000] {logging_mixin.py:188} INFO - [2026-09-08T18:19:51.219+0000] {dag.py:3947} INFO - Setting next_dagrun for steam_analytics_daily to 2026-09-08 02:00:00+00:00, run_after=2026-09-09 02:00:00+00:00
[2026-09-08T18:19:51.238+0000] {processor.py:183} INFO - Processing /opt/airflow/dags/steam_analytics.py took 0.230 seconds
[2026-09-08T18:20:21.397+0000] {processor.py:161} INFO - Started process (PID=657) to work on /opt/airflow/dags/steam_analytics.py
[2026-09-08T18:20:21.398+0000] {processor.py:830} INFO - Processing file /opt/airflow/dags/steam_analytics.py for tasks to queue
[2026-09-08T18:20:21.399+0000] {logging_mixin.py:188} INFO - [2026-09-08T18:20:21.399+0000] {dagbag.py:545} INFO - Filling up the DagBag from /opt/airflow/dags/steam_analytics.py
[2026-09-08T18:20:21.555+0000] {processor.py:840} INFO - DAG(s) 'steam_analytics_daily' retrieved from /opt/airflow/dags/steam_analytics.py
[2026-09-08T18:20:21.586+0000] {logging_mixin.py:188} INFO - [2026-09-08T18:20:21.585+0000] {dag.py:3089} INFO - Sync 1 DAGs
[2026-09-08T18:20:21.610+0000] {logging_mixin.py:188} INFO - [2026-09-08T18:20:21.609+0000] {dag.py:3947} INFO - Setting next_dagrun for steam_analytics_daily to 2026-09-08 02:00:00+00:00, run_after=2026-09-09 02:00:00+00:00
[2026-09-08T18:20:21.631+0000] {processor.py:183} INFO - Processing /opt/airflow/dags/steam_analytics.py took 0.239 seconds
[2026-09-08T18:20:51.786+0000] {processor.py:161} INFO - Started process (PID=662) to work on /opt/airflow/dags/steam_analytics.py
[2026-09-08T18:20:51.787+0000] {processor.py:830} INFO - Processing file /opt/airflow/dags/steam_analytics.py for tasks to queue
[2026-09-08T18:20:51.789+0000] {logging_mixin.py:188} INFO - [2026-09-08T18:20:51.789+0000] {dagbag.py:545} INFO - Filling up the DagBag from /opt/airflow/dags/steam_analytics.py
[2026-09-08T18:20:51.956+0000] {processor.py:840} INFO - DAG(s) 'steam_analytics_daily' retrieved from /opt/airflow/dags/steam_analytics.py
[2026-09-08T18:20:51.989+0000] {logging_mixin.py:188} INFO - [2026-09-08T18:20:51.989+0000] {dag.py:3089} INFO - Sync 1 DAGs
[2026-09-08T18:20:52.021+0000] {logging_mixin.py:188} INFO - [2026-09-08T18:20:52.021+0000] {dag.py:3947} INFO - Setting next_dagrun for steam_analytics_daily to 2026-09-08 02:00:00+00:00, run_after=2026-09-09 02:00:00+00:00
[2026-09-08T18:20:52.042+0000] {processor.py:183} INFO - Processing /opt/airflow/dags/steam_analytics.py took 0.261 seconds
[2026-09-08T18:21:22.200+0000] {processor.py:161} INFO - Started process (PID=667) to work on /opt/airflow/dags/steam_analytics.py
[2026-09-08T18:21:22.201+0000] {processor.py:830} INFO - Processing file /opt/airflow/dags/steam_analytics.py for tasks to queue
[2026-09-08T18:21:22.203+0000] {logging_mixin.py:188} INFO - [2026-09-08T18:21:22.202+0000] {dagbag.py:545} INFO - Filling up the DagBag from /opt/airflow/dags/steam_analytics.py
[2026-09-08T18:21:22.352+0000] {processor.py:840} INFO - DAG(s) 'steam_analytics_daily' retrieved from /opt/airflow/dags/steam_analytics.py
[2026-09-08T18:21:22.382+0000] {logging_mixin.py:188} INFO - [2026-09-08T18:21:22.382+0000] {dag.py:3089} INFO - Sync 1 DAGs
[2026-09-08T18:21:22.406+0000] {logging_mixin.py:188} INFO - [2026-09-08T18:21:22.406+0000] {dag.py:3947} INFO - Setting next_dagrun for steam_analytics_daily to 2026-09-08 02:00:00+00:00, run_after=2026-09-09 02:00:00+00:00
[2026-09-08T18:21:22.426+0000] {processor.py:183} INFO - Processing /opt/airflow/dags/steam_analytics.py took 0.230 seconds
[2026-09-08T18:21:52.569+0000] {processor.py:161} INFO - Started process (PID=672) to work on /opt/airflow/dags/steam_analytics.py
[2026-09-08T18:21:52.570+0000] {processor.py:830} INFO - Processing file /opt/airflow/dags/steam_analytics.py for tasks to queue
[2026-09-08T18:21:52.572+0000] {logging_mixin.py:188} INFO - [2026-09-08T18:21:52.571+0000] {dagbag.py:545} INFO - Filling up the DagBag from /opt/airflow/dags/steam_analytics.py
[2026-09-08T18:21:52.722+0000] {processor.py:840} INFO - DAG(s) 'steam_analytics_daily' retrieved from /opt/airflow/dags/steam_analytics.py
[2026-09-08T18:21:52.752+0000] {logging_mixin.py:188} INFO - [2026-09-08T18:21:52.751+0000] {dag.py:3089} INFO - Sync 1 DAGs
[2026-09-08T18:21:52.776+0000] {logging_mixin.py:188} INFO - [2026-09-08T18:21:52.776+0000] {dag.py:3947} INFO - Setting next_dagrun for steam_analytics_daily to 2026-09-08 02:00:00+00:00, run_after=2026-09-09 02:00:00+00:00
[2026-09-08T18:21:52.798+0000] {processor.py:183} INFO - Processing /opt/airflow/dags/steam_analytics.py took 0.233 seconds
[2026-09-08T18:22:22.948+0000] {processor.py:161} INFO - Started process (PID=677) to work on /opt/airflow/dags/steam_analytics.py
[2026-09-08T18:22:22.949+0000] {processor.py:830} INFO - Processing file /opt/airflow/dags/steam_analytics.py for tasks to queue
[2026-09-08T18:22:22.952+0000] {logging_mixin.py:188} INFO - [2026-09-08T18:22:22.951+0000] {dagbag.py:545} INFO - Filling up the DagBag from /opt/airflow/dags/steam_analytics.py
[2026-09-08T18:22:23.130+0000] {processor.py:840} INFO - DAG(s) 'steam_analytics_daily' retrieved from /opt/airflow/dags/steam_analytics.py
[2026-09-08T18:22:23.161+0000] {logging_mixin.py:188} INFO - [2026-09-08T18:22:23.160+0000] {dag.py:3089} INFO - Sync 1 DAGs
[2026-09-08T18:22:23.187+0000] {logging_mixin.py:188} INFO - [2026-09-08T18:22:23.187+0000] {dag.py:3947} INFO - Setting next_dagrun for steam_analytics_daily to 2026-09-08 02:00:00+00:00, run_after=2026-09-09 02:00:00+00:00
[2026-09-08T18:22:23.212+0000] {processor.py:183} INFO - Processing /opt/airflow/dags/steam_analytics.py took 0.270 seconds
[2026-09-08T18:22:53.366+0000] {processor.py:161} INFO - Started process (PID=682) to work on /opt/airflow/dags/steam_analytics.py
[2026-09-08T18:22:53.367+0000] {processor.py:830} INFO - Processing file /opt/airflow/dags/steam_analytics.py for tasks to queue
[2026-09-08T18:22:53.369+0000] {logging_mixin.py:188} INFO - [2026-09-08T18:22:53.368+0000] {dagbag.py:545} INFO - Filling up the DagBag from /opt/airflow/dags/steam_analytics.py
[2026-09-08T18:22:53.560+0000] {processor.py:840} INFO - DAG(s) 'steam_analytics_daily' retrieved from /opt/airflow/dags/steam_analytics.py
[2026-09-08T18:22:53.591+0000] {logging_mixin.py:188} INFO - [2026-09-08T18:22:53.590+0000] {dag.py:3089} INFO - Sync 1 DAGs
[2026-09-08T18:22:53.613+0000] {logging_mixin.py:188} INFO - [2026-09-08T18:22:53.613+0000] {dag.py:3947} INFO - Setting next_dagrun for steam_analytics_daily to 2026-09-08 02:00:00+00:00, run_after=2026-09-09 02:00:00+00:00
[2026-09-08T18:22:53.635+0000] {processor.py:183} INFO - Processing /opt/airflow/dags/steam_analytics.py took 0.276 seconds
[2026-09-08T18:23:23.823+0000] {processor.py:161} INFO - Started process (PID=687) to work on /opt/airflow/dags/steam_analytics.py
[2026-09-08T18:23:23.824+0000] {processor.py:830} INFO - Processing file /opt/airflow/dags/steam_analytics.py for tasks to queue
[2026-09-08T18:23:23.825+0000] {logging_mixin.py:188} INFO - [2026-09-08T18:23:23.825+0000] {dagbag.py:545} INFO - Filling up the DagBag from /opt/airflow/dags/steam_analytics.py
[2026-09-08T18:23:23.992+0000] {processor.py:840} INFO - DAG(s) 'steam_analytics_daily' retrieved from /opt/airflow/dags/steam_analytics.py
[2026-09-08T18:23:24.023+0000] {logging_mixin.py:188} INFO - [2026-09-08T18:23:24.023+0000] {dag.py:3089} INFO - Sync 1 DAGs
[2026-09-08T18:23:24.051+0000] {logging_mixin.py:188} INFO - [2026-09-08T18:23:24.051+0000] {dag.py:3947} INFO - Setting next_dagrun for steam_analytics_daily to 2026-09-08 02:00:00+00:00, run_after=2026-09-09 02:00:00+00:00
[2026-09-08T18:23:24.070+0000] {processor.py:183} INFO - Processing /opt/airflow/dags/steam_analytics.py took 0.254 seconds
[2026-09-08T18:23:54.235+0000] {processor.py:161} INFO - Started process (PID=692) to work on /opt/airflow/dags/steam_analytics.py
[2026-09-08T18:23:54.236+0000] {processor.py:830} INFO - Processing file /opt/airflow/dags/steam_analytics.py for tasks to queue
[2026-09-08T18:23:54.238+0000] {logging_mixin.py:188} INFO - [2026-09-08T18:23:54.237+0000] {dagbag.py:545} INFO - Filling up the DagBag from /opt/airflow/dags/steam_analytics.py
[2026-09-08T18:23:54.474+0000] {processor.py:840} INFO - DAG(s) 'steam_analytics_daily' retrieved from /opt/airflow/dags/steam_analytics.py
[2026-09-08T18:23:54.528+0000] {logging_mixin.py:188} INFO - [2026-09-08T18:23:54.527+0000] {dag.py:3089} INFO - Sync 1 DAGs
[2026-09-08T18:23:54.573+0000] {logging_mixin.py:188} INFO - [2026-09-08T18:23:54.572+0000] {dag.py:3947} INFO - Setting next_dagrun for steam_analytics_daily to 2026-09-08 02:00:00+00:00, run_after=2026-09-09 02:00:00+00:00
[2026-09-08T18:23:54.613+0000] {processor.py:183} INFO - Processing /opt/airflow/dags/steam_analytics.py took 0.386 seconds
[2026-09-08T18:24:24.852+0000] {processor.py:161} INFO - Started process (PID=697) to work on /opt/airflow/dags/steam_analytics.py
[2026-09-08T18:24:24.853+0000] {processor.py:830} INFO - Processing file /opt/airflow/dags/steam_analytics.py for tasks to queue
[2026-09-08T18:24:24.857+0000] {logging_mixin.py:188} INFO - [2026-09-08T18:24:24.856+0000] {dagbag.py:545} INFO - Filling up the DagBag from /opt/airflow/dags/steam_analytics.py
[2026-09-08T18:24:25.110+0000] {processor.py:840} INFO - DAG(s) 'steam_analytics_daily' retrieved from /opt/airflow/dags/steam_analytics.py
[2026-09-08T18:24:25.159+0000] {logging_mixin.py:188} INFO - [2026-09-08T18:24:25.159+0000] {dag.py:3089} INFO - Sync 1 DAGs
[2026-09-08T18:24:25.196+0000] {logging_mixin.py:188} INFO - [2026-09-08T18:24:25.195+0000] {dag.py:3947} INFO - Setting next_dagrun for steam_analytics_daily to 2026-09-08 02:00:00+00:00, run_after=2026-09-09 02:00:00+00:00
[2026-09-08T18:24:25.229+0000] {processor.py:183} INFO - Processing /opt/airflow/dags/steam_analytics.py took 0.386 seconds
[2026-09-08T18:24:55.420+0000] {processor.py:161} INFO - Started process (PID=708) to work on /opt/airflow/dags/steam_analytics.py
[2026-09-08T18:24:55.421+0000] {processor.py:830} INFO - Processing file /opt/airflow/dags/steam_analytics.py for tasks to queue
[2026-09-08T18:24:55.423+0000] {logging_mixin.py:188} INFO - [2026-09-08T18:24:55.423+0000] {dagbag.py:545} INFO - Filling up the DagBag from /opt/airflow/dags/steam_analytics.py
[2026-09-08T18:24:55.656+0000] {processor.py:840} INFO - DAG(s) 'steam_analytics_daily' retrieved from /opt/airflow/dags/steam_analytics.py
[2026-09-08T18:24:55.699+0000] {logging_mixin.py:188} INFO - [2026-09-08T18:24:55.699+0000] {dag.py:3089} INFO - Sync 1 DAGs
[2026-09-08T18:24:55.732+0000] {logging_mixin.py:188} INFO - [2026-09-08T18:24:55.731+0000] {dag.py:3947} INFO - Setting next_dagrun for steam_analytics_daily to 2026-09-08 02:00:00+00:00, run_after=2026-09-09 02:00:00+00:00
[2026-09-08T18:24:55.763+0000] {processor.py:183} INFO - Processing /opt/airflow/dags/steam_analytics.py took 0.350 seconds
[2026-09-08T18:25:25.977+0000] {processor.py:161} INFO - Started process (PID=713) to work on /opt/airflow/dags/steam_analytics.py
[2026-09-08T18:25:25.978+0000] {processor.py:830} INFO - Processing file /opt/airflow/dags/steam_analytics.py for tasks to queue
[2026-09-08T18:25:25.980+0000] {logging_mixin.py:188} INFO - [2026-09-08T18:25:25.979+0000] {dagbag.py:545} INFO - Filling up the DagBag from /opt/airflow/dags/steam_analytics.py
[2026-09-08T18:25:26.188+0000] {processor.py:840} INFO - DAG(s) 'steam_analytics_daily' retrieved from /opt/airflow/dags/steam_analytics.py
[2026-09-08T18:25:26.226+0000] {logging_mixin.py:188} INFO - [2026-09-08T18:25:26.225+0000] {dag.py:3089} INFO - Sync 1 DAGs
[2026-09-08T18:25:26.257+0000] {logging_mixin.py:188} INFO - [2026-09-08T18:25:26.257+0000] {dag.py:3947} INFO - Setting next_dagrun for steam_analytics_daily to 2026-09-08 02:00:00+00:00, run_after=2026-09-09 02:00:00+00:00
[2026-09-08T18:25:26.280+0000] {processor.py:183} INFO - Processing /opt/airflow/dags/steam_analytics.py took 0.310 seconds
[2026-09-08T18:25:56.473+0000] {processor.py:161} INFO - Started process (PID=718) to work on /opt/airflow/dags/steam_analytics.py
[2026-09-08T18:25:56.474+0000] {processor.py:830} INFO - Processing file /opt/airflow/dags/steam_analytics.py for tasks to queue
[2026-09-08T18:25:56.476+0000] {logging_mixin.py:188} INFO - [2026-09-08T18:25:56.476+0000] {dagbag.py:545} INFO - Filling up the DagBag from /opt/airflow/dags/steam_analytics.py
[2026-09-08T18:25:56.715+0000] {processor.py:840} INFO - DAG(s) 'steam_analytics_daily' retrieved from /opt/airflow/dags/steam_analytics.py
[2026-09-08T18:25:56.764+0000] {logging_mixin.py:188} INFO - [2026-09-08T18:25:56.764+0000] {dag.py:3089} INFO - Sync 1 DAGs
[2026-09-08T18:25:56.800+0000] {logging_mixin.py:188} INFO - [2026-09-08T18:25:56.799+0000] {dag.py:3947} INFO - Setting next_dagrun for steam_analytics_daily to 2026-09-08 02:00:00+00:00, run_after=2026-09-09 02:00:00+00:00
[2026-09-08T18:25:56.831+0000] {processor.py:183} INFO - Processing /opt/airflow/dags/steam_analytics.py took 0.366 seconds
[2026-09-08T18:26:27.022+0000] {processor.py:161} INFO - Started process (PID=723) to work on /opt/airflow/dags/steam_analytics.py
[2026-09-08T18:26:27.023+0000] {processor.py:830} INFO - Processing file /opt/airflow/dags/steam_analytics.py for tasks to queue
[2026-09-08T18:26:27.025+0000] {logging_mixin.py:188} INFO - [2026-09-08T18:26:27.025+0000] {dagbag.py:545} INFO - Filling up the DagBag from /opt/airflow/dags/steam_analytics.py
[2026-09-08T18:26:27.223+0000] {processor.py:840} INFO - DAG(s) 'steam_analytics_daily' retrieved from /opt/airflow/dags/steam_analytics.py
[2026-09-08T18:26:27.264+0000] {logging_mixin.py:188} INFO - [2026-09-08T18:26:27.263+0000] {dag.py:3089} INFO - Sync 1 DAGs
[2026-09-08T18:26:27.303+0000] {logging_mixin.py:188} INFO - [2026-09-08T18:26:27.302+0000] {dag.py:3947} INFO - Setting next_dagrun for steam_analytics_daily to 2026-09-08 02:00:00+00:00, run_after=2026-09-09 02:00:00+00:00
[2026-09-08T18:26:27.330+0000] {processor.py:183} INFO - Processing /opt/airflow/dags/steam_analytics.py took 0.314 seconds
[2026-09-08T18:26:57.525+0000] {processor.py:161} INFO - Started process (PID=728) to work on /opt/airflow/dags/steam_analytics.py
[2026-09-08T18:26:57.533+0000] {processor.py:830} INFO - Processing file /opt/airflow/dags/steam_analytics.py for tasks to queue
[2026-09-08T18:26:57.541+0000] {logging_mixin.py:188} INFO - [2026-09-08T18:26:57.540+0000] {dagbag.py:545} INFO - Filling up the DagBag from /opt/airflow/dags/steam_analytics.py
[2026-09-08T18:26:57.807+0000] {processor.py:840} INFO - DAG(s) 'steam_analytics_daily' retrieved from /opt/airflow/dags/steam_analytics.py
[2026-09-08T18:26:57.849+0000] {logging_mixin.py:188} INFO - [2026-09-08T18:26:57.848+0000] {dag.py:3089} INFO - Sync 1 DAGs
[2026-09-08T18:26:57.881+0000] {logging_mixin.py:188} INFO - [2026-09-08T18:26:57.881+0000] {dag.py:3947} INFO - Setting next_dagrun for steam_analytics_daily to 2026-09-08 02:00:00+00:00, run_after=2026-09-09 02:00:00+00:00
[2026-09-08T18:26:57.914+0000] {processor.py:183} INFO - Processing /opt/airflow/dags/steam_analytics.py took 0.398 seconds
[2026-09-08T18:27:28.111+0000] {processor.py:161} INFO - Started process (PID=733) to work on /opt/airflow/dags/steam_analytics.py
[2026-09-08T18:27:28.112+0000] {processor.py:830} INFO - Processing file /opt/airflow/dags/steam_analytics.py for tasks to queue
[2026-09-08T18:27:28.115+0000] {logging_mixin.py:188} INFO - [2026-09-08T18:27:28.114+0000] {dagbag.py:545} INFO - Filling up the DagBag from /opt/airflow/dags/steam_analytics.py
[2026-09-08T18:27:28.322+0000] {processor.py:840} INFO - DAG(s) 'steam_analytics_daily' retrieved from /opt/airflow/dags/steam_analytics.py
[2026-09-08T18:27:28.361+0000] {logging_mixin.py:188} INFO - [2026-09-08T18:27:28.360+0000] {dag.py:3089} INFO - Sync 1 DAGs
[2026-09-08T18:27:28.393+0000] {logging_mixin.py:188} INFO - [2026-09-08T18:27:28.393+0000] {dag.py:3947} INFO - Setting next_dagrun for steam_analytics_daily to 2026-09-08 02:00:00+00:00, run_after=2026-09-09 02:00:00+00:00
[2026-09-08T18:27:28.420+0000] {processor.py:183} INFO - Processing /opt/airflow/dags/steam_analytics.py took 0.316 seconds
[2026-09-08T18:27:58.607+0000] {processor.py:161} INFO - Started process (PID=738) to work on /opt/airflow/dags/steam_analytics.py
[2026-09-08T18:27:58.608+0000] {processor.py:830} INFO - Processing file /opt/airflow/dags/steam_analytics.py for tasks to queue
[2026-09-08T18:27:58.610+0000] {logging_mixin.py:188} INFO - [2026-09-08T18:27:58.610+0000] {dagbag.py:545} INFO - Filling up the DagBag from /opt/airflow/dags/steam_analytics.py
[2026-09-08T18:27:58.825+0000] {processor.py:840} INFO - DAG(s) 'steam_analytics_daily' retrieved from /opt/airflow/dags/steam_analytics.py
[2026-09-08T18:27:58.865+0000] {logging_mixin.py:188} INFO - [2026-09-08T18:27:58.864+0000] {dag.py:3089} INFO - Sync 1 DAGs
[2026-09-08T18:27:58.898+0000] {logging_mixin.py:188} INFO - [2026-09-08T18:27:58.898+0000] {dag.py:3947} INFO - Setting next_dagrun for steam_analytics_daily to 2026-09-08 02:00:00+00:00, run_after=2026-09-09 02:00:00+00:00
[2026-09-08T18:27:58.924+0000] {processor.py:183} INFO - Processing /opt/airflow/dags/steam_analytics.py took 0.323 seconds
[2026-09-08T18:28:29.170+0000] {processor.py:161} INFO - Started process (PID=743) to work on /opt/airflow/dags/steam_analytics.py
[2026-09-08T18:28:29.173+0000] {processor.py:830} INFO - Processing file /opt/airflow/dags/steam_analytics.py for tasks to queue
[2026-09-08T18:28:29.179+0000] {logging_mixin.py:188} INFO - [2026-09-08T18:28:29.175+0000] {dagbag.py:545} INFO - Filling up the DagBag from /opt/airflow/dags/steam_analytics.py
[2026-09-08T18:28:29.449+0000] {processor.py:840} INFO - DAG(s) 'steam_analytics_daily' retrieved from /opt/airflow/dags/steam_analytics.py
[2026-09-08T18:28:29.497+0000] {logging_mixin.py:188} INFO - [2026-09-08T18:28:29.496+0000] {dag.py:3089} INFO - Sync 1 DAGs
[2026-09-08T18:28:29.537+0000] {logging_mixin.py:188} INFO - [2026-09-08T18:28:29.536+0000] {dag.py:3947} INFO - Setting next_dagrun for steam_analytics_daily to 2026-09-08 02:00:00+00:00, run_after=2026-09-09 02:00:00+00:00
[2026-09-08T18:28:29.589+0000] {processor.py:183} INFO - Processing /opt/airflow/dags/steam_analytics.py took 0.428 seconds
[2026-09-08T18:28:59.797+0000] {processor.py:161} INFO - Started process (PID=748) to work on /opt/airflow/dags/steam_analytics.py
[2026-09-08T18:28:59.799+0000] {processor.py:830} INFO - Processing file /opt/airflow/dags/steam_analytics.py for tasks to queue
[2026-09-08T18:28:59.801+0000] {logging_mixin.py:188} INFO - [2026-09-08T18:28:59.800+0000] {dagbag.py:545} INFO - Filling up the DagBag from /opt/airflow/dags/steam_analytics.py
[2026-09-08T18:29:00.058+0000] {processor.py:840} INFO - DAG(s) 'steam_analytics_daily' retrieved from /opt/airflow/dags/steam_analytics.py
[2026-09-08T18:29:00.105+0000] {logging_mixin.py:188} INFO - [2026-09-08T18:29:00.104+0000] {dag.py:3089} INFO - Sync 1 DAGs
[2026-09-08T18:29:00.141+0000] {logging_mixin.py:188} INFO - [2026-09-08T18:29:00.141+0000] {dag.py:3947} INFO - Setting next_dagrun for steam_analytics_daily to 2026-09-08 02:00:00+00:00, run_after=2026-09-09 02:00:00+00:00
[2026-09-08T18:29:00.201+0000] {processor.py:183} INFO - Processing /opt/airflow/dags/steam_analytics.py took 0.413 seconds
[2026-09-08T18:29:30.402+0000] {processor.py:161} INFO - Started process (PID=753) to work on /opt/airflow/dags/steam_analytics.py
[2026-09-08T18:29:30.403+0000] {processor.py:830} INFO - Processing file /opt/airflow/dags/steam_analytics.py for tasks to queue
[2026-09-08T18:29:30.406+0000] {logging_mixin.py:188} INFO - [2026-09-08T18:29:30.405+0000] {dagbag.py:545} INFO - Filling up the DagBag from /opt/airflow/dags/steam_analytics.py
[2026-09-08T18:29:30.659+0000] {processor.py:840} INFO - DAG(s) 'steam_analytics_daily' retrieved from /opt/airflow/dags/steam_analytics.py
[2026-09-08T18:29:30.707+0000] {logging_mixin.py:188} INFO - [2026-09-08T18:29:30.707+0000] {dag.py:3089} INFO - Sync 1 DAGs
[2026-09-08T18:29:30.749+0000] {logging_mixin.py:188} INFO - [2026-09-08T18:29:30.749+0000] {dag.py:3947} INFO - Setting next_dagrun for steam_analytics_daily to 2026-09-08 02:00:00+00:00, run_after=2026-09-09 02:00:00+00:00
[2026-09-08T18:29:30.787+0000] {processor.py:183} INFO - Processing /opt/airflow/dags/steam_analytics.py took 0.393 seconds
[2026-09-08T18:30:01.012+0000] {processor.py:161} INFO - Started process (PID=758) to work on /opt/airflow/dags/steam_analytics.py
[2026-09-08T18:30:01.014+0000] {processor.py:830} INFO - Processing file /opt/airflow/dags/steam_analytics.py for tasks to queue
[2026-09-08T18:30:01.017+0000] {logging_mixin.py:188} INFO - [2026-09-08T18:30:01.017+0000] {dagbag.py:545} INFO - Filling up the DagBag from /opt/airflow/dags/steam_analytics.py
[2026-09-08T18:30:01.246+0000] {processor.py:840} INFO - DAG(s) 'steam_analytics_daily' retrieved from /opt/airflow/dags/steam_analytics.py
[2026-09-08T18:30:01.289+0000] {logging_mixin.py:188} INFO - [2026-09-08T18:30:01.289+0000] {dag.py:3089} INFO - Sync 1 DAGs
[2026-09-08T18:30:01.329+0000] {logging_mixin.py:188} INFO - [2026-09-08T18:30:01.329+0000] {dag.py:3947} INFO - Setting next_dagrun for steam_analytics_daily to 2026-09-08 02:00:00+00:00, run_after=2026-09-09 02:00:00+00:00
[2026-09-08T18:30:01.360+0000] {processor.py:183} INFO - Processing /opt/airflow/dags/steam_analytics.py took 0.359 seconds
[2026-09-08T18:30:31.565+0000] {processor.py:161} INFO - Started process (PID=763) to work on /opt/airflow/dags/steam_analytics.py
[2026-09-08T18:30:31.566+0000] {processor.py:830} INFO - Processing file /opt/airflow/dags/steam_analytics.py for tasks to queue
[2026-09-08T18:30:31.569+0000] {logging_mixin.py:188} INFO - [2026-09-08T18:30:31.568+0000] {dagbag.py:545} INFO - Filling up the DagBag from /opt/airflow/dags/steam_analytics.py
[2026-09-08T18:30:31.797+0000] {processor.py:840} INFO - DAG(s) 'steam_analytics_daily' retrieved from /opt/airflow/dags/steam_analytics.py
[2026-09-08T18:30:31.838+0000] {logging_mixin.py:188} INFO - [2026-09-08T18:30:31.838+0000] {dag.py:3089} INFO - Sync 1 DAGs
[2026-09-08T18:30:31.874+0000] {logging_mixin.py:188} INFO - [2026-09-08T18:30:31.874+0000] {dag.py:3947} INFO - Setting next_dagrun for steam_analytics_daily to 2026-09-08 02:00:00+00:00, run_after=2026-09-09 02:00:00+00:00
[2026-09-08T18:30:31.906+0000] {processor.py:183} INFO - Processing /opt/airflow/dags/steam_analytics.py took 0.348 seconds
[2026-09-08T18:31:02.117+0000] {processor.py:161} INFO - Started process (PID=768) to work on /opt/airflow/dags/steam_analytics.py
[2026-09-08T18:31:02.118+0000] {processor.py:830} INFO - Processing file /opt/airflow/dags/steam_analytics.py for tasks to queue
[2026-09-08T18:31:02.120+0000] {logging_mixin.py:188} INFO - [2026-09-08T18:31:02.120+0000] {dagbag.py:545} INFO - Filling up the DagBag from /opt/airflow/dags/steam_analytics.py
[2026-09-08T18:31:02.335+0000] {processor.py:840} INFO - DAG(s) 'steam_analytics_daily' retrieved from /opt/airflow/dags/steam_analytics.py
[2026-09-08T18:31:02.382+0000] {logging_mixin.py:188} INFO - [2026-09-08T18:31:02.382+0000] {dag.py:3089} INFO - Sync 1 DAGs
[2026-09-08T18:31:02.414+0000] {logging_mixin.py:188} INFO - [2026-09-08T18:31:02.413+0000] {dag.py:3947} INFO - Setting next_dagrun for steam_analytics_daily to 2026-09-08 02:00:00+00:00, run_after=2026-09-09 02:00:00+00:00
[2026-09-08T18:31:02.441+0000] {processor.py:183} INFO - Processing /opt/airflow/dags/steam_analytics.py took 0.331 seconds
[2026-09-08T18:31:32.635+0000] {processor.py:161} INFO - Started process (PID=773) to work on /opt/airflow/dags/steam_analytics.py
[2026-09-08T18:31:32.636+0000] {processor.py:830} INFO - Processing file /opt/airflow/dags/steam_analytics.py for tasks to queue
[2026-09-08T18:31:32.638+0000] {logging_mixin.py:188} INFO - [2026-09-08T18:31:32.638+0000] {dagbag.py:545} INFO - Filling up the DagBag from /opt/airflow/dags/steam_analytics.py
[2026-09-08T18:31:32.850+0000] {processor.py:840} INFO - DAG(s) 'steam_analytics_daily' retrieved from /opt/airflow/dags/steam_analytics.py
[2026-09-08T18:31:32.889+0000] {logging_mixin.py:188} INFO - [2026-09-08T18:31:32.889+0000] {dag.py:3089} INFO - Sync 1 DAGs
[2026-09-08T18:31:32.922+0000] {logging_mixin.py:188} INFO - [2026-09-08T18:31:32.922+0000] {dag.py:3947} INFO - Setting next_dagrun for steam_analytics_daily to 2026-09-08 02:00:00+00:00, run_after=2026-09-09 02:00:00+00:00
[2026-09-08T18:31:32.953+0000] {processor.py:183} INFO - Processing /opt/airflow/dags/steam_analytics.py took 0.324 seconds
[2026-09-08T18:32:03.163+0000] {processor.py:161} INFO - Started process (PID=778) to work on /opt/airflow/dags/steam_analytics.py
[2026-09-08T18:32:03.164+0000] {processor.py:830} INFO - Processing file /opt/airflow/dags/steam_analytics.py for tasks to queue
[2026-09-08T18:32:03.167+0000] {logging_mixin.py:188} INFO - [2026-09-08T18:32:03.166+0000] {dagbag.py:545} INFO - Filling up the DagBag from /opt/airflow/dags/steam_analytics.py
[2026-09-08T18:32:03.405+0000] {processor.py:840} INFO - DAG(s) 'steam_analytics_daily' retrieved from /opt/airflow/dags/steam_analytics.py
[2026-09-08T18:32:03.450+0000] {logging_mixin.py:188} INFO - [2026-09-08T18:32:03.450+0000] {dag.py:3089} INFO - Sync 1 DAGs
[2026-09-08T18:32:03.485+0000] {logging_mixin.py:188} INFO - [2026-09-08T18:32:03.485+0000] {dag.py:3947} INFO - Setting next_dagrun for steam_analytics_daily to 2026-09-08 02:00:00+00:00, run_after=2026-09-09 02:00:00+00:00
[2026-09-08T18:32:03.515+0000] {processor.py:183} INFO - Processing /opt/airflow/dags/steam_analytics.py took 0.358 seconds
[2026-09-08T18:32:33.714+0000] {processor.py:161} INFO - Started process (PID=783) to work on /opt/airflow/dags/steam_analytics.py
[2026-09-08T18:32:33.715+0000] {processor.py:830} INFO - Processing file /opt/airflow/dags/steam_analytics.py for tasks to queue
[2026-09-08T18:32:33.718+0000] {logging_mixin.py:188} INFO - [2026-09-08T18:32:33.717+0000] {dagbag.py:545} INFO - Filling up the DagBag from /opt/airflow/dags/steam_analytics.py
[2026-09-08T18:32:33.959+0000] {processor.py:840} INFO - DAG(s) 'steam_analytics_daily' retrieved from /opt/airflow/dags/steam_analytics.py
[2026-09-08T18:32:34.008+0000] {logging_mixin.py:188} INFO - [2026-09-08T18:32:34.008+0000] {dag.py:3089} INFO - Sync 1 DAGs
[2026-09-08T18:32:34.043+0000] {logging_mixin.py:188} INFO - [2026-09-08T18:32:34.043+0000] {dag.py:3947} INFO - Setting next_dagrun for steam_analytics_daily to 2026-09-08 02:00:00+00:00, run_after=2026-09-09 02:00:00+00:00
[2026-09-08T18:32:34.073+0000] {processor.py:183} INFO - Processing /opt/airflow/dags/steam_analytics.py took 0.367 seconds
[2026-09-08T18:33:04.368+0000] {processor.py:161} INFO - Started process (PID=788) to work on /opt/airflow/dags/steam_analytics.py
[2026-09-08T18:33:04.371+0000] {processor.py:830} INFO - Processing file /opt/airflow/dags/steam_analytics.py for tasks to queue
[2026-09-08T18:33:04.376+0000] {logging_mixin.py:188} INFO - [2026-09-08T18:33:04.375+0000] {dagbag.py:545} INFO - Filling up the DagBag from /opt/airflow/dags/steam_analytics.py
[2026-09-08T18:33:04.685+0000] {processor.py:840} INFO - DAG(s) 'steam_analytics_daily' retrieved from /opt/airflow/dags/steam_analytics.py
[2026-09-08T18:33:04.756+0000] {logging_mixin.py:188} INFO - [2026-09-08T18:33:04.755+0000] {dag.py:3089} INFO - Sync 1 DAGs
[2026-09-08T18:33:04.806+0000] {logging_mixin.py:188} INFO - [2026-09-08T18:33:04.806+0000] {dag.py:3947} INFO - Setting next_dagrun for steam_analytics_daily to 2026-09-08 02:00:00+00:00, run_after=2026-09-09 02:00:00+00:00
[2026-09-08T18:33:04.847+0000] {processor.py:183} INFO - Processing /opt/airflow/dags/steam_analytics.py took 0.493 seconds
[2026-09-08T18:33:35.116+0000] {processor.py:161} INFO - Started process (PID=793) to work on /opt/airflow/dags/steam_analytics.py
[2026-09-08T18:33:35.118+0000] {processor.py:830} INFO - Processing file /opt/airflow/dags/steam_analytics.py for tasks to queue
[2026-09-08T18:33:35.132+0000] {logging_mixin.py:188} INFO - [2026-09-08T18:33:35.131+0000] {dagbag.py:545} INFO - Filling up the DagBag from /opt/airflow/dags/steam_analytics.py
[2026-09-08T18:33:35.397+0000] {processor.py:840} INFO - DAG(s) 'steam_analytics_daily' retrieved from /opt/airflow/dags/steam_analytics.py
[2026-09-08T18:33:35.439+0000] {logging_mixin.py:188} INFO - [2026-09-08T18:33:35.439+0000] {dag.py:3089} INFO - Sync 1 DAGs
[2026-09-08T18:33:35.472+0000] {logging_mixin.py:188} INFO - [2026-09-08T18:33:35.471+0000] {dag.py:3947} INFO - Setting next_dagrun for steam_analytics_daily to 2026-09-08 02:00:00+00:00, run_after=2026-09-09 02:00:00+00:00
[2026-09-08T18:33:35.502+0000] {processor.py:183} INFO - Processing /opt/airflow/dags/steam_analytics.py took 0.396 seconds
[2026-09-08T18:34:05.700+0000] {processor.py:161} INFO - Started process (PID=798) to work on /opt/airflow/dags/steam_analytics.py
[2026-09-08T18:34:05.701+0000] {processor.py:830} INFO - Processing file /opt/airflow/dags/steam_analytics.py for tasks to queue
[2026-09-08T18:34:05.703+0000] {logging_mixin.py:188} INFO - [2026-09-08T18:34:05.703+0000] {dagbag.py:545} INFO - Filling up the DagBag from /opt/airflow/dags/steam_analytics.py
[2026-09-08T18:34:05.900+0000] {processor.py:840} INFO - DAG(s) 'steam_analytics_daily' retrieved from /opt/airflow/dags/steam_analytics.py
[2026-09-08T18:34:05.936+0000] {logging_mixin.py:188} INFO - [2026-09-08T18:34:05.936+0000] {dag.py:3089} INFO - Sync 1 DAGs
[2026-09-08T18:34:05.968+0000] {logging_mixin.py:188} INFO - [2026-09-08T18:34:05.967+0000] {dag.py:3947} INFO - Setting next_dagrun for steam_analytics_daily to 2026-09-08 02:00:00+00:00, run_after=2026-09-09 02:00:00+00:00
[2026-09-08T18:34:05.992+0000] {processor.py:183} INFO - Processing /opt/airflow/dags/steam_analytics.py took 0.298 seconds
[2026-09-08T18:34:36.190+0000] {processor.py:161} INFO - Started process (PID=803) to work on /opt/airflow/dags/steam_analytics.py
[2026-09-08T18:34:36.191+0000] {processor.py:830} INFO - Processing file /opt/airflow/dags/steam_analytics.py for tasks to queue
[2026-09-08T18:34:36.193+0000] {logging_mixin.py:188} INFO - [2026-09-08T18:34:36.193+0000] {dagbag.py:545} INFO - Filling up the DagBag from /opt/airflow/dags/steam_analytics.py
[2026-09-08T18:34:36.408+0000] {processor.py:840} INFO - DAG(s) 'steam_analytics_daily' retrieved from /opt/airflow/dags/steam_analytics.py
[2026-09-08T18:34:36.450+0000] {logging_mixin.py:188} INFO - [2026-09-08T18:34:36.450+0000] {dag.py:3089} INFO - Sync 1 DAGs
[2026-09-08T18:34:36.484+0000] {logging_mixin.py:188} INFO - [2026-09-08T18:34:36.483+0000] {dag.py:3947} INFO - Setting next_dagrun for steam_analytics_daily to 2026-09-08 02:00:00+00:00, run_after=2026-09-09 02:00:00+00:00
[2026-09-08T18:34:36.511+0000] {processor.py:183} INFO - Processing /opt/airflow/dags/steam_analytics.py took 0.327 seconds
[2026-09-08T18:35:06.699+0000] {processor.py:161} INFO - Started process (PID=808) to work on /opt/airflow/dags/steam_analytics.py
[2026-09-08T18:35:06.700+0000] {processor.py:830} INFO - Processing file /opt/airflow/dags/steam_analytics.py for tasks to queue
[2026-09-08T18:35:06.702+0000] {logging_mixin.py:188} INFO - [2026-09-08T18:35:06.701+0000] {dagbag.py:545} INFO - Filling up the DagBag from /opt/airflow/dags/steam_analytics.py
[2026-09-08T18:35:06.918+0000] {processor.py:840} INFO - DAG(s) 'steam_analytics_daily' retrieved from /opt/airflow/dags/steam_analytics.py
[2026-09-08T18:35:06.959+0000] {logging_mixin.py:188} INFO - [2026-09-08T18:35:06.958+0000] {dag.py:3089} INFO - Sync 1 DAGs
[2026-09-08T18:35:06.989+0000] {logging_mixin.py:188} INFO - [2026-09-08T18:35:06.989+0000] {dag.py:3947} INFO - Setting next_dagrun for steam_analytics_daily to 2026-09-08 02:00:00+00:00, run_after=2026-09-09 02:00:00+00:00
[2026-09-08T18:35:07.013+0000] {processor.py:183} INFO - Processing /opt/airflow/dags/steam_analytics.py took 0.320 seconds
[2026-09-08T18:35:37.222+0000] {processor.py:161} INFO - Started process (PID=813) to work on /opt/airflow/dags/steam_analytics.py
[2026-09-08T18:35:37.223+0000] {processor.py:830} INFO - Processing file /opt/airflow/dags/steam_analytics.py for tasks to queue
[2026-09-08T18:35:37.225+0000] {logging_mixin.py:188} INFO - [2026-09-08T18:35:37.225+0000] {dagbag.py:545} INFO - Filling up the DagBag from /opt/airflow/dags/steam_analytics.py
[2026-09-08T18:35:37.441+0000] {processor.py:840} INFO - DAG(s) 'steam_analytics_daily' retrieved from /opt/airflow/dags/steam_analytics.py
[2026-09-08T18:35:37.479+0000] {logging_mixin.py:188} INFO - [2026-09-08T18:35:37.479+0000] {dag.py:3089} INFO - Sync 1 DAGs
[2026-09-08T18:35:37.509+0000] {logging_mixin.py:188} INFO - [2026-09-08T18:35:37.508+0000] {dag.py:3947} INFO - Setting next_dagrun for steam_analytics_daily to 2026-09-08 02:00:00+00:00, run_after=2026-09-09 02:00:00+00:00
[2026-09-08T18:35:37.538+0000] {processor.py:183} INFO - Processing /opt/airflow/dags/steam_analytics.py took 0.324 seconds
[2026-09-08T18:36:07.734+0000] {processor.py:161} INFO - Started process (PID=818) to work on /opt/airflow/dags/steam_analytics.py
[2026-09-08T18:36:07.735+0000] {processor.py:830} INFO - Processing file /opt/airflow/dags/steam_analytics.py for tasks to queue
[2026-09-08T18:36:07.737+0000] {logging_mixin.py:188} INFO - [2026-09-08T18:36:07.737+0000] {dagbag.py:545} INFO - Filling up the DagBag from /opt/airflow/dags/steam_analytics.py
[2026-09-08T18:36:07.963+0000] {processor.py:840} INFO - DAG(s) 'steam_analytics_daily' retrieved from /opt/airflow/dags/steam_analytics.py
[2026-09-08T18:36:08.001+0000] {logging_mixin.py:188} INFO - [2026-09-08T18:36:08.001+0000] {dag.py:3089} INFO - Sync 1 DAGs
[2026-09-08T18:36:08.037+0000] {logging_mixin.py:188} INFO - [2026-09-08T18:36:08.037+0000] {dag.py:3947} INFO - Setting next_dagrun for steam_analytics_daily to 2026-09-08 02:00:00+00:00, run_after=2026-09-09 02:00:00+00:00
[2026-09-08T18:36:08.064+0000] {processor.py:183} INFO - Processing /opt/airflow/dags/steam_analytics.py took 0.337 seconds
[2026-09-08T18:36:38.262+0000] {processor.py:161} INFO - Started process (PID=823) to work on /opt/airflow/dags/steam_analytics.py
[2026-09-08T18:36:38.264+0000] {processor.py:830} INFO - Processing file /opt/airflow/dags/steam_analytics.py for tasks to queue
[2026-09-08T18:36:38.267+0000] {logging_mixin.py:188} INFO - [2026-09-08T18:36:38.266+0000] {dagbag.py:545} INFO - Filling up the DagBag from /opt/airflow/dags/steam_analytics.py
[2026-09-08T18:36:38.483+0000] {processor.py:840} INFO - DAG(s) 'steam_analytics_daily' retrieved from /opt/airflow/dags/steam_analytics.py
[2026-09-08T18:36:38.536+0000] {logging_mixin.py:188} INFO - [2026-09-08T18:36:38.535+0000] {dag.py:3089} INFO - Sync 1 DAGs
[2026-09-08T18:36:38.574+0000] {logging_mixin.py:188} INFO - [2026-09-08T18:36:38.573+0000] {dag.py:3947} INFO - Setting next_dagrun for steam_analytics_daily to 2026-09-08 02:00:00+00:00, run_after=2026-09-09 02:00:00+00:00
[2026-09-08T18:36:38.602+0000] {processor.py:183} INFO - Processing /opt/airflow/dags/steam_analytics.py took 0.348 seconds
[2026-09-08T18:37:08.793+0000] {processor.py:161} INFO - Started process (PID=828) to work on /opt/airflow/dags/steam_analytics.py
[2026-09-08T18:37:08.794+0000] {processor.py:830} INFO - Processing file /opt/airflow/dags/steam_analytics.py for tasks to queue
[2026-09-08T18:37:08.796+0000] {logging_mixin.py:188} INFO - [2026-09-08T18:37:08.795+0000] {dagbag.py:545} INFO - Filling up the DagBag from /opt/airflow/dags/steam_analytics.py
[2026-09-08T18:37:09.001+0000] {processor.py:840} INFO - DAG(s) 'steam_analytics_daily' retrieved from /opt/airflow/dags/steam_analytics.py
[2026-09-08T18:37:09.041+0000] {logging_mixin.py:188} INFO - [2026-09-08T18:37:09.041+0000] {dag.py:3089} INFO - Sync 1 DAGs
[2026-09-08T18:37:09.071+0000] {logging_mixin.py:188} INFO - [2026-09-08T18:37:09.071+0000] {dag.py:3947} INFO - Setting next_dagrun for steam_analytics_daily to 2026-09-08 02:00:00+00:00, run_after=2026-09-09 02:00:00+00:00
[2026-09-08T18:37:09.095+0000] {processor.py:183} INFO - Processing /opt/airflow/dags/steam_analytics.py took 0.310 seconds
[2026-09-08T18:37:39.297+0000] {processor.py:161} INFO - Started process (PID=833) to work on /opt/airflow/dags/steam_analytics.py
[2026-09-08T18:37:39.298+0000] {processor.py:830} INFO - Processing file /opt/airflow/dags/steam_analytics.py for tasks to queue
[2026-09-08T18:37:39.300+0000] {logging_mixin.py:188} INFO - [2026-09-08T18:37:39.300+0000] {dagbag.py:545} INFO - Filling up the DagBag from /opt/airflow/dags/steam_analytics.py
[2026-09-08T18:37:39.534+0000] {processor.py:840} INFO - DAG(s) 'steam_analytics_daily' retrieved from /opt/airflow/dags/steam_analytics.py
[2026-09-08T18:37:39.572+0000] {logging_mixin.py:188} INFO - [2026-09-08T18:37:39.572+0000] {dag.py:3089} INFO - Sync 1 DAGs
[2026-09-08T18:37:39.605+0000] {logging_mixin.py:188} INFO - [2026-09-08T18:37:39.605+0000] {dag.py:3947} INFO - Setting next_dagrun for steam_analytics_daily to 2026-09-08 02:00:00+00:00, run_after=2026-09-09 02:00:00+00:00
[2026-09-08T18:37:39.634+0000] {processor.py:183} INFO - Processing /opt/airflow/dags/steam_analytics.py took 0.344 seconds
[2026-09-08T18:38:09.840+0000] {processor.py:161} INFO - Started process (PID=838) to work on /opt/airflow/dags/steam_analytics.py
[2026-09-08T18:38:09.841+0000] {processor.py:830} INFO - Processing file /opt/airflow/dags/steam_analytics.py for tasks to queue
[2026-09-08T18:38:09.844+0000] {logging_mixin.py:188} INFO - [2026-09-08T18:38:09.843+0000] {dagbag.py:545} INFO - Filling up the DagBag from /opt/airflow/dags/steam_analytics.py
[2026-09-08T18:38:10.121+0000] {processor.py:840} INFO - DAG(s) 'steam_analytics_daily' retrieved from /opt/airflow/dags/steam_analytics.py
[2026-09-08T18:38:10.177+0000] {logging_mixin.py:188} INFO - [2026-09-08T18:38:10.176+0000] {dag.py:3089} INFO - Sync 1 DAGs
[2026-09-08T18:38:10.212+0000] {logging_mixin.py:188} INFO - [2026-09-08T18:38:10.212+0000] {dag.py:3947} INFO - Setting next_dagrun for steam_analytics_daily to 2026-09-08 02:00:00+00:00, run_after=2026-09-09 02:00:00+00:00
[2026-09-08T18:38:11.311+0000] {processor.py:183} INFO - Processing /opt/airflow/dags/steam_analytics.py took 1.480 seconds
[2026-09-08T18:38:41.521+0000] {processor.py:161} INFO - Started process (PID=843) to work on /opt/airflow/dags/steam_analytics.py
[2026-09-08T18:38:41.522+0000] {processor.py:830} INFO - Processing file /opt/airflow/dags/steam_analytics.py for tasks to queue
[2026-09-08T18:38:41.525+0000] {logging_mixin.py:188} INFO - [2026-09-08T18:38:41.524+0000] {dagbag.py:545} INFO - Filling up the DagBag from /opt/airflow/dags/steam_analytics.py
[2026-09-08T18:38:41.793+0000] {processor.py:840} INFO - DAG(s) 'steam_analytics_daily' retrieved from /opt/airflow/dags/steam_analytics.py
[2026-09-08T18:38:41.838+0000] {logging_mixin.py:188} INFO - [2026-09-08T18:38:41.837+0000] {dag.py:3089} INFO - Sync 1 DAGs
[2026-09-08T18:38:41.874+0000] {logging_mixin.py:188} INFO - [2026-09-08T18:38:41.874+0000] {dag.py:3947} INFO - Setting next_dagrun for steam_analytics_daily to 2026-09-08 02:00:00+00:00, run_after=2026-09-09 02:00:00+00:00
[2026-09-08T18:38:41.900+0000] {processor.py:183} INFO - Processing /opt/airflow/dags/steam_analytics.py took 0.387 seconds
[2026-09-08T18:39:12.093+0000] {processor.py:161} INFO - Started process (PID=848) to work on /opt/airflow/dags/steam_analytics.py
[2026-09-08T18:39:12.094+0000] {processor.py:830} INFO - Processing file /opt/airflow/dags/steam_analytics.py for tasks to queue
[2026-09-08T18:39:12.096+0000] {logging_mixin.py:188} INFO - [2026-09-08T18:39:12.096+0000] {dagbag.py:545} INFO - Filling up the DagBag from /opt/airflow/dags/steam_analytics.py
[2026-09-08T18:39:12.337+0000] {processor.py:840} INFO - DAG(s) 'steam_analytics_daily' retrieved from /opt/airflow/dags/steam_analytics.py
[2026-09-08T18:39:12.382+0000] {logging_mixin.py:188} INFO - [2026-09-08T18:39:12.381+0000] {dag.py:3089} INFO - Sync 1 DAGs
[2026-09-08T18:39:12.414+0000] {logging_mixin.py:188} INFO - [2026-09-08T18:39:12.414+0000] {dag.py:3947} INFO - Setting next_dagrun for steam_analytics_daily to 2026-09-08 02:00:00+00:00, run_after=2026-09-09 02:00:00+00:00
[2026-09-08T18:39:12.450+0000] {processor.py:183} INFO - Processing /opt/airflow/dags/steam_analytics.py took 0.364 seconds
[2026-09-08T18:39:42.640+0000] {processor.py:161} INFO - Started process (PID=853) to work on /opt/airflow/dags/steam_analytics.py
[2026-09-08T18:39:42.641+0000] {processor.py:830} INFO - Processing file /opt/airflow/dags/steam_analytics.py for tasks to queue
[2026-09-08T18:39:42.643+0000] {logging_mixin.py:188} INFO - [2026-09-08T18:39:42.643+0000] {dagbag.py:545} INFO - Filling up the DagBag from /opt/airflow/dags/steam_analytics.py
[2026-09-08T18:39:42.857+0000] {processor.py:840} INFO - DAG(s) 'steam_analytics_daily' retrieved from /opt/airflow/dags/steam_analytics.py
[2026-09-08T18:39:42.889+0000] {logging_mixin.py:188} INFO - [2026-09-08T18:39:42.888+0000] {dag.py:3089} INFO - Sync 1 DAGs
[2026-09-08T18:39:42.918+0000] {logging_mixin.py:188} INFO - [2026-09-08T18:39:42.918+0000] {dag.py:3947} INFO - Setting next_dagrun for steam_analytics_daily to 2026-09-08 02:00:00+00:00, run_after=2026-09-09 02:00:00+00:00
[2026-09-08T18:39:42.943+0000] {processor.py:183} INFO - Processing /opt/airflow/dags/steam_analytics.py took 0.309 seconds
[2026-09-08T18:40:13.131+0000] {processor.py:161} INFO - Started process (PID=858) to work on /opt/airflow/dags/steam_analytics.py
[2026-09-08T18:40:13.132+0000] {processor.py:830} INFO - Processing file /opt/airflow/dags/steam_analytics.py for tasks to queue
[2026-09-08T18:40:13.134+0000] {logging_mixin.py:188} INFO - [2026-09-08T18:40:13.134+0000] {dagbag.py:545} INFO - Filling up the DagBag from /opt/airflow/dags/steam_analytics.py
[2026-09-08T18:40:13.359+0000] {processor.py:840} INFO - DAG(s) 'steam_analytics_daily' retrieved from /opt/airflow/dags/steam_analytics.py
[2026-09-08T18:40:13.400+0000] {logging_mixin.py:188} INFO - [2026-09-08T18:40:13.399+0000] {dag.py:3089} INFO - Sync 1 DAGs
[2026-09-08T18:40:13.436+0000] {logging_mixin.py:188} INFO - [2026-09-08T18:40:13.436+0000] {dag.py:3947} INFO - Setting next_dagrun for steam_analytics_daily to 2026-09-08 02:00:00+00:00, run_after=2026-09-09 02:00:00+00:00
[2026-09-08T18:40:13.680+0000] {processor.py:183} INFO - Processing /opt/airflow/dags/steam_analytics.py took 0.556 seconds
[2026-09-08T18:40:43.887+0000] {processor.py:161} INFO - Started process (PID=863) to work on /opt/airflow/dags/steam_analytics.py
[2026-09-08T18:40:43.888+0000] {processor.py:830} INFO - Processing file /opt/airflow/dags/steam_analytics.py for tasks to queue
[2026-09-08T18:40:43.890+0000] {logging_mixin.py:188} INFO - [2026-09-08T18:40:43.890+0000] {dagbag.py:545} INFO - Filling up the DagBag from /opt/airflow/dags/steam_analytics.py
[2026-09-08T18:40:44.119+0000] {processor.py:840} INFO - DAG(s) 'steam_analytics_daily' retrieved from /opt/airflow/dags/steam_analytics.py
[2026-09-08T18:40:44.163+0000] {logging_mixin.py:188} INFO - [2026-09-08T18:40:44.162+0000] {dag.py:3089} INFO - Sync 1 DAGs
[2026-09-08T18:40:44.202+0000] {logging_mixin.py:188} INFO - [2026-09-08T18:40:44.202+0000] {dag.py:3947} INFO - Setting next_dagrun for steam_analytics_daily to 2026-09-08 02:00:00+00:00, run_after=2026-09-09 02:00:00+00:00
[2026-09-08T18:40:44.231+0000] {processor.py:183} INFO - Processing /opt/airflow/dags/steam_analytics.py took 0.351 seconds
[2026-09-08T18:41:14.425+0000] {processor.py:161} INFO - Started process (PID=868) to work on /opt/airflow/dags/steam_analytics.py
[2026-09-08T18:41:14.427+0000] {processor.py:830} INFO - Processing file /opt/airflow/dags/steam_analytics.py for tasks to queue
[2026-09-08T18:41:14.429+0000] {logging_mixin.py:188} INFO - [2026-09-08T18:41:14.428+0000] {dagbag.py:545} INFO - Filling up the DagBag from /opt/airflow/dags/steam_analytics.py
[2026-09-08T18:41:14.652+0000] {processor.py:840} INFO - DAG(s) 'steam_analytics_daily' retrieved from /opt/airflow/dags/steam_analytics.py
[2026-09-08T18:41:14.694+0000] {logging_mixin.py:188} INFO - [2026-09-08T18:41:14.693+0000] {dag.py:3089} INFO - Sync 1 DAGs
[2026-09-08T18:41:14.729+0000] {logging_mixin.py:188} INFO - [2026-09-08T18:41:14.729+0000] {dag.py:3947} INFO - Setting next_dagrun for steam_analytics_daily to 2026-09-08 02:00:00+00:00, run_after=2026-09-09 02:00:00+00:00
[2026-09-08T18:41:14.756+0000] {processor.py:183} INFO - Processing /opt/airflow/dags/steam_analytics.py took 0.338 seconds
[2026-09-08T18:41:44.938+0000] {processor.py:161} INFO - Started process (PID=873) to work on /opt/airflow/dags/steam_analytics.py
[2026-09-08T18:41:44.939+0000] {processor.py:830} INFO - Processing file /opt/airflow/dags/steam_analytics.py for tasks to queue
[2026-09-08T18:41:44.941+0000] {logging_mixin.py:188} INFO - [2026-09-08T18:41:44.941+0000] {dagbag.py:545} INFO - Filling up the DagBag from /opt/airflow/dags/steam_analytics.py
[2026-09-08T18:41:45.158+0000] {processor.py:840} INFO - DAG(s) 'steam_analytics_daily' retrieved from /opt/airflow/dags/steam_analytics.py
[2026-09-08T18:41:45.199+0000] {logging_mixin.py:188} INFO - [2026-09-08T18:41:45.199+0000] {dag.py:3089} INFO - Sync 1 DAGs
[2026-09-08T18:41:45.230+0000] {logging_mixin.py:188} INFO - [2026-09-08T18:41:45.230+0000] {dag.py:3947} INFO - Setting next_dagrun for steam_analytics_daily to 2026-09-08 02:00:00+00:00, run_after=2026-09-09 02:00:00+00:00
[2026-09-08T18:41:45.258+0000] {processor.py:183} INFO - Processing /opt/airflow/dags/steam_analytics.py took 0.327 seconds
[2026-09-08T18:42:15.459+0000] {processor.py:161} INFO - Started process (PID=878) to work on /opt/airflow/dags/steam_analytics.py
[2026-09-08T18:42:15.460+0000] {processor.py:830} INFO - Processing file /opt/airflow/dags/steam_analytics.py for tasks to queue
[2026-09-08T18:42:15.463+0000] {logging_mixin.py:188} INFO - [2026-09-08T18:42:15.462+0000] {dagbag.py:545} INFO - Filling up the DagBag from /opt/airflow/dags/steam_analytics.py
[2026-09-08T18:42:15.746+0000] {processor.py:840} INFO - DAG(s) 'steam_analytics_daily' retrieved from /opt/airflow/dags/steam_analytics.py
[2026-09-08T18:42:15.785+0000] {logging_mixin.py:188} INFO - [2026-09-08T18:42:15.785+0000] {dag.py:3089} INFO - Sync 1 DAGs
[2026-09-08T18:42:15.817+0000] {logging_mixin.py:188} INFO - [2026-09-08T18:42:15.816+0000] {dag.py:3947} INFO - Setting next_dagrun for steam_analytics_daily to 2026-09-08 02:00:00+00:00, run_after=2026-09-09 02:00:00+00:00
[2026-09-08T18:42:15.848+0000] {processor.py:183} INFO - Processing /opt/airflow/dags/steam_analytics.py took 0.401 seconds
[2026-09-08T18:42:46.044+0000] {processor.py:161} INFO - Started process (PID=883) to work on /opt/airflow/dags/steam_analytics.py
[2026-09-08T18:42:46.045+0000] {processor.py:830} INFO - Processing file /opt/airflow/dags/steam_analytics.py for tasks to queue
[2026-09-08T18:42:46.047+0000] {logging_mixin.py:188} INFO - [2026-09-08T18:42:46.047+0000] {dagbag.py:545} INFO - Filling up the DagBag from /opt/airflow/dags/steam_analytics.py
[2026-09-08T18:42:46.269+0000] {processor.py:840} INFO - DAG(s) 'steam_analytics_daily' retrieved from /opt/airflow/dags/steam_analytics.py
[2026-09-08T18:42:46.315+0000] {logging_mixin.py:188} INFO - [2026-09-08T18:42:46.314+0000] {dag.py:3089} INFO - Sync 1 DAGs
[2026-09-08T18:42:46.351+0000] {logging_mixin.py:188} INFO - [2026-09-08T18:42:46.351+0000] {dag.py:3947} INFO - Setting next_dagrun for steam_analytics_daily to 2026-09-08 02:00:00+00:00, run_after=2026-09-09 02:00:00+00:00
[2026-09-08T18:42:46.615+0000] {processor.py:183} INFO - Processing /opt/airflow/dags/steam_analytics.py took 0.578 seconds
[2026-09-08T18:43:16.793+0000] {processor.py:161} INFO - Started process (PID=888) to work on /opt/airflow/dags/steam_analytics.py
[2026-09-08T18:43:16.794+0000] {processor.py:830} INFO - Processing file /opt/airflow/dags/steam_analytics.py for tasks to queue
[2026-09-08T18:43:16.796+0000] {logging_mixin.py:188} INFO - [2026-09-08T18:43:16.795+0000] {dagbag.py:545} INFO - Filling up the DagBag from /opt/airflow/dags/steam_analytics.py
[2026-09-08T18:43:17.015+0000] {processor.py:840} INFO - DAG(s) 'steam_analytics_daily' retrieved from /opt/airflow/dags/steam_analytics.py
[2026-09-08T18:43:17.055+0000] {logging_mixin.py:188} INFO - [2026-09-08T18:43:17.055+0000] {dag.py:3089} INFO - Sync 1 DAGs
[2026-09-08T18:43:17.090+0000] {logging_mixin.py:188} INFO - [2026-09-08T18:43:17.090+0000] {dag.py:3947} INFO - Setting next_dagrun for steam_analytics_daily to 2026-09-08 02:00:00+00:00, run_after=2026-09-09 02:00:00+00:00
[2026-09-08T18:43:17.119+0000] {processor.py:183} INFO - Processing /opt/airflow/dags/steam_analytics.py took 0.333 seconds
[2026-09-08T18:43:47.345+0000] {processor.py:161} INFO - Started process (PID=893) to work on /opt/airflow/dags/steam_analytics.py
[2026-09-08T18:43:47.346+0000] {processor.py:830} INFO - Processing file /opt/airflow/dags/steam_analytics.py for tasks to queue
[2026-09-08T18:43:47.348+0000] {logging_mixin.py:188} INFO - [2026-09-08T18:43:47.348+0000] {dagbag.py:545} INFO - Filling up the DagBag from /opt/airflow/dags/steam_analytics.py
[2026-09-08T18:43:47.568+0000] {processor.py:840} INFO - DAG(s) 'steam_analytics_daily' retrieved from /opt/airflow/dags/steam_analytics.py
[2026-09-08T18:43:47.612+0000] {logging_mixin.py:188} INFO - [2026-09-08T18:43:47.612+0000] {dag.py:3089} INFO - Sync 1 DAGs
[2026-09-08T18:43:47.641+0000] {logging_mixin.py:188} INFO - [2026-09-08T18:43:47.640+0000] {dag.py:3947} INFO - Setting next_dagrun for steam_analytics_daily to 2026-09-08 02:00:00+00:00, run_after=2026-09-09 02:00:00+00:00
[2026-09-08T18:43:47.672+0000] {processor.py:183} INFO - Processing /opt/airflow/dags/steam_analytics.py took 0.334 seconds
[2026-09-08T18:44:17.890+0000] {processor.py:161} INFO - Started process (PID=898) to work on /opt/airflow/dags/steam_analytics.py
[2026-09-08T18:44:17.891+0000] {processor.py:830} INFO - Processing file /opt/airflow/dags/steam_analytics.py for tasks to queue
[2026-09-08T18:44:17.894+0000] {logging_mixin.py:188} INFO - [2026-09-08T18:44:17.893+0000] {dagbag.py:545} INFO - Filling up the DagBag from /opt/airflow/dags/steam_analytics.py
[2026-09-08T18:44:18.113+0000] {processor.py:840} INFO - DAG(s) 'steam_analytics_daily' retrieved from /opt/airflow/dags/steam_analytics.py
[2026-09-08T18:44:18.172+0000] {logging_mixin.py:188} INFO - [2026-09-08T18:44:18.172+0000] {dag.py:3089} INFO - Sync 1 DAGs
[2026-09-08T18:44:18.204+0000] {logging_mixin.py:188} INFO - [2026-09-08T18:44:18.204+0000] {dag.py:3947} INFO - Setting next_dagrun for steam_analytics_daily to 2026-09-08 02:00:00+00:00, run_after=2026-09-09 02:00:00+00:00
[2026-09-08T18:44:18.236+0000] {processor.py:183} INFO - Processing /opt/airflow/dags/steam_analytics.py took 0.352 seconds
[2026-09-08T18:44:48.430+0000] {processor.py:161} INFO - Started process (PID=903) to work on /opt/airflow/dags/steam_analytics.py
[2026-09-08T18:44:48.431+0000] {processor.py:830} INFO - Processing file /opt/airflow/dags/steam_analytics.py for tasks to queue
[2026-09-08T18:44:48.435+0000] {logging_mixin.py:188} INFO - [2026-09-08T18:44:48.434+0000] {dagbag.py:545} INFO - Filling up the DagBag from /opt/airflow/dags/steam_analytics.py
[2026-09-08T18:44:48.665+0000] {processor.py:840} INFO - DAG(s) 'steam_analytics_daily' retrieved from /opt/airflow/dags/steam_analytics.py
[2026-09-08T18:44:48.710+0000] {logging_mixin.py:188} INFO - [2026-09-08T18:44:48.710+0000] {dag.py:3089} INFO - Sync 1 DAGs
[2026-09-08T18:44:48.751+0000] {logging_mixin.py:188} INFO - [2026-09-08T18:44:48.750+0000] {dag.py:3947} INFO - Setting next_dagrun for steam_analytics_daily to 2026-09-08 02:00:00+00:00, run_after=2026-09-09 02:00:00+00:00
[2026-09-08T18:44:48.987+0000] {processor.py:183} INFO - Processing /opt/airflow/dags/steam_analytics.py took 0.564 seconds
[2026-09-08T18:45:19.190+0000] {processor.py:161} INFO - Started process (PID=908) to work on /opt/airflow/dags/steam_analytics.py
[2026-09-08T18:45:19.192+0000] {processor.py:830} INFO - Processing file /opt/airflow/dags/steam_analytics.py for tasks to queue
[2026-09-08T18:45:19.194+0000] {logging_mixin.py:188} INFO - [2026-09-08T18:45:19.193+0000] {dagbag.py:545} INFO - Filling up the DagBag from /opt/airflow/dags/steam_analytics.py
[2026-09-08T18:45:19.401+0000] {processor.py:840} INFO - DAG(s) 'steam_analytics_daily' retrieved from /opt/airflow/dags/steam_analytics.py
[2026-09-08T18:45:19.441+0000] {logging_mixin.py:188} INFO - [2026-09-08T18:45:19.441+0000] {dag.py:3089} INFO - Sync 1 DAGs
[2026-09-08T18:45:19.650+0000] {logging_mixin.py:188} INFO - [2026-09-08T18:45:19.649+0000] {dag.py:3947} INFO - Setting next_dagrun for steam_analytics_daily to 2026-09-08 02:00:00+00:00, run_after=2026-09-09 02:00:00+00:00
[2026-09-08T18:45:19.681+0000] {processor.py:183} INFO - Processing /opt/airflow/dags/steam_analytics.py took 0.497 seconds
[2026-09-08T18:45:49.756+0000] {processor.py:161} INFO - Started process (PID=913) to work on /opt/airflow/dags/steam_analytics.py
[2026-09-08T18:45:49.758+0000] {processor.py:830} INFO - Processing file /opt/airflow/dags/steam_analytics.py for tasks to queue
[2026-09-08T18:45:49.760+0000] {logging_mixin.py:188} INFO - [2026-09-08T18:45:49.760+0000] {dagbag.py:545} INFO - Filling up the DagBag from /opt/airflow/dags/steam_analytics.py
[2026-09-08T18:45:49.975+0000] {processor.py:840} INFO - DAG(s) 'steam_analytics_daily' retrieved from /opt/airflow/dags/steam_analytics.py
[2026-09-08T18:45:50.018+0000] {logging_mixin.py:188} INFO - [2026-09-08T18:45:50.017+0000] {dag.py:3089} INFO - Sync 1 DAGs
[2026-09-08T18:45:50.059+0000] {logging_mixin.py:188} INFO - [2026-09-08T18:45:50.058+0000] {dag.py:3947} INFO - Setting next_dagrun for steam_analytics_daily to 2026-09-08 02:00:00+00:00, run_after=2026-09-09 02:00:00+00:00
[2026-09-08T18:45:50.089+0000] {processor.py:183} INFO - Processing /opt/airflow/dags/steam_analytics.py took 0.340 seconds
[2026-09-08T18:46:20.282+0000] {processor.py:161} INFO - Started process (PID=918) to work on /opt/airflow/dags/steam_analytics.py
[2026-09-08T18:46:20.283+0000] {processor.py:830} INFO - Processing file /opt/airflow/dags/steam_analytics.py for tasks to queue
[2026-09-08T18:46:20.285+0000] {logging_mixin.py:188} INFO - [2026-09-08T18:46:20.284+0000] {dagbag.py:545} INFO - Filling up the DagBag from /opt/airflow/dags/steam_analytics.py
[2026-09-08T18:46:20.499+0000] {processor.py:840} INFO - DAG(s) 'steam_analytics_daily' retrieved from /opt/airflow/dags/steam_analytics.py
[2026-09-08T18:46:20.541+0000] {logging_mixin.py:188} INFO - [2026-09-08T18:46:20.541+0000] {dag.py:3089} INFO - Sync 1 DAGs
[2026-09-08T18:46:20.573+0000] {logging_mixin.py:188} INFO - [2026-09-08T18:46:20.572+0000] {dag.py:3947} INFO - Setting next_dagrun for steam_analytics_daily to 2026-09-08 02:00:00+00:00, run_after=2026-09-09 02:00:00+00:00
[2026-09-08T18:46:20.602+0000] {processor.py:183} INFO - Processing /opt/airflow/dags/steam_analytics.py took 0.328 seconds
[2026-09-08T18:46:50.799+0000] {processor.py:161} INFO - Started process (PID=923) to work on /opt/airflow/dags/steam_analytics.py
[2026-09-08T18:46:50.800+0000] {processor.py:830} INFO - Processing file /opt/airflow/dags/steam_analytics.py for tasks to queue
[2026-09-08T18:46:50.802+0000] {logging_mixin.py:188} INFO - [2026-09-08T18:46:50.802+0000] {dagbag.py:545} INFO - Filling up the DagBag from /opt/airflow/dags/steam_analytics.py
[2026-09-08T18:46:51.021+0000] {processor.py:840} INFO - DAG(s) 'steam_analytics_daily' retrieved from /opt/airflow/dags/steam_analytics.py
[2026-09-08T18:46:51.062+0000] {logging_mixin.py:188} INFO - [2026-09-08T18:46:51.062+0000] {dag.py:3089} INFO - Sync 1 DAGs
[2026-09-08T18:46:51.096+0000] {logging_mixin.py:188} INFO - [2026-09-08T18:46:51.096+0000] {dag.py:3947} INFO - Setting next_dagrun for steam_analytics_daily to 2026-09-08 02:00:00+00:00, run_after=2026-09-09 02:00:00+00:00
[2026-09-08T18:46:51.317+0000] {processor.py:183} INFO - Processing /opt/airflow/dags/steam_analytics.py took 0.525 seconds
[2026-09-08T18:47:21.513+0000] {processor.py:161} INFO - Started process (PID=928) to work on /opt/airflow/dags/steam_analytics.py
[2026-09-08T18:47:21.514+0000] {processor.py:830} INFO - Processing file /opt/airflow/dags/steam_analytics.py for tasks to queue
[2026-09-08T18:47:21.516+0000] {logging_mixin.py:188} INFO - [2026-09-08T18:47:21.515+0000] {dagbag.py:545} INFO - Filling up the DagBag from /opt/airflow/dags/steam_analytics.py
[2026-09-08T18:47:21.727+0000] {processor.py:840} INFO - DAG(s) 'steam_analytics_daily' retrieved from /opt/airflow/dags/steam_analytics.py
[2026-09-08T18:47:21.766+0000] {logging_mixin.py:188} INFO - [2026-09-08T18:47:21.766+0000] {dag.py:3089} INFO - Sync 1 DAGs
[2026-09-08T18:47:21.968+0000] {logging_mixin.py:188} INFO - [2026-09-08T18:47:21.968+0000] {dag.py:3947} INFO - Setting next_dagrun for steam_analytics_daily to 2026-09-08 02:00:00+00:00, run_after=2026-09-09 02:00:00+00:00
[2026-09-08T18:47:21.992+0000] {processor.py:183} INFO - Processing /opt/airflow/dags/steam_analytics.py took 0.485 seconds
[2026-09-08T18:47:52.117+0000] {processor.py:161} INFO - Started process (PID=933) to work on /opt/airflow/dags/steam_analytics.py
[2026-09-08T18:47:52.118+0000] {processor.py:830} INFO - Processing file /opt/airflow/dags/steam_analytics.py for tasks to queue
[2026-09-08T18:47:52.120+0000] {logging_mixin.py:188} INFO - [2026-09-08T18:47:52.120+0000] {dagbag.py:545} INFO - Filling up the DagBag from /opt/airflow/dags/steam_analytics.py
[2026-09-08T18:47:52.332+0000] {processor.py:840} INFO - DAG(s) 'steam_analytics_daily' retrieved from /opt/airflow/dags/steam_analytics.py
[2026-09-08T18:47:52.373+0000] {logging_mixin.py:188} INFO - [2026-09-08T18:47:52.373+0000] {dag.py:3089} INFO - Sync 1 DAGs
[2026-09-08T18:47:52.406+0000] {logging_mixin.py:188} INFO - [2026-09-08T18:47:52.406+0000] {dag.py:3947} INFO - Setting next_dagrun for steam_analytics_daily to 2026-09-08 02:00:00+00:00, run_after=2026-09-09 02:00:00+00:00
[2026-09-08T18:47:52.435+0000] {processor.py:183} INFO - Processing /opt/airflow/dags/steam_analytics.py took 0.325 seconds
[2026-09-08T18:48:22.629+0000] {processor.py:161} INFO - Started process (PID=938) to work on /opt/airflow/dags/steam_analytics.py
[2026-09-08T18:48:22.630+0000] {processor.py:830} INFO - Processing file /opt/airflow/dags/steam_analytics.py for tasks to queue
[2026-09-08T18:48:22.632+0000] {logging_mixin.py:188} INFO - [2026-09-08T18:48:22.631+0000] {dagbag.py:545} INFO - Filling up the DagBag from /opt/airflow/dags/steam_analytics.py
[2026-09-08T18:48:22.846+0000] {processor.py:840} INFO - DAG(s) 'steam_analytics_daily' retrieved from /opt/airflow/dags/steam_analytics.py
[2026-09-08T18:48:22.885+0000] {logging_mixin.py:188} INFO - [2026-09-08T18:48:22.885+0000] {dag.py:3089} INFO - Sync 1 DAGs
[2026-09-08T18:48:22.920+0000] {logging_mixin.py:188} INFO - [2026-09-08T18:48:22.919+0000] {dag.py:3947} INFO - Setting next_dagrun for steam_analytics_daily to 2026-09-08 02:00:00+00:00, run_after=2026-09-09 02:00:00+00:00
[2026-09-08T18:48:22.950+0000] {processor.py:183} INFO - Processing /opt/airflow/dags/steam_analytics.py took 0.328 seconds
[2026-09-08T18:48:53.156+0000] {processor.py:161} INFO - Started process (PID=943) to work on /opt/airflow/dags/steam_analytics.py
[2026-09-08T18:48:53.158+0000] {processor.py:830} INFO - Processing file /opt/airflow/dags/steam_analytics.py for tasks to queue
[2026-09-08T18:48:53.160+0000] {logging_mixin.py:188} INFO - [2026-09-08T18:48:53.159+0000] {dagbag.py:545} INFO - Filling up the DagBag from /opt/airflow/dags/steam_analytics.py
[2026-09-08T18:48:53.377+0000] {processor.py:840} INFO - DAG(s) 'steam_analytics_daily' retrieved from /opt/airflow/dags/steam_analytics.py
[2026-09-08T18:48:53.417+0000] {logging_mixin.py:188} INFO - [2026-09-08T18:48:53.416+0000] {dag.py:3089} INFO - Sync 1 DAGs
[2026-09-08T18:48:53.450+0000] {logging_mixin.py:188} INFO - [2026-09-08T18:48:53.450+0000] {dag.py:3947} INFO - Setting next_dagrun for steam_analytics_daily to 2026-09-08 02:00:00+00:00, run_after=2026-09-09 02:00:00+00:00
[2026-09-08T18:48:53.480+0000] {processor.py:183} INFO - Processing /opt/airflow/dags/steam_analytics.py took 0.331 seconds
[2026-09-08T18:49:23.677+0000] {processor.py:161} INFO - Started process (PID=948) to work on /opt/airflow/dags/steam_analytics.py
[2026-09-08T18:49:23.678+0000] {processor.py:830} INFO - Processing file /opt/airflow/dags/steam_analytics.py for tasks to queue
[2026-09-08T18:49:23.681+0000] {logging_mixin.py:188} INFO - [2026-09-08T18:49:23.680+0000] {dagbag.py:545} INFO - Filling up the DagBag from /opt/airflow/dags/steam_analytics.py
[2026-09-08T18:49:23.908+0000] {processor.py:840} INFO - DAG(s) 'steam_analytics_daily' retrieved from /opt/airflow/dags/steam_analytics.py
[2026-09-08T18:49:23.949+0000] {logging_mixin.py:188} INFO - [2026-09-08T18:49:23.949+0000] {dag.py:3089} INFO - Sync 1 DAGs
[2026-09-08T18:49:23.983+0000] {logging_mixin.py:188} INFO - [2026-09-08T18:49:23.982+0000] {dag.py:3947} INFO - Setting next_dagrun for steam_analytics_daily to 2026-09-08 02:00:00+00:00, run_after=2026-09-09 02:00:00+00:00
[2026-09-08T18:49:24.222+0000] {processor.py:183} INFO - Processing /opt/airflow/dags/steam_analytics.py took 0.554 seconds
[2026-09-08T18:49:54.431+0000] {processor.py:161} INFO - Started process (PID=953) to work on /opt/airflow/dags/steam_analytics.py
[2026-09-08T18:49:54.432+0000] {processor.py:830} INFO - Processing file /opt/airflow/dags/steam_analytics.py for tasks to queue
[2026-09-08T18:49:54.434+0000] {logging_mixin.py:188} INFO - [2026-09-08T18:49:54.434+0000] {dagbag.py:545} INFO - Filling up the DagBag from /opt/airflow/dags/steam_analytics.py
[2026-09-08T18:49:54.653+0000] {processor.py:840} INFO - DAG(s) 'steam_analytics_daily' retrieved from /opt/airflow/dags/steam_analytics.py
[2026-09-08T18:49:54.693+0000] {logging_mixin.py:188} INFO - [2026-09-08T18:49:54.693+0000] {dag.py:3089} INFO - Sync 1 DAGs
[2026-09-08T18:49:54.898+0000] {logging_mixin.py:188} INFO - [2026-09-08T18:49:54.897+0000] {dag.py:3947} INFO - Setting next_dagrun for steam_analytics_daily to 2026-09-08 02:00:00+00:00, run_after=2026-09-09 02:00:00+00:00
[2026-09-08T18:49:54.926+0000] {processor.py:183} INFO - Processing /opt/airflow/dags/steam_analytics.py took 0.504 seconds
[2026-09-08T18:50:24.992+0000] {processor.py:161} INFO - Started process (PID=958) to work on /opt/airflow/dags/steam_analytics.py
[2026-09-08T18:50:24.993+0000] {processor.py:830} INFO - Processing file /opt/airflow/dags/steam_analytics.py for tasks to queue
[2026-09-08T18:50:24.995+0000] {logging_mixin.py:188} INFO - [2026-09-08T18:50:24.994+0000] {dagbag.py:545} INFO - Filling up the DagBag from /opt/airflow/dags/steam_analytics.py
[2026-09-08T18:50:25.227+0000] {processor.py:840} INFO - DAG(s) 'steam_analytics_daily' retrieved from /opt/airflow/dags/steam_analytics.py
[2026-09-08T18:50:25.268+0000] {logging_mixin.py:188} INFO - [2026-09-08T18:50:25.268+0000] {dag.py:3089} INFO - Sync 1 DAGs
[2026-09-08T18:50:25.300+0000] {logging_mixin.py:188} INFO - [2026-09-08T18:50:25.299+0000] {dag.py:3947} INFO - Setting next_dagrun for steam_analytics_daily to 2026-09-08 02:00:00+00:00, run_after=2026-09-09 02:00:00+00:00
[2026-09-08T18:50:25.330+0000] {processor.py:183} INFO - Processing /opt/airflow/dags/steam_analytics.py took 0.344 seconds
[2026-09-08T18:50:55.519+0000] {processor.py:161} INFO - Started process (PID=963) to work on /opt/airflow/dags/steam_analytics.py
[2026-09-08T18:50:55.520+0000] {processor.py:830} INFO - Processing file /opt/airflow/dags/steam_analytics.py for tasks to queue
[2026-09-08T18:50:55.523+0000] {logging_mixin.py:188} INFO - [2026-09-08T18:50:55.522+0000] {dagbag.py:545} INFO - Filling up the DagBag from /opt/airflow/dags/steam_analytics.py
[2026-09-08T18:50:55.749+0000] {processor.py:840} INFO - DAG(s) 'steam_analytics_daily' retrieved from /opt/airflow/dags/steam_analytics.py
[2026-09-08T18:50:55.795+0000] {logging_mixin.py:188} INFO - [2026-09-08T18:50:55.794+0000] {dag.py:3089} INFO - Sync 1 DAGs
[2026-09-08T18:50:55.835+0000] {logging_mixin.py:188} INFO - [2026-09-08T18:50:55.835+0000] {dag.py:3947} INFO - Setting next_dagrun for steam_analytics_daily to 2026-09-08 02:00:00+00:00, run_after=2026-09-09 02:00:00+00:00
[2026-09-08T18:50:55.867+0000] {processor.py:183} INFO - Processing /opt/airflow/dags/steam_analytics.py took 0.355 seconds
[2026-09-08T18:51:26.076+0000] {processor.py:161} INFO - Started process (PID=968) to work on /opt/airflow/dags/steam_analytics.py
[2026-09-08T18:51:26.080+0000] {processor.py:830} INFO - Processing file /opt/airflow/dags/steam_analytics.py for tasks to queue
[2026-09-08T18:51:26.084+0000] {logging_mixin.py:188} INFO - [2026-09-08T18:51:26.083+0000] {dagbag.py:545} INFO - Filling up the DagBag from /opt/airflow/dags/steam_analytics.py
[2026-09-08T18:51:26.326+0000] {processor.py:840} INFO - DAG(s) 'steam_analytics_daily' retrieved from /opt/airflow/dags/steam_analytics.py
[2026-09-08T18:51:26.361+0000] {logging_mixin.py:188} INFO - [2026-09-08T18:51:26.361+0000] {dag.py:3089} INFO - Sync 1 DAGs
[2026-09-08T18:51:26.391+0000] {logging_mixin.py:188} INFO - [2026-09-08T18:51:26.391+0000] {dag.py:3947} INFO - Setting next_dagrun for steam_analytics_daily to 2026-09-08 02:00:00+00:00, run_after=2026-09-09 02:00:00+00:00
[2026-09-08T18:51:26.615+0000] {processor.py:183} INFO - Processing /opt/airflow/dags/steam_analytics.py took 0.546 seconds
[2026-09-08T18:51:56.835+0000] {processor.py:161} INFO - Started process (PID=973) to work on /opt/airflow/dags/steam_analytics.py
[2026-09-08T18:51:56.836+0000] {processor.py:830} INFO - Processing file /opt/airflow/dags/steam_analytics.py for tasks to queue
[2026-09-08T18:51:56.839+0000] {logging_mixin.py:188} INFO - [2026-09-08T18:51:56.838+0000] {dagbag.py:545} INFO - Filling up the DagBag from /opt/airflow/dags/steam_analytics.py
[2026-09-08T18:51:57.082+0000] {processor.py:840} INFO - DAG(s) 'steam_analytics_daily' retrieved from /opt/airflow/dags/steam_analytics.py
[2026-09-08T18:51:57.144+0000] {logging_mixin.py:188} INFO - [2026-09-08T18:51:57.143+0000] {dag.py:3089} INFO - Sync 1 DAGs
[2026-09-08T18:51:57.416+0000] {logging_mixin.py:188} INFO - [2026-09-08T18:51:57.416+0000] {dag.py:3947} INFO - Setting next_dagrun for steam_analytics_daily to 2026-09-08 02:00:00+00:00, run_after=2026-09-09 02:00:00+00:00
[2026-09-08T18:51:57.449+0000] {processor.py:183} INFO - Processing /opt/airflow/dags/steam_analytics.py took 0.622 seconds
[2026-09-08T18:52:27.658+0000] {processor.py:161} INFO - Started process (PID=978) to work on /opt/airflow/dags/steam_analytics.py
[2026-09-08T18:52:27.660+0000] {processor.py:830} INFO - Processing file /opt/airflow/dags/steam_analytics.py for tasks to queue
[2026-09-08T18:52:27.664+0000] {logging_mixin.py:188} INFO - [2026-09-08T18:52:27.664+0000] {dagbag.py:545} INFO - Filling up the DagBag from /opt/airflow/dags/steam_analytics.py
[2026-09-08T18:52:27.991+0000] {processor.py:840} INFO - DAG(s) 'steam_analytics_daily' retrieved from /opt/airflow/dags/steam_analytics.py
[2026-09-08T18:52:28.276+0000] {logging_mixin.py:188} INFO - [2026-09-08T18:52:28.275+0000] {dag.py:3089} INFO - Sync 1 DAGs
[2026-09-08T18:52:28.308+0000] {logging_mixin.py:188} INFO - [2026-09-08T18:52:28.307+0000] {dag.py:3947} INFO - Setting next_dagrun for steam_analytics_daily to 2026-09-08 02:00:00+00:00, run_after=2026-09-09 02:00:00+00:00
[2026-09-08T18:52:28.337+0000] {processor.py:183} INFO - Processing /opt/airflow/dags/steam_analytics.py took 0.686 seconds
[2026-09-08T18:52:58.552+0000] {processor.py:161} INFO - Started process (PID=983) to work on /opt/airflow/dags/steam_analytics.py
[2026-09-08T18:52:58.554+0000] {processor.py:830} INFO - Processing file /opt/airflow/dags/steam_analytics.py for tasks to queue
[2026-09-08T18:52:58.556+0000] {logging_mixin.py:188} INFO - [2026-09-08T18:52:58.555+0000] {dagbag.py:545} INFO - Filling up the DagBag from /opt/airflow/dags/steam_analytics.py
[2026-09-08T18:52:58.775+0000] {processor.py:840} INFO - DAG(s) 'steam_analytics_daily' retrieved from /opt/airflow/dags/steam_analytics.py
[2026-09-08T18:52:58.813+0000] {logging_mixin.py:188} INFO - [2026-09-08T18:52:58.813+0000] {dag.py:3089} INFO - Sync 1 DAGs
[2026-09-08T18:52:58.848+0000] {logging_mixin.py:188} INFO - [2026-09-08T18:52:58.848+0000] {dag.py:3947} INFO - Setting next_dagrun for steam_analytics_daily to 2026-09-08 02:00:00+00:00, run_after=2026-09-09 02:00:00+00:00
[2026-09-08T18:52:58.876+0000] {processor.py:183} INFO - Processing /opt/airflow/dags/steam_analytics.py took 0.330 seconds
[2026-09-08T18:53:29.027+0000] {processor.py:161} INFO - Started process (PID=988) to work on /opt/airflow/dags/steam_analytics.py
[2026-09-08T18:53:29.028+0000] {processor.py:830} INFO - Processing file /opt/airflow/dags/steam_analytics.py for tasks to queue
[2026-09-08T18:53:29.031+0000] {logging_mixin.py:188} INFO - [2026-09-08T18:53:29.030+0000] {dagbag.py:545} INFO - Filling up the DagBag from /opt/airflow/dags/steam_analytics.py
[2026-09-08T18:53:29.238+0000] {processor.py:840} INFO - DAG(s) 'steam_analytics_daily' retrieved from /opt/airflow/dags/steam_analytics.py
[2026-09-08T18:53:29.283+0000] {logging_mixin.py:188} INFO - [2026-09-08T18:53:29.283+0000] {dag.py:3089} INFO - Sync 1 DAGs
[2026-09-08T18:53:29.315+0000] {logging_mixin.py:188} INFO - [2026-09-08T18:53:29.314+0000] {dag.py:3947} INFO - Setting next_dagrun for steam_analytics_daily to 2026-09-08 02:00:00+00:00, run_after=2026-09-09 02:00:00+00:00
[2026-09-08T18:53:29.531+0000] {processor.py:183} INFO - Processing /opt/airflow/dags/steam_analytics.py took 0.511 seconds
[2026-09-08T18:53:59.733+0000] {processor.py:161} INFO - Started process (PID=993) to work on /opt/airflow/dags/steam_analytics.py
[2026-09-08T18:53:59.735+0000] {processor.py:830} INFO - Processing file /opt/airflow/dags/steam_analytics.py for tasks to queue
[2026-09-08T18:53:59.737+0000] {logging_mixin.py:188} INFO - [2026-09-08T18:53:59.736+0000] {dagbag.py:545} INFO - Filling up the DagBag from /opt/airflow/dags/steam_analytics.py
[2026-09-08T18:53:59.943+0000] {processor.py:840} INFO - DAG(s) 'steam_analytics_daily' retrieved from /opt/airflow/dags/steam_analytics.py
[2026-09-08T18:53:59.983+0000] {logging_mixin.py:188} INFO - [2026-09-08T18:53:59.983+0000] {dag.py:3089} INFO - Sync 1 DAGs
[2026-09-08T18:54:00.183+0000] {logging_mixin.py:188} INFO - [2026-09-08T18:54:00.183+0000] {dag.py:3947} INFO - Setting next_dagrun for steam_analytics_daily to 2026-09-08 02:00:00+00:00, run_after=2026-09-09 02:00:00+00:00
[2026-09-08T18:54:00.208+0000] {processor.py:183} INFO - Processing /opt/airflow/dags/steam_analytics.py took 0.481 seconds
[2026-09-08T18:54:30.386+0000] {processor.py:161} INFO - Started process (PID=998) to work on /opt/airflow/dags/steam_analytics.py
[2026-09-08T18:54:30.388+0000] {processor.py:830} INFO - Processing file /opt/airflow/dags/steam_analytics.py for tasks to queue
[2026-09-08T18:54:30.390+0000] {logging_mixin.py:188} INFO - [2026-09-08T18:54:30.390+0000] {dagbag.py:545} INFO - Filling up the DagBag from /opt/airflow/dags/steam_analytics.py
[2026-09-08T18:54:30.606+0000] {processor.py:840} INFO - DAG(s) 'steam_analytics_daily' retrieved from /opt/airflow/dags/steam_analytics.py
[2026-09-08T18:54:30.825+0000] {logging_mixin.py:188} INFO - [2026-09-08T18:54:30.825+0000] {dag.py:3089} INFO - Sync 1 DAGs
[2026-09-08T18:54:30.853+0000] {logging_mixin.py:188} INFO - [2026-09-08T18:54:30.853+0000] {dag.py:3947} INFO - Setting next_dagrun for steam_analytics_daily to 2026-09-08 02:00:00+00:00, run_after=2026-09-09 02:00:00+00:00
[2026-09-08T18:54:30.880+0000] {processor.py:183} INFO - Processing /opt/airflow/dags/steam_analytics.py took 0.500 seconds
[2026-09-08T18:55:01.077+0000] {processor.py:161} INFO - Started process (PID=1003) to work on /opt/airflow/dags/steam_analytics.py
[2026-09-08T18:55:01.078+0000] {processor.py:830} INFO - Processing file /opt/airflow/dags/steam_analytics.py for tasks to queue
[2026-09-08T18:55:01.080+0000] {logging_mixin.py:188} INFO - [2026-09-08T18:55:01.080+0000] {dagbag.py:545} INFO - Filling up the DagBag from /opt/airflow/dags/steam_analytics.py
[2026-09-08T18:55:01.284+0000] {processor.py:840} INFO - DAG(s) 'steam_analytics_daily' retrieved from /opt/airflow/dags/steam_analytics.py
[2026-09-08T18:55:01.327+0000] {logging_mixin.py:188} INFO - [2026-09-08T18:55:01.327+0000] {dag.py:3089} INFO - Sync 1 DAGs
[2026-09-08T18:55:01.357+0000] {logging_mixin.py:188} INFO - [2026-09-08T18:55:01.356+0000] {dag.py:3947} INFO - Setting next_dagrun for steam_analytics_daily to 2026-09-08 02:00:00+00:00, run_after=2026-09-09 02:00:00+00:00
[2026-09-08T18:55:01.384+0000] {processor.py:183} INFO - Processing /opt/airflow/dags/steam_analytics.py took 0.314 seconds
[2026-09-08T18:55:31.567+0000] {processor.py:161} INFO - Started process (PID=1008) to work on /opt/airflow/dags/steam_analytics.py
[2026-09-08T18:55:31.568+0000] {processor.py:830} INFO - Processing file /opt/airflow/dags/steam_analytics.py for tasks to queue
[2026-09-08T18:55:31.570+0000] {logging_mixin.py:188} INFO - [2026-09-08T18:55:31.570+0000] {dagbag.py:545} INFO - Filling up the DagBag from /opt/airflow/dags/steam_analytics.py
[2026-09-08T18:55:31.788+0000] {processor.py:840} INFO - DAG(s) 'steam_analytics_daily' retrieved from /opt/airflow/dags/steam_analytics.py
[2026-09-08T18:55:31.824+0000] {logging_mixin.py:188} INFO - [2026-09-08T18:55:31.824+0000] {dag.py:3089} INFO - Sync 1 DAGs
[2026-09-08T18:55:31.855+0000] {logging_mixin.py:188} INFO - [2026-09-08T18:55:31.855+0000] {dag.py:3947} INFO - Setting next_dagrun for steam_analytics_daily to 2026-09-08 02:00:00+00:00, run_after=2026-09-09 02:00:00+00:00
[2026-09-08T18:55:32.068+0000] {processor.py:183} INFO - Processing /opt/airflow/dags/steam_analytics.py took 0.507 seconds
[2026-09-08T18:56:02.295+0000] {processor.py:161} INFO - Started process (PID=1013) to work on /opt/airflow/dags/steam_analytics.py
[2026-09-08T18:56:02.296+0000] {processor.py:830} INFO - Processing file /opt/airflow/dags/steam_analytics.py for tasks to queue
[2026-09-08T18:56:02.299+0000] {logging_mixin.py:188} INFO - [2026-09-08T18:56:02.298+0000] {dagbag.py:545} INFO - Filling up the DagBag from /opt/airflow/dags/steam_analytics.py
[2026-09-08T18:56:02.530+0000] {processor.py:840} INFO - DAG(s) 'steam_analytics_daily' retrieved from /opt/airflow/dags/steam_analytics.py
[2026-09-08T18:56:02.569+0000] {logging_mixin.py:188} INFO - [2026-09-08T18:56:02.568+0000] {dag.py:3089} INFO - Sync 1 DAGs
[2026-09-08T18:56:02.790+0000] {logging_mixin.py:188} INFO - [2026-09-08T18:56:02.790+0000] {dag.py:3947} INFO - Setting next_dagrun for steam_analytics_daily to 2026-09-08 02:00:00+00:00, run_after=2026-09-09 02:00:00+00:00
[2026-09-08T18:56:02.819+0000] {processor.py:183} INFO - Processing /opt/airflow/dags/steam_analytics.py took 0.531 seconds
[2026-09-08T18:56:32.877+0000] {processor.py:161} INFO - Started process (PID=1018) to work on /opt/airflow/dags/steam_analytics.py
[2026-09-08T18:56:32.878+0000] {processor.py:830} INFO - Processing file /opt/airflow/dags/steam_analytics.py for tasks to queue
[2026-09-08T18:56:32.879+0000] {logging_mixin.py:188} INFO - [2026-09-08T18:56:32.879+0000] {dagbag.py:545} INFO - Filling up the DagBag from /opt/airflow/dags/steam_analytics.py
[2026-09-08T18:56:33.025+0000] {processor.py:840} INFO - DAG(s) 'steam_analytics_daily' retrieved from /opt/airflow/dags/steam_analytics.py
[2026-09-08T18:56:33.052+0000] {logging_mixin.py:188} INFO - [2026-09-08T18:56:33.052+0000] {dag.py:3089} INFO - Sync 1 DAGs
[2026-09-08T18:56:33.186+0000] {logging_mixin.py:188} INFO - [2026-09-08T18:56:33.185+0000] {dag.py:3947} INFO - Setting next_dagrun for steam_analytics_daily to 2026-09-08 02:00:00+00:00, run_after=2026-09-09 02:00:00+00:00
[2026-09-08T18:56:33.203+0000] {processor.py:183} INFO - Processing /opt/airflow/dags/steam_analytics.py took 0.331 seconds
[2026-09-08T18:57:03.366+0000] {processor.py:161} INFO - Started process (PID=1023) to work on /opt/airflow/dags/steam_analytics.py
[2026-09-08T18:57:03.367+0000] {processor.py:830} INFO - Processing file /opt/airflow/dags/steam_analytics.py for tasks to queue
[2026-09-08T18:57:03.369+0000] {logging_mixin.py:188} INFO - [2026-09-08T18:57:03.369+0000] {dagbag.py:545} INFO - Filling up the DagBag from /opt/airflow/dags/steam_analytics.py
[2026-09-08T18:57:03.517+0000] {processor.py:840} INFO - DAG(s) 'steam_analytics_daily' retrieved from /opt/airflow/dags/steam_analytics.py
[2026-09-08T18:57:03.546+0000] {logging_mixin.py:188} INFO - [2026-09-08T18:57:03.546+0000] {dag.py:3089} INFO - Sync 1 DAGs
[2026-09-08T18:57:03.567+0000] {logging_mixin.py:188} INFO - [2026-09-08T18:57:03.567+0000] {dag.py:3947} INFO - Setting next_dagrun for steam_analytics_daily to 2026-09-08 02:00:00+00:00, run_after=2026-09-09 02:00:00+00:00
[2026-09-08T18:57:03.586+0000] {processor.py:183} INFO - Processing /opt/airflow/dags/steam_analytics.py took 0.224 seconds
[2026-09-08T18:57:33.766+0000] {processor.py:161} INFO - Started process (PID=1028) to work on /opt/airflow/dags/steam_analytics.py
[2026-09-08T18:57:33.767+0000] {processor.py:830} INFO - Processing file /opt/airflow/dags/steam_analytics.py for tasks to queue
[2026-09-08T18:57:33.769+0000] {logging_mixin.py:188} INFO - [2026-09-08T18:57:33.768+0000] {dagbag.py:545} INFO - Filling up the DagBag from /opt/airflow/dags/steam_analytics.py
[2026-09-08T18:57:33.982+0000] {processor.py:840} INFO - DAG(s) 'steam_analytics_daily' retrieved from /opt/airflow/dags/steam_analytics.py
[2026-09-08T18:57:34.026+0000] {logging_mixin.py:188} INFO - [2026-09-08T18:57:34.025+0000] {dag.py:3089} INFO - Sync 1 DAGs
[2026-09-08T18:57:34.060+0000] {logging_mixin.py:188} INFO - [2026-09-08T18:57:34.059+0000] {dag.py:3947} INFO - Setting next_dagrun for steam_analytics_daily to 2026-09-08 02:00:00+00:00, run_after=2026-09-09 02:00:00+00:00
[2026-09-08T18:57:34.091+0000] {processor.py:183} INFO - Processing /opt/airflow/dags/steam_analytics.py took 0.332 seconds
[2026-09-08T18:58:04.283+0000] {processor.py:161} INFO - Started process (PID=1033) to work on /opt/airflow/dags/steam_analytics.py
[2026-09-08T18:58:04.284+0000] {processor.py:830} INFO - Processing file /opt/airflow/dags/steam_analytics.py for tasks to queue
[2026-09-08T18:58:04.286+0000] {logging_mixin.py:188} INFO - [2026-09-08T18:58:04.286+0000] {dagbag.py:545} INFO - Filling up the DagBag from /opt/airflow/dags/steam_analytics.py
[2026-09-08T18:58:04.495+0000] {processor.py:840} INFO - DAG(s) 'steam_analytics_daily' retrieved from /opt/airflow/dags/steam_analytics.py
[2026-09-08T18:58:04.532+0000] {logging_mixin.py:188} INFO - [2026-09-08T18:58:04.531+0000] {dag.py:3089} INFO - Sync 1 DAGs
[2026-09-08T18:58:04.568+0000] {logging_mixin.py:188} INFO - [2026-09-08T18:58:04.567+0000] {dag.py:3947} INFO - Setting next_dagrun for steam_analytics_daily to 2026-09-08 02:00:00+00:00, run_after=2026-09-09 02:00:00+00:00
[2026-09-08T18:58:04.788+0000] {processor.py:183} INFO - Processing /opt/airflow/dags/steam_analytics.py took 0.513 seconds
[2026-09-08T18:58:34.990+0000] {processor.py:161} INFO - Started process (PID=1038) to work on /opt/airflow/dags/steam_analytics.py
[2026-09-08T18:58:34.991+0000] {processor.py:830} INFO - Processing file /opt/airflow/dags/steam_analytics.py for tasks to queue
[2026-09-08T18:58:34.993+0000] {logging_mixin.py:188} INFO - [2026-09-08T18:58:34.992+0000] {dagbag.py:545} INFO - Filling up the DagBag from /opt/airflow/dags/steam_analytics.py
[2026-09-08T18:58:35.201+0000] {processor.py:840} INFO - DAG(s) 'steam_analytics_daily' retrieved from /opt/airflow/dags/steam_analytics.py
[2026-09-08T18:58:35.242+0000] {logging_mixin.py:188} INFO - [2026-09-08T18:58:35.241+0000] {dag.py:3089} INFO - Sync 1 DAGs
[2026-09-08T18:58:35.435+0000] {logging_mixin.py:188} INFO - [2026-09-08T18:58:35.434+0000] {dag.py:3947} INFO - Setting next_dagrun for steam_analytics_daily to 2026-09-08 02:00:00+00:00, run_after=2026-09-09 02:00:00+00:00
[2026-09-08T18:58:35.459+0000] {processor.py:183} INFO - Processing /opt/airflow/dags/steam_analytics.py took 0.476 seconds
[2026-09-08T18:59:05.612+0000] {processor.py:161} INFO - Started process (PID=1043) to work on /opt/airflow/dags/steam_analytics.py
[2026-09-08T18:59:05.613+0000] {processor.py:830} INFO - Processing file /opt/airflow/dags/steam_analytics.py for tasks to queue
[2026-09-08T18:59:05.615+0000] {logging_mixin.py:188} INFO - [2026-09-08T18:59:05.614+0000] {dagbag.py:545} INFO - Filling up the DagBag from /opt/airflow/dags/steam_analytics.py
[2026-09-08T18:59:05.771+0000] {processor.py:840} INFO - DAG(s) 'steam_analytics_daily' retrieved from /opt/airflow/dags/steam_analytics.py
[2026-09-08T18:59:05.959+0000] {logging_mixin.py:188} INFO - [2026-09-08T18:59:05.958+0000] {dag.py:3089} INFO - Sync 1 DAGs
[2026-09-08T18:59:05.980+0000] {logging_mixin.py:188} INFO - [2026-09-08T18:59:05.980+0000] {dag.py:3947} INFO - Setting next_dagrun for steam_analytics_daily to 2026-09-08 02:00:00+00:00, run_after=2026-09-09 02:00:00+00:00
[2026-09-08T18:59:05.998+0000] {processor.py:183} INFO - Processing /opt/airflow/dags/steam_analytics.py took 0.390 seconds
[2026-09-08T18:59:36.150+0000] {processor.py:161} INFO - Started process (PID=1048) to work on /opt/airflow/dags/steam_analytics.py
[2026-09-08T18:59:36.151+0000] {processor.py:830} INFO - Processing file /opt/airflow/dags/steam_analytics.py for tasks to queue
[2026-09-08T18:59:36.152+0000] {logging_mixin.py:188} INFO - [2026-09-08T18:59:36.152+0000] {dagbag.py:545} INFO - Filling up the DagBag from /opt/airflow/dags/steam_analytics.py
[2026-09-08T18:59:36.317+0000] {processor.py:840} INFO - DAG(s) 'steam_analytics_daily' retrieved from /opt/airflow/dags/steam_analytics.py
[2026-09-08T18:59:36.346+0000] {logging_mixin.py:188} INFO - [2026-09-08T18:59:36.345+0000] {dag.py:3089} INFO - Sync 1 DAGs
[2026-09-08T18:59:36.367+0000] {logging_mixin.py:188} INFO - [2026-09-08T18:59:36.366+0000] {dag.py:3947} INFO - Setting next_dagrun for steam_analytics_daily to 2026-09-08 02:00:00+00:00, run_after=2026-09-09 02:00:00+00:00
[2026-09-08T18:59:36.383+0000] {processor.py:183} INFO - Processing /opt/airflow/dags/steam_analytics.py took 0.238 seconds
[2026-09-08T19:00:06.568+0000] {processor.py:161} INFO - Started process (PID=1053) to work on /opt/airflow/dags/steam_analytics.py
[2026-09-08T19:00:06.569+0000] {processor.py:830} INFO - Processing file /opt/airflow/dags/steam_analytics.py for tasks to queue
[2026-09-08T19:00:06.571+0000] {logging_mixin.py:188} INFO - [2026-09-08T19:00:06.570+0000] {dagbag.py:545} INFO - Filling up the DagBag from /opt/airflow/dags/steam_analytics.py
[2026-09-08T19:00:06.720+0000] {processor.py:840} INFO - DAG(s) 'steam_analytics_daily' retrieved from /opt/airflow/dags/steam_analytics.py
[2026-09-08T19:00:06.749+0000] {logging_mixin.py:188} INFO - [2026-09-08T19:00:06.749+0000] {dag.py:3089} INFO - Sync 1 DAGs
[2026-09-08T19:00:06.772+0000] {logging_mixin.py:188} INFO - [2026-09-08T19:00:06.772+0000] {dag.py:3947} INFO - Setting next_dagrun for steam_analytics_daily to 2026-09-08 02:00:00+00:00, run_after=2026-09-09 02:00:00+00:00
[2026-09-08T19:00:06.919+0000] {processor.py:183} INFO - Processing /opt/airflow/dags/steam_analytics.py took 0.356 seconds
[2026-09-08T19:00:37.063+0000] {processor.py:161} INFO - Started process (PID=1058) to work on /opt/airflow/dags/steam_analytics.py
[2026-09-08T19:00:37.064+0000] {processor.py:830} INFO - Processing file /opt/airflow/dags/steam_analytics.py for tasks to queue
[2026-09-08T19:00:37.066+0000] {logging_mixin.py:188} INFO - [2026-09-08T19:00:37.065+0000] {dagbag.py:545} INFO - Filling up the DagBag from /opt/airflow/dags/steam_analytics.py
[2026-09-08T19:00:37.238+0000] {processor.py:840} INFO - DAG(s) 'steam_analytics_daily' retrieved from /opt/airflow/dags/steam_analytics.py
[2026-09-08T19:00:37.269+0000] {logging_mixin.py:188} INFO - [2026-09-08T19:00:37.269+0000] {dag.py:3089} INFO - Sync 1 DAGs
[2026-09-08T19:00:37.438+0000] {logging_mixin.py:188} INFO - [2026-09-08T19:00:37.438+0000] {dag.py:3947} INFO - Setting next_dagrun for steam_analytics_daily to 2026-09-08 02:00:00+00:00, run_after=2026-09-09 02:00:00+00:00
[2026-09-08T19:00:37.455+0000] {processor.py:183} INFO - Processing /opt/airflow/dags/steam_analytics.py took 0.398 seconds
[2026-09-08T19:01:07.597+0000] {processor.py:161} INFO - Started process (PID=1063) to work on /opt/airflow/dags/steam_analytics.py
[2026-09-08T19:01:07.598+0000] {processor.py:830} INFO - Processing file /opt/airflow/dags/steam_analytics.py for tasks to queue
[2026-09-08T19:01:07.599+0000] {logging_mixin.py:188} INFO - [2026-09-08T19:01:07.599+0000] {dagbag.py:545} INFO - Filling up the DagBag from /opt/airflow/dags/steam_analytics.py
[2026-09-08T19:01:07.738+0000] {processor.py:840} INFO - DAG(s) 'steam_analytics_daily' retrieved from /opt/airflow/dags/steam_analytics.py
[2026-09-08T19:01:07.877+0000] {logging_mixin.py:188} INFO - [2026-09-08T19:01:07.877+0000] {dag.py:3089} INFO - Sync 1 DAGs
[2026-09-08T19:01:07.896+0000] {logging_mixin.py:188} INFO - [2026-09-08T19:01:07.896+0000] {dag.py:3947} INFO - Setting next_dagrun for steam_analytics_daily to 2026-09-08 02:00:00+00:00, run_after=2026-09-09 02:00:00+00:00
[2026-09-08T19:01:07.914+0000] {processor.py:183} INFO - Processing /opt/airflow/dags/steam_analytics.py took 0.321 seconds
[2026-09-08T19:01:38.059+0000] {processor.py:161} INFO - Started process (PID=1068) to work on /opt/airflow/dags/steam_analytics.py
[2026-09-08T19:01:38.060+0000] {processor.py:830} INFO - Processing file /opt/airflow/dags/steam_analytics.py for tasks to queue
[2026-09-08T19:01:38.062+0000] {logging_mixin.py:188} INFO - [2026-09-08T19:01:38.061+0000] {dagbag.py:545} INFO - Filling up the DagBag from /opt/airflow/dags/steam_analytics.py
[2026-09-08T19:01:38.207+0000] {processor.py:840} INFO - DAG(s) 'steam_analytics_daily' retrieved from /opt/airflow/dags/steam_analytics.py
[2026-09-08T19:01:38.342+0000] {logging_mixin.py:188} INFO - [2026-09-08T19:01:38.342+0000] {dag.py:3089} INFO - Sync 1 DAGs
[2026-09-08T19:01:38.362+0000] {logging_mixin.py:188} INFO - [2026-09-08T19:01:38.361+0000] {dag.py:3947} INFO - Setting next_dagrun for steam_analytics_daily to 2026-09-08 02:00:00+00:00, run_after=2026-09-09 02:00:00+00:00
[2026-09-08T19:01:38.380+0000] {processor.py:183} INFO - Processing /opt/airflow/dags/steam_analytics.py took 0.325 seconds
[2026-09-08T19:02:08.525+0000] {processor.py:161} INFO - Started process (PID=1073) to work on /opt/airflow/dags/steam_analytics.py
[2026-09-08T19:02:08.526+0000] {processor.py:830} INFO - Processing file /opt/airflow/dags/steam_analytics.py for tasks to queue
[2026-09-08T19:02:08.527+0000] {logging_mixin.py:188} INFO - [2026-09-08T19:02:08.527+0000] {dagbag.py:545} INFO - Filling up the DagBag from /opt/airflow/dags/steam_analytics.py
[2026-09-08T19:02:08.735+0000] {processor.py:840} INFO - DAG(s) 'steam_analytics_daily' retrieved from /opt/airflow/dags/steam_analytics.py
[2026-09-08T19:02:08.788+0000] {logging_mixin.py:188} INFO - [2026-09-08T19:02:08.787+0000] {dag.py:3089} INFO - Sync 1 DAGs
[2026-09-08T19:02:08.830+0000] {logging_mixin.py:188} INFO - [2026-09-08T19:02:08.830+0000] {dag.py:3947} INFO - Setting next_dagrun for steam_analytics_daily to 2026-09-08 02:00:00+00:00, run_after=2026-09-09 02:00:00+00:00
[2026-09-08T19:02:09.105+0000] {processor.py:183} INFO - Processing /opt/airflow/dags/steam_analytics.py took 0.585 seconds
[2026-09-08T19:02:39.255+0000] {processor.py:161} INFO - Started process (PID=1078) to work on /opt/airflow/dags/steam_analytics.py
[2026-09-08T19:02:39.256+0000] {processor.py:830} INFO - Processing file /opt/airflow/dags/steam_analytics.py for tasks to queue
[2026-09-08T19:02:39.257+0000] {logging_mixin.py:188} INFO - [2026-09-08T19:02:39.257+0000] {dagbag.py:545} INFO - Filling up the DagBag from /opt/airflow/dags/steam_analytics.py
[2026-09-08T19:02:39.393+0000] {processor.py:840} INFO - DAG(s) 'steam_analytics_daily' retrieved from /opt/airflow/dags/steam_analytics.py
[2026-09-08T19:02:39.420+0000] {logging_mixin.py:188} INFO - [2026-09-08T19:02:39.420+0000] {dag.py:3089} INFO - Sync 1 DAGs
[2026-09-08T19:02:39.552+0000] {logging_mixin.py:188} INFO - [2026-09-08T19:02:39.552+0000] {dag.py:3947} INFO - Setting next_dagrun for steam_analytics_daily to 2026-09-08 02:00:00+00:00, run_after=2026-09-09 02:00:00+00:00
[2026-09-08T19:02:39.571+0000] {processor.py:183} INFO - Processing /opt/airflow/dags/steam_analytics.py took 0.321 seconds
[2026-09-08T19:03:09.717+0000] {processor.py:161} INFO - Started process (PID=1083) to work on /opt/airflow/dags/steam_analytics.py
[2026-09-08T19:03:09.719+0000] {processor.py:830} INFO - Processing file /opt/airflow/dags/steam_analytics.py for tasks to queue
[2026-09-08T19:03:09.727+0000] {logging_mixin.py:188} INFO - [2026-09-08T19:03:09.726+0000] {dagbag.py:545} INFO - Filling up the DagBag from /opt/airflow/dags/steam_analytics.py
[2026-09-08T19:03:09.876+0000] {processor.py:840} INFO - DAG(s) 'steam_analytics_daily' retrieved from /opt/airflow/dags/steam_analytics.py
[2026-09-08T19:03:09.905+0000] {logging_mixin.py:188} INFO - [2026-09-08T19:03:09.905+0000] {dag.py:3089} INFO - Sync 1 DAGs
[2026-09-08T19:03:10.031+0000] {logging_mixin.py:188} INFO - [2026-09-08T19:03:10.031+0000] {dag.py:3947} INFO - Setting next_dagrun for steam_analytics_daily to 2026-09-08 02:00:00+00:00, run_after=2026-09-09 02:00:00+00:00
[2026-09-08T19:03:10.048+0000] {processor.py:183} INFO - Processing /opt/airflow/dags/steam_analytics.py took 0.339 seconds
[2026-09-08T19:03:40.192+0000] {processor.py:161} INFO - Started process (PID=1088) to work on /opt/airflow/dags/steam_analytics.py
[2026-09-08T19:03:40.193+0000] {processor.py:830} INFO - Processing file /opt/airflow/dags/steam_analytics.py for tasks to queue
[2026-09-08T19:03:40.195+0000] {logging_mixin.py:188} INFO - [2026-09-08T19:03:40.194+0000] {dagbag.py:545} INFO - Filling up the DagBag from /opt/airflow/dags/steam_analytics.py
[2026-09-08T19:03:40.343+0000] {processor.py:840} INFO - DAG(s) 'steam_analytics_daily' retrieved from /opt/airflow/dags/steam_analytics.py
[2026-09-08T19:03:40.487+0000] {logging_mixin.py:188} INFO - [2026-09-08T19:03:40.487+0000] {dag.py:3089} INFO - Sync 1 DAGs
[2026-09-08T19:03:40.504+0000] {logging_mixin.py:188} INFO - [2026-09-08T19:03:40.504+0000] {dag.py:3947} INFO - Setting next_dagrun for steam_analytics_daily to 2026-09-08 02:00:00+00:00, run_after=2026-09-09 02:00:00+00:00
[2026-09-08T19:03:40.521+0000] {processor.py:183} INFO - Processing /opt/airflow/dags/steam_analytics.py took 0.334 seconds
[2026-09-08T19:04:10.666+0000] {processor.py:161} INFO - Started process (PID=1093) to work on /opt/airflow/dags/steam_analytics.py
[2026-09-08T19:04:10.667+0000] {processor.py:830} INFO - Processing file /opt/airflow/dags/steam_analytics.py for tasks to queue
[2026-09-08T19:04:10.668+0000] {logging_mixin.py:188} INFO - [2026-09-08T19:04:10.668+0000] {dagbag.py:545} INFO - Filling up the DagBag from /opt/airflow/dags/steam_analytics.py
[2026-09-08T19:04:10.915+0000] {processor.py:840} INFO - DAG(s) 'steam_analytics_daily' retrieved from /opt/airflow/dags/steam_analytics.py
[2026-09-08T19:04:10.959+0000] {logging_mixin.py:188} INFO - [2026-09-08T19:04:10.959+0000] {dag.py:3089} INFO - Sync 1 DAGs
[2026-09-08T19:04:11.000+0000] {logging_mixin.py:188} INFO - [2026-09-08T19:04:11.000+0000] {dag.py:3947} INFO - Setting next_dagrun for steam_analytics_daily to 2026-09-08 02:00:00+00:00, run_after=2026-09-09 02:00:00+00:00
[2026-09-08T19:04:11.029+0000] {processor.py:183} INFO - Processing /opt/airflow/dags/steam_analytics.py took 0.368 seconds
[2026-09-08T19:04:41.165+0000] {processor.py:161} INFO - Started process (PID=1098) to work on /opt/airflow/dags/steam_analytics.py
[2026-09-08T19:04:41.166+0000] {processor.py:830} INFO - Processing file /opt/airflow/dags/steam_analytics.py for tasks to queue
[2026-09-08T19:04:41.167+0000] {logging_mixin.py:188} INFO - [2026-09-08T19:04:41.167+0000] {dagbag.py:545} INFO - Filling up the DagBag from /opt/airflow/dags/steam_analytics.py
[2026-09-08T19:04:41.399+0000] {processor.py:840} INFO - DAG(s) 'steam_analytics_daily' retrieved from /opt/airflow/dags/steam_analytics.py
[2026-09-08T19:04:41.422+0000] {logging_mixin.py:188} INFO - [2026-09-08T19:04:41.422+0000] {dag.py:3089} INFO - Sync 1 DAGs
[2026-09-08T19:04:41.439+0000] {logging_mixin.py:188} INFO - [2026-09-08T19:04:41.439+0000] {dag.py:3947} INFO - Setting next_dagrun for steam_analytics_daily to 2026-09-08 02:00:00+00:00, run_after=2026-09-09 02:00:00+00:00
[2026-09-08T19:04:41.455+0000] {processor.py:183} INFO - Processing /opt/airflow/dags/steam_analytics.py took 0.295 seconds
[2026-09-08T19:05:11.580+0000] {processor.py:161} INFO - Started process (PID=1103) to work on /opt/airflow/dags/steam_analytics.py
[2026-09-08T19:05:11.581+0000] {processor.py:830} INFO - Processing file /opt/airflow/dags/steam_analytics.py for tasks to queue
[2026-09-08T19:05:11.582+0000] {logging_mixin.py:188} INFO - [2026-09-08T19:05:11.582+0000] {dagbag.py:545} INFO - Filling up the DagBag from /opt/airflow/dags/steam_analytics.py
[2026-09-08T19:05:11.717+0000] {processor.py:840} INFO - DAG(s) 'steam_analytics_daily' retrieved from /opt/airflow/dags/steam_analytics.py
[2026-09-08T19:05:11.746+0000] {logging_mixin.py:188} INFO - [2026-09-08T19:05:11.745+0000] {dag.py:3089} INFO - Sync 1 DAGs
[2026-09-08T19:05:11.886+0000] {logging_mixin.py:188} INFO - [2026-09-08T19:05:11.886+0000] {dag.py:3947} INFO - Setting next_dagrun for steam_analytics_daily to 2026-09-08 02:00:00+00:00, run_after=2026-09-09 02:00:00+00:00
[2026-09-08T19:05:11.901+0000] {processor.py:183} INFO - Processing /opt/airflow/dags/steam_analytics.py took 0.325 seconds
[2026-09-08T19:05:42.028+0000] {processor.py:161} INFO - Started process (PID=1108) to work on /opt/airflow/dags/steam_analytics.py
[2026-09-08T19:05:42.029+0000] {processor.py:830} INFO - Processing file /opt/airflow/dags/steam_analytics.py for tasks to queue
[2026-09-08T19:05:42.031+0000] {logging_mixin.py:188} INFO - [2026-09-08T19:05:42.030+0000] {dagbag.py:545} INFO - Filling up the DagBag from /opt/airflow/dags/steam_analytics.py
[2026-09-08T19:05:42.161+0000] {processor.py:840} INFO - DAG(s) 'steam_analytics_daily' retrieved from /opt/airflow/dags/steam_analytics.py
[2026-09-08T19:05:42.290+0000] {logging_mixin.py:188} INFO - [2026-09-08T19:05:42.289+0000] {dag.py:3089} INFO - Sync 1 DAGs
[2026-09-08T19:05:42.307+0000] {logging_mixin.py:188} INFO - [2026-09-08T19:05:42.307+0000] {dag.py:3947} INFO - Setting next_dagrun for steam_analytics_daily to 2026-09-08 02:00:00+00:00, run_after=2026-09-09 02:00:00+00:00
[2026-09-08T19:05:42.321+0000] {processor.py:183} INFO - Processing /opt/airflow/dags/steam_analytics.py took 0.297 seconds
[2026-09-08T19:06:12.450+0000] {processor.py:161} INFO - Started process (PID=1113) to work on /opt/airflow/dags/steam_analytics.py
[2026-09-08T19:06:12.451+0000] {processor.py:830} INFO - Processing file /opt/airflow/dags/steam_analytics.py for tasks to queue
[2026-09-08T19:06:12.452+0000] {logging_mixin.py:188} INFO - [2026-09-08T19:06:12.452+0000] {dagbag.py:545} INFO - Filling up the DagBag from /opt/airflow/dags/steam_analytics.py
[2026-09-08T19:06:12.688+0000] {processor.py:840} INFO - DAG(s) 'steam_analytics_daily' retrieved from /opt/airflow/dags/steam_analytics.py
[2026-09-08T19:06:12.710+0000] {logging_mixin.py:188} INFO - [2026-09-08T19:06:12.710+0000] {dag.py:3089} INFO - Sync 1 DAGs
[2026-09-08T19:06:12.728+0000] {logging_mixin.py:188} INFO - [2026-09-08T19:06:12.728+0000] {dag.py:3947} INFO - Setting next_dagrun for steam_analytics_daily to 2026-09-08 02:00:00+00:00, run_after=2026-09-09 02:00:00+00:00
[2026-09-08T19:06:12.742+0000] {processor.py:183} INFO - Processing /opt/airflow/dags/steam_analytics.py took 0.296 seconds
[2026-09-08T19:06:42.873+0000] {processor.py:161} INFO - Started process (PID=1118) to work on /opt/airflow/dags/steam_analytics.py
[2026-09-08T19:06:42.874+0000] {processor.py:830} INFO - Processing file /opt/airflow/dags/steam_analytics.py for tasks to queue
[2026-09-08T19:06:42.875+0000] {logging_mixin.py:188} INFO - [2026-09-08T19:06:42.875+0000] {dagbag.py:545} INFO - Filling up the DagBag from /opt/airflow/dags/steam_analytics.py
[2026-09-08T19:06:43.140+0000] {processor.py:840} INFO - DAG(s) 'steam_analytics_daily' retrieved from /opt/airflow/dags/steam_analytics.py
[2026-09-08T19:06:43.165+0000] {logging_mixin.py:188} INFO - [2026-09-08T19:06:43.165+0000] {dag.py:3089} INFO - Sync 1 DAGs
[2026-09-08T19:06:43.184+0000] {logging_mixin.py:188} INFO - [2026-09-08T19:06:43.184+0000] {dag.py:3947} INFO - Setting next_dagrun for steam_analytics_daily to 2026-09-08 02:00:00+00:00, run_after=2026-09-09 02:00:00+00:00
[2026-09-08T19:06:43.201+0000] {processor.py:183} INFO - Processing /opt/airflow/dags/steam_analytics.py took 0.333 seconds
[2026-09-08T19:07:13.360+0000] {processor.py:161} INFO - Started process (PID=1123) to work on /opt/airflow/dags/steam_analytics.py
[2026-09-08T19:07:13.361+0000] {processor.py:830} INFO - Processing file /opt/airflow/dags/steam_analytics.py for tasks to queue
[2026-09-08T19:07:13.363+0000] {logging_mixin.py:188} INFO - [2026-09-08T19:07:13.362+0000] {dagbag.py:545} INFO - Filling up the DagBag from /opt/airflow/dags/steam_analytics.py
[2026-09-08T19:07:13.664+0000] {processor.py:840} INFO - DAG(s) 'steam_analytics_daily' retrieved from /opt/airflow/dags/steam_analytics.py
[2026-09-08T19:07:13.708+0000] {logging_mixin.py:188} INFO - [2026-09-08T19:07:13.708+0000] {dag.py:3089} INFO - Sync 1 DAGs
[2026-09-08T19:07:13.742+0000] {logging_mixin.py:188} INFO - [2026-09-08T19:07:13.742+0000] {dag.py:3947} INFO - Setting next_dagrun for steam_analytics_daily to 2026-09-08 02:00:00+00:00, run_after=2026-09-09 02:00:00+00:00
[2026-09-08T19:07:13.762+0000] {processor.py:183} INFO - Processing /opt/airflow/dags/steam_analytics.py took 0.407 seconds
[2026-09-08T19:07:43.909+0000] {processor.py:161} INFO - Started process (PID=1128) to work on /opt/airflow/dags/steam_analytics.py
[2026-09-08T19:07:43.910+0000] {processor.py:830} INFO - Processing file /opt/airflow/dags/steam_analytics.py for tasks to queue
[2026-09-08T19:07:43.911+0000] {logging_mixin.py:188} INFO - [2026-09-08T19:07:43.911+0000] {dagbag.py:545} INFO - Filling up the DagBag from /opt/airflow/dags/steam_analytics.py
[2026-09-08T19:07:44.044+0000] {processor.py:840} INFO - DAG(s) 'steam_analytics_daily' retrieved from /opt/airflow/dags/steam_analytics.py
[2026-09-08T19:07:44.175+0000] {logging_mixin.py:188} INFO - [2026-09-08T19:07:44.174+0000] {dag.py:3089} INFO - Sync 1 DAGs
[2026-09-08T19:07:44.192+0000] {logging_mixin.py:188} INFO - [2026-09-08T19:07:44.192+0000] {dag.py:3947} INFO - Setting next_dagrun for steam_analytics_daily to 2026-09-08 02:00:00+00:00, run_after=2026-09-09 02:00:00+00:00
[2026-09-08T19:07:44.206+0000] {processor.py:183} INFO - Processing /opt/airflow/dags/steam_analytics.py took 0.302 seconds
[2026-09-08T19:08:14.353+0000] {processor.py:161} INFO - Started process (PID=1133) to work on /opt/airflow/dags/steam_analytics.py
[2026-09-08T19:08:14.354+0000] {processor.py:830} INFO - Processing file /opt/airflow/dags/steam_analytics.py for tasks to queue
[2026-09-08T19:08:14.355+0000] {logging_mixin.py:188} INFO - [2026-09-08T19:08:14.355+0000] {dagbag.py:545} INFO - Filling up the DagBag from /opt/airflow/dags/steam_analytics.py
[2026-09-08T19:08:14.493+0000] {processor.py:840} INFO - DAG(s) 'steam_analytics_daily' retrieved from /opt/airflow/dags/steam_analytics.py
[2026-09-08T19:08:14.641+0000] {logging_mixin.py:188} INFO - [2026-09-08T19:08:14.641+0000] {dag.py:3089} INFO - Sync 1 DAGs
[2026-09-08T19:08:14.659+0000] {logging_mixin.py:188} INFO - [2026-09-08T19:08:14.659+0000] {dag.py:3947} INFO - Setting next_dagrun for steam_analytics_daily to 2026-09-08 02:00:00+00:00, run_after=2026-09-09 02:00:00+00:00
[2026-09-08T19:08:14.676+0000] {processor.py:183} INFO - Processing /opt/airflow/dags/steam_analytics.py took 0.327 seconds
[2026-09-08T19:08:44.807+0000] {processor.py:161} INFO - Started process (PID=1138) to work on /opt/airflow/dags/steam_analytics.py
[2026-09-08T19:08:44.808+0000] {processor.py:830} INFO - Processing file /opt/airflow/dags/steam_analytics.py for tasks to queue
[2026-09-08T19:08:44.809+0000] {logging_mixin.py:188} INFO - [2026-09-08T19:08:44.809+0000] {dagbag.py:545} INFO - Filling up the DagBag from /opt/airflow/dags/steam_analytics.py
[2026-09-08T19:08:45.042+0000] {processor.py:840} INFO - DAG(s) 'steam_analytics_daily' retrieved from /opt/airflow/dags/steam_analytics.py
[2026-09-08T19:08:45.064+0000] {logging_mixin.py:188} INFO - [2026-09-08T19:08:45.064+0000] {dag.py:3089} INFO - Sync 1 DAGs
[2026-09-08T19:08:45.081+0000] {logging_mixin.py:188} INFO - [2026-09-08T19:08:45.081+0000] {dag.py:3947} INFO - Setting next_dagrun for steam_analytics_daily to 2026-09-08 02:00:00+00:00, run_after=2026-09-09 02:00:00+00:00
[2026-09-08T19:08:45.097+0000] {processor.py:183} INFO - Processing /opt/airflow/dags/steam_analytics.py took 0.295 seconds
[2026-09-08T19:09:15.226+0000] {processor.py:161} INFO - Started process (PID=1143) to work on /opt/airflow/dags/steam_analytics.py
[2026-09-08T19:09:15.227+0000] {processor.py:830} INFO - Processing file /opt/airflow/dags/steam_analytics.py for tasks to queue
[2026-09-08T19:09:15.229+0000] {logging_mixin.py:188} INFO - [2026-09-08T19:09:15.228+0000] {dagbag.py:545} INFO - Filling up the DagBag from /opt/airflow/dags/steam_analytics.py
[2026-09-08T19:09:15.468+0000] {processor.py:840} INFO - DAG(s) 'steam_analytics_daily' retrieved from /opt/airflow/dags/steam_analytics.py
[2026-09-08T19:09:15.492+0000] {logging_mixin.py:188} INFO - [2026-09-08T19:09:15.492+0000] {dag.py:3089} INFO - Sync 1 DAGs
[2026-09-08T19:09:15.516+0000] {logging_mixin.py:188} INFO - [2026-09-08T19:09:15.516+0000] {dag.py:3947} INFO - Setting next_dagrun for steam_analytics_daily to 2026-09-08 02:00:00+00:00, run_after=2026-09-09 02:00:00+00:00
[2026-09-08T19:09:15.531+0000] {processor.py:183} INFO - Processing /opt/airflow/dags/steam_analytics.py took 0.310 seconds
[2026-09-08T19:09:45.658+0000] {processor.py:161} INFO - Started process (PID=1148) to work on /opt/airflow/dags/steam_analytics.py
[2026-09-08T19:09:45.659+0000] {processor.py:830} INFO - Processing file /opt/airflow/dags/steam_analytics.py for tasks to queue
[2026-09-08T19:09:45.660+0000] {logging_mixin.py:188} INFO - [2026-09-08T19:09:45.660+0000] {dagbag.py:545} INFO - Filling up the DagBag from /opt/airflow/dags/steam_analytics.py
[2026-09-08T19:09:45.795+0000] {processor.py:840} INFO - DAG(s) 'steam_analytics_daily' retrieved from /opt/airflow/dags/steam_analytics.py
[2026-09-08T19:09:45.821+0000] {logging_mixin.py:188} INFO - [2026-09-08T19:09:45.821+0000] {dag.py:3089} INFO - Sync 1 DAGs
[2026-09-08T19:09:45.959+0000] {logging_mixin.py:188} INFO - [2026-09-08T19:09:45.959+0000] {dag.py:3947} INFO - Setting next_dagrun for steam_analytics_daily to 2026-09-08 02:00:00+00:00, run_after=2026-09-09 02:00:00+00:00
[2026-09-08T19:09:45.974+0000] {processor.py:183} INFO - Processing /opt/airflow/dags/steam_analytics.py took 0.320 seconds
[2026-09-08T19:10:16.102+0000] {processor.py:161} INFO - Started process (PID=1153) to work on /opt/airflow/dags/steam_analytics.py
[2026-09-08T19:10:16.103+0000] {processor.py:830} INFO - Processing file /opt/airflow/dags/steam_analytics.py for tasks to queue
[2026-09-08T19:10:16.104+0000] {logging_mixin.py:188} INFO - [2026-09-08T19:10:16.104+0000] {dagbag.py:545} INFO - Filling up the DagBag from /opt/airflow/dags/steam_analytics.py
[2026-09-08T19:10:16.247+0000] {processor.py:840} INFO - DAG(s) 'steam_analytics_daily' retrieved from /opt/airflow/dags/steam_analytics.py
[2026-09-08T19:10:16.382+0000] {logging_mixin.py:188} INFO - [2026-09-08T19:10:16.382+0000] {dag.py:3089} INFO - Sync 1 DAGs
[2026-09-08T19:10:16.399+0000] {logging_mixin.py:188} INFO - [2026-09-08T19:10:16.399+0000] {dag.py:3947} INFO - Setting next_dagrun for steam_analytics_daily to 2026-09-08 02:00:00+00:00, run_after=2026-09-09 02:00:00+00:00
[2026-09-08T19:10:16.415+0000] {processor.py:183} INFO - Processing /opt/airflow/dags/steam_analytics.py took 0.317 seconds
[2026-09-08T19:10:46.538+0000] {processor.py:161} INFO - Started process (PID=1158) to work on /opt/airflow/dags/steam_analytics.py
[2026-09-08T19:10:46.539+0000] {processor.py:830} INFO - Processing file /opt/airflow/dags/steam_analytics.py for tasks to queue
[2026-09-08T19:10:46.540+0000] {logging_mixin.py:188} INFO - [2026-09-08T19:10:46.540+0000] {dagbag.py:545} INFO - Filling up the DagBag from /opt/airflow/dags/steam_analytics.py
[2026-09-08T19:10:46.791+0000] {processor.py:840} INFO - DAG(s) 'steam_analytics_daily' retrieved from /opt/airflow/dags/steam_analytics.py
[2026-09-08T19:10:46.813+0000] {logging_mixin.py:188} INFO - [2026-09-08T19:10:46.813+0000] {dag.py:3089} INFO - Sync 1 DAGs
[2026-09-08T19:10:46.830+0000] {logging_mixin.py:188} INFO - [2026-09-08T19:10:46.830+0000] {dag.py:3947} INFO - Setting next_dagrun for steam_analytics_daily to 2026-09-08 02:00:00+00:00, run_after=2026-09-09 02:00:00+00:00
[2026-09-08T19:10:46.844+0000] {processor.py:183} INFO - Processing /opt/airflow/dags/steam_analytics.py took 0.310 seconds
[2026-09-08T19:11:16.972+0000] {processor.py:161} INFO - Started process (PID=1163) to work on /opt/airflow/dags/steam_analytics.py
[2026-09-08T19:11:16.973+0000] {processor.py:830} INFO - Processing file /opt/airflow/dags/steam_analytics.py for tasks to queue
[2026-09-08T19:11:16.975+0000] {logging_mixin.py:188} INFO - [2026-09-08T19:11:16.975+0000] {dagbag.py:545} INFO - Filling up the DagBag from /opt/airflow/dags/steam_analytics.py
[2026-09-08T19:11:17.228+0000] {processor.py:840} INFO - DAG(s) 'steam_analytics_daily' retrieved from /opt/airflow/dags/steam_analytics.py
[2026-09-08T19:11:17.255+0000] {logging_mixin.py:188} INFO - [2026-09-08T19:11:17.254+0000] {dag.py:3089} INFO - Sync 1 DAGs
[2026-09-08T19:11:17.273+0000] {logging_mixin.py:188} INFO - [2026-09-08T19:11:17.273+0000] {dag.py:3947} INFO - Setting next_dagrun for steam_analytics_daily to 2026-09-08 02:00:00+00:00, run_after=2026-09-09 02:00:00+00:00
[2026-09-08T19:11:17.288+0000] {processor.py:183} INFO - Processing /opt/airflow/dags/steam_analytics.py took 0.323 seconds
[2026-09-08T19:11:47.418+0000] {processor.py:161} INFO - Started process (PID=1168) to work on /opt/airflow/dags/steam_analytics.py
[2026-09-08T19:11:47.418+0000] {processor.py:830} INFO - Processing file /opt/airflow/dags/steam_analytics.py for tasks to queue
[2026-09-08T19:11:47.420+0000] {logging_mixin.py:188} INFO - [2026-09-08T19:11:47.420+0000] {dagbag.py:545} INFO - Filling up the DagBag from /opt/airflow/dags/steam_analytics.py
[2026-09-08T19:11:47.655+0000] {processor.py:840} INFO - DAG(s) 'steam_analytics_daily' retrieved from /opt/airflow/dags/steam_analytics.py
[2026-09-08T19:11:47.678+0000] {logging_mixin.py:188} INFO - [2026-09-08T19:11:47.677+0000] {dag.py:3089} INFO - Sync 1 DAGs
[2026-09-08T19:11:47.696+0000] {logging_mixin.py:188} INFO - [2026-09-08T19:11:47.695+0000] {dag.py:3947} INFO - Setting next_dagrun for steam_analytics_daily to 2026-09-08 02:00:00+00:00, run_after=2026-09-09 02:00:00+00:00
[2026-09-08T19:11:47.709+0000] {processor.py:183} INFO - Processing /opt/airflow/dags/steam_analytics.py took 0.296 seconds
[2026-09-08T19:12:17.836+0000] {processor.py:161} INFO - Started process (PID=1173) to work on /opt/airflow/dags/steam_analytics.py
[2026-09-08T19:12:17.837+0000] {processor.py:830} INFO - Processing file /opt/airflow/dags/steam_analytics.py for tasks to queue
[2026-09-08T19:12:17.838+0000] {logging_mixin.py:188} INFO - [2026-09-08T19:12:17.838+0000] {dagbag.py:545} INFO - Filling up the DagBag from /opt/airflow/dags/steam_analytics.py
[2026-09-08T19:12:17.972+0000] {processor.py:840} INFO - DAG(s) 'steam_analytics_daily' retrieved from /opt/airflow/dags/steam_analytics.py
[2026-09-08T19:12:18.102+0000] {logging_mixin.py:188} INFO - [2026-09-08T19:12:18.102+0000] {dag.py:3089} INFO - Sync 1 DAGs
[2026-09-08T19:12:18.120+0000] {logging_mixin.py:188} INFO - [2026-09-08T19:12:18.120+0000] {dag.py:3947} INFO - Setting next_dagrun for steam_analytics_daily to 2026-09-08 02:00:00+00:00, run_after=2026-09-09 02:00:00+00:00
[2026-09-08T19:12:18.135+0000] {processor.py:183} INFO - Processing /opt/airflow/dags/steam_analytics.py took 0.303 seconds
[2026-09-08T19:12:48.264+0000] {processor.py:161} INFO - Started process (PID=1178) to work on /opt/airflow/dags/steam_analytics.py
[2026-09-08T19:12:48.264+0000] {processor.py:830} INFO - Processing file /opt/airflow/dags/steam_analytics.py for tasks to queue
[2026-09-08T19:12:48.266+0000] {logging_mixin.py:188} INFO - [2026-09-08T19:12:48.266+0000] {dagbag.py:545} INFO - Filling up the DagBag from /opt/airflow/dags/steam_analytics.py
[2026-09-08T19:12:48.500+0000] {processor.py:840} INFO - DAG(s) 'steam_analytics_daily' retrieved from /opt/airflow/dags/steam_analytics.py
[2026-09-08T19:12:48.528+0000] {logging_mixin.py:188} INFO - [2026-09-08T19:12:48.528+0000] {dag.py:3089} INFO - Sync 1 DAGs
[2026-09-08T19:12:48.562+0000] {logging_mixin.py:188} INFO - [2026-09-08T19:12:48.561+0000] {dag.py:3947} INFO - Setting next_dagrun for steam_analytics_daily to 2026-09-08 02:00:00+00:00, run_after=2026-09-09 02:00:00+00:00
[2026-09-08T19:12:48.607+0000] {processor.py:183} INFO - Processing /opt/airflow/dags/steam_analytics.py took 0.348 seconds
[2026-09-08T19:13:18.740+0000] {processor.py:161} INFO - Started process (PID=1183) to work on /opt/airflow/dags/steam_analytics.py
[2026-09-08T19:13:18.741+0000] {processor.py:830} INFO - Processing file /opt/airflow/dags/steam_analytics.py for tasks to queue
[2026-09-08T19:13:18.742+0000] {logging_mixin.py:188} INFO - [2026-09-08T19:13:18.742+0000] {dagbag.py:545} INFO - Filling up the DagBag from /opt/airflow/dags/steam_analytics.py
[2026-09-08T19:13:19.004+0000] {processor.py:840} INFO - DAG(s) 'steam_analytics_daily' retrieved from /opt/airflow/dags/steam_analytics.py
[2026-09-08T19:13:19.030+0000] {logging_mixin.py:188} INFO - [2026-09-08T19:13:19.029+0000] {dag.py:3089} INFO - Sync 1 DAGs
[2026-09-08T19:13:19.048+0000] {logging_mixin.py:188} INFO - [2026-09-08T19:13:19.047+0000] {dag.py:3947} INFO - Setting next_dagrun for steam_analytics_daily to 2026-09-08 02:00:00+00:00, run_after=2026-09-09 02:00:00+00:00
[2026-09-08T19:13:19.064+0000] {processor.py:183} INFO - Processing /opt/airflow/dags/steam_analytics.py took 0.329 seconds
[2026-09-08T19:13:49.199+0000] {processor.py:161} INFO - Started process (PID=1188) to work on /opt/airflow/dags/steam_analytics.py
[2026-09-08T19:13:49.200+0000] {processor.py:830} INFO - Processing file /opt/airflow/dags/steam_analytics.py for tasks to queue
[2026-09-08T19:13:49.202+0000] {logging_mixin.py:188} INFO - [2026-09-08T19:13:49.202+0000] {dagbag.py:545} INFO - Filling up the DagBag from /opt/airflow/dags/steam_analytics.py
[2026-09-08T19:13:49.467+0000] {processor.py:840} INFO - DAG(s) 'steam_analytics_daily' retrieved from /opt/airflow/dags/steam_analytics.py
[2026-09-08T19:13:49.497+0000] {logging_mixin.py:188} INFO - [2026-09-08T19:13:49.497+0000] {dag.py:3089} INFO - Sync 1 DAGs
[2026-09-08T19:13:49.517+0000] {logging_mixin.py:188} INFO - [2026-09-08T19:13:49.517+0000] {dag.py:3947} INFO - Setting next_dagrun for steam_analytics_daily to 2026-09-08 02:00:00+00:00, run_after=2026-09-09 02:00:00+00:00
[2026-09-08T19:13:49.533+0000] {processor.py:183} INFO - Processing /opt/airflow/dags/steam_analytics.py took 0.342 seconds
[2026-09-08T19:14:19.662+0000] {processor.py:161} INFO - Started process (PID=1193) to work on /opt/airflow/dags/steam_analytics.py
[2026-09-08T19:14:19.663+0000] {processor.py:830} INFO - Processing file /opt/airflow/dags/steam_analytics.py for tasks to queue
[2026-09-08T19:14:19.664+0000] {logging_mixin.py:188} INFO - [2026-09-08T19:14:19.664+0000] {dagbag.py:545} INFO - Filling up the DagBag from /opt/airflow/dags/steam_analytics.py
[2026-09-08T19:14:19.795+0000] {processor.py:840} INFO - DAG(s) 'steam_analytics_daily' retrieved from /opt/airflow/dags/steam_analytics.py
[2026-09-08T19:14:19.936+0000] {logging_mixin.py:188} INFO - [2026-09-08T19:14:19.936+0000] {dag.py:3089} INFO - Sync 1 DAGs
[2026-09-08T19:14:19.957+0000] {logging_mixin.py:188} INFO - [2026-09-08T19:14:19.957+0000] {dag.py:3947} INFO - Setting next_dagrun for steam_analytics_daily to 2026-09-08 02:00:00+00:00, run_after=2026-09-09 02:00:00+00:00
[2026-09-08T19:14:19.973+0000] {processor.py:183} INFO - Processing /opt/airflow/dags/steam_analytics.py took 0.316 seconds
[2026-09-08T19:14:50.100+0000] {processor.py:161} INFO - Started process (PID=1198) to work on /opt/airflow/dags/steam_analytics.py
[2026-09-08T19:14:50.101+0000] {processor.py:830} INFO - Processing file /opt/airflow/dags/steam_analytics.py for tasks to queue
[2026-09-08T19:14:50.102+0000] {logging_mixin.py:188} INFO - [2026-09-08T19:14:50.102+0000] {dagbag.py:545} INFO - Filling up the DagBag from /opt/airflow/dags/steam_analytics.py
[2026-09-08T19:14:50.237+0000] {processor.py:840} INFO - DAG(s) 'steam_analytics_daily' retrieved from /opt/airflow/dags/steam_analytics.py
[2026-09-08T19:14:50.366+0000] {logging_mixin.py:188} INFO - [2026-09-08T19:14:50.366+0000] {dag.py:3089} INFO - Sync 1 DAGs
[2026-09-08T19:14:50.384+0000] {logging_mixin.py:188} INFO - [2026-09-08T19:14:50.384+0000] {dag.py:3947} INFO - Setting next_dagrun for steam_analytics_daily to 2026-09-08 02:00:00+00:00, run_after=2026-09-09 02:00:00+00:00
[2026-09-08T19:14:50.398+0000] {processor.py:183} INFO - Processing /opt/airflow/dags/steam_analytics.py took 0.302 seconds
[2026-09-08T19:15:20.525+0000] {processor.py:161} INFO - Started process (PID=1203) to work on /opt/airflow/dags/steam_analytics.py
[2026-09-08T19:15:20.526+0000] {processor.py:830} INFO - Processing file /opt/airflow/dags/steam_analytics.py for tasks to queue
[2026-09-08T19:15:20.527+0000] {logging_mixin.py:188} INFO - [2026-09-08T19:15:20.527+0000] {dagbag.py:545} INFO - Filling up the DagBag from /opt/airflow/dags/steam_analytics.py
[2026-09-08T19:15:20.775+0000] {processor.py:840} INFO - DAG(s) 'steam_analytics_daily' retrieved from /opt/airflow/dags/steam_analytics.py
[2026-09-08T19:15:20.797+0000] {logging_mixin.py:188} INFO - [2026-09-08T19:15:20.797+0000] {dag.py:3089} INFO - Sync 1 DAGs
[2026-09-08T19:15:20.818+0000] {logging_mixin.py:188} INFO - [2026-09-08T19:15:20.818+0000] {dag.py:3947} INFO - Setting next_dagrun for steam_analytics_daily to 2026-09-08 02:00:00+00:00, run_after=2026-09-09 02:00:00+00:00
[2026-09-08T19:15:20.833+0000] {processor.py:183} INFO - Processing /opt/airflow/dags/steam_analytics.py took 0.313 seconds
[2026-09-08T19:15:50.967+0000] {processor.py:161} INFO - Started process (PID=1208) to work on /opt/airflow/dags/steam_analytics.py
[2026-09-08T19:15:50.968+0000] {processor.py:830} INFO - Processing file /opt/airflow/dags/steam_analytics.py for tasks to queue
[2026-09-08T19:15:50.969+0000] {logging_mixin.py:188} INFO - [2026-09-08T19:15:50.969+0000] {dagbag.py:545} INFO - Filling up the DagBag from /opt/airflow/dags/steam_analytics.py
[2026-09-08T19:15:51.237+0000] {processor.py:840} INFO - DAG(s) 'steam_analytics_daily' retrieved from /opt/airflow/dags/steam_analytics.py
[2026-09-08T19:15:51.261+0000] {logging_mixin.py:188} INFO - [2026-09-08T19:15:51.261+0000] {dag.py:3089} INFO - Sync 1 DAGs
[2026-09-08T19:15:51.279+0000] {logging_mixin.py:188} INFO - [2026-09-08T19:15:51.279+0000] {dag.py:3947} INFO - Setting next_dagrun for steam_analytics_daily to 2026-09-08 02:00:00+00:00, run_after=2026-09-09 02:00:00+00:00
[2026-09-08T19:15:51.294+0000] {processor.py:183} INFO - Processing /opt/airflow/dags/steam_analytics.py took 0.331 seconds
[2026-09-08T19:16:21.425+0000] {processor.py:161} INFO - Started process (PID=1213) to work on /opt/airflow/dags/steam_analytics.py
[2026-09-08T19:16:21.425+0000] {processor.py:830} INFO - Processing file /opt/airflow/dags/steam_analytics.py for tasks to queue
[2026-09-08T19:16:21.427+0000] {logging_mixin.py:188} INFO - [2026-09-08T19:16:21.427+0000] {dagbag.py:545} INFO - Filling up the DagBag from /opt/airflow/dags/steam_analytics.py
[2026-09-08T19:16:21.665+0000] {processor.py:840} INFO - DAG(s) 'steam_analytics_daily' retrieved from /opt/airflow/dags/steam_analytics.py
[2026-09-08T19:16:21.688+0000] {logging_mixin.py:188} INFO - [2026-09-08T19:16:21.688+0000] {dag.py:3089} INFO - Sync 1 DAGs
[2026-09-08T19:16:21.707+0000] {logging_mixin.py:188} INFO - [2026-09-08T19:16:21.707+0000] {dag.py:3947} INFO - Setting next_dagrun for steam_analytics_daily to 2026-09-08 02:00:00+00:00, run_after=2026-09-09 02:00:00+00:00
[2026-09-08T19:16:21.722+0000] {processor.py:183} INFO - Processing /opt/airflow/dags/steam_analytics.py took 0.302 seconds
[2026-09-08T19:16:51.847+0000] {processor.py:161} INFO - Started process (PID=1218) to work on /opt/airflow/dags/steam_analytics.py
[2026-09-08T19:16:51.847+0000] {processor.py:830} INFO - Processing file /opt/airflow/dags/steam_analytics.py for tasks to queue
[2026-09-08T19:16:51.849+0000] {logging_mixin.py:188} INFO - [2026-09-08T19:16:51.849+0000] {dagbag.py:545} INFO - Filling up the DagBag from /opt/airflow/dags/steam_analytics.py
[2026-09-08T19:16:51.980+0000] {processor.py:840} INFO - DAG(s) 'steam_analytics_daily' retrieved from /opt/airflow/dags/steam_analytics.py
[2026-09-08T19:16:52.109+0000] {logging_mixin.py:188} INFO - [2026-09-08T19:16:52.109+0000] {dag.py:3089} INFO - Sync 1 DAGs
[2026-09-08T19:16:52.129+0000] {logging_mixin.py:188} INFO - [2026-09-08T19:16:52.128+0000] {dag.py:3947} INFO - Setting next_dagrun for steam_analytics_daily to 2026-09-08 02:00:00+00:00, run_after=2026-09-09 02:00:00+00:00
[2026-09-08T19:16:52.144+0000] {processor.py:183} INFO - Processing /opt/airflow/dags/steam_analytics.py took 0.302 seconds
[2026-09-08T19:17:22.273+0000] {processor.py:161} INFO - Started process (PID=1223) to work on /opt/airflow/dags/steam_analytics.py
[2026-09-08T19:17:22.274+0000] {processor.py:830} INFO - Processing file /opt/airflow/dags/steam_analytics.py for tasks to queue
[2026-09-08T19:17:22.276+0000] {logging_mixin.py:188} INFO - [2026-09-08T19:17:22.275+0000] {dagbag.py:545} INFO - Filling up the DagBag from /opt/airflow/dags/steam_analytics.py
[2026-09-08T19:17:22.514+0000] {processor.py:840} INFO - DAG(s) 'steam_analytics_daily' retrieved from /opt/airflow/dags/steam_analytics.py
[2026-09-08T19:17:22.539+0000] {logging_mixin.py:188} INFO - [2026-09-08T19:17:22.539+0000] {dag.py:3089} INFO - Sync 1 DAGs
[2026-09-08T19:17:22.562+0000] {logging_mixin.py:188} INFO - [2026-09-08T19:17:22.562+0000] {dag.py:3947} INFO - Setting next_dagrun for steam_analytics_daily to 2026-09-08 02:00:00+00:00, run_after=2026-09-09 02:00:00+00:00
[2026-09-08T19:17:22.579+0000] {processor.py:183} INFO - Processing /opt/airflow/dags/steam_analytics.py took 0.310 seconds
[2026-09-08T19:17:52.705+0000] {processor.py:161} INFO - Started process (PID=1228) to work on /opt/airflow/dags/steam_analytics.py
[2026-09-08T19:17:52.706+0000] {processor.py:830} INFO - Processing file /opt/airflow/dags/steam_analytics.py for tasks to queue
[2026-09-08T19:17:52.707+0000] {logging_mixin.py:188} INFO - [2026-09-08T19:17:52.707+0000] {dagbag.py:545} INFO - Filling up the DagBag from /opt/airflow/dags/steam_analytics.py
[2026-09-08T19:17:52.947+0000] {processor.py:840} INFO - DAG(s) 'steam_analytics_daily' retrieved from /opt/airflow/dags/steam_analytics.py
[2026-09-08T19:17:52.970+0000] {logging_mixin.py:188} INFO - [2026-09-08T19:17:52.970+0000] {dag.py:3089} INFO - Sync 1 DAGs
[2026-09-08T19:17:52.988+0000] {logging_mixin.py:188} INFO - [2026-09-08T19:17:52.988+0000] {dag.py:3947} INFO - Setting next_dagrun for steam_analytics_daily to 2026-09-08 02:00:00+00:00, run_after=2026-09-09 02:00:00+00:00
[2026-09-08T19:17:53.004+0000] {processor.py:183} INFO - Processing /opt/airflow/dags/steam_analytics.py took 0.303 seconds
[2026-09-08T19:18:23.130+0000] {processor.py:161} INFO - Started process (PID=1233) to work on /opt/airflow/dags/steam_analytics.py
[2026-09-08T19:18:23.131+0000] {processor.py:830} INFO - Processing file /opt/airflow/dags/steam_analytics.py for tasks to queue
[2026-09-08T19:18:23.133+0000] {logging_mixin.py:188} INFO - [2026-09-08T19:18:23.132+0000] {dagbag.py:545} INFO - Filling up the DagBag from /opt/airflow/dags/steam_analytics.py
[2026-09-08T19:18:23.377+0000] {processor.py:840} INFO - DAG(s) 'steam_analytics_daily' retrieved from /opt/airflow/dags/steam_analytics.py
[2026-09-08T19:18:23.401+0000] {logging_mixin.py:188} INFO - [2026-09-08T19:18:23.401+0000] {dag.py:3089} INFO - Sync 1 DAGs
[2026-09-08T19:18:23.421+0000] {logging_mixin.py:188} INFO - [2026-09-08T19:18:23.420+0000] {dag.py:3947} INFO - Setting next_dagrun for steam_analytics_daily to 2026-09-08 02:00:00+00:00, run_after=2026-09-09 02:00:00+00:00
[2026-09-08T19:18:23.435+0000] {processor.py:183} INFO - Processing /opt/airflow/dags/steam_analytics.py took 0.309 seconds
[2026-09-08T19:18:53.559+0000] {processor.py:161} INFO - Started process (PID=1238) to work on /opt/airflow/dags/steam_analytics.py
[2026-09-08T19:18:53.560+0000] {processor.py:830} INFO - Processing file /opt/airflow/dags/steam_analytics.py for tasks to queue
[2026-09-08T19:18:53.562+0000] {logging_mixin.py:188} INFO - [2026-09-08T19:18:53.561+0000] {dagbag.py:545} INFO - Filling up the DagBag from /opt/airflow/dags/steam_analytics.py
[2026-09-08T19:18:53.796+0000] {processor.py:840} INFO - DAG(s) 'steam_analytics_daily' retrieved from /opt/airflow/dags/steam_analytics.py
[2026-09-08T19:18:53.819+0000] {logging_mixin.py:188} INFO - [2026-09-08T19:18:53.819+0000] {dag.py:3089} INFO - Sync 1 DAGs
[2026-09-08T19:18:53.836+0000] {logging_mixin.py:188} INFO - [2026-09-08T19:18:53.836+0000] {dag.py:3947} INFO - Setting next_dagrun for steam_analytics_daily to 2026-09-08 02:00:00+00:00, run_after=2026-09-09 02:00:00+00:00
[2026-09-08T19:18:53.850+0000] {processor.py:183} INFO - Processing /opt/airflow/dags/steam_analytics.py took 0.295 seconds
[2026-09-08T19:19:23.980+0000] {processor.py:161} INFO - Started process (PID=1243) to work on /opt/airflow/dags/steam_analytics.py
[2026-09-08T19:19:23.981+0000] {processor.py:830} INFO - Processing file /opt/airflow/dags/steam_analytics.py for tasks to queue
[2026-09-08T19:19:23.982+0000] {logging_mixin.py:188} INFO - [2026-09-08T19:19:23.982+0000] {dagbag.py:545} INFO - Filling up the DagBag from /opt/airflow/dags/steam_analytics.py
[2026-09-08T19:19:24.221+0000] {processor.py:840} INFO - DAG(s) 'steam_analytics_daily' retrieved from /opt/airflow/dags/steam_analytics.py
[2026-09-08T19:19:24.246+0000] {logging_mixin.py:188} INFO - [2026-09-08T19:19:24.246+0000] {dag.py:3089} INFO - Sync 1 DAGs
[2026-09-08T19:19:24.268+0000] {logging_mixin.py:188} INFO - [2026-09-08T19:19:24.267+0000] {dag.py:3947} INFO - Setting next_dagrun for steam_analytics_daily to 2026-09-08 02:00:00+00:00, run_after=2026-09-09 02:00:00+00:00
[2026-09-08T19:19:24.283+0000] {processor.py:183} INFO - Processing /opt/airflow/dags/steam_analytics.py took 0.308 seconds
[2026-09-08T19:19:54.415+0000] {processor.py:161} INFO - Started process (PID=1248) to work on /opt/airflow/dags/steam_analytics.py
[2026-09-08T19:19:54.416+0000] {processor.py:830} INFO - Processing file /opt/airflow/dags/steam_analytics.py for tasks to queue
[2026-09-08T19:19:54.417+0000] {logging_mixin.py:188} INFO - [2026-09-08T19:19:54.417+0000] {dagbag.py:545} INFO - Filling up the DagBag from /opt/airflow/dags/steam_analytics.py
[2026-09-08T19:19:54.666+0000] {processor.py:840} INFO - DAG(s) 'steam_analytics_daily' retrieved from /opt/airflow/dags/steam_analytics.py
[2026-09-08T19:19:54.690+0000] {logging_mixin.py:188} INFO - [2026-09-08T19:19:54.690+0000] {dag.py:3089} INFO - Sync 1 DAGs
[2026-09-08T19:19:54.708+0000] {logging_mixin.py:188} INFO - [2026-09-08T19:19:54.708+0000] {dag.py:3947} INFO - Setting next_dagrun for steam_analytics_daily to 2026-09-08 02:00:00+00:00, run_after=2026-09-09 02:00:00+00:00
[2026-09-08T19:19:54.723+0000] {processor.py:183} INFO - Processing /opt/airflow/dags/steam_analytics.py took 0.313 seconds
[2026-09-08T19:20:24.851+0000] {processor.py:161} INFO - Started process (PID=1253) to work on /opt/airflow/dags/steam_analytics.py
[2026-09-08T19:20:24.852+0000] {processor.py:830} INFO - Processing file /opt/airflow/dags/steam_analytics.py for tasks to queue
[2026-09-08T19:20:24.853+0000] {logging_mixin.py:188} INFO - [2026-09-08T19:20:24.853+0000] {dagbag.py:545} INFO - Filling up the DagBag from /opt/airflow/dags/steam_analytics.py
[2026-09-08T19:20:25.097+0000] {processor.py:840} INFO - DAG(s) 'steam_analytics_daily' retrieved from /opt/airflow/dags/steam_analytics.py
[2026-09-08T19:20:25.119+0000] {logging_mixin.py:188} INFO - [2026-09-08T19:20:25.119+0000] {dag.py:3089} INFO - Sync 1 DAGs
[2026-09-08T19:20:25.136+0000] {logging_mixin.py:188} INFO - [2026-09-08T19:20:25.136+0000] {dag.py:3947} INFO - Setting next_dagrun for steam_analytics_daily to 2026-09-08 02:00:00+00:00, run_after=2026-09-09 02:00:00+00:00
[2026-09-08T19:20:25.151+0000] {processor.py:183} INFO - Processing /opt/airflow/dags/steam_analytics.py took 0.304 seconds
[2026-09-08T19:20:55.276+0000] {processor.py:161} INFO - Started process (PID=1258) to work on /opt/airflow/dags/steam_analytics.py
[2026-09-08T19:20:55.277+0000] {processor.py:830} INFO - Processing file /opt/airflow/dags/steam_analytics.py for tasks to queue
[2026-09-08T19:20:55.278+0000] {logging_mixin.py:188} INFO - [2026-09-08T19:20:55.278+0000] {dagbag.py:545} INFO - Filling up the DagBag from /opt/airflow/dags/steam_analytics.py
[2026-09-08T19:20:55.530+0000] {processor.py:840} INFO - DAG(s) 'steam_analytics_daily' retrieved from /opt/airflow/dags/steam_analytics.py
[2026-09-08T19:20:55.556+0000] {logging_mixin.py:188} INFO - [2026-09-08T19:20:55.556+0000] {dag.py:3089} INFO - Sync 1 DAGs
[2026-09-08T19:20:55.575+0000] {logging_mixin.py:188} INFO - [2026-09-08T19:20:55.575+0000] {dag.py:3947} INFO - Setting next_dagrun for steam_analytics_daily to 2026-09-08 02:00:00+00:00, run_after=2026-09-09 02:00:00+00:00
[2026-09-08T19:20:55.589+0000] {processor.py:183} INFO - Processing /opt/airflow/dags/steam_analytics.py took 0.318 seconds
[2026-09-08T19:21:25.722+0000] {processor.py:161} INFO - Started process (PID=1263) to work on /opt/airflow/dags/steam_analytics.py
[2026-09-08T19:21:25.723+0000] {processor.py:830} INFO - Processing file /opt/airflow/dags/steam_analytics.py for tasks to queue
[2026-09-08T19:21:25.724+0000] {logging_mixin.py:188} INFO - [2026-09-08T19:21:25.724+0000] {dagbag.py:545} INFO - Filling up the DagBag from /opt/airflow/dags/steam_analytics.py
[2026-09-08T19:21:25.978+0000] {processor.py:840} INFO - DAG(s) 'steam_analytics_daily' retrieved from /opt/airflow/dags/steam_analytics.py
[2026-09-08T19:21:26.000+0000] {logging_mixin.py:188} INFO - [2026-09-08T19:21:26.000+0000] {dag.py:3089} INFO - Sync 1 DAGs
[2026-09-08T19:21:26.018+0000] {logging_mixin.py:188} INFO - [2026-09-08T19:21:26.017+0000] {dag.py:3947} INFO - Setting next_dagrun for steam_analytics_daily to 2026-09-08 02:00:00+00:00, run_after=2026-09-09 02:00:00+00:00
[2026-09-08T19:21:26.031+0000] {processor.py:183} INFO - Processing /opt/airflow/dags/steam_analytics.py took 0.315 seconds
[2026-09-08T19:21:56.159+0000] {processor.py:161} INFO - Started process (PID=1268) to work on /opt/airflow/dags/steam_analytics.py
[2026-09-08T19:21:56.160+0000] {processor.py:830} INFO - Processing file /opt/airflow/dags/steam_analytics.py for tasks to queue
[2026-09-08T19:21:56.161+0000] {logging_mixin.py:188} INFO - [2026-09-08T19:21:56.161+0000] {dagbag.py:545} INFO - Filling up the DagBag from /opt/airflow/dags/steam_analytics.py
[2026-09-08T19:21:56.398+0000] {processor.py:840} INFO - DAG(s) 'steam_analytics_daily' retrieved from /opt/airflow/dags/steam_analytics.py
[2026-09-08T19:21:56.420+0000] {logging_mixin.py:188} INFO - [2026-09-08T19:21:56.420+0000] {dag.py:3089} INFO - Sync 1 DAGs
[2026-09-08T19:21:56.437+0000] {logging_mixin.py:188} INFO - [2026-09-08T19:21:56.437+0000] {dag.py:3947} INFO - Setting next_dagrun for steam_analytics_daily to 2026-09-08 02:00:00+00:00, run_after=2026-09-09 02:00:00+00:00
[2026-09-08T19:21:56.452+0000] {processor.py:183} INFO - Processing /opt/airflow/dags/steam_analytics.py took 0.298 seconds
[2026-09-08T19:22:26.580+0000] {processor.py:161} INFO - Started process (PID=1273) to work on /opt/airflow/dags/steam_analytics.py
[2026-09-08T19:22:26.581+0000] {processor.py:830} INFO - Processing file /opt/airflow/dags/steam_analytics.py for tasks to queue
[2026-09-08T19:22:26.582+0000] {logging_mixin.py:188} INFO - [2026-09-08T19:22:26.582+0000] {dagbag.py:545} INFO - Filling up the DagBag from /opt/airflow/dags/steam_analytics.py
[2026-09-08T19:22:26.824+0000] {processor.py:840} INFO - DAG(s) 'steam_analytics_daily' retrieved from /opt/airflow/dags/steam_analytics.py
[2026-09-08T19:22:26.847+0000] {logging_mixin.py:188} INFO - [2026-09-08T19:22:26.847+0000] {dag.py:3089} INFO - Sync 1 DAGs
[2026-09-08T19:22:26.868+0000] {logging_mixin.py:188} INFO - [2026-09-08T19:22:26.868+0000] {dag.py:3947} INFO - Setting next_dagrun for steam_analytics_daily to 2026-09-08 02:00:00+00:00, run_after=2026-09-09 02:00:00+00:00
[2026-09-08T19:22:26.882+0000] {processor.py:183} INFO - Processing /opt/airflow/dags/steam_analytics.py took 0.307 seconds
[2026-09-08T19:22:57.016+0000] {processor.py:161} INFO - Started process (PID=1278) to work on /opt/airflow/dags/steam_analytics.py
[2026-09-08T19:22:57.017+0000] {processor.py:830} INFO - Processing file /opt/airflow/dags/steam_analytics.py for tasks to queue
[2026-09-08T19:22:57.018+0000] {logging_mixin.py:188} INFO - [2026-09-08T19:22:57.018+0000] {dagbag.py:545} INFO - Filling up the DagBag from /opt/airflow/dags/steam_analytics.py
[2026-09-08T19:22:57.285+0000] {processor.py:840} INFO - DAG(s) 'steam_analytics_daily' retrieved from /opt/airflow/dags/steam_analytics.py
[2026-09-08T19:22:57.316+0000] {logging_mixin.py:188} INFO - [2026-09-08T19:22:57.316+0000] {dag.py:3089} INFO - Sync 1 DAGs
[2026-09-08T19:22:57.346+0000] {logging_mixin.py:188} INFO - [2026-09-08T19:22:57.346+0000] {dag.py:3947} INFO - Setting next_dagrun for steam_analytics_daily to 2026-09-08 02:00:00+00:00, run_after=2026-09-09 02:00:00+00:00
[2026-09-08T19:22:57.363+0000] {processor.py:183} INFO - Processing /opt/airflow/dags/steam_analytics.py took 0.353 seconds
[2026-09-08T19:23:27.529+0000] {processor.py:161} INFO - Started process (PID=1283) to work on /opt/airflow/dags/steam_analytics.py
[2026-09-08T19:23:27.530+0000] {processor.py:830} INFO - Processing file /opt/airflow/dags/steam_analytics.py for tasks to queue
[2026-09-08T19:23:27.532+0000] {logging_mixin.py:188} INFO - [2026-09-08T19:23:27.532+0000] {dagbag.py:545} INFO - Filling up the DagBag from /opt/airflow/dags/steam_analytics.py
[2026-09-08T19:23:27.810+0000] {processor.py:840} INFO - DAG(s) 'steam_analytics_daily' retrieved from /opt/airflow/dags/steam_analytics.py
[2026-09-08T19:23:27.834+0000] {logging_mixin.py:188} INFO - [2026-09-08T19:23:27.834+0000] {dag.py:3089} INFO - Sync 1 DAGs
[2026-09-08T19:23:27.851+0000] {logging_mixin.py:188} INFO - [2026-09-08T19:23:27.851+0000] {dag.py:3947} INFO - Setting next_dagrun for steam_analytics_daily to 2026-09-08 02:00:00+00:00, run_after=2026-09-09 02:00:00+00:00
[2026-09-08T19:23:27.866+0000] {processor.py:183} INFO - Processing /opt/airflow/dags/steam_analytics.py took 0.343 seconds
[2026-09-08T19:23:57.999+0000] {processor.py:161} INFO - Started process (PID=1288) to work on /opt/airflow/dags/steam_analytics.py
[2026-09-08T19:23:57.999+0000] {processor.py:830} INFO - Processing file /opt/airflow/dags/steam_analytics.py for tasks to queue
[2026-09-08T19:23:58.001+0000] {logging_mixin.py:188} INFO - [2026-09-08T19:23:58.001+0000] {dagbag.py:545} INFO - Filling up the DagBag from /opt/airflow/dags/steam_analytics.py
[2026-09-08T19:23:58.251+0000] {processor.py:840} INFO - DAG(s) 'steam_analytics_daily' retrieved from /opt/airflow/dags/steam_analytics.py
[2026-09-08T19:23:58.276+0000] {logging_mixin.py:188} INFO - [2026-09-08T19:23:58.276+0000] {dag.py:3089} INFO - Sync 1 DAGs
[2026-09-08T19:23:58.294+0000] {logging_mixin.py:188} INFO - [2026-09-08T19:23:58.293+0000] {dag.py:3947} INFO - Setting next_dagrun for steam_analytics_daily to 2026-09-08 02:00:00+00:00, run_after=2026-09-09 02:00:00+00:00
[2026-09-08T19:23:58.309+0000] {processor.py:183} INFO - Processing /opt/airflow/dags/steam_analytics.py took 0.315 seconds
[2026-09-08T19:24:28.442+0000] {processor.py:161} INFO - Started process (PID=1293) to work on /opt/airflow/dags/steam_analytics.py
[2026-09-08T19:24:28.442+0000] {processor.py:830} INFO - Processing file /opt/airflow/dags/steam_analytics.py for tasks to queue
[2026-09-08T19:24:28.444+0000] {logging_mixin.py:188} INFO - [2026-09-08T19:24:28.444+0000] {dagbag.py:545} INFO - Filling up the DagBag from /opt/airflow/dags/steam_analytics.py
[2026-09-08T19:24:28.685+0000] {processor.py:840} INFO - DAG(s) 'steam_analytics_daily' retrieved from /opt/airflow/dags/steam_analytics.py
[2026-09-08T19:24:28.709+0000] {logging_mixin.py:188} INFO - [2026-09-08T19:24:28.708+0000] {dag.py:3089} INFO - Sync 1 DAGs
[2026-09-08T19:24:28.727+0000] {logging_mixin.py:188} INFO - [2026-09-08T19:24:28.726+0000] {dag.py:3947} INFO - Setting next_dagrun for steam_analytics_daily to 2026-09-08 02:00:00+00:00, run_after=2026-09-09 02:00:00+00:00
[2026-09-08T19:24:28.743+0000] {processor.py:183} INFO - Processing /opt/airflow/dags/steam_analytics.py took 0.306 seconds
[2026-09-08T19:24:58.869+0000] {processor.py:161} INFO - Started process (PID=1298) to work on /opt/airflow/dags/steam_analytics.py
[2026-09-08T19:24:58.869+0000] {processor.py:830} INFO - Processing file /opt/airflow/dags/steam_analytics.py for tasks to queue
[2026-09-08T19:24:58.871+0000] {logging_mixin.py:188} INFO - [2026-09-08T19:24:58.871+0000] {dagbag.py:545} INFO - Filling up the DagBag from /opt/airflow/dags/steam_analytics.py
[2026-09-08T19:24:59.113+0000] {processor.py:840} INFO - DAG(s) 'steam_analytics_daily' retrieved from /opt/airflow/dags/steam_analytics.py
[2026-09-08T19:24:59.137+0000] {logging_mixin.py:188} INFO - [2026-09-08T19:24:59.137+0000] {dag.py:3089} INFO - Sync 1 DAGs
[2026-09-08T19:24:59.155+0000] {logging_mixin.py:188} INFO - [2026-09-08T19:24:59.155+0000] {dag.py:3947} INFO - Setting next_dagrun for steam_analytics_daily to 2026-09-08 02:00:00+00:00, run_after=2026-09-09 02:00:00+00:00
[2026-09-08T19:24:59.170+0000] {processor.py:183} INFO - Processing /opt/airflow/dags/steam_analytics.py took 0.306 seconds
[2026-09-08T19:25:29.310+0000] {processor.py:161} INFO - Started process (PID=1303) to work on /opt/airflow/dags/steam_analytics.py
[2026-09-08T19:25:29.311+0000] {processor.py:830} INFO - Processing file /opt/airflow/dags/steam_analytics.py for tasks to queue
[2026-09-08T19:25:29.312+0000] {logging_mixin.py:188} INFO - [2026-09-08T19:25:29.312+0000] {dagbag.py:545} INFO - Filling up the DagBag from /opt/airflow/dags/steam_analytics.py
[2026-09-08T19:25:29.617+0000] {processor.py:840} INFO - DAG(s) 'steam_analytics_daily' retrieved from /opt/airflow/dags/steam_analytics.py
[2026-09-08T19:25:29.642+0000] {logging_mixin.py:188} INFO - [2026-09-08T19:25:29.642+0000] {dag.py:3089} INFO - Sync 1 DAGs
[2026-09-08T19:25:29.661+0000] {logging_mixin.py:188} INFO - [2026-09-08T19:25:29.661+0000] {dag.py:3947} INFO - Setting next_dagrun for steam_analytics_daily to 2026-09-08 02:00:00+00:00, run_after=2026-09-09 02:00:00+00:00
[2026-09-08T19:25:29.677+0000] {processor.py:183} INFO - Processing /opt/airflow/dags/steam_analytics.py took 0.372 seconds
[2026-09-08T19:25:59.825+0000] {processor.py:161} INFO - Started process (PID=1308) to work on /opt/airflow/dags/steam_analytics.py
[2026-09-08T19:25:59.825+0000] {processor.py:830} INFO - Processing file /opt/airflow/dags/steam_analytics.py for tasks to queue
[2026-09-08T19:25:59.827+0000] {logging_mixin.py:188} INFO - [2026-09-08T19:25:59.827+0000] {dagbag.py:545} INFO - Filling up the DagBag from /opt/airflow/dags/steam_analytics.py
[2026-09-08T19:26:00.115+0000] {processor.py:840} INFO - DAG(s) 'steam_analytics_daily' retrieved from /opt/airflow/dags/steam_analytics.py
[2026-09-08T19:26:00.141+0000] {logging_mixin.py:188} INFO - [2026-09-08T19:26:00.141+0000] {dag.py:3089} INFO - Sync 1 DAGs
[2026-09-08T19:26:00.160+0000] {logging_mixin.py:188} INFO - [2026-09-08T19:26:00.160+0000] {dag.py:3947} INFO - Setting next_dagrun for steam_analytics_daily to 2026-09-08 02:00:00+00:00, run_after=2026-09-09 02:00:00+00:00
[2026-09-08T19:26:00.176+0000] {processor.py:183} INFO - Processing /opt/airflow/dags/steam_analytics.py took 0.357 seconds
[2026-09-08T19:26:30.315+0000] {processor.py:161} INFO - Started process (PID=1313) to work on /opt/airflow/dags/steam_analytics.py
[2026-09-08T19:26:30.316+0000] {processor.py:830} INFO - Processing file /opt/airflow/dags/steam_analytics.py for tasks to queue
[2026-09-08T19:26:30.318+0000] {logging_mixin.py:188} INFO - [2026-09-08T19:26:30.317+0000] {dagbag.py:545} INFO - Filling up the DagBag from /opt/airflow/dags/steam_analytics.py
[2026-09-08T19:26:30.568+0000] {processor.py:840} INFO - DAG(s) 'steam_analytics_daily' retrieved from /opt/airflow/dags/steam_analytics.py
[2026-09-08T19:26:30.597+0000] {logging_mixin.py:188} INFO - [2026-09-08T19:26:30.597+0000] {dag.py:3089} INFO - Sync 1 DAGs
[2026-09-08T19:26:30.615+0000] {logging_mixin.py:188} INFO - [2026-09-08T19:26:30.615+0000] {dag.py:3947} INFO - Setting next_dagrun for steam_analytics_daily to 2026-09-08 02:00:00+00:00, run_after=2026-09-09 02:00:00+00:00
[2026-09-08T19:26:30.632+0000] {processor.py:183} INFO - Processing /opt/airflow/dags/steam_analytics.py took 0.321 seconds
[2026-09-08T19:27:00.770+0000] {processor.py:161} INFO - Started process (PID=1318) to work on /opt/airflow/dags/steam_analytics.py
[2026-09-08T19:27:00.771+0000] {processor.py:830} INFO - Processing file /opt/airflow/dags/steam_analytics.py for tasks to queue
[2026-09-08T19:27:00.772+0000] {logging_mixin.py:188} INFO - [2026-09-08T19:27:00.772+0000] {dagbag.py:545} INFO - Filling up the DagBag from /opt/airflow/dags/steam_analytics.py
[2026-09-08T19:27:01.058+0000] {processor.py:840} INFO - DAG(s) 'steam_analytics_daily' retrieved from /opt/airflow/dags/steam_analytics.py
[2026-09-08T19:27:01.083+0000] {logging_mixin.py:188} INFO - [2026-09-08T19:27:01.083+0000] {dag.py:3089} INFO - Sync 1 DAGs
[2026-09-08T19:27:01.102+0000] {logging_mixin.py:188} INFO - [2026-09-08T19:27:01.102+0000] {dag.py:3947} INFO - Setting next_dagrun for steam_analytics_daily to 2026-09-08 02:00:00+00:00, run_after=2026-09-09 02:00:00+00:00
[2026-09-08T19:27:01.119+0000] {processor.py:183} INFO - Processing /opt/airflow/dags/steam_analytics.py took 0.354 seconds
[2026-09-08T19:27:31.256+0000] {processor.py:161} INFO - Started process (PID=1323) to work on /opt/airflow/dags/steam_analytics.py
[2026-09-08T19:27:31.257+0000] {processor.py:830} INFO - Processing file /opt/airflow/dags/steam_analytics.py for tasks to queue
[2026-09-08T19:27:31.258+0000] {logging_mixin.py:188} INFO - [2026-09-08T19:27:31.258+0000] {dagbag.py:545} INFO - Filling up the DagBag from /opt/airflow/dags/steam_analytics.py
[2026-09-08T19:27:31.523+0000] {processor.py:840} INFO - DAG(s) 'steam_analytics_daily' retrieved from /opt/airflow/dags/steam_analytics.py
[2026-09-08T19:27:31.547+0000] {logging_mixin.py:188} INFO - [2026-09-08T19:27:31.546+0000] {dag.py:3089} INFO - Sync 1 DAGs
[2026-09-08T19:27:31.564+0000] {logging_mixin.py:188} INFO - [2026-09-08T19:27:31.564+0000] {dag.py:3947} INFO - Setting next_dagrun for steam_analytics_daily to 2026-09-08 02:00:00+00:00, run_after=2026-09-09 02:00:00+00:00
[2026-09-08T19:27:31.579+0000] {processor.py:183} INFO - Processing /opt/airflow/dags/steam_analytics.py took 0.328 seconds
[2026-09-08T19:28:01.713+0000] {processor.py:161} INFO - Started process (PID=1328) to work on /opt/airflow/dags/steam_analytics.py
[2026-09-08T19:28:01.714+0000] {processor.py:830} INFO - Processing file /opt/airflow/dags/steam_analytics.py for tasks to queue
[2026-09-08T19:28:01.716+0000] {logging_mixin.py:188} INFO - [2026-09-08T19:28:01.715+0000] {dagbag.py:545} INFO - Filling up the DagBag from /opt/airflow/dags/steam_analytics.py
[2026-09-08T19:28:01.995+0000] {processor.py:840} INFO - DAG(s) 'steam_analytics_daily' retrieved from /opt/airflow/dags/steam_analytics.py
[2026-09-08T19:28:02.020+0000] {logging_mixin.py:188} INFO - [2026-09-08T19:28:02.019+0000] {dag.py:3089} INFO - Sync 1 DAGs
[2026-09-08T19:28:02.037+0000] {logging_mixin.py:188} INFO - [2026-09-08T19:28:02.037+0000] {dag.py:3947} INFO - Setting next_dagrun for steam_analytics_daily to 2026-09-08 02:00:00+00:00, run_after=2026-09-09 02:00:00+00:00
[2026-09-08T19:28:02.053+0000] {processor.py:183} INFO - Processing /opt/airflow/dags/steam_analytics.py took 0.344 seconds
[2026-09-08T19:28:32.186+0000] {processor.py:161} INFO - Started process (PID=1333) to work on /opt/airflow/dags/steam_analytics.py
[2026-09-08T19:28:32.187+0000] {processor.py:830} INFO - Processing file /opt/airflow/dags/steam_analytics.py for tasks to queue
[2026-09-08T19:28:32.188+0000] {logging_mixin.py:188} INFO - [2026-09-08T19:28:32.188+0000] {dagbag.py:545} INFO - Filling up the DagBag from /opt/airflow/dags/steam_analytics.py
[2026-09-08T19:28:32.463+0000] {processor.py:840} INFO - DAG(s) 'steam_analytics_daily' retrieved from /opt/airflow/dags/steam_analytics.py
[2026-09-08T19:28:32.486+0000] {logging_mixin.py:188} INFO - [2026-09-08T19:28:32.486+0000] {dag.py:3089} INFO - Sync 1 DAGs
[2026-09-08T19:28:32.504+0000] {logging_mixin.py:188} INFO - [2026-09-08T19:28:32.503+0000] {dag.py:3947} INFO - Setting next_dagrun for steam_analytics_daily to 2026-09-08 02:00:00+00:00, run_after=2026-09-09 02:00:00+00:00
[2026-09-08T19:28:32.522+0000] {processor.py:183} INFO - Processing /opt/airflow/dags/steam_analytics.py took 0.341 seconds
[2026-09-08T19:29:02.673+0000] {processor.py:161} INFO - Started process (PID=1338) to work on /opt/airflow/dags/steam_analytics.py
[2026-09-08T19:29:02.674+0000] {processor.py:830} INFO - Processing file /opt/airflow/dags/steam_analytics.py for tasks to queue
[2026-09-08T19:29:02.675+0000] {logging_mixin.py:188} INFO - [2026-09-08T19:29:02.675+0000] {dagbag.py:545} INFO - Filling up the DagBag from /opt/airflow/dags/steam_analytics.py
[2026-09-08T19:29:02.954+0000] {processor.py:840} INFO - DAG(s) 'steam_analytics_daily' retrieved from /opt/airflow/dags/steam_analytics.py
[2026-09-08T19:29:02.978+0000] {logging_mixin.py:188} INFO - [2026-09-08T19:29:02.978+0000] {dag.py:3089} INFO - Sync 1 DAGs
[2026-09-08T19:29:02.998+0000] {logging_mixin.py:188} INFO - [2026-09-08T19:29:02.998+0000] {dag.py:3947} INFO - Setting next_dagrun for steam_analytics_daily to 2026-09-08 02:00:00+00:00, run_after=2026-09-09 02:00:00+00:00
[2026-09-08T19:29:03.014+0000] {processor.py:183} INFO - Processing /opt/airflow/dags/steam_analytics.py took 0.346 seconds
[2026-09-08T19:29:33.159+0000] {processor.py:161} INFO - Started process (PID=1343) to work on /opt/airflow/dags/steam_analytics.py
[2026-09-08T19:29:33.160+0000] {processor.py:830} INFO - Processing file /opt/airflow/dags/steam_analytics.py for tasks to queue
[2026-09-08T19:29:33.161+0000] {logging_mixin.py:188} INFO - [2026-09-08T19:29:33.161+0000] {dagbag.py:545} INFO - Filling up the DagBag from /opt/airflow/dags/steam_analytics.py
[2026-09-08T19:29:33.424+0000] {processor.py:840} INFO - DAG(s) 'steam_analytics_daily' retrieved from /opt/airflow/dags/steam_analytics.py
[2026-09-08T19:29:33.448+0000] {logging_mixin.py:188} INFO - [2026-09-08T19:29:33.448+0000] {dag.py:3089} INFO - Sync 1 DAGs
[2026-09-08T19:29:33.466+0000] {logging_mixin.py:188} INFO - [2026-09-08T19:29:33.465+0000] {dag.py:3947} INFO - Setting next_dagrun for steam_analytics_daily to 2026-09-08 02:00:00+00:00, run_after=2026-09-09 02:00:00+00:00
[2026-09-08T19:29:33.481+0000] {processor.py:183} INFO - Processing /opt/airflow/dags/steam_analytics.py took 0.327 seconds
[2026-09-08T19:30:03.621+0000] {processor.py:161} INFO - Started process (PID=1348) to work on /opt/airflow/dags/steam_analytics.py
[2026-09-08T19:30:03.622+0000] {processor.py:830} INFO - Processing file /opt/airflow/dags/steam_analytics.py for tasks to queue
[2026-09-08T19:30:03.624+0000] {logging_mixin.py:188} INFO - [2026-09-08T19:30:03.624+0000] {dagbag.py:545} INFO - Filling up the DagBag from /opt/airflow/dags/steam_analytics.py
[2026-09-08T19:30:03.882+0000] {processor.py:840} INFO - DAG(s) 'steam_analytics_daily' retrieved from /opt/airflow/dags/steam_analytics.py
[2026-09-08T19:30:03.906+0000] {logging_mixin.py:188} INFO - [2026-09-08T19:30:03.905+0000] {dag.py:3089} INFO - Sync 1 DAGs
[2026-09-08T19:30:03.924+0000] {logging_mixin.py:188} INFO - [2026-09-08T19:30:03.924+0000] {dag.py:3947} INFO - Setting next_dagrun for steam_analytics_daily to 2026-09-08 02:00:00+00:00, run_after=2026-09-09 02:00:00+00:00
[2026-09-08T19:30:03.939+0000] {processor.py:183} INFO - Processing /opt/airflow/dags/steam_analytics.py took 0.323 seconds
[2026-09-08T19:30:34.077+0000] {processor.py:161} INFO - Started process (PID=1353) to work on /opt/airflow/dags/steam_analytics.py
[2026-09-08T19:30:34.077+0000] {processor.py:830} INFO - Processing file /opt/airflow/dags/steam_analytics.py for tasks to queue
[2026-09-08T19:30:34.079+0000] {logging_mixin.py:188} INFO - [2026-09-08T19:30:34.079+0000] {dagbag.py:545} INFO - Filling up the DagBag from /opt/airflow/dags/steam_analytics.py
[2026-09-08T19:30:34.324+0000] {processor.py:840} INFO - DAG(s) 'steam_analytics_daily' retrieved from /opt/airflow/dags/steam_analytics.py
[2026-09-08T19:30:34.348+0000] {logging_mixin.py:188} INFO - [2026-09-08T19:30:34.348+0000] {dag.py:3089} INFO - Sync 1 DAGs
[2026-09-08T19:30:34.366+0000] {logging_mixin.py:188} INFO - [2026-09-08T19:30:34.366+0000] {dag.py:3947} INFO - Setting next_dagrun for steam_analytics_daily to 2026-09-08 02:00:00+00:00, run_after=2026-09-09 02:00:00+00:00
[2026-09-08T19:30:34.382+0000] {processor.py:183} INFO - Processing /opt/airflow/dags/steam_analytics.py took 0.311 seconds
[2026-09-08T19:31:04.517+0000] {processor.py:161} INFO - Started process (PID=1358) to work on /opt/airflow/dags/steam_analytics.py
[2026-09-08T19:31:04.518+0000] {processor.py:830} INFO - Processing file /opt/airflow/dags/steam_analytics.py for tasks to queue
[2026-09-08T19:31:04.519+0000] {logging_mixin.py:188} INFO - [2026-09-08T19:31:04.519+0000] {dagbag.py:545} INFO - Filling up the DagBag from /opt/airflow/dags/steam_analytics.py
[2026-09-08T19:31:04.779+0000] {processor.py:840} INFO - DAG(s) 'steam_analytics_daily' retrieved from /opt/airflow/dags/steam_analytics.py
[2026-09-08T19:31:04.803+0000] {logging_mixin.py:188} INFO - [2026-09-08T19:31:04.803+0000] {dag.py:3089} INFO - Sync 1 DAGs
[2026-09-08T19:31:04.826+0000] {logging_mixin.py:188} INFO - [2026-09-08T19:31:04.826+0000] {dag.py:3947} INFO - Setting next_dagrun for steam_analytics_daily to 2026-09-08 02:00:00+00:00, run_after=2026-09-09 02:00:00+00:00
[2026-09-08T19:31:04.842+0000] {processor.py:183} INFO - Processing /opt/airflow/dags/steam_analytics.py took 0.330 seconds
[2026-09-08T19:31:34.979+0000] {processor.py:161} INFO - Started process (PID=1363) to work on /opt/airflow/dags/steam_analytics.py
[2026-09-08T19:31:34.980+0000] {processor.py:830} INFO - Processing file /opt/airflow/dags/steam_analytics.py for tasks to queue
[2026-09-08T19:31:34.981+0000] {logging_mixin.py:188} INFO - [2026-09-08T19:31:34.981+0000] {dagbag.py:545} INFO - Filling up the DagBag from /opt/airflow/dags/steam_analytics.py
[2026-09-08T19:31:35.246+0000] {processor.py:840} INFO - DAG(s) 'steam_analytics_daily' retrieved from /opt/airflow/dags/steam_analytics.py
[2026-09-08T19:31:35.271+0000] {logging_mixin.py:188} INFO - [2026-09-08T19:31:35.271+0000] {dag.py:3089} INFO - Sync 1 DAGs
[2026-09-08T19:31:35.293+0000] {logging_mixin.py:188} INFO - [2026-09-08T19:31:35.292+0000] {dag.py:3947} INFO - Setting next_dagrun for steam_analytics_daily to 2026-09-08 02:00:00+00:00, run_after=2026-09-09 02:00:00+00:00
[2026-09-08T19:31:35.311+0000] {processor.py:183} INFO - Processing /opt/airflow/dags/steam_analytics.py took 0.337 seconds
[2026-09-08T19:32:05.448+0000] {processor.py:161} INFO - Started process (PID=1368) to work on /opt/airflow/dags/steam_analytics.py
[2026-09-08T19:32:05.449+0000] {processor.py:830} INFO - Processing file /opt/airflow/dags/steam_analytics.py for tasks to queue
[2026-09-08T19:32:05.450+0000] {logging_mixin.py:188} INFO - [2026-09-08T19:32:05.450+0000] {dagbag.py:545} INFO - Filling up the DagBag from /opt/airflow/dags/steam_analytics.py
[2026-09-08T19:32:05.707+0000] {processor.py:840} INFO - DAG(s) 'steam_analytics_daily' retrieved from /opt/airflow/dags/steam_analytics.py
[2026-09-08T19:32:05.733+0000] {logging_mixin.py:188} INFO - [2026-09-08T19:32:05.733+0000] {dag.py:3089} INFO - Sync 1 DAGs
[2026-09-08T19:32:05.752+0000] {logging_mixin.py:188} INFO - [2026-09-08T19:32:05.752+0000] {dag.py:3947} INFO - Setting next_dagrun for steam_analytics_daily to 2026-09-08 02:00:00+00:00, run_after=2026-09-09 02:00:00+00:00
[2026-09-08T19:32:05.768+0000] {processor.py:183} INFO - Processing /opt/airflow/dags/steam_analytics.py took 0.324 seconds
[2026-09-08T19:32:35.903+0000] {processor.py:161} INFO - Started process (PID=1373) to work on /opt/airflow/dags/steam_analytics.py
[2026-09-08T19:32:35.904+0000] {processor.py:830} INFO - Processing file /opt/airflow/dags/steam_analytics.py for tasks to queue
[2026-09-08T19:32:35.905+0000] {logging_mixin.py:188} INFO - [2026-09-08T19:32:35.905+0000] {dagbag.py:545} INFO - Filling up the DagBag from /opt/airflow/dags/steam_analytics.py
[2026-09-08T19:32:36.160+0000] {processor.py:840} INFO - DAG(s) 'steam_analytics_daily' retrieved from /opt/airflow/dags/steam_analytics.py
[2026-09-08T19:32:36.183+0000] {logging_mixin.py:188} INFO - [2026-09-08T19:32:36.183+0000] {dag.py:3089} INFO - Sync 1 DAGs
[2026-09-08T19:32:36.201+0000] {logging_mixin.py:188} INFO - [2026-09-08T19:32:36.201+0000] {dag.py:3947} INFO - Setting next_dagrun for steam_analytics_daily to 2026-09-08 02:00:00+00:00, run_after=2026-09-09 02:00:00+00:00
[2026-09-08T19:32:36.216+0000] {processor.py:183} INFO - Processing /opt/airflow/dags/steam_analytics.py took 0.317 seconds
[2026-09-08T19:33:06.351+0000] {processor.py:161} INFO - Started process (PID=1378) to work on /opt/airflow/dags/steam_analytics.py
[2026-09-08T19:33:06.352+0000] {processor.py:830} INFO - Processing file /opt/airflow/dags/steam_analytics.py for tasks to queue
[2026-09-08T19:33:06.353+0000] {logging_mixin.py:188} INFO - [2026-09-08T19:33:06.353+0000] {dagbag.py:545} INFO - Filling up the DagBag from /opt/airflow/dags/steam_analytics.py
[2026-09-08T19:33:06.601+0000] {processor.py:840} INFO - DAG(s) 'steam_analytics_daily' retrieved from /opt/airflow/dags/steam_analytics.py
[2026-09-08T19:33:06.624+0000] {logging_mixin.py:188} INFO - [2026-09-08T19:33:06.624+0000] {dag.py:3089} INFO - Sync 1 DAGs
[2026-09-08T19:33:06.643+0000] {logging_mixin.py:188} INFO - [2026-09-08T19:33:06.643+0000] {dag.py:3947} INFO - Setting next_dagrun for steam_analytics_daily to 2026-09-08 02:00:00+00:00, run_after=2026-09-09 02:00:00+00:00
[2026-09-08T19:33:06.658+0000] {processor.py:183} INFO - Processing /opt/airflow/dags/steam_analytics.py took 0.312 seconds
[2026-09-08T19:33:36.799+0000] {processor.py:161} INFO - Started process (PID=1383) to work on /opt/airflow/dags/steam_analytics.py
[2026-09-08T19:33:36.800+0000] {processor.py:830} INFO - Processing file /opt/airflow/dags/steam_analytics.py for tasks to queue
[2026-09-08T19:33:36.802+0000] {logging_mixin.py:188} INFO - [2026-09-08T19:33:36.802+0000] {dagbag.py:545} INFO - Filling up the DagBag from /opt/airflow/dags/steam_analytics.py
[2026-09-08T19:33:37.088+0000] {processor.py:840} INFO - DAG(s) 'steam_analytics_daily' retrieved from /opt/airflow/dags/steam_analytics.py
[2026-09-08T19:33:37.113+0000] {logging_mixin.py:188} INFO - [2026-09-08T19:33:37.113+0000] {dag.py:3089} INFO - Sync 1 DAGs
[2026-09-08T19:33:37.134+0000] {logging_mixin.py:188} INFO - [2026-09-08T19:33:37.133+0000] {dag.py:3947} INFO - Setting next_dagrun for steam_analytics_daily to 2026-09-08 02:00:00+00:00, run_after=2026-09-09 02:00:00+00:00
[2026-09-08T19:33:37.149+0000] {processor.py:183} INFO - Processing /opt/airflow/dags/steam_analytics.py took 0.356 seconds
[2026-09-08T19:34:07.286+0000] {processor.py:161} INFO - Started process (PID=1388) to work on /opt/airflow/dags/steam_analytics.py
[2026-09-08T19:34:07.287+0000] {processor.py:830} INFO - Processing file /opt/airflow/dags/steam_analytics.py for tasks to queue
[2026-09-08T19:34:07.288+0000] {logging_mixin.py:188} INFO - [2026-09-08T19:34:07.288+0000] {dagbag.py:545} INFO - Filling up the DagBag from /opt/airflow/dags/steam_analytics.py
[2026-09-08T19:34:07.542+0000] {processor.py:840} INFO - DAG(s) 'steam_analytics_daily' retrieved from /opt/airflow/dags/steam_analytics.py
[2026-09-08T19:34:07.567+0000] {logging_mixin.py:188} INFO - [2026-09-08T19:34:07.566+0000] {dag.py:3089} INFO - Sync 1 DAGs
[2026-09-08T19:34:07.585+0000] {logging_mixin.py:188} INFO - [2026-09-08T19:34:07.585+0000] {dag.py:3947} INFO - Setting next_dagrun for steam_analytics_daily to 2026-09-08 02:00:00+00:00, run_after=2026-09-09 02:00:00+00:00
[2026-09-08T19:34:07.602+0000] {processor.py:183} INFO - Processing /opt/airflow/dags/steam_analytics.py took 0.320 seconds
[2026-09-08T19:34:37.741+0000] {processor.py:161} INFO - Started process (PID=1393) to work on /opt/airflow/dags/steam_analytics.py
[2026-09-08T19:34:37.741+0000] {processor.py:830} INFO - Processing file /opt/airflow/dags/steam_analytics.py for tasks to queue
[2026-09-08T19:34:37.743+0000] {logging_mixin.py:188} INFO - [2026-09-08T19:34:37.743+0000] {dagbag.py:545} INFO - Filling up the DagBag from /opt/airflow/dags/steam_analytics.py
[2026-09-08T19:34:38.006+0000] {processor.py:840} INFO - DAG(s) 'steam_analytics_daily' retrieved from /opt/airflow/dags/steam_analytics.py
[2026-09-08T19:34:38.029+0000] {logging_mixin.py:188} INFO - [2026-09-08T19:34:38.029+0000] {dag.py:3089} INFO - Sync 1 DAGs
[2026-09-08T19:34:38.047+0000] {logging_mixin.py:188} INFO - [2026-09-08T19:34:38.046+0000] {dag.py:3947} INFO - Setting next_dagrun for steam_analytics_daily to 2026-09-08 02:00:00+00:00, run_after=2026-09-09 02:00:00+00:00
[2026-09-08T19:34:38.061+0000] {processor.py:183} INFO - Processing /opt/airflow/dags/steam_analytics.py took 0.326 seconds
[2026-09-08T19:35:08.216+0000] {processor.py:161} INFO - Started process (PID=1398) to work on /opt/airflow/dags/steam_analytics.py
[2026-09-08T19:35:08.217+0000] {processor.py:830} INFO - Processing file /opt/airflow/dags/steam_analytics.py for tasks to queue
[2026-09-08T19:35:08.219+0000] {logging_mixin.py:188} INFO - [2026-09-08T19:35:08.218+0000] {dagbag.py:545} INFO - Filling up the DagBag from /opt/airflow/dags/steam_analytics.py
[2026-09-08T19:35:08.482+0000] {processor.py:840} INFO - DAG(s) 'steam_analytics_daily' retrieved from /opt/airflow/dags/steam_analytics.py
[2026-09-08T19:35:08.507+0000] {logging_mixin.py:188} INFO - [2026-09-08T19:35:08.506+0000] {dag.py:3089} INFO - Sync 1 DAGs
[2026-09-08T19:35:08.525+0000] {logging_mixin.py:188} INFO - [2026-09-08T19:35:08.525+0000] {dag.py:3947} INFO - Setting next_dagrun for steam_analytics_daily to 2026-09-08 02:00:00+00:00, run_after=2026-09-09 02:00:00+00:00
[2026-09-08T19:35:08.541+0000] {processor.py:183} INFO - Processing /opt/airflow/dags/steam_analytics.py took 0.335 seconds
[2026-09-08T19:35:38.679+0000] {processor.py:161} INFO - Started process (PID=1403) to work on /opt/airflow/dags/steam_analytics.py
[2026-09-08T19:35:38.680+0000] {processor.py:830} INFO - Processing file /opt/airflow/dags/steam_analytics.py for tasks to queue
[2026-09-08T19:35:38.681+0000] {logging_mixin.py:188} INFO - [2026-09-08T19:35:38.681+0000] {dagbag.py:545} INFO - Filling up the DagBag from /opt/airflow/dags/steam_analytics.py
[2026-09-08T19:35:38.932+0000] {processor.py:840} INFO - DAG(s) 'steam_analytics_daily' retrieved from /opt/airflow/dags/steam_analytics.py
[2026-09-08T19:35:38.957+0000] {logging_mixin.py:188} INFO - [2026-09-08T19:35:38.957+0000] {dag.py:3089} INFO - Sync 1 DAGs
[2026-09-08T19:35:38.975+0000] {logging_mixin.py:188} INFO - [2026-09-08T19:35:38.975+0000] {dag.py:3947} INFO - Setting next_dagrun for steam_analytics_daily to 2026-09-08 02:00:00+00:00, run_after=2026-09-09 02:00:00+00:00
[2026-09-08T19:35:38.990+0000] {processor.py:183} INFO - Processing /opt/airflow/dags/steam_analytics.py took 0.316 seconds
[2026-09-08T19:36:09.126+0000] {processor.py:161} INFO - Started process (PID=1408) to work on /opt/airflow/dags/steam_analytics.py
[2026-09-08T19:36:09.127+0000] {processor.py:830} INFO - Processing file /opt/airflow/dags/steam_analytics.py for tasks to queue
[2026-09-08T19:36:09.128+0000] {logging_mixin.py:188} INFO - [2026-09-08T19:36:09.128+0000] {dagbag.py:545} INFO - Filling up the DagBag from /opt/airflow/dags/steam_analytics.py
[2026-09-08T19:36:09.371+0000] {processor.py:840} INFO - DAG(s) 'steam_analytics_daily' retrieved from /opt/airflow/dags/steam_analytics.py
[2026-09-08T19:36:09.396+0000] {logging_mixin.py:188} INFO - [2026-09-08T19:36:09.395+0000] {dag.py:3089} INFO - Sync 1 DAGs
[2026-09-08T19:36:09.414+0000] {logging_mixin.py:188} INFO - [2026-09-08T19:36:09.414+0000] {dag.py:3947} INFO - Setting next_dagrun for steam_analytics_daily to 2026-09-08 02:00:00+00:00, run_after=2026-09-09 02:00:00+00:00
[2026-09-08T19:36:09.431+0000] {processor.py:183} INFO - Processing /opt/airflow/dags/steam_analytics.py took 0.310 seconds
[2026-09-08T19:36:39.614+0000] {processor.py:161} INFO - Started process (PID=1413) to work on /opt/airflow/dags/steam_analytics.py
[2026-09-08T19:36:39.615+0000] {processor.py:830} INFO - Processing file /opt/airflow/dags/steam_analytics.py for tasks to queue
[2026-09-08T19:36:39.616+0000] {logging_mixin.py:188} INFO - [2026-09-08T19:36:39.616+0000] {dagbag.py:545} INFO - Filling up the DagBag from /opt/airflow/dags/steam_analytics.py
[2026-09-08T19:36:39.855+0000] {processor.py:840} INFO - DAG(s) 'steam_analytics_daily' retrieved from /opt/airflow/dags/steam_analytics.py
[2026-09-08T19:36:39.878+0000] {logging_mixin.py:188} INFO - [2026-09-08T19:36:39.877+0000] {dag.py:3089} INFO - Sync 1 DAGs
[2026-09-08T19:36:39.895+0000] {logging_mixin.py:188} INFO - [2026-09-08T19:36:39.895+0000] {dag.py:3947} INFO - Setting next_dagrun for steam_analytics_daily to 2026-09-08 02:00:00+00:00, run_after=2026-09-09 02:00:00+00:00
[2026-09-08T19:36:39.910+0000] {processor.py:183} INFO - Processing /opt/airflow/dags/steam_analytics.py took 0.301 seconds
[2026-09-08T19:37:10.052+0000] {processor.py:161} INFO - Started process (PID=1418) to work on /opt/airflow/dags/steam_analytics.py
[2026-09-08T19:37:10.053+0000] {processor.py:830} INFO - Processing file /opt/airflow/dags/steam_analytics.py for tasks to queue
[2026-09-08T19:37:10.054+0000] {logging_mixin.py:188} INFO - [2026-09-08T19:37:10.054+0000] {dagbag.py:545} INFO - Filling up the DagBag from /opt/airflow/dags/steam_analytics.py
[2026-09-08T19:37:10.311+0000] {processor.py:840} INFO - DAG(s) 'steam_analytics_daily' retrieved from /opt/airflow/dags/steam_analytics.py
[2026-09-08T19:37:10.337+0000] {logging_mixin.py:188} INFO - [2026-09-08T19:37:10.337+0000] {dag.py:3089} INFO - Sync 1 DAGs
[2026-09-08T19:37:10.357+0000] {logging_mixin.py:188} INFO - [2026-09-08T19:37:10.357+0000] {dag.py:3947} INFO - Setting next_dagrun for steam_analytics_daily to 2026-09-08 02:00:00+00:00, run_after=2026-09-09 02:00:00+00:00
[2026-09-08T19:37:10.375+0000] {processor.py:183} INFO - Processing /opt/airflow/dags/steam_analytics.py took 0.329 seconds
[2026-09-08T19:37:40.518+0000] {processor.py:161} INFO - Started process (PID=1423) to work on /opt/airflow/dags/steam_analytics.py
[2026-09-08T19:37:40.519+0000] {processor.py:830} INFO - Processing file /opt/airflow/dags/steam_analytics.py for tasks to queue
[2026-09-08T19:37:40.520+0000] {logging_mixin.py:188} INFO - [2026-09-08T19:37:40.520+0000] {dagbag.py:545} INFO - Filling up the DagBag from /opt/airflow/dags/steam_analytics.py
[2026-09-08T19:37:40.800+0000] {processor.py:840} INFO - DAG(s) 'steam_analytics_daily' retrieved from /opt/airflow/dags/steam_analytics.py
[2026-09-08T19:37:40.826+0000] {logging_mixin.py:188} INFO - [2026-09-08T19:37:40.825+0000] {dag.py:3089} INFO - Sync 1 DAGs
[2026-09-08T19:37:40.847+0000] {logging_mixin.py:188} INFO - [2026-09-08T19:37:40.846+0000] {dag.py:3947} INFO - Setting next_dagrun for steam_analytics_daily to 2026-09-08 02:00:00+00:00, run_after=2026-09-09 02:00:00+00:00
[2026-09-08T19:37:40.863+0000] {processor.py:183} INFO - Processing /opt/airflow/dags/steam_analytics.py took 0.352 seconds
[2026-09-08T19:38:10.999+0000] {processor.py:161} INFO - Started process (PID=1428) to work on /opt/airflow/dags/steam_analytics.py
[2026-09-08T19:38:11.000+0000] {processor.py:830} INFO - Processing file /opt/airflow/dags/steam_analytics.py for tasks to queue
[2026-09-08T19:38:11.001+0000] {logging_mixin.py:188} INFO - [2026-09-08T19:38:11.001+0000] {dagbag.py:545} INFO - Filling up the DagBag from /opt/airflow/dags/steam_analytics.py
[2026-09-08T19:38:11.257+0000] {processor.py:840} INFO - DAG(s) 'steam_analytics_daily' retrieved from /opt/airflow/dags/steam_analytics.py
[2026-09-08T19:38:11.283+0000] {logging_mixin.py:188} INFO - [2026-09-08T19:38:11.283+0000] {dag.py:3089} INFO - Sync 1 DAGs
[2026-09-08T19:38:11.302+0000] {logging_mixin.py:188} INFO - [2026-09-08T19:38:11.302+0000] {dag.py:3947} INFO - Setting next_dagrun for steam_analytics_daily to 2026-09-08 02:00:00+00:00, run_after=2026-09-09 02:00:00+00:00
[2026-09-08T19:38:11.322+0000] {processor.py:183} INFO - Processing /opt/airflow/dags/steam_analytics.py took 0.327 seconds
[2026-09-08T19:38:41.470+0000] {processor.py:161} INFO - Started process (PID=1433) to work on /opt/airflow/dags/steam_analytics.py
[2026-09-08T19:38:41.471+0000] {processor.py:830} INFO - Processing file /opt/airflow/dags/steam_analytics.py for tasks to queue
[2026-09-08T19:38:41.472+0000] {logging_mixin.py:188} INFO - [2026-09-08T19:38:41.472+0000] {dagbag.py:545} INFO - Filling up the DagBag from /opt/airflow/dags/steam_analytics.py
[2026-09-08T19:38:41.717+0000] {processor.py:840} INFO - DAG(s) 'steam_analytics_daily' retrieved from /opt/airflow/dags/steam_analytics.py
[2026-09-08T19:38:41.746+0000] {logging_mixin.py:188} INFO - [2026-09-08T19:38:41.746+0000] {dag.py:3089} INFO - Sync 1 DAGs
[2026-09-08T19:38:41.769+0000] {logging_mixin.py:188} INFO - [2026-09-08T19:38:41.769+0000] {dag.py:3947} INFO - Setting next_dagrun for steam_analytics_daily to 2026-09-08 02:00:00+00:00, run_after=2026-09-09 02:00:00+00:00
[2026-09-08T19:38:41.793+0000] {processor.py:183} INFO - Processing /opt/airflow/dags/steam_analytics.py took 0.328 seconds
[2026-09-08T19:39:11.932+0000] {processor.py:161} INFO - Started process (PID=1438) to work on /opt/airflow/dags/steam_analytics.py
[2026-09-08T19:39:11.933+0000] {processor.py:830} INFO - Processing file /opt/airflow/dags/steam_analytics.py for tasks to queue
[2026-09-08T19:39:11.934+0000] {logging_mixin.py:188} INFO - [2026-09-08T19:39:11.934+0000] {dagbag.py:545} INFO - Filling up the DagBag from /opt/airflow/dags/steam_analytics.py
[2026-09-08T19:39:12.185+0000] {processor.py:840} INFO - DAG(s) 'steam_analytics_daily' retrieved from /opt/airflow/dags/steam_analytics.py
[2026-09-08T19:39:12.207+0000] {logging_mixin.py:188} INFO - [2026-09-08T19:39:12.207+0000] {dag.py:3089} INFO - Sync 1 DAGs
[2026-09-08T19:39:12.224+0000] {logging_mixin.py:188} INFO - [2026-09-08T19:39:12.224+0000] {dag.py:3947} INFO - Setting next_dagrun for steam_analytics_daily to 2026-09-08 02:00:00+00:00, run_after=2026-09-09 02:00:00+00:00
[2026-09-08T19:39:12.238+0000] {processor.py:183} INFO - Processing /opt/airflow/dags/steam_analytics.py took 0.311 seconds
[2026-09-08T19:39:42.370+0000] {processor.py:161} INFO - Started process (PID=1443) to work on /opt/airflow/dags/steam_analytics.py
[2026-09-08T19:39:42.370+0000] {processor.py:830} INFO - Processing file /opt/airflow/dags/steam_analytics.py for tasks to queue
[2026-09-08T19:39:42.372+0000] {logging_mixin.py:188} INFO - [2026-09-08T19:39:42.372+0000] {dagbag.py:545} INFO - Filling up the DagBag from /opt/airflow/dags/steam_analytics.py
[2026-09-08T19:39:42.620+0000] {processor.py:840} INFO - DAG(s) 'steam_analytics_daily' retrieved from /opt/airflow/dags/steam_analytics.py
[2026-09-08T19:39:42.643+0000] {logging_mixin.py:188} INFO - [2026-09-08T19:39:42.643+0000] {dag.py:3089} INFO - Sync 1 DAGs
[2026-09-08T19:39:42.662+0000] {logging_mixin.py:188} INFO - [2026-09-08T19:39:42.662+0000] {dag.py:3947} INFO - Setting next_dagrun for steam_analytics_daily to 2026-09-08 02:00:00+00:00, run_after=2026-09-09 02:00:00+00:00
[2026-09-08T19:39:42.678+0000] {processor.py:183} INFO - Processing /opt/airflow/dags/steam_analytics.py took 0.313 seconds
[2026-09-08T19:40:12.821+0000] {processor.py:161} INFO - Started process (PID=1448) to work on /opt/airflow/dags/steam_analytics.py
[2026-09-08T19:40:12.822+0000] {processor.py:830} INFO - Processing file /opt/airflow/dags/steam_analytics.py for tasks to queue
[2026-09-08T19:40:12.824+0000] {logging_mixin.py:188} INFO - [2026-09-08T19:40:12.823+0000] {dagbag.py:545} INFO - Filling up the DagBag from /opt/airflow/dags/steam_analytics.py
[2026-09-08T19:40:13.098+0000] {processor.py:840} INFO - DAG(s) 'steam_analytics_daily' retrieved from /opt/airflow/dags/steam_analytics.py
[2026-09-08T19:40:13.122+0000] {logging_mixin.py:188} INFO - [2026-09-08T19:40:13.122+0000] {dag.py:3089} INFO - Sync 1 DAGs
[2026-09-08T19:40:13.139+0000] {logging_mixin.py:188} INFO - [2026-09-08T19:40:13.139+0000] {dag.py:3947} INFO - Setting next_dagrun for steam_analytics_daily to 2026-09-08 02:00:00+00:00, run_after=2026-09-09 02:00:00+00:00
[2026-09-08T19:40:13.155+0000] {processor.py:183} INFO - Processing /opt/airflow/dags/steam_analytics.py took 0.340 seconds
[2026-09-08T19:40:43.295+0000] {processor.py:161} INFO - Started process (PID=1453) to work on /opt/airflow/dags/steam_analytics.py
[2026-09-08T19:40:43.295+0000] {processor.py:830} INFO - Processing file /opt/airflow/dags/steam_analytics.py for tasks to queue
[2026-09-08T19:40:43.297+0000] {logging_mixin.py:188} INFO - [2026-09-08T19:40:43.297+0000] {dagbag.py:545} INFO - Filling up the DagBag from /opt/airflow/dags/steam_analytics.py
[2026-09-08T19:40:43.550+0000] {processor.py:840} INFO - DAG(s) 'steam_analytics_daily' retrieved from /opt/airflow/dags/steam_analytics.py
[2026-09-08T19:40:43.580+0000] {logging_mixin.py:188} INFO - [2026-09-08T19:40:43.580+0000] {dag.py:3089} INFO - Sync 1 DAGs
[2026-09-08T19:40:43.601+0000] {logging_mixin.py:188} INFO - [2026-09-08T19:40:43.601+0000] {dag.py:3947} INFO - Setting next_dagrun for steam_analytics_daily to 2026-09-08 02:00:00+00:00, run_after=2026-09-09 02:00:00+00:00
[2026-09-08T19:40:43.618+0000] {processor.py:183} INFO - Processing /opt/airflow/dags/steam_analytics.py took 0.329 seconds
[2026-09-08T19:41:13.761+0000] {processor.py:161} INFO - Started process (PID=1458) to work on /opt/airflow/dags/steam_analytics.py
[2026-09-08T19:41:13.762+0000] {processor.py:830} INFO - Processing file /opt/airflow/dags/steam_analytics.py for tasks to queue
[2026-09-08T19:41:13.763+0000] {logging_mixin.py:188} INFO - [2026-09-08T19:41:13.763+0000] {dagbag.py:545} INFO - Filling up the DagBag from /opt/airflow/dags/steam_analytics.py
[2026-09-08T19:41:14.006+0000] {processor.py:840} INFO - DAG(s) 'steam_analytics_daily' retrieved from /opt/airflow/dags/steam_analytics.py
[2026-09-08T19:41:14.029+0000] {logging_mixin.py:188} INFO - [2026-09-08T19:41:14.029+0000] {dag.py:3089} INFO - Sync 1 DAGs
[2026-09-08T19:41:14.046+0000] {logging_mixin.py:188} INFO - [2026-09-08T19:41:14.046+0000] {dag.py:3947} INFO - Setting next_dagrun for steam_analytics_daily to 2026-09-08 02:00:00+00:00, run_after=2026-09-09 02:00:00+00:00
[2026-09-08T19:41:14.060+0000] {processor.py:183} INFO - Processing /opt/airflow/dags/steam_analytics.py took 0.304 seconds
[2026-09-08T19:41:44.198+0000] {processor.py:161} INFO - Started process (PID=1463) to work on /opt/airflow/dags/steam_analytics.py
[2026-09-08T19:41:44.199+0000] {processor.py:830} INFO - Processing file /opt/airflow/dags/steam_analytics.py for tasks to queue
[2026-09-08T19:41:44.200+0000] {logging_mixin.py:188} INFO - [2026-09-08T19:41:44.200+0000] {dagbag.py:545} INFO - Filling up the DagBag from /opt/airflow/dags/steam_analytics.py
[2026-09-08T19:41:44.442+0000] {processor.py:840} INFO - DAG(s) 'steam_analytics_daily' retrieved from /opt/airflow/dags/steam_analytics.py
[2026-09-08T19:41:44.466+0000] {logging_mixin.py:188} INFO - [2026-09-08T19:41:44.466+0000] {dag.py:3089} INFO - Sync 1 DAGs
[2026-09-08T19:41:44.483+0000] {logging_mixin.py:188} INFO - [2026-09-08T19:41:44.483+0000] {dag.py:3947} INFO - Setting next_dagrun for steam_analytics_daily to 2026-09-08 02:00:00+00:00, run_after=2026-09-09 02:00:00+00:00
[2026-09-08T19:41:44.498+0000] {processor.py:183} INFO - Processing /opt/airflow/dags/steam_analytics.py took 0.305 seconds
[2026-09-08T19:42:14.638+0000] {processor.py:161} INFO - Started process (PID=1468) to work on /opt/airflow/dags/steam_analytics.py
[2026-09-08T19:42:14.639+0000] {processor.py:830} INFO - Processing file /opt/airflow/dags/steam_analytics.py for tasks to queue
[2026-09-08T19:42:14.640+0000] {logging_mixin.py:188} INFO - [2026-09-08T19:42:14.640+0000] {dagbag.py:545} INFO - Filling up the DagBag from /opt/airflow/dags/steam_analytics.py
[2026-09-08T19:42:14.898+0000] {processor.py:840} INFO - DAG(s) 'steam_analytics_daily' retrieved from /opt/airflow/dags/steam_analytics.py
[2026-09-08T19:42:14.922+0000] {logging_mixin.py:188} INFO - [2026-09-08T19:42:14.922+0000] {dag.py:3089} INFO - Sync 1 DAGs
[2026-09-08T19:42:14.939+0000] {logging_mixin.py:188} INFO - [2026-09-08T19:42:14.939+0000] {dag.py:3947} INFO - Setting next_dagrun for steam_analytics_daily to 2026-09-08 02:00:00+00:00, run_after=2026-09-09 02:00:00+00:00
[2026-09-08T19:42:14.954+0000] {processor.py:183} INFO - Processing /opt/airflow/dags/steam_analytics.py took 0.320 seconds
[2026-09-08T19:42:45.111+0000] {processor.py:161} INFO - Started process (PID=1473) to work on /opt/airflow/dags/steam_analytics.py
[2026-09-08T19:42:45.112+0000] {processor.py:830} INFO - Processing file /opt/airflow/dags/steam_analytics.py for tasks to queue
[2026-09-08T19:42:45.113+0000] {logging_mixin.py:188} INFO - [2026-09-08T19:42:45.113+0000] {dagbag.py:545} INFO - Filling up the DagBag from /opt/airflow/dags/steam_analytics.py
[2026-09-08T19:42:45.357+0000] {processor.py:840} INFO - DAG(s) 'steam_analytics_daily' retrieved from /opt/airflow/dags/steam_analytics.py
[2026-09-08T19:42:45.381+0000] {logging_mixin.py:188} INFO - [2026-09-08T19:42:45.381+0000] {dag.py:3089} INFO - Sync 1 DAGs
[2026-09-08T19:42:45.398+0000] {logging_mixin.py:188} INFO - [2026-09-08T19:42:45.398+0000] {dag.py:3947} INFO - Setting next_dagrun for steam_analytics_daily to 2026-09-08 02:00:00+00:00, run_after=2026-09-09 02:00:00+00:00
[2026-09-08T19:42:45.413+0000] {processor.py:183} INFO - Processing /opt/airflow/dags/steam_analytics.py took 0.307 seconds
[2026-09-08T19:43:15.553+0000] {processor.py:161} INFO - Started process (PID=1478) to work on /opt/airflow/dags/steam_analytics.py
[2026-09-08T19:43:15.554+0000] {processor.py:830} INFO - Processing file /opt/airflow/dags/steam_analytics.py for tasks to queue
[2026-09-08T19:43:15.555+0000] {logging_mixin.py:188} INFO - [2026-09-08T19:43:15.555+0000] {dagbag.py:545} INFO - Filling up the DagBag from /opt/airflow/dags/steam_analytics.py
[2026-09-08T19:43:15.840+0000] {processor.py:840} INFO - DAG(s) 'steam_analytics_daily' retrieved from /opt/airflow/dags/steam_analytics.py
[2026-09-08T19:43:15.865+0000] {logging_mixin.py:188} INFO - [2026-09-08T19:43:15.865+0000] {dag.py:3089} INFO - Sync 1 DAGs
[2026-09-08T19:43:15.883+0000] {logging_mixin.py:188} INFO - [2026-09-08T19:43:15.883+0000] {dag.py:3947} INFO - Setting next_dagrun for steam_analytics_daily to 2026-09-08 02:00:00+00:00, run_after=2026-09-09 02:00:00+00:00
[2026-09-08T19:43:15.899+0000] {processor.py:183} INFO - Processing /opt/airflow/dags/steam_analytics.py took 0.351 seconds
