[2026-09-04T07:29:05.101+0000] {processor.py:161} INFO - Started process (PID=184) to work on /opt/airflow/dags/steam_analytics.py
[2026-09-04T07:29:05.102+0000] {processor.py:830} INFO - Processing file /opt/airflow/dags/steam_analytics.py for tasks to queue
[2026-09-04T07:29:05.104+0000] {logging_mixin.py:188} INFO - [2026-09-04T07:29:05.104+0000] {dagbag.py:545} INFO - Filling up the DagBag from /opt/airflow/dags/steam_analytics.py
[2026-09-04T07:29:05.890+0000] {processor.py:840} INFO - DAG(s) 'steam_analytics_daily' retrieved from /opt/airflow/dags/steam_analytics.py
[2026-09-04T07:29:06.177+0000] {logging_mixin.py:188} INFO - [2026-09-04T07:29:06.177+0000] {override.py:1858} INFO - Created Permission View: can read on DAG:steam_analytics_daily
[2026-09-04T07:29:06.189+0000] {logging_mixin.py:188} INFO - [2026-09-04T07:29:06.189+0000] {override.py:1858} INFO - Created Permission View: can delete on DAG:steam_analytics_daily
[2026-09-04T07:29:06.196+0000] {logging_mixin.py:188} INFO - [2026-09-04T07:29:06.196+0000] {override.py:1858} INFO - Created Permission View: can edit on DAG:steam_analytics_daily
[2026-09-04T07:29:06.197+0000] {logging_mixin.py:188} INFO - [2026-09-04T07:29:06.197+0000] {dag.py:3089} INFO - Sync 1 DAGs
[2026-09-04T07:29:06.209+0000] {logging_mixin.py:188} INFO - [2026-09-04T07:29:06.209+0000] {dag.py:3111} INFO - Creating ORM DAG for steam_analytics_daily
[2026-09-04T07:29:06.221+0000] {logging_mixin.py:188} INFO - [2026-09-04T07:29:06.221+0000] {dag.py:3947} INFO - Setting next_dagrun for steam_analytics_daily to 2026-09-03 02:00:00+00:00, run_after=2026-09-04 02:00:00+00:00
[2026-09-04T07:29:06.245+0000] {processor.py:183} INFO - Processing /opt/airflow/dags/steam_analytics.py took 1.150 seconds
[2026-09-04T07:29:36.361+0000] {processor.py:161} INFO - Started process (PID=191) to work on /opt/airflow/dags/steam_analytics.py
[2026-09-04T07:29:36.361+0000] {processor.py:830} INFO - Processing file /opt/airflow/dags/steam_analytics.py for tasks to queue
[2026-09-04T07:29:36.363+0000] {logging_mixin.py:188} INFO - [2026-09-04T07:29:36.363+0000] {dagbag.py:545} INFO - Filling up the DagBag from /opt/airflow/dags/steam_analytics.py
[2026-09-04T07:29:36.497+0000] {processor.py:840} INFO - DAG(s) 'steam_analytics_daily' retrieved from /opt/airflow/dags/steam_analytics.py
[2026-09-04T07:29:36.523+0000] {logging_mixin.py:188} INFO - [2026-09-04T07:29:36.523+0000] {dag.py:3089} INFO - Sync 1 DAGs
[2026-09-04T07:29:36.541+0000] {logging_mixin.py:188} INFO - [2026-09-04T07:29:36.541+0000] {dag.py:3947} INFO - Setting next_dagrun for steam_analytics_daily to 2026-09-03 02:00:00+00:00, run_after=2026-09-04 02:00:00+00:00
[2026-09-04T07:29:36.556+0000] {processor.py:183} INFO - Processing /opt/airflow/dags/steam_analytics.py took 0.200 seconds
[2026-09-04T07:30:06.673+0000] {processor.py:161} INFO - Started process (PID=196) to work on /opt/airflow/dags/steam_analytics.py
[2026-09-04T07:30:06.674+0000] {processor.py:830} INFO - Processing file /opt/airflow/dags/steam_analytics.py for tasks to queue
[2026-09-04T07:30:06.675+0000] {logging_mixin.py:188} INFO - [2026-09-04T07:30:06.675+0000] {dagbag.py:545} INFO - Filling up the DagBag from /opt/airflow/dags/steam_analytics.py
[2026-09-04T07:30:06.804+0000] {processor.py:840} INFO - DAG(s) 'steam_analytics_daily' retrieved from /opt/airflow/dags/steam_analytics.py
[2026-09-04T07:30:06.828+0000] {logging_mixin.py:188} INFO - [2026-09-04T07:30:06.828+0000] {dag.py:3089} INFO - Sync 1 DAGs
[2026-09-04T07:30:06.846+0000] {logging_mixin.py:188} INFO - [2026-09-04T07:30:06.846+0000] {dag.py:3947} INFO - Setting next_dagrun for steam_analytics_daily to 2026-09-03 02:00:00+00:00, run_after=2026-09-04 02:00:00+00:00
[2026-09-04T07:30:06.861+0000] {processor.py:183} INFO - Processing /opt/airflow/dags/steam_analytics.py took 0.192 seconds
[2026-09-04T07:30:36.974+0000] {processor.py:161} INFO - Started process (PID=201) to work on /opt/airflow/dags/steam_analytics.py
[2026-09-04T07:30:36.974+0000] {processor.py:830} INFO - Processing file /opt/airflow/dags/steam_analytics.py for tasks to queue
[2026-09-04T07:30:36.975+0000] {logging_mixin.py:188} INFO - [2026-09-04T07:30:36.975+0000] {dagbag.py:545} INFO - Filling up the DagBag from /opt/airflow/dags/steam_analytics.py
[2026-09-04T07:30:37.105+0000] {processor.py:840} INFO - DAG(s) 'steam_analytics_daily' retrieved from /opt/airflow/dags/steam_analytics.py
[2026-09-04T07:30:37.130+0000] {logging_mixin.py:188} INFO - [2026-09-04T07:30:37.130+0000] {dag.py:3089} INFO - Sync 1 DAGs
[2026-09-04T07:30:37.147+0000] {logging_mixin.py:188} INFO - [2026-09-04T07:30:37.147+0000] {dag.py:3947} INFO - Setting next_dagrun for steam_analytics_daily to 2026-09-03 02:00:00+00:00, run_after=2026-09-04 02:00:00+00:00
[2026-09-04T07:30:37.163+0000] {processor.py:183} INFO - Processing /opt/airflow/dags/steam_analytics.py took 0.193 seconds
[2026-09-04T07:31:07.280+0000] {processor.py:161} INFO - Started process (PID=206) to work on /opt/airflow/dags/steam_analytics.py
[2026-09-04T07:31:07.281+0000] {processor.py:830} INFO - Processing file /opt/airflow/dags/steam_analytics.py for tasks to queue
[2026-09-04T07:31:07.282+0000] {logging_mixin.py:188} INFO - [2026-09-04T07:31:07.282+0000] {dagbag.py:545} INFO - Filling up the DagBag from /opt/airflow/dags/steam_analytics.py
[2026-09-04T07:31:07.416+0000] {processor.py:840} INFO - DAG(s) 'steam_analytics_daily' retrieved from /opt/airflow/dags/steam_analytics.py
[2026-09-04T07:31:07.440+0000] {logging_mixin.py:188} INFO - [2026-09-04T07:31:07.440+0000] {dag.py:3089} INFO - Sync 1 DAGs
[2026-09-04T07:31:07.458+0000] {logging_mixin.py:188} INFO - [2026-09-04T07:31:07.457+0000] {dag.py:3947} INFO - Setting next_dagrun for steam_analytics_daily to 2026-09-03 02:00:00+00:00, run_after=2026-09-04 02:00:00+00:00
[2026-09-04T07:31:07.472+0000] {processor.py:183} INFO - Processing /opt/airflow/dags/steam_analytics.py took 0.197 seconds
[2026-09-04T07:31:37.601+0000] {processor.py:161} INFO - Started process (PID=211) to work on /opt/airflow/dags/steam_analytics.py
[2026-09-04T07:31:37.602+0000] {processor.py:830} INFO - Processing file /opt/airflow/dags/steam_analytics.py for tasks to queue
[2026-09-04T07:31:37.603+0000] {logging_mixin.py:188} INFO - [2026-09-04T07:31:37.603+0000] {dagbag.py:545} INFO - Filling up the DagBag from /opt/airflow/dags/steam_analytics.py
[2026-09-04T07:31:37.765+0000] {processor.py:840} INFO - DAG(s) 'steam_analytics_daily' retrieved from /opt/airflow/dags/steam_analytics.py
[2026-09-04T07:31:37.790+0000] {logging_mixin.py:188} INFO - [2026-09-04T07:31:37.790+0000] {dag.py:3089} INFO - Sync 1 DAGs
[2026-09-04T07:31:37.809+0000] {logging_mixin.py:188} INFO - [2026-09-04T07:31:37.809+0000] {dag.py:3947} INFO - Setting next_dagrun for steam_analytics_daily to 2026-09-03 02:00:00+00:00, run_after=2026-09-04 02:00:00+00:00
[2026-09-04T07:31:37.824+0000] {processor.py:183} INFO - Processing /opt/airflow/dags/steam_analytics.py took 0.229 seconds
[2026-09-04T07:32:07.947+0000] {processor.py:161} INFO - Started process (PID=216) to work on /opt/airflow/dags/steam_analytics.py
[2026-09-04T07:32:07.948+0000] {processor.py:830} INFO - Processing file /opt/airflow/dags/steam_analytics.py for tasks to queue
[2026-09-04T07:32:07.950+0000] {logging_mixin.py:188} INFO - [2026-09-04T07:32:07.950+0000] {dagbag.py:545} INFO - Filling up the DagBag from /opt/airflow/dags/steam_analytics.py
[2026-09-04T07:32:08.125+0000] {processor.py:840} INFO - DAG(s) 'steam_analytics_daily' retrieved from /opt/airflow/dags/steam_analytics.py
[2026-09-04T07:32:08.155+0000] {logging_mixin.py:188} INFO - [2026-09-04T07:32:08.155+0000] {dag.py:3089} INFO - Sync 1 DAGs
[2026-09-04T07:32:08.179+0000] {logging_mixin.py:188} INFO - [2026-09-04T07:32:08.179+0000] {dag.py:3947} INFO - Setting next_dagrun for steam_analytics_daily to 2026-09-03 02:00:00+00:00, run_after=2026-09-04 02:00:00+00:00
[2026-09-04T07:32:08.199+0000] {processor.py:183} INFO - Processing /opt/airflow/dags/steam_analytics.py took 0.257 seconds
[2026-09-04T07:32:38.334+0000] {processor.py:161} INFO - Started process (PID=221) to work on /opt/airflow/dags/steam_analytics.py
[2026-09-04T07:32:38.334+0000] {processor.py:830} INFO - Processing file /opt/airflow/dags/steam_analytics.py for tasks to queue
[2026-09-04T07:32:38.336+0000] {logging_mixin.py:188} INFO - [2026-09-04T07:32:38.336+0000] {dagbag.py:545} INFO - Filling up the DagBag from /opt/airflow/dags/steam_analytics.py
[2026-09-04T07:32:38.504+0000] {processor.py:840} INFO - DAG(s) 'steam_analytics_daily' retrieved from /opt/airflow/dags/steam_analytics.py
[2026-09-04T07:32:38.553+0000] {logging_mixin.py:188} INFO - [2026-09-04T07:32:38.553+0000] {dag.py:3089} INFO - Sync 1 DAGs
[2026-09-04T07:32:38.580+0000] {logging_mixin.py:188} INFO - [2026-09-04T07:32:38.580+0000] {dag.py:3947} INFO - Setting next_dagrun for steam_analytics_daily to 2026-09-03 02:00:00+00:00, run_after=2026-09-04 02:00:00+00:00
[2026-09-04T07:32:38.600+0000] {processor.py:183} INFO - Processing /opt/airflow/dags/steam_analytics.py took 0.272 seconds
[2026-09-04T07:33:08.730+0000] {processor.py:161} INFO - Started process (PID=226) to work on /opt/airflow/dags/steam_analytics.py
[2026-09-04T07:33:08.731+0000] {processor.py:830} INFO - Processing file /opt/airflow/dags/steam_analytics.py for tasks to queue
[2026-09-04T07:33:08.732+0000] {logging_mixin.py:188} INFO - [2026-09-04T07:33:08.732+0000] {dagbag.py:545} INFO - Filling up the DagBag from /opt/airflow/dags/steam_analytics.py
[2026-09-04T07:33:08.866+0000] {processor.py:840} INFO - DAG(s) 'steam_analytics_daily' retrieved from /opt/airflow/dags/steam_analytics.py
[2026-09-04T07:33:08.900+0000] {logging_mixin.py:188} INFO - [2026-09-04T07:33:08.899+0000] {dag.py:3089} INFO - Sync 1 DAGs
[2026-09-04T07:33:08.920+0000] {logging_mixin.py:188} INFO - [2026-09-04T07:33:08.920+0000] {dag.py:3947} INFO - Setting next_dagrun for steam_analytics_daily to 2026-09-03 02:00:00+00:00, run_after=2026-09-04 02:00:00+00:00
[2026-09-04T07:33:08.935+0000] {processor.py:183} INFO - Processing /opt/airflow/dags/steam_analytics.py took 0.210 seconds
[2026-09-04T07:33:39.057+0000] {processor.py:161} INFO - Started process (PID=231) to work on /opt/airflow/dags/steam_analytics.py
[2026-09-04T07:33:39.058+0000] {processor.py:830} INFO - Processing file /opt/airflow/dags/steam_analytics.py for tasks to queue
[2026-09-04T07:33:39.060+0000] {logging_mixin.py:188} INFO - [2026-09-04T07:33:39.059+0000] {dagbag.py:545} INFO - Filling up the DagBag from /opt/airflow/dags/steam_analytics.py
[2026-09-04T07:33:39.196+0000] {processor.py:840} INFO - DAG(s) 'steam_analytics_daily' retrieved from /opt/airflow/dags/steam_analytics.py
[2026-09-04T07:33:39.223+0000] {logging_mixin.py:188} INFO - [2026-09-04T07:33:39.223+0000] {dag.py:3089} INFO - Sync 1 DAGs
[2026-09-04T07:33:39.244+0000] {logging_mixin.py:188} INFO - [2026-09-04T07:33:39.243+0000] {dag.py:3947} INFO - Setting next_dagrun for steam_analytics_daily to 2026-09-03 02:00:00+00:00, run_after=2026-09-04 02:00:00+00:00
[2026-09-04T07:33:39.259+0000] {processor.py:183} INFO - Processing /opt/airflow/dags/steam_analytics.py took 0.206 seconds
[2026-09-04T07:34:09.382+0000] {processor.py:161} INFO - Started process (PID=240) to work on /opt/airflow/dags/steam_analytics.py
[2026-09-04T07:34:09.383+0000] {processor.py:830} INFO - Processing file /opt/airflow/dags/steam_analytics.py for tasks to queue
[2026-09-04T07:34:09.384+0000] {logging_mixin.py:188} INFO - [2026-09-04T07:34:09.384+0000] {dagbag.py:545} INFO - Filling up the DagBag from /opt/airflow/dags/steam_analytics.py
[2026-09-04T07:34:09.527+0000] {processor.py:840} INFO - DAG(s) 'steam_analytics_daily' retrieved from /opt/airflow/dags/steam_analytics.py
[2026-09-04T07:34:09.553+0000] {logging_mixin.py:188} INFO - [2026-09-04T07:34:09.553+0000] {dag.py:3089} INFO - Sync 1 DAGs
[2026-09-04T07:34:09.573+0000] {logging_mixin.py:188} INFO - [2026-09-04T07:34:09.573+0000] {dag.py:3947} INFO - Setting next_dagrun for steam_analytics_daily to 2026-09-04 02:00:00+00:00, run_after=2026-09-05 02:00:00+00:00
[2026-09-04T07:34:09.592+0000] {processor.py:183} INFO - Processing /opt/airflow/dags/steam_analytics.py took 0.214 seconds
[2026-09-04T07:34:39.721+0000] {processor.py:161} INFO - Started process (PID=245) to work on /opt/airflow/dags/steam_analytics.py
[2026-09-04T07:34:39.722+0000] {processor.py:830} INFO - Processing file /opt/airflow/dags/steam_analytics.py for tasks to queue
[2026-09-04T07:34:39.724+0000] {logging_mixin.py:188} INFO - [2026-09-04T07:34:39.723+0000] {dagbag.py:545} INFO - Filling up the DagBag from /opt/airflow/dags/steam_analytics.py
[2026-09-04T07:34:39.877+0000] {processor.py:840} INFO - DAG(s) 'steam_analytics_daily' retrieved from /opt/airflow/dags/steam_analytics.py
[2026-09-04T07:34:39.903+0000] {logging_mixin.py:188} INFO - [2026-09-04T07:34:39.902+0000] {dag.py:3089} INFO - Sync 1 DAGs
[2026-09-04T07:34:39.923+0000] {logging_mixin.py:188} INFO - [2026-09-04T07:34:39.923+0000] {dag.py:3947} INFO - Setting next_dagrun for steam_analytics_daily to 2026-09-04 02:00:00+00:00, run_after=2026-09-05 02:00:00+00:00
[2026-09-04T07:34:39.943+0000] {processor.py:183} INFO - Processing /opt/airflow/dags/steam_analytics.py took 0.227 seconds
[2026-09-04T07:35:10.072+0000] {processor.py:161} INFO - Started process (PID=250) to work on /opt/airflow/dags/steam_analytics.py
[2026-09-04T07:35:10.073+0000] {processor.py:830} INFO - Processing file /opt/airflow/dags/steam_analytics.py for tasks to queue
[2026-09-04T07:35:10.074+0000] {logging_mixin.py:188} INFO - [2026-09-04T07:35:10.074+0000] {dagbag.py:545} INFO - Filling up the DagBag from /opt/airflow/dags/steam_analytics.py
[2026-09-04T07:35:10.212+0000] {processor.py:840} INFO - DAG(s) 'steam_analytics_daily' retrieved from /opt/airflow/dags/steam_analytics.py
[2026-09-04T07:35:10.237+0000] {logging_mixin.py:188} INFO - [2026-09-04T07:35:10.237+0000] {dag.py:3089} INFO - Sync 1 DAGs
[2026-09-04T07:35:10.258+0000] {logging_mixin.py:188} INFO - [2026-09-04T07:35:10.258+0000] {dag.py:3947} INFO - Setting next_dagrun for steam_analytics_daily to 2026-09-04 02:00:00+00:00, run_after=2026-09-05 02:00:00+00:00
[2026-09-04T07:35:10.274+0000] {processor.py:183} INFO - Processing /opt/airflow/dags/steam_analytics.py took 0.206 seconds
[2026-09-04T07:35:40.406+0000] {processor.py:161} INFO - Started process (PID=255) to work on /opt/airflow/dags/steam_analytics.py
[2026-09-04T07:35:40.407+0000] {processor.py:830} INFO - Processing file /opt/airflow/dags/steam_analytics.py for tasks to queue
[2026-09-04T07:35:40.409+0000] {logging_mixin.py:188} INFO - [2026-09-04T07:35:40.408+0000] {dagbag.py:545} INFO - Filling up the DagBag from /opt/airflow/dags/steam_analytics.py
[2026-09-04T07:35:40.613+0000] {processor.py:840} INFO - DAG(s) 'steam_analytics_daily' retrieved from /opt/airflow/dags/steam_analytics.py
[2026-09-04T07:35:40.641+0000] {logging_mixin.py:188} INFO - [2026-09-04T07:35:40.641+0000] {dag.py:3089} INFO - Sync 1 DAGs
[2026-09-04T07:35:40.666+0000] {logging_mixin.py:188} INFO - [2026-09-04T07:35:40.665+0000] {dag.py:3947} INFO - Setting next_dagrun for steam_analytics_daily to 2026-09-04 02:00:00+00:00, run_after=2026-09-05 02:00:00+00:00
[2026-09-04T07:35:40.683+0000] {processor.py:183} INFO - Processing /opt/airflow/dags/steam_analytics.py took 0.283 seconds
[2026-09-04T07:36:10.814+0000] {processor.py:161} INFO - Started process (PID=260) to work on /opt/airflow/dags/steam_analytics.py
[2026-09-04T07:36:10.815+0000] {processor.py:830} INFO - Processing file /opt/airflow/dags/steam_analytics.py for tasks to queue
[2026-09-04T07:36:10.816+0000] {logging_mixin.py:188} INFO - [2026-09-04T07:36:10.816+0000] {dagbag.py:545} INFO - Filling up the DagBag from /opt/airflow/dags/steam_analytics.py
[2026-09-04T07:36:10.965+0000] {processor.py:840} INFO - DAG(s) 'steam_analytics_daily' retrieved from /opt/airflow/dags/steam_analytics.py
[2026-09-04T07:36:10.994+0000] {logging_mixin.py:188} INFO - [2026-09-04T07:36:10.994+0000] {dag.py:3089} INFO - Sync 1 DAGs
[2026-09-04T07:36:11.018+0000] {logging_mixin.py:188} INFO - [2026-09-04T07:36:11.018+0000] {dag.py:3947} INFO - Setting next_dagrun for steam_analytics_daily to 2026-09-04 02:00:00+00:00, run_after=2026-09-05 02:00:00+00:00
[2026-09-04T07:36:11.038+0000] {processor.py:183} INFO - Processing /opt/airflow/dags/steam_analytics.py took 0.229 seconds
[2026-09-04T07:36:41.169+0000] {processor.py:161} INFO - Started process (PID=265) to work on /opt/airflow/dags/steam_analytics.py
[2026-09-04T07:36:41.170+0000] {processor.py:830} INFO - Processing file /opt/airflow/dags/steam_analytics.py for tasks to queue
[2026-09-04T07:36:41.171+0000] {logging_mixin.py:188} INFO - [2026-09-04T07:36:41.171+0000] {dagbag.py:545} INFO - Filling up the DagBag from /opt/airflow/dags/steam_analytics.py
[2026-09-04T07:36:41.307+0000] {processor.py:840} INFO - DAG(s) 'steam_analytics_daily' retrieved from /opt/airflow/dags/steam_analytics.py
[2026-09-04T07:36:41.333+0000] {logging_mixin.py:188} INFO - [2026-09-04T07:36:41.332+0000] {dag.py:3089} INFO - Sync 1 DAGs
[2026-09-04T07:36:41.352+0000] {logging_mixin.py:188} INFO - [2026-09-04T07:36:41.352+0000] {dag.py:3947} INFO - Setting next_dagrun for steam_analytics_daily to 2026-09-04 02:00:00+00:00, run_after=2026-09-05 02:00:00+00:00
[2026-09-04T07:36:41.369+0000] {processor.py:183} INFO - Processing /opt/airflow/dags/steam_analytics.py took 0.205 seconds
[2026-09-04T07:37:11.508+0000] {processor.py:161} INFO - Started process (PID=270) to work on /opt/airflow/dags/steam_analytics.py
[2026-09-04T07:37:11.509+0000] {processor.py:830} INFO - Processing file /opt/airflow/dags/steam_analytics.py for tasks to queue
[2026-09-04T07:37:11.510+0000] {logging_mixin.py:188} INFO - [2026-09-04T07:37:11.510+0000] {dagbag.py:545} INFO - Filling up the DagBag from /opt/airflow/dags/steam_analytics.py
[2026-09-04T07:37:11.662+0000] {processor.py:840} INFO - DAG(s) 'steam_analytics_daily' retrieved from /opt/airflow/dags/steam_analytics.py
[2026-09-04T07:37:11.691+0000] {logging_mixin.py:188} INFO - [2026-09-04T07:37:11.691+0000] {dag.py:3089} INFO - Sync 1 DAGs
[2026-09-04T07:37:11.713+0000] {logging_mixin.py:188} INFO - [2026-09-04T07:37:11.713+0000] {dag.py:3947} INFO - Setting next_dagrun for steam_analytics_daily to 2026-09-04 02:00:00+00:00, run_after=2026-09-05 02:00:00+00:00
[2026-09-04T07:37:11.731+0000] {processor.py:183} INFO - Processing /opt/airflow/dags/steam_analytics.py took 0.230 seconds
[2026-09-04T07:37:41.863+0000] {processor.py:161} INFO - Started process (PID=275) to work on /opt/airflow/dags/steam_analytics.py
[2026-09-04T07:37:41.864+0000] {processor.py:830} INFO - Processing file /opt/airflow/dags/steam_analytics.py for tasks to queue
[2026-09-04T07:37:41.866+0000] {logging_mixin.py:188} INFO - [2026-09-04T07:37:41.865+0000] {dagbag.py:545} INFO - Filling up the DagBag from /opt/airflow/dags/steam_analytics.py
[2026-09-04T07:37:42.018+0000] {processor.py:840} INFO - DAG(s) 'steam_analytics_daily' retrieved from /opt/airflow/dags/steam_analytics.py
[2026-09-04T07:37:42.045+0000] {logging_mixin.py:188} INFO - [2026-09-04T07:37:42.044+0000] {dag.py:3089} INFO - Sync 1 DAGs
[2026-09-04T07:37:42.067+0000] {logging_mixin.py:188} INFO - [2026-09-04T07:37:42.067+0000] {dag.py:3947} INFO - Setting next_dagrun for steam_analytics_daily to 2026-09-04 02:00:00+00:00, run_after=2026-09-05 02:00:00+00:00
[2026-09-04T07:37:42.085+0000] {processor.py:183} INFO - Processing /opt/airflow/dags/steam_analytics.py took 0.226 seconds
[2026-09-04T07:38:12.218+0000] {processor.py:161} INFO - Started process (PID=280) to work on /opt/airflow/dags/steam_analytics.py
[2026-09-04T07:38:12.218+0000] {processor.py:830} INFO - Processing file /opt/airflow/dags/steam_analytics.py for tasks to queue
[2026-09-04T07:38:12.220+0000] {logging_mixin.py:188} INFO - [2026-09-04T07:38:12.219+0000] {dagbag.py:545} INFO - Filling up the DagBag from /opt/airflow/dags/steam_analytics.py
[2026-09-04T07:38:12.361+0000] {processor.py:840} INFO - DAG(s) 'steam_analytics_daily' retrieved from /opt/airflow/dags/steam_analytics.py
[2026-09-04T07:38:12.388+0000] {logging_mixin.py:188} INFO - [2026-09-04T07:38:12.387+0000] {dag.py:3089} INFO - Sync 1 DAGs
[2026-09-04T07:38:12.408+0000] {logging_mixin.py:188} INFO - [2026-09-04T07:38:12.408+0000] {dag.py:3947} INFO - Setting next_dagrun for steam_analytics_daily to 2026-09-04 02:00:00+00:00, run_after=2026-09-05 02:00:00+00:00
[2026-09-04T07:38:12.426+0000] {processor.py:183} INFO - Processing /opt/airflow/dags/steam_analytics.py took 0.214 seconds
[2026-09-04T07:38:42.553+0000] {processor.py:161} INFO - Started process (PID=287) to work on /opt/airflow/dags/steam_analytics.py
[2026-09-04T07:38:42.554+0000] {processor.py:830} INFO - Processing file /opt/airflow/dags/steam_analytics.py for tasks to queue
[2026-09-04T07:38:42.555+0000] {logging_mixin.py:188} INFO - [2026-09-04T07:38:42.555+0000] {dagbag.py:545} INFO - Filling up the DagBag from /opt/airflow/dags/steam_analytics.py
[2026-09-04T07:38:42.706+0000] {processor.py:840} INFO - DAG(s) 'steam_analytics_daily' retrieved from /opt/airflow/dags/steam_analytics.py
[2026-09-04T07:38:42.733+0000] {logging_mixin.py:188} INFO - [2026-09-04T07:38:42.733+0000] {dag.py:3089} INFO - Sync 1 DAGs
[2026-09-04T07:38:42.752+0000] {logging_mixin.py:188} INFO - [2026-09-04T07:38:42.752+0000] {dag.py:3947} INFO - Setting next_dagrun for steam_analytics_daily to 2026-09-04 02:00:00+00:00, run_after=2026-09-05 02:00:00+00:00
[2026-09-04T07:38:42.767+0000] {processor.py:183} INFO - Processing /opt/airflow/dags/steam_analytics.py took 0.219 seconds
[2026-09-04T07:39:12.907+0000] {processor.py:161} INFO - Started process (PID=294) to work on /opt/airflow/dags/steam_analytics.py
[2026-09-04T07:39:12.909+0000] {processor.py:830} INFO - Processing file /opt/airflow/dags/steam_analytics.py for tasks to queue
[2026-09-04T07:39:12.910+0000] {logging_mixin.py:188} INFO - [2026-09-04T07:39:12.910+0000] {dagbag.py:545} INFO - Filling up the DagBag from /opt/airflow/dags/steam_analytics.py
[2026-09-04T07:39:13.058+0000] {processor.py:840} INFO - DAG(s) 'steam_analytics_daily' retrieved from /opt/airflow/dags/steam_analytics.py
[2026-09-04T07:39:13.082+0000] {logging_mixin.py:188} INFO - [2026-09-04T07:39:13.082+0000] {dag.py:3089} INFO - Sync 1 DAGs
[2026-09-04T07:39:13.102+0000] {logging_mixin.py:188} INFO - [2026-09-04T07:39:13.101+0000] {dag.py:3947} INFO - Setting next_dagrun for steam_analytics_daily to 2026-09-04 02:00:00+00:00, run_after=2026-09-05 02:00:00+00:00
[2026-09-04T07:39:13.117+0000] {processor.py:183} INFO - Processing /opt/airflow/dags/steam_analytics.py took 0.215 seconds
[2026-09-04T07:39:43.251+0000] {processor.py:161} INFO - Started process (PID=299) to work on /opt/airflow/dags/steam_analytics.py
[2026-09-04T07:39:43.251+0000] {processor.py:830} INFO - Processing file /opt/airflow/dags/steam_analytics.py for tasks to queue
[2026-09-04T07:39:43.253+0000] {logging_mixin.py:188} INFO - [2026-09-04T07:39:43.253+0000] {dagbag.py:545} INFO - Filling up the DagBag from /opt/airflow/dags/steam_analytics.py
[2026-09-04T07:39:43.405+0000] {processor.py:840} INFO - DAG(s) 'steam_analytics_daily' retrieved from /opt/airflow/dags/steam_analytics.py
[2026-09-04T07:39:43.435+0000] {logging_mixin.py:188} INFO - [2026-09-04T07:39:43.435+0000] {dag.py:3089} INFO - Sync 1 DAGs
[2026-09-04T07:39:43.461+0000] {logging_mixin.py:188} INFO - [2026-09-04T07:39:43.461+0000] {dag.py:3947} INFO - Setting next_dagrun for steam_analytics_daily to 2026-09-04 02:00:00+00:00, run_after=2026-09-05 02:00:00+00:00
[2026-09-04T07:39:43.482+0000] {processor.py:183} INFO - Processing /opt/airflow/dags/steam_analytics.py took 0.237 seconds
[2026-09-04T07:40:13.623+0000] {processor.py:161} INFO - Started process (PID=304) to work on /opt/airflow/dags/steam_analytics.py
[2026-09-04T07:40:13.624+0000] {processor.py:830} INFO - Processing file /opt/airflow/dags/steam_analytics.py for tasks to queue
[2026-09-04T07:40:13.625+0000] {logging_mixin.py:188} INFO - [2026-09-04T07:40:13.625+0000] {dagbag.py:545} INFO - Filling up the DagBag from /opt/airflow/dags/steam_analytics.py
[2026-09-04T07:40:13.778+0000] {processor.py:840} INFO - DAG(s) 'steam_analytics_daily' retrieved from /opt/airflow/dags/steam_analytics.py
[2026-09-04T07:40:13.805+0000] {logging_mixin.py:188} INFO - [2026-09-04T07:40:13.805+0000] {dag.py:3089} INFO - Sync 1 DAGs
[2026-09-04T07:40:13.830+0000] {logging_mixin.py:188} INFO - [2026-09-04T07:40:13.829+0000] {dag.py:3947} INFO - Setting next_dagrun for steam_analytics_daily to 2026-09-04 02:00:00+00:00, run_after=2026-09-05 02:00:00+00:00
[2026-09-04T07:40:13.849+0000] {processor.py:183} INFO - Processing /opt/airflow/dags/steam_analytics.py took 0.230 seconds
[2026-09-04T07:40:43.979+0000] {processor.py:161} INFO - Started process (PID=311) to work on /opt/airflow/dags/steam_analytics.py
[2026-09-04T07:40:43.980+0000] {processor.py:830} INFO - Processing file /opt/airflow/dags/steam_analytics.py for tasks to queue
[2026-09-04T07:40:43.981+0000] {logging_mixin.py:188} INFO - [2026-09-04T07:40:43.981+0000] {dagbag.py:545} INFO - Filling up the DagBag from /opt/airflow/dags/steam_analytics.py
[2026-09-04T07:40:44.121+0000] {processor.py:840} INFO - DAG(s) 'steam_analytics_daily' retrieved from /opt/airflow/dags/steam_analytics.py
[2026-09-04T07:40:44.147+0000] {logging_mixin.py:188} INFO - [2026-09-04T07:40:44.147+0000] {dag.py:3089} INFO - Sync 1 DAGs
[2026-09-04T07:40:44.166+0000] {logging_mixin.py:188} INFO - [2026-09-04T07:40:44.166+0000] {dag.py:3947} INFO - Setting next_dagrun for steam_analytics_daily to 2026-09-04 02:00:00+00:00, run_after=2026-09-05 02:00:00+00:00
[2026-09-04T07:40:44.183+0000] {processor.py:183} INFO - Processing /opt/airflow/dags/steam_analytics.py took 0.209 seconds
[2026-09-04T07:41:14.312+0000] {processor.py:161} INFO - Started process (PID=316) to work on /opt/airflow/dags/steam_analytics.py
[2026-09-04T07:41:14.313+0000] {processor.py:830} INFO - Processing file /opt/airflow/dags/steam_analytics.py for tasks to queue
[2026-09-04T07:41:14.315+0000] {logging_mixin.py:188} INFO - [2026-09-04T07:41:14.315+0000] {dagbag.py:545} INFO - Filling up the DagBag from /opt/airflow/dags/steam_analytics.py
[2026-09-04T07:41:14.472+0000] {processor.py:840} INFO - DAG(s) 'steam_analytics_daily' retrieved from /opt/airflow/dags/steam_analytics.py
[2026-09-04T07:41:14.504+0000] {logging_mixin.py:188} INFO - [2026-09-04T07:41:14.504+0000] {dag.py:3089} INFO - Sync 1 DAGs
[2026-09-04T07:41:14.528+0000] {logging_mixin.py:188} INFO - [2026-09-04T07:41:14.527+0000] {dag.py:3947} INFO - Setting next_dagrun for steam_analytics_daily to 2026-09-04 02:00:00+00:00, run_after=2026-09-05 02:00:00+00:00
[2026-09-04T07:41:14.547+0000] {processor.py:183} INFO - Processing /opt/airflow/dags/steam_analytics.py took 0.239 seconds
[2026-09-04T07:41:44.675+0000] {processor.py:161} INFO - Started process (PID=321) to work on /opt/airflow/dags/steam_analytics.py
[2026-09-04T07:41:44.675+0000] {processor.py:830} INFO - Processing file /opt/airflow/dags/steam_analytics.py for tasks to queue
[2026-09-04T07:41:44.677+0000] {logging_mixin.py:188} INFO - [2026-09-04T07:41:44.676+0000] {dagbag.py:545} INFO - Filling up the DagBag from /opt/airflow/dags/steam_analytics.py
[2026-09-04T07:41:44.825+0000] {processor.py:840} INFO - DAG(s) 'steam_analytics_daily' retrieved from /opt/airflow/dags/steam_analytics.py
[2026-09-04T07:41:44.857+0000] {logging_mixin.py:188} INFO - [2026-09-04T07:41:44.857+0000] {dag.py:3089} INFO - Sync 1 DAGs
[2026-09-04T07:41:44.885+0000] {logging_mixin.py:188} INFO - [2026-09-04T07:41:44.885+0000] {dag.py:3947} INFO - Setting next_dagrun for steam_analytics_daily to 2026-09-04 02:00:00+00:00, run_after=2026-09-05 02:00:00+00:00
[2026-09-04T07:41:44.910+0000] {processor.py:183} INFO - Processing /opt/airflow/dags/steam_analytics.py took 0.240 seconds
[2026-09-04T07:42:15.046+0000] {processor.py:161} INFO - Started process (PID=326) to work on /opt/airflow/dags/steam_analytics.py
[2026-09-04T07:42:15.047+0000] {processor.py:830} INFO - Processing file /opt/airflow/dags/steam_analytics.py for tasks to queue
[2026-09-04T07:42:15.049+0000] {logging_mixin.py:188} INFO - [2026-09-04T07:42:15.048+0000] {dagbag.py:545} INFO - Filling up the DagBag from /opt/airflow/dags/steam_analytics.py
[2026-09-04T07:42:15.205+0000] {processor.py:840} INFO - DAG(s) 'steam_analytics_daily' retrieved from /opt/airflow/dags/steam_analytics.py
[2026-09-04T07:42:15.237+0000] {logging_mixin.py:188} INFO - [2026-09-04T07:42:15.236+0000] {dag.py:3089} INFO - Sync 1 DAGs
[2026-09-04T07:42:15.261+0000] {logging_mixin.py:188} INFO - [2026-09-04T07:42:15.261+0000] {dag.py:3947} INFO - Setting next_dagrun for steam_analytics_daily to 2026-09-04 02:00:00+00:00, run_after=2026-09-05 02:00:00+00:00
[2026-09-04T07:42:15.281+0000] {processor.py:183} INFO - Processing /opt/airflow/dags/steam_analytics.py took 0.240 seconds
[2026-09-04T07:42:45.406+0000] {processor.py:161} INFO - Started process (PID=331) to work on /opt/airflow/dags/steam_analytics.py
[2026-09-04T07:42:45.407+0000] {processor.py:830} INFO - Processing file /opt/airflow/dags/steam_analytics.py for tasks to queue
[2026-09-04T07:42:45.408+0000] {logging_mixin.py:188} INFO - [2026-09-04T07:42:45.408+0000] {dagbag.py:545} INFO - Filling up the DagBag from /opt/airflow/dags/steam_analytics.py
[2026-09-04T07:42:45.547+0000] {processor.py:840} INFO - DAG(s) 'steam_analytics_daily' retrieved from /opt/airflow/dags/steam_analytics.py
[2026-09-04T07:42:45.574+0000] {logging_mixin.py:188} INFO - [2026-09-04T07:42:45.574+0000] {dag.py:3089} INFO - Sync 1 DAGs
[2026-09-04T07:42:45.595+0000] {logging_mixin.py:188} INFO - [2026-09-04T07:42:45.595+0000] {dag.py:3947} INFO - Setting next_dagrun for steam_analytics_daily to 2026-09-04 02:00:00+00:00, run_after=2026-09-05 02:00:00+00:00
[2026-09-04T07:42:45.612+0000] {processor.py:183} INFO - Processing /opt/airflow/dags/steam_analytics.py took 0.210 seconds
[2026-09-04T07:43:15.745+0000] {processor.py:161} INFO - Started process (PID=336) to work on /opt/airflow/dags/steam_analytics.py
[2026-09-04T07:43:15.746+0000] {processor.py:830} INFO - Processing file /opt/airflow/dags/steam_analytics.py for tasks to queue
[2026-09-04T07:43:15.747+0000] {logging_mixin.py:188} INFO - [2026-09-04T07:43:15.747+0000] {dagbag.py:545} INFO - Filling up the DagBag from /opt/airflow/dags/steam_analytics.py
[2026-09-04T07:43:15.876+0000] {processor.py:840} INFO - DAG(s) 'steam_analytics_daily' retrieved from /opt/airflow/dags/steam_analytics.py
[2026-09-04T07:43:15.903+0000] {logging_mixin.py:188} INFO - [2026-09-04T07:43:15.903+0000] {dag.py:3089} INFO - Sync 1 DAGs
[2026-09-04T07:43:15.924+0000] {logging_mixin.py:188} INFO - [2026-09-04T07:43:15.923+0000] {dag.py:3947} INFO - Setting next_dagrun for steam_analytics_daily to 2026-09-04 02:00:00+00:00, run_after=2026-09-05 02:00:00+00:00
[2026-09-04T07:43:15.939+0000] {processor.py:183} INFO - Processing /opt/airflow/dags/steam_analytics.py took 0.198 seconds
[2026-09-04T07:43:46.065+0000] {processor.py:161} INFO - Started process (PID=341) to work on /opt/airflow/dags/steam_analytics.py
[2026-09-04T07:43:46.066+0000] {processor.py:830} INFO - Processing file /opt/airflow/dags/steam_analytics.py for tasks to queue
[2026-09-04T07:43:46.067+0000] {logging_mixin.py:188} INFO - [2026-09-04T07:43:46.067+0000] {dagbag.py:545} INFO - Filling up the DagBag from /opt/airflow/dags/steam_analytics.py
[2026-09-04T07:43:46.219+0000] {processor.py:840} INFO - DAG(s) 'steam_analytics_daily' retrieved from /opt/airflow/dags/steam_analytics.py
[2026-09-04T07:43:46.246+0000] {logging_mixin.py:188} INFO - [2026-09-04T07:43:46.246+0000] {dag.py:3089} INFO - Sync 1 DAGs
[2026-09-04T07:43:46.268+0000] {logging_mixin.py:188} INFO - [2026-09-04T07:43:46.268+0000] {dag.py:3947} INFO - Setting next_dagrun for steam_analytics_daily to 2026-09-04 02:00:00+00:00, run_after=2026-09-05 02:00:00+00:00
[2026-09-04T07:43:46.288+0000] {processor.py:183} INFO - Processing /opt/airflow/dags/steam_analytics.py took 0.228 seconds
[2026-09-04T07:44:16.512+0000] {processor.py:161} INFO - Started process (PID=346) to work on /opt/airflow/dags/steam_analytics.py
[2026-09-04T07:44:16.513+0000] {processor.py:830} INFO - Processing file /opt/airflow/dags/steam_analytics.py for tasks to queue
[2026-09-04T07:44:16.514+0000] {logging_mixin.py:188} INFO - [2026-09-04T07:44:16.514+0000] {dagbag.py:545} INFO - Filling up the DagBag from /opt/airflow/dags/steam_analytics.py
[2026-09-04T07:44:16.648+0000] {processor.py:840} INFO - DAG(s) 'steam_analytics_daily' retrieved from /opt/airflow/dags/steam_analytics.py
[2026-09-04T07:44:16.673+0000] {logging_mixin.py:188} INFO - [2026-09-04T07:44:16.672+0000] {dag.py:3089} INFO - Sync 1 DAGs
[2026-09-04T07:44:16.693+0000] {logging_mixin.py:188} INFO - [2026-09-04T07:44:16.693+0000] {dag.py:3947} INFO - Setting next_dagrun for steam_analytics_daily to 2026-09-04 02:00:00+00:00, run_after=2026-09-05 02:00:00+00:00
[2026-09-04T07:44:16.710+0000] {processor.py:183} INFO - Processing /opt/airflow/dags/steam_analytics.py took 0.203 seconds
[2026-09-04T07:44:46.839+0000] {processor.py:161} INFO - Started process (PID=351) to work on /opt/airflow/dags/steam_analytics.py
[2026-09-04T07:44:46.839+0000] {processor.py:830} INFO - Processing file /opt/airflow/dags/steam_analytics.py for tasks to queue
[2026-09-04T07:44:46.841+0000] {logging_mixin.py:188} INFO - [2026-09-04T07:44:46.841+0000] {dagbag.py:545} INFO - Filling up the DagBag from /opt/airflow/dags/steam_analytics.py
[2026-09-04T07:44:46.977+0000] {processor.py:840} INFO - DAG(s) 'steam_analytics_daily' retrieved from /opt/airflow/dags/steam_analytics.py
[2026-09-04T07:44:47.004+0000] {logging_mixin.py:188} INFO - [2026-09-04T07:44:47.004+0000] {dag.py:3089} INFO - Sync 1 DAGs
[2026-09-04T07:44:47.023+0000] {logging_mixin.py:188} INFO - [2026-09-04T07:44:47.022+0000] {dag.py:3947} INFO - Setting next_dagrun for steam_analytics_daily to 2026-09-04 02:00:00+00:00, run_after=2026-09-05 02:00:00+00:00
[2026-09-04T07:44:47.039+0000] {processor.py:183} INFO - Processing /opt/airflow/dags/steam_analytics.py took 0.205 seconds
[2026-09-04T07:45:17.169+0000] {processor.py:161} INFO - Started process (PID=356) to work on /opt/airflow/dags/steam_analytics.py
[2026-09-04T07:45:17.170+0000] {processor.py:830} INFO - Processing file /opt/airflow/dags/steam_analytics.py for tasks to queue
[2026-09-04T07:45:17.171+0000] {logging_mixin.py:188} INFO - [2026-09-04T07:45:17.171+0000] {dagbag.py:545} INFO - Filling up the DagBag from /opt/airflow/dags/steam_analytics.py
[2026-09-04T07:45:17.324+0000] {processor.py:840} INFO - DAG(s) 'steam_analytics_daily' retrieved from /opt/airflow/dags/steam_analytics.py
[2026-09-04T07:45:17.352+0000] {logging_mixin.py:188} INFO - [2026-09-04T07:45:17.352+0000] {dag.py:3089} INFO - Sync 1 DAGs
[2026-09-04T07:45:17.373+0000] {logging_mixin.py:188} INFO - [2026-09-04T07:45:17.372+0000] {dag.py:3947} INFO - Setting next_dagrun for steam_analytics_daily to 2026-09-04 02:00:00+00:00, run_after=2026-09-05 02:00:00+00:00
[2026-09-04T07:45:17.389+0000] {processor.py:183} INFO - Processing /opt/airflow/dags/steam_analytics.py took 0.226 seconds
[2026-09-04T07:46:16.168+0000] {processor.py:161} INFO - Started process (PID=186) to work on /opt/airflow/dags/steam_analytics.py
[2026-09-04T07:46:16.169+0000] {processor.py:830} INFO - Processing file /opt/airflow/dags/steam_analytics.py for tasks to queue
[2026-09-04T07:46:16.171+0000] {logging_mixin.py:188} INFO - [2026-09-04T07:46:16.171+0000] {dagbag.py:545} INFO - Filling up the DagBag from /opt/airflow/dags/steam_analytics.py
[2026-09-04T07:46:16.633+0000] {processor.py:840} INFO - DAG(s) 'steam_analytics_daily' retrieved from /opt/airflow/dags/steam_analytics.py
[2026-09-04T07:46:16.883+0000] {logging_mixin.py:188} INFO - [2026-09-04T07:46:16.882+0000] {override.py:1858} INFO - Created Permission View: can edit on DAG:steam_analytics_daily
[2026-09-04T07:46:16.893+0000] {logging_mixin.py:188} INFO - [2026-09-04T07:46:16.893+0000] {override.py:1858} INFO - Created Permission View: can delete on DAG:steam_analytics_daily
[2026-09-04T07:46:16.900+0000] {logging_mixin.py:188} INFO - [2026-09-04T07:46:16.900+0000] {override.py:1858} INFO - Created Permission View: can read on DAG:steam_analytics_daily
[2026-09-04T07:46:16.901+0000] {logging_mixin.py:188} INFO - [2026-09-04T07:46:16.900+0000] {dag.py:3089} INFO - Sync 1 DAGs
[2026-09-04T07:46:16.911+0000] {logging_mixin.py:188} INFO - [2026-09-04T07:46:16.911+0000] {dag.py:3111} INFO - Creating ORM DAG for steam_analytics_daily
[2026-09-04T07:46:16.922+0000] {logging_mixin.py:188} INFO - [2026-09-04T07:46:16.922+0000] {dag.py:3947} INFO - Setting next_dagrun for steam_analytics_daily to 2026-09-03 02:00:00+00:00, run_after=2026-09-04 02:00:00+00:00
[2026-09-04T07:46:16.946+0000] {processor.py:183} INFO - Processing /opt/airflow/dags/steam_analytics.py took 0.786 seconds
[2026-09-04T07:46:47.098+0000] {processor.py:161} INFO - Started process (PID=191) to work on /opt/airflow/dags/steam_analytics.py
[2026-09-04T07:46:47.099+0000] {processor.py:830} INFO - Processing file /opt/airflow/dags/steam_analytics.py for tasks to queue
[2026-09-04T07:46:47.100+0000] {logging_mixin.py:188} INFO - [2026-09-04T07:46:47.100+0000] {dagbag.py:545} INFO - Filling up the DagBag from /opt/airflow/dags/steam_analytics.py
[2026-09-04T07:46:47.241+0000] {processor.py:840} INFO - DAG(s) 'steam_analytics_daily' retrieved from /opt/airflow/dags/steam_analytics.py
[2026-09-04T07:46:47.268+0000] {logging_mixin.py:188} INFO - [2026-09-04T07:46:47.268+0000] {dag.py:3089} INFO - Sync 1 DAGs
[2026-09-04T07:46:47.289+0000] {logging_mixin.py:188} INFO - [2026-09-04T07:46:47.288+0000] {dag.py:3947} INFO - Setting next_dagrun for steam_analytics_daily to 2026-09-03 02:00:00+00:00, run_after=2026-09-04 02:00:00+00:00
[2026-09-04T07:46:47.307+0000] {processor.py:183} INFO - Processing /opt/airflow/dags/steam_analytics.py took 0.214 seconds
[2026-09-04T07:47:17.442+0000] {processor.py:161} INFO - Started process (PID=196) to work on /opt/airflow/dags/steam_analytics.py
[2026-09-04T07:47:17.443+0000] {processor.py:830} INFO - Processing file /opt/airflow/dags/steam_analytics.py for tasks to queue
[2026-09-04T07:47:17.445+0000] {logging_mixin.py:188} INFO - [2026-09-04T07:47:17.445+0000] {dagbag.py:545} INFO - Filling up the DagBag from /opt/airflow/dags/steam_analytics.py
[2026-09-04T07:47:17.609+0000] {processor.py:840} INFO - DAG(s) 'steam_analytics_daily' retrieved from /opt/airflow/dags/steam_analytics.py
[2026-09-04T07:47:17.638+0000] {logging_mixin.py:188} INFO - [2026-09-04T07:47:17.637+0000] {dag.py:3089} INFO - Sync 1 DAGs
[2026-09-04T07:47:17.663+0000] {logging_mixin.py:188} INFO - [2026-09-04T07:47:17.663+0000] {dag.py:3947} INFO - Setting next_dagrun for steam_analytics_daily to 2026-09-03 02:00:00+00:00, run_after=2026-09-04 02:00:00+00:00
[2026-09-04T07:47:17.682+0000] {processor.py:183} INFO - Processing /opt/airflow/dags/steam_analytics.py took 0.245 seconds
[2026-09-04T07:47:47.821+0000] {processor.py:161} INFO - Started process (PID=205) to work on /opt/airflow/dags/steam_analytics.py
[2026-09-04T07:47:47.822+0000] {processor.py:830} INFO - Processing file /opt/airflow/dags/steam_analytics.py for tasks to queue
[2026-09-04T07:47:47.824+0000] {logging_mixin.py:188} INFO - [2026-09-04T07:47:47.823+0000] {dagbag.py:545} INFO - Filling up the DagBag from /opt/airflow/dags/steam_analytics.py
[2026-09-04T07:47:48.009+0000] {processor.py:840} INFO - DAG(s) 'steam_analytics_daily' retrieved from /opt/airflow/dags/steam_analytics.py
[2026-09-04T07:47:48.041+0000] {logging_mixin.py:188} INFO - [2026-09-04T07:47:48.041+0000] {dag.py:3089} INFO - Sync 1 DAGs
[2026-09-04T07:47:48.065+0000] {logging_mixin.py:188} INFO - [2026-09-04T07:47:48.064+0000] {dag.py:3947} INFO - Setting next_dagrun for steam_analytics_daily to 2026-09-04 02:00:00+00:00, run_after=2026-09-05 02:00:00+00:00
[2026-09-04T07:47:48.084+0000] {processor.py:183} INFO - Processing /opt/airflow/dags/steam_analytics.py took 0.271 seconds
[2026-09-04T07:48:18.227+0000] {processor.py:161} INFO - Started process (PID=210) to work on /opt/airflow/dags/steam_analytics.py
[2026-09-04T07:48:18.228+0000] {processor.py:830} INFO - Processing file /opt/airflow/dags/steam_analytics.py for tasks to queue
[2026-09-04T07:48:18.230+0000] {logging_mixin.py:188} INFO - [2026-09-04T07:48:18.229+0000] {dagbag.py:545} INFO - Filling up the DagBag from /opt/airflow/dags/steam_analytics.py
[2026-09-04T07:48:18.383+0000] {processor.py:840} INFO - DAG(s) 'steam_analytics_daily' retrieved from /opt/airflow/dags/steam_analytics.py
[2026-09-04T07:48:18.412+0000] {logging_mixin.py:188} INFO - [2026-09-04T07:48:18.411+0000] {dag.py:3089} INFO - Sync 1 DAGs
[2026-09-04T07:48:18.435+0000] {logging_mixin.py:188} INFO - [2026-09-04T07:48:18.434+0000] {dag.py:3947} INFO - Setting next_dagrun for steam_analytics_daily to 2026-09-04 02:00:00+00:00, run_after=2026-09-05 02:00:00+00:00
[2026-09-04T07:48:18.457+0000] {processor.py:183} INFO - Processing /opt/airflow/dags/steam_analytics.py took 0.234 seconds
[2026-09-04T07:48:48.601+0000] {processor.py:161} INFO - Started process (PID=215) to work on /opt/airflow/dags/steam_analytics.py
[2026-09-04T07:48:48.602+0000] {processor.py:830} INFO - Processing file /opt/airflow/dags/steam_analytics.py for tasks to queue
[2026-09-04T07:48:48.603+0000] {logging_mixin.py:188} INFO - [2026-09-04T07:48:48.603+0000] {dagbag.py:545} INFO - Filling up the DagBag from /opt/airflow/dags/steam_analytics.py
[2026-09-04T07:48:48.746+0000] {processor.py:840} INFO - DAG(s) 'steam_analytics_daily' retrieved from /opt/airflow/dags/steam_analytics.py
[2026-09-04T07:48:48.774+0000] {logging_mixin.py:188} INFO - [2026-09-04T07:48:48.774+0000] {dag.py:3089} INFO - Sync 1 DAGs
[2026-09-04T07:48:48.795+0000] {logging_mixin.py:188} INFO - [2026-09-04T07:48:48.794+0000] {dag.py:3947} INFO - Setting next_dagrun for steam_analytics_daily to 2026-09-04 02:00:00+00:00, run_after=2026-09-05 02:00:00+00:00
[2026-09-04T07:48:48.811+0000] {processor.py:183} INFO - Processing /opt/airflow/dags/steam_analytics.py took 0.215 seconds
[2026-09-04T07:49:18.939+0000] {processor.py:161} INFO - Started process (PID=220) to work on /opt/airflow/dags/steam_analytics.py
[2026-09-04T07:49:18.940+0000] {processor.py:830} INFO - Processing file /opt/airflow/dags/steam_analytics.py for tasks to queue
[2026-09-04T07:49:18.942+0000] {logging_mixin.py:188} INFO - [2026-09-04T07:49:18.941+0000] {dagbag.py:545} INFO - Filling up the DagBag from /opt/airflow/dags/steam_analytics.py
[2026-09-04T07:49:19.082+0000] {processor.py:840} INFO - DAG(s) 'steam_analytics_daily' retrieved from /opt/airflow/dags/steam_analytics.py
[2026-09-04T07:49:19.117+0000] {logging_mixin.py:188} INFO - [2026-09-04T07:49:19.116+0000] {dag.py:3089} INFO - Sync 1 DAGs
[2026-09-04T07:49:19.141+0000] {logging_mixin.py:188} INFO - [2026-09-04T07:49:19.141+0000] {dag.py:3947} INFO - Setting next_dagrun for steam_analytics_daily to 2026-09-04 02:00:00+00:00, run_after=2026-09-05 02:00:00+00:00
[2026-09-04T07:49:19.158+0000] {processor.py:183} INFO - Processing /opt/airflow/dags/steam_analytics.py took 0.224 seconds
[2026-09-04T07:49:49.293+0000] {processor.py:161} INFO - Started process (PID=225) to work on /opt/airflow/dags/steam_analytics.py
[2026-09-04T07:49:49.293+0000] {processor.py:830} INFO - Processing file /opt/airflow/dags/steam_analytics.py for tasks to queue
[2026-09-04T07:49:49.295+0000] {logging_mixin.py:188} INFO - [2026-09-04T07:49:49.295+0000] {dagbag.py:545} INFO - Filling up the DagBag from /opt/airflow/dags/steam_analytics.py
[2026-09-04T07:49:49.471+0000] {processor.py:840} INFO - DAG(s) 'steam_analytics_daily' retrieved from /opt/airflow/dags/steam_analytics.py
[2026-09-04T07:49:49.503+0000] {logging_mixin.py:188} INFO - [2026-09-04T07:49:49.503+0000] {dag.py:3089} INFO - Sync 1 DAGs
[2026-09-04T07:49:49.530+0000] {logging_mixin.py:188} INFO - [2026-09-04T07:49:49.530+0000] {dag.py:3947} INFO - Setting next_dagrun for steam_analytics_daily to 2026-09-04 02:00:00+00:00, run_after=2026-09-05 02:00:00+00:00
[2026-09-04T07:49:49.552+0000] {processor.py:183} INFO - Processing /opt/airflow/dags/steam_analytics.py took 0.266 seconds
[2026-09-04T07:50:19.690+0000] {processor.py:161} INFO - Started process (PID=232) to work on /opt/airflow/dags/steam_analytics.py
[2026-09-04T07:50:19.691+0000] {processor.py:830} INFO - Processing file /opt/airflow/dags/steam_analytics.py for tasks to queue
[2026-09-04T07:50:19.692+0000] {logging_mixin.py:188} INFO - [2026-09-04T07:50:19.692+0000] {dagbag.py:545} INFO - Filling up the DagBag from /opt/airflow/dags/steam_analytics.py
[2026-09-04T07:50:19.832+0000] {processor.py:840} INFO - DAG(s) 'steam_analytics_daily' retrieved from /opt/airflow/dags/steam_analytics.py
[2026-09-04T07:50:19.857+0000] {logging_mixin.py:188} INFO - [2026-09-04T07:50:19.857+0000] {dag.py:3089} INFO - Sync 1 DAGs
[2026-09-04T07:50:19.879+0000] {logging_mixin.py:188} INFO - [2026-09-04T07:50:19.879+0000] {dag.py:3947} INFO - Setting next_dagrun for steam_analytics_daily to 2026-09-04 02:00:00+00:00, run_after=2026-09-05 02:00:00+00:00
[2026-09-04T07:50:19.898+0000] {processor.py:183} INFO - Processing /opt/airflow/dags/steam_analytics.py took 0.213 seconds
[2026-09-04T07:50:50.034+0000] {processor.py:161} INFO - Started process (PID=239) to work on /opt/airflow/dags/steam_analytics.py
[2026-09-04T07:50:50.035+0000] {processor.py:830} INFO - Processing file /opt/airflow/dags/steam_analytics.py for tasks to queue
[2026-09-04T07:50:50.036+0000] {logging_mixin.py:188} INFO - [2026-09-04T07:50:50.036+0000] {dagbag.py:545} INFO - Filling up the DagBag from /opt/airflow/dags/steam_analytics.py
[2026-09-04T07:50:50.184+0000] {processor.py:840} INFO - DAG(s) 'steam_analytics_daily' retrieved from /opt/airflow/dags/steam_analytics.py
[2026-09-04T07:50:50.212+0000] {logging_mixin.py:188} INFO - [2026-09-04T07:50:50.212+0000] {dag.py:3089} INFO - Sync 1 DAGs
[2026-09-04T07:50:50.235+0000] {logging_mixin.py:188} INFO - [2026-09-04T07:50:50.234+0000] {dag.py:3947} INFO - Setting next_dagrun for steam_analytics_daily to 2026-09-04 02:00:00+00:00, run_after=2026-09-05 02:00:00+00:00
[2026-09-04T07:50:50.254+0000] {processor.py:183} INFO - Processing /opt/airflow/dags/steam_analytics.py took 0.225 seconds
[2026-09-04T07:51:20.387+0000] {processor.py:161} INFO - Started process (PID=244) to work on /opt/airflow/dags/steam_analytics.py
[2026-09-04T07:51:20.388+0000] {processor.py:830} INFO - Processing file /opt/airflow/dags/steam_analytics.py for tasks to queue
[2026-09-04T07:51:20.389+0000] {logging_mixin.py:188} INFO - [2026-09-04T07:51:20.389+0000] {dagbag.py:545} INFO - Filling up the DagBag from /opt/airflow/dags/steam_analytics.py
[2026-09-04T07:51:20.541+0000] {processor.py:840} INFO - DAG(s) 'steam_analytics_daily' retrieved from /opt/airflow/dags/steam_analytics.py
[2026-09-04T07:51:20.573+0000] {logging_mixin.py:188} INFO - [2026-09-04T07:51:20.573+0000] {dag.py:3089} INFO - Sync 1 DAGs
[2026-09-04T07:51:20.594+0000] {logging_mixin.py:188} INFO - [2026-09-04T07:51:20.594+0000] {dag.py:3947} INFO - Setting next_dagrun for steam_analytics_daily to 2026-09-04 02:00:00+00:00, run_after=2026-09-05 02:00:00+00:00
[2026-09-04T07:51:20.614+0000] {processor.py:183} INFO - Processing /opt/airflow/dags/steam_analytics.py took 0.232 seconds
[2026-09-04T07:51:50.748+0000] {processor.py:161} INFO - Started process (PID=249) to work on /opt/airflow/dags/steam_analytics.py
[2026-09-04T07:51:50.749+0000] {processor.py:830} INFO - Processing file /opt/airflow/dags/steam_analytics.py for tasks to queue
[2026-09-04T07:51:50.750+0000] {logging_mixin.py:188} INFO - [2026-09-04T07:51:50.750+0000] {dagbag.py:545} INFO - Filling up the DagBag from /opt/airflow/dags/steam_analytics.py
[2026-09-04T07:51:50.908+0000] {processor.py:840} INFO - DAG(s) 'steam_analytics_daily' retrieved from /opt/airflow/dags/steam_analytics.py
[2026-09-04T07:51:50.935+0000] {logging_mixin.py:188} INFO - [2026-09-04T07:51:50.935+0000] {dag.py:3089} INFO - Sync 1 DAGs
[2026-09-04T07:51:50.957+0000] {logging_mixin.py:188} INFO - [2026-09-04T07:51:50.957+0000] {dag.py:3947} INFO - Setting next_dagrun for steam_analytics_daily to 2026-09-04 02:00:00+00:00, run_after=2026-09-05 02:00:00+00:00
[2026-09-04T07:51:50.978+0000] {processor.py:183} INFO - Processing /opt/airflow/dags/steam_analytics.py took 0.235 seconds
[2026-09-04T07:52:21.122+0000] {processor.py:161} INFO - Started process (PID=256) to work on /opt/airflow/dags/steam_analytics.py
[2026-09-04T07:52:21.122+0000] {processor.py:830} INFO - Processing file /opt/airflow/dags/steam_analytics.py for tasks to queue
[2026-09-04T07:52:21.124+0000] {logging_mixin.py:188} INFO - [2026-09-04T07:52:21.124+0000] {dagbag.py:545} INFO - Filling up the DagBag from /opt/airflow/dags/steam_analytics.py
[2026-09-04T07:52:21.278+0000] {processor.py:840} INFO - DAG(s) 'steam_analytics_daily' retrieved from /opt/airflow/dags/steam_analytics.py
[2026-09-04T07:52:21.306+0000] {logging_mixin.py:188} INFO - [2026-09-04T07:52:21.306+0000] {dag.py:3089} INFO - Sync 1 DAGs
[2026-09-04T07:52:21.329+0000] {logging_mixin.py:188} INFO - [2026-09-04T07:52:21.329+0000] {dag.py:3947} INFO - Setting next_dagrun for steam_analytics_daily to 2026-09-04 02:00:00+00:00, run_after=2026-09-05 02:00:00+00:00
[2026-09-04T07:52:21.346+0000] {processor.py:183} INFO - Processing /opt/airflow/dags/steam_analytics.py took 0.229 seconds
[2026-09-04T07:52:51.482+0000] {processor.py:161} INFO - Started process (PID=261) to work on /opt/airflow/dags/steam_analytics.py
[2026-09-04T07:52:51.483+0000] {processor.py:830} INFO - Processing file /opt/airflow/dags/steam_analytics.py for tasks to queue
[2026-09-04T07:52:51.484+0000] {logging_mixin.py:188} INFO - [2026-09-04T07:52:51.484+0000] {dagbag.py:545} INFO - Filling up the DagBag from /opt/airflow/dags/steam_analytics.py
[2026-09-04T07:52:51.619+0000] {processor.py:840} INFO - DAG(s) 'steam_analytics_daily' retrieved from /opt/airflow/dags/steam_analytics.py
[2026-09-04T07:52:51.652+0000] {logging_mixin.py:188} INFO - [2026-09-04T07:52:51.651+0000] {dag.py:3089} INFO - Sync 1 DAGs
[2026-09-04T07:52:51.673+0000] {logging_mixin.py:188} INFO - [2026-09-04T07:52:51.673+0000] {dag.py:3947} INFO - Setting next_dagrun for steam_analytics_daily to 2026-09-04 02:00:00+00:00, run_after=2026-09-05 02:00:00+00:00
[2026-09-04T07:52:51.689+0000] {processor.py:183} INFO - Processing /opt/airflow/dags/steam_analytics.py took 0.212 seconds
[2026-09-04T07:53:21.823+0000] {processor.py:161} INFO - Started process (PID=266) to work on /opt/airflow/dags/steam_analytics.py
[2026-09-04T07:53:21.824+0000] {processor.py:830} INFO - Processing file /opt/airflow/dags/steam_analytics.py for tasks to queue
[2026-09-04T07:53:21.825+0000] {logging_mixin.py:188} INFO - [2026-09-04T07:53:21.825+0000] {dagbag.py:545} INFO - Filling up the DagBag from /opt/airflow/dags/steam_analytics.py
[2026-09-04T07:53:22.048+0000] {processor.py:840} INFO - DAG(s) 'steam_analytics_daily' retrieved from /opt/airflow/dags/steam_analytics.py
[2026-09-04T07:53:22.082+0000] {logging_mixin.py:188} INFO - [2026-09-04T07:53:22.081+0000] {dag.py:3089} INFO - Sync 1 DAGs
[2026-09-04T07:53:22.105+0000] {logging_mixin.py:188} INFO - [2026-09-04T07:53:22.105+0000] {dag.py:3947} INFO - Setting next_dagrun for steam_analytics_daily to 2026-09-04 02:00:00+00:00, run_after=2026-09-05 02:00:00+00:00
[2026-09-04T07:53:22.126+0000] {processor.py:183} INFO - Processing /opt/airflow/dags/steam_analytics.py took 0.309 seconds
[2026-09-04T07:53:52.278+0000] {processor.py:161} INFO - Started process (PID=273) to work on /opt/airflow/dags/steam_analytics.py
[2026-09-04T07:53:52.280+0000] {processor.py:830} INFO - Processing file /opt/airflow/dags/steam_analytics.py for tasks to queue
[2026-09-04T07:53:52.282+0000] {logging_mixin.py:188} INFO - [2026-09-04T07:53:52.282+0000] {dagbag.py:545} INFO - Filling up the DagBag from /opt/airflow/dags/steam_analytics.py
[2026-09-04T07:53:52.449+0000] {processor.py:840} INFO - DAG(s) 'steam_analytics_daily' retrieved from /opt/airflow/dags/steam_analytics.py
[2026-09-04T07:53:52.477+0000] {logging_mixin.py:188} INFO - [2026-09-04T07:53:52.476+0000] {dag.py:3089} INFO - Sync 1 DAGs
[2026-09-04T07:53:52.505+0000] {logging_mixin.py:188} INFO - [2026-09-04T07:53:52.504+0000] {dag.py:3947} INFO - Setting next_dagrun for steam_analytics_daily to 2026-09-04 02:00:00+00:00, run_after=2026-09-05 02:00:00+00:00
[2026-09-04T07:53:52.529+0000] {processor.py:183} INFO - Processing /opt/airflow/dags/steam_analytics.py took 0.258 seconds
[2026-09-04T07:54:22.678+0000] {processor.py:161} INFO - Started process (PID=278) to work on /opt/airflow/dags/steam_analytics.py
[2026-09-04T07:54:22.679+0000] {processor.py:830} INFO - Processing file /opt/airflow/dags/steam_analytics.py for tasks to queue
[2026-09-04T07:54:22.681+0000] {logging_mixin.py:188} INFO - [2026-09-04T07:54:22.681+0000] {dagbag.py:545} INFO - Filling up the DagBag from /opt/airflow/dags/steam_analytics.py
[2026-09-04T07:54:22.863+0000] {processor.py:840} INFO - DAG(s) 'steam_analytics_daily' retrieved from /opt/airflow/dags/steam_analytics.py
[2026-09-04T07:54:22.889+0000] {logging_mixin.py:188} INFO - [2026-09-04T07:54:22.889+0000] {dag.py:3089} INFO - Sync 1 DAGs
[2026-09-04T07:54:22.911+0000] {logging_mixin.py:188} INFO - [2026-09-04T07:54:22.911+0000] {dag.py:3947} INFO - Setting next_dagrun for steam_analytics_daily to 2026-09-04 02:00:00+00:00, run_after=2026-09-05 02:00:00+00:00
[2026-09-04T07:54:22.937+0000] {processor.py:183} INFO - Processing /opt/airflow/dags/steam_analytics.py took 0.268 seconds
[2026-09-04T07:54:53.077+0000] {processor.py:161} INFO - Started process (PID=283) to work on /opt/airflow/dags/steam_analytics.py
[2026-09-04T07:54:53.078+0000] {processor.py:830} INFO - Processing file /opt/airflow/dags/steam_analytics.py for tasks to queue
[2026-09-04T07:54:53.079+0000] {logging_mixin.py:188} INFO - [2026-09-04T07:54:53.079+0000] {dagbag.py:545} INFO - Filling up the DagBag from /opt/airflow/dags/steam_analytics.py
[2026-09-04T07:54:53.216+0000] {processor.py:840} INFO - DAG(s) 'steam_analytics_daily' retrieved from /opt/airflow/dags/steam_analytics.py
[2026-09-04T07:54:53.241+0000] {logging_mixin.py:188} INFO - [2026-09-04T07:54:53.241+0000] {dag.py:3089} INFO - Sync 1 DAGs
[2026-09-04T07:54:53.261+0000] {logging_mixin.py:188} INFO - [2026-09-04T07:54:53.261+0000] {dag.py:3947} INFO - Setting next_dagrun for steam_analytics_daily to 2026-09-04 02:00:00+00:00, run_after=2026-09-05 02:00:00+00:00
[2026-09-04T07:54:53.278+0000] {processor.py:183} INFO - Processing /opt/airflow/dags/steam_analytics.py took 0.206 seconds
[2026-09-04T07:56:19.375+0000] {processor.py:161} INFO - Started process (PID=186) to work on /opt/airflow/dags/steam_analytics.py
[2026-09-04T07:56:19.376+0000] {processor.py:830} INFO - Processing file /opt/airflow/dags/steam_analytics.py for tasks to queue
[2026-09-04T07:56:19.377+0000] {logging_mixin.py:188} INFO - [2026-09-04T07:56:19.377+0000] {dagbag.py:545} INFO - Filling up the DagBag from /opt/airflow/dags/steam_analytics.py
[2026-09-04T07:56:19.782+0000] {processor.py:840} INFO - DAG(s) 'steam_analytics_daily' retrieved from /opt/airflow/dags/steam_analytics.py
[2026-09-04T07:56:20.006+0000] {logging_mixin.py:188} INFO - [2026-09-04T07:56:20.005+0000] {override.py:1858} INFO - Created Permission View: can edit on DAG:steam_analytics_daily
[2026-09-04T07:56:20.015+0000] {logging_mixin.py:188} INFO - [2026-09-04T07:56:20.015+0000] {override.py:1858} INFO - Created Permission View: can delete on DAG:steam_analytics_daily
[2026-09-04T07:56:20.024+0000] {logging_mixin.py:188} INFO - [2026-09-04T07:56:20.024+0000] {override.py:1858} INFO - Created Permission View: can read on DAG:steam_analytics_daily
[2026-09-04T07:56:20.025+0000] {logging_mixin.py:188} INFO - [2026-09-04T07:56:20.025+0000] {dag.py:3089} INFO - Sync 1 DAGs
[2026-09-04T07:56:20.037+0000] {logging_mixin.py:188} INFO - [2026-09-04T07:56:20.037+0000] {dag.py:3111} INFO - Creating ORM DAG for steam_analytics_daily
[2026-09-04T07:56:20.049+0000] {logging_mixin.py:188} INFO - [2026-09-04T07:56:20.049+0000] {dag.py:3947} INFO - Setting next_dagrun for steam_analytics_daily to 2026-09-03 02:00:00+00:00, run_after=2026-09-04 02:00:00+00:00
[2026-09-04T07:56:20.072+0000] {processor.py:183} INFO - Processing /opt/airflow/dags/steam_analytics.py took 0.701 seconds
[2026-09-04T07:56:50.221+0000] {processor.py:161} INFO - Started process (PID=191) to work on /opt/airflow/dags/steam_analytics.py
[2026-09-04T07:56:50.222+0000] {processor.py:830} INFO - Processing file /opt/airflow/dags/steam_analytics.py for tasks to queue
[2026-09-04T07:56:50.224+0000] {logging_mixin.py:188} INFO - [2026-09-04T07:56:50.224+0000] {dagbag.py:545} INFO - Filling up the DagBag from /opt/airflow/dags/steam_analytics.py
[2026-09-04T07:56:50.368+0000] {processor.py:840} INFO - DAG(s) 'steam_analytics_daily' retrieved from /opt/airflow/dags/steam_analytics.py
[2026-09-04T07:56:50.394+0000] {logging_mixin.py:188} INFO - [2026-09-04T07:56:50.394+0000] {dag.py:3089} INFO - Sync 1 DAGs
[2026-09-04T07:56:50.413+0000] {logging_mixin.py:188} INFO - [2026-09-04T07:56:50.413+0000] {dag.py:3947} INFO - Setting next_dagrun for steam_analytics_daily to 2026-09-03 02:00:00+00:00, run_after=2026-09-04 02:00:00+00:00
[2026-09-04T07:56:50.430+0000] {processor.py:183} INFO - Processing /opt/airflow/dags/steam_analytics.py took 0.213 seconds
[2026-09-04T07:57:20.559+0000] {processor.py:161} INFO - Started process (PID=196) to work on /opt/airflow/dags/steam_analytics.py
[2026-09-04T07:57:20.560+0000] {processor.py:830} INFO - Processing file /opt/airflow/dags/steam_analytics.py for tasks to queue
[2026-09-04T07:57:20.561+0000] {logging_mixin.py:188} INFO - [2026-09-04T07:57:20.561+0000] {dagbag.py:545} INFO - Filling up the DagBag from /opt/airflow/dags/steam_analytics.py
[2026-09-04T07:57:20.727+0000] {processor.py:840} INFO - DAG(s) 'steam_analytics_daily' retrieved from /opt/airflow/dags/steam_analytics.py
[2026-09-04T07:57:20.765+0000] {logging_mixin.py:188} INFO - [2026-09-04T07:57:20.765+0000] {dag.py:3089} INFO - Sync 1 DAGs
[2026-09-04T07:57:20.793+0000] {logging_mixin.py:188} INFO - [2026-09-04T07:57:20.793+0000] {dag.py:3947} INFO - Setting next_dagrun for steam_analytics_daily to 2026-09-03 02:00:00+00:00, run_after=2026-09-04 02:00:00+00:00
[2026-09-04T07:57:20.813+0000] {processor.py:183} INFO - Processing /opt/airflow/dags/steam_analytics.py took 0.259 seconds
[2026-09-04T07:57:50.942+0000] {processor.py:161} INFO - Started process (PID=201) to work on /opt/airflow/dags/steam_analytics.py
[2026-09-04T07:57:50.943+0000] {processor.py:830} INFO - Processing file /opt/airflow/dags/steam_analytics.py for tasks to queue
[2026-09-04T07:57:50.944+0000] {logging_mixin.py:188} INFO - [2026-09-04T07:57:50.944+0000] {dagbag.py:545} INFO - Filling up the DagBag from /opt/airflow/dags/steam_analytics.py
[2026-09-04T07:57:51.099+0000] {processor.py:840} INFO - DAG(s) 'steam_analytics_daily' retrieved from /opt/airflow/dags/steam_analytics.py
[2026-09-04T07:57:51.126+0000] {logging_mixin.py:188} INFO - [2026-09-04T07:57:51.126+0000] {dag.py:3089} INFO - Sync 1 DAGs
[2026-09-04T07:57:51.147+0000] {logging_mixin.py:188} INFO - [2026-09-04T07:57:51.147+0000] {dag.py:3947} INFO - Setting next_dagrun for steam_analytics_daily to 2026-09-03 02:00:00+00:00, run_after=2026-09-04 02:00:00+00:00
[2026-09-04T07:57:51.183+0000] {processor.py:183} INFO - Processing /opt/airflow/dags/steam_analytics.py took 0.246 seconds
[2026-09-04T07:58:21.325+0000] {processor.py:161} INFO - Started process (PID=210) to work on /opt/airflow/dags/steam_analytics.py
[2026-09-04T07:58:21.326+0000] {processor.py:830} INFO - Processing file /opt/airflow/dags/steam_analytics.py for tasks to queue
[2026-09-04T07:58:21.327+0000] {logging_mixin.py:188} INFO - [2026-09-04T07:58:21.327+0000] {dagbag.py:545} INFO - Filling up the DagBag from /opt/airflow/dags/steam_analytics.py
[2026-09-04T07:58:21.474+0000] {processor.py:840} INFO - DAG(s) 'steam_analytics_daily' retrieved from /opt/airflow/dags/steam_analytics.py
[2026-09-04T07:58:21.501+0000] {logging_mixin.py:188} INFO - [2026-09-04T07:58:21.501+0000] {dag.py:3089} INFO - Sync 1 DAGs
[2026-09-04T07:58:21.523+0000] {logging_mixin.py:188} INFO - [2026-09-04T07:58:21.523+0000] {dag.py:3947} INFO - Setting next_dagrun for steam_analytics_daily to 2026-09-04 02:00:00+00:00, run_after=2026-09-05 02:00:00+00:00
[2026-09-04T07:58:21.542+0000] {processor.py:183} INFO - Processing /opt/airflow/dags/steam_analytics.py took 0.221 seconds
[2026-09-04T07:58:51.681+0000] {processor.py:161} INFO - Started process (PID=215) to work on /opt/airflow/dags/steam_analytics.py
[2026-09-04T07:58:51.682+0000] {processor.py:830} INFO - Processing file /opt/airflow/dags/steam_analytics.py for tasks to queue
[2026-09-04T07:58:51.683+0000] {logging_mixin.py:188} INFO - [2026-09-04T07:58:51.683+0000] {dagbag.py:545} INFO - Filling up the DagBag from /opt/airflow/dags/steam_analytics.py
[2026-09-04T07:58:51.848+0000] {processor.py:840} INFO - DAG(s) 'steam_analytics_daily' retrieved from /opt/airflow/dags/steam_analytics.py
[2026-09-04T07:58:51.877+0000] {logging_mixin.py:188} INFO - [2026-09-04T07:58:51.877+0000] {dag.py:3089} INFO - Sync 1 DAGs
[2026-09-04T07:58:51.899+0000] {logging_mixin.py:188} INFO - [2026-09-04T07:58:51.898+0000] {dag.py:3947} INFO - Setting next_dagrun for steam_analytics_daily to 2026-09-04 02:00:00+00:00, run_after=2026-09-05 02:00:00+00:00
[2026-09-04T07:58:51.916+0000] {processor.py:183} INFO - Processing /opt/airflow/dags/steam_analytics.py took 0.241 seconds
[2026-09-04T07:59:22.044+0000] {processor.py:161} INFO - Started process (PID=220) to work on /opt/airflow/dags/steam_analytics.py
[2026-09-04T07:59:22.045+0000] {processor.py:830} INFO - Processing file /opt/airflow/dags/steam_analytics.py for tasks to queue
[2026-09-04T07:59:22.046+0000] {logging_mixin.py:188} INFO - [2026-09-04T07:59:22.046+0000] {dagbag.py:545} INFO - Filling up the DagBag from /opt/airflow/dags/steam_analytics.py
[2026-09-04T07:59:22.180+0000] {processor.py:840} INFO - DAG(s) 'steam_analytics_daily' retrieved from /opt/airflow/dags/steam_analytics.py
[2026-09-04T07:59:22.205+0000] {logging_mixin.py:188} INFO - [2026-09-04T07:59:22.205+0000] {dag.py:3089} INFO - Sync 1 DAGs
[2026-09-04T07:59:22.226+0000] {logging_mixin.py:188} INFO - [2026-09-04T07:59:22.225+0000] {dag.py:3947} INFO - Setting next_dagrun for steam_analytics_daily to 2026-09-04 02:00:00+00:00, run_after=2026-09-05 02:00:00+00:00
[2026-09-04T07:59:22.243+0000] {processor.py:183} INFO - Processing /opt/airflow/dags/steam_analytics.py took 0.203 seconds
[2026-09-04T07:59:52.376+0000] {processor.py:161} INFO - Started process (PID=225) to work on /opt/airflow/dags/steam_analytics.py
[2026-09-04T07:59:52.377+0000] {processor.py:830} INFO - Processing file /opt/airflow/dags/steam_analytics.py for tasks to queue
[2026-09-04T07:59:52.379+0000] {logging_mixin.py:188} INFO - [2026-09-04T07:59:52.378+0000] {dagbag.py:545} INFO - Filling up the DagBag from /opt/airflow/dags/steam_analytics.py
[2026-09-04T07:59:52.531+0000] {processor.py:840} INFO - DAG(s) 'steam_analytics_daily' retrieved from /opt/airflow/dags/steam_analytics.py
[2026-09-04T07:59:52.559+0000] {logging_mixin.py:188} INFO - [2026-09-04T07:59:52.559+0000] {dag.py:3089} INFO - Sync 1 DAGs
[2026-09-04T07:59:52.581+0000] {logging_mixin.py:188} INFO - [2026-09-04T07:59:52.581+0000] {dag.py:3947} INFO - Setting next_dagrun for steam_analytics_daily to 2026-09-04 02:00:00+00:00, run_after=2026-09-05 02:00:00+00:00
[2026-09-04T07:59:52.599+0000] {processor.py:183} INFO - Processing /opt/airflow/dags/steam_analytics.py took 0.228 seconds
[2026-09-04T08:00:22.729+0000] {processor.py:161} INFO - Started process (PID=232) to work on /opt/airflow/dags/steam_analytics.py
[2026-09-04T08:00:22.729+0000] {processor.py:830} INFO - Processing file /opt/airflow/dags/steam_analytics.py for tasks to queue
[2026-09-04T08:00:22.731+0000] {logging_mixin.py:188} INFO - [2026-09-04T08:00:22.730+0000] {dagbag.py:545} INFO - Filling up the DagBag from /opt/airflow/dags/steam_analytics.py
[2026-09-04T08:00:22.869+0000] {processor.py:840} INFO - DAG(s) 'steam_analytics_daily' retrieved from /opt/airflow/dags/steam_analytics.py
[2026-09-04T08:00:22.894+0000] {logging_mixin.py:188} INFO - [2026-09-04T08:00:22.894+0000] {dag.py:3089} INFO - Sync 1 DAGs
[2026-09-04T08:00:22.915+0000] {logging_mixin.py:188} INFO - [2026-09-04T08:00:22.914+0000] {dag.py:3947} INFO - Setting next_dagrun for steam_analytics_daily to 2026-09-04 02:00:00+00:00, run_after=2026-09-05 02:00:00+00:00
[2026-09-04T08:00:22.931+0000] {processor.py:183} INFO - Processing /opt/airflow/dags/steam_analytics.py took 0.207 seconds
[2026-09-04T08:00:53.063+0000] {processor.py:161} INFO - Started process (PID=237) to work on /opt/airflow/dags/steam_analytics.py
[2026-09-04T08:00:53.063+0000] {processor.py:830} INFO - Processing file /opt/airflow/dags/steam_analytics.py for tasks to queue
[2026-09-04T08:00:53.065+0000] {logging_mixin.py:188} INFO - [2026-09-04T08:00:53.065+0000] {dagbag.py:545} INFO - Filling up the DagBag from /opt/airflow/dags/steam_analytics.py
[2026-09-04T08:00:53.213+0000] {processor.py:840} INFO - DAG(s) 'steam_analytics_daily' retrieved from /opt/airflow/dags/steam_analytics.py
[2026-09-04T08:00:53.243+0000] {logging_mixin.py:188} INFO - [2026-09-04T08:00:53.243+0000] {dag.py:3089} INFO - Sync 1 DAGs
[2026-09-04T08:00:53.265+0000] {logging_mixin.py:188} INFO - [2026-09-04T08:00:53.264+0000] {dag.py:3947} INFO - Setting next_dagrun for steam_analytics_daily to 2026-09-04 02:00:00+00:00, run_after=2026-09-05 02:00:00+00:00
[2026-09-04T08:00:53.281+0000] {processor.py:183} INFO - Processing /opt/airflow/dags/steam_analytics.py took 0.224 seconds
[2026-09-04T08:01:23.448+0000] {processor.py:161} INFO - Started process (PID=242) to work on /opt/airflow/dags/steam_analytics.py
[2026-09-04T08:01:23.449+0000] {processor.py:830} INFO - Processing file /opt/airflow/dags/steam_analytics.py for tasks to queue
[2026-09-04T08:01:23.451+0000] {logging_mixin.py:188} INFO - [2026-09-04T08:01:23.451+0000] {dagbag.py:545} INFO - Filling up the DagBag from /opt/airflow/dags/steam_analytics.py
[2026-09-04T08:01:23.631+0000] {processor.py:840} INFO - DAG(s) 'steam_analytics_daily' retrieved from /opt/airflow/dags/steam_analytics.py
[2026-09-04T08:01:23.661+0000] {logging_mixin.py:188} INFO - [2026-09-04T08:01:23.660+0000] {dag.py:3089} INFO - Sync 1 DAGs
[2026-09-04T08:01:23.682+0000] {logging_mixin.py:188} INFO - [2026-09-04T08:01:23.682+0000] {dag.py:3947} INFO - Setting next_dagrun for steam_analytics_daily to 2026-09-04 02:00:00+00:00, run_after=2026-09-05 02:00:00+00:00
[2026-09-04T08:01:23.701+0000] {processor.py:183} INFO - Processing /opt/airflow/dags/steam_analytics.py took 0.258 seconds
[2026-09-04T08:01:53.836+0000] {processor.py:161} INFO - Started process (PID=247) to work on /opt/airflow/dags/steam_analytics.py
[2026-09-04T08:01:53.837+0000] {processor.py:830} INFO - Processing file /opt/airflow/dags/steam_analytics.py for tasks to queue
[2026-09-04T08:01:53.838+0000] {logging_mixin.py:188} INFO - [2026-09-04T08:01:53.838+0000] {dagbag.py:545} INFO - Filling up the DagBag from /opt/airflow/dags/steam_analytics.py
[2026-09-04T08:01:53.990+0000] {processor.py:840} INFO - DAG(s) 'steam_analytics_daily' retrieved from /opt/airflow/dags/steam_analytics.py
[2026-09-04T08:01:54.020+0000] {logging_mixin.py:188} INFO - [2026-09-04T08:01:54.019+0000] {dag.py:3089} INFO - Sync 1 DAGs
[2026-09-04T08:01:54.040+0000] {logging_mixin.py:188} INFO - [2026-09-04T08:01:54.040+0000] {dag.py:3947} INFO - Setting next_dagrun for steam_analytics_daily to 2026-09-04 02:00:00+00:00, run_after=2026-09-05 02:00:00+00:00
[2026-09-04T08:01:54.057+0000] {processor.py:183} INFO - Processing /opt/airflow/dags/steam_analytics.py took 0.227 seconds
[2026-09-04T08:02:24.183+0000] {processor.py:161} INFO - Started process (PID=252) to work on /opt/airflow/dags/steam_analytics.py
[2026-09-04T08:02:24.184+0000] {processor.py:830} INFO - Processing file /opt/airflow/dags/steam_analytics.py for tasks to queue
[2026-09-04T08:02:24.186+0000] {logging_mixin.py:188} INFO - [2026-09-04T08:02:24.185+0000] {dagbag.py:545} INFO - Filling up the DagBag from /opt/airflow/dags/steam_analytics.py
[2026-09-04T08:02:24.336+0000] {processor.py:840} INFO - DAG(s) 'steam_analytics_daily' retrieved from /opt/airflow/dags/steam_analytics.py
[2026-09-04T08:02:24.363+0000] {logging_mixin.py:188} INFO - [2026-09-04T08:02:24.363+0000] {dag.py:3089} INFO - Sync 1 DAGs
[2026-09-04T08:02:24.385+0000] {logging_mixin.py:188} INFO - [2026-09-04T08:02:24.385+0000] {dag.py:3947} INFO - Setting next_dagrun for steam_analytics_daily to 2026-09-04 02:00:00+00:00, run_after=2026-09-05 02:00:00+00:00
[2026-09-04T08:02:24.402+0000] {processor.py:183} INFO - Processing /opt/airflow/dags/steam_analytics.py took 0.223 seconds
[2026-09-04T08:02:54.532+0000] {processor.py:161} INFO - Started process (PID=257) to work on /opt/airflow/dags/steam_analytics.py
[2026-09-04T08:02:54.533+0000] {processor.py:830} INFO - Processing file /opt/airflow/dags/steam_analytics.py for tasks to queue
[2026-09-04T08:02:54.534+0000] {logging_mixin.py:188} INFO - [2026-09-04T08:02:54.534+0000] {dagbag.py:545} INFO - Filling up the DagBag from /opt/airflow/dags/steam_analytics.py
[2026-09-04T08:02:54.668+0000] {processor.py:840} INFO - DAG(s) 'steam_analytics_daily' retrieved from /opt/airflow/dags/steam_analytics.py
[2026-09-04T08:02:54.694+0000] {logging_mixin.py:188} INFO - [2026-09-04T08:02:54.694+0000] {dag.py:3089} INFO - Sync 1 DAGs
[2026-09-04T08:02:54.714+0000] {logging_mixin.py:188} INFO - [2026-09-04T08:02:54.714+0000] {dag.py:3947} INFO - Setting next_dagrun for steam_analytics_daily to 2026-09-04 02:00:00+00:00, run_after=2026-09-05 02:00:00+00:00
[2026-09-04T08:02:54.730+0000] {processor.py:183} INFO - Processing /opt/airflow/dags/steam_analytics.py took 0.203 seconds
[2026-09-04T08:03:24.860+0000] {processor.py:161} INFO - Started process (PID=262) to work on /opt/airflow/dags/steam_analytics.py
[2026-09-04T08:03:24.861+0000] {processor.py:830} INFO - Processing file /opt/airflow/dags/steam_analytics.py for tasks to queue
[2026-09-04T08:03:24.863+0000] {logging_mixin.py:188} INFO - [2026-09-04T08:03:24.862+0000] {dagbag.py:545} INFO - Filling up the DagBag from /opt/airflow/dags/steam_analytics.py
[2026-09-04T08:03:25.009+0000] {processor.py:840} INFO - DAG(s) 'steam_analytics_daily' retrieved from /opt/airflow/dags/steam_analytics.py
[2026-09-04T08:03:25.037+0000] {logging_mixin.py:188} INFO - [2026-09-04T08:03:25.037+0000] {dag.py:3089} INFO - Sync 1 DAGs
[2026-09-04T08:03:25.057+0000] {logging_mixin.py:188} INFO - [2026-09-04T08:03:25.057+0000] {dag.py:3947} INFO - Setting next_dagrun for steam_analytics_daily to 2026-09-04 02:00:00+00:00, run_after=2026-09-05 02:00:00+00:00
[2026-09-04T08:03:25.074+0000] {processor.py:183} INFO - Processing /opt/airflow/dags/steam_analytics.py took 0.221 seconds
[2026-09-04T08:03:55.205+0000] {processor.py:161} INFO - Started process (PID=269) to work on /opt/airflow/dags/steam_analytics.py
[2026-09-04T08:03:55.206+0000] {processor.py:830} INFO - Processing file /opt/airflow/dags/steam_analytics.py for tasks to queue
[2026-09-04T08:03:55.208+0000] {logging_mixin.py:188} INFO - [2026-09-04T08:03:55.207+0000] {dagbag.py:545} INFO - Filling up the DagBag from /opt/airflow/dags/steam_analytics.py
[2026-09-04T08:03:55.354+0000] {processor.py:840} INFO - DAG(s) 'steam_analytics_daily' retrieved from /opt/airflow/dags/steam_analytics.py
[2026-09-04T08:03:55.386+0000] {logging_mixin.py:188} INFO - [2026-09-04T08:03:55.386+0000] {dag.py:3089} INFO - Sync 1 DAGs
[2026-09-04T08:03:55.410+0000] {logging_mixin.py:188} INFO - [2026-09-04T08:03:55.410+0000] {dag.py:3947} INFO - Setting next_dagrun for steam_analytics_daily to 2026-09-04 02:00:00+00:00, run_after=2026-09-05 02:00:00+00:00
[2026-09-04T08:03:55.430+0000] {processor.py:183} INFO - Processing /opt/airflow/dags/steam_analytics.py took 0.229 seconds
[2026-09-04T08:04:25.558+0000] {processor.py:161} INFO - Started process (PID=274) to work on /opt/airflow/dags/steam_analytics.py
[2026-09-04T08:04:25.559+0000] {processor.py:830} INFO - Processing file /opt/airflow/dags/steam_analytics.py for tasks to queue
[2026-09-04T08:04:25.561+0000] {logging_mixin.py:188} INFO - [2026-09-04T08:04:25.561+0000] {dagbag.py:545} INFO - Filling up the DagBag from /opt/airflow/dags/steam_analytics.py
[2026-09-04T08:04:25.691+0000] {processor.py:840} INFO - DAG(s) 'steam_analytics_daily' retrieved from /opt/airflow/dags/steam_analytics.py
[2026-09-04T08:04:25.717+0000] {logging_mixin.py:188} INFO - [2026-09-04T08:04:25.717+0000] {dag.py:3089} INFO - Sync 1 DAGs
[2026-09-04T08:04:25.736+0000] {logging_mixin.py:188} INFO - [2026-09-04T08:04:25.736+0000] {dag.py:3947} INFO - Setting next_dagrun for steam_analytics_daily to 2026-09-04 02:00:00+00:00, run_after=2026-09-05 02:00:00+00:00
[2026-09-04T08:04:25.752+0000] {processor.py:183} INFO - Processing /opt/airflow/dags/steam_analytics.py took 0.199 seconds
[2026-09-04T08:04:57.135+0000] {processor.py:161} INFO - Started process (PID=184) to work on /opt/airflow/dags/steam_analytics.py
[2026-09-04T08:04:57.136+0000] {processor.py:830} INFO - Processing file /opt/airflow/dags/steam_analytics.py for tasks to queue
[2026-09-04T08:04:57.137+0000] {logging_mixin.py:188} INFO - [2026-09-04T08:04:57.137+0000] {dagbag.py:545} INFO - Filling up the DagBag from /opt/airflow/dags/steam_analytics.py
[2026-09-04T08:04:57.280+0000] {processor.py:840} INFO - DAG(s) 'steam_analytics_daily' retrieved from /opt/airflow/dags/steam_analytics.py
[2026-09-04T08:04:57.318+0000] {logging_mixin.py:188} INFO - [2026-09-04T08:04:57.318+0000] {dag.py:3089} INFO - Sync 1 DAGs
[2026-09-04T08:04:57.339+0000] {logging_mixin.py:188} INFO - [2026-09-04T08:04:57.339+0000] {dag.py:3947} INFO - Setting next_dagrun for steam_analytics_daily to 2026-09-04 02:00:00+00:00, run_after=2026-09-05 02:00:00+00:00
[2026-09-04T08:04:57.356+0000] {processor.py:183} INFO - Processing /opt/airflow/dags/steam_analytics.py took 0.226 seconds
[2026-09-04T08:05:27.489+0000] {processor.py:161} INFO - Started process (PID=192) to work on /opt/airflow/dags/steam_analytics.py
[2026-09-04T08:05:27.490+0000] {processor.py:830} INFO - Processing file /opt/airflow/dags/steam_analytics.py for tasks to queue
[2026-09-04T08:05:27.492+0000] {logging_mixin.py:188} INFO - [2026-09-04T08:05:27.491+0000] {dagbag.py:545} INFO - Filling up the DagBag from /opt/airflow/dags/steam_analytics.py
[2026-09-04T08:05:27.636+0000] {processor.py:840} INFO - DAG(s) 'steam_analytics_daily' retrieved from /opt/airflow/dags/steam_analytics.py
[2026-09-04T08:05:27.666+0000] {logging_mixin.py:188} INFO - [2026-09-04T08:05:27.666+0000] {dag.py:3089} INFO - Sync 1 DAGs
[2026-09-04T08:05:27.689+0000] {logging_mixin.py:188} INFO - [2026-09-04T08:05:27.689+0000] {dag.py:3947} INFO - Setting next_dagrun for steam_analytics_daily to 2026-09-04 02:00:00+00:00, run_after=2026-09-05 02:00:00+00:00
[2026-09-04T08:05:27.708+0000] {processor.py:183} INFO - Processing /opt/airflow/dags/steam_analytics.py took 0.223 seconds
[2026-09-04T08:06:46.091+0000] {processor.py:161} INFO - Started process (PID=186) to work on /opt/airflow/dags/steam_analytics.py
[2026-09-04T08:06:46.092+0000] {processor.py:830} INFO - Processing file /opt/airflow/dags/steam_analytics.py for tasks to queue
[2026-09-04T08:06:46.093+0000] {logging_mixin.py:188} INFO - [2026-09-04T08:06:46.093+0000] {dagbag.py:545} INFO - Filling up the DagBag from /opt/airflow/dags/steam_analytics.py
[2026-09-04T08:06:46.508+0000] {processor.py:840} INFO - DAG(s) 'steam_analytics_daily' retrieved from /opt/airflow/dags/steam_analytics.py
[2026-09-04T08:06:46.838+0000] {logging_mixin.py:188} INFO - [2026-09-04T08:06:46.837+0000] {override.py:1858} INFO - Created Permission View: can edit on DAG:steam_analytics_daily
[2026-09-04T08:06:46.847+0000] {logging_mixin.py:188} INFO - [2026-09-04T08:06:46.847+0000] {override.py:1858} INFO - Created Permission View: can read on DAG:steam_analytics_daily
[2026-09-04T08:06:46.853+0000] {logging_mixin.py:188} INFO - [2026-09-04T08:06:46.852+0000] {override.py:1858} INFO - Created Permission View: can delete on DAG:steam_analytics_daily
[2026-09-04T08:06:46.853+0000] {logging_mixin.py:188} INFO - [2026-09-04T08:06:46.853+0000] {dag.py:3089} INFO - Sync 1 DAGs
[2026-09-04T08:06:46.863+0000] {logging_mixin.py:188} INFO - [2026-09-04T08:06:46.863+0000] {dag.py:3111} INFO - Creating ORM DAG for steam_analytics_daily
[2026-09-04T08:06:46.874+0000] {logging_mixin.py:188} INFO - [2026-09-04T08:06:46.873+0000] {dag.py:3947} INFO - Setting next_dagrun for steam_analytics_daily to 2026-09-03 02:00:00+00:00, run_after=2026-09-04 02:00:00+00:00
[2026-09-04T08:06:46.894+0000] {processor.py:183} INFO - Processing /opt/airflow/dags/steam_analytics.py took 0.809 seconds
[2026-09-04T08:07:17.046+0000] {processor.py:161} INFO - Started process (PID=191) to work on /opt/airflow/dags/steam_analytics.py
[2026-09-04T08:07:17.047+0000] {processor.py:830} INFO - Processing file /opt/airflow/dags/steam_analytics.py for tasks to queue
[2026-09-04T08:07:17.048+0000] {logging_mixin.py:188} INFO - [2026-09-04T08:07:17.048+0000] {dagbag.py:545} INFO - Filling up the DagBag from /opt/airflow/dags/steam_analytics.py
[2026-09-04T08:07:17.187+0000] {processor.py:840} INFO - DAG(s) 'steam_analytics_daily' retrieved from /opt/airflow/dags/steam_analytics.py
[2026-09-04T08:07:17.214+0000] {logging_mixin.py:188} INFO - [2026-09-04T08:07:17.214+0000] {dag.py:3089} INFO - Sync 1 DAGs
[2026-09-04T08:07:17.237+0000] {logging_mixin.py:188} INFO - [2026-09-04T08:07:17.237+0000] {dag.py:3947} INFO - Setting next_dagrun for steam_analytics_daily to 2026-09-03 02:00:00+00:00, run_after=2026-09-04 02:00:00+00:00
[2026-09-04T08:07:17.255+0000] {processor.py:183} INFO - Processing /opt/airflow/dags/steam_analytics.py took 0.214 seconds
[2026-09-04T08:07:47.354+0000] {processor.py:161} INFO - Started process (PID=200) to work on /opt/airflow/dags/steam_analytics.py
[2026-09-04T08:07:47.355+0000] {processor.py:830} INFO - Processing file /opt/airflow/dags/steam_analytics.py for tasks to queue
[2026-09-04T08:07:47.356+0000] {logging_mixin.py:188} INFO - [2026-09-04T08:07:47.356+0000] {dagbag.py:545} INFO - Filling up the DagBag from /opt/airflow/dags/steam_analytics.py
[2026-09-04T08:07:47.495+0000] {processor.py:840} INFO - DAG(s) 'steam_analytics_daily' retrieved from /opt/airflow/dags/steam_analytics.py
[2026-09-04T08:07:47.525+0000] {logging_mixin.py:188} INFO - [2026-09-04T08:07:47.524+0000] {dag.py:3089} INFO - Sync 1 DAGs
[2026-09-04T08:07:47.547+0000] {logging_mixin.py:188} INFO - [2026-09-04T08:07:47.546+0000] {dag.py:3947} INFO - Setting next_dagrun for steam_analytics_daily to 2026-09-04 02:00:00+00:00, run_after=2026-09-05 02:00:00+00:00
[2026-09-04T08:07:47.564+0000] {processor.py:183} INFO - Processing /opt/airflow/dags/steam_analytics.py took 0.215 seconds
[2026-09-04T08:08:17.696+0000] {processor.py:161} INFO - Started process (PID=205) to work on /opt/airflow/dags/steam_analytics.py
[2026-09-04T08:08:17.696+0000] {processor.py:830} INFO - Processing file /opt/airflow/dags/steam_analytics.py for tasks to queue
[2026-09-04T08:08:17.698+0000] {logging_mixin.py:188} INFO - [2026-09-04T08:08:17.697+0000] {dagbag.py:545} INFO - Filling up the DagBag from /opt/airflow/dags/steam_analytics.py
[2026-09-04T08:08:17.833+0000] {processor.py:840} INFO - DAG(s) 'steam_analytics_daily' retrieved from /opt/airflow/dags/steam_analytics.py
[2026-09-04T08:08:17.862+0000] {logging_mixin.py:188} INFO - [2026-09-04T08:08:17.862+0000] {dag.py:3089} INFO - Sync 1 DAGs
[2026-09-04T08:08:17.883+0000] {logging_mixin.py:188} INFO - [2026-09-04T08:08:17.882+0000] {dag.py:3947} INFO - Setting next_dagrun for steam_analytics_daily to 2026-09-04 02:00:00+00:00, run_after=2026-09-05 02:00:00+00:00
[2026-09-04T08:08:17.901+0000] {processor.py:183} INFO - Processing /opt/airflow/dags/steam_analytics.py took 0.210 seconds
[2026-09-04T08:08:48.027+0000] {processor.py:161} INFO - Started process (PID=210) to work on /opt/airflow/dags/steam_analytics.py
[2026-09-04T08:08:48.027+0000] {processor.py:830} INFO - Processing file /opt/airflow/dags/steam_analytics.py for tasks to queue
[2026-09-04T08:08:48.029+0000] {logging_mixin.py:188} INFO - [2026-09-04T08:08:48.028+0000] {dagbag.py:545} INFO - Filling up the DagBag from /opt/airflow/dags/steam_analytics.py
[2026-09-04T08:08:48.158+0000] {processor.py:840} INFO - DAG(s) 'steam_analytics_daily' retrieved from /opt/airflow/dags/steam_analytics.py
[2026-09-04T08:08:48.187+0000] {logging_mixin.py:188} INFO - [2026-09-04T08:08:48.187+0000] {dag.py:3089} INFO - Sync 1 DAGs
[2026-09-04T08:08:48.206+0000] {logging_mixin.py:188} INFO - [2026-09-04T08:08:48.206+0000] {dag.py:3947} INFO - Setting next_dagrun for steam_analytics_daily to 2026-09-04 02:00:00+00:00, run_after=2026-09-05 02:00:00+00:00
[2026-09-04T08:08:48.223+0000] {processor.py:183} INFO - Processing /opt/airflow/dags/steam_analytics.py took 0.201 seconds
[2026-09-04T08:09:18.353+0000] {processor.py:161} INFO - Started process (PID=217) to work on /opt/airflow/dags/steam_analytics.py
[2026-09-04T08:09:18.354+0000] {processor.py:830} INFO - Processing file /opt/airflow/dags/steam_analytics.py for tasks to queue
[2026-09-04T08:09:18.355+0000] {logging_mixin.py:188} INFO - [2026-09-04T08:09:18.355+0000] {dagbag.py:545} INFO - Filling up the DagBag from /opt/airflow/dags/steam_analytics.py
[2026-09-04T08:09:18.488+0000] {processor.py:840} INFO - DAG(s) 'steam_analytics_daily' retrieved from /opt/airflow/dags/steam_analytics.py
[2026-09-04T08:09:18.515+0000] {logging_mixin.py:188} INFO - [2026-09-04T08:09:18.515+0000] {dag.py:3089} INFO - Sync 1 DAGs
[2026-09-04T08:09:18.539+0000] {logging_mixin.py:188} INFO - [2026-09-04T08:09:18.539+0000] {dag.py:3947} INFO - Setting next_dagrun for steam_analytics_daily to 2026-09-04 02:00:00+00:00, run_after=2026-09-05 02:00:00+00:00
[2026-09-04T08:09:18.559+0000] {processor.py:183} INFO - Processing /opt/airflow/dags/steam_analytics.py took 0.211 seconds
[2026-09-04T08:09:48.689+0000] {processor.py:161} INFO - Started process (PID=222) to work on /opt/airflow/dags/steam_analytics.py
[2026-09-04T08:09:48.690+0000] {processor.py:830} INFO - Processing file /opt/airflow/dags/steam_analytics.py for tasks to queue
[2026-09-04T08:09:48.691+0000] {logging_mixin.py:188} INFO - [2026-09-04T08:09:48.691+0000] {dagbag.py:545} INFO - Filling up the DagBag from /opt/airflow/dags/steam_analytics.py
[2026-09-04T08:09:48.809+0000] {processor.py:840} INFO - DAG(s) 'steam_analytics_daily' retrieved from /opt/airflow/dags/steam_analytics.py
[2026-09-04T08:09:48.839+0000] {logging_mixin.py:188} INFO - [2026-09-04T08:09:48.839+0000] {dag.py:3089} INFO - Sync 1 DAGs
[2026-09-04T08:09:48.861+0000] {logging_mixin.py:188} INFO - [2026-09-04T08:09:48.860+0000] {dag.py:3947} INFO - Setting next_dagrun for steam_analytics_daily to 2026-09-04 02:00:00+00:00, run_after=2026-09-05 02:00:00+00:00
[2026-09-04T08:09:48.878+0000] {processor.py:183} INFO - Processing /opt/airflow/dags/steam_analytics.py took 0.194 seconds
[2026-09-04T08:11:42.024+0000] {processor.py:161} INFO - Started process (PID=186) to work on /opt/airflow/dags/steam_analytics.py
[2026-09-04T08:11:42.025+0000] {processor.py:830} INFO - Processing file /opt/airflow/dags/steam_analytics.py for tasks to queue
[2026-09-04T08:11:42.027+0000] {logging_mixin.py:188} INFO - [2026-09-04T08:11:42.027+0000] {dagbag.py:545} INFO - Filling up the DagBag from /opt/airflow/dags/steam_analytics.py
[2026-09-04T08:11:42.596+0000] {processor.py:840} INFO - DAG(s) 'steam_analytics_daily' retrieved from /opt/airflow/dags/steam_analytics.py
[2026-09-04T08:11:42.966+0000] {logging_mixin.py:188} INFO - [2026-09-04T08:11:42.965+0000] {override.py:1858} INFO - Created Permission View: can edit on DAG:steam_analytics_daily
[2026-09-04T08:11:42.981+0000] {logging_mixin.py:188} INFO - [2026-09-04T08:11:42.981+0000] {override.py:1858} INFO - Created Permission View: can delete on DAG:steam_analytics_daily
[2026-09-04T08:11:42.993+0000] {logging_mixin.py:188} INFO - [2026-09-04T08:11:42.993+0000] {override.py:1858} INFO - Created Permission View: can read on DAG:steam_analytics_daily
[2026-09-04T08:11:42.994+0000] {logging_mixin.py:188} INFO - [2026-09-04T08:11:42.994+0000] {dag.py:3089} INFO - Sync 1 DAGs
[2026-09-04T08:11:43.009+0000] {logging_mixin.py:188} INFO - [2026-09-04T08:11:43.008+0000] {dag.py:3111} INFO - Creating ORM DAG for steam_analytics_daily
[2026-09-04T08:11:43.027+0000] {logging_mixin.py:188} INFO - [2026-09-04T08:11:43.027+0000] {dag.py:3947} INFO - Setting next_dagrun for steam_analytics_daily to 2026-09-03 02:00:00+00:00, run_after=2026-09-04 02:00:00+00:00
[2026-09-04T08:11:43.064+0000] {processor.py:183} INFO - Processing /opt/airflow/dags/steam_analytics.py took 1.046 seconds
[2026-09-04T08:12:13.213+0000] {processor.py:161} INFO - Started process (PID=191) to work on /opt/airflow/dags/steam_analytics.py
[2026-09-04T08:12:13.214+0000] {processor.py:830} INFO - Processing file /opt/airflow/dags/steam_analytics.py for tasks to queue
[2026-09-04T08:12:13.215+0000] {logging_mixin.py:188} INFO - [2026-09-04T08:12:13.215+0000] {dagbag.py:545} INFO - Filling up the DagBag from /opt/airflow/dags/steam_analytics.py
[2026-09-04T08:12:13.341+0000] {processor.py:840} INFO - DAG(s) 'steam_analytics_daily' retrieved from /opt/airflow/dags/steam_analytics.py
[2026-09-04T08:12:13.366+0000] {logging_mixin.py:188} INFO - [2026-09-04T08:12:13.365+0000] {dag.py:3089} INFO - Sync 1 DAGs
[2026-09-04T08:12:13.385+0000] {logging_mixin.py:188} INFO - [2026-09-04T08:12:13.385+0000] {dag.py:3947} INFO - Setting next_dagrun for steam_analytics_daily to 2026-09-03 02:00:00+00:00, run_after=2026-09-04 02:00:00+00:00
[2026-09-04T08:12:13.399+0000] {processor.py:183} INFO - Processing /opt/airflow/dags/steam_analytics.py took 0.191 seconds
[2026-09-04T08:12:43.523+0000] {processor.py:161} INFO - Started process (PID=196) to work on /opt/airflow/dags/steam_analytics.py
[2026-09-04T08:12:43.524+0000] {processor.py:830} INFO - Processing file /opt/airflow/dags/steam_analytics.py for tasks to queue
[2026-09-04T08:12:43.525+0000] {logging_mixin.py:188} INFO - [2026-09-04T08:12:43.525+0000] {dagbag.py:545} INFO - Filling up the DagBag from /opt/airflow/dags/steam_analytics.py
[2026-09-04T08:12:43.669+0000] {processor.py:840} INFO - DAG(s) 'steam_analytics_daily' retrieved from /opt/airflow/dags/steam_analytics.py
[2026-09-04T08:12:43.696+0000] {logging_mixin.py:188} INFO - [2026-09-04T08:12:43.696+0000] {dag.py:3089} INFO - Sync 1 DAGs
[2026-09-04T08:12:43.717+0000] {logging_mixin.py:188} INFO - [2026-09-04T08:12:43.717+0000] {dag.py:3947} INFO - Setting next_dagrun for steam_analytics_daily to 2026-09-03 02:00:00+00:00, run_after=2026-09-04 02:00:00+00:00
[2026-09-04T08:12:43.736+0000] {processor.py:183} INFO - Processing /opt/airflow/dags/steam_analytics.py took 0.218 seconds
[2026-09-04T08:13:13.873+0000] {processor.py:161} INFO - Started process (PID=201) to work on /opt/airflow/dags/steam_analytics.py
[2026-09-04T08:13:13.873+0000] {processor.py:830} INFO - Processing file /opt/airflow/dags/steam_analytics.py for tasks to queue
[2026-09-04T08:13:13.875+0000] {logging_mixin.py:188} INFO - [2026-09-04T08:13:13.875+0000] {dagbag.py:545} INFO - Filling up the DagBag from /opt/airflow/dags/steam_analytics.py
[2026-09-04T08:13:14.007+0000] {processor.py:840} INFO - DAG(s) 'steam_analytics_daily' retrieved from /opt/airflow/dags/steam_analytics.py
[2026-09-04T08:13:14.034+0000] {logging_mixin.py:188} INFO - [2026-09-04T08:13:14.034+0000] {dag.py:3089} INFO - Sync 1 DAGs
[2026-09-04T08:13:14.054+0000] {logging_mixin.py:188} INFO - [2026-09-04T08:13:14.054+0000] {dag.py:3947} INFO - Setting next_dagrun for steam_analytics_daily to 2026-09-03 02:00:00+00:00, run_after=2026-09-04 02:00:00+00:00
[2026-09-04T08:13:14.069+0000] {processor.py:183} INFO - Processing /opt/airflow/dags/steam_analytics.py took 0.202 seconds
[2026-09-04T08:13:44.203+0000] {processor.py:161} INFO - Started process (PID=210) to work on /opt/airflow/dags/steam_analytics.py
[2026-09-04T08:13:44.204+0000] {processor.py:830} INFO - Processing file /opt/airflow/dags/steam_analytics.py for tasks to queue
[2026-09-04T08:13:44.205+0000] {logging_mixin.py:188} INFO - [2026-09-04T08:13:44.205+0000] {dagbag.py:545} INFO - Filling up the DagBag from /opt/airflow/dags/steam_analytics.py
[2026-09-04T08:13:44.334+0000] {processor.py:840} INFO - DAG(s) 'steam_analytics_daily' retrieved from /opt/airflow/dags/steam_analytics.py
[2026-09-04T08:13:44.359+0000] {logging_mixin.py:188} INFO - [2026-09-04T08:13:44.359+0000] {dag.py:3089} INFO - Sync 1 DAGs
[2026-09-04T08:13:44.379+0000] {logging_mixin.py:188} INFO - [2026-09-04T08:13:44.379+0000] {dag.py:3947} INFO - Setting next_dagrun for steam_analytics_daily to 2026-09-04 02:00:00+00:00, run_after=2026-09-05 02:00:00+00:00
[2026-09-04T08:13:44.397+0000] {processor.py:183} INFO - Processing /opt/airflow/dags/steam_analytics.py took 0.199 seconds
[2026-09-04T08:14:14.525+0000] {processor.py:161} INFO - Started process (PID=215) to work on /opt/airflow/dags/steam_analytics.py
[2026-09-04T08:14:14.526+0000] {processor.py:830} INFO - Processing file /opt/airflow/dags/steam_analytics.py for tasks to queue
[2026-09-04T08:14:14.528+0000] {logging_mixin.py:188} INFO - [2026-09-04T08:14:14.527+0000] {dagbag.py:545} INFO - Filling up the DagBag from /opt/airflow/dags/steam_analytics.py
[2026-09-04T08:14:14.657+0000] {processor.py:840} INFO - DAG(s) 'steam_analytics_daily' retrieved from /opt/airflow/dags/steam_analytics.py
[2026-09-04T08:14:14.683+0000] {logging_mixin.py:188} INFO - [2026-09-04T08:14:14.682+0000] {dag.py:3089} INFO - Sync 1 DAGs
[2026-09-04T08:14:14.704+0000] {logging_mixin.py:188} INFO - [2026-09-04T08:14:14.703+0000] {dag.py:3947} INFO - Setting next_dagrun for steam_analytics_daily to 2026-09-04 02:00:00+00:00, run_after=2026-09-05 02:00:00+00:00
[2026-09-04T08:14:14.719+0000] {processor.py:183} INFO - Processing /opt/airflow/dags/steam_analytics.py took 0.200 seconds
[2026-09-04T08:14:44.846+0000] {processor.py:161} INFO - Started process (PID=220) to work on /opt/airflow/dags/steam_analytics.py
[2026-09-04T08:14:44.847+0000] {processor.py:830} INFO - Processing file /opt/airflow/dags/steam_analytics.py for tasks to queue
[2026-09-04T08:14:44.848+0000] {logging_mixin.py:188} INFO - [2026-09-04T08:14:44.848+0000] {dagbag.py:545} INFO - Filling up the DagBag from /opt/airflow/dags/steam_analytics.py
[2026-09-04T08:14:44.982+0000] {processor.py:840} INFO - DAG(s) 'steam_analytics_daily' retrieved from /opt/airflow/dags/steam_analytics.py
[2026-09-04T08:14:45.008+0000] {logging_mixin.py:188} INFO - [2026-09-04T08:14:45.008+0000] {dag.py:3089} INFO - Sync 1 DAGs
[2026-09-04T08:14:45.027+0000] {logging_mixin.py:188} INFO - [2026-09-04T08:14:45.027+0000] {dag.py:3947} INFO - Setting next_dagrun for steam_analytics_daily to 2026-09-04 02:00:00+00:00, run_after=2026-09-05 02:00:00+00:00
[2026-09-04T08:14:45.043+0000] {processor.py:183} INFO - Processing /opt/airflow/dags/steam_analytics.py took 0.202 seconds
[2026-09-04T08:15:15.170+0000] {processor.py:161} INFO - Started process (PID=225) to work on /opt/airflow/dags/steam_analytics.py
[2026-09-04T08:15:15.170+0000] {processor.py:830} INFO - Processing file /opt/airflow/dags/steam_analytics.py for tasks to queue
[2026-09-04T08:15:15.172+0000] {logging_mixin.py:188} INFO - [2026-09-04T08:15:15.172+0000] {dagbag.py:545} INFO - Filling up the DagBag from /opt/airflow/dags/steam_analytics.py
[2026-09-04T08:15:15.291+0000] {processor.py:840} INFO - DAG(s) 'steam_analytics_daily' retrieved from /opt/airflow/dags/steam_analytics.py
[2026-09-04T08:15:15.315+0000] {logging_mixin.py:188} INFO - [2026-09-04T08:15:15.315+0000] {dag.py:3089} INFO - Sync 1 DAGs
[2026-09-04T08:15:15.333+0000] {logging_mixin.py:188} INFO - [2026-09-04T08:15:15.333+0000] {dag.py:3947} INFO - Setting next_dagrun for steam_analytics_daily to 2026-09-04 02:00:00+00:00, run_after=2026-09-05 02:00:00+00:00
[2026-09-04T08:15:15.348+0000] {processor.py:183} INFO - Processing /opt/airflow/dags/steam_analytics.py took 0.182 seconds
[2026-09-04T08:15:45.467+0000] {processor.py:161} INFO - Started process (PID=230) to work on /opt/airflow/dags/steam_analytics.py
[2026-09-04T08:15:45.468+0000] {processor.py:830} INFO - Processing file /opt/airflow/dags/steam_analytics.py for tasks to queue
[2026-09-04T08:15:45.469+0000] {logging_mixin.py:188} INFO - [2026-09-04T08:15:45.469+0000] {dagbag.py:545} INFO - Filling up the DagBag from /opt/airflow/dags/steam_analytics.py
[2026-09-04T08:15:45.590+0000] {processor.py:840} INFO - DAG(s) 'steam_analytics_daily' retrieved from /opt/airflow/dags/steam_analytics.py
[2026-09-04T08:15:45.614+0000] {logging_mixin.py:188} INFO - [2026-09-04T08:15:45.614+0000] {dag.py:3089} INFO - Sync 1 DAGs
[2026-09-04T08:15:45.632+0000] {logging_mixin.py:188} INFO - [2026-09-04T08:15:45.632+0000] {dag.py:3947} INFO - Setting next_dagrun for steam_analytics_daily to 2026-09-04 02:00:00+00:00, run_after=2026-09-05 02:00:00+00:00
[2026-09-04T08:15:45.647+0000] {processor.py:183} INFO - Processing /opt/airflow/dags/steam_analytics.py took 0.184 seconds
[2026-09-04T08:16:15.774+0000] {processor.py:161} INFO - Started process (PID=235) to work on /opt/airflow/dags/steam_analytics.py
[2026-09-04T08:16:15.775+0000] {processor.py:830} INFO - Processing file /opt/airflow/dags/steam_analytics.py for tasks to queue
[2026-09-04T08:16:15.776+0000] {logging_mixin.py:188} INFO - [2026-09-04T08:16:15.776+0000] {dagbag.py:545} INFO - Filling up the DagBag from /opt/airflow/dags/steam_analytics.py
[2026-09-04T08:16:15.895+0000] {processor.py:840} INFO - DAG(s) 'steam_analytics_daily' retrieved from /opt/airflow/dags/steam_analytics.py
[2026-09-04T08:16:15.923+0000] {logging_mixin.py:188} INFO - [2026-09-04T08:16:15.923+0000] {dag.py:3089} INFO - Sync 1 DAGs
[2026-09-04T08:16:15.945+0000] {logging_mixin.py:188} INFO - [2026-09-04T08:16:15.945+0000] {dag.py:3947} INFO - Setting next_dagrun for steam_analytics_daily to 2026-09-04 02:00:00+00:00, run_after=2026-09-05 02:00:00+00:00
[2026-09-04T08:16:15.963+0000] {processor.py:183} INFO - Processing /opt/airflow/dags/steam_analytics.py took 0.193 seconds
[2026-09-04T08:16:46.119+0000] {processor.py:161} INFO - Started process (PID=240) to work on /opt/airflow/dags/steam_analytics.py
[2026-09-04T08:16:46.120+0000] {processor.py:830} INFO - Processing file /opt/airflow/dags/steam_analytics.py for tasks to queue
[2026-09-04T08:16:46.121+0000] {logging_mixin.py:188} INFO - [2026-09-04T08:16:46.121+0000] {dagbag.py:545} INFO - Filling up the DagBag from /opt/airflow/dags/steam_analytics.py
[2026-09-04T08:16:46.364+0000] {processor.py:840} INFO - DAG(s) 'steam_analytics_daily' retrieved from /opt/airflow/dags/steam_analytics.py
[2026-09-04T08:16:46.390+0000] {logging_mixin.py:188} INFO - [2026-09-04T08:16:46.390+0000] {dag.py:3089} INFO - Sync 1 DAGs
[2026-09-04T08:16:46.421+0000] {logging_mixin.py:188} INFO - [2026-09-04T08:16:46.421+0000] {dag.py:3947} INFO - Setting next_dagrun for steam_analytics_daily to 2026-09-04 02:00:00+00:00, run_after=2026-09-05 02:00:00+00:00
[2026-09-04T08:16:46.437+0000] {processor.py:183} INFO - Processing /opt/airflow/dags/steam_analytics.py took 0.322 seconds
[2026-09-04T08:16:55.547+0000] {processor.py:161} INFO - Started process (PID=245) to work on /opt/airflow/dags/steam_analytics.py
[2026-09-04T08:16:55.553+0000] {processor.py:830} INFO - Processing file /opt/airflow/dags/steam_analytics.py for tasks to queue
[2026-09-04T08:16:55.556+0000] {logging_mixin.py:188} INFO - [2026-09-04T08:16:55.555+0000] {dagbag.py:545} INFO - Filling up the DagBag from /opt/airflow/dags/steam_analytics.py
[2026-09-04T08:16:55.847+0000] {processor.py:840} INFO - DAG(s) 'steam_analytics_daily' retrieved from /opt/airflow/dags/steam_analytics.py
[2026-09-04T08:16:55.885+0000] {logging_mixin.py:188} INFO - [2026-09-04T08:16:55.885+0000] {dag.py:3089} INFO - Sync 1 DAGs
[2026-09-04T08:16:55.909+0000] {logging_mixin.py:188} INFO - [2026-09-04T08:16:55.909+0000] {dag.py:3947} INFO - Setting next_dagrun for steam_analytics_daily to 2026-09-04 02:00:00+00:00, run_after=2026-09-05 02:00:00+00:00
[2026-09-04T08:16:55.930+0000] {processor.py:183} INFO - Processing /opt/airflow/dags/steam_analytics.py took 0.390 seconds
[2026-09-04T08:17:26.072+0000] {processor.py:161} INFO - Started process (PID=250) to work on /opt/airflow/dags/steam_analytics.py
[2026-09-04T08:17:26.073+0000] {processor.py:830} INFO - Processing file /opt/airflow/dags/steam_analytics.py for tasks to queue
[2026-09-04T08:17:26.075+0000] {logging_mixin.py:188} INFO - [2026-09-04T08:17:26.074+0000] {dagbag.py:545} INFO - Filling up the DagBag from /opt/airflow/dags/steam_analytics.py
[2026-09-04T08:17:26.270+0000] {processor.py:840} INFO - DAG(s) 'steam_analytics_daily' retrieved from /opt/airflow/dags/steam_analytics.py
[2026-09-04T08:17:26.307+0000] {logging_mixin.py:188} INFO - [2026-09-04T08:17:26.306+0000] {dag.py:3089} INFO - Sync 1 DAGs
[2026-09-04T08:17:26.334+0000] {logging_mixin.py:188} INFO - [2026-09-04T08:17:26.334+0000] {dag.py:3947} INFO - Setting next_dagrun for steam_analytics_daily to 2026-09-04 02:00:00+00:00, run_after=2026-09-05 02:00:00+00:00
[2026-09-04T08:17:26.360+0000] {processor.py:183} INFO - Processing /opt/airflow/dags/steam_analytics.py took 0.294 seconds
[2026-09-04T08:17:56.491+0000] {processor.py:161} INFO - Started process (PID=255) to work on /opt/airflow/dags/steam_analytics.py
[2026-09-04T08:17:56.492+0000] {processor.py:830} INFO - Processing file /opt/airflow/dags/steam_analytics.py for tasks to queue
[2026-09-04T08:17:56.494+0000] {logging_mixin.py:188} INFO - [2026-09-04T08:17:56.493+0000] {dagbag.py:545} INFO - Filling up the DagBag from /opt/airflow/dags/steam_analytics.py
[2026-09-04T08:17:56.636+0000] {processor.py:840} INFO - DAG(s) 'steam_analytics_daily' retrieved from /opt/airflow/dags/steam_analytics.py
[2026-09-04T08:17:56.661+0000] {logging_mixin.py:188} INFO - [2026-09-04T08:17:56.661+0000] {dag.py:3089} INFO - Sync 1 DAGs
[2026-09-04T08:17:56.682+0000] {logging_mixin.py:188} INFO - [2026-09-04T08:17:56.682+0000] {dag.py:3947} INFO - Setting next_dagrun for steam_analytics_daily to 2026-09-04 02:00:00+00:00, run_after=2026-09-05 02:00:00+00:00
[2026-09-04T08:17:56.699+0000] {processor.py:183} INFO - Processing /opt/airflow/dags/steam_analytics.py took 0.212 seconds
[2026-09-04T08:18:26.827+0000] {processor.py:161} INFO - Started process (PID=260) to work on /opt/airflow/dags/steam_analytics.py
[2026-09-04T08:18:26.828+0000] {processor.py:830} INFO - Processing file /opt/airflow/dags/steam_analytics.py for tasks to queue
[2026-09-04T08:18:26.830+0000] {logging_mixin.py:188} INFO - [2026-09-04T08:18:26.829+0000] {dagbag.py:545} INFO - Filling up the DagBag from /opt/airflow/dags/steam_analytics.py
[2026-09-04T08:18:26.985+0000] {processor.py:840} INFO - DAG(s) 'steam_analytics_daily' retrieved from /opt/airflow/dags/steam_analytics.py
[2026-09-04T08:18:27.014+0000] {logging_mixin.py:188} INFO - [2026-09-04T08:18:27.014+0000] {dag.py:3089} INFO - Sync 1 DAGs
[2026-09-04T08:18:27.036+0000] {logging_mixin.py:188} INFO - [2026-09-04T08:18:27.036+0000] {dag.py:3947} INFO - Setting next_dagrun for steam_analytics_daily to 2026-09-04 02:00:00+00:00, run_after=2026-09-05 02:00:00+00:00
[2026-09-04T08:18:27.055+0000] {processor.py:183} INFO - Processing /opt/airflow/dags/steam_analytics.py took 0.233 seconds
[2026-09-04T08:29:33.421+0000] {processor.py:161} INFO - Started process (PID=193) to work on /opt/airflow/dags/steam_analytics.py
[2026-09-04T08:29:33.422+0000] {processor.py:830} INFO - Processing file /opt/airflow/dags/steam_analytics.py for tasks to queue
[2026-09-04T08:29:33.423+0000] {logging_mixin.py:188} INFO - [2026-09-04T08:29:33.423+0000] {dagbag.py:545} INFO - Filling up the DagBag from /opt/airflow/dags/steam_analytics.py
[2026-09-04T08:29:33.945+0000] {processor.py:840} INFO - DAG(s) 'steam_analytics_daily' retrieved from /opt/airflow/dags/steam_analytics.py
[2026-09-04T08:29:34.197+0000] {logging_mixin.py:188} INFO - [2026-09-04T08:29:34.196+0000] {override.py:1858} INFO - Created Permission View: can read on DAG:steam_analytics_daily
[2026-09-04T08:29:34.208+0000] {logging_mixin.py:188} INFO - [2026-09-04T08:29:34.207+0000] {override.py:1858} INFO - Created Permission View: can edit on DAG:steam_analytics_daily
[2026-09-04T08:29:34.215+0000] {logging_mixin.py:188} INFO - [2026-09-04T08:29:34.215+0000] {override.py:1858} INFO - Created Permission View: can delete on DAG:steam_analytics_daily
[2026-09-04T08:29:34.216+0000] {logging_mixin.py:188} INFO - [2026-09-04T08:29:34.216+0000] {dag.py:3089} INFO - Sync 1 DAGs
[2026-09-04T08:29:34.230+0000] {logging_mixin.py:188} INFO - [2026-09-04T08:29:34.230+0000] {dag.py:3111} INFO - Creating ORM DAG for steam_analytics_daily
[2026-09-04T08:29:34.247+0000] {logging_mixin.py:188} INFO - [2026-09-04T08:29:34.246+0000] {dag.py:3947} INFO - Setting next_dagrun for steam_analytics_daily to 2026-09-03 02:00:00+00:00, run_after=2026-09-04 02:00:00+00:00
[2026-09-04T08:29:34.271+0000] {processor.py:183} INFO - Processing /opt/airflow/dags/steam_analytics.py took 0.855 seconds
[2026-09-04T08:30:04.420+0000] {processor.py:161} INFO - Started process (PID=218) to work on /opt/airflow/dags/steam_analytics.py
[2026-09-04T08:30:04.421+0000] {processor.py:830} INFO - Processing file /opt/airflow/dags/steam_analytics.py for tasks to queue
[2026-09-04T08:30:04.422+0000] {logging_mixin.py:188} INFO - [2026-09-04T08:30:04.422+0000] {dagbag.py:545} INFO - Filling up the DagBag from /opt/airflow/dags/steam_analytics.py
[2026-09-04T08:30:04.559+0000] {processor.py:840} INFO - DAG(s) 'steam_analytics_daily' retrieved from /opt/airflow/dags/steam_analytics.py
[2026-09-04T08:30:04.585+0000] {logging_mixin.py:188} INFO - [2026-09-04T08:30:04.585+0000] {dag.py:3089} INFO - Sync 1 DAGs
[2026-09-04T08:30:04.604+0000] {logging_mixin.py:188} INFO - [2026-09-04T08:30:04.603+0000] {dag.py:3947} INFO - Setting next_dagrun for steam_analytics_daily to 2026-09-03 02:00:00+00:00, run_after=2026-09-04 02:00:00+00:00
[2026-09-04T08:30:04.619+0000] {processor.py:183} INFO - Processing /opt/airflow/dags/steam_analytics.py took 0.203 seconds
[2026-09-04T08:30:34.676+0000] {processor.py:161} INFO - Started process (PID=223) to work on /opt/airflow/dags/steam_analytics.py
[2026-09-04T08:30:34.678+0000] {processor.py:830} INFO - Processing file /opt/airflow/dags/steam_analytics.py for tasks to queue
[2026-09-04T08:30:34.681+0000] {logging_mixin.py:188} INFO - [2026-09-04T08:30:34.681+0000] {dagbag.py:545} INFO - Filling up the DagBag from /opt/airflow/dags/steam_analytics.py
[2026-09-04T08:30:34.831+0000] {processor.py:840} INFO - DAG(s) 'steam_analytics_daily' retrieved from /opt/airflow/dags/steam_analytics.py
[2026-09-04T08:30:34.856+0000] {logging_mixin.py:188} INFO - [2026-09-04T08:30:34.856+0000] {dag.py:3089} INFO - Sync 1 DAGs
[2026-09-04T08:30:34.875+0000] {logging_mixin.py:188} INFO - [2026-09-04T08:30:34.875+0000] {dag.py:3947} INFO - Setting next_dagrun for steam_analytics_daily to 2026-09-03 02:00:00+00:00, run_after=2026-09-04 02:00:00+00:00
[2026-09-04T08:30:34.890+0000] {processor.py:183} INFO - Processing /opt/airflow/dags/steam_analytics.py took 0.221 seconds
[2026-09-04T08:31:05.016+0000] {processor.py:161} INFO - Started process (PID=228) to work on /opt/airflow/dags/steam_analytics.py
[2026-09-04T08:31:05.017+0000] {processor.py:830} INFO - Processing file /opt/airflow/dags/steam_analytics.py for tasks to queue
[2026-09-04T08:31:05.019+0000] {logging_mixin.py:188} INFO - [2026-09-04T08:31:05.018+0000] {dagbag.py:545} INFO - Filling up the DagBag from /opt/airflow/dags/steam_analytics.py
[2026-09-04T08:31:05.161+0000] {processor.py:840} INFO - DAG(s) 'steam_analytics_daily' retrieved from /opt/airflow/dags/steam_analytics.py
[2026-09-04T08:31:05.191+0000] {logging_mixin.py:188} INFO - [2026-09-04T08:31:05.191+0000] {dag.py:3089} INFO - Sync 1 DAGs
[2026-09-04T08:31:05.213+0000] {logging_mixin.py:188} INFO - [2026-09-04T08:31:05.213+0000] {dag.py:3947} INFO - Setting next_dagrun for steam_analytics_daily to 2026-09-03 02:00:00+00:00, run_after=2026-09-04 02:00:00+00:00
[2026-09-04T08:31:05.233+0000] {processor.py:183} INFO - Processing /opt/airflow/dags/steam_analytics.py took 0.222 seconds
[2026-09-04T08:31:35.360+0000] {processor.py:161} INFO - Started process (PID=233) to work on /opt/airflow/dags/steam_analytics.py
[2026-09-04T08:31:35.361+0000] {processor.py:830} INFO - Processing file /opt/airflow/dags/steam_analytics.py for tasks to queue
[2026-09-04T08:31:35.363+0000] {logging_mixin.py:188} INFO - [2026-09-04T08:31:35.362+0000] {dagbag.py:545} INFO - Filling up the DagBag from /opt/airflow/dags/steam_analytics.py
[2026-09-04T08:31:35.491+0000] {processor.py:840} INFO - DAG(s) 'steam_analytics_daily' retrieved from /opt/airflow/dags/steam_analytics.py
[2026-09-04T08:31:35.518+0000] {logging_mixin.py:188} INFO - [2026-09-04T08:31:35.517+0000] {dag.py:3089} INFO - Sync 1 DAGs
[2026-09-04T08:31:35.538+0000] {logging_mixin.py:188} INFO - [2026-09-04T08:31:35.538+0000] {dag.py:3947} INFO - Setting next_dagrun for steam_analytics_daily to 2026-09-03 02:00:00+00:00, run_after=2026-09-04 02:00:00+00:00
[2026-09-04T08:31:35.553+0000] {processor.py:183} INFO - Processing /opt/airflow/dags/steam_analytics.py took 0.197 seconds
[2026-09-04T08:32:05.686+0000] {processor.py:161} INFO - Started process (PID=238) to work on /opt/airflow/dags/steam_analytics.py
[2026-09-04T08:32:05.687+0000] {processor.py:830} INFO - Processing file /opt/airflow/dags/steam_analytics.py for tasks to queue
[2026-09-04T08:32:05.689+0000] {logging_mixin.py:188} INFO - [2026-09-04T08:32:05.688+0000] {dagbag.py:545} INFO - Filling up the DagBag from /opt/airflow/dags/steam_analytics.py
[2026-09-04T08:32:05.847+0000] {processor.py:840} INFO - DAG(s) 'steam_analytics_daily' retrieved from /opt/airflow/dags/steam_analytics.py
[2026-09-04T08:32:05.874+0000] {logging_mixin.py:188} INFO - [2026-09-04T08:32:05.874+0000] {dag.py:3089} INFO - Sync 1 DAGs
[2026-09-04T08:32:05.894+0000] {logging_mixin.py:188} INFO - [2026-09-04T08:32:05.893+0000] {dag.py:3947} INFO - Setting next_dagrun for steam_analytics_daily to 2026-09-03 02:00:00+00:00, run_after=2026-09-04 02:00:00+00:00
[2026-09-04T08:32:05.911+0000] {processor.py:183} INFO - Processing /opt/airflow/dags/steam_analytics.py took 0.230 seconds
[2026-09-04T08:32:36.044+0000] {processor.py:161} INFO - Started process (PID=243) to work on /opt/airflow/dags/steam_analytics.py
[2026-09-04T08:32:36.045+0000] {processor.py:830} INFO - Processing file /opt/airflow/dags/steam_analytics.py for tasks to queue
[2026-09-04T08:32:36.046+0000] {logging_mixin.py:188} INFO - [2026-09-04T08:32:36.046+0000] {dagbag.py:545} INFO - Filling up the DagBag from /opt/airflow/dags/steam_analytics.py
[2026-09-04T08:32:36.196+0000] {processor.py:840} INFO - DAG(s) 'steam_analytics_daily' retrieved from /opt/airflow/dags/steam_analytics.py
[2026-09-04T08:32:36.225+0000] {logging_mixin.py:188} INFO - [2026-09-04T08:32:36.225+0000] {dag.py:3089} INFO - Sync 1 DAGs
[2026-09-04T08:32:36.246+0000] {logging_mixin.py:188} INFO - [2026-09-04T08:32:36.246+0000] {dag.py:3947} INFO - Setting next_dagrun for steam_analytics_daily to 2026-09-03 02:00:00+00:00, run_after=2026-09-04 02:00:00+00:00
[2026-09-04T08:32:36.263+0000] {processor.py:183} INFO - Processing /opt/airflow/dags/steam_analytics.py took 0.224 seconds
[2026-09-04T08:33:06.400+0000] {processor.py:161} INFO - Started process (PID=248) to work on /opt/airflow/dags/steam_analytics.py
[2026-09-04T08:33:06.400+0000] {processor.py:830} INFO - Processing file /opt/airflow/dags/steam_analytics.py for tasks to queue
[2026-09-04T08:33:06.402+0000] {logging_mixin.py:188} INFO - [2026-09-04T08:33:06.402+0000] {dagbag.py:545} INFO - Filling up the DagBag from /opt/airflow/dags/steam_analytics.py
[2026-09-04T08:33:06.557+0000] {processor.py:840} INFO - DAG(s) 'steam_analytics_daily' retrieved from /opt/airflow/dags/steam_analytics.py
[2026-09-04T08:33:06.588+0000] {logging_mixin.py:188} INFO - [2026-09-04T08:33:06.588+0000] {dag.py:3089} INFO - Sync 1 DAGs
[2026-09-04T08:33:06.609+0000] {logging_mixin.py:188} INFO - [2026-09-04T08:33:06.609+0000] {dag.py:3947} INFO - Setting next_dagrun for steam_analytics_daily to 2026-09-03 02:00:00+00:00, run_after=2026-09-04 02:00:00+00:00
[2026-09-04T08:33:06.628+0000] {processor.py:183} INFO - Processing /opt/airflow/dags/steam_analytics.py took 0.234 seconds
[2026-09-04T08:33:36.755+0000] {processor.py:161} INFO - Started process (PID=253) to work on /opt/airflow/dags/steam_analytics.py
[2026-09-04T08:33:36.756+0000] {processor.py:830} INFO - Processing file /opt/airflow/dags/steam_analytics.py for tasks to queue
[2026-09-04T08:33:36.758+0000] {logging_mixin.py:188} INFO - [2026-09-04T08:33:36.758+0000] {dagbag.py:545} INFO - Filling up the DagBag from /opt/airflow/dags/steam_analytics.py
[2026-09-04T08:33:36.896+0000] {processor.py:840} INFO - DAG(s) 'steam_analytics_daily' retrieved from /opt/airflow/dags/steam_analytics.py
[2026-09-04T08:33:36.923+0000] {logging_mixin.py:188} INFO - [2026-09-04T08:33:36.923+0000] {dag.py:3089} INFO - Sync 1 DAGs
[2026-09-04T08:33:36.946+0000] {logging_mixin.py:188} INFO - [2026-09-04T08:33:36.945+0000] {dag.py:3947} INFO - Setting next_dagrun for steam_analytics_daily to 2026-09-03 02:00:00+00:00, run_after=2026-09-04 02:00:00+00:00
[2026-09-04T08:33:36.961+0000] {processor.py:183} INFO - Processing /opt/airflow/dags/steam_analytics.py took 0.212 seconds
[2026-09-04T08:34:07.089+0000] {processor.py:161} INFO - Started process (PID=258) to work on /opt/airflow/dags/steam_analytics.py
[2026-09-04T08:34:07.090+0000] {processor.py:830} INFO - Processing file /opt/airflow/dags/steam_analytics.py for tasks to queue
[2026-09-04T08:34:07.092+0000] {logging_mixin.py:188} INFO - [2026-09-04T08:34:07.091+0000] {dagbag.py:545} INFO - Filling up the DagBag from /opt/airflow/dags/steam_analytics.py
[2026-09-04T08:34:07.233+0000] {processor.py:840} INFO - DAG(s) 'steam_analytics_daily' retrieved from /opt/airflow/dags/steam_analytics.py
[2026-09-04T08:34:07.262+0000] {logging_mixin.py:188} INFO - [2026-09-04T08:34:07.261+0000] {dag.py:3089} INFO - Sync 1 DAGs
[2026-09-04T08:34:07.283+0000] {logging_mixin.py:188} INFO - [2026-09-04T08:34:07.283+0000] {dag.py:3947} INFO - Setting next_dagrun for steam_analytics_daily to 2026-09-03 02:00:00+00:00, run_after=2026-09-04 02:00:00+00:00
[2026-09-04T08:34:07.301+0000] {processor.py:183} INFO - Processing /opt/airflow/dags/steam_analytics.py took 0.218 seconds
[2026-09-04T08:34:37.454+0000] {processor.py:161} INFO - Started process (PID=263) to work on /opt/airflow/dags/steam_analytics.py
[2026-09-04T08:34:37.455+0000] {processor.py:830} INFO - Processing file /opt/airflow/dags/steam_analytics.py for tasks to queue
[2026-09-04T08:34:37.456+0000] {logging_mixin.py:188} INFO - [2026-09-04T08:34:37.456+0000] {dagbag.py:545} INFO - Filling up the DagBag from /opt/airflow/dags/steam_analytics.py
[2026-09-04T08:34:37.595+0000] {processor.py:840} INFO - DAG(s) 'steam_analytics_daily' retrieved from /opt/airflow/dags/steam_analytics.py
[2026-09-04T08:34:37.622+0000] {logging_mixin.py:188} INFO - [2026-09-04T08:34:37.622+0000] {dag.py:3089} INFO - Sync 1 DAGs
[2026-09-04T08:34:37.642+0000] {logging_mixin.py:188} INFO - [2026-09-04T08:34:37.642+0000] {dag.py:3947} INFO - Setting next_dagrun for steam_analytics_daily to 2026-09-03 02:00:00+00:00, run_after=2026-09-04 02:00:00+00:00
[2026-09-04T08:34:37.659+0000] {processor.py:183} INFO - Processing /opt/airflow/dags/steam_analytics.py took 0.210 seconds
[2026-09-04T08:35:07.800+0000] {processor.py:161} INFO - Started process (PID=268) to work on /opt/airflow/dags/steam_analytics.py
[2026-09-04T08:35:07.801+0000] {processor.py:830} INFO - Processing file /opt/airflow/dags/steam_analytics.py for tasks to queue
[2026-09-04T08:35:07.803+0000] {logging_mixin.py:188} INFO - [2026-09-04T08:35:07.802+0000] {dagbag.py:545} INFO - Filling up the DagBag from /opt/airflow/dags/steam_analytics.py
[2026-09-04T08:35:07.956+0000] {processor.py:840} INFO - DAG(s) 'steam_analytics_daily' retrieved from /opt/airflow/dags/steam_analytics.py
[2026-09-04T08:35:07.985+0000] {logging_mixin.py:188} INFO - [2026-09-04T08:35:07.985+0000] {dag.py:3089} INFO - Sync 1 DAGs
[2026-09-04T08:35:08.009+0000] {logging_mixin.py:188} INFO - [2026-09-04T08:35:08.008+0000] {dag.py:3947} INFO - Setting next_dagrun for steam_analytics_daily to 2026-09-03 02:00:00+00:00, run_after=2026-09-04 02:00:00+00:00
[2026-09-04T08:35:08.026+0000] {processor.py:183} INFO - Processing /opt/airflow/dags/steam_analytics.py took 0.232 seconds
[2026-09-04T08:37:33.288+0000] {processor.py:161} INFO - Started process (PID=187) to work on /opt/airflow/dags/steam_analytics.py
[2026-09-04T08:37:33.291+0000] {processor.py:830} INFO - Processing file /opt/airflow/dags/steam_analytics.py for tasks to queue
[2026-09-04T08:37:33.294+0000] {logging_mixin.py:188} INFO - [2026-09-04T08:37:33.294+0000] {dagbag.py:545} INFO - Filling up the DagBag from /opt/airflow/dags/steam_analytics.py
[2026-09-04T08:37:34.134+0000] {processor.py:840} INFO - DAG(s) 'steam_analytics_daily' retrieved from /opt/airflow/dags/steam_analytics.py
[2026-09-04T08:37:34.438+0000] {logging_mixin.py:188} INFO - [2026-09-04T08:37:34.437+0000] {override.py:1858} INFO - Created Permission View: can read on DAG:steam_analytics_daily
[2026-09-04T08:37:34.450+0000] {logging_mixin.py:188} INFO - [2026-09-04T08:37:34.449+0000] {override.py:1858} INFO - Created Permission View: can delete on DAG:steam_analytics_daily
[2026-09-04T08:37:34.459+0000] {logging_mixin.py:188} INFO - [2026-09-04T08:37:34.459+0000] {override.py:1858} INFO - Created Permission View: can edit on DAG:steam_analytics_daily
[2026-09-04T08:37:34.460+0000] {logging_mixin.py:188} INFO - [2026-09-04T08:37:34.460+0000] {dag.py:3089} INFO - Sync 1 DAGs
[2026-09-04T08:37:34.473+0000] {logging_mixin.py:188} INFO - [2026-09-04T08:37:34.473+0000] {dag.py:3111} INFO - Creating ORM DAG for steam_analytics_daily
[2026-09-04T08:37:34.488+0000] {logging_mixin.py:188} INFO - [2026-09-04T08:37:34.487+0000] {dag.py:3947} INFO - Setting next_dagrun for steam_analytics_daily to 2026-09-03 02:00:00+00:00, run_after=2026-09-04 02:00:00+00:00
[2026-09-04T08:37:34.518+0000] {processor.py:183} INFO - Processing /opt/airflow/dags/steam_analytics.py took 1.240 seconds
[2026-09-04T08:38:04.649+0000] {processor.py:161} INFO - Started process (PID=200) to work on /opt/airflow/dags/steam_analytics.py
[2026-09-04T08:38:04.650+0000] {processor.py:830} INFO - Processing file /opt/airflow/dags/steam_analytics.py for tasks to queue
[2026-09-04T08:38:04.652+0000] {logging_mixin.py:188} INFO - [2026-09-04T08:38:04.651+0000] {dagbag.py:545} INFO - Filling up the DagBag from /opt/airflow/dags/steam_analytics.py
[2026-09-04T08:38:04.786+0000] {processor.py:840} INFO - DAG(s) 'steam_analytics_daily' retrieved from /opt/airflow/dags/steam_analytics.py
[2026-09-04T08:38:04.811+0000] {logging_mixin.py:188} INFO - [2026-09-04T08:38:04.811+0000] {dag.py:3089} INFO - Sync 1 DAGs
[2026-09-04T08:38:04.829+0000] {logging_mixin.py:188} INFO - [2026-09-04T08:38:04.829+0000] {dag.py:3947} INFO - Setting next_dagrun for steam_analytics_daily to 2026-09-03 02:00:00+00:00, run_after=2026-09-04 02:00:00+00:00
[2026-09-04T08:38:04.845+0000] {processor.py:183} INFO - Processing /opt/airflow/dags/steam_analytics.py took 0.200 seconds
[2026-09-04T08:38:34.966+0000] {processor.py:161} INFO - Started process (PID=206) to work on /opt/airflow/dags/steam_analytics.py
[2026-09-04T08:38:34.966+0000] {processor.py:830} INFO - Processing file /opt/airflow/dags/steam_analytics.py for tasks to queue
[2026-09-04T08:38:34.968+0000] {logging_mixin.py:188} INFO - [2026-09-04T08:38:34.967+0000] {dagbag.py:545} INFO - Filling up the DagBag from /opt/airflow/dags/steam_analytics.py
[2026-09-04T08:38:35.103+0000] {processor.py:840} INFO - DAG(s) 'steam_analytics_daily' retrieved from /opt/airflow/dags/steam_analytics.py
[2026-09-04T08:38:35.127+0000] {logging_mixin.py:188} INFO - [2026-09-04T08:38:35.127+0000] {dag.py:3089} INFO - Sync 1 DAGs
[2026-09-04T08:38:35.146+0000] {logging_mixin.py:188} INFO - [2026-09-04T08:38:35.146+0000] {dag.py:3947} INFO - Setting next_dagrun for steam_analytics_daily to 2026-09-03 02:00:00+00:00, run_after=2026-09-04 02:00:00+00:00
[2026-09-04T08:38:35.161+0000] {processor.py:183} INFO - Processing /opt/airflow/dags/steam_analytics.py took 0.200 seconds
[2026-09-04T08:39:05.285+0000] {processor.py:161} INFO - Started process (PID=211) to work on /opt/airflow/dags/steam_analytics.py
[2026-09-04T08:39:05.286+0000] {processor.py:830} INFO - Processing file /opt/airflow/dags/steam_analytics.py for tasks to queue
[2026-09-04T08:39:05.288+0000] {logging_mixin.py:188} INFO - [2026-09-04T08:39:05.287+0000] {dagbag.py:545} INFO - Filling up the DagBag from /opt/airflow/dags/steam_analytics.py
[2026-09-04T08:39:05.424+0000] {processor.py:840} INFO - DAG(s) 'steam_analytics_daily' retrieved from /opt/airflow/dags/steam_analytics.py
[2026-09-04T08:39:05.448+0000] {logging_mixin.py:188} INFO - [2026-09-04T08:39:05.448+0000] {dag.py:3089} INFO - Sync 1 DAGs
[2026-09-04T08:39:05.466+0000] {logging_mixin.py:188} INFO - [2026-09-04T08:39:05.466+0000] {dag.py:3947} INFO - Setting next_dagrun for steam_analytics_daily to 2026-09-03 02:00:00+00:00, run_after=2026-09-04 02:00:00+00:00
[2026-09-04T08:39:05.482+0000] {processor.py:183} INFO - Processing /opt/airflow/dags/steam_analytics.py took 0.201 seconds
[2026-09-04T08:39:35.607+0000] {processor.py:161} INFO - Started process (PID=224) to work on /opt/airflow/dags/steam_analytics.py
[2026-09-04T08:39:35.608+0000] {processor.py:830} INFO - Processing file /opt/airflow/dags/steam_analytics.py for tasks to queue
[2026-09-04T08:39:35.610+0000] {logging_mixin.py:188} INFO - [2026-09-04T08:39:35.609+0000] {dagbag.py:545} INFO - Filling up the DagBag from /opt/airflow/dags/steam_analytics.py
[2026-09-04T08:39:35.739+0000] {processor.py:840} INFO - DAG(s) 'steam_analytics_daily' retrieved from /opt/airflow/dags/steam_analytics.py
[2026-09-04T08:39:35.763+0000] {logging_mixin.py:188} INFO - [2026-09-04T08:39:35.763+0000] {dag.py:3089} INFO - Sync 1 DAGs
[2026-09-04T08:39:35.783+0000] {logging_mixin.py:188} INFO - [2026-09-04T08:39:35.783+0000] {dag.py:3947} INFO - Setting next_dagrun for steam_analytics_daily to 2026-09-03 02:00:00+00:00, run_after=2026-09-04 02:00:00+00:00
[2026-09-04T08:39:35.798+0000] {processor.py:183} INFO - Processing /opt/airflow/dags/steam_analytics.py took 0.194 seconds
[2026-09-04T08:40:05.919+0000] {processor.py:161} INFO - Started process (PID=250) to work on /opt/airflow/dags/steam_analytics.py
[2026-09-04T08:40:05.920+0000] {processor.py:830} INFO - Processing file /opt/airflow/dags/steam_analytics.py for tasks to queue
[2026-09-04T08:40:05.921+0000] {logging_mixin.py:188} INFO - [2026-09-04T08:40:05.921+0000] {dagbag.py:545} INFO - Filling up the DagBag from /opt/airflow/dags/steam_analytics.py
[2026-09-04T08:40:06.054+0000] {processor.py:840} INFO - DAG(s) 'steam_analytics_daily' retrieved from /opt/airflow/dags/steam_analytics.py
[2026-09-04T08:40:06.079+0000] {logging_mixin.py:188} INFO - [2026-09-04T08:40:06.079+0000] {dag.py:3089} INFO - Sync 1 DAGs
[2026-09-04T08:40:06.097+0000] {logging_mixin.py:188} INFO - [2026-09-04T08:40:06.097+0000] {dag.py:3947} INFO - Setting next_dagrun for steam_analytics_daily to 2026-09-03 02:00:00+00:00, run_after=2026-09-04 02:00:00+00:00
[2026-09-04T08:40:06.113+0000] {processor.py:183} INFO - Processing /opt/airflow/dags/steam_analytics.py took 0.198 seconds
[2026-09-04T08:40:36.238+0000] {processor.py:161} INFO - Started process (PID=259) to work on /opt/airflow/dags/steam_analytics.py
[2026-09-04T08:40:36.238+0000] {processor.py:830} INFO - Processing file /opt/airflow/dags/steam_analytics.py for tasks to queue
[2026-09-04T08:40:36.240+0000] {logging_mixin.py:188} INFO - [2026-09-04T08:40:36.240+0000] {dagbag.py:545} INFO - Filling up the DagBag from /opt/airflow/dags/steam_analytics.py
[2026-09-04T08:40:36.386+0000] {processor.py:840} INFO - DAG(s) 'steam_analytics_daily' retrieved from /opt/airflow/dags/steam_analytics.py
[2026-09-04T08:40:36.412+0000] {logging_mixin.py:188} INFO - [2026-09-04T08:40:36.412+0000] {dag.py:3089} INFO - Sync 1 DAGs
[2026-09-04T08:40:36.433+0000] {logging_mixin.py:188} INFO - [2026-09-04T08:40:36.433+0000] {dag.py:3947} INFO - Setting next_dagrun for steam_analytics_daily to 2026-09-04 02:00:00+00:00, run_after=2026-09-05 02:00:00+00:00
[2026-09-04T08:40:36.451+0000] {processor.py:183} INFO - Processing /opt/airflow/dags/steam_analytics.py took 0.219 seconds
[2026-09-04T08:41:06.575+0000] {processor.py:161} INFO - Started process (PID=264) to work on /opt/airflow/dags/steam_analytics.py
[2026-09-04T08:41:06.576+0000] {processor.py:830} INFO - Processing file /opt/airflow/dags/steam_analytics.py for tasks to queue
[2026-09-04T08:41:06.577+0000] {logging_mixin.py:188} INFO - [2026-09-04T08:41:06.577+0000] {dagbag.py:545} INFO - Filling up the DagBag from /opt/airflow/dags/steam_analytics.py
[2026-09-04T08:41:06.712+0000] {processor.py:840} INFO - DAG(s) 'steam_analytics_daily' retrieved from /opt/airflow/dags/steam_analytics.py
[2026-09-04T08:41:06.736+0000] {logging_mixin.py:188} INFO - [2026-09-04T08:41:06.736+0000] {dag.py:3089} INFO - Sync 1 DAGs
[2026-09-04T08:41:06.755+0000] {logging_mixin.py:188} INFO - [2026-09-04T08:41:06.755+0000] {dag.py:3947} INFO - Setting next_dagrun for steam_analytics_daily to 2026-09-04 02:00:00+00:00, run_after=2026-09-05 02:00:00+00:00
[2026-09-04T08:41:06.771+0000] {processor.py:183} INFO - Processing /opt/airflow/dags/steam_analytics.py took 0.201 seconds
[2026-09-04T08:41:36.892+0000] {processor.py:161} INFO - Started process (PID=269) to work on /opt/airflow/dags/steam_analytics.py
[2026-09-04T08:41:36.892+0000] {processor.py:830} INFO - Processing file /opt/airflow/dags/steam_analytics.py for tasks to queue
[2026-09-04T08:41:36.894+0000] {logging_mixin.py:188} INFO - [2026-09-04T08:41:36.893+0000] {dagbag.py:545} INFO - Filling up the DagBag from /opt/airflow/dags/steam_analytics.py
[2026-09-04T08:41:37.027+0000] {processor.py:840} INFO - DAG(s) 'steam_analytics_daily' retrieved from /opt/airflow/dags/steam_analytics.py
[2026-09-04T08:41:37.054+0000] {logging_mixin.py:188} INFO - [2026-09-04T08:41:37.054+0000] {dag.py:3089} INFO - Sync 1 DAGs
[2026-09-04T08:41:37.079+0000] {logging_mixin.py:188} INFO - [2026-09-04T08:41:37.079+0000] {dag.py:3947} INFO - Setting next_dagrun for steam_analytics_daily to 2026-09-04 02:00:00+00:00, run_after=2026-09-05 02:00:00+00:00
[2026-09-04T08:41:37.097+0000] {processor.py:183} INFO - Processing /opt/airflow/dags/steam_analytics.py took 0.209 seconds
[2026-09-04T08:42:07.223+0000] {processor.py:161} INFO - Started process (PID=274) to work on /opt/airflow/dags/steam_analytics.py
[2026-09-04T08:42:07.224+0000] {processor.py:830} INFO - Processing file /opt/airflow/dags/steam_analytics.py for tasks to queue
[2026-09-04T08:42:07.226+0000] {logging_mixin.py:188} INFO - [2026-09-04T08:42:07.225+0000] {dagbag.py:545} INFO - Filling up the DagBag from /opt/airflow/dags/steam_analytics.py
[2026-09-04T08:42:07.380+0000] {processor.py:840} INFO - DAG(s) 'steam_analytics_daily' retrieved from /opt/airflow/dags/steam_analytics.py
[2026-09-04T08:42:07.409+0000] {logging_mixin.py:188} INFO - [2026-09-04T08:42:07.409+0000] {dag.py:3089} INFO - Sync 1 DAGs
[2026-09-04T08:42:07.430+0000] {logging_mixin.py:188} INFO - [2026-09-04T08:42:07.430+0000] {dag.py:3947} INFO - Setting next_dagrun for steam_analytics_daily to 2026-09-04 02:00:00+00:00, run_after=2026-09-05 02:00:00+00:00
[2026-09-04T08:42:07.445+0000] {processor.py:183} INFO - Processing /opt/airflow/dags/steam_analytics.py took 0.227 seconds
[2026-09-04T08:42:37.566+0000] {processor.py:161} INFO - Started process (PID=279) to work on /opt/airflow/dags/steam_analytics.py
[2026-09-04T08:42:37.566+0000] {processor.py:830} INFO - Processing file /opt/airflow/dags/steam_analytics.py for tasks to queue
[2026-09-04T08:42:37.568+0000] {logging_mixin.py:188} INFO - [2026-09-04T08:42:37.567+0000] {dagbag.py:545} INFO - Filling up the DagBag from /opt/airflow/dags/steam_analytics.py
[2026-09-04T08:42:37.708+0000] {processor.py:840} INFO - DAG(s) 'steam_analytics_daily' retrieved from /opt/airflow/dags/steam_analytics.py
[2026-09-04T08:42:37.738+0000] {logging_mixin.py:188} INFO - [2026-09-04T08:42:37.737+0000] {dag.py:3089} INFO - Sync 1 DAGs
[2026-09-04T08:42:37.758+0000] {logging_mixin.py:188} INFO - [2026-09-04T08:42:37.758+0000] {dag.py:3947} INFO - Setting next_dagrun for steam_analytics_daily to 2026-09-04 02:00:00+00:00, run_after=2026-09-05 02:00:00+00:00
[2026-09-04T08:42:37.777+0000] {processor.py:183} INFO - Processing /opt/airflow/dags/steam_analytics.py took 0.216 seconds
[2026-09-04T08:43:07.916+0000] {processor.py:161} INFO - Started process (PID=284) to work on /opt/airflow/dags/steam_analytics.py
[2026-09-04T08:43:07.917+0000] {processor.py:830} INFO - Processing file /opt/airflow/dags/steam_analytics.py for tasks to queue
[2026-09-04T08:43:07.918+0000] {logging_mixin.py:188} INFO - [2026-09-04T08:43:07.918+0000] {dagbag.py:545} INFO - Filling up the DagBag from /opt/airflow/dags/steam_analytics.py
[2026-09-04T08:43:08.060+0000] {processor.py:840} INFO - DAG(s) 'steam_analytics_daily' retrieved from /opt/airflow/dags/steam_analytics.py
[2026-09-04T08:43:08.086+0000] {logging_mixin.py:188} INFO - [2026-09-04T08:43:08.086+0000] {dag.py:3089} INFO - Sync 1 DAGs
[2026-09-04T08:43:08.106+0000] {logging_mixin.py:188} INFO - [2026-09-04T08:43:08.106+0000] {dag.py:3947} INFO - Setting next_dagrun for steam_analytics_daily to 2026-09-04 02:00:00+00:00, run_after=2026-09-05 02:00:00+00:00
[2026-09-04T08:43:08.123+0000] {processor.py:183} INFO - Processing /opt/airflow/dags/steam_analytics.py took 0.212 seconds
[2026-09-04T08:43:38.251+0000] {processor.py:161} INFO - Started process (PID=289) to work on /opt/airflow/dags/steam_analytics.py
[2026-09-04T08:43:38.252+0000] {processor.py:830} INFO - Processing file /opt/airflow/dags/steam_analytics.py for tasks to queue
[2026-09-04T08:43:38.253+0000] {logging_mixin.py:188} INFO - [2026-09-04T08:43:38.253+0000] {dagbag.py:545} INFO - Filling up the DagBag from /opt/airflow/dags/steam_analytics.py
[2026-09-04T08:43:38.389+0000] {processor.py:840} INFO - DAG(s) 'steam_analytics_daily' retrieved from /opt/airflow/dags/steam_analytics.py
[2026-09-04T08:43:38.414+0000] {logging_mixin.py:188} INFO - [2026-09-04T08:43:38.414+0000] {dag.py:3089} INFO - Sync 1 DAGs
[2026-09-04T08:43:38.434+0000] {logging_mixin.py:188} INFO - [2026-09-04T08:43:38.434+0000] {dag.py:3947} INFO - Setting next_dagrun for steam_analytics_daily to 2026-09-04 02:00:00+00:00, run_after=2026-09-05 02:00:00+00:00
[2026-09-04T08:43:38.451+0000] {processor.py:183} INFO - Processing /opt/airflow/dags/steam_analytics.py took 0.204 seconds
[2026-09-04T08:44:08.575+0000] {processor.py:161} INFO - Started process (PID=294) to work on /opt/airflow/dags/steam_analytics.py
[2026-09-04T08:44:08.575+0000] {processor.py:830} INFO - Processing file /opt/airflow/dags/steam_analytics.py for tasks to queue
[2026-09-04T08:44:08.577+0000] {logging_mixin.py:188} INFO - [2026-09-04T08:44:08.576+0000] {dagbag.py:545} INFO - Filling up the DagBag from /opt/airflow/dags/steam_analytics.py
[2026-09-04T08:44:08.720+0000] {processor.py:840} INFO - DAG(s) 'steam_analytics_daily' retrieved from /opt/airflow/dags/steam_analytics.py
[2026-09-04T08:44:08.753+0000] {logging_mixin.py:188} INFO - [2026-09-04T08:44:08.753+0000] {dag.py:3089} INFO - Sync 1 DAGs
[2026-09-04T08:44:08.774+0000] {logging_mixin.py:188} INFO - [2026-09-04T08:44:08.774+0000] {dag.py:3947} INFO - Setting next_dagrun for steam_analytics_daily to 2026-09-04 02:00:00+00:00, run_after=2026-09-05 02:00:00+00:00
[2026-09-04T08:44:08.790+0000] {processor.py:183} INFO - Processing /opt/airflow/dags/steam_analytics.py took 0.220 seconds
[2026-09-04T08:44:38.913+0000] {processor.py:161} INFO - Started process (PID=299) to work on /opt/airflow/dags/steam_analytics.py
[2026-09-04T08:44:38.914+0000] {processor.py:830} INFO - Processing file /opt/airflow/dags/steam_analytics.py for tasks to queue
[2026-09-04T08:44:38.915+0000] {logging_mixin.py:188} INFO - [2026-09-04T08:44:38.915+0000] {dagbag.py:545} INFO - Filling up the DagBag from /opt/airflow/dags/steam_analytics.py
[2026-09-04T08:44:39.054+0000] {processor.py:840} INFO - DAG(s) 'steam_analytics_daily' retrieved from /opt/airflow/dags/steam_analytics.py
[2026-09-04T08:44:39.079+0000] {logging_mixin.py:188} INFO - [2026-09-04T08:44:39.079+0000] {dag.py:3089} INFO - Sync 1 DAGs
[2026-09-04T08:44:39.098+0000] {logging_mixin.py:188} INFO - [2026-09-04T08:44:39.097+0000] {dag.py:3947} INFO - Setting next_dagrun for steam_analytics_daily to 2026-09-04 02:00:00+00:00, run_after=2026-09-05 02:00:00+00:00
[2026-09-04T08:44:39.119+0000] {processor.py:183} INFO - Processing /opt/airflow/dags/steam_analytics.py took 0.210 seconds
[2026-09-04T08:45:09.246+0000] {processor.py:161} INFO - Started process (PID=304) to work on /opt/airflow/dags/steam_analytics.py
[2026-09-04T08:45:09.246+0000] {processor.py:830} INFO - Processing file /opt/airflow/dags/steam_analytics.py for tasks to queue
[2026-09-04T08:45:09.248+0000] {logging_mixin.py:188} INFO - [2026-09-04T08:45:09.248+0000] {dagbag.py:545} INFO - Filling up the DagBag from /opt/airflow/dags/steam_analytics.py
[2026-09-04T08:45:09.385+0000] {processor.py:840} INFO - DAG(s) 'steam_analytics_daily' retrieved from /opt/airflow/dags/steam_analytics.py
[2026-09-04T08:45:09.412+0000] {logging_mixin.py:188} INFO - [2026-09-04T08:45:09.412+0000] {dag.py:3089} INFO - Sync 1 DAGs
[2026-09-04T08:45:09.432+0000] {logging_mixin.py:188} INFO - [2026-09-04T08:45:09.432+0000] {dag.py:3947} INFO - Setting next_dagrun for steam_analytics_daily to 2026-09-04 02:00:00+00:00, run_after=2026-09-05 02:00:00+00:00
[2026-09-04T08:45:09.449+0000] {processor.py:183} INFO - Processing /opt/airflow/dags/steam_analytics.py took 0.208 seconds
[2026-09-04T08:45:39.574+0000] {processor.py:161} INFO - Started process (PID=309) to work on /opt/airflow/dags/steam_analytics.py
[2026-09-04T08:45:39.575+0000] {processor.py:830} INFO - Processing file /opt/airflow/dags/steam_analytics.py for tasks to queue
[2026-09-04T08:45:39.576+0000] {logging_mixin.py:188} INFO - [2026-09-04T08:45:39.576+0000] {dagbag.py:545} INFO - Filling up the DagBag from /opt/airflow/dags/steam_analytics.py
[2026-09-04T08:45:39.714+0000] {processor.py:840} INFO - DAG(s) 'steam_analytics_daily' retrieved from /opt/airflow/dags/steam_analytics.py
[2026-09-04T08:45:39.740+0000] {logging_mixin.py:188} INFO - [2026-09-04T08:45:39.740+0000] {dag.py:3089} INFO - Sync 1 DAGs
[2026-09-04T08:45:39.760+0000] {logging_mixin.py:188} INFO - [2026-09-04T08:45:39.760+0000] {dag.py:3947} INFO - Setting next_dagrun for steam_analytics_daily to 2026-09-04 02:00:00+00:00, run_after=2026-09-05 02:00:00+00:00
[2026-09-04T08:45:39.778+0000] {processor.py:183} INFO - Processing /opt/airflow/dags/steam_analytics.py took 0.208 seconds
[2026-09-04T08:46:09.901+0000] {processor.py:161} INFO - Started process (PID=314) to work on /opt/airflow/dags/steam_analytics.py
[2026-09-04T08:46:09.902+0000] {processor.py:830} INFO - Processing file /opt/airflow/dags/steam_analytics.py for tasks to queue
[2026-09-04T08:46:09.903+0000] {logging_mixin.py:188} INFO - [2026-09-04T08:46:09.903+0000] {dagbag.py:545} INFO - Filling up the DagBag from /opt/airflow/dags/steam_analytics.py
[2026-09-04T08:46:10.048+0000] {processor.py:840} INFO - DAG(s) 'steam_analytics_daily' retrieved from /opt/airflow/dags/steam_analytics.py
[2026-09-04T08:46:10.078+0000] {logging_mixin.py:188} INFO - [2026-09-04T08:46:10.078+0000] {dag.py:3089} INFO - Sync 1 DAGs
[2026-09-04T08:46:10.104+0000] {logging_mixin.py:188} INFO - [2026-09-04T08:46:10.103+0000] {dag.py:3947} INFO - Setting next_dagrun for steam_analytics_daily to 2026-09-04 02:00:00+00:00, run_after=2026-09-05 02:00:00+00:00
[2026-09-04T08:46:10.122+0000] {processor.py:183} INFO - Processing /opt/airflow/dags/steam_analytics.py took 0.226 seconds
[2026-09-04T08:46:40.248+0000] {processor.py:161} INFO - Started process (PID=319) to work on /opt/airflow/dags/steam_analytics.py
[2026-09-04T08:46:40.249+0000] {processor.py:830} INFO - Processing file /opt/airflow/dags/steam_analytics.py for tasks to queue
[2026-09-04T08:46:40.251+0000] {logging_mixin.py:188} INFO - [2026-09-04T08:46:40.250+0000] {dagbag.py:545} INFO - Filling up the DagBag from /opt/airflow/dags/steam_analytics.py
[2026-09-04T08:46:40.390+0000] {processor.py:840} INFO - DAG(s) 'steam_analytics_daily' retrieved from /opt/airflow/dags/steam_analytics.py
[2026-09-04T08:46:40.416+0000] {logging_mixin.py:188} INFO - [2026-09-04T08:46:40.416+0000] {dag.py:3089} INFO - Sync 1 DAGs
[2026-09-04T08:46:40.435+0000] {logging_mixin.py:188} INFO - [2026-09-04T08:46:40.434+0000] {dag.py:3947} INFO - Setting next_dagrun for steam_analytics_daily to 2026-09-04 02:00:00+00:00, run_after=2026-09-05 02:00:00+00:00
[2026-09-04T08:46:40.450+0000] {processor.py:183} INFO - Processing /opt/airflow/dags/steam_analytics.py took 0.207 seconds
[2026-09-04T08:47:10.577+0000] {processor.py:161} INFO - Started process (PID=324) to work on /opt/airflow/dags/steam_analytics.py
[2026-09-04T08:47:10.578+0000] {processor.py:830} INFO - Processing file /opt/airflow/dags/steam_analytics.py for tasks to queue
[2026-09-04T08:47:10.579+0000] {logging_mixin.py:188} INFO - [2026-09-04T08:47:10.579+0000] {dagbag.py:545} INFO - Filling up the DagBag from /opt/airflow/dags/steam_analytics.py
[2026-09-04T08:47:10.726+0000] {processor.py:840} INFO - DAG(s) 'steam_analytics_daily' retrieved from /opt/airflow/dags/steam_analytics.py
[2026-09-04T08:47:10.751+0000] {logging_mixin.py:188} INFO - [2026-09-04T08:47:10.751+0000] {dag.py:3089} INFO - Sync 1 DAGs
[2026-09-04T08:47:10.769+0000] {logging_mixin.py:188} INFO - [2026-09-04T08:47:10.769+0000] {dag.py:3947} INFO - Setting next_dagrun for steam_analytics_daily to 2026-09-04 02:00:00+00:00, run_after=2026-09-05 02:00:00+00:00
[2026-09-04T08:47:10.785+0000] {processor.py:183} INFO - Processing /opt/airflow/dags/steam_analytics.py took 0.212 seconds
[2026-09-04T08:47:40.911+0000] {processor.py:161} INFO - Started process (PID=329) to work on /opt/airflow/dags/steam_analytics.py
[2026-09-04T08:47:40.911+0000] {processor.py:830} INFO - Processing file /opt/airflow/dags/steam_analytics.py for tasks to queue
[2026-09-04T08:47:40.913+0000] {logging_mixin.py:188} INFO - [2026-09-04T08:47:40.912+0000] {dagbag.py:545} INFO - Filling up the DagBag from /opt/airflow/dags/steam_analytics.py
[2026-09-04T08:47:41.053+0000] {processor.py:840} INFO - DAG(s) 'steam_analytics_daily' retrieved from /opt/airflow/dags/steam_analytics.py
[2026-09-04T08:47:41.078+0000] {logging_mixin.py:188} INFO - [2026-09-04T08:47:41.077+0000] {dag.py:3089} INFO - Sync 1 DAGs
[2026-09-04T08:47:41.097+0000] {logging_mixin.py:188} INFO - [2026-09-04T08:47:41.097+0000] {dag.py:3947} INFO - Setting next_dagrun for steam_analytics_daily to 2026-09-04 02:00:00+00:00, run_after=2026-09-05 02:00:00+00:00
[2026-09-04T08:47:41.113+0000] {processor.py:183} INFO - Processing /opt/airflow/dags/steam_analytics.py took 0.207 seconds
[2026-09-04T08:48:11.239+0000] {processor.py:161} INFO - Started process (PID=334) to work on /opt/airflow/dags/steam_analytics.py
[2026-09-04T08:48:11.240+0000] {processor.py:830} INFO - Processing file /opt/airflow/dags/steam_analytics.py for tasks to queue
[2026-09-04T08:48:11.241+0000] {logging_mixin.py:188} INFO - [2026-09-04T08:48:11.241+0000] {dagbag.py:545} INFO - Filling up the DagBag from /opt/airflow/dags/steam_analytics.py
[2026-09-04T08:48:11.410+0000] {processor.py:840} INFO - DAG(s) 'steam_analytics_daily' retrieved from /opt/airflow/dags/steam_analytics.py
[2026-09-04T08:48:11.449+0000] {logging_mixin.py:188} INFO - [2026-09-04T08:48:11.449+0000] {dag.py:3089} INFO - Sync 1 DAGs
[2026-09-04T08:48:11.469+0000] {logging_mixin.py:188} INFO - [2026-09-04T08:48:11.469+0000] {dag.py:3947} INFO - Setting next_dagrun for steam_analytics_daily to 2026-09-04 02:00:00+00:00, run_after=2026-09-05 02:00:00+00:00
[2026-09-04T08:48:11.487+0000] {processor.py:183} INFO - Processing /opt/airflow/dags/steam_analytics.py took 0.252 seconds
[2026-09-04T08:48:41.612+0000] {processor.py:161} INFO - Started process (PID=339) to work on /opt/airflow/dags/steam_analytics.py
[2026-09-04T08:48:41.613+0000] {processor.py:830} INFO - Processing file /opt/airflow/dags/steam_analytics.py for tasks to queue
[2026-09-04T08:48:41.615+0000] {logging_mixin.py:188} INFO - [2026-09-04T08:48:41.614+0000] {dagbag.py:545} INFO - Filling up the DagBag from /opt/airflow/dags/steam_analytics.py
[2026-09-04T08:48:41.757+0000] {processor.py:840} INFO - DAG(s) 'steam_analytics_daily' retrieved from /opt/airflow/dags/steam_analytics.py
[2026-09-04T08:48:41.788+0000] {logging_mixin.py:188} INFO - [2026-09-04T08:48:41.788+0000] {dag.py:3089} INFO - Sync 1 DAGs
[2026-09-04T08:48:41.818+0000] {logging_mixin.py:188} INFO - [2026-09-04T08:48:41.818+0000] {dag.py:3947} INFO - Setting next_dagrun for steam_analytics_daily to 2026-09-04 02:00:00+00:00, run_after=2026-09-05 02:00:00+00:00
[2026-09-04T08:48:41.836+0000] {processor.py:183} INFO - Processing /opt/airflow/dags/steam_analytics.py took 0.229 seconds
[2026-09-04T08:49:11.962+0000] {processor.py:161} INFO - Started process (PID=344) to work on /opt/airflow/dags/steam_analytics.py
[2026-09-04T08:49:11.963+0000] {processor.py:830} INFO - Processing file /opt/airflow/dags/steam_analytics.py for tasks to queue
[2026-09-04T08:49:11.964+0000] {logging_mixin.py:188} INFO - [2026-09-04T08:49:11.964+0000] {dagbag.py:545} INFO - Filling up the DagBag from /opt/airflow/dags/steam_analytics.py
[2026-09-04T08:49:12.104+0000] {processor.py:840} INFO - DAG(s) 'steam_analytics_daily' retrieved from /opt/airflow/dags/steam_analytics.py
[2026-09-04T08:49:12.139+0000] {logging_mixin.py:188} INFO - [2026-09-04T08:49:12.139+0000] {dag.py:3089} INFO - Sync 1 DAGs
[2026-09-04T08:49:12.170+0000] {logging_mixin.py:188} INFO - [2026-09-04T08:49:12.169+0000] {dag.py:3947} INFO - Setting next_dagrun for steam_analytics_daily to 2026-09-04 02:00:00+00:00, run_after=2026-09-05 02:00:00+00:00
[2026-09-04T08:49:12.186+0000] {processor.py:183} INFO - Processing /opt/airflow/dags/steam_analytics.py took 0.228 seconds
[2026-09-04T08:49:42.311+0000] {processor.py:161} INFO - Started process (PID=349) to work on /opt/airflow/dags/steam_analytics.py
[2026-09-04T08:49:42.312+0000] {processor.py:830} INFO - Processing file /opt/airflow/dags/steam_analytics.py for tasks to queue
[2026-09-04T08:49:42.313+0000] {logging_mixin.py:188} INFO - [2026-09-04T08:49:42.313+0000] {dagbag.py:545} INFO - Filling up the DagBag from /opt/airflow/dags/steam_analytics.py
[2026-09-04T08:49:42.455+0000] {processor.py:840} INFO - DAG(s) 'steam_analytics_daily' retrieved from /opt/airflow/dags/steam_analytics.py
[2026-09-04T08:49:42.492+0000] {logging_mixin.py:188} INFO - [2026-09-04T08:49:42.492+0000] {dag.py:3089} INFO - Sync 1 DAGs
[2026-09-04T08:49:42.518+0000] {logging_mixin.py:188} INFO - [2026-09-04T08:49:42.518+0000] {dag.py:3947} INFO - Setting next_dagrun for steam_analytics_daily to 2026-09-04 02:00:00+00:00, run_after=2026-09-05 02:00:00+00:00
[2026-09-04T08:49:42.542+0000] {processor.py:183} INFO - Processing /opt/airflow/dags/steam_analytics.py took 0.237 seconds
[2026-09-04T08:50:12.667+0000] {processor.py:161} INFO - Started process (PID=354) to work on /opt/airflow/dags/steam_analytics.py
[2026-09-04T08:50:12.667+0000] {processor.py:830} INFO - Processing file /opt/airflow/dags/steam_analytics.py for tasks to queue
[2026-09-04T08:50:12.669+0000] {logging_mixin.py:188} INFO - [2026-09-04T08:50:12.669+0000] {dagbag.py:545} INFO - Filling up the DagBag from /opt/airflow/dags/steam_analytics.py
[2026-09-04T08:50:12.815+0000] {processor.py:840} INFO - DAG(s) 'steam_analytics_daily' retrieved from /opt/airflow/dags/steam_analytics.py
[2026-09-04T08:50:12.843+0000] {logging_mixin.py:188} INFO - [2026-09-04T08:50:12.843+0000] {dag.py:3089} INFO - Sync 1 DAGs
[2026-09-04T08:50:12.864+0000] {logging_mixin.py:188} INFO - [2026-09-04T08:50:12.864+0000] {dag.py:3947} INFO - Setting next_dagrun for steam_analytics_daily to 2026-09-04 02:00:00+00:00, run_after=2026-09-05 02:00:00+00:00
[2026-09-04T08:50:12.882+0000] {processor.py:183} INFO - Processing /opt/airflow/dags/steam_analytics.py took 0.221 seconds
[2026-09-04T08:50:43.011+0000] {processor.py:161} INFO - Started process (PID=359) to work on /opt/airflow/dags/steam_analytics.py
[2026-09-04T08:50:43.012+0000] {processor.py:830} INFO - Processing file /opt/airflow/dags/steam_analytics.py for tasks to queue
[2026-09-04T08:50:43.013+0000] {logging_mixin.py:188} INFO - [2026-09-04T08:50:43.013+0000] {dagbag.py:545} INFO - Filling up the DagBag from /opt/airflow/dags/steam_analytics.py
[2026-09-04T08:50:43.162+0000] {processor.py:840} INFO - DAG(s) 'steam_analytics_daily' retrieved from /opt/airflow/dags/steam_analytics.py
[2026-09-04T08:50:43.203+0000] {logging_mixin.py:188} INFO - [2026-09-04T08:50:43.203+0000] {dag.py:3089} INFO - Sync 1 DAGs
[2026-09-04T08:50:43.237+0000] {logging_mixin.py:188} INFO - [2026-09-04T08:50:43.237+0000] {dag.py:3947} INFO - Setting next_dagrun for steam_analytics_daily to 2026-09-04 02:00:00+00:00, run_after=2026-09-05 02:00:00+00:00
[2026-09-04T08:50:43.260+0000] {processor.py:183} INFO - Processing /opt/airflow/dags/steam_analytics.py took 0.254 seconds
[2026-09-04T08:51:13.389+0000] {processor.py:161} INFO - Started process (PID=364) to work on /opt/airflow/dags/steam_analytics.py
[2026-09-04T08:51:13.389+0000] {processor.py:830} INFO - Processing file /opt/airflow/dags/steam_analytics.py for tasks to queue
[2026-09-04T08:51:13.391+0000] {logging_mixin.py:188} INFO - [2026-09-04T08:51:13.390+0000] {dagbag.py:545} INFO - Filling up the DagBag from /opt/airflow/dags/steam_analytics.py
[2026-09-04T08:51:13.544+0000] {processor.py:840} INFO - DAG(s) 'steam_analytics_daily' retrieved from /opt/airflow/dags/steam_analytics.py
[2026-09-04T08:51:13.573+0000] {logging_mixin.py:188} INFO - [2026-09-04T08:51:13.572+0000] {dag.py:3089} INFO - Sync 1 DAGs
[2026-09-04T08:51:13.593+0000] {logging_mixin.py:188} INFO - [2026-09-04T08:51:13.593+0000] {dag.py:3947} INFO - Setting next_dagrun for steam_analytics_daily to 2026-09-04 02:00:00+00:00, run_after=2026-09-05 02:00:00+00:00
[2026-09-04T08:51:13.611+0000] {processor.py:183} INFO - Processing /opt/airflow/dags/steam_analytics.py took 0.227 seconds
[2026-09-04T08:51:43.738+0000] {processor.py:161} INFO - Started process (PID=369) to work on /opt/airflow/dags/steam_analytics.py
[2026-09-04T08:51:43.738+0000] {processor.py:830} INFO - Processing file /opt/airflow/dags/steam_analytics.py for tasks to queue
[2026-09-04T08:51:43.740+0000] {logging_mixin.py:188} INFO - [2026-09-04T08:51:43.739+0000] {dagbag.py:545} INFO - Filling up the DagBag from /opt/airflow/dags/steam_analytics.py
[2026-09-04T08:51:43.915+0000] {processor.py:840} INFO - DAG(s) 'steam_analytics_daily' retrieved from /opt/airflow/dags/steam_analytics.py
[2026-09-04T08:51:43.942+0000] {logging_mixin.py:188} INFO - [2026-09-04T08:51:43.942+0000] {dag.py:3089} INFO - Sync 1 DAGs
[2026-09-04T08:51:43.962+0000] {logging_mixin.py:188} INFO - [2026-09-04T08:51:43.962+0000] {dag.py:3947} INFO - Setting next_dagrun for steam_analytics_daily to 2026-09-04 02:00:00+00:00, run_after=2026-09-05 02:00:00+00:00
[2026-09-04T08:51:43.978+0000] {processor.py:183} INFO - Processing /opt/airflow/dags/steam_analytics.py took 0.245 seconds
[2026-09-04T08:52:14.106+0000] {processor.py:161} INFO - Started process (PID=374) to work on /opt/airflow/dags/steam_analytics.py
[2026-09-04T08:52:14.107+0000] {processor.py:830} INFO - Processing file /opt/airflow/dags/steam_analytics.py for tasks to queue
[2026-09-04T08:52:14.108+0000] {logging_mixin.py:188} INFO - [2026-09-04T08:52:14.108+0000] {dagbag.py:545} INFO - Filling up the DagBag from /opt/airflow/dags/steam_analytics.py
[2026-09-04T08:52:14.258+0000] {processor.py:840} INFO - DAG(s) 'steam_analytics_daily' retrieved from /opt/airflow/dags/steam_analytics.py
[2026-09-04T08:52:14.284+0000] {logging_mixin.py:188} INFO - [2026-09-04T08:52:14.284+0000] {dag.py:3089} INFO - Sync 1 DAGs
[2026-09-04T08:52:14.306+0000] {logging_mixin.py:188} INFO - [2026-09-04T08:52:14.306+0000] {dag.py:3947} INFO - Setting next_dagrun for steam_analytics_daily to 2026-09-04 02:00:00+00:00, run_after=2026-09-05 02:00:00+00:00
[2026-09-04T08:52:14.325+0000] {processor.py:183} INFO - Processing /opt/airflow/dags/steam_analytics.py took 0.223 seconds
[2026-09-04T08:52:44.450+0000] {processor.py:161} INFO - Started process (PID=379) to work on /opt/airflow/dags/steam_analytics.py
[2026-09-04T08:52:44.451+0000] {processor.py:830} INFO - Processing file /opt/airflow/dags/steam_analytics.py for tasks to queue
[2026-09-04T08:52:44.452+0000] {logging_mixin.py:188} INFO - [2026-09-04T08:52:44.452+0000] {dagbag.py:545} INFO - Filling up the DagBag from /opt/airflow/dags/steam_analytics.py
[2026-09-04T08:52:44.590+0000] {processor.py:840} INFO - DAG(s) 'steam_analytics_daily' retrieved from /opt/airflow/dags/steam_analytics.py
[2026-09-04T08:52:44.617+0000] {logging_mixin.py:188} INFO - [2026-09-04T08:52:44.617+0000] {dag.py:3089} INFO - Sync 1 DAGs
[2026-09-04T08:52:44.641+0000] {logging_mixin.py:188} INFO - [2026-09-04T08:52:44.640+0000] {dag.py:3947} INFO - Setting next_dagrun for steam_analytics_daily to 2026-09-04 02:00:00+00:00, run_after=2026-09-05 02:00:00+00:00
[2026-09-04T08:52:44.660+0000] {processor.py:183} INFO - Processing /opt/airflow/dags/steam_analytics.py took 0.214 seconds
[2026-09-04T08:53:14.783+0000] {processor.py:161} INFO - Started process (PID=384) to work on /opt/airflow/dags/steam_analytics.py
[2026-09-04T08:53:14.784+0000] {processor.py:830} INFO - Processing file /opt/airflow/dags/steam_analytics.py for tasks to queue
[2026-09-04T08:53:14.785+0000] {logging_mixin.py:188} INFO - [2026-09-04T08:53:14.785+0000] {dagbag.py:545} INFO - Filling up the DagBag from /opt/airflow/dags/steam_analytics.py
[2026-09-04T08:53:14.925+0000] {processor.py:840} INFO - DAG(s) 'steam_analytics_daily' retrieved from /opt/airflow/dags/steam_analytics.py
[2026-09-04T08:53:14.952+0000] {logging_mixin.py:188} INFO - [2026-09-04T08:53:14.951+0000] {dag.py:3089} INFO - Sync 1 DAGs
[2026-09-04T08:53:14.977+0000] {logging_mixin.py:188} INFO - [2026-09-04T08:53:14.977+0000] {dag.py:3947} INFO - Setting next_dagrun for steam_analytics_daily to 2026-09-04 02:00:00+00:00, run_after=2026-09-05 02:00:00+00:00
[2026-09-04T08:53:14.994+0000] {processor.py:183} INFO - Processing /opt/airflow/dags/steam_analytics.py took 0.215 seconds
[2026-09-04T08:53:45.117+0000] {processor.py:161} INFO - Started process (PID=389) to work on /opt/airflow/dags/steam_analytics.py
[2026-09-04T08:53:45.118+0000] {processor.py:830} INFO - Processing file /opt/airflow/dags/steam_analytics.py for tasks to queue
[2026-09-04T08:53:45.119+0000] {logging_mixin.py:188} INFO - [2026-09-04T08:53:45.119+0000] {dagbag.py:545} INFO - Filling up the DagBag from /opt/airflow/dags/steam_analytics.py
[2026-09-04T08:53:45.255+0000] {processor.py:840} INFO - DAG(s) 'steam_analytics_daily' retrieved from /opt/airflow/dags/steam_analytics.py
[2026-09-04T08:53:45.281+0000] {logging_mixin.py:188} INFO - [2026-09-04T08:53:45.281+0000] {dag.py:3089} INFO - Sync 1 DAGs
[2026-09-04T08:53:45.300+0000] {logging_mixin.py:188} INFO - [2026-09-04T08:53:45.300+0000] {dag.py:3947} INFO - Setting next_dagrun for steam_analytics_daily to 2026-09-04 02:00:00+00:00, run_after=2026-09-05 02:00:00+00:00
[2026-09-04T08:53:45.316+0000] {processor.py:183} INFO - Processing /opt/airflow/dags/steam_analytics.py took 0.204 seconds
[2026-09-04T08:54:15.441+0000] {processor.py:161} INFO - Started process (PID=394) to work on /opt/airflow/dags/steam_analytics.py
[2026-09-04T08:54:15.442+0000] {processor.py:830} INFO - Processing file /opt/airflow/dags/steam_analytics.py for tasks to queue
[2026-09-04T08:54:15.443+0000] {logging_mixin.py:188} INFO - [2026-09-04T08:54:15.443+0000] {dagbag.py:545} INFO - Filling up the DagBag from /opt/airflow/dags/steam_analytics.py
[2026-09-04T08:54:15.580+0000] {processor.py:840} INFO - DAG(s) 'steam_analytics_daily' retrieved from /opt/airflow/dags/steam_analytics.py
[2026-09-04T08:54:15.607+0000] {logging_mixin.py:188} INFO - [2026-09-04T08:54:15.607+0000] {dag.py:3089} INFO - Sync 1 DAGs
[2026-09-04T08:54:15.628+0000] {logging_mixin.py:188} INFO - [2026-09-04T08:54:15.627+0000] {dag.py:3947} INFO - Setting next_dagrun for steam_analytics_daily to 2026-09-04 02:00:00+00:00, run_after=2026-09-05 02:00:00+00:00
[2026-09-04T08:54:15.644+0000] {processor.py:183} INFO - Processing /opt/airflow/dags/steam_analytics.py took 0.208 seconds
[2026-09-04T08:54:45.766+0000] {processor.py:161} INFO - Started process (PID=399) to work on /opt/airflow/dags/steam_analytics.py
[2026-09-04T08:54:45.767+0000] {processor.py:830} INFO - Processing file /opt/airflow/dags/steam_analytics.py for tasks to queue
[2026-09-04T08:54:45.768+0000] {logging_mixin.py:188} INFO - [2026-09-04T08:54:45.768+0000] {dagbag.py:545} INFO - Filling up the DagBag from /opt/airflow/dags/steam_analytics.py
[2026-09-04T08:54:45.908+0000] {processor.py:840} INFO - DAG(s) 'steam_analytics_daily' retrieved from /opt/airflow/dags/steam_analytics.py
[2026-09-04T08:54:45.934+0000] {logging_mixin.py:188} INFO - [2026-09-04T08:54:45.934+0000] {dag.py:3089} INFO - Sync 1 DAGs
[2026-09-04T08:54:45.954+0000] {logging_mixin.py:188} INFO - [2026-09-04T08:54:45.954+0000] {dag.py:3947} INFO - Setting next_dagrun for steam_analytics_daily to 2026-09-04 02:00:00+00:00, run_after=2026-09-05 02:00:00+00:00
[2026-09-04T08:54:45.971+0000] {processor.py:183} INFO - Processing /opt/airflow/dags/steam_analytics.py took 0.210 seconds
[2026-09-04T08:55:16.099+0000] {processor.py:161} INFO - Started process (PID=404) to work on /opt/airflow/dags/steam_analytics.py
[2026-09-04T08:55:16.100+0000] {processor.py:830} INFO - Processing file /opt/airflow/dags/steam_analytics.py for tasks to queue
[2026-09-04T08:55:16.101+0000] {logging_mixin.py:188} INFO - [2026-09-04T08:55:16.101+0000] {dagbag.py:545} INFO - Filling up the DagBag from /opt/airflow/dags/steam_analytics.py
[2026-09-04T08:55:16.237+0000] {processor.py:840} INFO - DAG(s) 'steam_analytics_daily' retrieved from /opt/airflow/dags/steam_analytics.py
[2026-09-04T08:55:16.262+0000] {logging_mixin.py:188} INFO - [2026-09-04T08:55:16.261+0000] {dag.py:3089} INFO - Sync 1 DAGs
[2026-09-04T08:55:16.281+0000] {logging_mixin.py:188} INFO - [2026-09-04T08:55:16.281+0000] {dag.py:3947} INFO - Setting next_dagrun for steam_analytics_daily to 2026-09-04 02:00:00+00:00, run_after=2026-09-05 02:00:00+00:00
[2026-09-04T08:55:16.297+0000] {processor.py:183} INFO - Processing /opt/airflow/dags/steam_analytics.py took 0.203 seconds
[2026-09-04T08:55:46.418+0000] {processor.py:161} INFO - Started process (PID=409) to work on /opt/airflow/dags/steam_analytics.py
[2026-09-04T08:55:46.418+0000] {processor.py:830} INFO - Processing file /opt/airflow/dags/steam_analytics.py for tasks to queue
[2026-09-04T08:55:46.420+0000] {logging_mixin.py:188} INFO - [2026-09-04T08:55:46.420+0000] {dagbag.py:545} INFO - Filling up the DagBag from /opt/airflow/dags/steam_analytics.py
[2026-09-04T08:55:46.560+0000] {processor.py:840} INFO - DAG(s) 'steam_analytics_daily' retrieved from /opt/airflow/dags/steam_analytics.py
[2026-09-04T08:55:46.586+0000] {logging_mixin.py:188} INFO - [2026-09-04T08:55:46.586+0000] {dag.py:3089} INFO - Sync 1 DAGs
[2026-09-04T08:55:46.605+0000] {logging_mixin.py:188} INFO - [2026-09-04T08:55:46.605+0000] {dag.py:3947} INFO - Setting next_dagrun for steam_analytics_daily to 2026-09-04 02:00:00+00:00, run_after=2026-09-05 02:00:00+00:00
[2026-09-04T08:55:46.621+0000] {processor.py:183} INFO - Processing /opt/airflow/dags/steam_analytics.py took 0.208 seconds
[2026-09-04T08:56:16.743+0000] {processor.py:161} INFO - Started process (PID=414) to work on /opt/airflow/dags/steam_analytics.py
[2026-09-04T08:56:16.743+0000] {processor.py:830} INFO - Processing file /opt/airflow/dags/steam_analytics.py for tasks to queue
[2026-09-04T08:56:16.745+0000] {logging_mixin.py:188} INFO - [2026-09-04T08:56:16.745+0000] {dagbag.py:545} INFO - Filling up the DagBag from /opt/airflow/dags/steam_analytics.py
[2026-09-04T08:56:16.886+0000] {processor.py:840} INFO - DAG(s) 'steam_analytics_daily' retrieved from /opt/airflow/dags/steam_analytics.py
[2026-09-04T08:56:16.913+0000] {logging_mixin.py:188} INFO - [2026-09-04T08:56:16.913+0000] {dag.py:3089} INFO - Sync 1 DAGs
[2026-09-04T08:56:16.933+0000] {logging_mixin.py:188} INFO - [2026-09-04T08:56:16.933+0000] {dag.py:3947} INFO - Setting next_dagrun for steam_analytics_daily to 2026-09-04 02:00:00+00:00, run_after=2026-09-05 02:00:00+00:00
[2026-09-04T08:56:16.950+0000] {processor.py:183} INFO - Processing /opt/airflow/dags/steam_analytics.py took 0.212 seconds
[2026-09-04T08:56:47.076+0000] {processor.py:161} INFO - Started process (PID=419) to work on /opt/airflow/dags/steam_analytics.py
[2026-09-04T08:56:47.077+0000] {processor.py:830} INFO - Processing file /opt/airflow/dags/steam_analytics.py for tasks to queue
[2026-09-04T08:56:47.078+0000] {logging_mixin.py:188} INFO - [2026-09-04T08:56:47.078+0000] {dagbag.py:545} INFO - Filling up the DagBag from /opt/airflow/dags/steam_analytics.py
[2026-09-04T08:56:47.212+0000] {processor.py:840} INFO - DAG(s) 'steam_analytics_daily' retrieved from /opt/airflow/dags/steam_analytics.py
[2026-09-04T08:56:47.240+0000] {logging_mixin.py:188} INFO - [2026-09-04T08:56:47.239+0000] {dag.py:3089} INFO - Sync 1 DAGs
[2026-09-04T08:56:47.268+0000] {logging_mixin.py:188} INFO - [2026-09-04T08:56:47.268+0000] {dag.py:3947} INFO - Setting next_dagrun for steam_analytics_daily to 2026-09-04 02:00:00+00:00, run_after=2026-09-05 02:00:00+00:00
[2026-09-04T08:56:47.290+0000] {processor.py:183} INFO - Processing /opt/airflow/dags/steam_analytics.py took 0.219 seconds
[2026-09-04T08:57:17.418+0000] {processor.py:161} INFO - Started process (PID=424) to work on /opt/airflow/dags/steam_analytics.py
[2026-09-04T08:57:17.419+0000] {processor.py:830} INFO - Processing file /opt/airflow/dags/steam_analytics.py for tasks to queue
[2026-09-04T08:57:17.421+0000] {logging_mixin.py:188} INFO - [2026-09-04T08:57:17.420+0000] {dagbag.py:545} INFO - Filling up the DagBag from /opt/airflow/dags/steam_analytics.py
[2026-09-04T08:57:17.548+0000] {processor.py:840} INFO - DAG(s) 'steam_analytics_daily' retrieved from /opt/airflow/dags/steam_analytics.py
[2026-09-04T08:57:17.581+0000] {logging_mixin.py:188} INFO - [2026-09-04T08:57:17.581+0000] {dag.py:3089} INFO - Sync 1 DAGs
[2026-09-04T08:57:17.609+0000] {logging_mixin.py:188} INFO - [2026-09-04T08:57:17.609+0000] {dag.py:3947} INFO - Setting next_dagrun for steam_analytics_daily to 2026-09-04 02:00:00+00:00, run_after=2026-09-05 02:00:00+00:00
[2026-09-04T08:57:17.632+0000] {processor.py:183} INFO - Processing /opt/airflow/dags/steam_analytics.py took 0.220 seconds
[2026-09-04T08:57:47.761+0000] {processor.py:161} INFO - Started process (PID=433) to work on /opt/airflow/dags/steam_analytics.py
[2026-09-04T08:57:47.762+0000] {processor.py:830} INFO - Processing file /opt/airflow/dags/steam_analytics.py for tasks to queue
[2026-09-04T08:57:47.764+0000] {logging_mixin.py:188} INFO - [2026-09-04T08:57:47.763+0000] {dagbag.py:545} INFO - Filling up the DagBag from /opt/airflow/dags/steam_analytics.py
[2026-09-04T08:57:47.905+0000] {processor.py:840} INFO - DAG(s) 'steam_analytics_daily' retrieved from /opt/airflow/dags/steam_analytics.py
[2026-09-04T08:57:47.932+0000] {logging_mixin.py:188} INFO - [2026-09-04T08:57:47.932+0000] {dag.py:3089} INFO - Sync 1 DAGs
[2026-09-04T08:57:47.954+0000] {logging_mixin.py:188} INFO - [2026-09-04T08:57:47.953+0000] {dag.py:3947} INFO - Setting next_dagrun for steam_analytics_daily to 2026-09-04 02:00:00+00:00, run_after=2026-09-05 02:00:00+00:00
[2026-09-04T08:57:47.971+0000] {processor.py:183} INFO - Processing /opt/airflow/dags/steam_analytics.py took 0.215 seconds
[2026-09-04T08:58:18.108+0000] {processor.py:161} INFO - Started process (PID=438) to work on /opt/airflow/dags/steam_analytics.py
[2026-09-04T08:58:18.108+0000] {processor.py:830} INFO - Processing file /opt/airflow/dags/steam_analytics.py for tasks to queue
[2026-09-04T08:58:18.110+0000] {logging_mixin.py:188} INFO - [2026-09-04T08:58:18.110+0000] {dagbag.py:545} INFO - Filling up the DagBag from /opt/airflow/dags/steam_analytics.py
[2026-09-04T08:58:18.260+0000] {processor.py:840} INFO - DAG(s) 'steam_analytics_daily' retrieved from /opt/airflow/dags/steam_analytics.py
[2026-09-04T08:58:18.286+0000] {logging_mixin.py:188} INFO - [2026-09-04T08:58:18.286+0000] {dag.py:3089} INFO - Sync 1 DAGs
[2026-09-04T08:58:18.306+0000] {logging_mixin.py:188} INFO - [2026-09-04T08:58:18.306+0000] {dag.py:3947} INFO - Setting next_dagrun for steam_analytics_daily to 2026-09-04 02:00:00+00:00, run_after=2026-09-05 02:00:00+00:00
[2026-09-04T08:58:18.324+0000] {processor.py:183} INFO - Processing /opt/airflow/dags/steam_analytics.py took 0.221 seconds
[2026-09-04T08:58:48.459+0000] {processor.py:161} INFO - Started process (PID=443) to work on /opt/airflow/dags/steam_analytics.py
[2026-09-04T08:58:48.460+0000] {processor.py:830} INFO - Processing file /opt/airflow/dags/steam_analytics.py for tasks to queue
[2026-09-04T08:58:48.462+0000] {logging_mixin.py:188} INFO - [2026-09-04T08:58:48.461+0000] {dagbag.py:545} INFO - Filling up the DagBag from /opt/airflow/dags/steam_analytics.py
[2026-09-04T08:58:48.608+0000] {processor.py:840} INFO - DAG(s) 'steam_analytics_daily' retrieved from /opt/airflow/dags/steam_analytics.py
[2026-09-04T08:58:48.633+0000] {logging_mixin.py:188} INFO - [2026-09-04T08:58:48.632+0000] {dag.py:3089} INFO - Sync 1 DAGs
[2026-09-04T08:58:48.652+0000] {logging_mixin.py:188} INFO - [2026-09-04T08:58:48.652+0000] {dag.py:3947} INFO - Setting next_dagrun for steam_analytics_daily to 2026-09-04 02:00:00+00:00, run_after=2026-09-05 02:00:00+00:00
[2026-09-04T08:58:48.670+0000] {processor.py:183} INFO - Processing /opt/airflow/dags/steam_analytics.py took 0.217 seconds
[2026-09-04T08:59:18.805+0000] {processor.py:161} INFO - Started process (PID=448) to work on /opt/airflow/dags/steam_analytics.py
[2026-09-04T08:59:18.806+0000] {processor.py:830} INFO - Processing file /opt/airflow/dags/steam_analytics.py for tasks to queue
[2026-09-04T08:59:18.807+0000] {logging_mixin.py:188} INFO - [2026-09-04T08:59:18.807+0000] {dagbag.py:545} INFO - Filling up the DagBag from /opt/airflow/dags/steam_analytics.py
[2026-09-04T08:59:18.957+0000] {processor.py:840} INFO - DAG(s) 'steam_analytics_daily' retrieved from /opt/airflow/dags/steam_analytics.py
[2026-09-04T08:59:18.984+0000] {logging_mixin.py:188} INFO - [2026-09-04T08:59:18.984+0000] {dag.py:3089} INFO - Sync 1 DAGs
[2026-09-04T08:59:19.005+0000] {logging_mixin.py:188} INFO - [2026-09-04T08:59:19.005+0000] {dag.py:3947} INFO - Setting next_dagrun for steam_analytics_daily to 2026-09-04 02:00:00+00:00, run_after=2026-09-05 02:00:00+00:00
[2026-09-04T08:59:19.021+0000] {processor.py:183} INFO - Processing /opt/airflow/dags/steam_analytics.py took 0.221 seconds
[2026-09-04T08:59:49.154+0000] {processor.py:161} INFO - Started process (PID=453) to work on /opt/airflow/dags/steam_analytics.py
[2026-09-04T08:59:49.154+0000] {processor.py:830} INFO - Processing file /opt/airflow/dags/steam_analytics.py for tasks to queue
[2026-09-04T08:59:49.156+0000] {logging_mixin.py:188} INFO - [2026-09-04T08:59:49.156+0000] {dagbag.py:545} INFO - Filling up the DagBag from /opt/airflow/dags/steam_analytics.py
[2026-09-04T08:59:49.308+0000] {processor.py:840} INFO - DAG(s) 'steam_analytics_daily' retrieved from /opt/airflow/dags/steam_analytics.py
[2026-09-04T08:59:49.336+0000] {logging_mixin.py:188} INFO - [2026-09-04T08:59:49.336+0000] {dag.py:3089} INFO - Sync 1 DAGs
[2026-09-04T08:59:49.356+0000] {logging_mixin.py:188} INFO - [2026-09-04T08:59:49.356+0000] {dag.py:3947} INFO - Setting next_dagrun for steam_analytics_daily to 2026-09-04 02:00:00+00:00, run_after=2026-09-05 02:00:00+00:00
[2026-09-04T08:59:49.375+0000] {processor.py:183} INFO - Processing /opt/airflow/dags/steam_analytics.py took 0.226 seconds
[2026-09-04T09:00:19.510+0000] {processor.py:161} INFO - Started process (PID=458) to work on /opt/airflow/dags/steam_analytics.py
[2026-09-04T09:00:19.510+0000] {processor.py:830} INFO - Processing file /opt/airflow/dags/steam_analytics.py for tasks to queue
[2026-09-04T09:00:19.512+0000] {logging_mixin.py:188} INFO - [2026-09-04T09:00:19.511+0000] {dagbag.py:545} INFO - Filling up the DagBag from /opt/airflow/dags/steam_analytics.py
[2026-09-04T09:00:19.693+0000] {processor.py:840} INFO - DAG(s) 'steam_analytics_daily' retrieved from /opt/airflow/dags/steam_analytics.py
[2026-09-04T09:00:19.722+0000] {logging_mixin.py:188} INFO - [2026-09-04T09:00:19.721+0000] {dag.py:3089} INFO - Sync 1 DAGs
[2026-09-04T09:00:19.742+0000] {logging_mixin.py:188} INFO - [2026-09-04T09:00:19.741+0000] {dag.py:3947} INFO - Setting next_dagrun for steam_analytics_daily to 2026-09-04 02:00:00+00:00, run_after=2026-09-05 02:00:00+00:00
[2026-09-04T09:00:19.757+0000] {processor.py:183} INFO - Processing /opt/airflow/dags/steam_analytics.py took 0.252 seconds
[2026-09-04T09:00:49.893+0000] {processor.py:161} INFO - Started process (PID=465) to work on /opt/airflow/dags/steam_analytics.py
[2026-09-04T09:00:49.894+0000] {processor.py:830} INFO - Processing file /opt/airflow/dags/steam_analytics.py for tasks to queue
[2026-09-04T09:00:49.896+0000] {logging_mixin.py:188} INFO - [2026-09-04T09:00:49.895+0000] {dagbag.py:545} INFO - Filling up the DagBag from /opt/airflow/dags/steam_analytics.py
[2026-09-04T09:00:50.060+0000] {processor.py:840} INFO - DAG(s) 'steam_analytics_daily' retrieved from /opt/airflow/dags/steam_analytics.py
[2026-09-04T09:00:50.086+0000] {logging_mixin.py:188} INFO - [2026-09-04T09:00:50.085+0000] {dag.py:3089} INFO - Sync 1 DAGs
[2026-09-04T09:00:50.106+0000] {logging_mixin.py:188} INFO - [2026-09-04T09:00:50.106+0000] {dag.py:3947} INFO - Setting next_dagrun for steam_analytics_daily to 2026-09-04 02:00:00+00:00, run_after=2026-09-05 02:00:00+00:00
[2026-09-04T09:00:50.123+0000] {processor.py:183} INFO - Processing /opt/airflow/dags/steam_analytics.py took 0.235 seconds
[2026-09-04T09:01:20.249+0000] {processor.py:161} INFO - Started process (PID=470) to work on /opt/airflow/dags/steam_analytics.py
[2026-09-04T09:01:20.250+0000] {processor.py:830} INFO - Processing file /opt/airflow/dags/steam_analytics.py for tasks to queue
[2026-09-04T09:01:20.251+0000] {logging_mixin.py:188} INFO - [2026-09-04T09:01:20.251+0000] {dagbag.py:545} INFO - Filling up the DagBag from /opt/airflow/dags/steam_analytics.py
[2026-09-04T09:01:20.381+0000] {processor.py:840} INFO - DAG(s) 'steam_analytics_daily' retrieved from /opt/airflow/dags/steam_analytics.py
[2026-09-04T09:01:20.409+0000] {logging_mixin.py:188} INFO - [2026-09-04T09:01:20.408+0000] {dag.py:3089} INFO - Sync 1 DAGs
[2026-09-04T09:01:20.429+0000] {logging_mixin.py:188} INFO - [2026-09-04T09:01:20.429+0000] {dag.py:3947} INFO - Setting next_dagrun for steam_analytics_daily to 2026-09-04 02:00:00+00:00, run_after=2026-09-05 02:00:00+00:00
[2026-09-04T09:01:20.445+0000] {processor.py:183} INFO - Processing /opt/airflow/dags/steam_analytics.py took 0.200 seconds
[2026-09-04T09:01:50.573+0000] {processor.py:161} INFO - Started process (PID=475) to work on /opt/airflow/dags/steam_analytics.py
[2026-09-04T09:01:50.573+0000] {processor.py:830} INFO - Processing file /opt/airflow/dags/steam_analytics.py for tasks to queue
[2026-09-04T09:01:50.575+0000] {logging_mixin.py:188} INFO - [2026-09-04T09:01:50.575+0000] {dagbag.py:545} INFO - Filling up the DagBag from /opt/airflow/dags/steam_analytics.py
[2026-09-04T09:01:50.706+0000] {processor.py:840} INFO - DAG(s) 'steam_analytics_daily' retrieved from /opt/airflow/dags/steam_analytics.py
[2026-09-04T09:01:50.729+0000] {logging_mixin.py:188} INFO - [2026-09-04T09:01:50.729+0000] {dag.py:3089} INFO - Sync 1 DAGs
[2026-09-04T09:01:50.748+0000] {logging_mixin.py:188} INFO - [2026-09-04T09:01:50.748+0000] {dag.py:3947} INFO - Setting next_dagrun for steam_analytics_daily to 2026-09-04 02:00:00+00:00, run_after=2026-09-05 02:00:00+00:00
[2026-09-04T09:01:50.763+0000] {processor.py:183} INFO - Processing /opt/airflow/dags/steam_analytics.py took 0.195 seconds
[2026-09-04T09:02:20.889+0000] {processor.py:161} INFO - Started process (PID=480) to work on /opt/airflow/dags/steam_analytics.py
[2026-09-04T09:02:20.890+0000] {processor.py:830} INFO - Processing file /opt/airflow/dags/steam_analytics.py for tasks to queue
[2026-09-04T09:02:20.892+0000] {logging_mixin.py:188} INFO - [2026-09-04T09:02:20.891+0000] {dagbag.py:545} INFO - Filling up the DagBag from /opt/airflow/dags/steam_analytics.py
[2026-09-04T09:02:21.032+0000] {processor.py:840} INFO - DAG(s) 'steam_analytics_daily' retrieved from /opt/airflow/dags/steam_analytics.py
[2026-09-04T09:02:21.058+0000] {logging_mixin.py:188} INFO - [2026-09-04T09:02:21.058+0000] {dag.py:3089} INFO - Sync 1 DAGs
[2026-09-04T09:02:21.076+0000] {logging_mixin.py:188} INFO - [2026-09-04T09:02:21.076+0000] {dag.py:3947} INFO - Setting next_dagrun for steam_analytics_daily to 2026-09-04 02:00:00+00:00, run_after=2026-09-05 02:00:00+00:00
[2026-09-04T09:02:21.092+0000] {processor.py:183} INFO - Processing /opt/airflow/dags/steam_analytics.py took 0.207 seconds
[2026-09-04T09:02:51.212+0000] {processor.py:161} INFO - Started process (PID=485) to work on /opt/airflow/dags/steam_analytics.py
[2026-09-04T09:02:51.213+0000] {processor.py:830} INFO - Processing file /opt/airflow/dags/steam_analytics.py for tasks to queue
[2026-09-04T09:02:51.214+0000] {logging_mixin.py:188} INFO - [2026-09-04T09:02:51.214+0000] {dagbag.py:545} INFO - Filling up the DagBag from /opt/airflow/dags/steam_analytics.py
[2026-09-04T09:02:51.341+0000] {processor.py:840} INFO - DAG(s) 'steam_analytics_daily' retrieved from /opt/airflow/dags/steam_analytics.py
[2026-09-04T09:02:51.365+0000] {logging_mixin.py:188} INFO - [2026-09-04T09:02:51.364+0000] {dag.py:3089} INFO - Sync 1 DAGs
[2026-09-04T09:02:51.384+0000] {logging_mixin.py:188} INFO - [2026-09-04T09:02:51.383+0000] {dag.py:3947} INFO - Setting next_dagrun for steam_analytics_daily to 2026-09-04 02:00:00+00:00, run_after=2026-09-05 02:00:00+00:00
[2026-09-04T09:02:51.399+0000] {processor.py:183} INFO - Processing /opt/airflow/dags/steam_analytics.py took 0.191 seconds
[2026-09-04T09:03:21.522+0000] {processor.py:161} INFO - Started process (PID=490) to work on /opt/airflow/dags/steam_analytics.py
[2026-09-04T09:03:21.523+0000] {processor.py:830} INFO - Processing file /opt/airflow/dags/steam_analytics.py for tasks to queue
[2026-09-04T09:03:21.524+0000] {logging_mixin.py:188} INFO - [2026-09-04T09:03:21.524+0000] {dagbag.py:545} INFO - Filling up the DagBag from /opt/airflow/dags/steam_analytics.py
[2026-09-04T09:03:21.654+0000] {processor.py:840} INFO - DAG(s) 'steam_analytics_daily' retrieved from /opt/airflow/dags/steam_analytics.py
[2026-09-04T09:03:21.678+0000] {logging_mixin.py:188} INFO - [2026-09-04T09:03:21.678+0000] {dag.py:3089} INFO - Sync 1 DAGs
[2026-09-04T09:03:21.699+0000] {logging_mixin.py:188} INFO - [2026-09-04T09:03:21.699+0000] {dag.py:3947} INFO - Setting next_dagrun for steam_analytics_daily to 2026-09-04 02:00:00+00:00, run_after=2026-09-05 02:00:00+00:00
[2026-09-04T09:03:21.715+0000] {processor.py:183} INFO - Processing /opt/airflow/dags/steam_analytics.py took 0.198 seconds
[2026-09-04T09:03:51.845+0000] {processor.py:161} INFO - Started process (PID=495) to work on /opt/airflow/dags/steam_analytics.py
[2026-09-04T09:03:51.845+0000] {processor.py:830} INFO - Processing file /opt/airflow/dags/steam_analytics.py for tasks to queue
[2026-09-04T09:03:51.847+0000] {logging_mixin.py:188} INFO - [2026-09-04T09:03:51.847+0000] {dagbag.py:545} INFO - Filling up the DagBag from /opt/airflow/dags/steam_analytics.py
[2026-09-04T09:03:51.993+0000] {processor.py:840} INFO - DAG(s) 'steam_analytics_daily' retrieved from /opt/airflow/dags/steam_analytics.py
[2026-09-04T09:03:52.021+0000] {logging_mixin.py:188} INFO - [2026-09-04T09:03:52.021+0000] {dag.py:3089} INFO - Sync 1 DAGs
[2026-09-04T09:03:52.044+0000] {logging_mixin.py:188} INFO - [2026-09-04T09:03:52.044+0000] {dag.py:3947} INFO - Setting next_dagrun for steam_analytics_daily to 2026-09-04 02:00:00+00:00, run_after=2026-09-05 02:00:00+00:00
[2026-09-04T09:03:52.061+0000] {processor.py:183} INFO - Processing /opt/airflow/dags/steam_analytics.py took 0.221 seconds
[2026-09-04T09:04:22.183+0000] {processor.py:161} INFO - Started process (PID=500) to work on /opt/airflow/dags/steam_analytics.py
[2026-09-04T09:04:22.184+0000] {processor.py:830} INFO - Processing file /opt/airflow/dags/steam_analytics.py for tasks to queue
[2026-09-04T09:04:22.185+0000] {logging_mixin.py:188} INFO - [2026-09-04T09:04:22.185+0000] {dagbag.py:545} INFO - Filling up the DagBag from /opt/airflow/dags/steam_analytics.py
[2026-09-04T09:04:22.313+0000] {processor.py:840} INFO - DAG(s) 'steam_analytics_daily' retrieved from /opt/airflow/dags/steam_analytics.py
[2026-09-04T09:04:22.338+0000] {logging_mixin.py:188} INFO - [2026-09-04T09:04:22.338+0000] {dag.py:3089} INFO - Sync 1 DAGs
[2026-09-04T09:04:22.357+0000] {logging_mixin.py:188} INFO - [2026-09-04T09:04:22.357+0000] {dag.py:3947} INFO - Setting next_dagrun for steam_analytics_daily to 2026-09-04 02:00:00+00:00, run_after=2026-09-05 02:00:00+00:00
[2026-09-04T09:04:22.372+0000] {processor.py:183} INFO - Processing /opt/airflow/dags/steam_analytics.py took 0.193 seconds
[2026-09-04T09:04:52.501+0000] {processor.py:161} INFO - Started process (PID=505) to work on /opt/airflow/dags/steam_analytics.py
[2026-09-04T09:04:52.502+0000] {processor.py:830} INFO - Processing file /opt/airflow/dags/steam_analytics.py for tasks to queue
[2026-09-04T09:04:52.503+0000] {logging_mixin.py:188} INFO - [2026-09-04T09:04:52.503+0000] {dagbag.py:545} INFO - Filling up the DagBag from /opt/airflow/dags/steam_analytics.py
[2026-09-04T09:04:52.644+0000] {processor.py:840} INFO - DAG(s) 'steam_analytics_daily' retrieved from /opt/airflow/dags/steam_analytics.py
[2026-09-04T09:04:52.669+0000] {logging_mixin.py:188} INFO - [2026-09-04T09:04:52.669+0000] {dag.py:3089} INFO - Sync 1 DAGs
[2026-09-04T09:04:52.688+0000] {logging_mixin.py:188} INFO - [2026-09-04T09:04:52.688+0000] {dag.py:3947} INFO - Setting next_dagrun for steam_analytics_daily to 2026-09-04 02:00:00+00:00, run_after=2026-09-05 02:00:00+00:00
[2026-09-04T09:04:52.702+0000] {processor.py:183} INFO - Processing /opt/airflow/dags/steam_analytics.py took 0.207 seconds
[2026-09-04T09:05:22.826+0000] {processor.py:161} INFO - Started process (PID=510) to work on /opt/airflow/dags/steam_analytics.py
[2026-09-04T09:05:22.827+0000] {processor.py:830} INFO - Processing file /opt/airflow/dags/steam_analytics.py for tasks to queue
[2026-09-04T09:05:22.828+0000] {logging_mixin.py:188} INFO - [2026-09-04T09:05:22.828+0000] {dagbag.py:545} INFO - Filling up the DagBag from /opt/airflow/dags/steam_analytics.py
[2026-09-04T09:05:22.968+0000] {processor.py:840} INFO - DAG(s) 'steam_analytics_daily' retrieved from /opt/airflow/dags/steam_analytics.py
[2026-09-04T09:05:22.994+0000] {logging_mixin.py:188} INFO - [2026-09-04T09:05:22.994+0000] {dag.py:3089} INFO - Sync 1 DAGs
[2026-09-04T09:05:23.016+0000] {logging_mixin.py:188} INFO - [2026-09-04T09:05:23.015+0000] {dag.py:3947} INFO - Setting next_dagrun for steam_analytics_daily to 2026-09-04 02:00:00+00:00, run_after=2026-09-05 02:00:00+00:00
[2026-09-04T09:05:23.033+0000] {processor.py:183} INFO - Processing /opt/airflow/dags/steam_analytics.py took 0.212 seconds
[2026-09-04T09:05:53.153+0000] {processor.py:161} INFO - Started process (PID=515) to work on /opt/airflow/dags/steam_analytics.py
[2026-09-04T09:05:53.153+0000] {processor.py:830} INFO - Processing file /opt/airflow/dags/steam_analytics.py for tasks to queue
[2026-09-04T09:05:53.155+0000] {logging_mixin.py:188} INFO - [2026-09-04T09:05:53.154+0000] {dagbag.py:545} INFO - Filling up the DagBag from /opt/airflow/dags/steam_analytics.py
[2026-09-04T09:05:53.283+0000] {processor.py:840} INFO - DAG(s) 'steam_analytics_daily' retrieved from /opt/airflow/dags/steam_analytics.py
[2026-09-04T09:05:53.306+0000] {logging_mixin.py:188} INFO - [2026-09-04T09:05:53.306+0000] {dag.py:3089} INFO - Sync 1 DAGs
[2026-09-04T09:05:53.326+0000] {logging_mixin.py:188} INFO - [2026-09-04T09:05:53.326+0000] {dag.py:3947} INFO - Setting next_dagrun for steam_analytics_daily to 2026-09-04 02:00:00+00:00, run_after=2026-09-05 02:00:00+00:00
[2026-09-04T09:05:53.341+0000] {processor.py:183} INFO - Processing /opt/airflow/dags/steam_analytics.py took 0.193 seconds
[2026-09-04T09:06:23.463+0000] {processor.py:161} INFO - Started process (PID=520) to work on /opt/airflow/dags/steam_analytics.py
[2026-09-04T09:06:23.464+0000] {processor.py:830} INFO - Processing file /opt/airflow/dags/steam_analytics.py for tasks to queue
[2026-09-04T09:06:23.465+0000] {logging_mixin.py:188} INFO - [2026-09-04T09:06:23.465+0000] {dagbag.py:545} INFO - Filling up the DagBag from /opt/airflow/dags/steam_analytics.py
[2026-09-04T09:06:23.608+0000] {processor.py:840} INFO - DAG(s) 'steam_analytics_daily' retrieved from /opt/airflow/dags/steam_analytics.py
[2026-09-04T09:06:23.636+0000] {logging_mixin.py:188} INFO - [2026-09-04T09:06:23.635+0000] {dag.py:3089} INFO - Sync 1 DAGs
[2026-09-04T09:06:23.656+0000] {logging_mixin.py:188} INFO - [2026-09-04T09:06:23.656+0000] {dag.py:3947} INFO - Setting next_dagrun for steam_analytics_daily to 2026-09-04 02:00:00+00:00, run_after=2026-09-05 02:00:00+00:00
[2026-09-04T09:06:23.673+0000] {processor.py:183} INFO - Processing /opt/airflow/dags/steam_analytics.py took 0.214 seconds
[2026-09-04T09:06:53.795+0000] {processor.py:161} INFO - Started process (PID=525) to work on /opt/airflow/dags/steam_analytics.py
[2026-09-04T09:06:53.796+0000] {processor.py:830} INFO - Processing file /opt/airflow/dags/steam_analytics.py for tasks to queue
[2026-09-04T09:06:53.797+0000] {logging_mixin.py:188} INFO - [2026-09-04T09:06:53.797+0000] {dagbag.py:545} INFO - Filling up the DagBag from /opt/airflow/dags/steam_analytics.py
[2026-09-04T09:06:53.926+0000] {processor.py:840} INFO - DAG(s) 'steam_analytics_daily' retrieved from /opt/airflow/dags/steam_analytics.py
[2026-09-04T09:06:53.951+0000] {logging_mixin.py:188} INFO - [2026-09-04T09:06:53.951+0000] {dag.py:3089} INFO - Sync 1 DAGs
[2026-09-04T09:06:53.969+0000] {logging_mixin.py:188} INFO - [2026-09-04T09:06:53.969+0000] {dag.py:3947} INFO - Setting next_dagrun for steam_analytics_daily to 2026-09-04 02:00:00+00:00, run_after=2026-09-05 02:00:00+00:00
[2026-09-04T09:06:53.984+0000] {processor.py:183} INFO - Processing /opt/airflow/dags/steam_analytics.py took 0.193 seconds
[2026-09-04T09:07:24.101+0000] {processor.py:161} INFO - Started process (PID=530) to work on /opt/airflow/dags/steam_analytics.py
[2026-09-04T09:07:24.102+0000] {processor.py:830} INFO - Processing file /opt/airflow/dags/steam_analytics.py for tasks to queue
[2026-09-04T09:07:24.103+0000] {logging_mixin.py:188} INFO - [2026-09-04T09:07:24.103+0000] {dagbag.py:545} INFO - Filling up the DagBag from /opt/airflow/dags/steam_analytics.py
[2026-09-04T09:07:24.231+0000] {processor.py:840} INFO - DAG(s) 'steam_analytics_daily' retrieved from /opt/airflow/dags/steam_analytics.py
[2026-09-04T09:07:24.255+0000] {logging_mixin.py:188} INFO - [2026-09-04T09:07:24.255+0000] {dag.py:3089} INFO - Sync 1 DAGs
[2026-09-04T09:07:24.274+0000] {logging_mixin.py:188} INFO - [2026-09-04T09:07:24.274+0000] {dag.py:3947} INFO - Setting next_dagrun for steam_analytics_daily to 2026-09-04 02:00:00+00:00, run_after=2026-09-05 02:00:00+00:00
[2026-09-04T09:07:24.288+0000] {processor.py:183} INFO - Processing /opt/airflow/dags/steam_analytics.py took 0.191 seconds
[2026-09-04T09:07:54.408+0000] {processor.py:161} INFO - Started process (PID=535) to work on /opt/airflow/dags/steam_analytics.py
[2026-09-04T09:07:54.408+0000] {processor.py:830} INFO - Processing file /opt/airflow/dags/steam_analytics.py for tasks to queue
[2026-09-04T09:07:54.410+0000] {logging_mixin.py:188} INFO - [2026-09-04T09:07:54.410+0000] {dagbag.py:545} INFO - Filling up the DagBag from /opt/airflow/dags/steam_analytics.py
[2026-09-04T09:07:54.615+0000] {processor.py:840} INFO - DAG(s) 'steam_analytics_daily' retrieved from /opt/airflow/dags/steam_analytics.py
[2026-09-04T09:07:54.652+0000] {logging_mixin.py:188} INFO - [2026-09-04T09:07:54.651+0000] {dag.py:3089} INFO - Sync 1 DAGs
[2026-09-04T09:07:54.675+0000] {logging_mixin.py:188} INFO - [2026-09-04T09:07:54.675+0000] {dag.py:3947} INFO - Setting next_dagrun for steam_analytics_daily to 2026-09-04 02:00:00+00:00, run_after=2026-09-05 02:00:00+00:00
[2026-09-04T09:07:54.692+0000] {processor.py:183} INFO - Processing /opt/airflow/dags/steam_analytics.py took 0.290 seconds
[2026-09-04T09:08:24.815+0000] {processor.py:161} INFO - Started process (PID=540) to work on /opt/airflow/dags/steam_analytics.py
[2026-09-04T09:08:24.815+0000] {processor.py:830} INFO - Processing file /opt/airflow/dags/steam_analytics.py for tasks to queue
[2026-09-04T09:08:24.817+0000] {logging_mixin.py:188} INFO - [2026-09-04T09:08:24.817+0000] {dagbag.py:545} INFO - Filling up the DagBag from /opt/airflow/dags/steam_analytics.py
[2026-09-04T09:08:24.948+0000] {processor.py:840} INFO - DAG(s) 'steam_analytics_daily' retrieved from /opt/airflow/dags/steam_analytics.py
[2026-09-04T09:08:24.974+0000] {logging_mixin.py:188} INFO - [2026-09-04T09:08:24.973+0000] {dag.py:3089} INFO - Sync 1 DAGs
[2026-09-04T09:08:24.993+0000] {logging_mixin.py:188} INFO - [2026-09-04T09:08:24.993+0000] {dag.py:3947} INFO - Setting next_dagrun for steam_analytics_daily to 2026-09-04 02:00:00+00:00, run_after=2026-09-05 02:00:00+00:00
[2026-09-04T09:08:25.009+0000] {processor.py:183} INFO - Processing /opt/airflow/dags/steam_analytics.py took 0.198 seconds
[2026-09-04T09:08:55.127+0000] {processor.py:161} INFO - Started process (PID=545) to work on /opt/airflow/dags/steam_analytics.py
[2026-09-04T09:08:55.128+0000] {processor.py:830} INFO - Processing file /opt/airflow/dags/steam_analytics.py for tasks to queue
[2026-09-04T09:08:55.130+0000] {logging_mixin.py:188} INFO - [2026-09-04T09:08:55.129+0000] {dagbag.py:545} INFO - Filling up the DagBag from /opt/airflow/dags/steam_analytics.py
[2026-09-04T09:08:55.269+0000] {processor.py:840} INFO - DAG(s) 'steam_analytics_daily' retrieved from /opt/airflow/dags/steam_analytics.py
[2026-09-04T09:08:55.297+0000] {logging_mixin.py:188} INFO - [2026-09-04T09:08:55.297+0000] {dag.py:3089} INFO - Sync 1 DAGs
[2026-09-04T09:08:55.318+0000] {logging_mixin.py:188} INFO - [2026-09-04T09:08:55.318+0000] {dag.py:3947} INFO - Setting next_dagrun for steam_analytics_daily to 2026-09-04 02:00:00+00:00, run_after=2026-09-05 02:00:00+00:00
[2026-09-04T09:08:55.336+0000] {processor.py:183} INFO - Processing /opt/airflow/dags/steam_analytics.py took 0.213 seconds
[2026-09-04T09:09:25.457+0000] {processor.py:161} INFO - Started process (PID=550) to work on /opt/airflow/dags/steam_analytics.py
[2026-09-04T09:09:25.458+0000] {processor.py:830} INFO - Processing file /opt/airflow/dags/steam_analytics.py for tasks to queue
[2026-09-04T09:09:25.459+0000] {logging_mixin.py:188} INFO - [2026-09-04T09:09:25.459+0000] {dagbag.py:545} INFO - Filling up the DagBag from /opt/airflow/dags/steam_analytics.py
[2026-09-04T09:09:25.589+0000] {processor.py:840} INFO - DAG(s) 'steam_analytics_daily' retrieved from /opt/airflow/dags/steam_analytics.py
[2026-09-04T09:09:25.615+0000] {logging_mixin.py:188} INFO - [2026-09-04T09:09:25.615+0000] {dag.py:3089} INFO - Sync 1 DAGs
[2026-09-04T09:09:25.635+0000] {logging_mixin.py:188} INFO - [2026-09-04T09:09:25.634+0000] {dag.py:3947} INFO - Setting next_dagrun for steam_analytics_daily to 2026-09-04 02:00:00+00:00, run_after=2026-09-05 02:00:00+00:00
[2026-09-04T09:09:25.650+0000] {processor.py:183} INFO - Processing /opt/airflow/dags/steam_analytics.py took 0.197 seconds
[2026-09-04T09:09:55.765+0000] {processor.py:161} INFO - Started process (PID=555) to work on /opt/airflow/dags/steam_analytics.py
[2026-09-04T09:09:55.766+0000] {processor.py:830} INFO - Processing file /opt/airflow/dags/steam_analytics.py for tasks to queue
[2026-09-04T09:09:55.767+0000] {logging_mixin.py:188} INFO - [2026-09-04T09:09:55.767+0000] {dagbag.py:545} INFO - Filling up the DagBag from /opt/airflow/dags/steam_analytics.py
[2026-09-04T09:09:55.897+0000] {processor.py:840} INFO - DAG(s) 'steam_analytics_daily' retrieved from /opt/airflow/dags/steam_analytics.py
[2026-09-04T09:09:55.922+0000] {logging_mixin.py:188} INFO - [2026-09-04T09:09:55.922+0000] {dag.py:3089} INFO - Sync 1 DAGs
[2026-09-04T09:09:55.942+0000] {logging_mixin.py:188} INFO - [2026-09-04T09:09:55.942+0000] {dag.py:3947} INFO - Setting next_dagrun for steam_analytics_daily to 2026-09-04 02:00:00+00:00, run_after=2026-09-05 02:00:00+00:00
[2026-09-04T09:09:55.958+0000] {processor.py:183} INFO - Processing /opt/airflow/dags/steam_analytics.py took 0.197 seconds
[2026-09-04T09:10:26.078+0000] {processor.py:161} INFO - Started process (PID=560) to work on /opt/airflow/dags/steam_analytics.py
[2026-09-04T09:10:26.078+0000] {processor.py:830} INFO - Processing file /opt/airflow/dags/steam_analytics.py for tasks to queue
[2026-09-04T09:10:26.080+0000] {logging_mixin.py:188} INFO - [2026-09-04T09:10:26.080+0000] {dagbag.py:545} INFO - Filling up the DagBag from /opt/airflow/dags/steam_analytics.py
[2026-09-04T09:10:26.212+0000] {processor.py:840} INFO - DAG(s) 'steam_analytics_daily' retrieved from /opt/airflow/dags/steam_analytics.py
[2026-09-04T09:10:26.237+0000] {logging_mixin.py:188} INFO - [2026-09-04T09:10:26.236+0000] {dag.py:3089} INFO - Sync 1 DAGs
[2026-09-04T09:10:26.256+0000] {logging_mixin.py:188} INFO - [2026-09-04T09:10:26.256+0000] {dag.py:3947} INFO - Setting next_dagrun for steam_analytics_daily to 2026-09-04 02:00:00+00:00, run_after=2026-09-05 02:00:00+00:00
[2026-09-04T09:10:26.271+0000] {processor.py:183} INFO - Processing /opt/airflow/dags/steam_analytics.py took 0.197 seconds
[2026-09-04T09:10:56.389+0000] {processor.py:161} INFO - Started process (PID=565) to work on /opt/airflow/dags/steam_analytics.py
[2026-09-04T09:10:56.389+0000] {processor.py:830} INFO - Processing file /opt/airflow/dags/steam_analytics.py for tasks to queue
[2026-09-04T09:10:56.391+0000] {logging_mixin.py:188} INFO - [2026-09-04T09:10:56.390+0000] {dagbag.py:545} INFO - Filling up the DagBag from /opt/airflow/dags/steam_analytics.py
[2026-09-04T09:10:56.523+0000] {processor.py:840} INFO - DAG(s) 'steam_analytics_daily' retrieved from /opt/airflow/dags/steam_analytics.py
[2026-09-04T09:10:56.547+0000] {logging_mixin.py:188} INFO - [2026-09-04T09:10:56.547+0000] {dag.py:3089} INFO - Sync 1 DAGs
[2026-09-04T09:10:56.565+0000] {logging_mixin.py:188} INFO - [2026-09-04T09:10:56.565+0000] {dag.py:3947} INFO - Setting next_dagrun for steam_analytics_daily to 2026-09-04 02:00:00+00:00, run_after=2026-09-05 02:00:00+00:00
[2026-09-04T09:10:56.580+0000] {processor.py:183} INFO - Processing /opt/airflow/dags/steam_analytics.py took 0.196 seconds
[2026-09-04T09:11:26.701+0000] {processor.py:161} INFO - Started process (PID=570) to work on /opt/airflow/dags/steam_analytics.py
[2026-09-04T09:11:26.702+0000] {processor.py:830} INFO - Processing file /opt/airflow/dags/steam_analytics.py for tasks to queue
[2026-09-04T09:11:26.704+0000] {logging_mixin.py:188} INFO - [2026-09-04T09:11:26.703+0000] {dagbag.py:545} INFO - Filling up the DagBag from /opt/airflow/dags/steam_analytics.py
[2026-09-04T09:11:26.860+0000] {processor.py:840} INFO - DAG(s) 'steam_analytics_daily' retrieved from /opt/airflow/dags/steam_analytics.py
[2026-09-04T09:11:26.885+0000] {logging_mixin.py:188} INFO - [2026-09-04T09:11:26.885+0000] {dag.py:3089} INFO - Sync 1 DAGs
[2026-09-04T09:11:26.904+0000] {logging_mixin.py:188} INFO - [2026-09-04T09:11:26.904+0000] {dag.py:3947} INFO - Setting next_dagrun for steam_analytics_daily to 2026-09-04 02:00:00+00:00, run_after=2026-09-05 02:00:00+00:00
[2026-09-04T09:11:26.919+0000] {processor.py:183} INFO - Processing /opt/airflow/dags/steam_analytics.py took 0.222 seconds
[2026-09-04T09:11:57.040+0000] {processor.py:161} INFO - Started process (PID=575) to work on /opt/airflow/dags/steam_analytics.py
[2026-09-04T09:11:57.041+0000] {processor.py:830} INFO - Processing file /opt/airflow/dags/steam_analytics.py for tasks to queue
[2026-09-04T09:11:57.042+0000] {logging_mixin.py:188} INFO - [2026-09-04T09:11:57.042+0000] {dagbag.py:545} INFO - Filling up the DagBag from /opt/airflow/dags/steam_analytics.py
[2026-09-04T09:11:57.183+0000] {processor.py:840} INFO - DAG(s) 'steam_analytics_daily' retrieved from /opt/airflow/dags/steam_analytics.py
[2026-09-04T09:11:57.209+0000] {logging_mixin.py:188} INFO - [2026-09-04T09:11:57.209+0000] {dag.py:3089} INFO - Sync 1 DAGs
[2026-09-04T09:11:57.229+0000] {logging_mixin.py:188} INFO - [2026-09-04T09:11:57.229+0000] {dag.py:3947} INFO - Setting next_dagrun for steam_analytics_daily to 2026-09-04 02:00:00+00:00, run_after=2026-09-05 02:00:00+00:00
[2026-09-04T09:11:57.246+0000] {processor.py:183} INFO - Processing /opt/airflow/dags/steam_analytics.py took 0.210 seconds
[2026-09-04T09:12:27.368+0000] {processor.py:161} INFO - Started process (PID=580) to work on /opt/airflow/dags/steam_analytics.py
[2026-09-04T09:12:27.369+0000] {processor.py:830} INFO - Processing file /opt/airflow/dags/steam_analytics.py for tasks to queue
[2026-09-04T09:12:27.371+0000] {logging_mixin.py:188} INFO - [2026-09-04T09:12:27.371+0000] {dagbag.py:545} INFO - Filling up the DagBag from /opt/airflow/dags/steam_analytics.py
[2026-09-04T09:12:27.524+0000] {processor.py:840} INFO - DAG(s) 'steam_analytics_daily' retrieved from /opt/airflow/dags/steam_analytics.py
[2026-09-04T09:12:27.553+0000] {logging_mixin.py:188} INFO - [2026-09-04T09:12:27.553+0000] {dag.py:3089} INFO - Sync 1 DAGs
[2026-09-04T09:12:27.576+0000] {logging_mixin.py:188} INFO - [2026-09-04T09:12:27.576+0000] {dag.py:3947} INFO - Setting next_dagrun for steam_analytics_daily to 2026-09-04 02:00:00+00:00, run_after=2026-09-05 02:00:00+00:00
[2026-09-04T09:12:27.593+0000] {processor.py:183} INFO - Processing /opt/airflow/dags/steam_analytics.py took 0.230 seconds
[2026-09-04T09:12:57.713+0000] {processor.py:161} INFO - Started process (PID=585) to work on /opt/airflow/dags/steam_analytics.py
[2026-09-04T09:12:57.714+0000] {processor.py:830} INFO - Processing file /opt/airflow/dags/steam_analytics.py for tasks to queue
[2026-09-04T09:12:57.715+0000] {logging_mixin.py:188} INFO - [2026-09-04T09:12:57.715+0000] {dagbag.py:545} INFO - Filling up the DagBag from /opt/airflow/dags/steam_analytics.py
[2026-09-04T09:12:57.846+0000] {processor.py:840} INFO - DAG(s) 'steam_analytics_daily' retrieved from /opt/airflow/dags/steam_analytics.py
[2026-09-04T09:12:57.874+0000] {logging_mixin.py:188} INFO - [2026-09-04T09:12:57.874+0000] {dag.py:3089} INFO - Sync 1 DAGs
[2026-09-04T09:12:57.895+0000] {logging_mixin.py:188} INFO - [2026-09-04T09:12:57.895+0000] {dag.py:3947} INFO - Setting next_dagrun for steam_analytics_daily to 2026-09-04 02:00:00+00:00, run_after=2026-09-05 02:00:00+00:00
[2026-09-04T09:12:57.911+0000] {processor.py:183} INFO - Processing /opt/airflow/dags/steam_analytics.py took 0.202 seconds
[2026-09-04T09:13:28.030+0000] {processor.py:161} INFO - Started process (PID=590) to work on /opt/airflow/dags/steam_analytics.py
[2026-09-04T09:13:28.031+0000] {processor.py:830} INFO - Processing file /opt/airflow/dags/steam_analytics.py for tasks to queue
[2026-09-04T09:13:28.032+0000] {logging_mixin.py:188} INFO - [2026-09-04T09:13:28.032+0000] {dagbag.py:545} INFO - Filling up the DagBag from /opt/airflow/dags/steam_analytics.py
[2026-09-04T09:13:28.160+0000] {processor.py:840} INFO - DAG(s) 'steam_analytics_daily' retrieved from /opt/airflow/dags/steam_analytics.py
[2026-09-04T09:13:28.184+0000] {logging_mixin.py:188} INFO - [2026-09-04T09:13:28.184+0000] {dag.py:3089} INFO - Sync 1 DAGs
[2026-09-04T09:13:28.203+0000] {logging_mixin.py:188} INFO - [2026-09-04T09:13:28.202+0000] {dag.py:3947} INFO - Setting next_dagrun for steam_analytics_daily to 2026-09-04 02:00:00+00:00, run_after=2026-09-05 02:00:00+00:00
[2026-09-04T09:13:28.218+0000] {processor.py:183} INFO - Processing /opt/airflow/dags/steam_analytics.py took 0.192 seconds
[2026-09-04T09:13:58.335+0000] {processor.py:161} INFO - Started process (PID=595) to work on /opt/airflow/dags/steam_analytics.py
[2026-09-04T09:13:58.335+0000] {processor.py:830} INFO - Processing file /opt/airflow/dags/steam_analytics.py for tasks to queue
[2026-09-04T09:13:58.337+0000] {logging_mixin.py:188} INFO - [2026-09-04T09:13:58.336+0000] {dagbag.py:545} INFO - Filling up the DagBag from /opt/airflow/dags/steam_analytics.py
[2026-09-04T09:13:58.470+0000] {processor.py:840} INFO - DAG(s) 'steam_analytics_daily' retrieved from /opt/airflow/dags/steam_analytics.py
[2026-09-04T09:13:58.495+0000] {logging_mixin.py:188} INFO - [2026-09-04T09:13:58.494+0000] {dag.py:3089} INFO - Sync 1 DAGs
[2026-09-04T09:13:58.514+0000] {logging_mixin.py:188} INFO - [2026-09-04T09:13:58.514+0000] {dag.py:3947} INFO - Setting next_dagrun for steam_analytics_daily to 2026-09-04 02:00:00+00:00, run_after=2026-09-05 02:00:00+00:00
[2026-09-04T09:13:58.530+0000] {processor.py:183} INFO - Processing /opt/airflow/dags/steam_analytics.py took 0.200 seconds
[2026-09-04T09:14:28.648+0000] {processor.py:161} INFO - Started process (PID=600) to work on /opt/airflow/dags/steam_analytics.py
[2026-09-04T09:14:28.649+0000] {processor.py:830} INFO - Processing file /opt/airflow/dags/steam_analytics.py for tasks to queue
[2026-09-04T09:14:28.651+0000] {logging_mixin.py:188} INFO - [2026-09-04T09:14:28.650+0000] {dagbag.py:545} INFO - Filling up the DagBag from /opt/airflow/dags/steam_analytics.py
[2026-09-04T09:14:28.782+0000] {processor.py:840} INFO - DAG(s) 'steam_analytics_daily' retrieved from /opt/airflow/dags/steam_analytics.py
[2026-09-04T09:14:28.806+0000] {logging_mixin.py:188} INFO - [2026-09-04T09:14:28.806+0000] {dag.py:3089} INFO - Sync 1 DAGs
[2026-09-04T09:14:28.826+0000] {logging_mixin.py:188} INFO - [2026-09-04T09:14:28.826+0000] {dag.py:3947} INFO - Setting next_dagrun for steam_analytics_daily to 2026-09-04 02:00:00+00:00, run_after=2026-09-05 02:00:00+00:00
[2026-09-04T09:14:28.841+0000] {processor.py:183} INFO - Processing /opt/airflow/dags/steam_analytics.py took 0.197 seconds
[2026-09-04T09:14:58.961+0000] {processor.py:161} INFO - Started process (PID=605) to work on /opt/airflow/dags/steam_analytics.py
[2026-09-04T09:14:58.962+0000] {processor.py:830} INFO - Processing file /opt/airflow/dags/steam_analytics.py for tasks to queue
[2026-09-04T09:14:58.964+0000] {logging_mixin.py:188} INFO - [2026-09-04T09:14:58.963+0000] {dagbag.py:545} INFO - Filling up the DagBag from /opt/airflow/dags/steam_analytics.py
[2026-09-04T09:14:59.098+0000] {processor.py:840} INFO - DAG(s) 'steam_analytics_daily' retrieved from /opt/airflow/dags/steam_analytics.py
[2026-09-04T09:14:59.125+0000] {logging_mixin.py:188} INFO - [2026-09-04T09:14:59.125+0000] {dag.py:3089} INFO - Sync 1 DAGs
[2026-09-04T09:14:59.144+0000] {logging_mixin.py:188} INFO - [2026-09-04T09:14:59.144+0000] {dag.py:3947} INFO - Setting next_dagrun for steam_analytics_daily to 2026-09-04 02:00:00+00:00, run_after=2026-09-05 02:00:00+00:00
[2026-09-04T09:14:59.160+0000] {processor.py:183} INFO - Processing /opt/airflow/dags/steam_analytics.py took 0.203 seconds
[2026-09-04T09:15:29.277+0000] {processor.py:161} INFO - Started process (PID=610) to work on /opt/airflow/dags/steam_analytics.py
[2026-09-04T09:15:29.278+0000] {processor.py:830} INFO - Processing file /opt/airflow/dags/steam_analytics.py for tasks to queue
[2026-09-04T09:15:29.280+0000] {logging_mixin.py:188} INFO - [2026-09-04T09:15:29.279+0000] {dagbag.py:545} INFO - Filling up the DagBag from /opt/airflow/dags/steam_analytics.py
[2026-09-04T09:15:29.410+0000] {processor.py:840} INFO - DAG(s) 'steam_analytics_daily' retrieved from /opt/airflow/dags/steam_analytics.py
[2026-09-04T09:15:29.435+0000] {logging_mixin.py:188} INFO - [2026-09-04T09:15:29.434+0000] {dag.py:3089} INFO - Sync 1 DAGs
[2026-09-04T09:15:29.453+0000] {logging_mixin.py:188} INFO - [2026-09-04T09:15:29.452+0000] {dag.py:3947} INFO - Setting next_dagrun for steam_analytics_daily to 2026-09-04 02:00:00+00:00, run_after=2026-09-05 02:00:00+00:00
[2026-09-04T09:15:29.467+0000] {processor.py:183} INFO - Processing /opt/airflow/dags/steam_analytics.py took 0.194 seconds
[2026-09-04T09:15:59.589+0000] {processor.py:161} INFO - Started process (PID=615) to work on /opt/airflow/dags/steam_analytics.py
[2026-09-04T09:15:59.590+0000] {processor.py:830} INFO - Processing file /opt/airflow/dags/steam_analytics.py for tasks to queue
[2026-09-04T09:15:59.591+0000] {logging_mixin.py:188} INFO - [2026-09-04T09:15:59.591+0000] {dagbag.py:545} INFO - Filling up the DagBag from /opt/airflow/dags/steam_analytics.py
[2026-09-04T09:15:59.719+0000] {processor.py:840} INFO - DAG(s) 'steam_analytics_daily' retrieved from /opt/airflow/dags/steam_analytics.py
[2026-09-04T09:15:59.743+0000] {logging_mixin.py:188} INFO - [2026-09-04T09:15:59.743+0000] {dag.py:3089} INFO - Sync 1 DAGs
[2026-09-04T09:15:59.762+0000] {logging_mixin.py:188} INFO - [2026-09-04T09:15:59.761+0000] {dag.py:3947} INFO - Setting next_dagrun for steam_analytics_daily to 2026-09-04 02:00:00+00:00, run_after=2026-09-05 02:00:00+00:00
[2026-09-04T09:15:59.777+0000] {processor.py:183} INFO - Processing /opt/airflow/dags/steam_analytics.py took 0.192 seconds
[2026-09-04T09:16:29.894+0000] {processor.py:161} INFO - Started process (PID=620) to work on /opt/airflow/dags/steam_analytics.py
[2026-09-04T09:16:29.895+0000] {processor.py:830} INFO - Processing file /opt/airflow/dags/steam_analytics.py for tasks to queue
[2026-09-04T09:16:29.896+0000] {logging_mixin.py:188} INFO - [2026-09-04T09:16:29.896+0000] {dagbag.py:545} INFO - Filling up the DagBag from /opt/airflow/dags/steam_analytics.py
[2026-09-04T09:16:30.025+0000] {processor.py:840} INFO - DAG(s) 'steam_analytics_daily' retrieved from /opt/airflow/dags/steam_analytics.py
[2026-09-04T09:16:30.052+0000] {logging_mixin.py:188} INFO - [2026-09-04T09:16:30.052+0000] {dag.py:3089} INFO - Sync 1 DAGs
[2026-09-04T09:16:30.074+0000] {logging_mixin.py:188} INFO - [2026-09-04T09:16:30.074+0000] {dag.py:3947} INFO - Setting next_dagrun for steam_analytics_daily to 2026-09-04 02:00:00+00:00, run_after=2026-09-05 02:00:00+00:00
[2026-09-04T09:16:30.090+0000] {processor.py:183} INFO - Processing /opt/airflow/dags/steam_analytics.py took 0.200 seconds
[2026-09-04T09:17:00.216+0000] {processor.py:161} INFO - Started process (PID=625) to work on /opt/airflow/dags/steam_analytics.py
[2026-09-04T09:17:00.216+0000] {processor.py:830} INFO - Processing file /opt/airflow/dags/steam_analytics.py for tasks to queue
[2026-09-04T09:17:00.218+0000] {logging_mixin.py:188} INFO - [2026-09-04T09:17:00.217+0000] {dagbag.py:545} INFO - Filling up the DagBag from /opt/airflow/dags/steam_analytics.py
[2026-09-04T09:17:00.351+0000] {processor.py:840} INFO - DAG(s) 'steam_analytics_daily' retrieved from /opt/airflow/dags/steam_analytics.py
[2026-09-04T09:17:00.375+0000] {logging_mixin.py:188} INFO - [2026-09-04T09:17:00.375+0000] {dag.py:3089} INFO - Sync 1 DAGs
[2026-09-04T09:17:00.395+0000] {logging_mixin.py:188} INFO - [2026-09-04T09:17:00.394+0000] {dag.py:3947} INFO - Setting next_dagrun for steam_analytics_daily to 2026-09-04 02:00:00+00:00, run_after=2026-09-05 02:00:00+00:00
[2026-09-04T09:17:00.410+0000] {processor.py:183} INFO - Processing /opt/airflow/dags/steam_analytics.py took 0.199 seconds
[2026-09-04T09:17:30.530+0000] {processor.py:161} INFO - Started process (PID=630) to work on /opt/airflow/dags/steam_analytics.py
[2026-09-04T09:17:30.531+0000] {processor.py:830} INFO - Processing file /opt/airflow/dags/steam_analytics.py for tasks to queue
[2026-09-04T09:17:30.533+0000] {logging_mixin.py:188} INFO - [2026-09-04T09:17:30.532+0000] {dagbag.py:545} INFO - Filling up the DagBag from /opt/airflow/dags/steam_analytics.py
[2026-09-04T09:17:30.663+0000] {processor.py:840} INFO - DAG(s) 'steam_analytics_daily' retrieved from /opt/airflow/dags/steam_analytics.py
[2026-09-04T09:17:30.688+0000] {logging_mixin.py:188} INFO - [2026-09-04T09:17:30.688+0000] {dag.py:3089} INFO - Sync 1 DAGs
[2026-09-04T09:17:30.706+0000] {logging_mixin.py:188} INFO - [2026-09-04T09:17:30.706+0000] {dag.py:3947} INFO - Setting next_dagrun for steam_analytics_daily to 2026-09-04 02:00:00+00:00, run_after=2026-09-05 02:00:00+00:00
[2026-09-04T09:17:30.721+0000] {processor.py:183} INFO - Processing /opt/airflow/dags/steam_analytics.py took 0.195 seconds
[2026-09-04T09:18:00.840+0000] {processor.py:161} INFO - Started process (PID=635) to work on /opt/airflow/dags/steam_analytics.py
[2026-09-04T09:18:00.841+0000] {processor.py:830} INFO - Processing file /opt/airflow/dags/steam_analytics.py for tasks to queue
[2026-09-04T09:18:00.842+0000] {logging_mixin.py:188} INFO - [2026-09-04T09:18:00.842+0000] {dagbag.py:545} INFO - Filling up the DagBag from /opt/airflow/dags/steam_analytics.py
[2026-09-04T09:18:00.974+0000] {processor.py:840} INFO - DAG(s) 'steam_analytics_daily' retrieved from /opt/airflow/dags/steam_analytics.py
[2026-09-04T09:18:00.998+0000] {logging_mixin.py:188} INFO - [2026-09-04T09:18:00.998+0000] {dag.py:3089} INFO - Sync 1 DAGs
[2026-09-04T09:18:01.017+0000] {logging_mixin.py:188} INFO - [2026-09-04T09:18:01.017+0000] {dag.py:3947} INFO - Setting next_dagrun for steam_analytics_daily to 2026-09-04 02:00:00+00:00, run_after=2026-09-05 02:00:00+00:00
[2026-09-04T09:18:01.031+0000] {processor.py:183} INFO - Processing /opt/airflow/dags/steam_analytics.py took 0.196 seconds
[2026-09-04T09:18:31.151+0000] {processor.py:161} INFO - Started process (PID=640) to work on /opt/airflow/dags/steam_analytics.py
[2026-09-04T09:18:31.151+0000] {processor.py:830} INFO - Processing file /opt/airflow/dags/steam_analytics.py for tasks to queue
[2026-09-04T09:18:31.153+0000] {logging_mixin.py:188} INFO - [2026-09-04T09:18:31.153+0000] {dagbag.py:545} INFO - Filling up the DagBag from /opt/airflow/dags/steam_analytics.py
[2026-09-04T09:18:31.280+0000] {processor.py:840} INFO - DAG(s) 'steam_analytics_daily' retrieved from /opt/airflow/dags/steam_analytics.py
[2026-09-04T09:18:31.304+0000] {logging_mixin.py:188} INFO - [2026-09-04T09:18:31.304+0000] {dag.py:3089} INFO - Sync 1 DAGs
[2026-09-04T09:18:31.322+0000] {logging_mixin.py:188} INFO - [2026-09-04T09:18:31.322+0000] {dag.py:3947} INFO - Setting next_dagrun for steam_analytics_daily to 2026-09-04 02:00:00+00:00, run_after=2026-09-05 02:00:00+00:00
[2026-09-04T09:18:31.338+0000] {processor.py:183} INFO - Processing /opt/airflow/dags/steam_analytics.py took 0.191 seconds
[2026-09-04T09:19:01.456+0000] {processor.py:161} INFO - Started process (PID=645) to work on /opt/airflow/dags/steam_analytics.py
[2026-09-04T09:19:01.457+0000] {processor.py:830} INFO - Processing file /opt/airflow/dags/steam_analytics.py for tasks to queue
[2026-09-04T09:19:01.458+0000] {logging_mixin.py:188} INFO - [2026-09-04T09:19:01.458+0000] {dagbag.py:545} INFO - Filling up the DagBag from /opt/airflow/dags/steam_analytics.py
[2026-09-04T09:19:01.589+0000] {processor.py:840} INFO - DAG(s) 'steam_analytics_daily' retrieved from /opt/airflow/dags/steam_analytics.py
[2026-09-04T09:19:01.613+0000] {logging_mixin.py:188} INFO - [2026-09-04T09:19:01.612+0000] {dag.py:3089} INFO - Sync 1 DAGs
[2026-09-04T09:19:01.632+0000] {logging_mixin.py:188} INFO - [2026-09-04T09:19:01.632+0000] {dag.py:3947} INFO - Setting next_dagrun for steam_analytics_daily to 2026-09-04 02:00:00+00:00, run_after=2026-09-05 02:00:00+00:00
[2026-09-04T09:19:01.647+0000] {processor.py:183} INFO - Processing /opt/airflow/dags/steam_analytics.py took 0.195 seconds
[2026-09-04T09:19:31.766+0000] {processor.py:161} INFO - Started process (PID=650) to work on /opt/airflow/dags/steam_analytics.py
[2026-09-04T09:19:31.767+0000] {processor.py:830} INFO - Processing file /opt/airflow/dags/steam_analytics.py for tasks to queue
[2026-09-04T09:19:31.769+0000] {logging_mixin.py:188} INFO - [2026-09-04T09:19:31.768+0000] {dagbag.py:545} INFO - Filling up the DagBag from /opt/airflow/dags/steam_analytics.py
[2026-09-04T09:19:31.899+0000] {processor.py:840} INFO - DAG(s) 'steam_analytics_daily' retrieved from /opt/airflow/dags/steam_analytics.py
[2026-09-04T09:19:31.924+0000] {logging_mixin.py:188} INFO - [2026-09-04T09:19:31.924+0000] {dag.py:3089} INFO - Sync 1 DAGs
[2026-09-04T09:19:31.943+0000] {logging_mixin.py:188} INFO - [2026-09-04T09:19:31.942+0000] {dag.py:3947} INFO - Setting next_dagrun for steam_analytics_daily to 2026-09-04 02:00:00+00:00, run_after=2026-09-05 02:00:00+00:00
[2026-09-04T09:19:31.957+0000] {processor.py:183} INFO - Processing /opt/airflow/dags/steam_analytics.py took 0.195 seconds
[2026-09-04T09:20:02.080+0000] {processor.py:161} INFO - Started process (PID=655) to work on /opt/airflow/dags/steam_analytics.py
[2026-09-04T09:20:02.080+0000] {processor.py:830} INFO - Processing file /opt/airflow/dags/steam_analytics.py for tasks to queue
[2026-09-04T09:20:02.082+0000] {logging_mixin.py:188} INFO - [2026-09-04T09:20:02.081+0000] {dagbag.py:545} INFO - Filling up the DagBag from /opt/airflow/dags/steam_analytics.py
[2026-09-04T09:20:02.208+0000] {processor.py:840} INFO - DAG(s) 'steam_analytics_daily' retrieved from /opt/airflow/dags/steam_analytics.py
[2026-09-04T09:20:02.232+0000] {logging_mixin.py:188} INFO - [2026-09-04T09:20:02.232+0000] {dag.py:3089} INFO - Sync 1 DAGs
[2026-09-04T09:20:02.251+0000] {logging_mixin.py:188} INFO - [2026-09-04T09:20:02.251+0000] {dag.py:3947} INFO - Setting next_dagrun for steam_analytics_daily to 2026-09-04 02:00:00+00:00, run_after=2026-09-05 02:00:00+00:00
[2026-09-04T09:20:02.265+0000] {processor.py:183} INFO - Processing /opt/airflow/dags/steam_analytics.py took 0.190 seconds
[2026-09-04T09:20:32.385+0000] {processor.py:161} INFO - Started process (PID=660) to work on /opt/airflow/dags/steam_analytics.py
[2026-09-04T09:20:32.386+0000] {processor.py:830} INFO - Processing file /opt/airflow/dags/steam_analytics.py for tasks to queue
[2026-09-04T09:20:32.387+0000] {logging_mixin.py:188} INFO - [2026-09-04T09:20:32.387+0000] {dagbag.py:545} INFO - Filling up the DagBag from /opt/airflow/dags/steam_analytics.py
[2026-09-04T09:20:32.515+0000] {processor.py:840} INFO - DAG(s) 'steam_analytics_daily' retrieved from /opt/airflow/dags/steam_analytics.py
[2026-09-04T09:20:32.538+0000] {logging_mixin.py:188} INFO - [2026-09-04T09:20:32.538+0000] {dag.py:3089} INFO - Sync 1 DAGs
[2026-09-04T09:20:32.556+0000] {logging_mixin.py:188} INFO - [2026-09-04T09:20:32.556+0000] {dag.py:3947} INFO - Setting next_dagrun for steam_analytics_daily to 2026-09-04 02:00:00+00:00, run_after=2026-09-05 02:00:00+00:00
[2026-09-04T09:20:32.572+0000] {processor.py:183} INFO - Processing /opt/airflow/dags/steam_analytics.py took 0.191 seconds
[2026-09-04T09:21:02.689+0000] {processor.py:161} INFO - Started process (PID=665) to work on /opt/airflow/dags/steam_analytics.py
[2026-09-04T09:21:02.690+0000] {processor.py:830} INFO - Processing file /opt/airflow/dags/steam_analytics.py for tasks to queue
[2026-09-04T09:21:02.691+0000] {logging_mixin.py:188} INFO - [2026-09-04T09:21:02.691+0000] {dagbag.py:545} INFO - Filling up the DagBag from /opt/airflow/dags/steam_analytics.py
[2026-09-04T09:21:02.819+0000] {processor.py:840} INFO - DAG(s) 'steam_analytics_daily' retrieved from /opt/airflow/dags/steam_analytics.py
[2026-09-04T09:21:02.842+0000] {logging_mixin.py:188} INFO - [2026-09-04T09:21:02.842+0000] {dag.py:3089} INFO - Sync 1 DAGs
[2026-09-04T09:21:02.862+0000] {logging_mixin.py:188} INFO - [2026-09-04T09:21:02.862+0000] {dag.py:3947} INFO - Setting next_dagrun for steam_analytics_daily to 2026-09-04 02:00:00+00:00, run_after=2026-09-05 02:00:00+00:00
[2026-09-04T09:21:02.877+0000] {processor.py:183} INFO - Processing /opt/airflow/dags/steam_analytics.py took 0.192 seconds
[2026-09-04T09:21:32.997+0000] {processor.py:161} INFO - Started process (PID=670) to work on /opt/airflow/dags/steam_analytics.py
[2026-09-04T09:21:32.998+0000] {processor.py:830} INFO - Processing file /opt/airflow/dags/steam_analytics.py for tasks to queue
[2026-09-04T09:21:32.999+0000] {logging_mixin.py:188} INFO - [2026-09-04T09:21:32.999+0000] {dagbag.py:545} INFO - Filling up the DagBag from /opt/airflow/dags/steam_analytics.py
[2026-09-04T09:21:33.127+0000] {processor.py:840} INFO - DAG(s) 'steam_analytics_daily' retrieved from /opt/airflow/dags/steam_analytics.py
[2026-09-04T09:21:33.155+0000] {logging_mixin.py:188} INFO - [2026-09-04T09:21:33.155+0000] {dag.py:3089} INFO - Sync 1 DAGs
[2026-09-04T09:21:33.174+0000] {logging_mixin.py:188} INFO - [2026-09-04T09:21:33.174+0000] {dag.py:3947} INFO - Setting next_dagrun for steam_analytics_daily to 2026-09-04 02:00:00+00:00, run_after=2026-09-05 02:00:00+00:00
[2026-09-04T09:21:33.189+0000] {processor.py:183} INFO - Processing /opt/airflow/dags/steam_analytics.py took 0.197 seconds
[2026-09-04T09:22:03.307+0000] {processor.py:161} INFO - Started process (PID=675) to work on /opt/airflow/dags/steam_analytics.py
[2026-09-04T09:22:03.308+0000] {processor.py:830} INFO - Processing file /opt/airflow/dags/steam_analytics.py for tasks to queue
[2026-09-04T09:22:03.310+0000] {logging_mixin.py:188} INFO - [2026-09-04T09:22:03.309+0000] {dagbag.py:545} INFO - Filling up the DagBag from /opt/airflow/dags/steam_analytics.py
[2026-09-04T09:22:03.436+0000] {processor.py:840} INFO - DAG(s) 'steam_analytics_daily' retrieved from /opt/airflow/dags/steam_analytics.py
[2026-09-04T09:22:03.460+0000] {logging_mixin.py:188} INFO - [2026-09-04T09:22:03.460+0000] {dag.py:3089} INFO - Sync 1 DAGs
[2026-09-04T09:22:03.478+0000] {logging_mixin.py:188} INFO - [2026-09-04T09:22:03.478+0000] {dag.py:3947} INFO - Setting next_dagrun for steam_analytics_daily to 2026-09-04 02:00:00+00:00, run_after=2026-09-05 02:00:00+00:00
[2026-09-04T09:22:03.493+0000] {processor.py:183} INFO - Processing /opt/airflow/dags/steam_analytics.py took 0.190 seconds
[2026-09-04T09:22:33.612+0000] {processor.py:161} INFO - Started process (PID=680) to work on /opt/airflow/dags/steam_analytics.py
[2026-09-04T09:22:33.612+0000] {processor.py:830} INFO - Processing file /opt/airflow/dags/steam_analytics.py for tasks to queue
[2026-09-04T09:22:33.614+0000] {logging_mixin.py:188} INFO - [2026-09-04T09:22:33.614+0000] {dagbag.py:545} INFO - Filling up the DagBag from /opt/airflow/dags/steam_analytics.py
[2026-09-04T09:22:33.742+0000] {processor.py:840} INFO - DAG(s) 'steam_analytics_daily' retrieved from /opt/airflow/dags/steam_analytics.py
[2026-09-04T09:22:33.766+0000] {logging_mixin.py:188} INFO - [2026-09-04T09:22:33.766+0000] {dag.py:3089} INFO - Sync 1 DAGs
[2026-09-04T09:22:33.784+0000] {logging_mixin.py:188} INFO - [2026-09-04T09:22:33.784+0000] {dag.py:3947} INFO - Setting next_dagrun for steam_analytics_daily to 2026-09-04 02:00:00+00:00, run_after=2026-09-05 02:00:00+00:00
[2026-09-04T09:22:33.799+0000] {processor.py:183} INFO - Processing /opt/airflow/dags/steam_analytics.py took 0.191 seconds
[2026-09-04T09:23:03.914+0000] {processor.py:161} INFO - Started process (PID=685) to work on /opt/airflow/dags/steam_analytics.py
[2026-09-04T09:23:03.915+0000] {processor.py:830} INFO - Processing file /opt/airflow/dags/steam_analytics.py for tasks to queue
[2026-09-04T09:23:03.917+0000] {logging_mixin.py:188} INFO - [2026-09-04T09:23:03.916+0000] {dagbag.py:545} INFO - Filling up the DagBag from /opt/airflow/dags/steam_analytics.py
[2026-09-04T09:23:04.045+0000] {processor.py:840} INFO - DAG(s) 'steam_analytics_daily' retrieved from /opt/airflow/dags/steam_analytics.py
[2026-09-04T09:23:04.069+0000] {logging_mixin.py:188} INFO - [2026-09-04T09:23:04.069+0000] {dag.py:3089} INFO - Sync 1 DAGs
[2026-09-04T09:23:04.087+0000] {logging_mixin.py:188} INFO - [2026-09-04T09:23:04.087+0000] {dag.py:3947} INFO - Setting next_dagrun for steam_analytics_daily to 2026-09-04 02:00:00+00:00, run_after=2026-09-05 02:00:00+00:00
[2026-09-04T09:23:04.102+0000] {processor.py:183} INFO - Processing /opt/airflow/dags/steam_analytics.py took 0.192 seconds
[2026-09-04T09:23:34.223+0000] {processor.py:161} INFO - Started process (PID=690) to work on /opt/airflow/dags/steam_analytics.py
[2026-09-04T09:23:34.223+0000] {processor.py:830} INFO - Processing file /opt/airflow/dags/steam_analytics.py for tasks to queue
[2026-09-04T09:23:34.225+0000] {logging_mixin.py:188} INFO - [2026-09-04T09:23:34.225+0000] {dagbag.py:545} INFO - Filling up the DagBag from /opt/airflow/dags/steam_analytics.py
[2026-09-04T09:23:34.357+0000] {processor.py:840} INFO - DAG(s) 'steam_analytics_daily' retrieved from /opt/airflow/dags/steam_analytics.py
[2026-09-04T09:23:34.382+0000] {logging_mixin.py:188} INFO - [2026-09-04T09:23:34.382+0000] {dag.py:3089} INFO - Sync 1 DAGs
[2026-09-04T09:23:34.400+0000] {logging_mixin.py:188} INFO - [2026-09-04T09:23:34.400+0000] {dag.py:3947} INFO - Setting next_dagrun for steam_analytics_daily to 2026-09-04 02:00:00+00:00, run_after=2026-09-05 02:00:00+00:00
[2026-09-04T09:23:34.415+0000] {processor.py:183} INFO - Processing /opt/airflow/dags/steam_analytics.py took 0.197 seconds
[2026-09-04T09:24:04.535+0000] {processor.py:161} INFO - Started process (PID=695) to work on /opt/airflow/dags/steam_analytics.py
[2026-09-04T09:24:04.535+0000] {processor.py:830} INFO - Processing file /opt/airflow/dags/steam_analytics.py for tasks to queue
[2026-09-04T09:24:04.537+0000] {logging_mixin.py:188} INFO - [2026-09-04T09:24:04.537+0000] {dagbag.py:545} INFO - Filling up the DagBag from /opt/airflow/dags/steam_analytics.py
[2026-09-04T09:24:04.667+0000] {processor.py:840} INFO - DAG(s) 'steam_analytics_daily' retrieved from /opt/airflow/dags/steam_analytics.py
[2026-09-04T09:24:04.692+0000] {logging_mixin.py:188} INFO - [2026-09-04T09:24:04.692+0000] {dag.py:3089} INFO - Sync 1 DAGs
[2026-09-04T09:24:04.710+0000] {logging_mixin.py:188} INFO - [2026-09-04T09:24:04.710+0000] {dag.py:3947} INFO - Setting next_dagrun for steam_analytics_daily to 2026-09-04 02:00:00+00:00, run_after=2026-09-05 02:00:00+00:00
[2026-09-04T09:24:04.725+0000] {processor.py:183} INFO - Processing /opt/airflow/dags/steam_analytics.py took 0.194 seconds
[2026-09-04T09:24:34.841+0000] {processor.py:161} INFO - Started process (PID=700) to work on /opt/airflow/dags/steam_analytics.py
[2026-09-04T09:24:34.842+0000] {processor.py:830} INFO - Processing file /opt/airflow/dags/steam_analytics.py for tasks to queue
[2026-09-04T09:24:34.843+0000] {logging_mixin.py:188} INFO - [2026-09-04T09:24:34.843+0000] {dagbag.py:545} INFO - Filling up the DagBag from /opt/airflow/dags/steam_analytics.py
[2026-09-04T09:24:34.970+0000] {processor.py:840} INFO - DAG(s) 'steam_analytics_daily' retrieved from /opt/airflow/dags/steam_analytics.py
[2026-09-04T09:24:34.994+0000] {logging_mixin.py:188} INFO - [2026-09-04T09:24:34.994+0000] {dag.py:3089} INFO - Sync 1 DAGs
[2026-09-04T09:24:35.012+0000] {logging_mixin.py:188} INFO - [2026-09-04T09:24:35.012+0000] {dag.py:3947} INFO - Setting next_dagrun for steam_analytics_daily to 2026-09-04 02:00:00+00:00, run_after=2026-09-05 02:00:00+00:00
[2026-09-04T09:24:35.027+0000] {processor.py:183} INFO - Processing /opt/airflow/dags/steam_analytics.py took 0.190 seconds
[2026-09-04T09:25:05.144+0000] {processor.py:161} INFO - Started process (PID=705) to work on /opt/airflow/dags/steam_analytics.py
[2026-09-04T09:25:05.145+0000] {processor.py:830} INFO - Processing file /opt/airflow/dags/steam_analytics.py for tasks to queue
[2026-09-04T09:25:05.146+0000] {logging_mixin.py:188} INFO - [2026-09-04T09:25:05.146+0000] {dagbag.py:545} INFO - Filling up the DagBag from /opt/airflow/dags/steam_analytics.py
[2026-09-04T09:25:05.315+0000] {processor.py:840} INFO - DAG(s) 'steam_analytics_daily' retrieved from /opt/airflow/dags/steam_analytics.py
[2026-09-04T09:25:05.341+0000] {logging_mixin.py:188} INFO - [2026-09-04T09:25:05.341+0000] {dag.py:3089} INFO - Sync 1 DAGs
[2026-09-04T09:25:05.361+0000] {logging_mixin.py:188} INFO - [2026-09-04T09:25:05.361+0000] {dag.py:3947} INFO - Setting next_dagrun for steam_analytics_daily to 2026-09-04 02:00:00+00:00, run_after=2026-09-05 02:00:00+00:00
[2026-09-04T09:25:05.376+0000] {processor.py:183} INFO - Processing /opt/airflow/dags/steam_analytics.py took 0.236 seconds
[2026-09-04T09:25:35.592+0000] {processor.py:161} INFO - Started process (PID=710) to work on /opt/airflow/dags/steam_analytics.py
[2026-09-04T09:25:35.593+0000] {processor.py:830} INFO - Processing file /opt/airflow/dags/steam_analytics.py for tasks to queue
[2026-09-04T09:25:35.594+0000] {logging_mixin.py:188} INFO - [2026-09-04T09:25:35.594+0000] {dagbag.py:545} INFO - Filling up the DagBag from /opt/airflow/dags/steam_analytics.py
[2026-09-04T09:25:35.719+0000] {processor.py:840} INFO - DAG(s) 'steam_analytics_daily' retrieved from /opt/airflow/dags/steam_analytics.py
[2026-09-04T09:25:35.743+0000] {logging_mixin.py:188} INFO - [2026-09-04T09:25:35.743+0000] {dag.py:3089} INFO - Sync 1 DAGs
[2026-09-04T09:25:35.762+0000] {logging_mixin.py:188} INFO - [2026-09-04T09:25:35.762+0000] {dag.py:3947} INFO - Setting next_dagrun for steam_analytics_daily to 2026-09-04 02:00:00+00:00, run_after=2026-09-05 02:00:00+00:00
[2026-09-04T09:25:35.776+0000] {processor.py:183} INFO - Processing /opt/airflow/dags/steam_analytics.py took 0.189 seconds
[2026-09-04T09:26:05.896+0000] {processor.py:161} INFO - Started process (PID=715) to work on /opt/airflow/dags/steam_analytics.py
[2026-09-04T09:26:05.897+0000] {processor.py:830} INFO - Processing file /opt/airflow/dags/steam_analytics.py for tasks to queue
[2026-09-04T09:26:05.898+0000] {logging_mixin.py:188} INFO - [2026-09-04T09:26:05.898+0000] {dagbag.py:545} INFO - Filling up the DagBag from /opt/airflow/dags/steam_analytics.py
[2026-09-04T09:26:06.027+0000] {processor.py:840} INFO - DAG(s) 'steam_analytics_daily' retrieved from /opt/airflow/dags/steam_analytics.py
[2026-09-04T09:26:06.051+0000] {logging_mixin.py:188} INFO - [2026-09-04T09:26:06.051+0000] {dag.py:3089} INFO - Sync 1 DAGs
[2026-09-04T09:26:06.069+0000] {logging_mixin.py:188} INFO - [2026-09-04T09:26:06.069+0000] {dag.py:3947} INFO - Setting next_dagrun for steam_analytics_daily to 2026-09-04 02:00:00+00:00, run_after=2026-09-05 02:00:00+00:00
[2026-09-04T09:26:06.084+0000] {processor.py:183} INFO - Processing /opt/airflow/dags/steam_analytics.py took 0.193 seconds
[2026-09-04T09:26:36.202+0000] {processor.py:161} INFO - Started process (PID=720) to work on /opt/airflow/dags/steam_analytics.py
[2026-09-04T09:26:36.202+0000] {processor.py:830} INFO - Processing file /opt/airflow/dags/steam_analytics.py for tasks to queue
[2026-09-04T09:26:36.204+0000] {logging_mixin.py:188} INFO - [2026-09-04T09:26:36.204+0000] {dagbag.py:545} INFO - Filling up the DagBag from /opt/airflow/dags/steam_analytics.py
[2026-09-04T09:26:36.333+0000] {processor.py:840} INFO - DAG(s) 'steam_analytics_daily' retrieved from /opt/airflow/dags/steam_analytics.py
[2026-09-04T09:26:36.359+0000] {logging_mixin.py:188} INFO - [2026-09-04T09:26:36.358+0000] {dag.py:3089} INFO - Sync 1 DAGs
[2026-09-04T09:26:36.377+0000] {logging_mixin.py:188} INFO - [2026-09-04T09:26:36.377+0000] {dag.py:3947} INFO - Setting next_dagrun for steam_analytics_daily to 2026-09-04 02:00:00+00:00, run_after=2026-09-05 02:00:00+00:00
[2026-09-04T09:26:36.391+0000] {processor.py:183} INFO - Processing /opt/airflow/dags/steam_analytics.py took 0.194 seconds
[2026-09-04T09:27:06.512+0000] {processor.py:161} INFO - Started process (PID=725) to work on /opt/airflow/dags/steam_analytics.py
[2026-09-04T09:27:06.512+0000] {processor.py:830} INFO - Processing file /opt/airflow/dags/steam_analytics.py for tasks to queue
[2026-09-04T09:27:06.514+0000] {logging_mixin.py:188} INFO - [2026-09-04T09:27:06.514+0000] {dagbag.py:545} INFO - Filling up the DagBag from /opt/airflow/dags/steam_analytics.py
[2026-09-04T09:27:06.649+0000] {processor.py:840} INFO - DAG(s) 'steam_analytics_daily' retrieved from /opt/airflow/dags/steam_analytics.py
[2026-09-04T09:27:06.673+0000] {logging_mixin.py:188} INFO - [2026-09-04T09:27:06.672+0000] {dag.py:3089} INFO - Sync 1 DAGs
[2026-09-04T09:27:06.691+0000] {logging_mixin.py:188} INFO - [2026-09-04T09:27:06.690+0000] {dag.py:3947} INFO - Setting next_dagrun for steam_analytics_daily to 2026-09-04 02:00:00+00:00, run_after=2026-09-05 02:00:00+00:00
[2026-09-04T09:27:06.706+0000] {processor.py:183} INFO - Processing /opt/airflow/dags/steam_analytics.py took 0.198 seconds
[2026-09-04T09:27:36.847+0000] {processor.py:161} INFO - Started process (PID=730) to work on /opt/airflow/dags/steam_analytics.py
[2026-09-04T09:27:36.848+0000] {processor.py:830} INFO - Processing file /opt/airflow/dags/steam_analytics.py for tasks to queue
[2026-09-04T09:27:36.850+0000] {logging_mixin.py:188} INFO - [2026-09-04T09:27:36.849+0000] {dagbag.py:545} INFO - Filling up the DagBag from /opt/airflow/dags/steam_analytics.py
[2026-09-04T09:27:36.987+0000] {processor.py:840} INFO - DAG(s) 'steam_analytics_daily' retrieved from /opt/airflow/dags/steam_analytics.py
[2026-09-04T09:27:37.013+0000] {logging_mixin.py:188} INFO - [2026-09-04T09:27:37.012+0000] {dag.py:3089} INFO - Sync 1 DAGs
[2026-09-04T09:27:37.033+0000] {logging_mixin.py:188} INFO - [2026-09-04T09:27:37.033+0000] {dag.py:3947} INFO - Setting next_dagrun for steam_analytics_daily to 2026-09-04 02:00:00+00:00, run_after=2026-09-05 02:00:00+00:00
[2026-09-04T09:27:37.049+0000] {processor.py:183} INFO - Processing /opt/airflow/dags/steam_analytics.py took 0.206 seconds
[2026-09-04T09:28:07.168+0000] {processor.py:161} INFO - Started process (PID=735) to work on /opt/airflow/dags/steam_analytics.py
[2026-09-04T09:28:07.169+0000] {processor.py:830} INFO - Processing file /opt/airflow/dags/steam_analytics.py for tasks to queue
[2026-09-04T09:28:07.170+0000] {logging_mixin.py:188} INFO - [2026-09-04T09:28:07.170+0000] {dagbag.py:545} INFO - Filling up the DagBag from /opt/airflow/dags/steam_analytics.py
[2026-09-04T09:28:07.300+0000] {processor.py:840} INFO - DAG(s) 'steam_analytics_daily' retrieved from /opt/airflow/dags/steam_analytics.py
[2026-09-04T09:28:07.327+0000] {logging_mixin.py:188} INFO - [2026-09-04T09:28:07.326+0000] {dag.py:3089} INFO - Sync 1 DAGs
[2026-09-04T09:28:07.344+0000] {logging_mixin.py:188} INFO - [2026-09-04T09:28:07.344+0000] {dag.py:3947} INFO - Setting next_dagrun for steam_analytics_daily to 2026-09-04 02:00:00+00:00, run_after=2026-09-05 02:00:00+00:00
[2026-09-04T09:28:07.359+0000] {processor.py:183} INFO - Processing /opt/airflow/dags/steam_analytics.py took 0.196 seconds
[2026-09-04T09:28:37.490+0000] {processor.py:161} INFO - Started process (PID=740) to work on /opt/airflow/dags/steam_analytics.py
[2026-09-04T09:28:37.490+0000] {processor.py:830} INFO - Processing file /opt/airflow/dags/steam_analytics.py for tasks to queue
[2026-09-04T09:28:37.492+0000] {logging_mixin.py:188} INFO - [2026-09-04T09:28:37.492+0000] {dagbag.py:545} INFO - Filling up the DagBag from /opt/airflow/dags/steam_analytics.py
[2026-09-04T09:28:37.629+0000] {processor.py:840} INFO - DAG(s) 'steam_analytics_daily' retrieved from /opt/airflow/dags/steam_analytics.py
[2026-09-04T09:28:37.653+0000] {logging_mixin.py:188} INFO - [2026-09-04T09:28:37.653+0000] {dag.py:3089} INFO - Sync 1 DAGs
[2026-09-04T09:28:37.672+0000] {logging_mixin.py:188} INFO - [2026-09-04T09:28:37.672+0000] {dag.py:3947} INFO - Setting next_dagrun for steam_analytics_daily to 2026-09-04 02:00:00+00:00, run_after=2026-09-05 02:00:00+00:00
[2026-09-04T09:28:37.687+0000] {processor.py:183} INFO - Processing /opt/airflow/dags/steam_analytics.py took 0.202 seconds
[2026-09-04T09:29:07.802+0000] {processor.py:161} INFO - Started process (PID=745) to work on /opt/airflow/dags/steam_analytics.py
[2026-09-04T09:29:07.803+0000] {processor.py:830} INFO - Processing file /opt/airflow/dags/steam_analytics.py for tasks to queue
[2026-09-04T09:29:07.805+0000] {logging_mixin.py:188} INFO - [2026-09-04T09:29:07.804+0000] {dagbag.py:545} INFO - Filling up the DagBag from /opt/airflow/dags/steam_analytics.py
[2026-09-04T09:29:07.942+0000] {processor.py:840} INFO - DAG(s) 'steam_analytics_daily' retrieved from /opt/airflow/dags/steam_analytics.py
[2026-09-04T09:29:07.969+0000] {logging_mixin.py:188} INFO - [2026-09-04T09:29:07.969+0000] {dag.py:3089} INFO - Sync 1 DAGs
[2026-09-04T09:29:07.989+0000] {logging_mixin.py:188} INFO - [2026-09-04T09:29:07.989+0000] {dag.py:3947} INFO - Setting next_dagrun for steam_analytics_daily to 2026-09-04 02:00:00+00:00, run_after=2026-09-05 02:00:00+00:00
[2026-09-04T09:29:08.006+0000] {processor.py:183} INFO - Processing /opt/airflow/dags/steam_analytics.py took 0.209 seconds
[2026-09-04T09:29:38.125+0000] {processor.py:161} INFO - Started process (PID=750) to work on /opt/airflow/dags/steam_analytics.py
[2026-09-04T09:29:38.126+0000] {processor.py:830} INFO - Processing file /opt/airflow/dags/steam_analytics.py for tasks to queue
[2026-09-04T09:29:38.127+0000] {logging_mixin.py:188} INFO - [2026-09-04T09:29:38.127+0000] {dagbag.py:545} INFO - Filling up the DagBag from /opt/airflow/dags/steam_analytics.py
[2026-09-04T09:29:38.254+0000] {processor.py:840} INFO - DAG(s) 'steam_analytics_daily' retrieved from /opt/airflow/dags/steam_analytics.py
[2026-09-04T09:29:38.280+0000] {logging_mixin.py:188} INFO - [2026-09-04T09:29:38.279+0000] {dag.py:3089} INFO - Sync 1 DAGs
[2026-09-04T09:29:38.300+0000] {logging_mixin.py:188} INFO - [2026-09-04T09:29:38.300+0000] {dag.py:3947} INFO - Setting next_dagrun for steam_analytics_daily to 2026-09-04 02:00:00+00:00, run_after=2026-09-05 02:00:00+00:00
[2026-09-04T09:29:38.314+0000] {processor.py:183} INFO - Processing /opt/airflow/dags/steam_analytics.py took 0.194 seconds
