[2026-09-16T07:45:49.444+0000] {processor.py:161} INFO - Started process (PID=185) to work on /opt/airflow/dags/steam_analytics.py
[2026-09-16T07:45:49.445+0000] {processor.py:830} INFO - Processing file /opt/airflow/dags/steam_analytics.py for tasks to queue
[2026-09-16T07:45:49.448+0000] {logging_mixin.py:188} INFO - [2026-09-16T07:45:49.447+0000] {dagbag.py:545} INFO - Filling up the DagBag from /opt/airflow/dags/steam_analytics.py
[2026-09-16T07:45:49.817+0000] {processor.py:840} INFO - DAG(s) 'steam_analytics_daily' retrieved from /opt/airflow/dags/steam_analytics.py
[2026-09-16T07:45:50.074+0000] {logging_mixin.py:188} INFO - [2026-09-16T07:45:50.073+0000] {dag.py:3089} INFO - Sync 1 DAGs
[2026-09-16T07:45:50.104+0000] {logging_mixin.py:188} INFO - [2026-09-16T07:45:50.104+0000] {dag.py:3947} INFO - Setting next_dagrun for steam_analytics_daily to 2026-09-15 02:00:00+00:00, run_after=2026-09-16 02:00:00+00:00
[2026-09-16T07:45:50.138+0000] {processor.py:183} INFO - Processing /opt/airflow/dags/steam_analytics.py took 0.699 seconds
[2026-09-16T07:46:20.301+0000] {processor.py:161} INFO - Started process (PID=192) to work on /opt/airflow/dags/steam_analytics.py
[2026-09-16T07:46:20.301+0000] {processor.py:830} INFO - Processing file /opt/airflow/dags/steam_analytics.py for tasks to queue
[2026-09-16T07:46:20.303+0000] {logging_mixin.py:188} INFO - [2026-09-16T07:46:20.303+0000] {dagbag.py:545} INFO - Filling up the DagBag from /opt/airflow/dags/steam_analytics.py
[2026-09-16T07:46:20.450+0000] {processor.py:840} INFO - DAG(s) 'steam_analytics_daily' retrieved from /opt/airflow/dags/steam_analytics.py
[2026-09-16T07:46:20.479+0000] {logging_mixin.py:188} INFO - [2026-09-16T07:46:20.479+0000] {dag.py:3089} INFO - Sync 1 DAGs
[2026-09-16T07:46:20.500+0000] {logging_mixin.py:188} INFO - [2026-09-16T07:46:20.500+0000] {dag.py:3947} INFO - Setting next_dagrun for steam_analytics_daily to 2026-09-16 02:00:00+00:00, run_after=2026-09-17 02:00:00+00:00
[2026-09-16T07:46:20.517+0000] {processor.py:183} INFO - Processing /opt/airflow/dags/steam_analytics.py took 0.222 seconds
[2026-09-16T07:46:50.636+0000] {processor.py:161} INFO - Started process (PID=197) to work on /opt/airflow/dags/steam_analytics.py
[2026-09-16T07:46:50.637+0000] {processor.py:830} INFO - Processing file /opt/airflow/dags/steam_analytics.py for tasks to queue
[2026-09-16T07:46:50.638+0000] {logging_mixin.py:188} INFO - [2026-09-16T07:46:50.638+0000] {dagbag.py:545} INFO - Filling up the DagBag from /opt/airflow/dags/steam_analytics.py
[2026-09-16T07:46:50.770+0000] {processor.py:840} INFO - DAG(s) 'steam_analytics_daily' retrieved from /opt/airflow/dags/steam_analytics.py
[2026-09-16T07:46:50.795+0000] {logging_mixin.py:188} INFO - [2026-09-16T07:46:50.795+0000] {dag.py:3089} INFO - Sync 1 DAGs
[2026-09-16T07:46:50.815+0000] {logging_mixin.py:188} INFO - [2026-09-16T07:46:50.815+0000] {dag.py:3947} INFO - Setting next_dagrun for steam_analytics_daily to 2026-09-16 02:00:00+00:00, run_after=2026-09-17 02:00:00+00:00
[2026-09-16T07:46:50.831+0000] {processor.py:183} INFO - Processing /opt/airflow/dags/steam_analytics.py took 0.199 seconds
[2026-09-16T07:47:20.943+0000] {processor.py:161} INFO - Started process (PID=202) to work on /opt/airflow/dags/steam_analytics.py
[2026-09-16T07:47:20.944+0000] {processor.py:830} INFO - Processing file /opt/airflow/dags/steam_analytics.py for tasks to queue
[2026-09-16T07:47:20.945+0000] {logging_mixin.py:188} INFO - [2026-09-16T07:47:20.945+0000] {dagbag.py:545} INFO - Filling up the DagBag from /opt/airflow/dags/steam_analytics.py
[2026-09-16T07:47:21.072+0000] {processor.py:840} INFO - DAG(s) 'steam_analytics_daily' retrieved from /opt/airflow/dags/steam_analytics.py
[2026-09-16T07:47:21.097+0000] {logging_mixin.py:188} INFO - [2026-09-16T07:47:21.097+0000] {dag.py:3089} INFO - Sync 1 DAGs
[2026-09-16T07:47:21.115+0000] {logging_mixin.py:188} INFO - [2026-09-16T07:47:21.115+0000] {dag.py:3947} INFO - Setting next_dagrun for steam_analytics_daily to 2026-09-16 02:00:00+00:00, run_after=2026-09-17 02:00:00+00:00
[2026-09-16T07:47:21.130+0000] {processor.py:183} INFO - Processing /opt/airflow/dags/steam_analytics.py took 0.191 seconds
[2026-09-16T07:47:51.245+0000] {processor.py:161} INFO - Started process (PID=207) to work on /opt/airflow/dags/steam_analytics.py
[2026-09-16T07:47:51.246+0000] {processor.py:830} INFO - Processing file /opt/airflow/dags/steam_analytics.py for tasks to queue
[2026-09-16T07:47:51.247+0000] {logging_mixin.py:188} INFO - [2026-09-16T07:47:51.247+0000] {dagbag.py:545} INFO - Filling up the DagBag from /opt/airflow/dags/steam_analytics.py
[2026-09-16T07:47:51.380+0000] {processor.py:840} INFO - DAG(s) 'steam_analytics_daily' retrieved from /opt/airflow/dags/steam_analytics.py
[2026-09-16T07:47:51.407+0000] {logging_mixin.py:188} INFO - [2026-09-16T07:47:51.407+0000] {dag.py:3089} INFO - Sync 1 DAGs
[2026-09-16T07:47:51.428+0000] {logging_mixin.py:188} INFO - [2026-09-16T07:47:51.428+0000] {dag.py:3947} INFO - Setting next_dagrun for steam_analytics_daily to 2026-09-16 02:00:00+00:00, run_after=2026-09-17 02:00:00+00:00
[2026-09-16T07:47:51.453+0000] {processor.py:183} INFO - Processing /opt/airflow/dags/steam_analytics.py took 0.213 seconds
[2026-09-16T07:48:21.567+0000] {processor.py:161} INFO - Started process (PID=220) to work on /opt/airflow/dags/steam_analytics.py
[2026-09-16T07:48:21.567+0000] {processor.py:830} INFO - Processing file /opt/airflow/dags/steam_analytics.py for tasks to queue
[2026-09-16T07:48:21.569+0000] {logging_mixin.py:188} INFO - [2026-09-16T07:48:21.568+0000] {dagbag.py:545} INFO - Filling up the DagBag from /opt/airflow/dags/steam_analytics.py
[2026-09-16T07:48:21.695+0000] {processor.py:840} INFO - DAG(s) 'steam_analytics_daily' retrieved from /opt/airflow/dags/steam_analytics.py
[2026-09-16T07:48:21.721+0000] {logging_mixin.py:188} INFO - [2026-09-16T07:48:21.720+0000] {dag.py:3089} INFO - Sync 1 DAGs
[2026-09-16T07:48:21.739+0000] {logging_mixin.py:188} INFO - [2026-09-16T07:48:21.739+0000] {dag.py:3947} INFO - Setting next_dagrun for steam_analytics_daily to 2026-09-16 02:00:00+00:00, run_after=2026-09-17 02:00:00+00:00
[2026-09-16T07:48:21.754+0000] {processor.py:183} INFO - Processing /opt/airflow/dags/steam_analytics.py took 0.192 seconds
[2026-09-16T07:48:51.876+0000] {processor.py:161} INFO - Started process (PID=225) to work on /opt/airflow/dags/steam_analytics.py
[2026-09-16T07:48:51.877+0000] {processor.py:830} INFO - Processing file /opt/airflow/dags/steam_analytics.py for tasks to queue
[2026-09-16T07:48:51.878+0000] {logging_mixin.py:188} INFO - [2026-09-16T07:48:51.878+0000] {dagbag.py:545} INFO - Filling up the DagBag from /opt/airflow/dags/steam_analytics.py
[2026-09-16T07:48:52.008+0000] {processor.py:840} INFO - DAG(s) 'steam_analytics_daily' retrieved from /opt/airflow/dags/steam_analytics.py
[2026-09-16T07:48:52.033+0000] {logging_mixin.py:188} INFO - [2026-09-16T07:48:52.032+0000] {dag.py:3089} INFO - Sync 1 DAGs
[2026-09-16T07:48:52.051+0000] {logging_mixin.py:188} INFO - [2026-09-16T07:48:52.051+0000] {dag.py:3947} INFO - Setting next_dagrun for steam_analytics_daily to 2026-09-16 02:00:00+00:00, run_after=2026-09-17 02:00:00+00:00
[2026-09-16T07:48:52.065+0000] {processor.py:183} INFO - Processing /opt/airflow/dags/steam_analytics.py took 0.194 seconds
[2026-09-16T07:49:22.177+0000] {processor.py:161} INFO - Started process (PID=230) to work on /opt/airflow/dags/steam_analytics.py
[2026-09-16T07:49:22.178+0000] {processor.py:830} INFO - Processing file /opt/airflow/dags/steam_analytics.py for tasks to queue
[2026-09-16T07:49:22.179+0000] {logging_mixin.py:188} INFO - [2026-09-16T07:49:22.179+0000] {dagbag.py:545} INFO - Filling up the DagBag from /opt/airflow/dags/steam_analytics.py
[2026-09-16T07:49:22.314+0000] {processor.py:840} INFO - DAG(s) 'steam_analytics_daily' retrieved from /opt/airflow/dags/steam_analytics.py
[2026-09-16T07:49:22.343+0000] {logging_mixin.py:188} INFO - [2026-09-16T07:49:22.343+0000] {dag.py:3089} INFO - Sync 1 DAGs
[2026-09-16T07:49:22.374+0000] {logging_mixin.py:188} INFO - [2026-09-16T07:49:22.373+0000] {dag.py:3947} INFO - Setting next_dagrun for steam_analytics_daily to 2026-09-16 02:00:00+00:00, run_after=2026-09-17 02:00:00+00:00
[2026-09-16T07:49:22.402+0000] {processor.py:183} INFO - Processing /opt/airflow/dags/steam_analytics.py took 0.229 seconds
[2026-09-16T07:49:52.543+0000] {processor.py:161} INFO - Started process (PID=237) to work on /opt/airflow/dags/steam_analytics.py
[2026-09-16T07:49:52.544+0000] {processor.py:830} INFO - Processing file /opt/airflow/dags/steam_analytics.py for tasks to queue
[2026-09-16T07:49:52.545+0000] {logging_mixin.py:188} INFO - [2026-09-16T07:49:52.545+0000] {dagbag.py:545} INFO - Filling up the DagBag from /opt/airflow/dags/steam_analytics.py
[2026-09-16T07:49:52.737+0000] {processor.py:840} INFO - DAG(s) 'steam_analytics_daily' retrieved from /opt/airflow/dags/steam_analytics.py
[2026-09-16T07:49:52.789+0000] {logging_mixin.py:188} INFO - [2026-09-16T07:49:52.788+0000] {dag.py:3089} INFO - Sync 1 DAGs
[2026-09-16T07:49:52.832+0000] {logging_mixin.py:188} INFO - [2026-09-16T07:49:52.831+0000] {dag.py:3947} INFO - Setting next_dagrun for steam_analytics_daily to 2026-09-16 02:00:00+00:00, run_after=2026-09-17 02:00:00+00:00
[2026-09-16T07:49:52.858+0000] {processor.py:183} INFO - Processing /opt/airflow/dags/steam_analytics.py took 0.321 seconds
[2026-09-16T07:50:22.987+0000] {processor.py:161} INFO - Started process (PID=242) to work on /opt/airflow/dags/steam_analytics.py
[2026-09-16T07:50:22.988+0000] {processor.py:830} INFO - Processing file /opt/airflow/dags/steam_analytics.py for tasks to queue
[2026-09-16T07:50:22.989+0000] {logging_mixin.py:188} INFO - [2026-09-16T07:50:22.989+0000] {dagbag.py:545} INFO - Filling up the DagBag from /opt/airflow/dags/steam_analytics.py
[2026-09-16T07:50:23.130+0000] {processor.py:840} INFO - DAG(s) 'steam_analytics_daily' retrieved from /opt/airflow/dags/steam_analytics.py
[2026-09-16T07:50:23.156+0000] {logging_mixin.py:188} INFO - [2026-09-16T07:50:23.156+0000] {dag.py:3089} INFO - Sync 1 DAGs
[2026-09-16T07:50:23.176+0000] {logging_mixin.py:188} INFO - [2026-09-16T07:50:23.175+0000] {dag.py:3947} INFO - Setting next_dagrun for steam_analytics_daily to 2026-09-16 02:00:00+00:00, run_after=2026-09-17 02:00:00+00:00
[2026-09-16T07:50:23.191+0000] {processor.py:183} INFO - Processing /opt/airflow/dags/steam_analytics.py took 0.210 seconds
[2026-09-16T07:50:53.315+0000] {processor.py:161} INFO - Started process (PID=247) to work on /opt/airflow/dags/steam_analytics.py
[2026-09-16T07:50:53.316+0000] {processor.py:830} INFO - Processing file /opt/airflow/dags/steam_analytics.py for tasks to queue
[2026-09-16T07:50:53.320+0000] {logging_mixin.py:188} INFO - [2026-09-16T07:50:53.319+0000] {dagbag.py:545} INFO - Filling up the DagBag from /opt/airflow/dags/steam_analytics.py
[2026-09-16T07:50:53.476+0000] {processor.py:840} INFO - DAG(s) 'steam_analytics_daily' retrieved from /opt/airflow/dags/steam_analytics.py
[2026-09-16T07:50:53.503+0000] {logging_mixin.py:188} INFO - [2026-09-16T07:50:53.502+0000] {dag.py:3089} INFO - Sync 1 DAGs
[2026-09-16T07:50:53.522+0000] {logging_mixin.py:188} INFO - [2026-09-16T07:50:53.522+0000] {dag.py:3947} INFO - Setting next_dagrun for steam_analytics_daily to 2026-09-16 02:00:00+00:00, run_after=2026-09-17 02:00:00+00:00
[2026-09-16T07:50:53.540+0000] {processor.py:183} INFO - Processing /opt/airflow/dags/steam_analytics.py took 0.232 seconds
[2026-09-16T07:51:23.668+0000] {processor.py:161} INFO - Started process (PID=252) to work on /opt/airflow/dags/steam_analytics.py
[2026-09-16T07:51:23.668+0000] {processor.py:830} INFO - Processing file /opt/airflow/dags/steam_analytics.py for tasks to queue
[2026-09-16T07:51:23.670+0000] {logging_mixin.py:188} INFO - [2026-09-16T07:51:23.669+0000] {dagbag.py:545} INFO - Filling up the DagBag from /opt/airflow/dags/steam_analytics.py
[2026-09-16T07:51:23.807+0000] {processor.py:840} INFO - DAG(s) 'steam_analytics_daily' retrieved from /opt/airflow/dags/steam_analytics.py
[2026-09-16T07:51:23.833+0000] {logging_mixin.py:188} INFO - [2026-09-16T07:51:23.833+0000] {dag.py:3089} INFO - Sync 1 DAGs
[2026-09-16T07:51:23.853+0000] {logging_mixin.py:188} INFO - [2026-09-16T07:51:23.853+0000] {dag.py:3947} INFO - Setting next_dagrun for steam_analytics_daily to 2026-09-16 02:00:00+00:00, run_after=2026-09-17 02:00:00+00:00
[2026-09-16T07:51:23.869+0000] {processor.py:183} INFO - Processing /opt/airflow/dags/steam_analytics.py took 0.206 seconds
[2026-09-16T07:51:53.987+0000] {processor.py:161} INFO - Started process (PID=257) to work on /opt/airflow/dags/steam_analytics.py
[2026-09-16T07:51:53.987+0000] {processor.py:830} INFO - Processing file /opt/airflow/dags/steam_analytics.py for tasks to queue
[2026-09-16T07:51:53.989+0000] {logging_mixin.py:188} INFO - [2026-09-16T07:51:53.988+0000] {dagbag.py:545} INFO - Filling up the DagBag from /opt/airflow/dags/steam_analytics.py
[2026-09-16T07:51:54.119+0000] {processor.py:840} INFO - DAG(s) 'steam_analytics_daily' retrieved from /opt/airflow/dags/steam_analytics.py
[2026-09-16T07:51:54.143+0000] {logging_mixin.py:188} INFO - [2026-09-16T07:51:54.143+0000] {dag.py:3089} INFO - Sync 1 DAGs
[2026-09-16T07:51:54.161+0000] {logging_mixin.py:188} INFO - [2026-09-16T07:51:54.161+0000] {dag.py:3947} INFO - Setting next_dagrun for steam_analytics_daily to 2026-09-16 02:00:00+00:00, run_after=2026-09-17 02:00:00+00:00
[2026-09-16T07:51:54.175+0000] {processor.py:183} INFO - Processing /opt/airflow/dags/steam_analytics.py took 0.193 seconds
[2026-09-16T07:52:24.293+0000] {processor.py:161} INFO - Started process (PID=270) to work on /opt/airflow/dags/steam_analytics.py
[2026-09-16T07:52:24.294+0000] {processor.py:830} INFO - Processing file /opt/airflow/dags/steam_analytics.py for tasks to queue
[2026-09-16T07:52:24.295+0000] {logging_mixin.py:188} INFO - [2026-09-16T07:52:24.295+0000] {dagbag.py:545} INFO - Filling up the DagBag from /opt/airflow/dags/steam_analytics.py
[2026-09-16T07:52:24.422+0000] {processor.py:840} INFO - DAG(s) 'steam_analytics_daily' retrieved from /opt/airflow/dags/steam_analytics.py
[2026-09-16T07:52:24.446+0000] {logging_mixin.py:188} INFO - [2026-09-16T07:52:24.446+0000] {dag.py:3089} INFO - Sync 1 DAGs
[2026-09-16T07:52:24.464+0000] {logging_mixin.py:188} INFO - [2026-09-16T07:52:24.464+0000] {dag.py:3947} INFO - Setting next_dagrun for steam_analytics_daily to 2026-09-16 02:00:00+00:00, run_after=2026-09-17 02:00:00+00:00
[2026-09-16T07:52:24.479+0000] {processor.py:183} INFO - Processing /opt/airflow/dags/steam_analytics.py took 0.190 seconds
[2026-09-16T07:52:54.600+0000] {processor.py:161} INFO - Started process (PID=275) to work on /opt/airflow/dags/steam_analytics.py
[2026-09-16T07:52:54.601+0000] {processor.py:830} INFO - Processing file /opt/airflow/dags/steam_analytics.py for tasks to queue
[2026-09-16T07:52:54.603+0000] {logging_mixin.py:188} INFO - [2026-09-16T07:52:54.602+0000] {dagbag.py:545} INFO - Filling up the DagBag from /opt/airflow/dags/steam_analytics.py
[2026-09-16T07:52:54.750+0000] {processor.py:840} INFO - DAG(s) 'steam_analytics_daily' retrieved from /opt/airflow/dags/steam_analytics.py
[2026-09-16T07:52:54.777+0000] {logging_mixin.py:188} INFO - [2026-09-16T07:52:54.777+0000] {dag.py:3089} INFO - Sync 1 DAGs
[2026-09-16T07:52:54.796+0000] {logging_mixin.py:188} INFO - [2026-09-16T07:52:54.796+0000] {dag.py:3947} INFO - Setting next_dagrun for steam_analytics_daily to 2026-09-16 02:00:00+00:00, run_after=2026-09-17 02:00:00+00:00
[2026-09-16T07:52:54.812+0000] {processor.py:183} INFO - Processing /opt/airflow/dags/steam_analytics.py took 0.217 seconds
[2026-09-16T07:53:24.933+0000] {processor.py:161} INFO - Started process (PID=280) to work on /opt/airflow/dags/steam_analytics.py
[2026-09-16T07:53:24.933+0000] {processor.py:830} INFO - Processing file /opt/airflow/dags/steam_analytics.py for tasks to queue
[2026-09-16T07:53:24.935+0000] {logging_mixin.py:188} INFO - [2026-09-16T07:53:24.934+0000] {dagbag.py:545} INFO - Filling up the DagBag from /opt/airflow/dags/steam_analytics.py
[2026-09-16T07:53:25.065+0000] {processor.py:840} INFO - DAG(s) 'steam_analytics_daily' retrieved from /opt/airflow/dags/steam_analytics.py
[2026-09-16T07:53:25.090+0000] {logging_mixin.py:188} INFO - [2026-09-16T07:53:25.090+0000] {dag.py:3089} INFO - Sync 1 DAGs
[2026-09-16T07:53:25.110+0000] {logging_mixin.py:188} INFO - [2026-09-16T07:53:25.109+0000] {dag.py:3947} INFO - Setting next_dagrun for steam_analytics_daily to 2026-09-16 02:00:00+00:00, run_after=2026-09-17 02:00:00+00:00
[2026-09-16T07:53:25.124+0000] {processor.py:183} INFO - Processing /opt/airflow/dags/steam_analytics.py took 0.196 seconds
[2026-09-16T07:53:55.237+0000] {processor.py:161} INFO - Started process (PID=285) to work on /opt/airflow/dags/steam_analytics.py
[2026-09-16T07:53:55.238+0000] {processor.py:830} INFO - Processing file /opt/airflow/dags/steam_analytics.py for tasks to queue
[2026-09-16T07:53:55.239+0000] {logging_mixin.py:188} INFO - [2026-09-16T07:53:55.239+0000] {dagbag.py:545} INFO - Filling up the DagBag from /opt/airflow/dags/steam_analytics.py
[2026-09-16T07:53:55.381+0000] {processor.py:840} INFO - DAG(s) 'steam_analytics_daily' retrieved from /opt/airflow/dags/steam_analytics.py
[2026-09-16T07:53:55.407+0000] {logging_mixin.py:188} INFO - [2026-09-16T07:53:55.407+0000] {dag.py:3089} INFO - Sync 1 DAGs
[2026-09-16T07:53:55.425+0000] {logging_mixin.py:188} INFO - [2026-09-16T07:53:55.425+0000] {dag.py:3947} INFO - Setting next_dagrun for steam_analytics_daily to 2026-09-16 02:00:00+00:00, run_after=2026-09-17 02:00:00+00:00
[2026-09-16T07:53:55.440+0000] {processor.py:183} INFO - Processing /opt/airflow/dags/steam_analytics.py took 0.207 seconds
[2026-09-16T07:54:25.553+0000] {processor.py:161} INFO - Started process (PID=290) to work on /opt/airflow/dags/steam_analytics.py
[2026-09-16T07:54:25.554+0000] {processor.py:830} INFO - Processing file /opt/airflow/dags/steam_analytics.py for tasks to queue
[2026-09-16T07:54:25.556+0000] {logging_mixin.py:188} INFO - [2026-09-16T07:54:25.555+0000] {dagbag.py:545} INFO - Filling up the DagBag from /opt/airflow/dags/steam_analytics.py
[2026-09-16T07:54:25.697+0000] {processor.py:840} INFO - DAG(s) 'steam_analytics_daily' retrieved from /opt/airflow/dags/steam_analytics.py
[2026-09-16T07:54:25.724+0000] {logging_mixin.py:188} INFO - [2026-09-16T07:54:25.724+0000] {dag.py:3089} INFO - Sync 1 DAGs
[2026-09-16T07:54:25.743+0000] {logging_mixin.py:188} INFO - [2026-09-16T07:54:25.743+0000] {dag.py:3947} INFO - Setting next_dagrun for steam_analytics_daily to 2026-09-16 02:00:00+00:00, run_after=2026-09-17 02:00:00+00:00
[2026-09-16T07:54:25.759+0000] {processor.py:183} INFO - Processing /opt/airflow/dags/steam_analytics.py took 0.209 seconds
[2026-09-16T07:54:55.876+0000] {processor.py:161} INFO - Started process (PID=295) to work on /opt/airflow/dags/steam_analytics.py
[2026-09-16T07:54:55.877+0000] {processor.py:830} INFO - Processing file /opt/airflow/dags/steam_analytics.py for tasks to queue
[2026-09-16T07:54:55.879+0000] {logging_mixin.py:188} INFO - [2026-09-16T07:54:55.878+0000] {dagbag.py:545} INFO - Filling up the DagBag from /opt/airflow/dags/steam_analytics.py
[2026-09-16T07:54:56.014+0000] {processor.py:840} INFO - DAG(s) 'steam_analytics_daily' retrieved from /opt/airflow/dags/steam_analytics.py
[2026-09-16T07:54:56.040+0000] {logging_mixin.py:188} INFO - [2026-09-16T07:54:56.040+0000] {dag.py:3089} INFO - Sync 1 DAGs
[2026-09-16T07:54:56.059+0000] {logging_mixin.py:188} INFO - [2026-09-16T07:54:56.059+0000] {dag.py:3947} INFO - Setting next_dagrun for steam_analytics_daily to 2026-09-16 02:00:00+00:00, run_after=2026-09-17 02:00:00+00:00
[2026-09-16T07:54:56.074+0000] {processor.py:183} INFO - Processing /opt/airflow/dags/steam_analytics.py took 0.203 seconds
[2026-09-16T07:55:26.190+0000] {processor.py:161} INFO - Started process (PID=300) to work on /opt/airflow/dags/steam_analytics.py
[2026-09-16T07:55:26.190+0000] {processor.py:830} INFO - Processing file /opt/airflow/dags/steam_analytics.py for tasks to queue
[2026-09-16T07:55:26.192+0000] {logging_mixin.py:188} INFO - [2026-09-16T07:55:26.192+0000] {dagbag.py:545} INFO - Filling up the DagBag from /opt/airflow/dags/steam_analytics.py
[2026-09-16T07:55:26.337+0000] {processor.py:840} INFO - DAG(s) 'steam_analytics_daily' retrieved from /opt/airflow/dags/steam_analytics.py
[2026-09-16T07:55:26.363+0000] {logging_mixin.py:188} INFO - [2026-09-16T07:55:26.363+0000] {dag.py:3089} INFO - Sync 1 DAGs
[2026-09-16T07:55:26.382+0000] {logging_mixin.py:188} INFO - [2026-09-16T07:55:26.381+0000] {dag.py:3947} INFO - Setting next_dagrun for steam_analytics_daily to 2026-09-16 02:00:00+00:00, run_after=2026-09-17 02:00:00+00:00
[2026-09-16T07:55:26.400+0000] {processor.py:183} INFO - Processing /opt/airflow/dags/steam_analytics.py took 0.214 seconds
[2026-09-16T07:55:56.517+0000] {processor.py:161} INFO - Started process (PID=305) to work on /opt/airflow/dags/steam_analytics.py
[2026-09-16T07:55:56.517+0000] {processor.py:830} INFO - Processing file /opt/airflow/dags/steam_analytics.py for tasks to queue
[2026-09-16T07:55:56.519+0000] {logging_mixin.py:188} INFO - [2026-09-16T07:55:56.519+0000] {dagbag.py:545} INFO - Filling up the DagBag from /opt/airflow/dags/steam_analytics.py
[2026-09-16T07:55:56.660+0000] {processor.py:840} INFO - DAG(s) 'steam_analytics_daily' retrieved from /opt/airflow/dags/steam_analytics.py
[2026-09-16T07:55:56.684+0000] {logging_mixin.py:188} INFO - [2026-09-16T07:55:56.683+0000] {dag.py:3089} INFO - Sync 1 DAGs
[2026-09-16T07:55:56.702+0000] {logging_mixin.py:188} INFO - [2026-09-16T07:55:56.702+0000] {dag.py:3947} INFO - Setting next_dagrun for steam_analytics_daily to 2026-09-16 02:00:00+00:00, run_after=2026-09-17 02:00:00+00:00
[2026-09-16T07:55:56.717+0000] {processor.py:183} INFO - Processing /opt/airflow/dags/steam_analytics.py took 0.205 seconds
[2026-09-16T07:56:26.834+0000] {processor.py:161} INFO - Started process (PID=310) to work on /opt/airflow/dags/steam_analytics.py
[2026-09-16T07:56:26.835+0000] {processor.py:830} INFO - Processing file /opt/airflow/dags/steam_analytics.py for tasks to queue
[2026-09-16T07:56:26.836+0000] {logging_mixin.py:188} INFO - [2026-09-16T07:56:26.836+0000] {dagbag.py:545} INFO - Filling up the DagBag from /opt/airflow/dags/steam_analytics.py
[2026-09-16T07:56:26.963+0000] {processor.py:840} INFO - DAG(s) 'steam_analytics_daily' retrieved from /opt/airflow/dags/steam_analytics.py
[2026-09-16T07:56:26.990+0000] {logging_mixin.py:188} INFO - [2026-09-16T07:56:26.989+0000] {dag.py:3089} INFO - Sync 1 DAGs
[2026-09-16T07:56:27.008+0000] {logging_mixin.py:188} INFO - [2026-09-16T07:56:27.008+0000] {dag.py:3947} INFO - Setting next_dagrun for steam_analytics_daily to 2026-09-16 02:00:00+00:00, run_after=2026-09-17 02:00:00+00:00
[2026-09-16T07:56:27.022+0000] {processor.py:183} INFO - Processing /opt/airflow/dags/steam_analytics.py took 0.193 seconds
[2026-09-16T07:56:57.145+0000] {processor.py:161} INFO - Started process (PID=315) to work on /opt/airflow/dags/steam_analytics.py
[2026-09-16T07:56:57.146+0000] {processor.py:830} INFO - Processing file /opt/airflow/dags/steam_analytics.py for tasks to queue
[2026-09-16T07:56:57.147+0000] {logging_mixin.py:188} INFO - [2026-09-16T07:56:57.147+0000] {dagbag.py:545} INFO - Filling up the DagBag from /opt/airflow/dags/steam_analytics.py
[2026-09-16T07:56:57.280+0000] {processor.py:840} INFO - DAG(s) 'steam_analytics_daily' retrieved from /opt/airflow/dags/steam_analytics.py
[2026-09-16T07:56:57.306+0000] {logging_mixin.py:188} INFO - [2026-09-16T07:56:57.306+0000] {dag.py:3089} INFO - Sync 1 DAGs
[2026-09-16T07:56:57.325+0000] {logging_mixin.py:188} INFO - [2026-09-16T07:56:57.324+0000] {dag.py:3947} INFO - Setting next_dagrun for steam_analytics_daily to 2026-09-16 02:00:00+00:00, run_after=2026-09-17 02:00:00+00:00
[2026-09-16T07:56:57.339+0000] {processor.py:183} INFO - Processing /opt/airflow/dags/steam_analytics.py took 0.199 seconds
[2026-09-16T07:57:27.457+0000] {processor.py:161} INFO - Started process (PID=320) to work on /opt/airflow/dags/steam_analytics.py
[2026-09-16T07:57:27.458+0000] {processor.py:830} INFO - Processing file /opt/airflow/dags/steam_analytics.py for tasks to queue
[2026-09-16T07:57:27.460+0000] {logging_mixin.py:188} INFO - [2026-09-16T07:57:27.459+0000] {dagbag.py:545} INFO - Filling up the DagBag from /opt/airflow/dags/steam_analytics.py
[2026-09-16T07:57:27.593+0000] {processor.py:840} INFO - DAG(s) 'steam_analytics_daily' retrieved from /opt/airflow/dags/steam_analytics.py
[2026-09-16T07:57:27.617+0000] {logging_mixin.py:188} INFO - [2026-09-16T07:57:27.617+0000] {dag.py:3089} INFO - Sync 1 DAGs
[2026-09-16T07:57:27.636+0000] {logging_mixin.py:188} INFO - [2026-09-16T07:57:27.635+0000] {dag.py:3947} INFO - Setting next_dagrun for steam_analytics_daily to 2026-09-16 02:00:00+00:00, run_after=2026-09-17 02:00:00+00:00
[2026-09-16T07:57:27.651+0000] {processor.py:183} INFO - Processing /opt/airflow/dags/steam_analytics.py took 0.198 seconds
[2026-09-16T07:57:57.774+0000] {processor.py:161} INFO - Started process (PID=325) to work on /opt/airflow/dags/steam_analytics.py
[2026-09-16T07:57:57.774+0000] {processor.py:830} INFO - Processing file /opt/airflow/dags/steam_analytics.py for tasks to queue
[2026-09-16T07:57:57.776+0000] {logging_mixin.py:188} INFO - [2026-09-16T07:57:57.776+0000] {dagbag.py:545} INFO - Filling up the DagBag from /opt/airflow/dags/steam_analytics.py
[2026-09-16T07:57:57.925+0000] {processor.py:840} INFO - DAG(s) 'steam_analytics_daily' retrieved from /opt/airflow/dags/steam_analytics.py
[2026-09-16T07:57:57.951+0000] {logging_mixin.py:188} INFO - [2026-09-16T07:57:57.951+0000] {dag.py:3089} INFO - Sync 1 DAGs
[2026-09-16T07:57:57.971+0000] {logging_mixin.py:188} INFO - [2026-09-16T07:57:57.970+0000] {dag.py:3947} INFO - Setting next_dagrun for steam_analytics_daily to 2026-09-16 02:00:00+00:00, run_after=2026-09-17 02:00:00+00:00
[2026-09-16T07:57:57.985+0000] {processor.py:183} INFO - Processing /opt/airflow/dags/steam_analytics.py took 0.216 seconds
[2026-09-16T07:58:28.111+0000] {processor.py:161} INFO - Started process (PID=330) to work on /opt/airflow/dags/steam_analytics.py
[2026-09-16T07:58:28.111+0000] {processor.py:830} INFO - Processing file /opt/airflow/dags/steam_analytics.py for tasks to queue
[2026-09-16T07:58:28.113+0000] {logging_mixin.py:188} INFO - [2026-09-16T07:58:28.112+0000] {dagbag.py:545} INFO - Filling up the DagBag from /opt/airflow/dags/steam_analytics.py
[2026-09-16T07:58:28.246+0000] {processor.py:840} INFO - DAG(s) 'steam_analytics_daily' retrieved from /opt/airflow/dags/steam_analytics.py
[2026-09-16T07:58:28.274+0000] {logging_mixin.py:188} INFO - [2026-09-16T07:58:28.274+0000] {dag.py:3089} INFO - Sync 1 DAGs
[2026-09-16T07:58:28.294+0000] {logging_mixin.py:188} INFO - [2026-09-16T07:58:28.294+0000] {dag.py:3947} INFO - Setting next_dagrun for steam_analytics_daily to 2026-09-16 02:00:00+00:00, run_after=2026-09-17 02:00:00+00:00
[2026-09-16T07:58:28.310+0000] {processor.py:183} INFO - Processing /opt/airflow/dags/steam_analytics.py took 0.204 seconds
[2026-09-16T07:58:58.428+0000] {processor.py:161} INFO - Started process (PID=335) to work on /opt/airflow/dags/steam_analytics.py
[2026-09-16T07:58:58.428+0000] {processor.py:830} INFO - Processing file /opt/airflow/dags/steam_analytics.py for tasks to queue
[2026-09-16T07:58:58.430+0000] {logging_mixin.py:188} INFO - [2026-09-16T07:58:58.430+0000] {dagbag.py:545} INFO - Filling up the DagBag from /opt/airflow/dags/steam_analytics.py
[2026-09-16T07:58:58.566+0000] {processor.py:840} INFO - DAG(s) 'steam_analytics_daily' retrieved from /opt/airflow/dags/steam_analytics.py
[2026-09-16T07:58:58.591+0000] {logging_mixin.py:188} INFO - [2026-09-16T07:58:58.591+0000] {dag.py:3089} INFO - Sync 1 DAGs
[2026-09-16T07:58:58.610+0000] {logging_mixin.py:188} INFO - [2026-09-16T07:58:58.609+0000] {dag.py:3947} INFO - Setting next_dagrun for steam_analytics_daily to 2026-09-16 02:00:00+00:00, run_after=2026-09-17 02:00:00+00:00
[2026-09-16T07:58:58.625+0000] {processor.py:183} INFO - Processing /opt/airflow/dags/steam_analytics.py took 0.202 seconds
[2026-09-16T07:59:28.793+0000] {processor.py:161} INFO - Started process (PID=340) to work on /opt/airflow/dags/steam_analytics.py
[2026-09-16T07:59:28.794+0000] {processor.py:830} INFO - Processing file /opt/airflow/dags/steam_analytics.py for tasks to queue
[2026-09-16T07:59:28.796+0000] {logging_mixin.py:188} INFO - [2026-09-16T07:59:28.796+0000] {dagbag.py:545} INFO - Filling up the DagBag from /opt/airflow/dags/steam_analytics.py
[2026-09-16T07:59:28.957+0000] {processor.py:840} INFO - DAG(s) 'steam_analytics_daily' retrieved from /opt/airflow/dags/steam_analytics.py
[2026-09-16T07:59:28.986+0000] {logging_mixin.py:188} INFO - [2026-09-16T07:59:28.986+0000] {dag.py:3089} INFO - Sync 1 DAGs
[2026-09-16T07:59:29.009+0000] {logging_mixin.py:188} INFO - [2026-09-16T07:59:29.009+0000] {dag.py:3947} INFO - Setting next_dagrun for steam_analytics_daily to 2026-09-16 02:00:00+00:00, run_after=2026-09-17 02:00:00+00:00
[2026-09-16T07:59:29.032+0000] {processor.py:183} INFO - Processing /opt/airflow/dags/steam_analytics.py took 0.244 seconds
[2026-09-16T07:59:59.189+0000] {processor.py:161} INFO - Started process (PID=345) to work on /opt/airflow/dags/steam_analytics.py
[2026-09-16T07:59:59.190+0000] {processor.py:830} INFO - Processing file /opt/airflow/dags/steam_analytics.py for tasks to queue
[2026-09-16T07:59:59.192+0000] {logging_mixin.py:188} INFO - [2026-09-16T07:59:59.192+0000] {dagbag.py:545} INFO - Filling up the DagBag from /opt/airflow/dags/steam_analytics.py
[2026-09-16T07:59:59.345+0000] {processor.py:840} INFO - DAG(s) 'steam_analytics_daily' retrieved from /opt/airflow/dags/steam_analytics.py
[2026-09-16T07:59:59.375+0000] {logging_mixin.py:188} INFO - [2026-09-16T07:59:59.375+0000] {dag.py:3089} INFO - Sync 1 DAGs
[2026-09-16T07:59:59.400+0000] {logging_mixin.py:188} INFO - [2026-09-16T07:59:59.400+0000] {dag.py:3947} INFO - Setting next_dagrun for steam_analytics_daily to 2026-09-16 02:00:00+00:00, run_after=2026-09-17 02:00:00+00:00
[2026-09-16T07:59:59.418+0000] {processor.py:183} INFO - Processing /opt/airflow/dags/steam_analytics.py took 0.237 seconds
[2026-09-16T08:00:29.557+0000] {processor.py:161} INFO - Started process (PID=350) to work on /opt/airflow/dags/steam_analytics.py
[2026-09-16T08:00:29.558+0000] {processor.py:830} INFO - Processing file /opt/airflow/dags/steam_analytics.py for tasks to queue
[2026-09-16T08:00:29.560+0000] {logging_mixin.py:188} INFO - [2026-09-16T08:00:29.559+0000] {dagbag.py:545} INFO - Filling up the DagBag from /opt/airflow/dags/steam_analytics.py
[2026-09-16T08:00:29.722+0000] {processor.py:840} INFO - DAG(s) 'steam_analytics_daily' retrieved from /opt/airflow/dags/steam_analytics.py
[2026-09-16T08:00:29.753+0000] {logging_mixin.py:188} INFO - [2026-09-16T08:00:29.753+0000] {dag.py:3089} INFO - Sync 1 DAGs
[2026-09-16T08:00:29.778+0000] {logging_mixin.py:188} INFO - [2026-09-16T08:00:29.778+0000] {dag.py:3947} INFO - Setting next_dagrun for steam_analytics_daily to 2026-09-16 02:00:00+00:00, run_after=2026-09-17 02:00:00+00:00
[2026-09-16T08:00:29.798+0000] {processor.py:183} INFO - Processing /opt/airflow/dags/steam_analytics.py took 0.247 seconds
[2026-09-16T08:00:59.938+0000] {processor.py:161} INFO - Started process (PID=355) to work on /opt/airflow/dags/steam_analytics.py
[2026-09-16T08:00:59.939+0000] {processor.py:830} INFO - Processing file /opt/airflow/dags/steam_analytics.py for tasks to queue
[2026-09-16T08:00:59.940+0000] {logging_mixin.py:188} INFO - [2026-09-16T08:00:59.940+0000] {dagbag.py:545} INFO - Filling up the DagBag from /opt/airflow/dags/steam_analytics.py
[2026-09-16T08:01:00.087+0000] {processor.py:840} INFO - DAG(s) 'steam_analytics_daily' retrieved from /opt/airflow/dags/steam_analytics.py
[2026-09-16T08:01:00.115+0000] {logging_mixin.py:188} INFO - [2026-09-16T08:01:00.115+0000] {dag.py:3089} INFO - Sync 1 DAGs
[2026-09-16T08:01:00.137+0000] {logging_mixin.py:188} INFO - [2026-09-16T08:01:00.137+0000] {dag.py:3947} INFO - Setting next_dagrun for steam_analytics_daily to 2026-09-16 02:00:00+00:00, run_after=2026-09-17 02:00:00+00:00
[2026-09-16T08:01:00.156+0000] {processor.py:183} INFO - Processing /opt/airflow/dags/steam_analytics.py took 0.223 seconds
[2026-09-16T08:01:30.288+0000] {processor.py:161} INFO - Started process (PID=360) to work on /opt/airflow/dags/steam_analytics.py
[2026-09-16T08:01:30.289+0000] {processor.py:830} INFO - Processing file /opt/airflow/dags/steam_analytics.py for tasks to queue
[2026-09-16T08:01:30.290+0000] {logging_mixin.py:188} INFO - [2026-09-16T08:01:30.290+0000] {dagbag.py:545} INFO - Filling up the DagBag from /opt/airflow/dags/steam_analytics.py
[2026-09-16T08:01:30.432+0000] {processor.py:840} INFO - DAG(s) 'steam_analytics_daily' retrieved from /opt/airflow/dags/steam_analytics.py
[2026-09-16T08:01:30.459+0000] {logging_mixin.py:188} INFO - [2026-09-16T08:01:30.458+0000] {dag.py:3089} INFO - Sync 1 DAGs
[2026-09-16T08:01:30.479+0000] {logging_mixin.py:188} INFO - [2026-09-16T08:01:30.479+0000] {dag.py:3947} INFO - Setting next_dagrun for steam_analytics_daily to 2026-09-16 02:00:00+00:00, run_after=2026-09-17 02:00:00+00:00
[2026-09-16T08:01:30.497+0000] {processor.py:183} INFO - Processing /opt/airflow/dags/steam_analytics.py took 0.214 seconds
[2026-09-16T08:02:00.630+0000] {processor.py:161} INFO - Started process (PID=365) to work on /opt/airflow/dags/steam_analytics.py
[2026-09-16T08:02:00.630+0000] {processor.py:830} INFO - Processing file /opt/airflow/dags/steam_analytics.py for tasks to queue
[2026-09-16T08:02:00.632+0000] {logging_mixin.py:188} INFO - [2026-09-16T08:02:00.632+0000] {dagbag.py:545} INFO - Filling up the DagBag from /opt/airflow/dags/steam_analytics.py
[2026-09-16T08:02:00.777+0000] {processor.py:840} INFO - DAG(s) 'steam_analytics_daily' retrieved from /opt/airflow/dags/steam_analytics.py
[2026-09-16T08:02:00.804+0000] {logging_mixin.py:188} INFO - [2026-09-16T08:02:00.804+0000] {dag.py:3089} INFO - Sync 1 DAGs
[2026-09-16T08:02:00.827+0000] {logging_mixin.py:188} INFO - [2026-09-16T08:02:00.826+0000] {dag.py:3947} INFO - Setting next_dagrun for steam_analytics_daily to 2026-09-16 02:00:00+00:00, run_after=2026-09-17 02:00:00+00:00
[2026-09-16T08:02:00.845+0000] {processor.py:183} INFO - Processing /opt/airflow/dags/steam_analytics.py took 0.220 seconds
[2026-09-16T08:02:30.973+0000] {processor.py:161} INFO - Started process (PID=370) to work on /opt/airflow/dags/steam_analytics.py
[2026-09-16T08:02:30.973+0000] {processor.py:830} INFO - Processing file /opt/airflow/dags/steam_analytics.py for tasks to queue
[2026-09-16T08:02:30.975+0000] {logging_mixin.py:188} INFO - [2026-09-16T08:02:30.975+0000] {dagbag.py:545} INFO - Filling up the DagBag from /opt/airflow/dags/steam_analytics.py
[2026-09-16T08:02:31.113+0000] {processor.py:840} INFO - DAG(s) 'steam_analytics_daily' retrieved from /opt/airflow/dags/steam_analytics.py
[2026-09-16T08:02:31.137+0000] {logging_mixin.py:188} INFO - [2026-09-16T08:02:31.137+0000] {dag.py:3089} INFO - Sync 1 DAGs
[2026-09-16T08:02:31.157+0000] {logging_mixin.py:188} INFO - [2026-09-16T08:02:31.157+0000] {dag.py:3947} INFO - Setting next_dagrun for steam_analytics_daily to 2026-09-16 02:00:00+00:00, run_after=2026-09-17 02:00:00+00:00
[2026-09-16T08:02:31.173+0000] {processor.py:183} INFO - Processing /opt/airflow/dags/steam_analytics.py took 0.205 seconds
[2026-09-16T08:03:01.304+0000] {processor.py:161} INFO - Started process (PID=375) to work on /opt/airflow/dags/steam_analytics.py
[2026-09-16T08:03:01.305+0000] {processor.py:830} INFO - Processing file /opt/airflow/dags/steam_analytics.py for tasks to queue
[2026-09-16T08:03:01.306+0000] {logging_mixin.py:188} INFO - [2026-09-16T08:03:01.306+0000] {dagbag.py:545} INFO - Filling up the DagBag from /opt/airflow/dags/steam_analytics.py
[2026-09-16T08:03:01.459+0000] {processor.py:840} INFO - DAG(s) 'steam_analytics_daily' retrieved from /opt/airflow/dags/steam_analytics.py
[2026-09-16T08:03:01.489+0000] {logging_mixin.py:188} INFO - [2026-09-16T08:03:01.489+0000] {dag.py:3089} INFO - Sync 1 DAGs
[2026-09-16T08:03:01.510+0000] {logging_mixin.py:188} INFO - [2026-09-16T08:03:01.510+0000] {dag.py:3947} INFO - Setting next_dagrun for steam_analytics_daily to 2026-09-16 02:00:00+00:00, run_after=2026-09-17 02:00:00+00:00
[2026-09-16T08:03:01.528+0000] {processor.py:183} INFO - Processing /opt/airflow/dags/steam_analytics.py took 0.229 seconds
[2026-09-16T08:03:31.662+0000] {processor.py:161} INFO - Started process (PID=380) to work on /opt/airflow/dags/steam_analytics.py
[2026-09-16T08:03:31.663+0000] {processor.py:830} INFO - Processing file /opt/airflow/dags/steam_analytics.py for tasks to queue
[2026-09-16T08:03:31.666+0000] {logging_mixin.py:188} INFO - [2026-09-16T08:03:31.665+0000] {dagbag.py:545} INFO - Filling up the DagBag from /opt/airflow/dags/steam_analytics.py
[2026-09-16T08:03:31.809+0000] {processor.py:840} INFO - DAG(s) 'steam_analytics_daily' retrieved from /opt/airflow/dags/steam_analytics.py
[2026-09-16T08:03:31.836+0000] {logging_mixin.py:188} INFO - [2026-09-16T08:03:31.836+0000] {dag.py:3089} INFO - Sync 1 DAGs
[2026-09-16T08:03:31.858+0000] {logging_mixin.py:188} INFO - [2026-09-16T08:03:31.857+0000] {dag.py:3947} INFO - Setting next_dagrun for steam_analytics_daily to 2026-09-16 02:00:00+00:00, run_after=2026-09-17 02:00:00+00:00
[2026-09-16T08:03:31.875+0000] {processor.py:183} INFO - Processing /opt/airflow/dags/steam_analytics.py took 0.218 seconds
[2026-09-16T08:04:02.010+0000] {processor.py:161} INFO - Started process (PID=385) to work on /opt/airflow/dags/steam_analytics.py
[2026-09-16T08:04:02.010+0000] {processor.py:830} INFO - Processing file /opt/airflow/dags/steam_analytics.py for tasks to queue
[2026-09-16T08:04:02.012+0000] {logging_mixin.py:188} INFO - [2026-09-16T08:04:02.011+0000] {dagbag.py:545} INFO - Filling up the DagBag from /opt/airflow/dags/steam_analytics.py
[2026-09-16T08:04:02.160+0000] {processor.py:840} INFO - DAG(s) 'steam_analytics_daily' retrieved from /opt/airflow/dags/steam_analytics.py
[2026-09-16T08:04:02.186+0000] {logging_mixin.py:188} INFO - [2026-09-16T08:04:02.186+0000] {dag.py:3089} INFO - Sync 1 DAGs
[2026-09-16T08:04:02.206+0000] {logging_mixin.py:188} INFO - [2026-09-16T08:04:02.205+0000] {dag.py:3947} INFO - Setting next_dagrun for steam_analytics_daily to 2026-09-16 02:00:00+00:00, run_after=2026-09-17 02:00:00+00:00
[2026-09-16T08:04:02.224+0000] {processor.py:183} INFO - Processing /opt/airflow/dags/steam_analytics.py took 0.220 seconds
[2026-09-16T08:04:32.355+0000] {processor.py:161} INFO - Started process (PID=390) to work on /opt/airflow/dags/steam_analytics.py
[2026-09-16T08:04:32.355+0000] {processor.py:830} INFO - Processing file /opt/airflow/dags/steam_analytics.py for tasks to queue
[2026-09-16T08:04:32.356+0000] {logging_mixin.py:188} INFO - [2026-09-16T08:04:32.356+0000] {dagbag.py:545} INFO - Filling up the DagBag from /opt/airflow/dags/steam_analytics.py
[2026-09-16T08:04:32.488+0000] {processor.py:840} INFO - DAG(s) 'steam_analytics_daily' retrieved from /opt/airflow/dags/steam_analytics.py
[2026-09-16T08:04:32.513+0000] {logging_mixin.py:188} INFO - [2026-09-16T08:04:32.513+0000] {dag.py:3089} INFO - Sync 1 DAGs
[2026-09-16T08:04:32.533+0000] {logging_mixin.py:188} INFO - [2026-09-16T08:04:32.533+0000] {dag.py:3947} INFO - Setting next_dagrun for steam_analytics_daily to 2026-09-16 02:00:00+00:00, run_after=2026-09-17 02:00:00+00:00
[2026-09-16T08:04:32.548+0000] {processor.py:183} INFO - Processing /opt/airflow/dags/steam_analytics.py took 0.198 seconds
[2026-09-16T08:05:02.668+0000] {processor.py:161} INFO - Started process (PID=395) to work on /opt/airflow/dags/steam_analytics.py
[2026-09-16T08:05:02.669+0000] {processor.py:830} INFO - Processing file /opt/airflow/dags/steam_analytics.py for tasks to queue
[2026-09-16T08:05:02.672+0000] {logging_mixin.py:188} INFO - [2026-09-16T08:05:02.671+0000] {dagbag.py:545} INFO - Filling up the DagBag from /opt/airflow/dags/steam_analytics.py
[2026-09-16T08:05:02.804+0000] {processor.py:840} INFO - DAG(s) 'steam_analytics_daily' retrieved from /opt/airflow/dags/steam_analytics.py
[2026-09-16T08:05:02.829+0000] {logging_mixin.py:188} INFO - [2026-09-16T08:05:02.829+0000] {dag.py:3089} INFO - Sync 1 DAGs
[2026-09-16T08:05:02.854+0000] {logging_mixin.py:188} INFO - [2026-09-16T08:05:02.854+0000] {dag.py:3947} INFO - Setting next_dagrun for steam_analytics_daily to 2026-09-16 02:00:00+00:00, run_after=2026-09-17 02:00:00+00:00
[2026-09-16T08:05:02.870+0000] {processor.py:183} INFO - Processing /opt/airflow/dags/steam_analytics.py took 0.207 seconds
[2026-09-16T08:05:32.986+0000] {processor.py:161} INFO - Started process (PID=400) to work on /opt/airflow/dags/steam_analytics.py
[2026-09-16T08:05:32.987+0000] {processor.py:830} INFO - Processing file /opt/airflow/dags/steam_analytics.py for tasks to queue
[2026-09-16T08:05:32.990+0000] {logging_mixin.py:188} INFO - [2026-09-16T08:05:32.989+0000] {dagbag.py:545} INFO - Filling up the DagBag from /opt/airflow/dags/steam_analytics.py
[2026-09-16T08:05:33.128+0000] {processor.py:840} INFO - DAG(s) 'steam_analytics_daily' retrieved from /opt/airflow/dags/steam_analytics.py
[2026-09-16T08:05:33.161+0000] {logging_mixin.py:188} INFO - [2026-09-16T08:05:33.161+0000] {dag.py:3089} INFO - Sync 1 DAGs
[2026-09-16T08:05:33.195+0000] {logging_mixin.py:188} INFO - [2026-09-16T08:05:33.194+0000] {dag.py:3947} INFO - Setting next_dagrun for steam_analytics_daily to 2026-09-16 02:00:00+00:00, run_after=2026-09-17 02:00:00+00:00
[2026-09-16T08:05:33.218+0000] {processor.py:183} INFO - Processing /opt/airflow/dags/steam_analytics.py took 0.237 seconds
[2026-09-16T08:06:03.340+0000] {processor.py:161} INFO - Started process (PID=405) to work on /opt/airflow/dags/steam_analytics.py
[2026-09-16T08:06:03.341+0000] {processor.py:830} INFO - Processing file /opt/airflow/dags/steam_analytics.py for tasks to queue
[2026-09-16T08:06:03.343+0000] {logging_mixin.py:188} INFO - [2026-09-16T08:06:03.343+0000] {dagbag.py:545} INFO - Filling up the DagBag from /opt/airflow/dags/steam_analytics.py
[2026-09-16T08:06:03.491+0000] {processor.py:840} INFO - DAG(s) 'steam_analytics_daily' retrieved from /opt/airflow/dags/steam_analytics.py
[2026-09-16T08:06:03.524+0000] {logging_mixin.py:188} INFO - [2026-09-16T08:06:03.523+0000] {dag.py:3089} INFO - Sync 1 DAGs
[2026-09-16T08:06:03.546+0000] {logging_mixin.py:188} INFO - [2026-09-16T08:06:03.545+0000] {dag.py:3947} INFO - Setting next_dagrun for steam_analytics_daily to 2026-09-16 02:00:00+00:00, run_after=2026-09-17 02:00:00+00:00
[2026-09-16T08:06:03.563+0000] {processor.py:183} INFO - Processing /opt/airflow/dags/steam_analytics.py took 0.228 seconds
[2026-09-16T08:06:33.677+0000] {processor.py:161} INFO - Started process (PID=410) to work on /opt/airflow/dags/steam_analytics.py
[2026-09-16T08:06:33.677+0000] {processor.py:830} INFO - Processing file /opt/airflow/dags/steam_analytics.py for tasks to queue
[2026-09-16T08:06:33.679+0000] {logging_mixin.py:188} INFO - [2026-09-16T08:06:33.679+0000] {dagbag.py:545} INFO - Filling up the DagBag from /opt/airflow/dags/steam_analytics.py
[2026-09-16T08:06:33.807+0000] {processor.py:840} INFO - DAG(s) 'steam_analytics_daily' retrieved from /opt/airflow/dags/steam_analytics.py
[2026-09-16T08:06:33.832+0000] {logging_mixin.py:188} INFO - [2026-09-16T08:06:33.832+0000] {dag.py:3089} INFO - Sync 1 DAGs
[2026-09-16T08:06:33.856+0000] {logging_mixin.py:188} INFO - [2026-09-16T08:06:33.856+0000] {dag.py:3947} INFO - Setting next_dagrun for steam_analytics_daily to 2026-09-16 02:00:00+00:00, run_after=2026-09-17 02:00:00+00:00
[2026-09-16T08:06:33.873+0000] {processor.py:183} INFO - Processing /opt/airflow/dags/steam_analytics.py took 0.201 seconds
[2026-09-16T08:07:04.007+0000] {processor.py:161} INFO - Started process (PID=415) to work on /opt/airflow/dags/steam_analytics.py
[2026-09-16T08:07:04.008+0000] {processor.py:830} INFO - Processing file /opt/airflow/dags/steam_analytics.py for tasks to queue
[2026-09-16T08:07:04.010+0000] {logging_mixin.py:188} INFO - [2026-09-16T08:07:04.009+0000] {dagbag.py:545} INFO - Filling up the DagBag from /opt/airflow/dags/steam_analytics.py
[2026-09-16T08:07:04.142+0000] {processor.py:840} INFO - DAG(s) 'steam_analytics_daily' retrieved from /opt/airflow/dags/steam_analytics.py
[2026-09-16T08:07:04.172+0000] {logging_mixin.py:188} INFO - [2026-09-16T08:07:04.172+0000] {dag.py:3089} INFO - Sync 1 DAGs
[2026-09-16T08:07:04.191+0000] {logging_mixin.py:188} INFO - [2026-09-16T08:07:04.191+0000] {dag.py:3947} INFO - Setting next_dagrun for steam_analytics_daily to 2026-09-16 02:00:00+00:00, run_after=2026-09-17 02:00:00+00:00
[2026-09-16T08:07:04.206+0000] {processor.py:183} INFO - Processing /opt/airflow/dags/steam_analytics.py took 0.204 seconds
[2026-09-16T08:07:34.326+0000] {processor.py:161} INFO - Started process (PID=420) to work on /opt/airflow/dags/steam_analytics.py
[2026-09-16T08:07:34.327+0000] {processor.py:830} INFO - Processing file /opt/airflow/dags/steam_analytics.py for tasks to queue
[2026-09-16T08:07:34.328+0000] {logging_mixin.py:188} INFO - [2026-09-16T08:07:34.328+0000] {dagbag.py:545} INFO - Filling up the DagBag from /opt/airflow/dags/steam_analytics.py
[2026-09-16T08:07:34.456+0000] {processor.py:840} INFO - DAG(s) 'steam_analytics_daily' retrieved from /opt/airflow/dags/steam_analytics.py
[2026-09-16T08:07:34.483+0000] {logging_mixin.py:188} INFO - [2026-09-16T08:07:34.482+0000] {dag.py:3089} INFO - Sync 1 DAGs
[2026-09-16T08:07:34.503+0000] {logging_mixin.py:188} INFO - [2026-09-16T08:07:34.503+0000] {dag.py:3947} INFO - Setting next_dagrun for steam_analytics_daily to 2026-09-16 02:00:00+00:00, run_after=2026-09-17 02:00:00+00:00
[2026-09-16T08:07:34.517+0000] {processor.py:183} INFO - Processing /opt/airflow/dags/steam_analytics.py took 0.196 seconds
[2026-09-16T08:08:04.634+0000] {processor.py:161} INFO - Started process (PID=425) to work on /opt/airflow/dags/steam_analytics.py
[2026-09-16T08:08:04.635+0000] {processor.py:830} INFO - Processing file /opt/airflow/dags/steam_analytics.py for tasks to queue
[2026-09-16T08:08:04.636+0000] {logging_mixin.py:188} INFO - [2026-09-16T08:08:04.636+0000] {dagbag.py:545} INFO - Filling up the DagBag from /opt/airflow/dags/steam_analytics.py
[2026-09-16T08:08:04.776+0000] {processor.py:840} INFO - DAG(s) 'steam_analytics_daily' retrieved from /opt/airflow/dags/steam_analytics.py
[2026-09-16T08:08:04.802+0000] {logging_mixin.py:188} INFO - [2026-09-16T08:08:04.801+0000] {dag.py:3089} INFO - Sync 1 DAGs
[2026-09-16T08:08:04.822+0000] {logging_mixin.py:188} INFO - [2026-09-16T08:08:04.822+0000] {dag.py:3947} INFO - Setting next_dagrun for steam_analytics_daily to 2026-09-16 02:00:00+00:00, run_after=2026-09-17 02:00:00+00:00
[2026-09-16T08:08:04.839+0000] {processor.py:183} INFO - Processing /opt/airflow/dags/steam_analytics.py took 0.209 seconds
[2026-09-16T08:08:34.965+0000] {processor.py:161} INFO - Started process (PID=430) to work on /opt/airflow/dags/steam_analytics.py
[2026-09-16T08:08:34.965+0000] {processor.py:830} INFO - Processing file /opt/airflow/dags/steam_analytics.py for tasks to queue
[2026-09-16T08:08:34.967+0000] {logging_mixin.py:188} INFO - [2026-09-16T08:08:34.967+0000] {dagbag.py:545} INFO - Filling up the DagBag from /opt/airflow/dags/steam_analytics.py
[2026-09-16T08:08:35.097+0000] {processor.py:840} INFO - DAG(s) 'steam_analytics_daily' retrieved from /opt/airflow/dags/steam_analytics.py
[2026-09-16T08:08:35.123+0000] {logging_mixin.py:188} INFO - [2026-09-16T08:08:35.123+0000] {dag.py:3089} INFO - Sync 1 DAGs
[2026-09-16T08:08:35.143+0000] {logging_mixin.py:188} INFO - [2026-09-16T08:08:35.143+0000] {dag.py:3947} INFO - Setting next_dagrun for steam_analytics_daily to 2026-09-16 02:00:00+00:00, run_after=2026-09-17 02:00:00+00:00
[2026-09-16T08:08:35.159+0000] {processor.py:183} INFO - Processing /opt/airflow/dags/steam_analytics.py took 0.198 seconds
[2026-09-16T08:09:05.214+0000] {processor.py:161} INFO - Started process (PID=435) to work on /opt/airflow/dags/steam_analytics.py
[2026-09-16T08:09:05.215+0000] {processor.py:830} INFO - Processing file /opt/airflow/dags/steam_analytics.py for tasks to queue
[2026-09-16T08:09:05.216+0000] {logging_mixin.py:188} INFO - [2026-09-16T08:09:05.216+0000] {dagbag.py:545} INFO - Filling up the DagBag from /opt/airflow/dags/steam_analytics.py
[2026-09-16T08:09:05.375+0000] {processor.py:840} INFO - DAG(s) 'steam_analytics_daily' retrieved from /opt/airflow/dags/steam_analytics.py
[2026-09-16T08:09:05.402+0000] {logging_mixin.py:188} INFO - [2026-09-16T08:09:05.402+0000] {dag.py:3089} INFO - Sync 1 DAGs
[2026-09-16T08:09:05.422+0000] {logging_mixin.py:188} INFO - [2026-09-16T08:09:05.422+0000] {dag.py:3947} INFO - Setting next_dagrun for steam_analytics_daily to 2026-09-16 02:00:00+00:00, run_after=2026-09-17 02:00:00+00:00
[2026-09-16T08:09:05.444+0000] {processor.py:183} INFO - Processing /opt/airflow/dags/steam_analytics.py took 0.235 seconds
[2026-09-16T08:09:35.576+0000] {processor.py:161} INFO - Started process (PID=440) to work on /opt/airflow/dags/steam_analytics.py
[2026-09-16T08:09:35.577+0000] {processor.py:830} INFO - Processing file /opt/airflow/dags/steam_analytics.py for tasks to queue
[2026-09-16T08:09:35.579+0000] {logging_mixin.py:188} INFO - [2026-09-16T08:09:35.578+0000] {dagbag.py:545} INFO - Filling up the DagBag from /opt/airflow/dags/steam_analytics.py
[2026-09-16T08:09:35.731+0000] {processor.py:840} INFO - DAG(s) 'steam_analytics_daily' retrieved from /opt/airflow/dags/steam_analytics.py
[2026-09-16T08:09:35.762+0000] {logging_mixin.py:188} INFO - [2026-09-16T08:09:35.762+0000] {dag.py:3089} INFO - Sync 1 DAGs
[2026-09-16T08:09:35.785+0000] {logging_mixin.py:188} INFO - [2026-09-16T08:09:35.784+0000] {dag.py:3947} INFO - Setting next_dagrun for steam_analytics_daily to 2026-09-16 02:00:00+00:00, run_after=2026-09-17 02:00:00+00:00
[2026-09-16T08:09:35.803+0000] {processor.py:183} INFO - Processing /opt/airflow/dags/steam_analytics.py took 0.232 seconds
[2026-09-16T08:10:05.935+0000] {processor.py:161} INFO - Started process (PID=445) to work on /opt/airflow/dags/steam_analytics.py
[2026-09-16T08:10:05.935+0000] {processor.py:830} INFO - Processing file /opt/airflow/dags/steam_analytics.py for tasks to queue
[2026-09-16T08:10:05.937+0000] {logging_mixin.py:188} INFO - [2026-09-16T08:10:05.937+0000] {dagbag.py:545} INFO - Filling up the DagBag from /opt/airflow/dags/steam_analytics.py
[2026-09-16T08:10:06.066+0000] {processor.py:840} INFO - DAG(s) 'steam_analytics_daily' retrieved from /opt/airflow/dags/steam_analytics.py
[2026-09-16T08:10:06.090+0000] {logging_mixin.py:188} INFO - [2026-09-16T08:10:06.090+0000] {dag.py:3089} INFO - Sync 1 DAGs
[2026-09-16T08:10:06.110+0000] {logging_mixin.py:188} INFO - [2026-09-16T08:10:06.110+0000] {dag.py:3947} INFO - Setting next_dagrun for steam_analytics_daily to 2026-09-16 02:00:00+00:00, run_after=2026-09-17 02:00:00+00:00
[2026-09-16T08:10:06.128+0000] {processor.py:183} INFO - Processing /opt/airflow/dags/steam_analytics.py took 0.197 seconds
[2026-09-16T08:10:36.245+0000] {processor.py:161} INFO - Started process (PID=450) to work on /opt/airflow/dags/steam_analytics.py
[2026-09-16T08:10:36.246+0000] {processor.py:830} INFO - Processing file /opt/airflow/dags/steam_analytics.py for tasks to queue
[2026-09-16T08:10:36.247+0000] {logging_mixin.py:188} INFO - [2026-09-16T08:10:36.247+0000] {dagbag.py:545} INFO - Filling up the DagBag from /opt/airflow/dags/steam_analytics.py
[2026-09-16T08:10:36.379+0000] {processor.py:840} INFO - DAG(s) 'steam_analytics_daily' retrieved from /opt/airflow/dags/steam_analytics.py
[2026-09-16T08:10:36.405+0000] {logging_mixin.py:188} INFO - [2026-09-16T08:10:36.405+0000] {dag.py:3089} INFO - Sync 1 DAGs
[2026-09-16T08:10:36.424+0000] {logging_mixin.py:188} INFO - [2026-09-16T08:10:36.424+0000] {dag.py:3947} INFO - Setting next_dagrun for steam_analytics_daily to 2026-09-16 02:00:00+00:00, run_after=2026-09-17 02:00:00+00:00
[2026-09-16T08:10:36.440+0000] {processor.py:183} INFO - Processing /opt/airflow/dags/steam_analytics.py took 0.199 seconds
[2026-09-16T08:11:06.568+0000] {processor.py:161} INFO - Started process (PID=455) to work on /opt/airflow/dags/steam_analytics.py
[2026-09-16T08:11:06.568+0000] {processor.py:830} INFO - Processing file /opt/airflow/dags/steam_analytics.py for tasks to queue
[2026-09-16T08:11:06.570+0000] {logging_mixin.py:188} INFO - [2026-09-16T08:11:06.570+0000] {dagbag.py:545} INFO - Filling up the DagBag from /opt/airflow/dags/steam_analytics.py
[2026-09-16T08:11:06.727+0000] {processor.py:840} INFO - DAG(s) 'steam_analytics_daily' retrieved from /opt/airflow/dags/steam_analytics.py
[2026-09-16T08:11:06.771+0000] {logging_mixin.py:188} INFO - [2026-09-16T08:11:06.770+0000] {dag.py:3089} INFO - Sync 1 DAGs
[2026-09-16T08:11:06.807+0000] {logging_mixin.py:188} INFO - [2026-09-16T08:11:06.806+0000] {dag.py:3947} INFO - Setting next_dagrun for steam_analytics_daily to 2026-09-16 02:00:00+00:00, run_after=2026-09-17 02:00:00+00:00
[2026-09-16T08:11:06.829+0000] {processor.py:183} INFO - Processing /opt/airflow/dags/steam_analytics.py took 0.266 seconds
[2026-09-16T08:11:36.961+0000] {processor.py:161} INFO - Started process (PID=460) to work on /opt/airflow/dags/steam_analytics.py
[2026-09-16T08:11:36.962+0000] {processor.py:830} INFO - Processing file /opt/airflow/dags/steam_analytics.py for tasks to queue
[2026-09-16T08:11:36.964+0000] {logging_mixin.py:188} INFO - [2026-09-16T08:11:36.963+0000] {dagbag.py:545} INFO - Filling up the DagBag from /opt/airflow/dags/steam_analytics.py
[2026-09-16T08:11:37.099+0000] {processor.py:840} INFO - DAG(s) 'steam_analytics_daily' retrieved from /opt/airflow/dags/steam_analytics.py
[2026-09-16T08:11:37.124+0000] {logging_mixin.py:188} INFO - [2026-09-16T08:11:37.123+0000] {dag.py:3089} INFO - Sync 1 DAGs
[2026-09-16T08:11:37.142+0000] {logging_mixin.py:188} INFO - [2026-09-16T08:11:37.142+0000] {dag.py:3947} INFO - Setting next_dagrun for steam_analytics_daily to 2026-09-16 02:00:00+00:00, run_after=2026-09-17 02:00:00+00:00
[2026-09-16T08:11:37.157+0000] {processor.py:183} INFO - Processing /opt/airflow/dags/steam_analytics.py took 0.200 seconds
[2026-09-16T08:12:07.277+0000] {processor.py:161} INFO - Started process (PID=465) to work on /opt/airflow/dags/steam_analytics.py
[2026-09-16T08:12:07.277+0000] {processor.py:830} INFO - Processing file /opt/airflow/dags/steam_analytics.py for tasks to queue
[2026-09-16T08:12:07.279+0000] {logging_mixin.py:188} INFO - [2026-09-16T08:12:07.278+0000] {dagbag.py:545} INFO - Filling up the DagBag from /opt/airflow/dags/steam_analytics.py
[2026-09-16T08:12:07.414+0000] {processor.py:840} INFO - DAG(s) 'steam_analytics_daily' retrieved from /opt/airflow/dags/steam_analytics.py
[2026-09-16T08:12:07.441+0000] {logging_mixin.py:188} INFO - [2026-09-16T08:12:07.441+0000] {dag.py:3089} INFO - Sync 1 DAGs
[2026-09-16T08:12:07.461+0000] {logging_mixin.py:188} INFO - [2026-09-16T08:12:07.461+0000] {dag.py:3947} INFO - Setting next_dagrun for steam_analytics_daily to 2026-09-16 02:00:00+00:00, run_after=2026-09-17 02:00:00+00:00
[2026-09-16T08:12:07.479+0000] {processor.py:183} INFO - Processing /opt/airflow/dags/steam_analytics.py took 0.209 seconds
[2026-09-16T08:12:37.604+0000] {processor.py:161} INFO - Started process (PID=470) to work on /opt/airflow/dags/steam_analytics.py
[2026-09-16T08:12:37.605+0000] {processor.py:830} INFO - Processing file /opt/airflow/dags/steam_analytics.py for tasks to queue
[2026-09-16T08:12:37.607+0000] {logging_mixin.py:188} INFO - [2026-09-16T08:12:37.607+0000] {dagbag.py:545} INFO - Filling up the DagBag from /opt/airflow/dags/steam_analytics.py
[2026-09-16T08:12:37.756+0000] {processor.py:840} INFO - DAG(s) 'steam_analytics_daily' retrieved from /opt/airflow/dags/steam_analytics.py
[2026-09-16T08:12:37.783+0000] {logging_mixin.py:188} INFO - [2026-09-16T08:12:37.782+0000] {dag.py:3089} INFO - Sync 1 DAGs
[2026-09-16T08:12:37.803+0000] {logging_mixin.py:188} INFO - [2026-09-16T08:12:37.802+0000] {dag.py:3947} INFO - Setting next_dagrun for steam_analytics_daily to 2026-09-16 02:00:00+00:00, run_after=2026-09-17 02:00:00+00:00
[2026-09-16T08:12:37.822+0000] {processor.py:183} INFO - Processing /opt/airflow/dags/steam_analytics.py took 0.222 seconds
[2026-09-16T08:13:07.945+0000] {processor.py:161} INFO - Started process (PID=475) to work on /opt/airflow/dags/steam_analytics.py
[2026-09-16T08:13:07.945+0000] {processor.py:830} INFO - Processing file /opt/airflow/dags/steam_analytics.py for tasks to queue
[2026-09-16T08:13:07.947+0000] {logging_mixin.py:188} INFO - [2026-09-16T08:13:07.946+0000] {dagbag.py:545} INFO - Filling up the DagBag from /opt/airflow/dags/steam_analytics.py
[2026-09-16T08:13:08.087+0000] {processor.py:840} INFO - DAG(s) 'steam_analytics_daily' retrieved from /opt/airflow/dags/steam_analytics.py
[2026-09-16T08:13:08.113+0000] {logging_mixin.py:188} INFO - [2026-09-16T08:13:08.112+0000] {dag.py:3089} INFO - Sync 1 DAGs
[2026-09-16T08:13:08.136+0000] {logging_mixin.py:188} INFO - [2026-09-16T08:13:08.135+0000] {dag.py:3947} INFO - Setting next_dagrun for steam_analytics_daily to 2026-09-16 02:00:00+00:00, run_after=2026-09-17 02:00:00+00:00
[2026-09-16T08:13:08.152+0000] {processor.py:183} INFO - Processing /opt/airflow/dags/steam_analytics.py took 0.212 seconds
[2026-09-16T08:13:38.276+0000] {processor.py:161} INFO - Started process (PID=480) to work on /opt/airflow/dags/steam_analytics.py
[2026-09-16T08:13:38.277+0000] {processor.py:830} INFO - Processing file /opt/airflow/dags/steam_analytics.py for tasks to queue
[2026-09-16T08:13:38.278+0000] {logging_mixin.py:188} INFO - [2026-09-16T08:13:38.278+0000] {dagbag.py:545} INFO - Filling up the DagBag from /opt/airflow/dags/steam_analytics.py
[2026-09-16T08:13:38.414+0000] {processor.py:840} INFO - DAG(s) 'steam_analytics_daily' retrieved from /opt/airflow/dags/steam_analytics.py
[2026-09-16T08:13:38.440+0000] {logging_mixin.py:188} INFO - [2026-09-16T08:13:38.440+0000] {dag.py:3089} INFO - Sync 1 DAGs
[2026-09-16T08:13:38.459+0000] {logging_mixin.py:188} INFO - [2026-09-16T08:13:38.459+0000] {dag.py:3947} INFO - Setting next_dagrun for steam_analytics_daily to 2026-09-16 02:00:00+00:00, run_after=2026-09-17 02:00:00+00:00
[2026-09-16T08:13:38.474+0000] {processor.py:183} INFO - Processing /opt/airflow/dags/steam_analytics.py took 0.203 seconds
[2026-09-16T08:14:08.599+0000] {processor.py:161} INFO - Started process (PID=485) to work on /opt/airflow/dags/steam_analytics.py
[2026-09-16T08:14:08.599+0000] {processor.py:830} INFO - Processing file /opt/airflow/dags/steam_analytics.py for tasks to queue
[2026-09-16T08:14:08.601+0000] {logging_mixin.py:188} INFO - [2026-09-16T08:14:08.600+0000] {dagbag.py:545} INFO - Filling up the DagBag from /opt/airflow/dags/steam_analytics.py
[2026-09-16T08:14:08.742+0000] {processor.py:840} INFO - DAG(s) 'steam_analytics_daily' retrieved from /opt/airflow/dags/steam_analytics.py
[2026-09-16T08:14:08.767+0000] {logging_mixin.py:188} INFO - [2026-09-16T08:14:08.767+0000] {dag.py:3089} INFO - Sync 1 DAGs
[2026-09-16T08:14:08.787+0000] {logging_mixin.py:188} INFO - [2026-09-16T08:14:08.787+0000] {dag.py:3947} INFO - Setting next_dagrun for steam_analytics_daily to 2026-09-16 02:00:00+00:00, run_after=2026-09-17 02:00:00+00:00
[2026-09-16T08:14:08.804+0000] {processor.py:183} INFO - Processing /opt/airflow/dags/steam_analytics.py took 0.210 seconds
[2026-09-16T08:14:38.928+0000] {processor.py:161} INFO - Started process (PID=490) to work on /opt/airflow/dags/steam_analytics.py
[2026-09-16T08:14:38.929+0000] {processor.py:830} INFO - Processing file /opt/airflow/dags/steam_analytics.py for tasks to queue
[2026-09-16T08:14:38.930+0000] {logging_mixin.py:188} INFO - [2026-09-16T08:14:38.930+0000] {dagbag.py:545} INFO - Filling up the DagBag from /opt/airflow/dags/steam_analytics.py
[2026-09-16T08:14:39.064+0000] {processor.py:840} INFO - DAG(s) 'steam_analytics_daily' retrieved from /opt/airflow/dags/steam_analytics.py
[2026-09-16T08:14:39.090+0000] {logging_mixin.py:188} INFO - [2026-09-16T08:14:39.090+0000] {dag.py:3089} INFO - Sync 1 DAGs
[2026-09-16T08:14:39.110+0000] {logging_mixin.py:188} INFO - [2026-09-16T08:14:39.110+0000] {dag.py:3947} INFO - Setting next_dagrun for steam_analytics_daily to 2026-09-16 02:00:00+00:00, run_after=2026-09-17 02:00:00+00:00
[2026-09-16T08:14:39.126+0000] {processor.py:183} INFO - Processing /opt/airflow/dags/steam_analytics.py took 0.202 seconds
[2026-09-16T08:15:09.246+0000] {processor.py:161} INFO - Started process (PID=495) to work on /opt/airflow/dags/steam_analytics.py
[2026-09-16T08:15:09.246+0000] {processor.py:830} INFO - Processing file /opt/airflow/dags/steam_analytics.py for tasks to queue
[2026-09-16T08:15:09.248+0000] {logging_mixin.py:188} INFO - [2026-09-16T08:15:09.247+0000] {dagbag.py:545} INFO - Filling up the DagBag from /opt/airflow/dags/steam_analytics.py
[2026-09-16T08:15:09.378+0000] {processor.py:840} INFO - DAG(s) 'steam_analytics_daily' retrieved from /opt/airflow/dags/steam_analytics.py
[2026-09-16T08:15:09.405+0000] {logging_mixin.py:188} INFO - [2026-09-16T08:15:09.405+0000] {dag.py:3089} INFO - Sync 1 DAGs
[2026-09-16T08:15:09.427+0000] {logging_mixin.py:188} INFO - [2026-09-16T08:15:09.426+0000] {dag.py:3947} INFO - Setting next_dagrun for steam_analytics_daily to 2026-09-16 02:00:00+00:00, run_after=2026-09-17 02:00:00+00:00
[2026-09-16T08:15:09.445+0000] {processor.py:183} INFO - Processing /opt/airflow/dags/steam_analytics.py took 0.204 seconds
[2026-09-16T08:15:39.563+0000] {processor.py:161} INFO - Started process (PID=500) to work on /opt/airflow/dags/steam_analytics.py
[2026-09-16T08:15:39.564+0000] {processor.py:830} INFO - Processing file /opt/airflow/dags/steam_analytics.py for tasks to queue
[2026-09-16T08:15:39.565+0000] {logging_mixin.py:188} INFO - [2026-09-16T08:15:39.565+0000] {dagbag.py:545} INFO - Filling up the DagBag from /opt/airflow/dags/steam_analytics.py
[2026-09-16T08:15:39.695+0000] {processor.py:840} INFO - DAG(s) 'steam_analytics_daily' retrieved from /opt/airflow/dags/steam_analytics.py
[2026-09-16T08:15:39.719+0000] {logging_mixin.py:188} INFO - [2026-09-16T08:15:39.719+0000] {dag.py:3089} INFO - Sync 1 DAGs
[2026-09-16T08:15:39.737+0000] {logging_mixin.py:188} INFO - [2026-09-16T08:15:39.737+0000] {dag.py:3947} INFO - Setting next_dagrun for steam_analytics_daily to 2026-09-16 02:00:00+00:00, run_after=2026-09-17 02:00:00+00:00
[2026-09-16T08:15:39.752+0000] {processor.py:183} INFO - Processing /opt/airflow/dags/steam_analytics.py took 0.193 seconds
[2026-09-16T08:16:09.880+0000] {processor.py:161} INFO - Started process (PID=505) to work on /opt/airflow/dags/steam_analytics.py
[2026-09-16T08:16:09.881+0000] {processor.py:830} INFO - Processing file /opt/airflow/dags/steam_analytics.py for tasks to queue
[2026-09-16T08:16:09.882+0000] {logging_mixin.py:188} INFO - [2026-09-16T08:16:09.882+0000] {dagbag.py:545} INFO - Filling up the DagBag from /opt/airflow/dags/steam_analytics.py
[2026-09-16T08:16:10.033+0000] {processor.py:840} INFO - DAG(s) 'steam_analytics_daily' retrieved from /opt/airflow/dags/steam_analytics.py
[2026-09-16T08:16:10.061+0000] {logging_mixin.py:188} INFO - [2026-09-16T08:16:10.060+0000] {dag.py:3089} INFO - Sync 1 DAGs
[2026-09-16T08:16:10.081+0000] {logging_mixin.py:188} INFO - [2026-09-16T08:16:10.081+0000] {dag.py:3947} INFO - Setting next_dagrun for steam_analytics_daily to 2026-09-16 02:00:00+00:00, run_after=2026-09-17 02:00:00+00:00
[2026-09-16T08:16:10.098+0000] {processor.py:183} INFO - Processing /opt/airflow/dags/steam_analytics.py took 0.225 seconds
[2026-09-16T08:16:40.227+0000] {processor.py:161} INFO - Started process (PID=510) to work on /opt/airflow/dags/steam_analytics.py
[2026-09-16T08:16:40.228+0000] {processor.py:830} INFO - Processing file /opt/airflow/dags/steam_analytics.py for tasks to queue
[2026-09-16T08:16:40.229+0000] {logging_mixin.py:188} INFO - [2026-09-16T08:16:40.229+0000] {dagbag.py:545} INFO - Filling up the DagBag from /opt/airflow/dags/steam_analytics.py
[2026-09-16T08:16:40.390+0000] {processor.py:840} INFO - DAG(s) 'steam_analytics_daily' retrieved from /opt/airflow/dags/steam_analytics.py
[2026-09-16T08:16:40.420+0000] {logging_mixin.py:188} INFO - [2026-09-16T08:16:40.419+0000] {dag.py:3089} INFO - Sync 1 DAGs
[2026-09-16T08:16:40.441+0000] {logging_mixin.py:188} INFO - [2026-09-16T08:16:40.441+0000] {dag.py:3947} INFO - Setting next_dagrun for steam_analytics_daily to 2026-09-16 02:00:00+00:00, run_after=2026-09-17 02:00:00+00:00
[2026-09-16T08:16:40.460+0000] {processor.py:183} INFO - Processing /opt/airflow/dags/steam_analytics.py took 0.238 seconds
[2026-09-16T08:17:10.585+0000] {processor.py:161} INFO - Started process (PID=515) to work on /opt/airflow/dags/steam_analytics.py
[2026-09-16T08:17:10.585+0000] {processor.py:830} INFO - Processing file /opt/airflow/dags/steam_analytics.py for tasks to queue
[2026-09-16T08:17:10.587+0000] {logging_mixin.py:188} INFO - [2026-09-16T08:17:10.587+0000] {dagbag.py:545} INFO - Filling up the DagBag from /opt/airflow/dags/steam_analytics.py
[2026-09-16T08:17:10.732+0000] {processor.py:840} INFO - DAG(s) 'steam_analytics_daily' retrieved from /opt/airflow/dags/steam_analytics.py
[2026-09-16T08:17:10.761+0000] {logging_mixin.py:188} INFO - [2026-09-16T08:17:10.760+0000] {dag.py:3089} INFO - Sync 1 DAGs
[2026-09-16T08:17:10.783+0000] {logging_mixin.py:188} INFO - [2026-09-16T08:17:10.783+0000] {dag.py:3947} INFO - Setting next_dagrun for steam_analytics_daily to 2026-09-16 02:00:00+00:00, run_after=2026-09-17 02:00:00+00:00
[2026-09-16T08:17:10.800+0000] {processor.py:183} INFO - Processing /opt/airflow/dags/steam_analytics.py took 0.222 seconds
[2026-09-16T08:17:40.919+0000] {processor.py:161} INFO - Started process (PID=520) to work on /opt/airflow/dags/steam_analytics.py
[2026-09-16T08:17:40.919+0000] {processor.py:830} INFO - Processing file /opt/airflow/dags/steam_analytics.py for tasks to queue
[2026-09-16T08:17:40.921+0000] {logging_mixin.py:188} INFO - [2026-09-16T08:17:40.921+0000] {dagbag.py:545} INFO - Filling up the DagBag from /opt/airflow/dags/steam_analytics.py
[2026-09-16T08:17:41.061+0000] {processor.py:840} INFO - DAG(s) 'steam_analytics_daily' retrieved from /opt/airflow/dags/steam_analytics.py
[2026-09-16T08:17:41.088+0000] {logging_mixin.py:188} INFO - [2026-09-16T08:17:41.088+0000] {dag.py:3089} INFO - Sync 1 DAGs
[2026-09-16T08:17:41.109+0000] {logging_mixin.py:188} INFO - [2026-09-16T08:17:41.109+0000] {dag.py:3947} INFO - Setting next_dagrun for steam_analytics_daily to 2026-09-16 02:00:00+00:00, run_after=2026-09-17 02:00:00+00:00
[2026-09-16T08:17:41.124+0000] {processor.py:183} INFO - Processing /opt/airflow/dags/steam_analytics.py took 0.211 seconds
[2026-09-16T08:18:11.248+0000] {processor.py:161} INFO - Started process (PID=525) to work on /opt/airflow/dags/steam_analytics.py
[2026-09-16T08:18:11.248+0000] {processor.py:830} INFO - Processing file /opt/airflow/dags/steam_analytics.py for tasks to queue
[2026-09-16T08:18:11.250+0000] {logging_mixin.py:188} INFO - [2026-09-16T08:18:11.249+0000] {dagbag.py:545} INFO - Filling up the DagBag from /opt/airflow/dags/steam_analytics.py
[2026-09-16T08:18:11.384+0000] {processor.py:840} INFO - DAG(s) 'steam_analytics_daily' retrieved from /opt/airflow/dags/steam_analytics.py
[2026-09-16T08:18:11.409+0000] {logging_mixin.py:188} INFO - [2026-09-16T08:18:11.409+0000] {dag.py:3089} INFO - Sync 1 DAGs
[2026-09-16T08:18:11.427+0000] {logging_mixin.py:188} INFO - [2026-09-16T08:18:11.427+0000] {dag.py:3947} INFO - Setting next_dagrun for steam_analytics_daily to 2026-09-16 02:00:00+00:00, run_after=2026-09-17 02:00:00+00:00
[2026-09-16T08:18:11.441+0000] {processor.py:183} INFO - Processing /opt/airflow/dags/steam_analytics.py took 0.198 seconds
[2026-09-16T08:18:41.557+0000] {processor.py:161} INFO - Started process (PID=530) to work on /opt/airflow/dags/steam_analytics.py
[2026-09-16T08:18:41.558+0000] {processor.py:830} INFO - Processing file /opt/airflow/dags/steam_analytics.py for tasks to queue
[2026-09-16T08:18:41.559+0000] {logging_mixin.py:188} INFO - [2026-09-16T08:18:41.559+0000] {dagbag.py:545} INFO - Filling up the DagBag from /opt/airflow/dags/steam_analytics.py
[2026-09-16T08:18:41.702+0000] {processor.py:840} INFO - DAG(s) 'steam_analytics_daily' retrieved from /opt/airflow/dags/steam_analytics.py
[2026-09-16T08:18:41.726+0000] {logging_mixin.py:188} INFO - [2026-09-16T08:18:41.726+0000] {dag.py:3089} INFO - Sync 1 DAGs
[2026-09-16T08:18:41.744+0000] {logging_mixin.py:188} INFO - [2026-09-16T08:18:41.744+0000] {dag.py:3947} INFO - Setting next_dagrun for steam_analytics_daily to 2026-09-16 02:00:00+00:00, run_after=2026-09-17 02:00:00+00:00
[2026-09-16T08:18:41.758+0000] {processor.py:183} INFO - Processing /opt/airflow/dags/steam_analytics.py took 0.205 seconds
[2026-09-16T08:19:11.881+0000] {processor.py:161} INFO - Started process (PID=535) to work on /opt/airflow/dags/steam_analytics.py
[2026-09-16T08:19:11.882+0000] {processor.py:830} INFO - Processing file /opt/airflow/dags/steam_analytics.py for tasks to queue
[2026-09-16T08:19:11.883+0000] {logging_mixin.py:188} INFO - [2026-09-16T08:19:11.883+0000] {dagbag.py:545} INFO - Filling up the DagBag from /opt/airflow/dags/steam_analytics.py
[2026-09-16T08:19:12.023+0000] {processor.py:840} INFO - DAG(s) 'steam_analytics_daily' retrieved from /opt/airflow/dags/steam_analytics.py
[2026-09-16T08:19:12.049+0000] {logging_mixin.py:188} INFO - [2026-09-16T08:19:12.049+0000] {dag.py:3089} INFO - Sync 1 DAGs
[2026-09-16T08:19:12.068+0000] {logging_mixin.py:188} INFO - [2026-09-16T08:19:12.068+0000] {dag.py:3947} INFO - Setting next_dagrun for steam_analytics_daily to 2026-09-16 02:00:00+00:00, run_after=2026-09-17 02:00:00+00:00
[2026-09-16T08:19:12.084+0000] {processor.py:183} INFO - Processing /opt/airflow/dags/steam_analytics.py took 0.207 seconds
[2026-09-16T08:19:42.219+0000] {processor.py:161} INFO - Started process (PID=540) to work on /opt/airflow/dags/steam_analytics.py
[2026-09-16T08:19:42.221+0000] {processor.py:830} INFO - Processing file /opt/airflow/dags/steam_analytics.py for tasks to queue
[2026-09-16T08:19:42.222+0000] {logging_mixin.py:188} INFO - [2026-09-16T08:19:42.222+0000] {dagbag.py:545} INFO - Filling up the DagBag from /opt/airflow/dags/steam_analytics.py
[2026-09-16T08:19:42.379+0000] {processor.py:840} INFO - DAG(s) 'steam_analytics_daily' retrieved from /opt/airflow/dags/steam_analytics.py
[2026-09-16T08:19:42.417+0000] {logging_mixin.py:188} INFO - [2026-09-16T08:19:42.416+0000] {dag.py:3089} INFO - Sync 1 DAGs
[2026-09-16T08:19:42.444+0000] {logging_mixin.py:188} INFO - [2026-09-16T08:19:42.443+0000] {dag.py:3947} INFO - Setting next_dagrun for steam_analytics_daily to 2026-09-16 02:00:00+00:00, run_after=2026-09-17 02:00:00+00:00
[2026-09-16T08:19:42.465+0000] {processor.py:183} INFO - Processing /opt/airflow/dags/steam_analytics.py took 0.254 seconds
[2026-09-16T08:20:12.610+0000] {processor.py:161} INFO - Started process (PID=545) to work on /opt/airflow/dags/steam_analytics.py
[2026-09-16T08:20:12.611+0000] {processor.py:830} INFO - Processing file /opt/airflow/dags/steam_analytics.py for tasks to queue
[2026-09-16T08:20:12.613+0000] {logging_mixin.py:188} INFO - [2026-09-16T08:20:12.613+0000] {dagbag.py:545} INFO - Filling up the DagBag from /opt/airflow/dags/steam_analytics.py
[2026-09-16T08:20:12.790+0000] {processor.py:840} INFO - DAG(s) 'steam_analytics_daily' retrieved from /opt/airflow/dags/steam_analytics.py
[2026-09-16T08:20:12.830+0000] {logging_mixin.py:188} INFO - [2026-09-16T08:20:12.830+0000] {dag.py:3089} INFO - Sync 1 DAGs
[2026-09-16T08:20:12.857+0000] {logging_mixin.py:188} INFO - [2026-09-16T08:20:12.857+0000] {dag.py:3947} INFO - Setting next_dagrun for steam_analytics_daily to 2026-09-16 02:00:00+00:00, run_after=2026-09-17 02:00:00+00:00
[2026-09-16T08:20:12.877+0000] {processor.py:183} INFO - Processing /opt/airflow/dags/steam_analytics.py took 0.274 seconds
[2026-09-16T08:20:43.018+0000] {processor.py:161} INFO - Started process (PID=550) to work on /opt/airflow/dags/steam_analytics.py
[2026-09-16T08:20:43.019+0000] {processor.py:830} INFO - Processing file /opt/airflow/dags/steam_analytics.py for tasks to queue
[2026-09-16T08:20:43.020+0000] {logging_mixin.py:188} INFO - [2026-09-16T08:20:43.020+0000] {dagbag.py:545} INFO - Filling up the DagBag from /opt/airflow/dags/steam_analytics.py
[2026-09-16T08:20:43.178+0000] {processor.py:840} INFO - DAG(s) 'steam_analytics_daily' retrieved from /opt/airflow/dags/steam_analytics.py
[2026-09-16T08:20:43.210+0000] {logging_mixin.py:188} INFO - [2026-09-16T08:20:43.210+0000] {dag.py:3089} INFO - Sync 1 DAGs
[2026-09-16T08:20:43.234+0000] {logging_mixin.py:188} INFO - [2026-09-16T08:20:43.234+0000] {dag.py:3947} INFO - Setting next_dagrun for steam_analytics_daily to 2026-09-16 02:00:00+00:00, run_after=2026-09-17 02:00:00+00:00
[2026-09-16T08:20:43.253+0000] {processor.py:183} INFO - Processing /opt/airflow/dags/steam_analytics.py took 0.241 seconds
[2026-09-16T08:21:13.390+0000] {processor.py:161} INFO - Started process (PID=555) to work on /opt/airflow/dags/steam_analytics.py
[2026-09-16T08:21:13.391+0000] {processor.py:830} INFO - Processing file /opt/airflow/dags/steam_analytics.py for tasks to queue
[2026-09-16T08:21:13.392+0000] {logging_mixin.py:188} INFO - [2026-09-16T08:21:13.392+0000] {dagbag.py:545} INFO - Filling up the DagBag from /opt/airflow/dags/steam_analytics.py
[2026-09-16T08:21:13.522+0000] {processor.py:840} INFO - DAG(s) 'steam_analytics_daily' retrieved from /opt/airflow/dags/steam_analytics.py
[2026-09-16T08:21:13.546+0000] {logging_mixin.py:188} INFO - [2026-09-16T08:21:13.546+0000] {dag.py:3089} INFO - Sync 1 DAGs
[2026-09-16T08:21:13.571+0000] {logging_mixin.py:188} INFO - [2026-09-16T08:21:13.571+0000] {dag.py:3947} INFO - Setting next_dagrun for steam_analytics_daily to 2026-09-16 02:00:00+00:00, run_after=2026-09-17 02:00:00+00:00
[2026-09-16T08:21:13.593+0000] {processor.py:183} INFO - Processing /opt/airflow/dags/steam_analytics.py took 0.208 seconds
[2026-09-16T08:21:43.721+0000] {processor.py:161} INFO - Started process (PID=560) to work on /opt/airflow/dags/steam_analytics.py
[2026-09-16T08:21:43.721+0000] {processor.py:830} INFO - Processing file /opt/airflow/dags/steam_analytics.py for tasks to queue
[2026-09-16T08:21:43.723+0000] {logging_mixin.py:188} INFO - [2026-09-16T08:21:43.722+0000] {dagbag.py:545} INFO - Filling up the DagBag from /opt/airflow/dags/steam_analytics.py
[2026-09-16T08:21:43.853+0000] {processor.py:840} INFO - DAG(s) 'steam_analytics_daily' retrieved from /opt/airflow/dags/steam_analytics.py
[2026-09-16T08:21:43.884+0000] {logging_mixin.py:188} INFO - [2026-09-16T08:21:43.884+0000] {dag.py:3089} INFO - Sync 1 DAGs
[2026-09-16T08:21:43.908+0000] {logging_mixin.py:188} INFO - [2026-09-16T08:21:43.908+0000] {dag.py:3947} INFO - Setting next_dagrun for steam_analytics_daily to 2026-09-16 02:00:00+00:00, run_after=2026-09-17 02:00:00+00:00
[2026-09-16T08:21:43.944+0000] {processor.py:183} INFO - Processing /opt/airflow/dags/steam_analytics.py took 0.228 seconds
[2026-09-16T08:22:14.074+0000] {processor.py:161} INFO - Started process (PID=565) to work on /opt/airflow/dags/steam_analytics.py
[2026-09-16T08:22:14.074+0000] {processor.py:830} INFO - Processing file /opt/airflow/dags/steam_analytics.py for tasks to queue
[2026-09-16T08:22:14.076+0000] {logging_mixin.py:188} INFO - [2026-09-16T08:22:14.076+0000] {dagbag.py:545} INFO - Filling up the DagBag from /opt/airflow/dags/steam_analytics.py
[2026-09-16T08:22:14.208+0000] {processor.py:840} INFO - DAG(s) 'steam_analytics_daily' retrieved from /opt/airflow/dags/steam_analytics.py
[2026-09-16T08:22:14.236+0000] {logging_mixin.py:188} INFO - [2026-09-16T08:22:14.236+0000] {dag.py:3089} INFO - Sync 1 DAGs
[2026-09-16T08:22:14.256+0000] {logging_mixin.py:188} INFO - [2026-09-16T08:22:14.256+0000] {dag.py:3947} INFO - Setting next_dagrun for steam_analytics_daily to 2026-09-16 02:00:00+00:00, run_after=2026-09-17 02:00:00+00:00
[2026-09-16T08:22:14.274+0000] {processor.py:183} INFO - Processing /opt/airflow/dags/steam_analytics.py took 0.206 seconds
[2026-09-16T08:22:44.394+0000] {processor.py:161} INFO - Started process (PID=570) to work on /opt/airflow/dags/steam_analytics.py
[2026-09-16T08:22:44.395+0000] {processor.py:830} INFO - Processing file /opt/airflow/dags/steam_analytics.py for tasks to queue
[2026-09-16T08:22:44.396+0000] {logging_mixin.py:188} INFO - [2026-09-16T08:22:44.396+0000] {dagbag.py:545} INFO - Filling up the DagBag from /opt/airflow/dags/steam_analytics.py
[2026-09-16T08:22:44.543+0000] {processor.py:840} INFO - DAG(s) 'steam_analytics_daily' retrieved from /opt/airflow/dags/steam_analytics.py
[2026-09-16T08:22:44.571+0000] {logging_mixin.py:188} INFO - [2026-09-16T08:22:44.571+0000] {dag.py:3089} INFO - Sync 1 DAGs
[2026-09-16T08:22:44.592+0000] {logging_mixin.py:188} INFO - [2026-09-16T08:22:44.592+0000] {dag.py:3947} INFO - Setting next_dagrun for steam_analytics_daily to 2026-09-16 02:00:00+00:00, run_after=2026-09-17 02:00:00+00:00
[2026-09-16T08:22:44.608+0000] {processor.py:183} INFO - Processing /opt/airflow/dags/steam_analytics.py took 0.219 seconds
[2026-09-16T08:23:14.735+0000] {processor.py:161} INFO - Started process (PID=575) to work on /opt/airflow/dags/steam_analytics.py
[2026-09-16T08:23:14.736+0000] {processor.py:830} INFO - Processing file /opt/airflow/dags/steam_analytics.py for tasks to queue
[2026-09-16T08:23:14.737+0000] {logging_mixin.py:188} INFO - [2026-09-16T08:23:14.737+0000] {dagbag.py:545} INFO - Filling up the DagBag from /opt/airflow/dags/steam_analytics.py
[2026-09-16T08:23:14.864+0000] {processor.py:840} INFO - DAG(s) 'steam_analytics_daily' retrieved from /opt/airflow/dags/steam_analytics.py
[2026-09-16T08:23:14.889+0000] {logging_mixin.py:188} INFO - [2026-09-16T08:23:14.889+0000] {dag.py:3089} INFO - Sync 1 DAGs
[2026-09-16T08:23:14.907+0000] {logging_mixin.py:188} INFO - [2026-09-16T08:23:14.907+0000] {dag.py:3947} INFO - Setting next_dagrun for steam_analytics_daily to 2026-09-16 02:00:00+00:00, run_after=2026-09-17 02:00:00+00:00
[2026-09-16T08:23:14.923+0000] {processor.py:183} INFO - Processing /opt/airflow/dags/steam_analytics.py took 0.193 seconds
[2026-09-16T08:23:45.050+0000] {processor.py:161} INFO - Started process (PID=580) to work on /opt/airflow/dags/steam_analytics.py
[2026-09-16T08:23:45.051+0000] {processor.py:830} INFO - Processing file /opt/airflow/dags/steam_analytics.py for tasks to queue
[2026-09-16T08:23:45.052+0000] {logging_mixin.py:188} INFO - [2026-09-16T08:23:45.052+0000] {dagbag.py:545} INFO - Filling up the DagBag from /opt/airflow/dags/steam_analytics.py
[2026-09-16T08:23:45.183+0000] {processor.py:840} INFO - DAG(s) 'steam_analytics_daily' retrieved from /opt/airflow/dags/steam_analytics.py
[2026-09-16T08:23:45.208+0000] {logging_mixin.py:188} INFO - [2026-09-16T08:23:45.207+0000] {dag.py:3089} INFO - Sync 1 DAGs
[2026-09-16T08:23:45.231+0000] {logging_mixin.py:188} INFO - [2026-09-16T08:23:45.231+0000] {dag.py:3947} INFO - Setting next_dagrun for steam_analytics_daily to 2026-09-16 02:00:00+00:00, run_after=2026-09-17 02:00:00+00:00
[2026-09-16T08:23:45.252+0000] {processor.py:183} INFO - Processing /opt/airflow/dags/steam_analytics.py took 0.206 seconds
[2026-09-16T08:24:15.371+0000] {processor.py:161} INFO - Started process (PID=585) to work on /opt/airflow/dags/steam_analytics.py
[2026-09-16T08:24:15.372+0000] {processor.py:830} INFO - Processing file /opt/airflow/dags/steam_analytics.py for tasks to queue
[2026-09-16T08:24:15.373+0000] {logging_mixin.py:188} INFO - [2026-09-16T08:24:15.373+0000] {dagbag.py:545} INFO - Filling up the DagBag from /opt/airflow/dags/steam_analytics.py
[2026-09-16T08:24:15.507+0000] {processor.py:840} INFO - DAG(s) 'steam_analytics_daily' retrieved from /opt/airflow/dags/steam_analytics.py
[2026-09-16T08:24:15.535+0000] {logging_mixin.py:188} INFO - [2026-09-16T08:24:15.535+0000] {dag.py:3089} INFO - Sync 1 DAGs
[2026-09-16T08:24:15.557+0000] {logging_mixin.py:188} INFO - [2026-09-16T08:24:15.556+0000] {dag.py:3947} INFO - Setting next_dagrun for steam_analytics_daily to 2026-09-16 02:00:00+00:00, run_after=2026-09-17 02:00:00+00:00
[2026-09-16T08:24:15.576+0000] {processor.py:183} INFO - Processing /opt/airflow/dags/steam_analytics.py took 0.209 seconds
[2026-09-16T08:24:45.700+0000] {processor.py:161} INFO - Started process (PID=590) to work on /opt/airflow/dags/steam_analytics.py
[2026-09-16T08:24:45.701+0000] {processor.py:830} INFO - Processing file /opt/airflow/dags/steam_analytics.py for tasks to queue
[2026-09-16T08:24:45.702+0000] {logging_mixin.py:188} INFO - [2026-09-16T08:24:45.702+0000] {dagbag.py:545} INFO - Filling up the DagBag from /opt/airflow/dags/steam_analytics.py
[2026-09-16T08:24:45.831+0000] {processor.py:840} INFO - DAG(s) 'steam_analytics_daily' retrieved from /opt/airflow/dags/steam_analytics.py
[2026-09-16T08:24:45.857+0000] {logging_mixin.py:188} INFO - [2026-09-16T08:24:45.857+0000] {dag.py:3089} INFO - Sync 1 DAGs
[2026-09-16T08:24:45.878+0000] {logging_mixin.py:188} INFO - [2026-09-16T08:24:45.877+0000] {dag.py:3947} INFO - Setting next_dagrun for steam_analytics_daily to 2026-09-16 02:00:00+00:00, run_after=2026-09-17 02:00:00+00:00
[2026-09-16T08:24:45.895+0000] {processor.py:183} INFO - Processing /opt/airflow/dags/steam_analytics.py took 0.200 seconds
[2026-09-16T08:25:16.017+0000] {processor.py:161} INFO - Started process (PID=595) to work on /opt/airflow/dags/steam_analytics.py
[2026-09-16T08:25:16.017+0000] {processor.py:830} INFO - Processing file /opt/airflow/dags/steam_analytics.py for tasks to queue
[2026-09-16T08:25:16.019+0000] {logging_mixin.py:188} INFO - [2026-09-16T08:25:16.018+0000] {dagbag.py:545} INFO - Filling up the DagBag from /opt/airflow/dags/steam_analytics.py
[2026-09-16T08:25:16.161+0000] {processor.py:840} INFO - DAG(s) 'steam_analytics_daily' retrieved from /opt/airflow/dags/steam_analytics.py
[2026-09-16T08:25:16.190+0000] {logging_mixin.py:188} INFO - [2026-09-16T08:25:16.190+0000] {dag.py:3089} INFO - Sync 1 DAGs
[2026-09-16T08:25:16.211+0000] {logging_mixin.py:188} INFO - [2026-09-16T08:25:16.210+0000] {dag.py:3947} INFO - Setting next_dagrun for steam_analytics_daily to 2026-09-16 02:00:00+00:00, run_after=2026-09-17 02:00:00+00:00
[2026-09-16T08:25:16.227+0000] {processor.py:183} INFO - Processing /opt/airflow/dags/steam_analytics.py took 0.215 seconds
[2026-09-16T08:25:46.347+0000] {processor.py:161} INFO - Started process (PID=600) to work on /opt/airflow/dags/steam_analytics.py
[2026-09-16T08:25:46.348+0000] {processor.py:830} INFO - Processing file /opt/airflow/dags/steam_analytics.py for tasks to queue
[2026-09-16T08:25:46.349+0000] {logging_mixin.py:188} INFO - [2026-09-16T08:25:46.349+0000] {dagbag.py:545} INFO - Filling up the DagBag from /opt/airflow/dags/steam_analytics.py
[2026-09-16T08:25:46.490+0000] {processor.py:840} INFO - DAG(s) 'steam_analytics_daily' retrieved from /opt/airflow/dags/steam_analytics.py
[2026-09-16T08:25:46.515+0000] {logging_mixin.py:188} INFO - [2026-09-16T08:25:46.515+0000] {dag.py:3089} INFO - Sync 1 DAGs
[2026-09-16T08:25:46.535+0000] {logging_mixin.py:188} INFO - [2026-09-16T08:25:46.535+0000] {dag.py:3947} INFO - Setting next_dagrun for steam_analytics_daily to 2026-09-16 02:00:00+00:00, run_after=2026-09-17 02:00:00+00:00
[2026-09-16T08:25:46.551+0000] {processor.py:183} INFO - Processing /opt/airflow/dags/steam_analytics.py took 0.208 seconds
[2026-09-16T08:26:16.671+0000] {processor.py:161} INFO - Started process (PID=605) to work on /opt/airflow/dags/steam_analytics.py
[2026-09-16T08:26:16.672+0000] {processor.py:830} INFO - Processing file /opt/airflow/dags/steam_analytics.py for tasks to queue
[2026-09-16T08:26:16.673+0000] {logging_mixin.py:188} INFO - [2026-09-16T08:26:16.673+0000] {dagbag.py:545} INFO - Filling up the DagBag from /opt/airflow/dags/steam_analytics.py
[2026-09-16T08:26:16.816+0000] {processor.py:840} INFO - DAG(s) 'steam_analytics_daily' retrieved from /opt/airflow/dags/steam_analytics.py
[2026-09-16T08:26:16.841+0000] {logging_mixin.py:188} INFO - [2026-09-16T08:26:16.841+0000] {dag.py:3089} INFO - Sync 1 DAGs
[2026-09-16T08:26:16.869+0000] {logging_mixin.py:188} INFO - [2026-09-16T08:26:16.868+0000] {dag.py:3947} INFO - Setting next_dagrun for steam_analytics_daily to 2026-09-16 02:00:00+00:00, run_after=2026-09-17 02:00:00+00:00
[2026-09-16T08:26:16.887+0000] {processor.py:183} INFO - Processing /opt/airflow/dags/steam_analytics.py took 0.220 seconds
[2026-09-16T08:26:47.013+0000] {processor.py:161} INFO - Started process (PID=610) to work on /opt/airflow/dags/steam_analytics.py
[2026-09-16T08:26:47.014+0000] {processor.py:830} INFO - Processing file /opt/airflow/dags/steam_analytics.py for tasks to queue
[2026-09-16T08:26:47.016+0000] {logging_mixin.py:188} INFO - [2026-09-16T08:26:47.016+0000] {dagbag.py:545} INFO - Filling up the DagBag from /opt/airflow/dags/steam_analytics.py
[2026-09-16T08:26:47.166+0000] {processor.py:840} INFO - DAG(s) 'steam_analytics_daily' retrieved from /opt/airflow/dags/steam_analytics.py
[2026-09-16T08:26:47.194+0000] {logging_mixin.py:188} INFO - [2026-09-16T08:26:47.194+0000] {dag.py:3089} INFO - Sync 1 DAGs
[2026-09-16T08:26:47.220+0000] {logging_mixin.py:188} INFO - [2026-09-16T08:26:47.220+0000] {dag.py:3947} INFO - Setting next_dagrun for steam_analytics_daily to 2026-09-16 02:00:00+00:00, run_after=2026-09-17 02:00:00+00:00
[2026-09-16T08:26:47.239+0000] {processor.py:183} INFO - Processing /opt/airflow/dags/steam_analytics.py took 0.231 seconds
[2026-09-16T08:27:17.365+0000] {processor.py:161} INFO - Started process (PID=615) to work on /opt/airflow/dags/steam_analytics.py
[2026-09-16T08:27:17.365+0000] {processor.py:830} INFO - Processing file /opt/airflow/dags/steam_analytics.py for tasks to queue
[2026-09-16T08:27:17.367+0000] {logging_mixin.py:188} INFO - [2026-09-16T08:27:17.367+0000] {dagbag.py:545} INFO - Filling up the DagBag from /opt/airflow/dags/steam_analytics.py
[2026-09-16T08:27:17.497+0000] {processor.py:840} INFO - DAG(s) 'steam_analytics_daily' retrieved from /opt/airflow/dags/steam_analytics.py
[2026-09-16T08:27:17.523+0000] {logging_mixin.py:188} INFO - [2026-09-16T08:27:17.523+0000] {dag.py:3089} INFO - Sync 1 DAGs
[2026-09-16T08:27:17.542+0000] {logging_mixin.py:188} INFO - [2026-09-16T08:27:17.542+0000] {dag.py:3947} INFO - Setting next_dagrun for steam_analytics_daily to 2026-09-16 02:00:00+00:00, run_after=2026-09-17 02:00:00+00:00
[2026-09-16T08:27:17.558+0000] {processor.py:183} INFO - Processing /opt/airflow/dags/steam_analytics.py took 0.197 seconds
[2026-09-16T08:27:47.673+0000] {processor.py:161} INFO - Started process (PID=620) to work on /opt/airflow/dags/steam_analytics.py
[2026-09-16T08:27:47.673+0000] {processor.py:830} INFO - Processing file /opt/airflow/dags/steam_analytics.py for tasks to queue
[2026-09-16T08:27:47.675+0000] {logging_mixin.py:188} INFO - [2026-09-16T08:27:47.674+0000] {dagbag.py:545} INFO - Filling up the DagBag from /opt/airflow/dags/steam_analytics.py
[2026-09-16T08:27:47.807+0000] {processor.py:840} INFO - DAG(s) 'steam_analytics_daily' retrieved from /opt/airflow/dags/steam_analytics.py
[2026-09-16T08:27:47.832+0000] {logging_mixin.py:188} INFO - [2026-09-16T08:27:47.832+0000] {dag.py:3089} INFO - Sync 1 DAGs
[2026-09-16T08:27:47.851+0000] {logging_mixin.py:188} INFO - [2026-09-16T08:27:47.851+0000] {dag.py:3947} INFO - Setting next_dagrun for steam_analytics_daily to 2026-09-16 02:00:00+00:00, run_after=2026-09-17 02:00:00+00:00
[2026-09-16T08:27:47.869+0000] {processor.py:183} INFO - Processing /opt/airflow/dags/steam_analytics.py took 0.200 seconds
[2026-09-16T08:28:17.988+0000] {processor.py:161} INFO - Started process (PID=625) to work on /opt/airflow/dags/steam_analytics.py
[2026-09-16T08:28:17.989+0000] {processor.py:830} INFO - Processing file /opt/airflow/dags/steam_analytics.py for tasks to queue
[2026-09-16T08:28:17.990+0000] {logging_mixin.py:188} INFO - [2026-09-16T08:28:17.990+0000] {dagbag.py:545} INFO - Filling up the DagBag from /opt/airflow/dags/steam_analytics.py
[2026-09-16T08:28:18.124+0000] {processor.py:840} INFO - DAG(s) 'steam_analytics_daily' retrieved from /opt/airflow/dags/steam_analytics.py
[2026-09-16T08:28:18.149+0000] {logging_mixin.py:188} INFO - [2026-09-16T08:28:18.149+0000] {dag.py:3089} INFO - Sync 1 DAGs
[2026-09-16T08:28:18.169+0000] {logging_mixin.py:188} INFO - [2026-09-16T08:28:18.169+0000] {dag.py:3947} INFO - Setting next_dagrun for steam_analytics_daily to 2026-09-16 02:00:00+00:00, run_after=2026-09-17 02:00:00+00:00
[2026-09-16T08:28:18.185+0000] {processor.py:183} INFO - Processing /opt/airflow/dags/steam_analytics.py took 0.201 seconds
[2026-09-16T08:28:48.306+0000] {processor.py:161} INFO - Started process (PID=630) to work on /opt/airflow/dags/steam_analytics.py
[2026-09-16T08:28:48.307+0000] {processor.py:830} INFO - Processing file /opt/airflow/dags/steam_analytics.py for tasks to queue
[2026-09-16T08:28:48.308+0000] {logging_mixin.py:188} INFO - [2026-09-16T08:28:48.308+0000] {dagbag.py:545} INFO - Filling up the DagBag from /opt/airflow/dags/steam_analytics.py
[2026-09-16T08:28:48.436+0000] {processor.py:840} INFO - DAG(s) 'steam_analytics_daily' retrieved from /opt/airflow/dags/steam_analytics.py
[2026-09-16T08:28:48.462+0000] {logging_mixin.py:188} INFO - [2026-09-16T08:28:48.462+0000] {dag.py:3089} INFO - Sync 1 DAGs
[2026-09-16T08:28:48.481+0000] {logging_mixin.py:188} INFO - [2026-09-16T08:28:48.481+0000] {dag.py:3947} INFO - Setting next_dagrun for steam_analytics_daily to 2026-09-16 02:00:00+00:00, run_after=2026-09-17 02:00:00+00:00
[2026-09-16T08:28:48.496+0000] {processor.py:183} INFO - Processing /opt/airflow/dags/steam_analytics.py took 0.194 seconds
[2026-09-16T08:29:18.621+0000] {processor.py:161} INFO - Started process (PID=635) to work on /opt/airflow/dags/steam_analytics.py
[2026-09-16T08:29:18.622+0000] {processor.py:830} INFO - Processing file /opt/airflow/dags/steam_analytics.py for tasks to queue
[2026-09-16T08:29:18.624+0000] {logging_mixin.py:188} INFO - [2026-09-16T08:29:18.623+0000] {dagbag.py:545} INFO - Filling up the DagBag from /opt/airflow/dags/steam_analytics.py
[2026-09-16T08:29:18.780+0000] {processor.py:840} INFO - DAG(s) 'steam_analytics_daily' retrieved from /opt/airflow/dags/steam_analytics.py
[2026-09-16T08:29:18.808+0000] {logging_mixin.py:188} INFO - [2026-09-16T08:29:18.807+0000] {dag.py:3089} INFO - Sync 1 DAGs
[2026-09-16T08:29:18.827+0000] {logging_mixin.py:188} INFO - [2026-09-16T08:29:18.826+0000] {dag.py:3947} INFO - Setting next_dagrun for steam_analytics_daily to 2026-09-16 02:00:00+00:00, run_after=2026-09-17 02:00:00+00:00
[2026-09-16T08:29:18.842+0000] {processor.py:183} INFO - Processing /opt/airflow/dags/steam_analytics.py took 0.226 seconds
[2026-09-16T08:29:48.968+0000] {processor.py:161} INFO - Started process (PID=640) to work on /opt/airflow/dags/steam_analytics.py
[2026-09-16T08:29:48.969+0000] {processor.py:830} INFO - Processing file /opt/airflow/dags/steam_analytics.py for tasks to queue
[2026-09-16T08:29:48.970+0000] {logging_mixin.py:188} INFO - [2026-09-16T08:29:48.970+0000] {dagbag.py:545} INFO - Filling up the DagBag from /opt/airflow/dags/steam_analytics.py
[2026-09-16T08:29:49.106+0000] {processor.py:840} INFO - DAG(s) 'steam_analytics_daily' retrieved from /opt/airflow/dags/steam_analytics.py
[2026-09-16T08:29:49.131+0000] {logging_mixin.py:188} INFO - [2026-09-16T08:29:49.131+0000] {dag.py:3089} INFO - Sync 1 DAGs
[2026-09-16T08:29:49.151+0000] {logging_mixin.py:188} INFO - [2026-09-16T08:29:49.150+0000] {dag.py:3947} INFO - Setting next_dagrun for steam_analytics_daily to 2026-09-16 02:00:00+00:00, run_after=2026-09-17 02:00:00+00:00
[2026-09-16T08:29:49.168+0000] {processor.py:183} INFO - Processing /opt/airflow/dags/steam_analytics.py took 0.204 seconds
[2026-09-16T08:30:19.292+0000] {processor.py:161} INFO - Started process (PID=645) to work on /opt/airflow/dags/steam_analytics.py
[2026-09-16T08:30:19.293+0000] {processor.py:830} INFO - Processing file /opt/airflow/dags/steam_analytics.py for tasks to queue
[2026-09-16T08:30:19.294+0000] {logging_mixin.py:188} INFO - [2026-09-16T08:30:19.294+0000] {dagbag.py:545} INFO - Filling up the DagBag from /opt/airflow/dags/steam_analytics.py
[2026-09-16T08:30:19.424+0000] {processor.py:840} INFO - DAG(s) 'steam_analytics_daily' retrieved from /opt/airflow/dags/steam_analytics.py
[2026-09-16T08:30:19.449+0000] {logging_mixin.py:188} INFO - [2026-09-16T08:30:19.449+0000] {dag.py:3089} INFO - Sync 1 DAGs
[2026-09-16T08:30:19.468+0000] {logging_mixin.py:188} INFO - [2026-09-16T08:30:19.467+0000] {dag.py:3947} INFO - Setting next_dagrun for steam_analytics_daily to 2026-09-16 02:00:00+00:00, run_after=2026-09-17 02:00:00+00:00
[2026-09-16T08:30:19.482+0000] {processor.py:183} INFO - Processing /opt/airflow/dags/steam_analytics.py took 0.195 seconds
[2026-09-16T08:30:49.600+0000] {processor.py:161} INFO - Started process (PID=650) to work on /opt/airflow/dags/steam_analytics.py
[2026-09-16T08:30:49.600+0000] {processor.py:830} INFO - Processing file /opt/airflow/dags/steam_analytics.py for tasks to queue
[2026-09-16T08:30:49.602+0000] {logging_mixin.py:188} INFO - [2026-09-16T08:30:49.602+0000] {dagbag.py:545} INFO - Filling up the DagBag from /opt/airflow/dags/steam_analytics.py
[2026-09-16T08:30:49.733+0000] {processor.py:840} INFO - DAG(s) 'steam_analytics_daily' retrieved from /opt/airflow/dags/steam_analytics.py
[2026-09-16T08:30:49.759+0000] {logging_mixin.py:188} INFO - [2026-09-16T08:30:49.759+0000] {dag.py:3089} INFO - Sync 1 DAGs
[2026-09-16T08:30:49.779+0000] {logging_mixin.py:188} INFO - [2026-09-16T08:30:49.779+0000] {dag.py:3947} INFO - Setting next_dagrun for steam_analytics_daily to 2026-09-16 02:00:00+00:00, run_after=2026-09-17 02:00:00+00:00
[2026-09-16T08:30:49.794+0000] {processor.py:183} INFO - Processing /opt/airflow/dags/steam_analytics.py took 0.199 seconds
[2026-09-16T08:31:19.916+0000] {processor.py:161} INFO - Started process (PID=655) to work on /opt/airflow/dags/steam_analytics.py
[2026-09-16T08:31:19.917+0000] {processor.py:830} INFO - Processing file /opt/airflow/dags/steam_analytics.py for tasks to queue
[2026-09-16T08:31:19.919+0000] {logging_mixin.py:188} INFO - [2026-09-16T08:31:19.918+0000] {dagbag.py:545} INFO - Filling up the DagBag from /opt/airflow/dags/steam_analytics.py
[2026-09-16T08:31:20.059+0000] {processor.py:840} INFO - DAG(s) 'steam_analytics_daily' retrieved from /opt/airflow/dags/steam_analytics.py
[2026-09-16T08:31:20.086+0000] {logging_mixin.py:188} INFO - [2026-09-16T08:31:20.086+0000] {dag.py:3089} INFO - Sync 1 DAGs
[2026-09-16T08:31:20.107+0000] {logging_mixin.py:188} INFO - [2026-09-16T08:31:20.107+0000] {dag.py:3947} INFO - Setting next_dagrun for steam_analytics_daily to 2026-09-16 02:00:00+00:00, run_after=2026-09-17 02:00:00+00:00
[2026-09-16T08:31:20.127+0000] {processor.py:183} INFO - Processing /opt/airflow/dags/steam_analytics.py took 0.215 seconds
[2026-09-16T08:31:50.254+0000] {processor.py:161} INFO - Started process (PID=660) to work on /opt/airflow/dags/steam_analytics.py
[2026-09-16T08:31:50.254+0000] {processor.py:830} INFO - Processing file /opt/airflow/dags/steam_analytics.py for tasks to queue
[2026-09-16T08:31:50.256+0000] {logging_mixin.py:188} INFO - [2026-09-16T08:31:50.256+0000] {dagbag.py:545} INFO - Filling up the DagBag from /opt/airflow/dags/steam_analytics.py
[2026-09-16T08:31:50.388+0000] {processor.py:840} INFO - DAG(s) 'steam_analytics_daily' retrieved from /opt/airflow/dags/steam_analytics.py
[2026-09-16T08:31:50.414+0000] {logging_mixin.py:188} INFO - [2026-09-16T08:31:50.414+0000] {dag.py:3089} INFO - Sync 1 DAGs
[2026-09-16T08:31:50.434+0000] {logging_mixin.py:188} INFO - [2026-09-16T08:31:50.434+0000] {dag.py:3947} INFO - Setting next_dagrun for steam_analytics_daily to 2026-09-16 02:00:00+00:00, run_after=2026-09-17 02:00:00+00:00
[2026-09-16T08:31:50.450+0000] {processor.py:183} INFO - Processing /opt/airflow/dags/steam_analytics.py took 0.201 seconds
[2026-09-16T08:32:20.578+0000] {processor.py:161} INFO - Started process (PID=665) to work on /opt/airflow/dags/steam_analytics.py
[2026-09-16T08:32:20.579+0000] {processor.py:830} INFO - Processing file /opt/airflow/dags/steam_analytics.py for tasks to queue
[2026-09-16T08:32:20.581+0000] {logging_mixin.py:188} INFO - [2026-09-16T08:32:20.580+0000] {dagbag.py:545} INFO - Filling up the DagBag from /opt/airflow/dags/steam_analytics.py
[2026-09-16T08:32:20.723+0000] {processor.py:840} INFO - DAG(s) 'steam_analytics_daily' retrieved from /opt/airflow/dags/steam_analytics.py
[2026-09-16T08:32:20.754+0000] {logging_mixin.py:188} INFO - [2026-09-16T08:32:20.754+0000] {dag.py:3089} INFO - Sync 1 DAGs
[2026-09-16T08:32:20.789+0000] {logging_mixin.py:188} INFO - [2026-09-16T08:32:20.788+0000] {dag.py:3947} INFO - Setting next_dagrun for steam_analytics_daily to 2026-09-16 02:00:00+00:00, run_after=2026-09-17 02:00:00+00:00
[2026-09-16T08:32:20.812+0000] {processor.py:183} INFO - Processing /opt/airflow/dags/steam_analytics.py took 0.239 seconds
[2026-09-16T08:32:50.940+0000] {processor.py:161} INFO - Started process (PID=670) to work on /opt/airflow/dags/steam_analytics.py
[2026-09-16T08:32:50.940+0000] {processor.py:830} INFO - Processing file /opt/airflow/dags/steam_analytics.py for tasks to queue
[2026-09-16T08:32:50.942+0000] {logging_mixin.py:188} INFO - [2026-09-16T08:32:50.941+0000] {dagbag.py:545} INFO - Filling up the DagBag from /opt/airflow/dags/steam_analytics.py
[2026-09-16T08:32:51.076+0000] {processor.py:840} INFO - DAG(s) 'steam_analytics_daily' retrieved from /opt/airflow/dags/steam_analytics.py
[2026-09-16T08:32:51.103+0000] {logging_mixin.py:188} INFO - [2026-09-16T08:32:51.103+0000] {dag.py:3089} INFO - Sync 1 DAGs
[2026-09-16T08:32:51.124+0000] {logging_mixin.py:188} INFO - [2026-09-16T08:32:51.123+0000] {dag.py:3947} INFO - Setting next_dagrun for steam_analytics_daily to 2026-09-16 02:00:00+00:00, run_after=2026-09-17 02:00:00+00:00
[2026-09-16T08:32:51.140+0000] {processor.py:183} INFO - Processing /opt/airflow/dags/steam_analytics.py took 0.205 seconds
[2026-09-16T08:33:21.266+0000] {processor.py:161} INFO - Started process (PID=675) to work on /opt/airflow/dags/steam_analytics.py
[2026-09-16T08:33:21.267+0000] {processor.py:830} INFO - Processing file /opt/airflow/dags/steam_analytics.py for tasks to queue
[2026-09-16T08:33:21.268+0000] {logging_mixin.py:188} INFO - [2026-09-16T08:33:21.268+0000] {dagbag.py:545} INFO - Filling up the DagBag from /opt/airflow/dags/steam_analytics.py
[2026-09-16T08:33:21.408+0000] {processor.py:840} INFO - DAG(s) 'steam_analytics_daily' retrieved from /opt/airflow/dags/steam_analytics.py
[2026-09-16T08:33:21.433+0000] {logging_mixin.py:188} INFO - [2026-09-16T08:33:21.433+0000] {dag.py:3089} INFO - Sync 1 DAGs
[2026-09-16T08:33:21.453+0000] {logging_mixin.py:188} INFO - [2026-09-16T08:33:21.453+0000] {dag.py:3947} INFO - Setting next_dagrun for steam_analytics_daily to 2026-09-16 02:00:00+00:00, run_after=2026-09-17 02:00:00+00:00
[2026-09-16T08:33:21.468+0000] {processor.py:183} INFO - Processing /opt/airflow/dags/steam_analytics.py took 0.207 seconds
[2026-09-16T08:33:51.588+0000] {processor.py:161} INFO - Started process (PID=680) to work on /opt/airflow/dags/steam_analytics.py
[2026-09-16T08:33:51.589+0000] {processor.py:830} INFO - Processing file /opt/airflow/dags/steam_analytics.py for tasks to queue
[2026-09-16T08:33:51.590+0000] {logging_mixin.py:188} INFO - [2026-09-16T08:33:51.590+0000] {dagbag.py:545} INFO - Filling up the DagBag from /opt/airflow/dags/steam_analytics.py
[2026-09-16T08:33:51.721+0000] {processor.py:840} INFO - DAG(s) 'steam_analytics_daily' retrieved from /opt/airflow/dags/steam_analytics.py
[2026-09-16T08:33:51.745+0000] {logging_mixin.py:188} INFO - [2026-09-16T08:33:51.745+0000] {dag.py:3089} INFO - Sync 1 DAGs
[2026-09-16T08:33:51.764+0000] {logging_mixin.py:188} INFO - [2026-09-16T08:33:51.764+0000] {dag.py:3947} INFO - Setting next_dagrun for steam_analytics_daily to 2026-09-16 02:00:00+00:00, run_after=2026-09-17 02:00:00+00:00
[2026-09-16T08:33:51.779+0000] {processor.py:183} INFO - Processing /opt/airflow/dags/steam_analytics.py took 0.195 seconds
[2026-09-16T08:34:21.909+0000] {processor.py:161} INFO - Started process (PID=685) to work on /opt/airflow/dags/steam_analytics.py
[2026-09-16T08:34:21.910+0000] {processor.py:830} INFO - Processing file /opt/airflow/dags/steam_analytics.py for tasks to queue
[2026-09-16T08:34:21.911+0000] {logging_mixin.py:188} INFO - [2026-09-16T08:34:21.911+0000] {dagbag.py:545} INFO - Filling up the DagBag from /opt/airflow/dags/steam_analytics.py
[2026-09-16T08:34:22.047+0000] {processor.py:840} INFO - DAG(s) 'steam_analytics_daily' retrieved from /opt/airflow/dags/steam_analytics.py
[2026-09-16T08:34:22.073+0000] {logging_mixin.py:188} INFO - [2026-09-16T08:34:22.073+0000] {dag.py:3089} INFO - Sync 1 DAGs
[2026-09-16T08:34:22.093+0000] {logging_mixin.py:188} INFO - [2026-09-16T08:34:22.093+0000] {dag.py:3947} INFO - Setting next_dagrun for steam_analytics_daily to 2026-09-16 02:00:00+00:00, run_after=2026-09-17 02:00:00+00:00
[2026-09-16T08:34:22.112+0000] {processor.py:183} INFO - Processing /opt/airflow/dags/steam_analytics.py took 0.208 seconds
[2026-09-16T08:34:52.229+0000] {processor.py:161} INFO - Started process (PID=690) to work on /opt/airflow/dags/steam_analytics.py
[2026-09-16T08:34:52.229+0000] {processor.py:830} INFO - Processing file /opt/airflow/dags/steam_analytics.py for tasks to queue
[2026-09-16T08:34:52.231+0000] {logging_mixin.py:188} INFO - [2026-09-16T08:34:52.231+0000] {dagbag.py:545} INFO - Filling up the DagBag from /opt/airflow/dags/steam_analytics.py
[2026-09-16T08:34:52.361+0000] {processor.py:840} INFO - DAG(s) 'steam_analytics_daily' retrieved from /opt/airflow/dags/steam_analytics.py
[2026-09-16T08:34:52.387+0000] {logging_mixin.py:188} INFO - [2026-09-16T08:34:52.387+0000] {dag.py:3089} INFO - Sync 1 DAGs
[2026-09-16T08:34:52.406+0000] {logging_mixin.py:188} INFO - [2026-09-16T08:34:52.406+0000] {dag.py:3947} INFO - Setting next_dagrun for steam_analytics_daily to 2026-09-16 02:00:00+00:00, run_after=2026-09-17 02:00:00+00:00
[2026-09-16T08:34:52.422+0000] {processor.py:183} INFO - Processing /opt/airflow/dags/steam_analytics.py took 0.198 seconds
[2026-09-16T08:35:22.547+0000] {processor.py:161} INFO - Started process (PID=695) to work on /opt/airflow/dags/steam_analytics.py
[2026-09-16T08:35:22.548+0000] {processor.py:830} INFO - Processing file /opt/airflow/dags/steam_analytics.py for tasks to queue
[2026-09-16T08:35:22.549+0000] {logging_mixin.py:188} INFO - [2026-09-16T08:35:22.549+0000] {dagbag.py:545} INFO - Filling up the DagBag from /opt/airflow/dags/steam_analytics.py
[2026-09-16T08:35:22.684+0000] {processor.py:840} INFO - DAG(s) 'steam_analytics_daily' retrieved from /opt/airflow/dags/steam_analytics.py
[2026-09-16T08:35:22.711+0000] {logging_mixin.py:188} INFO - [2026-09-16T08:35:22.710+0000] {dag.py:3089} INFO - Sync 1 DAGs
[2026-09-16T08:35:22.730+0000] {logging_mixin.py:188} INFO - [2026-09-16T08:35:22.729+0000] {dag.py:3947} INFO - Setting next_dagrun for steam_analytics_daily to 2026-09-16 02:00:00+00:00, run_after=2026-09-17 02:00:00+00:00
[2026-09-16T08:35:22.744+0000] {processor.py:183} INFO - Processing /opt/airflow/dags/steam_analytics.py took 0.202 seconds
[2026-09-16T08:35:52.864+0000] {processor.py:161} INFO - Started process (PID=700) to work on /opt/airflow/dags/steam_analytics.py
[2026-09-16T08:35:52.865+0000] {processor.py:830} INFO - Processing file /opt/airflow/dags/steam_analytics.py for tasks to queue
[2026-09-16T08:35:52.866+0000] {logging_mixin.py:188} INFO - [2026-09-16T08:35:52.866+0000] {dagbag.py:545} INFO - Filling up the DagBag from /opt/airflow/dags/steam_analytics.py
[2026-09-16T08:35:53.001+0000] {processor.py:840} INFO - DAG(s) 'steam_analytics_daily' retrieved from /opt/airflow/dags/steam_analytics.py
[2026-09-16T08:35:53.027+0000] {logging_mixin.py:188} INFO - [2026-09-16T08:35:53.026+0000] {dag.py:3089} INFO - Sync 1 DAGs
[2026-09-16T08:35:53.045+0000] {logging_mixin.py:188} INFO - [2026-09-16T08:35:53.045+0000] {dag.py:3947} INFO - Setting next_dagrun for steam_analytics_daily to 2026-09-16 02:00:00+00:00, run_after=2026-09-17 02:00:00+00:00
[2026-09-16T08:35:53.059+0000] {processor.py:183} INFO - Processing /opt/airflow/dags/steam_analytics.py took 0.200 seconds
[2026-09-16T08:36:23.180+0000] {processor.py:161} INFO - Started process (PID=705) to work on /opt/airflow/dags/steam_analytics.py
[2026-09-16T08:36:23.181+0000] {processor.py:830} INFO - Processing file /opt/airflow/dags/steam_analytics.py for tasks to queue
[2026-09-16T08:36:23.182+0000] {logging_mixin.py:188} INFO - [2026-09-16T08:36:23.182+0000] {dagbag.py:545} INFO - Filling up the DagBag from /opt/airflow/dags/steam_analytics.py
[2026-09-16T08:36:23.315+0000] {processor.py:840} INFO - DAG(s) 'steam_analytics_daily' retrieved from /opt/airflow/dags/steam_analytics.py
[2026-09-16T08:36:23.341+0000] {logging_mixin.py:188} INFO - [2026-09-16T08:36:23.340+0000] {dag.py:3089} INFO - Sync 1 DAGs
[2026-09-16T08:36:23.359+0000] {logging_mixin.py:188} INFO - [2026-09-16T08:36:23.359+0000] {dag.py:3947} INFO - Setting next_dagrun for steam_analytics_daily to 2026-09-16 02:00:00+00:00, run_after=2026-09-17 02:00:00+00:00
[2026-09-16T08:36:23.377+0000] {processor.py:183} INFO - Processing /opt/airflow/dags/steam_analytics.py took 0.201 seconds
[2026-09-16T08:36:53.498+0000] {processor.py:161} INFO - Started process (PID=710) to work on /opt/airflow/dags/steam_analytics.py
[2026-09-16T08:36:53.499+0000] {processor.py:830} INFO - Processing file /opt/airflow/dags/steam_analytics.py for tasks to queue
[2026-09-16T08:36:53.500+0000] {logging_mixin.py:188} INFO - [2026-09-16T08:36:53.500+0000] {dagbag.py:545} INFO - Filling up the DagBag from /opt/airflow/dags/steam_analytics.py
[2026-09-16T08:36:53.632+0000] {processor.py:840} INFO - DAG(s) 'steam_analytics_daily' retrieved from /opt/airflow/dags/steam_analytics.py
[2026-09-16T08:36:53.659+0000] {logging_mixin.py:188} INFO - [2026-09-16T08:36:53.659+0000] {dag.py:3089} INFO - Sync 1 DAGs
[2026-09-16T08:36:53.679+0000] {logging_mixin.py:188} INFO - [2026-09-16T08:36:53.679+0000] {dag.py:3947} INFO - Setting next_dagrun for steam_analytics_daily to 2026-09-16 02:00:00+00:00, run_after=2026-09-17 02:00:00+00:00
[2026-09-16T08:36:53.694+0000] {processor.py:183} INFO - Processing /opt/airflow/dags/steam_analytics.py took 0.201 seconds
[2026-09-16T08:37:23.819+0000] {processor.py:161} INFO - Started process (PID=715) to work on /opt/airflow/dags/steam_analytics.py
[2026-09-16T08:37:23.820+0000] {processor.py:830} INFO - Processing file /opt/airflow/dags/steam_analytics.py for tasks to queue
[2026-09-16T08:37:23.822+0000] {logging_mixin.py:188} INFO - [2026-09-16T08:37:23.821+0000] {dagbag.py:545} INFO - Filling up the DagBag from /opt/airflow/dags/steam_analytics.py
[2026-09-16T08:37:23.951+0000] {processor.py:840} INFO - DAG(s) 'steam_analytics_daily' retrieved from /opt/airflow/dags/steam_analytics.py
[2026-09-16T08:37:23.975+0000] {logging_mixin.py:188} INFO - [2026-09-16T08:37:23.975+0000] {dag.py:3089} INFO - Sync 1 DAGs
[2026-09-16T08:37:23.995+0000] {logging_mixin.py:188} INFO - [2026-09-16T08:37:23.994+0000] {dag.py:3947} INFO - Setting next_dagrun for steam_analytics_daily to 2026-09-16 02:00:00+00:00, run_after=2026-09-17 02:00:00+00:00
[2026-09-16T08:37:24.010+0000] {processor.py:183} INFO - Processing /opt/airflow/dags/steam_analytics.py took 0.196 seconds
[2026-09-16T08:37:54.132+0000] {processor.py:161} INFO - Started process (PID=720) to work on /opt/airflow/dags/steam_analytics.py
[2026-09-16T08:37:54.132+0000] {processor.py:830} INFO - Processing file /opt/airflow/dags/steam_analytics.py for tasks to queue
[2026-09-16T08:37:54.134+0000] {logging_mixin.py:188} INFO - [2026-09-16T08:37:54.133+0000] {dagbag.py:545} INFO - Filling up the DagBag from /opt/airflow/dags/steam_analytics.py
[2026-09-16T08:37:54.269+0000] {processor.py:840} INFO - DAG(s) 'steam_analytics_daily' retrieved from /opt/airflow/dags/steam_analytics.py
[2026-09-16T08:37:54.296+0000] {logging_mixin.py:188} INFO - [2026-09-16T08:37:54.295+0000] {dag.py:3089} INFO - Sync 1 DAGs
[2026-09-16T08:37:54.315+0000] {logging_mixin.py:188} INFO - [2026-09-16T08:37:54.315+0000] {dag.py:3947} INFO - Setting next_dagrun for steam_analytics_daily to 2026-09-16 02:00:00+00:00, run_after=2026-09-17 02:00:00+00:00
[2026-09-16T08:37:54.331+0000] {processor.py:183} INFO - Processing /opt/airflow/dags/steam_analytics.py took 0.204 seconds
[2026-09-16T08:38:24.452+0000] {processor.py:161} INFO - Started process (PID=725) to work on /opt/airflow/dags/steam_analytics.py
[2026-09-16T08:38:24.452+0000] {processor.py:830} INFO - Processing file /opt/airflow/dags/steam_analytics.py for tasks to queue
[2026-09-16T08:38:24.454+0000] {logging_mixin.py:188} INFO - [2026-09-16T08:38:24.454+0000] {dagbag.py:545} INFO - Filling up the DagBag from /opt/airflow/dags/steam_analytics.py
[2026-09-16T08:38:24.588+0000] {processor.py:840} INFO - DAG(s) 'steam_analytics_daily' retrieved from /opt/airflow/dags/steam_analytics.py
[2026-09-16T08:38:24.627+0000] {logging_mixin.py:188} INFO - [2026-09-16T08:38:24.626+0000] {dag.py:3089} INFO - Sync 1 DAGs
[2026-09-16T08:38:24.657+0000] {logging_mixin.py:188} INFO - [2026-09-16T08:38:24.656+0000] {dag.py:3947} INFO - Setting next_dagrun for steam_analytics_daily to 2026-09-16 02:00:00+00:00, run_after=2026-09-17 02:00:00+00:00
[2026-09-16T08:38:24.685+0000] {processor.py:183} INFO - Processing /opt/airflow/dags/steam_analytics.py took 0.237 seconds
[2026-09-16T08:38:54.815+0000] {processor.py:161} INFO - Started process (PID=730) to work on /opt/airflow/dags/steam_analytics.py
[2026-09-16T08:38:54.816+0000] {processor.py:830} INFO - Processing file /opt/airflow/dags/steam_analytics.py for tasks to queue
[2026-09-16T08:38:54.817+0000] {logging_mixin.py:188} INFO - [2026-09-16T08:38:54.817+0000] {dagbag.py:545} INFO - Filling up the DagBag from /opt/airflow/dags/steam_analytics.py
[2026-09-16T08:38:54.958+0000] {processor.py:840} INFO - DAG(s) 'steam_analytics_daily' retrieved from /opt/airflow/dags/steam_analytics.py
[2026-09-16T08:38:54.987+0000] {logging_mixin.py:188} INFO - [2026-09-16T08:38:54.986+0000] {dag.py:3089} INFO - Sync 1 DAGs
[2026-09-16T08:38:55.007+0000] {logging_mixin.py:188} INFO - [2026-09-16T08:38:55.007+0000] {dag.py:3947} INFO - Setting next_dagrun for steam_analytics_daily to 2026-09-16 02:00:00+00:00, run_after=2026-09-17 02:00:00+00:00
[2026-09-16T08:38:55.024+0000] {processor.py:183} INFO - Processing /opt/airflow/dags/steam_analytics.py took 0.214 seconds
[2026-09-16T08:39:25.153+0000] {processor.py:161} INFO - Started process (PID=735) to work on /opt/airflow/dags/steam_analytics.py
[2026-09-16T08:39:25.154+0000] {processor.py:830} INFO - Processing file /opt/airflow/dags/steam_analytics.py for tasks to queue
[2026-09-16T08:39:25.156+0000] {logging_mixin.py:188} INFO - [2026-09-16T08:39:25.155+0000] {dagbag.py:545} INFO - Filling up the DagBag from /opt/airflow/dags/steam_analytics.py
[2026-09-16T08:39:25.300+0000] {processor.py:840} INFO - DAG(s) 'steam_analytics_daily' retrieved from /opt/airflow/dags/steam_analytics.py
[2026-09-16T08:39:25.329+0000] {logging_mixin.py:188} INFO - [2026-09-16T08:39:25.329+0000] {dag.py:3089} INFO - Sync 1 DAGs
[2026-09-16T08:39:25.353+0000] {logging_mixin.py:188} INFO - [2026-09-16T08:39:25.352+0000] {dag.py:3947} INFO - Setting next_dagrun for steam_analytics_daily to 2026-09-16 02:00:00+00:00, run_after=2026-09-17 02:00:00+00:00
[2026-09-16T08:39:25.371+0000] {processor.py:183} INFO - Processing /opt/airflow/dags/steam_analytics.py took 0.223 seconds
[2026-09-16T08:39:55.490+0000] {processor.py:161} INFO - Started process (PID=740) to work on /opt/airflow/dags/steam_analytics.py
[2026-09-16T08:39:55.491+0000] {processor.py:830} INFO - Processing file /opt/airflow/dags/steam_analytics.py for tasks to queue
[2026-09-16T08:39:55.492+0000] {logging_mixin.py:188} INFO - [2026-09-16T08:39:55.492+0000] {dagbag.py:545} INFO - Filling up the DagBag from /opt/airflow/dags/steam_analytics.py
[2026-09-16T08:39:55.622+0000] {processor.py:840} INFO - DAG(s) 'steam_analytics_daily' retrieved from /opt/airflow/dags/steam_analytics.py
[2026-09-16T08:39:55.650+0000] {logging_mixin.py:188} INFO - [2026-09-16T08:39:55.650+0000] {dag.py:3089} INFO - Sync 1 DAGs
[2026-09-16T08:39:55.669+0000] {logging_mixin.py:188} INFO - [2026-09-16T08:39:55.669+0000] {dag.py:3947} INFO - Setting next_dagrun for steam_analytics_daily to 2026-09-16 02:00:00+00:00, run_after=2026-09-17 02:00:00+00:00
[2026-09-16T08:39:55.686+0000] {processor.py:183} INFO - Processing /opt/airflow/dags/steam_analytics.py took 0.200 seconds
[2026-09-16T08:40:25.812+0000] {processor.py:161} INFO - Started process (PID=745) to work on /opt/airflow/dags/steam_analytics.py
[2026-09-16T08:40:25.813+0000] {processor.py:830} INFO - Processing file /opt/airflow/dags/steam_analytics.py for tasks to queue
[2026-09-16T08:40:25.814+0000] {logging_mixin.py:188} INFO - [2026-09-16T08:40:25.814+0000] {dagbag.py:545} INFO - Filling up the DagBag from /opt/airflow/dags/steam_analytics.py
[2026-09-16T08:40:25.944+0000] {processor.py:840} INFO - DAG(s) 'steam_analytics_daily' retrieved from /opt/airflow/dags/steam_analytics.py
[2026-09-16T08:40:25.970+0000] {logging_mixin.py:188} INFO - [2026-09-16T08:40:25.969+0000] {dag.py:3089} INFO - Sync 1 DAGs
[2026-09-16T08:40:25.989+0000] {logging_mixin.py:188} INFO - [2026-09-16T08:40:25.989+0000] {dag.py:3947} INFO - Setting next_dagrun for steam_analytics_daily to 2026-09-16 02:00:00+00:00, run_after=2026-09-17 02:00:00+00:00
[2026-09-16T08:40:26.004+0000] {processor.py:183} INFO - Processing /opt/airflow/dags/steam_analytics.py took 0.197 seconds
[2026-09-16T08:40:56.141+0000] {processor.py:161} INFO - Started process (PID=750) to work on /opt/airflow/dags/steam_analytics.py
[2026-09-16T08:40:56.142+0000] {processor.py:830} INFO - Processing file /opt/airflow/dags/steam_analytics.py for tasks to queue
[2026-09-16T08:40:56.145+0000] {logging_mixin.py:188} INFO - [2026-09-16T08:40:56.144+0000] {dagbag.py:545} INFO - Filling up the DagBag from /opt/airflow/dags/steam_analytics.py
[2026-09-16T08:40:56.305+0000] {processor.py:840} INFO - DAG(s) 'steam_analytics_daily' retrieved from /opt/airflow/dags/steam_analytics.py
[2026-09-16T08:40:56.331+0000] {logging_mixin.py:188} INFO - [2026-09-16T08:40:56.331+0000] {dag.py:3089} INFO - Sync 1 DAGs
[2026-09-16T08:40:56.352+0000] {logging_mixin.py:188} INFO - [2026-09-16T08:40:56.351+0000] {dag.py:3947} INFO - Setting next_dagrun for steam_analytics_daily to 2026-09-16 02:00:00+00:00, run_after=2026-09-17 02:00:00+00:00
[2026-09-16T08:40:56.370+0000] {processor.py:183} INFO - Processing /opt/airflow/dags/steam_analytics.py took 0.239 seconds
[2026-09-16T08:41:26.502+0000] {processor.py:161} INFO - Started process (PID=755) to work on /opt/airflow/dags/steam_analytics.py
[2026-09-16T08:41:26.503+0000] {processor.py:830} INFO - Processing file /opt/airflow/dags/steam_analytics.py for tasks to queue
[2026-09-16T08:41:26.504+0000] {logging_mixin.py:188} INFO - [2026-09-16T08:41:26.504+0000] {dagbag.py:545} INFO - Filling up the DagBag from /opt/airflow/dags/steam_analytics.py
[2026-09-16T08:41:26.636+0000] {processor.py:840} INFO - DAG(s) 'steam_analytics_daily' retrieved from /opt/airflow/dags/steam_analytics.py
[2026-09-16T08:41:26.662+0000] {logging_mixin.py:188} INFO - [2026-09-16T08:41:26.662+0000] {dag.py:3089} INFO - Sync 1 DAGs
[2026-09-16T08:41:26.682+0000] {logging_mixin.py:188} INFO - [2026-09-16T08:41:26.682+0000] {dag.py:3947} INFO - Setting next_dagrun for steam_analytics_daily to 2026-09-16 02:00:00+00:00, run_after=2026-09-17 02:00:00+00:00
[2026-09-16T08:41:26.697+0000] {processor.py:183} INFO - Processing /opt/airflow/dags/steam_analytics.py took 0.200 seconds
[2026-09-16T08:41:56.820+0000] {processor.py:161} INFO - Started process (PID=760) to work on /opt/airflow/dags/steam_analytics.py
[2026-09-16T08:41:56.820+0000] {processor.py:830} INFO - Processing file /opt/airflow/dags/steam_analytics.py for tasks to queue
[2026-09-16T08:41:56.822+0000] {logging_mixin.py:188} INFO - [2026-09-16T08:41:56.821+0000] {dagbag.py:545} INFO - Filling up the DagBag from /opt/airflow/dags/steam_analytics.py
[2026-09-16T08:41:56.968+0000] {processor.py:840} INFO - DAG(s) 'steam_analytics_daily' retrieved from /opt/airflow/dags/steam_analytics.py
[2026-09-16T08:41:56.994+0000] {logging_mixin.py:188} INFO - [2026-09-16T08:41:56.994+0000] {dag.py:3089} INFO - Sync 1 DAGs
[2026-09-16T08:41:57.015+0000] {logging_mixin.py:188} INFO - [2026-09-16T08:41:57.014+0000] {dag.py:3947} INFO - Setting next_dagrun for steam_analytics_daily to 2026-09-16 02:00:00+00:00, run_after=2026-09-17 02:00:00+00:00
[2026-09-16T08:41:57.030+0000] {processor.py:183} INFO - Processing /opt/airflow/dags/steam_analytics.py took 0.214 seconds
[2026-09-16T08:42:27.207+0000] {processor.py:161} INFO - Started process (PID=765) to work on /opt/airflow/dags/steam_analytics.py
[2026-09-16T08:42:27.208+0000] {processor.py:830} INFO - Processing file /opt/airflow/dags/steam_analytics.py for tasks to queue
[2026-09-16T08:42:27.209+0000] {logging_mixin.py:188} INFO - [2026-09-16T08:42:27.209+0000] {dagbag.py:545} INFO - Filling up the DagBag from /opt/airflow/dags/steam_analytics.py
[2026-09-16T08:42:27.372+0000] {processor.py:840} INFO - DAG(s) 'steam_analytics_daily' retrieved from /opt/airflow/dags/steam_analytics.py
[2026-09-16T08:42:27.402+0000] {logging_mixin.py:188} INFO - [2026-09-16T08:42:27.402+0000] {dag.py:3089} INFO - Sync 1 DAGs
[2026-09-16T08:42:27.425+0000] {logging_mixin.py:188} INFO - [2026-09-16T08:42:27.425+0000] {dag.py:3947} INFO - Setting next_dagrun for steam_analytics_daily to 2026-09-16 02:00:00+00:00, run_after=2026-09-17 02:00:00+00:00
[2026-09-16T08:42:27.447+0000] {processor.py:183} INFO - Processing /opt/airflow/dags/steam_analytics.py took 0.247 seconds
[2026-09-16T08:42:57.582+0000] {processor.py:161} INFO - Started process (PID=770) to work on /opt/airflow/dags/steam_analytics.py
[2026-09-16T08:42:57.582+0000] {processor.py:830} INFO - Processing file /opt/airflow/dags/steam_analytics.py for tasks to queue
[2026-09-16T08:42:57.584+0000] {logging_mixin.py:188} INFO - [2026-09-16T08:42:57.584+0000] {dagbag.py:545} INFO - Filling up the DagBag from /opt/airflow/dags/steam_analytics.py
[2026-09-16T08:42:57.725+0000] {processor.py:840} INFO - DAG(s) 'steam_analytics_daily' retrieved from /opt/airflow/dags/steam_analytics.py
[2026-09-16T08:42:57.751+0000] {logging_mixin.py:188} INFO - [2026-09-16T08:42:57.750+0000] {dag.py:3089} INFO - Sync 1 DAGs
[2026-09-16T08:42:57.770+0000] {logging_mixin.py:188} INFO - [2026-09-16T08:42:57.769+0000] {dag.py:3947} INFO - Setting next_dagrun for steam_analytics_daily to 2026-09-16 02:00:00+00:00, run_after=2026-09-17 02:00:00+00:00
[2026-09-16T08:42:57.787+0000] {processor.py:183} INFO - Processing /opt/airflow/dags/steam_analytics.py took 0.210 seconds
[2026-09-16T08:43:27.923+0000] {processor.py:161} INFO - Started process (PID=775) to work on /opt/airflow/dags/steam_analytics.py
[2026-09-16T08:43:27.924+0000] {processor.py:830} INFO - Processing file /opt/airflow/dags/steam_analytics.py for tasks to queue
[2026-09-16T08:43:27.925+0000] {logging_mixin.py:188} INFO - [2026-09-16T08:43:27.925+0000] {dagbag.py:545} INFO - Filling up the DagBag from /opt/airflow/dags/steam_analytics.py
[2026-09-16T08:43:28.052+0000] {processor.py:840} INFO - DAG(s) 'steam_analytics_daily' retrieved from /opt/airflow/dags/steam_analytics.py
[2026-09-16T08:43:28.076+0000] {logging_mixin.py:188} INFO - [2026-09-16T08:43:28.076+0000] {dag.py:3089} INFO - Sync 1 DAGs
[2026-09-16T08:43:28.096+0000] {logging_mixin.py:188} INFO - [2026-09-16T08:43:28.095+0000] {dag.py:3947} INFO - Setting next_dagrun for steam_analytics_daily to 2026-09-16 02:00:00+00:00, run_after=2026-09-17 02:00:00+00:00
[2026-09-16T08:43:28.111+0000] {processor.py:183} INFO - Processing /opt/airflow/dags/steam_analytics.py took 0.194 seconds
[2026-09-16T08:43:58.238+0000] {processor.py:161} INFO - Started process (PID=780) to work on /opt/airflow/dags/steam_analytics.py
[2026-09-16T08:43:58.239+0000] {processor.py:830} INFO - Processing file /opt/airflow/dags/steam_analytics.py for tasks to queue
[2026-09-16T08:43:58.241+0000] {logging_mixin.py:188} INFO - [2026-09-16T08:43:58.241+0000] {dagbag.py:545} INFO - Filling up the DagBag from /opt/airflow/dags/steam_analytics.py
[2026-09-16T08:43:58.397+0000] {processor.py:840} INFO - DAG(s) 'steam_analytics_daily' retrieved from /opt/airflow/dags/steam_analytics.py
[2026-09-16T08:43:58.427+0000] {logging_mixin.py:188} INFO - [2026-09-16T08:43:58.426+0000] {dag.py:3089} INFO - Sync 1 DAGs
[2026-09-16T08:43:58.448+0000] {logging_mixin.py:188} INFO - [2026-09-16T08:43:58.448+0000] {dag.py:3947} INFO - Setting next_dagrun for steam_analytics_daily to 2026-09-16 02:00:00+00:00, run_after=2026-09-17 02:00:00+00:00
[2026-09-16T08:43:58.467+0000] {processor.py:183} INFO - Processing /opt/airflow/dags/steam_analytics.py took 0.234 seconds
[2026-09-16T08:44:28.593+0000] {processor.py:161} INFO - Started process (PID=785) to work on /opt/airflow/dags/steam_analytics.py
[2026-09-16T08:44:28.593+0000] {processor.py:830} INFO - Processing file /opt/airflow/dags/steam_analytics.py for tasks to queue
[2026-09-16T08:44:28.595+0000] {logging_mixin.py:188} INFO - [2026-09-16T08:44:28.594+0000] {dagbag.py:545} INFO - Filling up the DagBag from /opt/airflow/dags/steam_analytics.py
[2026-09-16T08:44:28.735+0000] {processor.py:840} INFO - DAG(s) 'steam_analytics_daily' retrieved from /opt/airflow/dags/steam_analytics.py
[2026-09-16T08:44:28.763+0000] {logging_mixin.py:188} INFO - [2026-09-16T08:44:28.763+0000] {dag.py:3089} INFO - Sync 1 DAGs
[2026-09-16T08:44:28.783+0000] {logging_mixin.py:188} INFO - [2026-09-16T08:44:28.783+0000] {dag.py:3947} INFO - Setting next_dagrun for steam_analytics_daily to 2026-09-16 02:00:00+00:00, run_after=2026-09-17 02:00:00+00:00
[2026-09-16T08:44:28.799+0000] {processor.py:183} INFO - Processing /opt/airflow/dags/steam_analytics.py took 0.211 seconds
[2026-09-16T08:44:58.925+0000] {processor.py:161} INFO - Started process (PID=790) to work on /opt/airflow/dags/steam_analytics.py
[2026-09-16T08:44:58.925+0000] {processor.py:830} INFO - Processing file /opt/airflow/dags/steam_analytics.py for tasks to queue
[2026-09-16T08:44:58.927+0000] {logging_mixin.py:188} INFO - [2026-09-16T08:44:58.926+0000] {dagbag.py:545} INFO - Filling up the DagBag from /opt/airflow/dags/steam_analytics.py
[2026-09-16T08:44:59.070+0000] {processor.py:840} INFO - DAG(s) 'steam_analytics_daily' retrieved from /opt/airflow/dags/steam_analytics.py
[2026-09-16T08:44:59.095+0000] {logging_mixin.py:188} INFO - [2026-09-16T08:44:59.095+0000] {dag.py:3089} INFO - Sync 1 DAGs
[2026-09-16T08:44:59.114+0000] {logging_mixin.py:188} INFO - [2026-09-16T08:44:59.114+0000] {dag.py:3947} INFO - Setting next_dagrun for steam_analytics_daily to 2026-09-16 02:00:00+00:00, run_after=2026-09-17 02:00:00+00:00
[2026-09-16T08:44:59.130+0000] {processor.py:183} INFO - Processing /opt/airflow/dags/steam_analytics.py took 0.210 seconds
[2026-09-16T08:45:29.251+0000] {processor.py:161} INFO - Started process (PID=795) to work on /opt/airflow/dags/steam_analytics.py
[2026-09-16T08:45:29.252+0000] {processor.py:830} INFO - Processing file /opt/airflow/dags/steam_analytics.py for tasks to queue
[2026-09-16T08:45:29.254+0000] {logging_mixin.py:188} INFO - [2026-09-16T08:45:29.253+0000] {dagbag.py:545} INFO - Filling up the DagBag from /opt/airflow/dags/steam_analytics.py
[2026-09-16T08:45:29.387+0000] {processor.py:840} INFO - DAG(s) 'steam_analytics_daily' retrieved from /opt/airflow/dags/steam_analytics.py
[2026-09-16T08:45:29.411+0000] {logging_mixin.py:188} INFO - [2026-09-16T08:45:29.411+0000] {dag.py:3089} INFO - Sync 1 DAGs
[2026-09-16T08:45:29.431+0000] {logging_mixin.py:188} INFO - [2026-09-16T08:45:29.431+0000] {dag.py:3947} INFO - Setting next_dagrun for steam_analytics_daily to 2026-09-16 02:00:00+00:00, run_after=2026-09-17 02:00:00+00:00
[2026-09-16T08:45:29.445+0000] {processor.py:183} INFO - Processing /opt/airflow/dags/steam_analytics.py took 0.198 seconds
[2026-09-16T08:45:59.586+0000] {processor.py:161} INFO - Started process (PID=800) to work on /opt/airflow/dags/steam_analytics.py
[2026-09-16T08:45:59.587+0000] {processor.py:830} INFO - Processing file /opt/airflow/dags/steam_analytics.py for tasks to queue
[2026-09-16T08:45:59.588+0000] {logging_mixin.py:188} INFO - [2026-09-16T08:45:59.588+0000] {dagbag.py:545} INFO - Filling up the DagBag from /opt/airflow/dags/steam_analytics.py
[2026-09-16T08:45:59.774+0000] {processor.py:840} INFO - DAG(s) 'steam_analytics_daily' retrieved from /opt/airflow/dags/steam_analytics.py
[2026-09-16T08:45:59.809+0000] {logging_mixin.py:188} INFO - [2026-09-16T08:45:59.808+0000] {dag.py:3089} INFO - Sync 1 DAGs
[2026-09-16T08:45:59.836+0000] {logging_mixin.py:188} INFO - [2026-09-16T08:45:59.836+0000] {dag.py:3947} INFO - Setting next_dagrun for steam_analytics_daily to 2026-09-16 02:00:00+00:00, run_after=2026-09-17 02:00:00+00:00
[2026-09-16T08:45:59.861+0000] {processor.py:183} INFO - Processing /opt/airflow/dags/steam_analytics.py took 0.281 seconds
[2026-09-16T08:46:30.023+0000] {processor.py:161} INFO - Started process (PID=805) to work on /opt/airflow/dags/steam_analytics.py
[2026-09-16T08:46:30.024+0000] {processor.py:830} INFO - Processing file /opt/airflow/dags/steam_analytics.py for tasks to queue
[2026-09-16T08:46:30.025+0000] {logging_mixin.py:188} INFO - [2026-09-16T08:46:30.025+0000] {dagbag.py:545} INFO - Filling up the DagBag from /opt/airflow/dags/steam_analytics.py
[2026-09-16T08:46:30.189+0000] {processor.py:840} INFO - DAG(s) 'steam_analytics_daily' retrieved from /opt/airflow/dags/steam_analytics.py
[2026-09-16T08:46:30.231+0000] {logging_mixin.py:188} INFO - [2026-09-16T08:46:30.230+0000] {dag.py:3089} INFO - Sync 1 DAGs
[2026-09-16T08:46:30.254+0000] {logging_mixin.py:188} INFO - [2026-09-16T08:46:30.254+0000] {dag.py:3947} INFO - Setting next_dagrun for steam_analytics_daily to 2026-09-16 02:00:00+00:00, run_after=2026-09-17 02:00:00+00:00
[2026-09-16T08:46:30.273+0000] {processor.py:183} INFO - Processing /opt/airflow/dags/steam_analytics.py took 0.255 seconds
[2026-09-16T08:47:00.426+0000] {processor.py:161} INFO - Started process (PID=810) to work on /opt/airflow/dags/steam_analytics.py
[2026-09-16T08:47:00.426+0000] {processor.py:830} INFO - Processing file /opt/airflow/dags/steam_analytics.py for tasks to queue
[2026-09-16T08:47:00.428+0000] {logging_mixin.py:188} INFO - [2026-09-16T08:47:00.428+0000] {dagbag.py:545} INFO - Filling up the DagBag from /opt/airflow/dags/steam_analytics.py
[2026-09-16T08:47:00.579+0000] {processor.py:840} INFO - DAG(s) 'steam_analytics_daily' retrieved from /opt/airflow/dags/steam_analytics.py
[2026-09-16T08:47:00.609+0000] {logging_mixin.py:188} INFO - [2026-09-16T08:47:00.608+0000] {dag.py:3089} INFO - Sync 1 DAGs
[2026-09-16T08:47:00.632+0000] {logging_mixin.py:188} INFO - [2026-09-16T08:47:00.632+0000] {dag.py:3947} INFO - Setting next_dagrun for steam_analytics_daily to 2026-09-16 02:00:00+00:00, run_after=2026-09-17 02:00:00+00:00
[2026-09-16T08:47:00.655+0000] {processor.py:183} INFO - Processing /opt/airflow/dags/steam_analytics.py took 0.234 seconds
[2026-09-16T08:47:30.794+0000] {processor.py:161} INFO - Started process (PID=815) to work on /opt/airflow/dags/steam_analytics.py
[2026-09-16T08:47:30.795+0000] {processor.py:830} INFO - Processing file /opt/airflow/dags/steam_analytics.py for tasks to queue
[2026-09-16T08:47:30.797+0000] {logging_mixin.py:188} INFO - [2026-09-16T08:47:30.796+0000] {dagbag.py:545} INFO - Filling up the DagBag from /opt/airflow/dags/steam_analytics.py
[2026-09-16T08:47:30.949+0000] {processor.py:840} INFO - DAG(s) 'steam_analytics_daily' retrieved from /opt/airflow/dags/steam_analytics.py
[2026-09-16T08:47:30.984+0000] {logging_mixin.py:188} INFO - [2026-09-16T08:47:30.984+0000] {dag.py:3089} INFO - Sync 1 DAGs
[2026-09-16T08:47:31.010+0000] {logging_mixin.py:188} INFO - [2026-09-16T08:47:31.010+0000] {dag.py:3947} INFO - Setting next_dagrun for steam_analytics_daily to 2026-09-16 02:00:00+00:00, run_after=2026-09-17 02:00:00+00:00
[2026-09-16T08:47:31.036+0000] {processor.py:183} INFO - Processing /opt/airflow/dags/steam_analytics.py took 0.247 seconds
[2026-09-16T08:48:01.171+0000] {processor.py:161} INFO - Started process (PID=820) to work on /opt/airflow/dags/steam_analytics.py
[2026-09-16T08:48:01.171+0000] {processor.py:830} INFO - Processing file /opt/airflow/dags/steam_analytics.py for tasks to queue
[2026-09-16T08:48:01.173+0000] {logging_mixin.py:188} INFO - [2026-09-16T08:48:01.173+0000] {dagbag.py:545} INFO - Filling up the DagBag from /opt/airflow/dags/steam_analytics.py
[2026-09-16T08:48:01.305+0000] {processor.py:840} INFO - DAG(s) 'steam_analytics_daily' retrieved from /opt/airflow/dags/steam_analytics.py
[2026-09-16T08:48:01.331+0000] {logging_mixin.py:188} INFO - [2026-09-16T08:48:01.331+0000] {dag.py:3089} INFO - Sync 1 DAGs
[2026-09-16T08:48:01.354+0000] {logging_mixin.py:188} INFO - [2026-09-16T08:48:01.354+0000] {dag.py:3947} INFO - Setting next_dagrun for steam_analytics_daily to 2026-09-16 02:00:00+00:00, run_after=2026-09-17 02:00:00+00:00
[2026-09-16T08:48:01.370+0000] {processor.py:183} INFO - Processing /opt/airflow/dags/steam_analytics.py took 0.204 seconds
[2026-09-16T08:48:31.495+0000] {processor.py:161} INFO - Started process (PID=825) to work on /opt/airflow/dags/steam_analytics.py
[2026-09-16T08:48:31.496+0000] {processor.py:830} INFO - Processing file /opt/airflow/dags/steam_analytics.py for tasks to queue
[2026-09-16T08:48:31.497+0000] {logging_mixin.py:188} INFO - [2026-09-16T08:48:31.497+0000] {dagbag.py:545} INFO - Filling up the DagBag from /opt/airflow/dags/steam_analytics.py
[2026-09-16T08:48:31.628+0000] {processor.py:840} INFO - DAG(s) 'steam_analytics_daily' retrieved from /opt/airflow/dags/steam_analytics.py
[2026-09-16T08:48:31.654+0000] {logging_mixin.py:188} INFO - [2026-09-16T08:48:31.654+0000] {dag.py:3089} INFO - Sync 1 DAGs
[2026-09-16T08:48:31.673+0000] {logging_mixin.py:188} INFO - [2026-09-16T08:48:31.673+0000] {dag.py:3947} INFO - Setting next_dagrun for steam_analytics_daily to 2026-09-16 02:00:00+00:00, run_after=2026-09-17 02:00:00+00:00
[2026-09-16T08:48:31.689+0000] {processor.py:183} INFO - Processing /opt/airflow/dags/steam_analytics.py took 0.199 seconds
[2026-09-16T08:49:01.811+0000] {processor.py:161} INFO - Started process (PID=830) to work on /opt/airflow/dags/steam_analytics.py
[2026-09-16T08:49:01.812+0000] {processor.py:830} INFO - Processing file /opt/airflow/dags/steam_analytics.py for tasks to queue
[2026-09-16T08:49:01.813+0000] {logging_mixin.py:188} INFO - [2026-09-16T08:49:01.813+0000] {dagbag.py:545} INFO - Filling up the DagBag from /opt/airflow/dags/steam_analytics.py
[2026-09-16T08:49:01.944+0000] {processor.py:840} INFO - DAG(s) 'steam_analytics_daily' retrieved from /opt/airflow/dags/steam_analytics.py
[2026-09-16T08:49:01.970+0000] {logging_mixin.py:188} INFO - [2026-09-16T08:49:01.970+0000] {dag.py:3089} INFO - Sync 1 DAGs
[2026-09-16T08:49:01.990+0000] {logging_mixin.py:188} INFO - [2026-09-16T08:49:01.989+0000] {dag.py:3947} INFO - Setting next_dagrun for steam_analytics_daily to 2026-09-16 02:00:00+00:00, run_after=2026-09-17 02:00:00+00:00
[2026-09-16T08:49:02.006+0000] {processor.py:183} INFO - Processing /opt/airflow/dags/steam_analytics.py took 0.200 seconds
[2026-09-16T08:49:32.135+0000] {processor.py:161} INFO - Started process (PID=835) to work on /opt/airflow/dags/steam_analytics.py
[2026-09-16T08:49:32.136+0000] {processor.py:830} INFO - Processing file /opt/airflow/dags/steam_analytics.py for tasks to queue
[2026-09-16T08:49:32.137+0000] {logging_mixin.py:188} INFO - [2026-09-16T08:49:32.137+0000] {dagbag.py:545} INFO - Filling up the DagBag from /opt/airflow/dags/steam_analytics.py
[2026-09-16T08:49:32.280+0000] {processor.py:840} INFO - DAG(s) 'steam_analytics_daily' retrieved from /opt/airflow/dags/steam_analytics.py
[2026-09-16T08:49:32.308+0000] {logging_mixin.py:188} INFO - [2026-09-16T08:49:32.307+0000] {dag.py:3089} INFO - Sync 1 DAGs
[2026-09-16T08:49:32.329+0000] {logging_mixin.py:188} INFO - [2026-09-16T08:49:32.328+0000] {dag.py:3947} INFO - Setting next_dagrun for steam_analytics_daily to 2026-09-16 02:00:00+00:00, run_after=2026-09-17 02:00:00+00:00
[2026-09-16T08:49:32.348+0000] {processor.py:183} INFO - Processing /opt/airflow/dags/steam_analytics.py took 0.217 seconds
[2026-09-16T08:50:02.472+0000] {processor.py:161} INFO - Started process (PID=840) to work on /opt/airflow/dags/steam_analytics.py
[2026-09-16T08:50:02.473+0000] {processor.py:830} INFO - Processing file /opt/airflow/dags/steam_analytics.py for tasks to queue
[2026-09-16T08:50:02.474+0000] {logging_mixin.py:188} INFO - [2026-09-16T08:50:02.474+0000] {dagbag.py:545} INFO - Filling up the DagBag from /opt/airflow/dags/steam_analytics.py
[2026-09-16T08:50:02.620+0000] {processor.py:840} INFO - DAG(s) 'steam_analytics_daily' retrieved from /opt/airflow/dags/steam_analytics.py
[2026-09-16T08:50:02.648+0000] {logging_mixin.py:188} INFO - [2026-09-16T08:50:02.647+0000] {dag.py:3089} INFO - Sync 1 DAGs
[2026-09-16T08:50:02.678+0000] {logging_mixin.py:188} INFO - [2026-09-16T08:50:02.677+0000] {dag.py:3947} INFO - Setting next_dagrun for steam_analytics_daily to 2026-09-16 02:00:00+00:00, run_after=2026-09-17 02:00:00+00:00
[2026-09-16T08:50:02.698+0000] {processor.py:183} INFO - Processing /opt/airflow/dags/steam_analytics.py took 0.232 seconds
[2026-09-16T08:50:32.826+0000] {processor.py:161} INFO - Started process (PID=845) to work on /opt/airflow/dags/steam_analytics.py
[2026-09-16T08:50:32.827+0000] {processor.py:830} INFO - Processing file /opt/airflow/dags/steam_analytics.py for tasks to queue
[2026-09-16T08:50:32.828+0000] {logging_mixin.py:188} INFO - [2026-09-16T08:50:32.828+0000] {dagbag.py:545} INFO - Filling up the DagBag from /opt/airflow/dags/steam_analytics.py
[2026-09-16T08:50:32.960+0000] {processor.py:840} INFO - DAG(s) 'steam_analytics_daily' retrieved from /opt/airflow/dags/steam_analytics.py
[2026-09-16T08:50:32.986+0000] {logging_mixin.py:188} INFO - [2026-09-16T08:50:32.985+0000] {dag.py:3089} INFO - Sync 1 DAGs
[2026-09-16T08:50:33.006+0000] {logging_mixin.py:188} INFO - [2026-09-16T08:50:33.005+0000] {dag.py:3947} INFO - Setting next_dagrun for steam_analytics_daily to 2026-09-16 02:00:00+00:00, run_after=2026-09-17 02:00:00+00:00
[2026-09-16T08:50:33.023+0000] {processor.py:183} INFO - Processing /opt/airflow/dags/steam_analytics.py took 0.201 seconds
[2026-09-16T08:51:03.153+0000] {processor.py:161} INFO - Started process (PID=850) to work on /opt/airflow/dags/steam_analytics.py
[2026-09-16T08:51:03.153+0000] {processor.py:830} INFO - Processing file /opt/airflow/dags/steam_analytics.py for tasks to queue
[2026-09-16T08:51:03.155+0000] {logging_mixin.py:188} INFO - [2026-09-16T08:51:03.154+0000] {dagbag.py:545} INFO - Filling up the DagBag from /opt/airflow/dags/steam_analytics.py
[2026-09-16T08:51:03.289+0000] {processor.py:840} INFO - DAG(s) 'steam_analytics_daily' retrieved from /opt/airflow/dags/steam_analytics.py
[2026-09-16T08:51:03.319+0000] {logging_mixin.py:188} INFO - [2026-09-16T08:51:03.318+0000] {dag.py:3089} INFO - Sync 1 DAGs
[2026-09-16T08:51:03.340+0000] {logging_mixin.py:188} INFO - [2026-09-16T08:51:03.340+0000] {dag.py:3947} INFO - Setting next_dagrun for steam_analytics_daily to 2026-09-16 02:00:00+00:00, run_after=2026-09-17 02:00:00+00:00
[2026-09-16T08:51:03.358+0000] {processor.py:183} INFO - Processing /opt/airflow/dags/steam_analytics.py took 0.210 seconds
[2026-09-16T08:51:33.487+0000] {processor.py:161} INFO - Started process (PID=855) to work on /opt/airflow/dags/steam_analytics.py
[2026-09-16T08:51:33.488+0000] {processor.py:830} INFO - Processing file /opt/airflow/dags/steam_analytics.py for tasks to queue
[2026-09-16T08:51:33.490+0000] {logging_mixin.py:188} INFO - [2026-09-16T08:51:33.489+0000] {dagbag.py:545} INFO - Filling up the DagBag from /opt/airflow/dags/steam_analytics.py
[2026-09-16T08:51:33.619+0000] {processor.py:840} INFO - DAG(s) 'steam_analytics_daily' retrieved from /opt/airflow/dags/steam_analytics.py
[2026-09-16T08:51:33.643+0000] {logging_mixin.py:188} INFO - [2026-09-16T08:51:33.643+0000] {dag.py:3089} INFO - Sync 1 DAGs
[2026-09-16T08:51:33.662+0000] {logging_mixin.py:188} INFO - [2026-09-16T08:51:33.662+0000] {dag.py:3947} INFO - Setting next_dagrun for steam_analytics_daily to 2026-09-16 02:00:00+00:00, run_after=2026-09-17 02:00:00+00:00
[2026-09-16T08:51:33.679+0000] {processor.py:183} INFO - Processing /opt/airflow/dags/steam_analytics.py took 0.196 seconds
[2026-09-16T08:52:03.802+0000] {processor.py:161} INFO - Started process (PID=860) to work on /opt/airflow/dags/steam_analytics.py
[2026-09-16T08:52:03.803+0000] {processor.py:830} INFO - Processing file /opt/airflow/dags/steam_analytics.py for tasks to queue
[2026-09-16T08:52:03.804+0000] {logging_mixin.py:188} INFO - [2026-09-16T08:52:03.804+0000] {dagbag.py:545} INFO - Filling up the DagBag from /opt/airflow/dags/steam_analytics.py
[2026-09-16T08:52:03.933+0000] {processor.py:840} INFO - DAG(s) 'steam_analytics_daily' retrieved from /opt/airflow/dags/steam_analytics.py
[2026-09-16T08:52:03.958+0000] {logging_mixin.py:188} INFO - [2026-09-16T08:52:03.957+0000] {dag.py:3089} INFO - Sync 1 DAGs
[2026-09-16T08:52:03.978+0000] {logging_mixin.py:188} INFO - [2026-09-16T08:52:03.977+0000] {dag.py:3947} INFO - Setting next_dagrun for steam_analytics_daily to 2026-09-16 02:00:00+00:00, run_after=2026-09-17 02:00:00+00:00
[2026-09-16T08:52:03.993+0000] {processor.py:183} INFO - Processing /opt/airflow/dags/steam_analytics.py took 0.196 seconds
[2026-09-16T08:52:34.116+0000] {processor.py:161} INFO - Started process (PID=865) to work on /opt/airflow/dags/steam_analytics.py
[2026-09-16T08:52:34.117+0000] {processor.py:830} INFO - Processing file /opt/airflow/dags/steam_analytics.py for tasks to queue
[2026-09-16T08:52:34.118+0000] {logging_mixin.py:188} INFO - [2026-09-16T08:52:34.118+0000] {dagbag.py:545} INFO - Filling up the DagBag from /opt/airflow/dags/steam_analytics.py
[2026-09-16T08:52:34.253+0000] {processor.py:840} INFO - DAG(s) 'steam_analytics_daily' retrieved from /opt/airflow/dags/steam_analytics.py
[2026-09-16T08:52:34.278+0000] {logging_mixin.py:188} INFO - [2026-09-16T08:52:34.278+0000] {dag.py:3089} INFO - Sync 1 DAGs
[2026-09-16T08:52:34.298+0000] {logging_mixin.py:188} INFO - [2026-09-16T08:52:34.298+0000] {dag.py:3947} INFO - Setting next_dagrun for steam_analytics_daily to 2026-09-16 02:00:00+00:00, run_after=2026-09-17 02:00:00+00:00
[2026-09-16T08:52:34.313+0000] {processor.py:183} INFO - Processing /opt/airflow/dags/steam_analytics.py took 0.202 seconds
[2026-09-16T08:53:04.437+0000] {processor.py:161} INFO - Started process (PID=870) to work on /opt/airflow/dags/steam_analytics.py
[2026-09-16T08:53:04.438+0000] {processor.py:830} INFO - Processing file /opt/airflow/dags/steam_analytics.py for tasks to queue
[2026-09-16T08:53:04.440+0000] {logging_mixin.py:188} INFO - [2026-09-16T08:53:04.439+0000] {dagbag.py:545} INFO - Filling up the DagBag from /opt/airflow/dags/steam_analytics.py
[2026-09-16T08:53:04.573+0000] {processor.py:840} INFO - DAG(s) 'steam_analytics_daily' retrieved from /opt/airflow/dags/steam_analytics.py
[2026-09-16T08:53:04.601+0000] {logging_mixin.py:188} INFO - [2026-09-16T08:53:04.601+0000] {dag.py:3089} INFO - Sync 1 DAGs
[2026-09-16T08:53:04.622+0000] {logging_mixin.py:188} INFO - [2026-09-16T08:53:04.622+0000] {dag.py:3947} INFO - Setting next_dagrun for steam_analytics_daily to 2026-09-16 02:00:00+00:00, run_after=2026-09-17 02:00:00+00:00
[2026-09-16T08:53:04.639+0000] {processor.py:183} INFO - Processing /opt/airflow/dags/steam_analytics.py took 0.206 seconds
[2026-09-16T08:53:34.762+0000] {processor.py:161} INFO - Started process (PID=875) to work on /opt/airflow/dags/steam_analytics.py
[2026-09-16T08:53:34.763+0000] {processor.py:830} INFO - Processing file /opt/airflow/dags/steam_analytics.py for tasks to queue
[2026-09-16T08:53:34.764+0000] {logging_mixin.py:188} INFO - [2026-09-16T08:53:34.764+0000] {dagbag.py:545} INFO - Filling up the DagBag from /opt/airflow/dags/steam_analytics.py
[2026-09-16T08:53:34.897+0000] {processor.py:840} INFO - DAG(s) 'steam_analytics_daily' retrieved from /opt/airflow/dags/steam_analytics.py
[2026-09-16T08:53:34.923+0000] {logging_mixin.py:188} INFO - [2026-09-16T08:53:34.922+0000] {dag.py:3089} INFO - Sync 1 DAGs
[2026-09-16T08:53:34.942+0000] {logging_mixin.py:188} INFO - [2026-09-16T08:53:34.942+0000] {dag.py:3947} INFO - Setting next_dagrun for steam_analytics_daily to 2026-09-16 02:00:00+00:00, run_after=2026-09-17 02:00:00+00:00
[2026-09-16T08:53:34.959+0000] {processor.py:183} INFO - Processing /opt/airflow/dags/steam_analytics.py took 0.201 seconds
